rank,cfg_id,filter,lookback,threshold_pct,buy_leverage,sell_leverage,pure_cagr,pure_sharpe,pure_max_drawdown,pure_calmar,pure_sortino,pure_volatility,pure_n_switches,tax15_cagr,tax15_sharpe,tax15_max_drawdown,tax15_calmar,tax15_sortino,tax15_volatility,tax15_n_switches,tax_drag_cagr,composite_pure,g1_pbo,g2_dsr,g3_walk_forward,g4_oos_sharpe,g5_fwd_stress,g6_bootstrap_ci,g7_cross_lib,gates_passed
1,EMA_N150_th5_bL3_sL0,EMA,150,0.05,3.0,0.0,0.27670974350973787,0.8433518671096548,0.5398373914171773,0.5125798025648453,1.1784359538004283,0.37346175800224085,25,0.2502874105580801,0.781552464060139,0.575551022210072,0.4348657215428018,1.0745758318484526,0.380193659650931,25,0.026422332951657745,0.9760416666666667,True,True,False,True,True,True,True,6
2,EMA_N150_th5_bL2_sL0,EMA,150,0.05,2.0,0.0,0.1923292415766995,0.8320202200606628,0.3904781772706746,0.4925479905715174,1.1618719598708318,0.2490177256991199,25,0.17205876303614365,0.7512377024622998,0.4501192285429218,0.38225152831865017,1.025370375673781,0.25548206231368475,25,0.02027047854055586,0.9682291666666668,True,True,False,True,True,True,True,6
3,EMA_N100_th5_bL3_sL0,EMA,100,0.05,3.0,0.0,0.2674114834118788,0.8344556884423305,0.6275702829883345,0.4261060325204238,1.1730382989861652,0.36438205522325995,32,0.23664125239131883,0.7603949080416721,0.6607679632394283,0.3581306382215934,1.049792012885742,0.37159031457651737,32,0.03077023102055998,0.9598958333333334,True,True,False,True,True,True,True,6
4,SMA_N200_th2_bL3_sL0,SMA,200,0.02,3.0,0.0,0.24709671569284297,0.7915244722309769,0.5756035213286743,0.4292828423329758,1.1062814262138925,0.36339397154626896,56,0.21417086711856403,0.7130117034800512,0.5863301465044307,0.36527350400691977,0.9823629307352008,0.36921961930554253,56,0.03292584857427894,0.9598958333333334,True,True,False,True,True,True,True,6
5,EMA_N100_th5_bL2_sL0,EMA,100,0.05,2.0,0.0,0.18554558495177997,0.8228512311521098,0.4762523148182948,0.3895951351387582,1.1559614097382118,0.24296736284606194,32,0.16244686138510822,0.7294830985131101,0.5134084071986322,0.31640865071042606,1.000098151738784,0.24957375216525746,32,0.023098723566671753,0.9583333333333335,True,True,False,True,True,True,True,6
6,SMA_N150_th5_bL3_sL0,SMA,150,0.05,3.0,0.0,0.2567977175414138,0.8039044407111787,0.6203411224075822,0.4139621061147228,1.1246475526909687,0.37093851518698007,31,0.2304151640420966,0.7417837489118094,0.6304917670966642,0.3654530892657483,1.0230466250810513,0.3767956213065047,31,0.026382553499317174,0.9578125000000001,True,True,False,True,True,True,True,6
7,SMA_N150_th5_bL2_sL0,SMA,150,0.05,2.0,0.0,0.17953829921834186,0.7922540279185106,0.44923352057004506,0.3996547252095539,1.1076373207925183,0.24733766845067767,31,0.15924980053629811,0.7123949648656536,0.4669820436416345,0.34101910920263906,0.9764515827295046,0.2528454301989748,31,0.020288498682043743,0.9557291666666667,True,True,False,True,True,True,True,6
8,SMA_N200_th2_bL2_sL0,SMA,200,0.02,2.0,0.0,0.1723946684307749,0.7784598993731179,0.42396636550785316,0.4066234551985507,1.0872579952478294,0.2423222329683376,56,0.14780080968230358,0.6818717773147159,0.4351829797678479,0.3396291136228471,0.9341843043672156,0.24761041306819193,56,0.02459385874847131,0.9484375,True,True,False,True,True,True,True,6
9,EMA_N150_th5_bL3_sL-1,EMA,150,0.05,3.0,-1.0,0.24450430076777052,0.7514912395394138,0.6226314857160353,0.3926950473546756,1.051967586224378,0.39729289963930964,25,0.21757427907211557,0.6931214019909303,0.6443084091837634,0.33768654261046765,0.9561871212368883,0.4036894711066928,25,0.02693002169565495,0.9463541666666668,True,True,False,True,True,True,True,6
10,EMA_N200_th2_bL3_sL0,EMA,200,0.02,3.0,0.0,0.21307164132094858,0.7104079187851533,0.6329379881188306,0.3366390473010218,0.988784926288674,0.36847663274642906,78,0.18029550913817638,0.6322369864335895,0.6670284784544616,0.27029656897997834,0.8662073298864318,0.3750838699553751,78,0.0327761321827722,0.9239583333333333,True,False,False,True,True,True,True,5
11,EMA_N100_th5_bL3_sL-1,EMA,100,0.05,3.0,-1.0,0.23078282091123103,0.7292246694427105,0.686176341363986,0.3363316497512569,1.0271131957107793,0.3898762243610234,32,0.19943234319445002,0.6594537232406874,0.7141499884677167,0.27925834406628347,0.9138655059355578,0.39672187249828017,32,0.03135047771678101,0.9234375000000001,True,False,False,True,True,True,True,5
12,SMA_N200_th0_bL3_sL0,SMA,200,0.0,3.0,0.0,0.22091599334848122,0.7374833966879619,0.7028933266986126,0.314295192395824,1.0292027518410949,0.35890986134136654,236,0.18122983684623972,0.6398959293816694,0.7176196375838548,0.25254302886194746,0.8741544538896739,0.3676371167289103,236,0.0396861565022415,0.9234375,True,True,False,True,True,True,True,6
13,SMA_N100_th5_bL3_sL0,SMA,100,0.05,3.0,0.0,0.2258459211720405,0.7429501558942435,0.7362974648123558,0.3067319011204214,1.035101187140749,0.36453612355520876,43,0.19574791513483003,0.6700991355472582,0.7436390289848657,0.26322974925353715,0.9172246703771361,0.3718504728533637,43,0.030098006037210467,0.9197916666666667,True,True,False,True,True,True,True,6
14,SMA_N150_th5_bL3_sL-1,SMA,150,0.05,3.0,-1.0,0.2181594675168239,0.6989499392709329,0.6726198209544081,0.3243429062308459,0.9796186852305484,0.39520900593569513,31,0.1915091156433033,0.6403926313594479,0.6924593354478485,0.27656369961341437,0.8860421724078461,0.4007844011417975,31,0.026650351873520606,0.9145833333333334,True,False,False,True,True,True,True,5
15,EMA_N200_th0_bL3_sL0,EMA,200,0.0,3.0,0.0,0.20514185964960485,0.6947265210703871,0.6616901961453183,0.310027050188533,0.9656714070664922,0.36605854633295337,276,0.1664324709079672,0.6016186116487278,0.6850310419923816,0.24295610082706023,0.8206419193218089,0.3740019332312947,276,0.03870938874163765,0.9130208333333334,True,False,False,True,True,True,True,5
16,SMA_N200_th5_bL2_sL0,SMA,200,0.05,2.0,0.0,0.16908984229356006,0.7415693883296566,0.633011821543756,0.26711956481506555,1.0062298196133537,0.256485914866855,25,0.1508790977346397,0.6718090316267056,0.633011821543756,0.23835115332709533,0.8951818127336607,0.2624011350171341,25,0.018210744558920355,0.9130208333333334,True,False,False,True,True,True,True,5
17,SMA_N100_th5_bL2_sL0,SMA,100,0.05,2.0,0.0,0.1593247832514102,0.7306234937522958,0.5623616119448593,0.28331376087426163,1.0172104294440796,0.24308472474112008,43,0.13669485843957374,0.6396789099415984,0.5725117002889979,0.23876343203216915,0.8697870279216101,0.24971344356069966,43,0.022629924811836455,0.9125,True,False,False,True,True,True,True,5
18,EMA_N150_th5_bL2_sL-1,EMA,150,0.05,2.0,-1.0,0.16225232604098094,0.6730169893997732,0.501387878401682,0.32360639941716757,0.9432139322502232,0.2834850362548081,25,0.14139244415562002,0.6035708604554477,0.539195576869478,0.26222849411438437,0.8304206322043705,0.28926558522613,25,0.02085988188536092,0.9088541666666667,True,False,False,True,True,True,True,5
19,EMA_N200_th5_bL2_sL0,EMA,200,0.05,2.0,0.0,0.16755863557465478,0.7327583265921253,0.6364952410973886,0.2632519848628641,0.9925698597781185,0.25851738903238963,25,0.14990520509646132,0.6654784268828847,0.6364952410973886,0.2355166157063611,0.8852882703923548,0.26449686366404385,25,0.017653430478193455,0.9072916666666667,True,False,False,True,True,True,True,5
20,SMA_N200_th0_bL2_sL0,SMA,200,0.0,2.0,0.0,0.15284189042577512,0.7144597303184673,0.5417797151725168,0.28211076595421497,0.9957992752118963,0.23948917108678835,236,0.12415931366013844,0.59895000276905,0.5596177676985131,0.22186449542293243,0.8128076527992147,0.24690787167536157,236,0.02868257676563668,0.9067708333333333,True,False,False,True,True,True,True,5
21,EMA_N200_th2_bL2_sL0,EMA,200,0.02,2.0,0.0,0.15103445153520068,0.6961255765024867,0.48222969697344176,0.3132002290259588,0.968139787610018,0.24573761273920722,78,0.12640143401513937,0.6002019636789986,0.520662251793272,0.24277049772628195,0.8175960645181025,0.2516164479423861,78,0.024633017520061307,0.9057291666666667,True,False,False,True,True,True,True,5
22,SMA_N200_th2_bL3_sL-1,SMA,200,0.02,3.0,-1.0,0.20509456463627185,0.6761709379765579,0.6721102356759815,0.3051501877961968,0.9467698745203772,0.3887808019393687,56,0.17195109670595232,0.6020917129587732,0.7073220075919098,0.243101578715701,0.8322856704011146,0.3942909423277178,56,0.033143467930319526,0.9057291666666667,True,False,False,True,True,True,True,5
23,SMA_N200_th5_bL3_sL0,SMA,200,0.05,3.0,0.0,0.2347847963038625,0.7524981745454705,0.8138219722669143,0.28849650698157686,1.0216809073777804,0.38463938719327406,25,0.21151971128365488,0.6994688078736991,0.8138219722669143,0.25990906917204915,0.937676764833967,0.39075776082650754,25,0.023265085020207632,0.9020833333333333,True,True,False,True,True,True,True,6
24,EMA_N150_th5_bL1_sL0,EMA,150,0.05,1.0,0.0,0.09595031868094273,0.7980367297773072,0.21204906239102603,0.45249112445499484,1.1123070242445623,0.1245755881347385,25,0.0843163721775484,0.690048788843128,0.2811969521035099,0.2998481012927592,0.9293327139970802,0.129619684916473,25,0.011633946503394332,0.8999999999999999,True,True,False,True,True,True,True,6
25,EMA_N200_th5_bL3_sL0,EMA,200,0.05,3.0,0.0,0.2318726005337528,0.7436792819013845,0.8163016742556133,0.28405258478147527,1.0079748821836734,0.3876844845156104,25,0.20942078267279896,0.6928633153524941,0.8163016742556133,0.2565482704219247,0.9272823257269722,0.39386306321700987,25,0.02245181786095385,0.8979166666666667,True,True,False,True,True,True,True,6
26,EMA_N200_th0_bL2_sL0,EMA,200,0.0,2.0,0.0,0.14291245361186045,0.6697866642991925,0.5015622663986375,0.2849346196595156,0.9297114712572873,0.2442959200337158,276,0.11461690925106871,0.5590433380365624,0.5360781288014435,0.21380635227056868,0.7574552918019214,0.2512222696603808,276,0.028295544360791736,0.890625,True,False,False,True,True,True,True,5
27,EMA_N100_th5_bL1_sL0,EMA,100,0.05,1.0,0.0,0.09240036247827454,0.7880481434415199,0.27440831163191487,0.33672581536895396,1.1048612771271953,0.12155514779799582,32,0.07958657016078097,0.670066476760799,0.3053158005157014,0.26066967391256285,0.9082529302778432,0.12627639887424286,32,0.012813792317493577,0.8885416666666668,True,True,False,True,True,True,True,6
28,SMA_N150_th2_bL2_sL0,SMA,150,0.02,2.0,0.0,0.15472638757899393,0.7198746224806105,0.6916219331267149,0.22371527010356662,1.0053975406852962,0.2401807909970768,80,0.12874276219836767,0.6153559231877702,0.7019310956221938,0.18341225086238658,0.8387495315099238,0.24686390673711442,80,0.025983625380626263,0.8864583333333333,True,False,False,True,True,True,True,5
29,EMA_N150_th2_bL3_sL0,EMA,150,0.02,3.0,0.0,0.19944040327503987,0.6837390324487751,0.7739426328423745,0.2576940393405864,0.9475632094428075,0.3639330798646704,94,0.16546334425436693,0.6010125743965116,0.7858222371499645,0.21056078134728362,0.816941713846171,0.37213762611714474,94,0.03397705902067294,0.8854166666666667,True,False,False,True,True,True,True,5
30,SMA_N150_th2_bL3_sL0,SMA,150,0.02,3.0,0.0,0.22008815144839677,0.7342832400662378,0.8389195711461436,0.26234714151168187,1.0263945059082515,0.3601257031130932,80,0.18471396218783176,0.6474587127615739,0.8458003545804338,0.21838955397395243,0.8878249730748358,0.3678998099101036,80,0.035374189260565014,0.8848958333333334,True,True,False,True,True,True,True,6
31,EMA_N100_th5_bL2_sL-1,EMA,100,0.05,2.0,-1.0,0.15128287731603152,0.6441067489872703,0.5586699791716201,0.2707911342226576,0.9083505985253725,0.2797248686135207,32,0.12747036385373178,0.5641191615330646,0.5899791371651794,0.21605910416802293,0.7801845837111134,0.2856208011576865,32,0.023812513462299734,0.8848958333333333,True,False,False,True,True,True,True,5
32,SMA_N150_th5_bL1_sL0,SMA,150,0.05,1.0,0.0,0.08983203210255497,0.7573140142931832,0.24483401789235273,0.36690992892193525,1.0567363738135447,0.12373917135269408,31,0.0781124681572698,0.6523047356290846,0.2787433867170083,0.2802307494260761,0.8839164176116734,0.12794445134051463,31,0.011719563945285172,0.8828125000000001,True,True,False,True,True,True,True,6
33,SMA_N150_th5_bL2_sL-1,SMA,150,0.05,2.0,-1.0,0.14327526732174234,0.6160873236483796,0.5512113769870499,0.25992799369434716,0.8644849671242739,0.2824055105762534,31,0.12259401949261295,0.5473748333184207,0.5686434719215707,0.21559030490289624,0.7558877014188429,0.28734298783566176,31,0.02068124782912939,0.8734375000000001,True,False,False,True,True,True,True,5
34,EMA_N150_th2_bL2_sL0,EMA,150,0.02,2.0,0.0,0.14178884010347614,0.6685225424002796,0.6146042844437389,0.23069940072384174,0.9256446913063101,0.24273789758843498,94,0.11662467253045938,0.5680472782897336,0.6303204379527003,0.1850244185469534,0.7670193169726089,0.24996393845623394,94,0.02516416757301676,0.8729166666666668,True,False,False,True,True,True,True,5
35,EMA_N150_th5_bL3_sL-2,EMA,150,0.05,3.0,-2.0,0.19329872552638183,0.6158152365808556,0.7378724417984267,0.2619676716144218,0.8651831238784461,0.46133838809037414,25,0.16778719743908432,0.5689327458079075,0.7569034349022772,0.2216758303663229,0.7904739745558376,0.4668507899043549,25,0.025511528087297508,0.8729166666666668,True,False,False,True,True,True,True,5
36,SMA_N200_th2_bL1_sL0,SMA,200,0.02,1.0,0.0,0.08573977508761677,0.7392787089169955,0.23581127149415682,0.36359489749726115,1.0303333380011788,0.1212547575947952,56,0.07219523023135355,0.6205010448350895,0.2442015074306304,0.29563793848349534,0.8420121911123662,0.12501486529473338,56,0.013544544856263219,0.8687500000000001,True,True,False,True,True,True,True,6
37,SMA_N200_th0_bL3_sL-1,SMA,200,0.0,3.0,-1.0,0.17314310642998398,0.6087832094398407,0.727593731822037,0.2379667372840057,0.8510788158667744,0.3852422947524358,236,0.1332406833901023,0.5173540002529232,0.7987053405507932,0.16682082443347446,0.7095912135452275,0.39348751562184586,236,0.039902423039881674,0.8635416666666668,True,False,False,True,True,True,True,5
38,SMA_N100_th5_bL3_sL-1,SMA,100,0.05,3.0,-1.0,0.17761434380887176,0.6160091861172821,0.7651718007012532,0.23212348344005151,0.8601395322021617,0.3900432576641995,43,0.14737855323861937,0.547902154759753,0.7937067254501102,0.18568389118164666,0.7529877353082937,0.39695482835774787,43,0.030235790570252385,0.8635416666666667,True,False,False,True,True,True,True,5
39,SMA_N150_th0_bL3_sL0,SMA,150,0.0,3.0,0.0,0.17794540011035642,0.6411100948424469,0.8007855284896581,0.22221355628887907,0.8888356107707619,0.3545708235005045,352,0.13622600755169545,0.5363886965419375,0.8124651185849996,0.16766997676029285,0.7297656986218233,0.36236068317028475,352,0.04171939255866097,0.8578125000000001,True,False,False,True,True,True,True,5
40,EMA_N150_th0_bL3_sL0,EMA,150,0.0,3.0,0.0,0.17413351591641257,0.6290674545377198,0.7896490041068289,0.22052014883926155,0.8691086428121318,0.3585226522718446,368,0.13100158793769912,0.5219562172276092,0.8193019532678013,0.15989414820164508,0.7070412833326282,0.36690206719360363,368,0.04313192797871346,0.8567708333333335,True,False,False,True,True,True,True,5
41,SMA_N200_th5_bL1_sL0,SMA,200,0.05,1.0,0.0,0.0861209897147841,0.7088034460281109,0.37112178199841245,0.23205587462703148,0.960008458335757,0.12833426501306436,25,0.07549639795236396,0.6151118419965326,0.37112178199841245,0.20342755832285508,0.8104792777497193,0.13297984444499625,25,0.010624591762420144,0.8552083333333335,True,False,False,True,True,True,True,5
42,EMA_N50_th5_bL3_sL0,EMA,50,0.05,3.0,0.0,0.16379358454629012,0.6146825664843751,0.7546380241508984,0.21704920677776202,0.8565380402330263,0.3440138142210031,44,0.13927793140019173,0.5500836691690539,0.7629186541886954,0.18255934710143243,0.7549073466826569,0.3499137050035445,44,0.024515653146098382,0.8531250000000001,True,False,False,True,True,True,True,5
43,SMA_N50_th5_bL3_sL0,SMA,50,0.05,3.0,0.0,0.17061540505010053,0.6163347362481781,0.7821306895904697,0.2181418109797433,0.8506402918465392,0.364990638905455,64,0.14017591330539214,0.541832612603221,0.7990842176205832,0.17542070061500037,0.7363884771619108,0.37158427450916975,64,0.03043949174470839,0.853125,True,False,False,True,True,True,True,5
44,SMA_N200_th5_bL3_sL-1,SMA,200,0.05,3.0,-1.0,0.19454972720272656,0.6518590293619749,0.8600148933745574,0.22621669543343062,0.8864119362060442,0.40650901279420243,25,0.17085477342289135,0.6011300595301603,0.8600148933745574,0.19866490073501547,0.8079930196349826,0.412346990501809,25,0.023694953779835215,0.8515625,True,False,False,True,True,True,True,5
45,SMA_N200_th2_bL2_sL-1,SMA,200,0.02,2.0,-1.0,0.13290847835289465,0.5875721993614831,0.5633858506198632,0.23591021713921745,0.8235825162895158,0.2789192532339654,56,0.10788889285366121,0.5041455782403773,0.5999425970111628,0.17983202624909425,0.6959361854246794,0.28360846105286963,56,0.025019585499233443,0.8515625,True,False,False,True,True,True,True,5
46,EMA_N100_th5_bL3_sL-2,EMA,100,0.05,3.0,-2.0,0.17511021339650523,0.5828401243827095,0.746399742644898,0.23460647611693305,0.8240743833438866,0.45777347570689136,32,0.14515809227091614,0.5265226374644764,0.7690051897150796,0.18876087471490013,0.7354048728313269,0.46365126480836255,32,0.029952121125589093,0.8510416666666667,True,False,False,True,True,True,True,5
47,EMA_N200_th5_bL1_sL0,EMA,200,0.05,1.0,0.0,0.08552574295219006,0.7000166322793191,0.3742609025334173,0.22851904212611032,0.9464874430734395,0.12935209756511937,25,0.07518406932781074,0.6091276045944392,0.3742609025334173,0.20088678464376236,0.801298818075969,0.1340515809920473,25,0.010341673624379322,0.8505208333333334,True,False,False,True,True,True,True,5
48,EMA_N200_th2_bL3_sL-1,EMA,200,0.02,3.0,-1.0,0.1629535262153463,0.5823367670719318,0.7093671419251913,0.22971676665639965,0.8120004117912779,0.3930490220932683,78,0.13031461556459845,0.508907386360319,0.7440179677216052,0.1751498232813636,0.699603510315089,0.399303990705027,78,0.032638910650747865,0.8484375000000001,True,False,False,True,True,True,True,5
49,SMA_N100_th5_bL1_sL0,SMA,100,0.05,1.0,0.0,0.07998817601180486,0.6936616821067318,0.3239478221056149,0.24691685065790242,0.9636932877041597,0.12163660482969704,43,0.06751260347612553,0.5811369161228241,0.333280667133993,0.20256981617533365,0.7820232238855148,0.12624707336110425,43,0.012475572535679325,0.8479166666666667,True,False,False,True,True,True,True,5
50,EMA_N200_th5_bL3_sL-1,EMA,200,0.05,3.0,-1.0,0.191530599795396,0.6442863346550711,0.8627109547474535,0.22201016312753774,0.8744856069807332,0.4090763449856939,25,0.16904284188395802,0.5964220374372062,0.8627109547474535,0.19594377578460556,0.8001981850319047,0.41497707977450815,25,0.022487757911437978,0.8447916666666668,True,False,False,True,True,True,True,5
51,SMA_N50_th5_bL2_sL0,SMA,50,0.05,2.0,0.0,0.12415141329944723,0.6034468134569801,0.6226871584453144,0.1993800765209621,0.832222669786551,0.24340989937990917,64,0.1013043840124126,0.5132913561537686,0.6576716095557376,0.1540349051722706,0.6940002419263948,0.249146536274742,64,0.022847029287034637,0.8447916666666667,True,False,False,True,True,True,True,5
52,EMA_N50_th5_bL2_sL0,EMA,50,0.05,2.0,0.0,0.11840098678201083,0.6032188262394337,0.5899621060919239,0.20069252848514713,0.8399305940901408,0.22941098348433364,44,0.09994772957689557,0.5245846162245239,0.6011777335097795,0.16625321266205828,0.7161559863233147,0.2345706686991195,44,0.01845325720511526,0.8421875000000001,True,False,False,True,True,True,True,5
53,SMA_N150_th0_bL2_sL0,SMA,150,0.0,2.0,0.0,0.12363646937518391,0.611673375680642,0.6538418317213249,0.18909232076769175,0.8466479797950786,0.23669446153758408,352,0.09363302073019408,0.4909751836340924,0.6698485521622167,0.1397823738335394,0.6641076803446646,0.24315359077890814,352,0.030003448644989827,0.8401041666666668,True,False,False,True,True,True,True,5
54,EMA_N100_th0_bL3_sL0,EMA,100,0.0,3.0,0.0,0.17404006848264042,0.6345926151333046,0.862360201800427,0.20181829833900183,0.8784833231931697,0.3510220649182179,450,0.12628539372926628,0.5132988839103854,0.871984768010579,0.14482522902020942,0.6948110038280131,0.3603419107795361,450,0.04775467475337414,0.8348958333333334,True,False,False,True,True,True,True,5
55,EMA_N150_th0_bL2_sL0,EMA,150,0.0,2.0,0.0,0.12129605550174571,0.5988574297537073,0.6419148774303716,0.18895971999792555,0.8259548970413653,0.23936198428240327,368,0.0903181636556305,0.4756524102266767,0.6787585190642198,0.13306376438582154,0.6404965616281605,0.24627429901354222,368,0.030977891846115213,0.8338541666666668,True,False,False,True,True,True,True,5
56,EMA_N200_th2_bL1_sL0,EMA,200,0.02,1.0,0.0,0.07548280187760592,0.653308208021092,0.28154462722427426,0.26810244124274285,0.9064052092936934,0.12300435827358361,78,0.06183897764907442,0.5360620932742471,0.3137718938797526,0.19708259042721366,0.7231852932318362,0.12708942838276852,78,0.013643824228531498,0.8317708333333333,True,False,False,True,True,True,True,5
57,EMA_N200_th0_bL3_sL-1,EMA,200,0.0,3.0,-1.0,0.15515720008690526,0.5660022246837648,0.7229755195495111,0.21460920306621767,0.7880368056390588,0.39123301554073325,276,0.11670161313779226,0.47889459052579175,0.8238920327589041,0.14164673100066585,0.6555716290286776,0.39874507794865094,276,0.038455586949112996,0.8302083333333333,True,False,False,True,True,True,True,5
58,SMA_N200_th10_bL2_sL0,SMA,200,0.1,2.0,0.0,0.12372317872713823,0.5754017716796985,0.6424748932561545,0.19257278381742124,0.7774671685738985,0.26631429243463217,19,0.11041956329621527,0.527251902926392,0.6805542891545941,0.1622494561504886,0.7038574150514599,0.27039912156896945,19,0.013303615430922955,0.8291666666666668,True,False,False,True,True,True,True,5
59,SMA_N150_th2_bL1_sL0,SMA,150,0.02,1.0,0.0,0.07692911586115314,0.6766845157801223,0.44145610402457236,0.17426220899387793,0.9426311680313465,0.1202419184742425,80,0.06294453942997102,0.5525600149118817,0.4522282810069768,0.1391875344235712,0.7462744936799066,0.12460881885611587,80,0.013984576431182116,0.8276041666666668,True,False,False,True,True,True,True,5
60,SMA_N200_th0_bL1_sL0,SMA,200,0.0,1.0,0.0,0.07281593628846683,0.6455450405823716,0.3282656494838886,0.22182015207180752,0.8962084714429721,0.12008561549934525,236,0.057580040061600224,0.5110954565003238,0.34406966828285307,0.16734994499504902,0.6862108194352491,0.12490154363678753,236,0.015235896226866608,0.8255208333333334,True,False,False,True,True,True,True,5
61,SMA_N200_th10_bL3_sL0,SMA,200,0.1,3.0,0.0,0.1609440617010649,0.585303161920032,0.8019490781117057,0.2006911237806131,0.7912742805121978,0.39939794912795873,19,0.1449696963953575,0.5498461950637991,0.8263417212746077,0.17543552826032555,0.7374043449310258,0.40341625467968883,19,0.015974365305707394,0.8208333333333334,True,False,False,True,True,True,True,5
62,SMA_N150_th5_bL3_sL-2,SMA,150,0.05,3.0,-2.0,0.1612426706444443,0.556739237598301,0.772108965176897,0.20883408678916476,0.783154600875772,0.4602551477034973,31,0.1361759194228429,0.5095586176697912,0.7894503483875461,0.17249459665320624,0.7098112175785096,0.4650541151708253,31,0.025066751221601402,0.8192708333333334,True,False,False,True,True,True,True,5
63,SMA_N200_th5_bL2_sL-1,SMA,200,0.05,2.0,-1.0,0.13099542233396866,0.5750854021751678,0.7240658314141938,0.18091645351931293,0.78274423080761,0.2882149958280392,25,0.11224957602009522,0.5138251987574779,0.7240658314141938,0.15502675468176333,0.6889962634346337,0.2935526684815705,25,0.018745846313873438,0.8192708333333333,True,False,False,True,True,True,True,5
64,EMA_N100_th0_bL2_sL0,EMA,100,0.0,2.0,0.0,0.11945972216479239,0.599416788145384,0.7317468001011397,0.1632528111476279,0.8280892381841175,0.23444239891158192,450,0.08582699108836356,0.462782524555733,0.7465430376900114,0.11496589848849635,0.6226497202331936,0.2419107474747457,450,0.033632731076428835,0.8171875000000001,True,False,False,True,True,True,True,5
65,SMA_N150_th10_bL2_sL0,SMA,150,0.1,2.0,0.0,0.11819758858558016,0.5638160823706799,0.6118080046293108,0.19319392307917752,0.7603478628468885,0.26002762635826204,21,0.10505337200323228,0.5145825495423634,0.6118080046293108,0.17170970501911495,0.6841296111791044,0.2647970173155859,21,0.013144216582347878,0.8166666666666668,True,False,False,True,True,True,True,5
66,SMA_N150_th10_bL3_sL0,SMA,150,0.1,3.0,0.0,0.15396483808176886,0.5739922324385891,0.7966793553296876,0.19325822497063957,0.7745169282208272,0.3899576101992856,21,0.13824312695143615,0.5382714120444961,0.7966793553296876,0.17352417384309823,0.7194933563427148,0.39462233533710944,21,0.015721711130332716,0.8135416666666667,True,False,False,True,True,True,True,5
67,EMA_N150_th2_bL1_sL0,EMA,150,0.02,1.0,0.0,0.07068965727583643,0.6229244444122986,0.37562931415210493,0.1881899378258104,0.8601566014297821,0.12154967049671729,94,0.05700329365015144,0.5021807458192757,0.3903196667890087,0.14604258637309495,0.6709710540399372,0.12644652847614993,94,0.013686363625684983,0.8135416666666666,True,False,False,True,True,True,True,5
68,SMA_N150_th2_bL3_sL-1,SMA,150,0.02,3.0,-1.0,0.16921326733242603,0.5994399440947125,0.8792193888719416,0.1924585256809799,0.839620572391427,0.38629417021527607,80,0.13406996274859928,0.5189317897604211,0.8862770261857433,0.15127320102789316,0.7145358034861933,0.3935998917009554,80,0.03514330458382675,0.8119791666666667,True,False,False,True,True,True,True,5
69,EMA_N200_th5_bL2_sL-1,EMA,200,0.05,2.0,-1.0,0.12932282180785903,0.5686881079373215,0.7283305599423974,0.17756061453481645,0.7724933237940292,0.2895790274843203,25,0.11151426213486171,0.5106174465365731,0.7283305599423974,0.1531094097488937,0.6833265468820954,0.29498632567628935,25,0.017808559672997326,0.8098958333333333,True,False,False,True,True,True,True,5
70,SMA_N100_th5_bL2_sL-1,SMA,100,0.05,2.0,-1.0,0.11371051639561491,0.5254339332519974,0.6102812036377792,0.18632478883145423,0.7347020342115484,0.2798476867261695,43,0.09071425978870673,0.4481769713542744,0.6683517648469728,0.1357283163746517,0.6149941504906141,0.2857178234199552,43,0.022996256606908183,0.8015625000000001,True,False,False,True,True,True,True,5
71,EMA_N200_th0_bL1_sL0,EMA,200,0.0,1.0,0.0,0.0675943706949893,0.595186715911088,0.30235515217963865,0.22355951339909488,0.8226276472373707,0.12255266525721699,276,0.052317234257931666,0.4647024059212622,0.33591943729558066,0.15574339692614134,0.6221496614414587,0.12729891593926013,276,0.015277136437057637,0.8005208333333335,True,False,False,True,True,True,True,5
72,EMA_N200_th10_bL2_sL0,EMA,200,0.1,2.0,0.0,0.11112091418784908,0.5272833780177136,0.611808004629311,0.18162710089936837,0.7143100551657859,0.2720720436243024,19,0.0999249487445959,0.48774900768114515,0.637360729056004,0.1567792683000644,0.653745587057039,0.27569241129544486,19,0.011195965443253186,0.7994791666666667,True,False,False,True,True,True,True,5
73,SMA_N200_th2_bL3_sL-2,SMA,200,0.02,3.0,-2.0,0.14483115442195094,0.5262973574649406,0.7891379411377055,0.1835308466009718,0.7395653009660479,0.4563419534263434,56,0.11345351703466533,0.46587295765248127,0.8117822183620628,0.1397585638960916,0.6484104080597026,0.46104456954308876,56,0.031377637387285606,0.7921875,True,False,False,True,True,False,True,4
74,EMA_N200_th10_bL3_sL0,EMA,200,0.1,3.0,0.0,0.14037116137925332,0.5371949890938325,0.7966793553296875,0.17619530422143792,0.7281307908118829,0.4080352736008764,19,0.12754564987542016,0.509322565866773,0.7966793553296875,0.1600965922138629,0.6857034394932174,0.4114357468716415,19,0.012825511503833154,0.7890625000000001,True,False,False,True,True,True,True,5
75,SMA_N200_th0_bL2_sL-1,SMA,200,0.0,2.0,-1.0,0.10773265640290863,0.5081658087945709,0.598605056065541,0.1799728473912406,0.7107873655795818,0.27735897046618974,236,0.07848873192439743,0.4092834072821716,0.7119960361857777,0.11023759674965064,0.5605112963687335,0.2839311687894645,236,0.029243924478511207,0.7885416666666667,True,False,False,True,True,True,True,5
76,EMA_N150_th2_bL3_sL-1,EMA,150,0.02,3.0,-1.0,0.1440562708964368,0.542100417772554,0.8293346687735303,0.17370101157048676,0.7529047548888739,0.389484161821335,94,0.11053914735071535,0.46571929445137994,0.8392696573650442,0.13170873792549828,0.6356943537197659,0.39721711301237456,94,0.03351712354572145,0.7833333333333333,True,False,False,True,True,True,True,5
77,EMA_N100_th2_bL3_sL0,EMA,100,0.02,3.0,0.0,0.15641663602988087,0.5891035344486741,0.9222379496517887,0.16960550808925118,0.8125385212897069,0.3546641251689681,126,0.12049971524351877,0.4980972943246362,0.9265362717999138,0.13005396433043342,0.6748095971904355,0.36219618326649583,126,0.035916920786362105,0.7828125000000001,True,False,False,True,True,True,True,5
78,SMA_N100_th2_bL3_sL0,SMA,100,0.02,3.0,0.0,0.1492304863792422,0.5730066582472629,0.8983456636043261,0.16611699975319338,0.7900552513923782,0.35223609667301803,124,0.11470714052544428,0.48464508913627674,0.903934947463542,0.12689756143106826,0.6568919310185161,0.3593671309026696,124,0.034523345853797904,0.7791666666666668,True,False,False,True,True,True,True,5
79,EMA_N200_th2_bL2_sL-1,EMA,200,0.02,2.0,-1.0,0.10347940600653183,0.49139525980290516,0.5911353353710167,0.17505197171403164,0.6858631918995162,0.28120421110304517,78,0.07870274351029782,0.4087792387730748,0.6263647320284911,0.12565002383741797,0.5611511844436249,0.2864322101408357,78,0.024776662496234003,0.7791666666666667,True,False,False,True,True,True,True,5
80,EMA_N50_th0_bL3_sL0,EMA,50,0.0,3.0,0.0,0.13064767491929374,0.5344874179591469,0.80228896592717,0.16284366415074647,0.7409436141022233,0.33713958567968905,740,0.07566313811505765,0.3862629390737603,0.8541457859975724,0.08858340034621759,0.522593534139783,0.346829629894937,740,0.054984536804236095,0.7776041666666668,True,False,False,True,True,True,True,5
81,EMA_N150_th5_bL2_sL-2,EMA,150,0.05,2.0,-2.0,0.11443103776270425,0.47929394322269997,0.6615623208320931,0.1729709116728056,0.6752310673200721,0.36788973265560143,25,0.09472046711960114,0.43075499674649254,0.680620914694208,0.1391677291641229,0.5999405057076935,0.3723535861149983,25,0.01971057064310311,0.7739583333333334,True,False,False,True,True,True,True,5
82,SMA_N100_th2_bL2_sL0,SMA,100,0.02,2.0,0.0,0.10837254757964754,0.55624632288605,0.7736741432712355,0.1400751834893029,0.7661886416265129,0.23496274113379564,124,0.0832851712951892,0.45387082011668184,0.7831858360552809,0.10634151878266417,0.612260699575032,0.24084467467681847,124,0.02508737628445834,0.7734375000000001,True,False,False,True,True,True,True,5
83,SMA_N50_th5_bL1_sL0,SMA,50,0.05,1.0,0.0,0.06328650799151725,0.5648132655784007,0.3842524860816669,0.16470032149139222,0.7771544499085624,0.12183397827256093,64,0.05074376994946039,0.45721904039474204,0.4200264806662441,0.12081088284950714,0.6132543528679731,0.12562241693085247,64,0.012542738042056856,0.7713541666666668,True,False,False,True,True,True,True,5
84,EMA_N100_th2_bL2_sL0,EMA,100,0.02,2.0,0.0,0.11309522776593184,0.5720368257585595,0.8120095694704261,0.13927819574797615,0.7882131467915702,0.23658336300598956,126,0.08683621359635252,0.46564539855693715,0.8202363105010163,0.10586731224238448,0.6275858095535062,0.24286956819809916,126,0.02625901416957932,0.7713541666666667,True,False,False,True,True,True,True,5
85,EMA_N50_th5_bL1_sL0,EMA,50,0.05,1.0,0.0,0.06045744521169727,0.5688508486621509,0.35017057527368317,0.17265141471251685,0.7902716967721336,0.11481173718886613,44,0.05025979483987264,0.4741811384209462,0.36061532814883857,0.13937231980091724,0.6421138803954878,0.11823756314164016,44,0.01019765037182463,0.7703125000000002,True,False,False,True,True,True,True,5
86,SMA_N200_th10_bL1_sL0,SMA,200,0.1,1.0,0.0,0.06578526363202952,0.5457138603353898,0.3900372947818277,0.16866403421454182,0.7361528878184399,0.13323199972852157,19,0.05735992724901684,0.477377763170025,0.4334105700553634,0.1323454738117941,0.6310631548414091,0.1367573057045296,19,0.008425336383012683,0.7697916666666668,True,False,False,True,True,False,True,4
87,EMA_N150_th10_bL2_sL0,EMA,150,0.1,2.0,0.0,0.09555175872200983,0.49286965765509455,0.5946322996014688,0.16069049526245044,0.6618180797177139,0.2514189907317661,18,0.08515146264888318,0.45257078997821965,0.5946322996014688,0.143200197342043,0.6004639795644678,0.2553415894507585,18,0.010400296073126647,0.7692708333333335,True,False,False,True,True,False,True,4
88,SMA_N100_th0_bL3_sL0,SMA,100,0.0,3.0,0.0,0.14709280575727757,0.5706133401127561,0.9146530068976614,0.16081815141699465,0.788655255987262,0.3474429559858566,446,0.10183768990200393,0.45325436786111395,0.9157571868192288,0.1112059958335951,0.6130528663549281,0.35635859545081183,446,0.04525511585527364,0.7666666666666667,True,False,False,True,True,True,True,5
89,EMA_N50_th10_bL3_sL0,EMA,50,0.1,3.0,0.0,0.09429876958901828,0.49120246441111487,0.5848755965268119,0.1612287641149607,0.6794683479496102,0.24607872721761903,6,0.08767666397301421,0.46419381170201945,0.6352124929301917,0.13802729787093415,0.632264188623077,0.2504365565491845,6,0.00662210561600407,0.7666666666666666,True,False,False,True,True,True,True,5
90,EMA_N150_th10_bL3_sL0,EMA,150,0.1,3.0,0.0,0.12057572105774006,0.5023807808463404,0.7898215918756613,0.1526619711312246,0.6749654642535544,0.37705259007227765,18,0.10828359834803836,0.4731926641247859,0.7898215918756613,0.13709880745458913,0.6308552029657996,0.3807951968637702,18,0.012292122709701703,0.7625000000000001,True,False,False,True,True,False,True,4
91,SMA_N150_th10_bL1_sL0,SMA,150,0.1,1.0,0.0,0.06269244981492128,0.5333075841478796,0.353790490678,0.17720219018543487,0.717960457843443,0.13009917359243925,21,0.0544164101873994,0.4634549139028157,0.3732722801176761,0.14578208210436716,0.609668132335653,0.1340944222975563,21,0.00827603962752188,0.7614583333333333,True,False,False,True,True,True,True,5
92,SMA_N150_th2_bL2_sL-1,SMA,150,0.02,2.0,-1.0,0.10657693945592572,0.5039787801196358,0.7687733287000555,0.1386324622319302,0.7066983484531916,0.27784095175161805,80,0.080491412387105,0.4157849680047776,0.7801727616482557,0.10317126711403302,0.5719861409949311,0.2837060865819047,80,0.026085527068820724,0.7546875000000002,True,False,False,True,True,True,True,5
93,SMA_N50_th10_bL3_sL0,SMA,50,0.1,3.0,0.0,0.10000507574933515,0.47346867646245633,0.678074028033114,0.14748400855201516,0.6654633495526016,0.2928863811447347,8,0.09214592314210379,0.4481520474326282,0.6973327829040241,0.13214052945906904,0.6213374877743552,0.2971546644817074,8,0.007859152607231357,0.7505208333333334,True,False,False,True,True,True,True,5
94,EMA_N200_th0_bL2_sL-1,EMA,200,0.0,2.0,-1.0,0.09550883100400531,0.46602592026522427,0.6211040961594305,0.15377266322115715,0.6490638649292999,0.2805730764303564,276,0.06709520836850569,0.37107084112340016,0.7413977583737992,0.09049826170998147,0.5069384492748485,0.28672280716479503,276,0.028413622635499625,0.75,True,False,False,True,True,True,True,5
95,SMA_N100_th0_bL2_sL0,SMA,100,0.0,2.0,0.0,0.1020730173592801,0.5357037800946275,0.8044237009045456,0.12688961954316194,0.7389279042734663,0.23203873066655725,446,0.06999927936083594,0.40383958938151154,0.8067211137080526,0.08677010948565338,0.5430666765738407,0.23915676473625627,446,0.03207373799844415,0.7489583333333334,True,False,False,True,True,True,True,5
96,SMA_N200_th5_bL3_sL-2,SMA,200,0.05,3.0,-2.0,0.13766216606329862,0.5205544583381032,0.8999941276719585,0.152958960320545,0.7100989173986229,0.4658531748999598,25,0.11533014521534057,0.47902994252545933,0.8999941276719585,0.12814544191934726,0.6475422427370595,0.47097112417174597,25,0.022332020847958045,0.746875,True,False,False,True,True,True,True,5
97,EMA_N50_th10_bL2_sL0,EMA,50,0.1,2.0,0.0,0.06820950883088117,0.4850028816079204,0.4275215279724417,0.1595463722128117,0.6705041493602267,0.16407448642757225,6,0.0623994135317123,0.4449807003603553,0.4981665689239884,0.12525813136455843,0.6005937939508447,0.16870439030388637,6,0.0058100952991688715,0.7463541666666667,True,False,False,True,True,True,True,5
98,EMA_N200_th5_bL3_sL-2,EMA,200,0.05,3.0,-2.0,0.13481235956780147,0.5151755287795802,0.9025564101653808,0.14936723959790946,0.7012681077273002,0.46726201581527677,25,0.11368142550654103,0.4760856487419063,0.9025564101653808,0.1259549256159075,0.6422018361232014,0.47243148384870925,25,0.02113093406126043,0.7427083333333335,True,False,False,True,True,True,True,5
99,EMA_N200_th10_bL1_sL0,EMA,200,0.1,1.0,0.0,0.06008330088904268,0.4975648863871666,0.35588060221500684,0.16882994047746128,0.6729554258868541,0.13611014352847725,19,0.05277038123657429,0.4398188171353761,0.40077670445696695,0.1316702808564575,0.5839197059745014,0.13935007057449753,19,0.007312919652468386,0.7421875,True,False,False,True,True,False,True,4
100,SMA_N150_th0_bL1_sL0,SMA,150,0.0,1.0,0.0,0.05670511396250877,0.5237191452322643,0.42789038886644454,0.13252252314601035,0.7212734157427408,0.11884321371684058,352,0.040886773357622586,0.3878612815469567,0.4595044990695078,0.08898013717040401,0.5194664943904072,0.12289848755021308,352,0.015818340604886183,0.740625,True,False,False,True,True,False,True,4
101,EMA_N150_th5_bL3_sL-3,EMA,150,0.05,3.0,-3.0,0.12266761602406939,0.4886728452957869,0.855005856722445,0.14346991317030264,0.6887497991720571,0.5517725942763331,25,0.09910952853201493,0.45210311721619795,0.8853889983227067,0.11193896549400253,0.6321779472700791,0.5563640093249264,25,0.023558087492054458,0.7395833333333334,True,False,False,True,True,True,True,5
102,EMA_N100_th5_bL2_sL-2,EMA,100,0.05,2.0,-2.0,0.09920633003388302,0.4414616877390881,0.6433621118718118,0.15419983272755983,0.6259040311785805,0.3684896536629015,32,0.07645238873921123,0.3850314688078945,0.6686629784771156,0.11433620702813853,0.5394376225186713,0.37302752995955335,32,0.022753941294671787,0.7380208333333333,True,False,False,True,True,True,True,5
103,SMA_N50_th10_bL2_sL0,SMA,50,0.1,2.0,0.0,0.07469239824334117,0.4671544230920516,0.5063576359406011,0.1475091771936921,0.6562326166683121,0.19527927771015743,8,0.06798935897972735,0.4308318475238426,0.513384128381884,0.1324336987082566,0.5927708211033572,0.19969690665331224,8,0.006703039263613819,0.7375,True,False,False,True,True,True,True,5
104,EMA_N50_th0_bL2_sL0,EMA,50,0.0,2.0,0.0,0.08667940027948728,0.4822230801953919,0.6671992425911167,0.12991531576514015,0.6665153807391972,0.22540107670613774,740,0.04871374240903159,0.321884416850283,0.7319055980412094,0.06655741196597434,0.43297841291469746,0.2327649012500779,740,0.037965657870455694,0.7375,True,False,False,True,True,True,True,5
105,EMA_N150_th5_bL1_sL-1,EMA,150,0.05,1.0,-1.0,0.06830459465028671,0.45116680524979985,0.3864993596975435,0.17672628152279146,0.6347560324779297,0.1840081244985993,25,0.0559457881375196,0.3843902239891375,0.4062422097778467,0.13771535008170008,0.531151705692416,0.18759173035342133,25,0.012358806512767107,0.7354166666666668,True,False,False,True,True,False,True,4
106,EMA_N150_th0_bL1_sL0,EMA,150,0.0,1.0,0.0,0.055379528865913796,0.5086418505450963,0.42632961250544854,0.12989838669770104,0.697833521440549,0.12022697906575731,368,0.039100358632463195,0.37062434669095706,0.48087457188649513,0.08131092995637204,0.4940499837742831,0.1245394147134635,368,0.0162791702334506,0.734375,True,False,False,True,True,False,True,4
107,SMA_N150_th0_bL3_sL-1,SMA,150,0.0,3.0,-1.0,0.11836565369890906,0.48553545961989464,0.8565985856688737,0.13818100529139143,0.6745635250805478,0.3819750622925304,352,0.07690841446190566,0.3874486801648131,0.8905651459304468,0.08635911119287416,0.529313952578941,0.38932500480470883,352,0.041457239237003396,0.7328125000000001,True,False,False,True,True,False,True,4
108,EMA_N150_th0_bL3_sL-1,EMA,150,0.0,3.0,-1.0,0.11467361343250237,0.47621284894552135,0.8509842540834605,0.13475409548677236,0.6593156011323287,0.38526124608255274,368,0.07181923102209664,0.37568159822751795,0.900685078266345,0.07973844882645952,0.5110140336559285,0.39318477018990206,368,0.042854382410405734,0.728125,True,False,False,True,True,False,True,4
109,EMA_N100_th2_bL1_sL0,EMA,100,0.02,1.0,0.0,0.05621176905002301,0.5209164816523437,0.5682243577167682,0.09892530703170209,0.7155918975224022,0.11851209262462474,126,0.042176564579776255,0.39889999193224335,0.5792500483998239,0.07281236263387264,0.533305257617074,0.12247546734995633,126,0.014035204470246754,0.7239583333333334,True,False,False,True,True,True,True,5
110,SMA_N100_th2_bL1_sL0,SMA,100,0.02,1.0,0.0,0.05401960246956894,0.5060432701968388,0.5237043424491412,0.10314904439581761,0.6949348735872259,0.11769881427326956,124,0.040705435726702044,0.389776852118321,0.5351250685100686,0.07606714415386458,0.521868949475371,0.12136269195352936,124,0.013314166742866895,0.7229166666666667,True,False,False,True,True,True,True,5
111,EMA_N100_th0_bL1_sL0,EMA,100,0.0,1.0,0.0,0.05266842798639848,0.49452393369838465,0.5031833046086643,0.10467046005701593,0.6788814812417553,0.11789400957684053,450,0.035338045406545726,0.34531954509499924,0.5192273499496314,0.06805890600711569,0.4597823790323539,0.12239391736833267,450,0.017330382579852754,0.7192708333333334,True,False,False,True,True,True,True,5
112,SMA_N100_th5_bL3_sL-2,SMA,100,0.05,3.0,-2.0,0.11211744238615995,0.462651328322168,0.850403735110255,0.13184025158547064,0.64874207665249,0.4579299624835374,43,0.083540473732866,0.4076224935290107,0.877384178635377,0.09521538656281574,0.5647860299593346,0.4638561679113441,43,0.028576968653293955,0.7161458333333335,True,False,False,True,True,False,True,4
113,EMA_N150_th10_bL1_sL0,EMA,150,0.1,1.0,0.0,0.05167930707962398,0.46435410676267636,0.3360215872474935,0.15379758039640495,0.622483953305772,0.12578678277764402,18,0.04511172959033316,0.40746530265236613,0.3361147878647727,0.13421524794226763,0.5354712108902848,0.12913828368468386,18,0.006567577489290821,0.7156250000000001,True,False,False,True,True,False,True,4
114,EMA_N50_th2_bL3_sL0,EMA,50,0.02,3.0,0.0,0.1100638486019705,0.4758185822919462,0.8614385761195468,0.12776749457606865,0.6531230725388425,0.3488917827263496,186,0.07536419710418407,0.38503803548311627,0.870056839042318,0.08661985484435517,0.5193557429914484,0.3562400392091558,186,0.03469965149778642,0.7156250000000001,True,False,False,True,True,False,True,4
115,EMA_N150_th2_bL2_sL-1,EMA,150,0.02,2.0,-1.0,0.0890667672968275,0.445649991231042,0.7127578591424387,0.12496076494195239,0.6196925595246499,0.2795468053863334,94,0.06400207081253462,0.36136874660214874,0.7261179540716582,0.08814280166692925,0.49256789489926806,0.2859229437958738,94,0.02506469648429288,0.715625,True,False,False,True,True,False,True,4
116,EMA_N50_th2_bL2_sL0,EMA,50,0.02,2.0,0.0,0.08195316975214628,0.45562169348656456,0.721579778054511,0.11357464863151308,0.6246061114397388,0.23281132474988978,186,0.056883527550137813,0.3524665900150443,0.7351380230040059,0.07737802394942622,0.4732751956509873,0.23870597666738386,186,0.02506964220200847,0.7130208333333334,True,False,False,True,True,False,True,4
117,EMA_N100_th0_bL3_sL-1,EMA,100,0.0,3.0,-1.0,0.11463656326326865,0.4775076225808589,0.898616930555743,0.12757000159386328,0.6625829489237648,0.3792675834571142,450,0.06635943645245934,0.36238179971807877,0.9093429349803012,0.07297514930810658,0.4928433830697105,0.38809583629640426,450,0.04827712681080931,0.7130208333333333,True,False,False,True,True,True,True,5
118,SMA_N50_th5_bL3_sL-1,SMA,50,0.05,3.0,-1.0,0.10593342654212812,0.4550532750757756,0.8190045070442057,0.12934413135825437,0.6295322262358638,0.3906161909573971,64,0.07587270357395481,0.3854164368394935,0.8291607974447553,0.09150541584668925,0.5258338520251524,0.3968732686454672,64,0.030060722968173303,0.7119791666666667,True,False,False,True,True,True,True,5
119,SMA_N150_th5_bL2_sL-2,SMA,150,0.05,2.0,-2.0,0.08985732993788464,0.41853677056389627,0.6985294769890475,0.12863784979440968,0.5903414562305552,0.36794197155498615,31,0.07046121216367962,0.3701344331076455,0.7163535392910811,0.09836094651449555,0.5169542778018221,0.37174945797280745,31,0.019396117774205024,0.7083333333333335,True,False,False,True,True,False,True,4
120,SMA_N100_th10_bL2_sL0,SMA,100,0.1,2.0,0.0,0.07799105129707318,0.4386377520497082,0.661815772286528,0.11784405050913105,0.5887303275662766,0.2382074264159968,19,0.06906048190871572,0.4018092938202293,0.661815772286528,0.10435000917266825,0.5323600443779053,0.242233260798862,19,0.008930569388357457,0.7052083333333333,True,False,False,True,True,False,True,4
121,EMA_N100_th5_bL3_sL-3,EMA,100,0.05,3.0,-3.0,0.09997432304668896,0.4511049918640744,0.8153251716771025,0.12261895807907464,0.6398736053135285,0.5526654386526917,32,0.07264367964550855,0.4076318624330272,0.8277846249650878,0.08775673944001115,0.573320525420888,0.5574773369558003,32,0.02733064340118041,0.7026041666666668,True,False,False,True,True,True,True,5
122,EMA_N50_th10_bL1_sL0,EMA,50,0.1,1.0,0.0,0.03551269025919157,0.4664093913118097,0.23507660468015606,0.1510685859509922,0.6436781431111412,0.08207107510275036,6,0.031608448881144335,0.40502783231262907,0.30915860371905846,0.102240236891055,0.5371031872791541,0.08613389566282438,6,0.003904241378047235,0.6984374999999999,True,False,False,True,True,True,True,5
123,EMA_N100_th5_bL1_sL-1,EMA,100,0.05,1.0,-1.0,0.06082958635978275,0.41254264786677347,0.38858842912252634,0.15653988076058356,0.5840834242198109,0.18431546659973136,32,0.04710322983747073,0.33929975005624896,0.41463227255851676,0.113602420638454,0.472136557855605,0.18767451054582157,32,0.013726356522312022,0.6973958333333334,True,False,False,True,True,True,True,5
124,SMA_N200_th0_bL3_sL-2,SMA,200,0.0,3.0,-2.0,0.10775970374096588,0.4538862504808075,0.8899736781366423,0.12108189982268326,0.6369673930929456,0.45475146669259947,236,0.06978072463481721,0.3793784187452463,0.9334247812318389,0.07475773735375627,0.5248303678795015,0.461835729583711,236,0.03797897910614867,0.6947916666666668,True,False,False,True,True,False,True,4
125,SMA_N50_th10_bL1_sL0,SMA,50,0.1,1.0,0.0,0.03976615335106559,0.4482159454058069,0.28286472762742015,0.140583641108637,0.6286030528817594,0.09767307445282848,8,0.03529336975569519,0.39312859056118893,0.2946897661626541,0.11976449068887926,0.5327910500937503,0.10147583477098195,8,0.0044727835953704,0.6916666666666667,True,False,False,True,True,True,True,5
126,SMA_N100_th10_bL3_sL0,SMA,100,0.1,3.0,0.0,0.09594414545958108,0.4473172645082948,0.839310489045984,0.11431305424127078,0.6007205953296489,0.3572316571352614,19,0.08568464347359717,0.4214480595439118,0.839310489045984,0.10208932759912487,0.5612803076331047,0.3610594779786572,19,0.01025950198598391,0.6916666666666667,True,False,False,True,True,False,True,4
127,EMA_N50_th5_bL3_sL-1,EMA,50,0.05,3.0,-1.0,0.09229761365641087,0.4246132083245648,0.7958861480222573,0.11596836291945331,0.5932525762981904,0.37329813046184335,44,0.06808926988259367,0.36545503890635755,0.8078749367456611,0.0842819436345874,0.5038039189054586,0.37880491421185786,44,0.024208343773817198,0.6885416666666667,True,False,False,True,True,False,True,4
128,EMA_N200_th2_bL3_sL-2,EMA,200,0.02,3.0,-2.0,0.09632548074272651,0.431396531156868,0.8425042638319913,0.11433233620041992,0.6037101059514973,0.45869139865664615,78,0.0656915613027389,0.3713554670318902,0.8592016422647711,0.07645651273382392,0.5141174802772821,0.46407903289319846,78,0.03063391943998761,0.6854166666666668,True,False,False,True,True,False,True,4
129,SMA_N200_th10_bL3_sL-1,SMA,200,0.1,3.0,-1.0,0.10274819347964304,0.4543707518955602,0.9039038180807669,0.113671600256989,0.6147936378725509,0.41900498118792007,19,0.08713050474357265,0.4210253696944592,0.9157393594280336,0.09514771189696808,0.5654959845424029,0.4228447791108905,19,0.01561768873607039,0.6833333333333333,True,False,False,True,False,False,True,3
130,SMA_N150_th5_bL1_sL-1,SMA,150,0.05,1.0,-1.0,0.05632687693441785,0.3898164934214269,0.4222022532690926,0.13341207086954518,0.5490768531535609,0.18403941572917806,31,0.044022270725312174,0.3240711458262584,0.4406217791514604,0.09990942982911394,0.4495382156062868,0.1870492976505341,31,0.012304606209105673,0.6760416666666667,True,False,False,True,True,False,True,4
131,SMA_N100_th10_bL1_sL0,SMA,100,0.1,1.0,0.0,0.042862710354201194,0.4126169619719007,0.3937970622263784,0.10884466763634999,0.5528611782779356,0.11918475718687709,19,0.037016781111695485,0.3589184575298832,0.3937970622263784,0.09399963753517288,0.47061871968283275,0.12266149249212667,19,0.00584592924250571,0.6718750000000001,True,False,False,True,True,False,True,4
132,SMA_N150_th10_bL3_sL-1,SMA,150,0.1,3.0,-1.0,0.09128765638759218,0.429259807345675,0.8642704812983932,0.10562394338685589,0.580063096023445,0.41121057069981765,21,0.0759892611522981,0.39625919806759935,0.8681341051720657,0.08753170817685695,0.5308686903932127,0.41565627123523496,21,0.015298395235294082,0.6671875,True,False,False,True,True,False,True,4
133,SMA_N150_th2_bL3_sL-2,SMA,150,0.02,3.0,-2.0,0.10122703119924181,0.440835298079774,0.9203392709734081,0.10998882085318147,0.6199086561315394,0.455627035337264,80,0.06811127544938622,0.3757555239784202,0.9251862524363818,0.07361898782004409,0.5217082623024202,0.4618506273249708,80,0.03311575574985559,0.6666666666666667,True,False,False,True,True,True,True,5
134,SMA_N50_th0_bL3_sL0,SMA,50,0.0,3.0,0.0,0.09304993413205764,0.43516821691834306,0.8969735669474229,0.10373765466548232,0.5966181949838659,0.33464211776382186,696,0.04452467940660476,0.30132633783627566,0.9215808698490485,0.04831337201465319,0.40430864591384136,0.3434884566284552,696,0.04852525472545288,0.6666666666666667,True,False,False,True,True,False,True,4
135,SMA_N100_th0_bL1_sL0,SMA,100,0.0,1.0,0.0,0.044486053911229284,0.43159482803305804,0.5754094724726205,0.07731199439603602,0.5916641134623954,0.11666605206694515,446,0.02785067686549758,0.2879584629946481,0.5793968622716414,0.04806839435806301,0.3833417890194275,0.12094458902764764,446,0.016635377045731703,0.6656250000000001,True,False,False,True,True,False,True,4
136,SMA_N200_th2_bL2_sL-2,SMA,200,0.02,2.0,-2.0,0.07625489251013584,0.3844054685698944,0.7192185652500985,0.10602464423817985,0.5415327565997753,0.36725409829940114,56,0.05258895844615741,0.3245946124661508,0.7427277797730588,0.07080515887291305,0.45308503665453825,0.37082821254879594,56,0.023665934063978433,0.6651041666666667,True,False,False,True,True,False,True,4
137,EMA_N100_th10_bL2_sL0,EMA,100,0.1,2.0,0.0,0.06454069683168306,0.39414216666929386,0.6646486821014861,0.09710497977310104,0.527835206617048,0.22596793348410543,14,0.05696748082373815,0.3612118265154223,0.6646486821014861,0.08571066543548747,0.4779984272146612,0.22950807846434507,14,0.007573216007944916,0.6640625000000001,True,False,False,True,True,False,True,4
138,SMA_N150_th5_bL3_sL-3,SMA,150,0.05,3.0,-3.0,0.08594430360033356,0.428113739954946,0.862817955215805,0.09960884921412823,0.60412488263905,0.5518460804202595,31,0.0631482853651475,0.39143193642142793,0.8845093767902219,0.0713935736829665,0.5485876430142648,0.5557917432946461,31,0.022796018235186066,0.6578125,True,False,False,True,True,False,True,4
139,EMA_N50_th2_bL1_sL0,EMA,50,0.02,1.0,0.0,0.04008265258718846,0.3952090559434115,0.4731264315106272,0.08471869233602126,0.539685936673696,0.11674476069504787,186,0.02688345847030904,0.2810250537663601,0.48804136408899573,0.05508438515348212,0.37455260824817266,0.12029351982387511,186,0.01319919411687942,0.6546875000000001,True,False,False,True,True,False,True,4
140,SMA_N50_th2_bL2_sL0,SMA,50,0.02,2.0,0.0,0.06772261044300665,0.4015505012394467,0.773119133623005,0.08759660380625132,0.5469873431485469,0.22907359345983735,194,0.042875271619959854,0.2975982240625876,0.7852382474640526,0.05460160882181512,0.3976420414908014,0.23459552419522955,194,0.024847338823046794,0.6541666666666667,True,False,False,True,True,False,True,4
141,SMA_N50_th2_bL3_sL0,SMA,50,0.02,3.0,0.0,0.08893304175637229,0.42209906248358436,0.8974537156030928,0.09909485047550212,0.5757323887956791,0.3432638258581786,194,0.05442711222332153,0.32944385917705926,0.9046654808354425,0.06016269369873498,0.4419967947928283,0.35025916992725553,194,0.03450592953305076,0.6526041666666667,True,False,False,True,True,False,True,4
142,SMA_N200_th2_bL1_sL-1,SMA,200,0.02,1.0,-1.0,0.04917211720871517,0.3531582933476864,0.4428057759116055,0.11104669334424194,0.4967244579269658,0.18373664116499439,56,0.03491230928193745,0.27748006428425337,0.4696474186542872,0.07433727493270179,0.38510242932966254,0.18636745605351948,56,0.014259807926777723,0.6479166666666667,True,False,False,True,True,False,True,4
143,SMA_N200_th5_bL1_sL-1,SMA,200,0.05,1.0,-1.0,0.050730083376952395,0.36212375150326803,0.52715373842299,0.09623394406480791,0.4945404124890495,0.18366622679219866,25,0.03939711390037881,0.3012685000746668,0.52715373842299,0.07473552974932415,0.40526909356369384,0.1870384154524296,25,0.011332969476573584,0.6479166666666667,True,False,False,True,True,False,True,4
144,EMA_N100_th10_bL3_sL0,EMA,100,0.1,3.0,0.0,0.07738831199514928,0.40203474682757706,0.8413265618467357,0.09198367851988382,0.5387009988942313,0.3388815362238219,14,0.06855884960641334,0.37839160808147343,0.8413265618467357,0.08148898741045893,0.5031697542680441,0.3422267418229631,14,0.008829462388735942,0.6473958333333334,True,False,False,True,True,False,True,4
145,EMA_N200_th0_bL3_sL-2,EMA,200,0.0,3.0,-2.0,0.08851235441915972,0.4157284481174925,0.9007578003645468,0.09826432186691893,0.5810183791723645,0.4580279824859202,276,0.052312257098144244,0.3444343861991155,0.942762435486195,0.05548827056432952,0.47525481371903455,0.4644849320854329,276,0.03620009732101548,0.6447916666666667,True,False,False,True,True,False,True,4
146,SMA_N200_th5_bL2_sL-2,SMA,200,0.05,2.0,-2.0,0.077134482289974,0.39017469281497813,0.8028716204190754,0.09607324549560246,0.5335502670924795,0.36717812827196644,25,0.05950414115973257,0.346173961149397,0.8028716204190754,0.07411414184583229,0.46884040568195784,0.3714024515222048,25,0.017630341130241423,0.6442708333333333,True,False,False,True,True,False,True,4
147,EMA_N200_th5_bL1_sL-1,EMA,200,0.05,1.0,-1.0,0.04997638475986732,0.3582262756303326,0.5323467270577327,0.09387938766165724,0.4880647277734925,0.1836772008308756,25,0.03928777970685737,0.300697610606573,0.5323467270577327,0.07380111064831744,0.40350569716190565,0.1871073266652067,25,0.010688605053009947,0.6442708333333333,True,False,False,True,True,False,True,4
148,EMA_N100_th10_bL1_sL0,EMA,100,0.1,1.0,0.0,0.03602557512137228,0.3704799660589441,0.396347516383268,0.09089390908794179,0.4953277932491947,0.11305558469919448,14,0.03110630491133537,0.32302816277315555,0.396347516383268,0.07848240149247102,0.42320309238138176,0.11616789289429832,14,0.004919270210036908,0.6401041666666667,True,False,False,True,True,False,True,4
149,EMA_N200_th5_bL2_sL-2,EMA,200,0.05,2.0,-2.0,0.07556574405190197,0.38628460570427237,0.8071772919763774,0.0936172818574701,0.5269941395650424,0.36718990173348415,25,0.05887718018128685,0.344694845466353,0.8071772919763774,0.07294206708556654,0.46573512660514843,0.3714634556607877,25,0.016688563870615125,0.6380208333333335,True,False,False,True,True,False,True,4
150,SMA_N150_th0_bL2_sL-1,SMA,150,0.0,2.0,-1.0,0.06680363493501718,0.37289711586695823,0.7700626574769204,0.08675090823634615,0.5183559830244003,0.2760096527029606,352,0.03653902879366511,0.26927274688997527,0.8136759410962847,0.044906119190933944,0.36758091398515486,0.2817205398730846,352,0.03026460614135207,0.6375000000000002,True,False,False,True,True,False,True,4
151,SMA_N50_th5_bL2_sL-1,SMA,50,0.05,2.0,-1.0,0.06203678774347354,0.3555864821143811,0.6843719762352288,0.09064776159412842,0.49265206021223956,0.28032476201546613,64,0.03919343608157955,0.27854591476676915,0.7094467892482653,0.05524506795373502,0.37981879068036123,0.28544581732837193,64,0.022843351661893996,0.6375000000000001,True,False,False,True,True,False,True,4
152,EMA_N200_th10_bL3_sL-1,EMA,200,0.1,3.0,-1.0,0.0786463546544407,0.40155507716170546,0.8777509949054115,0.08959984677991258,0.5445611472017743,0.42634649032548355,19,0.06651504890179805,0.3760741180787558,0.8852047872654527,0.07514085989895546,0.5068411981974509,0.4295977733849083,19,0.012131305752642652,0.6369791666666667,True,False,False,True,True,False,True,4
153,EMA_N150_th0_bL2_sL-1,EMA,150,0.0,2.0,-1.0,0.06451192217114343,0.3646047256309873,0.7605425659554359,0.08482355236764423,0.5050434236413345,0.27776690452750646,368,0.03326466399548145,0.25834806980125247,0.832245117901465,0.03996979168752525,0.3511054219313625,0.2839054758078917,368,0.031247258175661985,0.6338541666666667,True,False,False,True,True,False,True,4
154,SMA_N50_th0_bL2_sL0,SMA,50,0.0,2.0,0.0,0.06295895685454278,0.38564518852888885,0.7803884554294584,0.08067643289250813,0.5273228483355269,0.22367548167404955,696,0.029028746027207175,0.24063799821856513,0.819121784489517,0.035438864619255744,0.3211860008401527,0.2304151088777698,696,0.033930210827335605,0.6302083333333334,True,False,False,True,True,False,True,4
155,SMA_N200_th10_bL2_sL-1,SMA,200,0.1,2.0,-1.0,0.06739312098883454,0.3725588088288655,0.8265254341116983,0.0815378670848342,0.5042343743364686,0.2948593321339057,19,0.05432570322500174,0.3308488039739755,0.8450019174359965,0.06429062716193963,0.44329862792514985,0.2985651965380942,19,0.0130674177638328,0.61875,True,False,False,True,False,False,True,3
156,SMA_N50_th2_bL1_sL0,SMA,50,0.02,1.0,0.0,0.03298388881714032,0.3401093131380804,0.5257728176189925,0.06273410817719846,0.4614401589968854,0.11489804001311556,194,0.01992822926764104,0.22640412544587704,0.5401647425255998,0.036892873041776866,0.30040000071587153,0.11817769015266637,194,0.013055659549499277,0.6182291666666667,True,False,False,True,True,False,True,4
157,EMA_N100_th2_bL3_sL-1,EMA,100,0.02,3.0,-1.0,0.08875784551853805,0.41535956722926476,0.9544619168831551,0.09299254789377182,0.5744459052704499,0.381995465492441,126,0.05351732744296411,0.3311049966543705,0.9626979900921817,0.05559098283547849,0.45066040185351586,0.3890748398934733,126,0.035240518075573934,0.6177083333333333,True,False,False,True,True,False,True,4
158,EMA_N50_th0_bL1_sL0,EMA,50,0.0,1.0,0.0,0.031181994251629375,0.32705500734467025,0.49598900237177834,0.06286831785083875,0.4479421495726284,0.11371278684088709,740,0.011972011214956835,0.16018867882945384,0.5499772630889663,0.021768193011681283,0.2130160788589924,0.11791881243899156,740,0.01920998303667254,0.6145833333333334,True,False,False,True,True,False,True,4
159,SMA_N200_th2_bL3_sL-3,SMA,200,0.02,3.0,-3.0,0.0663915368116621,0.3948274840053125,0.8763863401598541,0.07575601509210218,0.556506717403315,0.55077434492832,56,0.03761049142840234,0.34705817554881324,0.9036450043364692,0.04162087019561301,0.48591047330193726,0.5546523933091794,56,0.028781045383259762,0.6135416666666667,True,False,False,True,True,False,True,4
160,SMA_N150_th10_bL2_sL-1,SMA,150,0.1,2.0,-1.0,0.057463092076768474,0.3413451406020885,0.763322555764071,0.07528022281386541,0.4616405366493244,0.2908823853438462,21,0.044614751560317245,0.29999744532155326,0.7891633529024694,0.05653424148020601,0.400977048633083,0.29518125806635126,21,0.012848340516451229,0.6130208333333333,True,False,False,True,False,False,True,3
161,EMA_N100_th0_bL2_sL-1,EMA,100,0.0,2.0,-1.0,0.0628178466158269,0.35969495562540393,0.8024093819539275,0.07828653057727303,0.4993316688259172,0.2748880966134566,450,0.0280536929170061,0.24020314210382515,0.8341827288496896,0.0336301531388587,0.3265346305396988,0.2815443329846545,450,0.0347641536988208,0.6104166666666666,True,False,False,True,True,False,True,4
162,SMA_N100_th5_bL1_sL-1,SMA,100,0.05,1.0,-1.0,0.03749545130394116,0.29185158631811725,0.459494519381762,0.08160152019743418,0.4098892295618808,0.1843838249112516,43,0.024330505650363765,0.22218622889404221,0.5177222648232671,0.04699528551021343,0.3070502549051905,0.18760190709254848,43,0.013164945653577398,0.6083333333333334,True,False,False,True,False,False,True,3
163,SMA_N100_th2_bL3_sL-1,SMA,100,0.02,3.0,-1.0,0.07899668508042756,0.39181777773599374,0.9349050482601017,0.08449701413789965,0.5417627027750485,0.3799812565387342,124,0.04485926966528764,0.30930958917157203,0.9464316527254325,0.047398319293428866,0.42121335331488696,0.3866838497778402,124,0.03413741541513993,0.6057291666666667,True,False,False,True,True,False,True,4
164,SMA_N100_th0_bL3_sL-1,SMA,100,0.0,3.0,-1.0,0.07974139182561091,0.3936856850895301,0.946757166319651,0.08422581276632031,0.5455322867604275,0.3763009890045699,446,0.03441054181188674,0.2829270646034874,0.9499625846184432,0.03622304959064034,0.38455991963367697,0.38472852510139116,446,0.04533085001372417,0.6015625,True,False,False,True,True,True,True,5
165,EMA_N150_th2_bL3_sL-2,EMA,150,0.02,3.0,-2.0,0.0726294563827179,0.38362877554446745,0.909553740074912,0.0798517483713893,0.5350814966585822,0.4573711411902128,94,0.0413377092037579,0.32210136861944116,0.9338623478638675,0.044265313082077325,0.443435276175498,0.46398552006918337,94,0.031291747178959994,0.6005208333333333,True,False,False,True,True,False,True,4
166,SMA_N100_th5_bL2_sL-2,SMA,100,0.05,2.0,-2.0,0.05176783686789377,0.32185520615035934,0.7659410301097289,0.06758723561326581,0.45269560945577075,0.36859166543931854,43,0.030028879677745035,0.2670539856876361,0.8028761681826834,0.03740163286415095,0.37132154482400564,0.3731004070546603,43,0.021738957190148733,0.5973958333333333,True,False,False,True,False,False,True,3
167,EMA_N50_th5_bL2_sL-1,EMA,50,0.05,2.0,-1.0,0.049693644297946316,0.31490037806018095,0.7469225973215153,0.06653118338653706,0.4406809293818995,0.271301823502563,44,0.031216646098728873,0.2502352759242366,0.7728164210435797,0.04039335248153137,0.3449616132849155,0.27576653164710846,44,0.018476998199217443,0.5911458333333334,True,False,False,True,True,False,True,4
168,SMA_N200_th5_bL3_sL-3,SMA,200,0.05,3.0,-3.0,0.0636981042431446,0.39952933986000605,0.9326720662725481,0.0682963568295939,0.5465813116155221,0.5506912804462275,25,0.04313273707760312,0.3665120411724908,0.9326720662725481,0.04624641247162511,0.49810088284529147,0.555008474747058,25,0.02056536716554147,0.5890624999999999,True,False,False,True,True,False,True,4
169,EMA_N200_th10_bL2_sL-1,EMA,200,0.1,2.0,-1.0,0.05097933397356913,0.31951381707267557,0.7818185777612162,0.06520609182702139,0.4332696567851974,0.29878570062915333,19,0.040389371932091356,0.2862674579768995,0.81175234331162,0.049755781138024334,0.38472682171929046,0.30208041848020134,19,0.010589962041477774,0.5880208333333334,True,False,False,True,False,False,True,3
170,EMA_N50_th0_bL3_sL-1,EMA,50,0.0,3.0,-1.0,0.05967030523986172,0.3429567820672967,0.8635975926939119,0.06909503424358304,0.4765570939995772,0.36827582351567933,740,0.0031370182902237254,0.19929419945353802,0.9212003792028354,0.0034053593127462206,0.2710019405813221,0.3774673956103134,740,0.056533286949637995,0.5822916666666667,True,False,False,True,True,False,True,4
171,EMA_N200_th2_bL1_sL-1,EMA,200,0.02,1.0,-1.0,0.031049176506640075,0.2582641304805067,0.5111906496292611,0.060738936694476636,0.3616944894544084,0.18383480443215858,78,0.01687425438845036,0.1831397254306001,0.581550276490161,0.02901598549706106,0.2528226230582984,0.18671361226517671,78,0.014174922118189714,0.5817708333333333,True,False,False,True,False,False,True,3
172,EMA_N200_th5_bL3_sL-3,EMA,200,0.05,3.0,-3.0,0.061314981734927,0.39564207351448577,0.9348654663161722,0.06558695763630895,0.5399991255302674,0.5507038503567793,25,0.041971706583998625,0.36475490515110137,0.9348654663161722,0.04489598567523058,0.4945534395060789,0.5550630275698281,25,0.019343275150928374,0.58125,True,False,False,True,True,False,True,4
173,SMA_N150_th2_bL1_sL-1,SMA,150,0.02,1.0,-1.0,0.032023635953402074,0.26320398568907,0.5811950987604788,0.05509963181330888,0.3704323378253137,0.18423631366070653,80,0.017505923547184388,0.18643792580575397,0.6181345500791333,0.02832057121696771,0.2584441676863623,0.18722268848837004,80,0.014517712406217687,0.5770833333333334,True,False,False,True,True,False,True,4
174,SMA_N200_th0_bL1_sL-1,SMA,200,0.0,1.0,-1.0,0.030838015868152935,0.25695303715246015,0.5476075122438497,0.056314084775412575,0.3603017758190268,0.1843124760082297,236,0.014614336646787018,0.1713309767851113,0.6480956834001247,0.022549658979543523,0.2362213742982159,0.1877036939740191,236,0.016223679221365916,0.5760416666666668,True,False,False,True,True,False,True,4
175,EMA_N200_th2_bL2_sL-2,EMA,200,0.02,2.0,-2.0,0.040258757559150427,0.29172821154822876,0.7989329631427493,0.050390657810369,0.40928670915319704,0.367374129602562,78,0.017030475482990193,0.23213232199933717,0.8562746570860252,0.01988903366700859,0.3223530910965289,0.3714134929840908,78,0.023228282076160234,0.5546875,True,False,False,True,True,False,True,4
176,EMA_N150_th10_bL3_sL-1,EMA,150,0.1,3.0,-1.0,0.04612890368398492,0.3240928893304776,0.892575313936778,0.05168068505113539,0.43636650516822667,0.4003762363702862,18,0.03465342316749509,0.29840404963147465,0.892575313936778,0.03882408870872002,0.3989933788584504,0.40389736829174583,18,0.011475480516489833,0.5515625,True,False,False,True,True,False,True,4
177,EMA_N200_th0_bL1_sL-1,EMA,200,0.0,1.0,-1.0,0.023314653130653173,0.21719375837217983,0.5711722131332726,0.04081895546486104,0.30316212972137085,0.18448916499592977,276,0.0074516805193178826,0.13366528642027362,0.689357850065015,0.010809596958408605,0.1835474360905659,0.1878307388879179,276,0.01586297261133529,0.5505208333333333,True,False,False,True,False,False,True,3
178,SMA_N50_th0_bL1_sL0,SMA,50,0.0,1.0,0.0,0.02072542529330601,0.2385042449404044,0.582122613305414,0.03560319564914805,0.3234624229323046,0.11275746019789977,696,0.0033344151680640977,0.08718163108095053,0.6226067120527744,0.00535557215094954,0.11515038550041619,0.1166186199349767,696,0.017391010125241912,0.5505208333333333,True,False,False,True,True,False,True,4
179,SMA_N200_th0_bL2_sL-2,SMA,200,0.0,2.0,-2.0,0.04599480877938,0.30672492993436984,0.8574836275211082,0.053639285116552006,0.4314198021537807,0.36782384491510317,236,0.01809480903661287,0.23557427676775317,0.9047469667129072,0.01999985598443535,0.32708833280672306,0.3729035527734887,236,0.027899999742767134,0.5489583333333334,True,False,False,True,True,False,True,4
180,EMA_N150_th2_bL1_sL-1,EMA,150,0.02,1.0,-1.0,0.021250587562117174,0.2062767543703687,0.551349656957208,0.038542850791628405,0.2879865052474345,0.18431808283528725,94,0.007190438261386767,0.13228624439799122,0.6155223890313476,0.011681846817469005,0.18164297031376653,0.18770880527358846,94,0.014060149300730407,0.5489583333333333,True,False,False,True,True,False,True,4
181,EMA_N150_th5_bL2_sL-3,EMA,150,0.05,2.0,-3.0,0.048468090700750865,0.3397706651005964,0.911917917139436,0.05314961992718462,0.48018558880007656,0.4763930858577035,25,0.030339859118841073,0.30494881497786386,0.9269091320895231,0.032732290651238054,0.42798177880513033,0.4798194376520473,25,0.018128231581909793,0.546875,True,False,False,True,True,False,True,4
182,SMA_N150_th2_bL2_sL-2,SMA,150,0.02,2.0,-2.0,0.042232817466077766,0.29693755075686257,0.8540925991908228,0.049447586252462115,0.41867397115702354,0.3681658577386273,80,0.017648909243474398,0.2341521499800151,0.8937357229877037,0.019747346771006508,0.32637021218045964,0.37263016530079557,80,0.024583908222603368,0.5432291666666667,True,False,False,True,True,False,True,4
183,EMA_N100_th2_bL2_sL-1,EMA,100,0.02,2.0,-1.0,0.04797105496507936,0.30841212100266135,0.8988906193495309,0.053366954702222746,0.4272009759463994,0.2758191775212126,126,0.021866197321983583,0.21862216314599223,0.9142827951593758,0.02391622968052452,0.2976114818777339,0.2813382717348676,126,0.02610485764309578,0.540625,True,False,False,True,True,False,True,4
184,SMA_N100_th2_bL2_sL-1,SMA,100,0.02,2.0,-1.0,0.04063572873051635,0.28296306089092615,0.8674493882098822,0.04684507163510087,0.39190110834800507,0.27476004597837583,124,0.015406210087780092,0.19559514336634562,0.8861668200881285,0.017385225601482077,0.2665001460907363,0.2799245247048251,124,0.02522951864273626,0.53125,True,False,False,True,True,False,True,4
185,EMA_N100_th5_bL2_sL-3,EMA,100,0.05,2.0,-3.0,0.02892369156839436,0.3016299844906162,0.8516362713876546,0.03396249377831941,0.4289753443119613,0.4813031216125696,32,0.00828860138488463,0.2614960822279217,0.8918882541862886,0.009293318244724178,0.36929241397397683,0.48471080332472855,32,0.02063509018350973,0.5244791666666667,True,False,False,True,False,False,True,3
186,SMA_N100_th0_bL2_sL-1,SMA,100,0.0,2.0,-1.0,0.037364934802625926,0.2714600136623596,0.8779917606227641,0.042557272719874716,0.37641904061956843,0.27331005840553463,446,0.00452048831294749,0.15702843649740914,0.8958000431687821,0.005046314015521612,0.21342248184430615,0.2796308300048501,446,0.032844446489678436,0.5177083333333333,True,False,False,True,True,False,True,4
187,SMA_N150_th0_bL3_sL-2,SMA,150,0.0,3.0,-2.0,0.04304301256193366,0.3212560055766056,0.9477401169262508,0.04541647208259211,0.44841082680085365,0.45376661481960023,352,0.003932759441604983,0.24075896864362825,0.9756564031419731,0.004030885698018327,0.3318561170382756,0.46006321215735835,352,0.039110253120328675,0.5171875,True,False,False,True,True,False,True,4
188,SMA_N100_th5_bL3_sL-3,SMA,100,0.05,3.0,-3.0,0.029640613015289086,0.3318614961543456,0.9247198773934521,0.03205361292636897,0.46699796510145014,0.5528016454595754,43,0.004162178885717793,0.28980279925911956,0.9374204842263526,0.004440034067692487,0.40443154104534507,0.5576528891139746,43,0.025478434129571292,0.5145833333333334,True,False,False,True,False,False,True,3
189,EMA_N200_th0_bL2_sL-2,EMA,200,0.0,2.0,-2.0,0.03230529735125098,0.2710064097408639,0.8692009327664344,0.03716666208402682,0.379597601521567,0.36800174367805205,276,0.005566172777004441,0.20234336265283923,0.9267722327562002,0.006005977067796654,0.28006947777796315,0.3727436071451211,276,0.026739124574246542,0.5140625,True,False,False,True,True,False,True,4
190,EMA_N150_th5_bL1_sL-2,EMA,150,0.05,1.0,-2.0,0.024348819432524538,0.23002367357460696,0.789520422189011,0.030840012174752126,0.3254166745321569,0.29803642207877534,25,0.012767757804846402,0.19286855512829704,0.8114094637541667,0.01573528332510879,0.27088126718874217,0.30025276443309756,25,0.011581061627678135,0.5135416666666667,True,False,False,False,True,False,True,3
191,EMA_N100_th0_bL3_sL-2,EMA,100,0.0,3.0,-2.0,0.039196381663221924,0.312866868354863,0.9400771223664732,0.041694857507596994,0.4364167548533279,0.4528725481338894,450,-0.00679810514389112,0.21789010597572148,0.9736209683293868,-0.006982291225255581,0.2993865638779068,0.46047586240196575,450,0.045994486807113044,0.5088541666666667,True,False,False,True,True,False,True,4
192,EMA_N150_th10_bL2_sL-1,EMA,150,0.1,2.0,-1.0,0.02276743886534982,0.22532331697246782,0.7928117433941133,0.028717333030260046,0.30382630995426624,0.2851542813994169,18,0.013058099171019633,0.19366929298257424,0.7928117433941133,0.016470617747305925,0.2586472000560879,0.28861189419902344,18,0.009709339694330188,0.5088541666666667,True,False,False,True,False,False,True,3
193,EMA_N100_th5_bL1_sL-2,EMA,100,0.05,1.0,-2.0,0.012844557483858488,0.19352907642516137,0.733204282374184,0.017518388520954366,0.27548700437226414,0.3024836391618961,32,-0.0002781366576862787,0.15161441517815005,0.7893610413105883,-0.0003523567076790161,0.21431926464759365,0.3045956109548961,32,0.013122694141544766,0.5062500000000001,True,False,False,False,False,False,True,2
194,EMA_N150_th0_bL3_sL-2,EMA,150,0.0,3.0,-2.0,0.03968964939345532,0.3148402289461954,0.9567195298426304,0.04148514601764617,0.43796439097091217,0.4555419737367419,368,-0.0007425379250377562,0.23198256553708538,0.982569576174426,-0.0007557102754278041,0.31843393310065926,0.46234690810578033,368,0.040432187318493074,0.5010416666666667,True,False,False,True,True,False,True,4
195,EMA_N50_th0_bL2_sL-1,EMA,50,0.0,2.0,-1.0,0.01846217644610637,0.20318526941515855,0.7861812659317405,0.023483358413820727,0.28226824300686715,0.26970176701633714,740,-0.021995326117003167,0.058570052104794,0.9002316880897868,-0.02443296143426736,0.07964779937773495,0.2763020374307846,740,0.04045750256310954,0.5005208333333333,True,False,False,True,True,False,True,4
196,EMA_N50_th2_bL3_sL-1,EMA,50,0.02,3.0,-1.0,0.02915326737046442,0.26667991076243586,0.8995736851679434,0.032407870362528145,0.3671514331952625,0.3774518060787757,186,-0.005283173511308803,0.18106365559436247,0.9139594625535914,-0.005780533741122042,0.24541801619124562,0.38437894388929295,186,0.03443644088177322,0.49843750000000003,True,False,False,True,True,False,True,4
197,SMA_N50_th5_bL3_sL-2,SMA,50,0.05,3.0,-2.0,0.02745908269188746,0.2902109221554202,0.9176674322860097,0.029922695004533276,0.40330438659485773,0.4587162686244484,64,-0.000522936551446862,0.233379209881017,0.9541066405880889,-0.0005480902544861612,0.3209240259571164,0.46411130911563564,64,0.027982019243334322,0.49531250000000004,True,False,False,True,True,False,True,4
198,SMA_N200_th10_bL3_sL-2,SMA,200,0.1,3.0,-2.0,0.03271303473954945,0.3155674579792703,0.963313044265361,0.03395888276847426,0.4277101626804898,0.47278031985447144,19,0.01844642583188638,0.2881035852128492,0.9710426583088538,0.018996514390018936,0.3882079503486622,0.47617267885504166,19,0.01426660890766307,0.4932291666666667,True,False,False,False,False,False,True,2
199,SMA_N200_th10_bL1_sL-1,SMA,200,0.1,1.0,-1.0,0.012359520910383948,0.15962429097517905,0.7398211581426825,0.016706092782494172,0.21633754888759615,0.18368930301456615,19,0.003946423232613627,0.11539664730747287,0.7695824980579905,0.005128005434858852,0.1546240392911767,0.18628256523891995,19,0.00841309767777032,0.48697916666666663,True,False,False,False,False,False,True,2
200,SMA_N150_th5_bL2_sL-3,SMA,150,0.05,2.0,-3.0,0.019187796919575506,0.2806093353857445,0.9099096234740873,0.021087585431084237,0.39702515645990544,0.47756085406202575,31,0.0016573866834170836,0.2459879008857322,0.9313214918960743,0.0017796074694280014,0.3460072464661156,0.48042843048816447,31,0.017530410236158422,0.4864583333333333,True,False,False,False,False,False,True,2
201,EMA_N150_th2_bL2_sL-2,EMA,150,0.02,2.0,-2.0,0.0210731100269681,0.24141161885101353,0.8693774709698129,0.024239310001282304,0.3377079520463791,0.3682558271935902,94,-0.0022994852084485817,0.1816560812965992,0.8975841433567154,-0.0025618603286028936,0.25103785391290057,0.3731353927611704,94,0.023372595235416682,0.4864583333333333,True,False,False,True,True,False,True,4
202,SMA_N200_th0_bL3_sL-3,SMA,200,0.0,3.0,-3.0,0.02525019852569743,0.3233572564773854,0.9775683903725385,0.02582959798452046,0.4552747338661829,0.5513463268656001,236,-0.009311735660747278,0.26503638337733415,0.9861404722284693,-0.009442605716916496,0.36944529425383665,0.5571820335397248,236,0.03456193418644471,0.47552083333333334,True,False,False,True,True,False,True,4
203,SMA_N50_th5_bL1_sL-1,SMA,50,0.05,1.0,-1.0,0.0045349532443108576,0.11693301049033784,0.6445385116431446,0.007035969398864535,0.16275036713568056,0.1847914020674155,64,-0.008515679600903825,0.048328402509743316,0.7335912978146873,-0.01160820694884384,0.06637866233505775,0.18750803397585245,64,0.013050632845214682,0.475,True,False,False,True,True,False,True,4
204,SMA_N150_th5_bL1_sL-2,SMA,150,0.05,1.0,-2.0,0.0069714814475942966,0.17300587188676267,0.8013311112584725,0.008699876180578764,0.24501456488880824,0.29913660421773836,31,-0.00446169671238883,0.13597859397230985,0.8393082488440964,-0.005315921437128161,0.19139674511222102,0.30100498786608926,31,0.011433178159983126,0.47239583333333335,True,False,False,False,False,False,True,2
205,SMA_N150_th10_bL1_sL-1,SMA,150,0.1,1.0,-1.0,0.004972694789456167,0.1198571281403364,0.6936064984537388,0.0071693313147178205,0.16257974247689005,0.18410592205068016,21,-0.003252725818739588,0.07722284691997754,0.7291163376741888,-0.004461189045791336,0.10342748119213012,0.18699670579311645,21,0.008225420608195755,0.4703125,True,False,False,False,False,False,True,2
206,SMA_N150_th10_bL3_sL-2,SMA,150,0.1,3.0,-2.0,0.016606289345665326,0.2803709158388104,0.9420408297619756,0.017627993204775656,0.3799615231262918,0.46901919485892785,21,0.0027559622932915584,0.2539261510104717,0.9542746769858289,0.002888017841987108,0.3418125263077804,0.47289585244461313,21,0.013850327052373768,0.4677083333333334,True,False,False,True,False,False,True,3
207,EMA_N200_th2_bL3_sL-3,EMA,200,0.02,3.0,-3.0,0.01378897234206633,0.302892751366702,0.9640688059319084,0.014302892342561945,0.4251995630809844,0.5509173095903349,78,-0.014327873972080796,0.2548420980246057,0.9773222412283505,-0.014660337571027507,0.35502357243670335,0.5553970458531207,78,0.028116846314147126,0.4630208333333333,True,False,False,True,True,False,True,4
208,EMA_N200_th10_bL1_sL-1,EMA,200,0.1,1.0,-1.0,0.0027042307445144242,0.10740550188873799,0.706557680172591,0.0038273318943385644,0.1456873082037896,0.18370308058964205,19,-0.004212862910743853,0.07144105102353683,0.7377084029998735,-0.005710742745524312,0.0958773558473441,0.18610975742470562,19,0.006917093655258277,0.45833333333333337,True,False,False,False,False,False,True,2
209,SMA_N200_th2_bL2_sL-3,SMA,200,0.02,2.0,-3.0,0.0025138679986886903,0.2470343709602149,0.9003282194307356,0.0027921683941864806,0.34903524693236027,0.4795436681728939,56,-0.019108270137670247,0.203370445266094,0.9356533917129686,-0.020422381094229083,0.2857695234669497,0.4822593090086347,56,0.021622138136358937,0.4567708333333334,True,False,False,True,False,False,True,3
210,SMA_N150_th2_bL3_sL-3,SMA,150,0.02,3.0,-3.0,0.01659215356772248,0.3081923703550563,0.9770129070100204,0.016982532624364097,0.4348055070343989,0.5520993393776297,80,-0.012983858548211713,0.2581148828930733,0.9846361083700761,-0.01318645379530579,0.36095548473487293,0.5571904469543948,80,0.02957601211593419,0.45677083333333335,True,False,False,True,True,False,True,4
211,SMA_N150_th0_bL1_sL-1,SMA,150,0.0,1.0,-1.0,0.0032576258907630606,0.11013801113368415,0.729322853686989,0.004466644469310939,0.1535230890424241,0.18507660747991841,352,-0.013453558287850997,0.02205391842617729,0.809724873341855,-0.016614974704094444,0.03031319948154534,0.18794164122225337,352,0.016711184178614058,0.45625000000000004,True,False,False,True,True,False,True,4
212,SMA_N200_th5_bL2_sL-3,SMA,200,0.05,2.0,-3.0,0.007105572290796669,0.25689298761996254,0.9403068282010416,0.0075566528687139,0.35234009173150177,0.4701529268824461,25,-0.009079545232213104,0.22469242827488192,0.9500690900383788,-0.009556721008412481,0.30633157635787667,0.4734377435199179,25,0.016185117523009773,0.45208333333333334,True,False,False,True,True,False,True,4
213,EMA_N200_th5_bL2_sL-3,EMA,200,0.05,2.0,-3.0,0.005905538813401945,0.2538511529228918,0.9312111655503171,0.006341782650245558,0.34729119369351896,0.46877653385003637,25,-0.00930370460787766,0.2236546011965961,0.9471844806442878,-0.009822484212947782,0.3041448066994809,0.4720924603401421,25,0.015209243421279606,0.4515625000000001,True,False,False,True,True,False,True,4
214,EMA_N50_th2_bL2_sL-1,EMA,50,0.02,2.0,-1.0,0.0030915259465513767,0.14878615030962558,0.8011280511567765,0.0038589660443014264,0.2051647403902604,0.2737049818998349,186,-0.02237787781678091,0.05939841227942572,0.8402669937869488,-0.026631865802472378,0.08057864332192971,0.2789127323942935,186,0.025469403763332288,0.44895833333333335,True,False,False,True,True,False,True,4
215,EMA_N200_th10_bL3_sL-2,EMA,200,0.1,3.0,-2.0,0.0065034683032676455,0.2625766846850095,0.9500135364025797,0.006845658565976183,0.35643613728931145,0.47687877858614525,19,-0.004816461776127379,0.2408922227212439,0.9595153985011821,-0.005019681584736386,0.32536133490957253,0.47978408479207796,19,0.011319930079395024,0.44635416666666666,True,False,False,True,False,False,True,3
216,SMA_N100_th10_bL3_sL-1,SMA,100,0.1,3.0,-1.0,0.011426249079146356,0.23302027562689395,0.9430534676998952,0.012116226142527152,0.31402980648151274,0.3840139428933411,19,0.001372641703844435,0.2097055339113354,0.9499581494714093,0.001444949658685724,0.280517879343073,0.38760106839745256,19,0.01005360737530192,0.4432291666666667,True,False,False,False,True,False,True,3
217,EMA_N150_th0_bL1_sL-1,EMA,150,0.0,1.0,-1.0,0.0019335084438636407,0.10306231916186902,0.7609292353604286,0.002540983253124448,0.14315501454630286,0.18516851356694988,368,-0.015273047162528641,0.01255167596877213,0.8419448701827486,-0.01814019860850693,0.017178144387405187,0.18824633456350331,368,0.017206555606392282,0.44166666666666665,True,False,False,False,True,False,True,3
218,EMA_N50_th5_bL3_sL-2,EMA,50,0.05,3.0,-2.0,0.007278686818721125,0.24218310111112423,0.9501993611714961,0.007660168082777143,0.3399514388284787,0.4495919984437618,44,-0.015124819824480884,0.19539401992524072,0.9567086008290092,-0.015809223217367222,0.27164670141826897,0.4541992733222029,44,0.02240350664320201,0.44166666666666665,True,False,False,True,True,False,True,4
219,SMA_N200_th2_bL1_sL-2,SMA,200,0.02,1.0,-2.0,-0.0032940473066480624,0.13995449765608572,0.7741351704636262,-0.004255131961870782,0.1978852679666232,0.3013651150887717,56,-0.01674502133124056,0.09605334093169479,0.8080081211272299,-0.020723828007916608,0.135102459853057,0.3029789672734846,56,0.0134509740245925,0.44114583333333335,True,False,False,False,False,False,True,2
220,EMA_N100_th0_bL1_sL-1,EMA,100,0.0,1.0,-1.0,-0.000593974324091473,0.08966918116379764,0.7204220335697021,-0.0008244810630628844,0.12483275112079507,0.18566648108063208,450,-0.019748901313638045,-0.010898224579570643,0.8182804444800321,-0.024134636782365344,-0.014932963583130527,0.18895014743227928,450,0.019154926989546572,0.44062500000000004,True,False,False,False,True,False,True,3
221,SMA_N50_th0_bL3_sL-1,SMA,50,0.0,3.0,-1.0,0.01179424693507758,0.21683005364262542,0.9422509323650786,0.01251709765409694,0.29821287365905125,0.3662058918379848,696,-0.037395105702717535,0.08806129573683673,0.9752071712464271,-0.03834580672219861,0.11879777017866568,0.37462961870760597,696,0.049189352637795114,0.4390625,True,False,False,True,True,False,True,4
222,SMA_N200_th5_bL1_sL-2,SMA,200,0.05,1.0,-2.0,0.0006915872826007696,0.15059193194754597,0.8333307301526864,0.0008299073315993688,0.20674493044332445,0.2923481963428603,25,-0.009893489528263189,0.11573272066109323,0.8498776901732567,-0.011641074524789909,0.1578765316799611,0.2945051518767347,25,0.010585076810863958,0.43593750000000003,True,False,False,False,False,False,True,2
223,EMA_N200_th5_bL1_sL-2,EMA,200,0.05,1.0,-2.0,-3.7104507275564913e-06,0.14761140063143866,0.8279995096046248,-4.4812233395261985e-06,0.20212256220766586,0.29101855655735714,25,-0.009928931132918595,0.11487122488184301,0.8548781735738972,-0.01161443985803238,0.1562907836182786,0.29319004959870165,25,0.009925220682191038,0.43281250000000004,True,False,False,False,False,False,True,2
224,EMA_N200_th0_bL3_sL-3,EMA,200,0.0,3.0,-3.0,0.005901515636353327,0.28900080329863925,0.9826476716676844,0.006005729018151202,0.40526780708038,0.5515270743936725,276,-0.02731343948296716,0.23201192234126108,0.9932531243084824,-0.027498971626173523,0.32241239732810417,0.5568935444584622,276,0.03321495511932049,0.43281250000000004,True,False,False,True,True,False,True,4
225,EMA_N50_th5_bL1_sL-1,EMA,50,0.05,1.0,-1.0,-0.0046902198378308,0.0669007290790008,0.7365429311964948,-0.006367883851945548,0.09404671384059386,0.18473306512382073,44,-0.01536649965747472,0.01080317645368016,0.7523586350614512,-0.020424434493557204,0.015010204287551059,0.18701649682481755,44,0.010676279819643919,0.4223958333333333,True,False,False,False,True,False,True,3
226,SMA_N50_th2_bL3_sL-1,SMA,50,0.02,3.0,-1.0,0.0019986500944668695,0.1937689981560787,0.9407103625053268,0.0021246179208061523,0.2652302420389632,0.3728414802666003,194,-0.032200832528412215,0.10616101493781924,0.952879419621079,-0.033793187118279,0.14318843902315734,0.3794305165448089,194,0.034199482622879085,0.4203125,True,False,False,True,True,False,True,4
227,EMA_N100_th2_bL3_sL-2,EMA,100,0.02,3.0,-2.0,0.006940610395325342,0.2437511467873752,0.9850623325701442,0.007045859095247777,0.3388554407390937,0.4538690534286678,126,-0.025894901982953966,0.1751976299084308,0.9899640265124471,-0.026157417127750937,0.24067428883045122,0.45989673411772397,126,0.03283551237827931,0.41822916666666665,True,False,False,True,True,False,True,4
228,SMA_N50_th10_bL3_sL-1,SMA,50,0.1,3.0,-1.0,0.0017381543596801663,0.17260543714204513,0.931064068422682,0.0018668472113039204,0.24330928138731195,0.33223026514361403,8,-0.005418915367689903,0.15429656181196016,0.9483545348903188,-0.005714018511354114,0.2151524690894704,0.33599383936544314,8,0.007157069727370069,0.41458333333333336,True,False,False,False,True,False,True,3
229,SMA_N200_th10_bL2_sL-2,SMA,200,0.1,2.0,-2.0,-0.0003966492493305829,0.18696561486402746,0.9456242861794092,-0.0004194575532034594,0.25371143334858914,0.3672489028026883,19,-0.01228579326318302,0.156500450430237,0.9552854466516618,-0.012860860914657008,0.2109667380596308,0.3702137248398533,19,0.011889144013852437,0.4083333333333334,True,False,False,False,False,False,True,2
230,SMA_N100_th0_bL3_sL-2,SMA,100,0.0,3.0,-2.0,-0.0020433044071698214,0.2225822150584154,0.9747455291024978,-0.002096243938714143,0.3101364450196015,0.4512911188328883,446,-0.04484336626688368,0.1315412002300691,0.9860773387620819,-0.04547652045546436,0.18065709554402823,0.45853925137574425,446,0.042800061859713856,0.4026041666666667,True,False,False,True,True,False,True,4
231,EMA_N100_th2_bL1_sL-1,EMA,100,0.02,1.0,-1.0,-0.005584307373702524,0.062076031479927685,0.8001381719023413,-0.0069791788091121115,0.08640003221239283,0.1847167675059853,126,-0.02012374112816495,-0.014557339883164884,0.8294253048844361,-0.02426227052593819,-0.019991868036615543,0.1874554295379173,126,0.014539433754462427,0.39895833333333336,True,False,False,True,True,False,True,4
232,SMA_N150_th0_bL2_sL-2,SMA,150,0.0,2.0,-2.0,-0.005046271302772798,0.1713753936594637,0.947207680302467,-0.005327523633635865,0.23983328378276497,0.36899122331091994,352,-0.033701033930814694,0.09582390183237216,0.9711585740035663,-0.03470188580211303,0.13262834110958374,0.37339899697134704,352,0.028654762628041897,0.3947916666666667,True,False,False,True,True,False,True,4
233,EMA_N150_th2_bL3_sL-3,EMA,150,0.02,3.0,-3.0,-0.014065711582546436,0.2531372707084229,0.9800364694283107,-0.014352232821245372,0.3543428219570087,0.5521981591174752,94,-0.04220714002528314,0.20514267460848518,0.9877410335632987,-0.04273097764605355,0.2845438215223212,0.557639401898756,94,0.028141428442736705,0.3927083333333334,True,False,False,True,True,False,True,4
234,SMA_N100_th2_bL3_sL-2,SMA,100,0.02,3.0,-2.0,-0.004825062009571113,0.2172752631724703,0.9778420418629327,-0.004934398198280227,0.30202308812067363,0.45279696728286645,124,-0.03654687750590935,0.15025233369981192,0.9858709550252363,-0.03707065039254942,0.20651542410863982,0.4584869630704678,124,0.031721815496338235,0.3927083333333333,True,False,False,True,True,False,True,4
235,EMA_N100_th0_bL2_sL-2,EMA,100,0.0,2.0,-2.0,-0.009115170834930186,0.16077293650409638,0.9371870058033803,-0.009726096049652792,0.22489050705554217,0.36984779158870873,450,-0.04247588485187803,0.07284896305166731,0.9710863257151422,-0.04374058590578679,0.10059210603196012,0.3750513269887445,450,0.033360714016947846,0.3921875,True,False,False,True,True,False,True,4
236,SMA_N100_th2_bL1_sL-1,SMA,100,0.02,1.0,-1.0,-0.010395503292317754,0.03579316228782947,0.7677690725461104,-0.01353988284243297,0.04982258299187825,0.18468543431981696,124,-0.02450546697177447,-0.03875593287476153,0.8162959251804668,-0.030020322551967658,-0.05327754202247736,0.18722615874329623,124,0.014109963679456716,0.3916666666666667,True,False,False,True,True,False,True,4
237,SMA_N100_th5_bL2_sL-3,SMA,100,0.05,2.0,-3.0,-0.026233346382141476,0.187428751088351,0.9320526171543302,-0.028145778359847395,0.2645161133281885,0.4813819739961613,43,-0.04542924864713649,0.1488739478961151,0.9636858210355514,-0.047141140458328436,0.20867941017432823,0.4847665576338324,43,0.019195902264995013,0.390625,True,False,False,False,False,False,True,2
238,SMA_N100_th5_bL1_sL-2,SMA,100,0.05,1.0,-2.0,-0.02020827628550015,0.08397446603318358,0.8075941572469396,-0.025022811401198667,0.11863426578493266,0.3025251449528013,43,-0.03266140175046883,0.043568624920320376,0.8614386473651967,-0.03791494826749097,0.06115230811079662,0.30453938580400186,43,0.012453125464968684,0.38854166666666673,True,False,False,False,False,False,True,2
239,EMA_N100_th10_bL3_sL-1,EMA,100,0.1,3.0,-1.0,-0.015088390317993028,0.15491089055993199,0.9267750742573164,-0.016280530990849435,0.2085818374503785,0.3689257703217399,14,-0.023159983370467097,0.13549689026151673,0.9269024250574863,-0.024986430873811468,0.18123828051416957,0.3719952102247963,14,0.008071593052474069,0.3859375,True,False,False,False,False,False,True,2
240,SMA_N50_th5_bL2_sL-2,SMA,50,0.05,2.0,-2.0,-0.013322757472163937,0.14906764697878086,0.927991881875276,-0.014356545280591736,0.20782812419010419,0.3693154847669505,64,-0.034597680190672775,0.09339218454430646,0.9550258996284333,-0.03622695489633685,0.1289307916432361,0.3732883646983638,64,0.021274922718508837,0.3854166666666667,True,False,False,True,True,False,True,4
241,SMA_N100_th10_bL2_sL-1,SMA,100,0.1,2.0,-1.0,-0.005142324021388589,0.12350427424315669,0.9230877066556018,-0.005570785944078397,0.16687941865511186,0.2767023036744716,19,-0.013960522196379666,0.0943792142908815,0.9309807986647922,-0.014995499602571582,0.12623866268819267,0.28020839417780585,19,0.008818198174991076,0.38541666666666663,True,False,False,False,True,False,True,3
242,EMA_N150_th0_bL2_sL-2,EMA,150,0.0,2.0,-2.0,-0.007097670744057871,0.16590329069788953,0.959230657659054,-0.007399336840817118,0.23140272704093715,0.36908074262810564,368,-0.036686974900362435,0.08798270312626051,0.9798312241142583,-0.037442136969585246,0.12128846244375983,0.3738299638354045,368,0.029589304156304563,0.3833333333333333,True,False,False,True,True,False,True,4
243,SMA_N150_th10_bL2_sL-2,SMA,150,0.1,2.0,-2.0,-0.014903518917525616,0.14745998784160458,0.9243247950091309,-0.01612368184646436,0.2002832011590296,0.3680622816382964,21,-0.026483155319921736,0.11826134907021787,0.9378526245233172,-0.02823807773996724,0.15941594847397209,0.37143687773475376,21,0.01157963640239612,0.3828125,True,False,False,False,False,False,True,2
244,EMA_N150_th10_bL1_sL-1,EMA,150,0.1,1.0,-1.0,-0.018190292839969424,-0.006818442702149147,0.735588501706804,-0.024728897743455807,-0.009236703712685672,0.184099837999429,18,-0.024321545293169544,-0.037798129261054185,0.7620751715813465,-0.03191489002679492,-0.0506873813111526,0.186398471254779,18,0.00613125245320012,0.37760416666666674,True,False,False,False,False,False,True,2
245,EMA_N200_th10_bL2_sL-2,EMA,200,0.1,2.0,-2.0,-0.019313104619594235,0.1347286816763377,0.9304496560665321,-0.02075674325168781,0.18298289567813847,0.3672700566546116,19,-0.02919478036804868,0.1094508487975903,0.9418145811232443,-0.03099843743471232,0.14775644508236513,0.36995093967084536,19,0.009881675748454444,0.3692708333333334,True,False,False,False,False,False,True,2
246,SMA_N50_th2_bL2_sL-1,SMA,50,0.02,2.0,-1.0,-0.017518457688059708,0.07127021227951622,0.8717830623813441,-0.020094973674077428,0.09774952337928774,0.27133912863481385,194,-0.042803615394194416,-0.019169199457492073,0.9125119643769987,-0.046907456630903274,-0.025895570152692886,0.2762135454023226,194,0.02528515770613471,0.36822916666666666,True,False,False,True,True,False,True,4
247,SMA_N100_th0_bL1_sL-1,SMA,100,0.0,1.0,-1.0,-0.016840817122877993,0.001299701478010603,0.788685125960118,-0.02135302995904299,0.0018081714337916676,0.1855747074249185,446,-0.03504882315950253,-0.09457383056595865,0.8618377237576547,-0.04066754354484269,-0.12960601124805363,0.18867756086500762,446,0.018208006036624536,0.36770833333333336,True,False,False,True,True,False,True,4
248,EMA_N50_th0_bL3_sL-2,EMA,50,0.0,3.0,-2.0,-0.0254457009942215,0.16767994036513742,0.9683443235091257,-0.026277534113083173,0.23432528375404746,0.4479150625474273,740,-0.07991753904345911,0.04727302636965218,0.9927276312301131,-0.08050298644798606,0.0649996657439958,0.4559147884527338,740,0.05447183804923761,0.36458333333333337,True,False,False,True,True,False,True,4
249,SMA_N50_th0_bL2_sL-1,SMA,50,0.0,2.0,-1.0,-0.016059812374865534,0.0746153383088104,0.9041680607814063,-0.01776197708309472,0.10268674454089478,0.2685533997709973,696,-0.05167572693340716,-0.054854010296111665,0.9608365679032206,-0.05378201523509475,-0.07405450402423124,0.27464023941211646,696,0.03561591455854163,0.36302083333333335,True,False,False,True,True,False,True,4
250,SMA_N200_th0_bL2_sL-3,SMA,200,0.0,2.0,-3.0,-0.03191424842740498,0.17566979327918267,0.9751746223728962,-0.03272670114173799,0.2479034452850291,0.4821383288791336,236,-0.05717633897209351,0.12409318907682636,0.9873520969513193,-0.05790876339721042,0.17377050334215546,0.48600158832306395,236,0.02526209054468853,0.3572916666666667,True,False,False,True,True,False,True,4
251,SMA_N200_th0_bL1_sL-2,SMA,200,0.0,1.0,-2.0,-0.026614222251168385,0.06331053624388201,0.8820443013026344,-0.03017333960648411,0.0893540121760242,0.30383644086821815,236,-0.04220270575192975,0.012409355134373398,0.9232194525649645,-0.045712539564324285,0.017391599922167877,0.3060292615207659,236,0.015588483500761363,0.35624999999999996,True,False,False,True,True,False,True,4
252,EMA_N50_th10_bL3_sL-1,EMA,50,0.1,3.0,-1.0,-0.011526933374431225,0.11068395961956648,0.9597018178207481,-0.012010952944328183,0.15426153522059577,0.2965550041567641,6,-0.01750863894486565,0.09394670362854389,0.9684412592889429,-0.01807919559077955,0.12948138825780278,0.3001755627554419,6,0.005981705570434426,0.3557291666666667,True,False,False,False,False,False,True,2
253,SMA_N150_th2_bL1_sL-2,SMA,150,0.02,1.0,-2.0,-0.02798543559009281,0.058559231001462424,0.8840724027091129,-0.03165513990068626,0.08288521731573503,0.3037617792806047,80,-0.041673278125422764,0.013732753325734412,0.9173305607345579,-0.04542885619340169,0.01932128967808375,0.30560790151642964,80,0.013687842535329953,0.35052083333333334,True,False,False,False,False,False,True,2
254,EMA_N150_th10_bL3_sL-2,EMA,150,0.1,3.0,-2.0,-0.03840074582215336,0.15767966085909332,0.9487029861249521,-0.04047710019234161,0.21318787948479198,0.4631324002541073,18,-0.04894898081224808,0.13684139438961196,0.9578409463112083,-0.051103454076334986,0.1840290428591551,0.4661753057889918,18,0.010548234990094718,0.34895833333333337,True,False,False,False,False,False,True,2
255,EMA_N200_th2_bL1_sL-2,EMA,200,0.02,1.0,-2.0,-0.02802179225369783,0.05500011669058728,0.9032837394151749,-0.031022137376058995,0.07745721744638943,0.2994342255083778,78,-0.04126311658238213,0.011035063818079418,0.9267569528923576,-0.04452420502873187,0.01545037191861918,0.3012411587303027,78,0.0132413243286843,0.34114583333333337,True,False,False,False,False,False,True,2
256,SMA_N150_th2_bL2_sL-3,SMA,150,0.02,2.0,-3.0,-0.03786805589673414,0.16296275869195087,0.9759264154899037,-0.03880216304804581,0.2304957913990354,0.48243287508384897,80,-0.05961492698266013,0.11842328141085999,0.986178971465604,-0.060450413877780995,0.16636568912072083,0.48578603938119075,80,0.02174687108592599,0.34062500000000007,True,False,False,True,True,False,True,4
257,EMA_N50_th5_bL2_sL-2,EMA,50,0.05,2.0,-2.0,-0.032009204843887584,0.09697430962172841,0.9429742550246654,-0.033944940355821615,0.1365379222895219,0.36926598920837533,44,-0.049124723218950894,0.051848277830820556,0.9548845052908015,-0.05144572243738566,0.07237436845532316,0.37259041468557097,44,0.01711551837506331,0.33645833333333336,True,False,False,False,True,False,True,3
258,SMA_N200_th10_bL3_sL-3,SMA,200,0.1,3.0,-3.0,-0.04934877470641408,0.19608334221901244,0.9917274570399981,-0.04976041991789258,0.2661952718918973,0.5508094561506761,19,-0.06242955133651884,0.17346797666153346,0.9934704079869652,-0.06283987005009811,0.23446664114722227,0.5537193152879251,19,0.013080776630104762,0.33489583333333334,True,False,False,False,False,False,True,2
259,EMA_N200_th2_bL2_sL-3,EMA,200,0.02,2.0,-3.0,-0.03805678576286864,0.15949002462409484,0.9763954033040172,-0.038976817828195995,0.2244498923999266,0.47754948563676564,78,-0.05933515155260871,0.11529689854777046,0.9850696845663097,-0.06023447120772153,0.16125137872910578,0.480648999655757,78,0.021278365789740072,0.334375,True,False,False,False,False,False,True,2
260,EMA_N150_th5_bL1_sL-3,EMA,150,0.05,1.0,-3.0,-0.03628217939971523,0.12734847446034375,0.9640555488444496,-0.037634946910688194,0.18049162690271214,0.42475976167256996,25,-0.046793204074857764,0.10283357962334494,0.9701944146622432,-0.04823074980404626,0.14522709241550563,0.42628602592535564,25,0.010511024675142533,0.33333333333333337,True,False,False,False,False,False,True,2
261,SMA_N50_th10_bL2_sL-1,SMA,50,0.1,2.0,-1.0,-0.021313261861724886,0.03952867635597763,0.9189618327713134,-0.023192760680223766,0.05581313463499336,0.2503954633805851,8,-0.027417497495327625,0.01854648695014842,0.9370123295439156,-0.02926055146859477,0.025842436304120284,0.2538491609409797,8,0.006104235633602739,0.33177083333333335,True,False,False,False,False,False,True,2
262,EMA_N100_th10_bL2_sL-1,EMA,100,0.1,2.0,-1.0,-0.026833241445802125,0.037086772024437296,0.9106238087730272,-0.029466878844247642,0.05012230776418185,0.2688817971378613,14,-0.033756416948831025,0.014012900256559392,0.9173904127718995,-0.03679613006510048,0.018770256505643405,0.27185658665719215,14,0.0069231755030289,0.3296875,True,False,False,False,False,False,True,2
263,EMA_N100_th2_bL2_sL-2,EMA,100,0.02,2.0,-2.0,-0.030781162122792582,0.10037002711489647,0.9705358019984623,-0.03171563795937262,0.14001354601966973,0.36895086761501217,126,-0.055160227199464895,0.035520529963441405,0.9818863310787528,-0.05617781351418032,0.04903384469421952,0.373163796117313,126,0.024379065076672313,0.3260416666666667,True,False,False,True,True,False,True,4
264,SMA_N150_th0_bL3_sL-3,SMA,150,0.0,3.0,-3.0,-0.047030645542421645,0.19186811389088493,0.9959291098269147,-0.0472228847197721,0.26886299140424347,0.5529217997562317,352,-0.08195196758373935,0.12890647767871985,0.9980959709654563,-0.08210830417887306,0.1790789551584953,0.5580446873298704,352,0.034921322041317704,0.3223958333333333,True,False,False,True,True,False,True,4
265,EMA_N100_th0_bL3_sL-3,EMA,100,0.0,3.0,-3.0,-0.05126760751255921,0.18459469429528386,0.9945932547515498,-0.05154630525356408,0.2586189628252032,0.5540488045386364,450,-0.09284721960022124,0.10953504535180571,0.9980984739230329,-0.0930241073661646,0.15186785213620874,0.5602626992924272,450,0.04157961208766203,0.3197916666666667,True,False,False,True,True,False,True,4
266,EMA_N150_th0_bL3_sL-3,EMA,150,0.0,3.0,-3.0,-0.049738373908495226,0.18693987663502346,0.9975162013523561,-0.04986222162714124,0.2611021946764705,0.5530094749570965,368,-0.08624458370692833,0.12117037989940713,0.99898569795952,-0.08633215058342412,0.16767758345174877,0.5585841804338048,368,0.03650620979843311,0.3130208333333333,True,False,False,True,True,False,True,4
267,EMA_N200_th0_bL1_sL-2,EMA,200,0.0,1.0,-2.0,-0.035723759236342745,0.03003510632075607,0.9273213035154748,-0.03852360460275633,0.04221887973700429,0.3011942163701912,276,-0.05063829104204276,-0.01934030179641778,0.9554356822183413,-0.05300020920766765,-0.027004427390249237,0.30329562054257164,276,0.014914531805700015,0.31093750000000003,True,False,False,False,False,False,True,2
268,EMA_N200_th0_bL2_sL-3,EMA,200,0.0,2.0,-3.0,-0.04603980010942721,0.14332845304893962,0.9879166994079874,-0.046602917166008756,0.20146627878352621,0.4793698324265645,276,-0.07052237073817735,0.09242728068993032,0.9943485833090486,-0.07092318722222048,0.12898189608604935,0.4830127409516981,276,0.024482570628750144,0.3109375,True,False,False,True,False,False,True,3
269,EMA_N50_th0_bL1_sL-1,EMA,50,0.0,1.0,-1.0,-0.03355133270452981,-0.08949902199894325,0.8521640221213077,-0.039371918824981436,-0.12454096258637729,0.18663711163682237,740,-0.056259762045738126,-0.20991126701733878,0.9354566104029532,-0.060141498194666576,-0.2875791248571111,0.1898474129837031,740,0.022708429341208314,0.30520833333333336,True,False,False,False,True,False,True,3
270,SMA_N100_th2_bL2_sL-2,SMA,100,0.02,2.0,-2.0,-0.04020595139008998,0.07385047677886007,0.9645928612608289,-0.04168178410271084,0.10301962116261744,0.3689226328747956,124,-0.06370521647154304,0.010823615579552559,0.9803956743980554,-0.0649790876634139,0.014951492619645996,0.37285054794738653,124,0.023499265081453058,0.30520833333333336,True,False,False,True,True,False,True,4
271,EMA_N100_th5_bL1_sL-3,EMA,100,0.05,1.0,-3.0,-0.05191615750691292,0.09481753855582685,0.9620746664979871,-0.05396271133080661,0.13520818765769235,0.43283941592121394,32,-0.06358314598201975,0.06748348443349855,0.9695859866805424,-0.06557762473414235,0.09591434787850509,0.434235487150821,32,0.011666988475106832,0.30520833333333336,True,False,False,False,False,False,True,2
272,SMA_N100_th0_bL2_sL-2,SMA,100,0.0,2.0,-2.0,-0.04120996907498098,0.07165979865995158,0.9656990560196432,-0.04267371788146672,0.10014673029787396,0.3697724092758139,446,-0.07244331979417618,-0.012338254140473306,0.9830209192210329,-0.0736945861249645,-0.017032044763194594,0.374714016491431,446,0.031233350719195196,0.3026041666666667,True,False,False,True,True,False,True,4
273,EMA_N50_th2_bL1_sL-1,EMA,50,0.02,1.0,-1.0,-0.03572712363029684,-0.10371645805167602,0.8341714330691575,-0.042829473911431416,-0.14372755387022645,0.18523379189975414,186,-0.05012807964597332,-0.17981838939604813,0.9046539040887503,-0.055411334013383697,-0.24615351563332633,0.18776397330983421,186,0.01440095601567648,0.30208333333333337,True,False,False,True,True,False,True,4
274,EMA_N150_th2_bL1_sL-2,EMA,150,0.02,1.0,-2.0,-0.042509105160574934,0.007745169369295092,0.9138203647359422,-0.04651801032346043,0.010881273298274591,0.3023484461623161,94,-0.055570993410630876,-0.03517808083313158,0.9464039005668058,-0.0587180519621159,-0.049093893790338766,0.3044512218553494,94,0.013061888250055942,0.3015625,True,False,False,False,False,False,True,2
275,SMA_N50_th5_bL3_sL-3,SMA,50,0.05,3.0,-3.0,-0.0642993887673714,0.15978862533103502,0.9942961139908845,-0.06466824908858176,0.22290010891832535,0.5538427123598837,64,-0.08904394636732582,0.11545506880715,0.9974396145691046,-0.08927251842287509,0.159883554110939,0.5582309664381085,64,0.02474455759995442,0.2989583333333333,True,False,False,True,True,False,True,4
276,SMA_N150_th10_bL3_sL-3,SMA,150,0.1,3.0,-3.0,-0.0699874378174814,0.15666563011243267,0.9862918969698884,-0.07096016709910993,0.21287901258241146,0.5520196867556821,21,-0.08265800486397801,0.13517371349456236,0.989185362102507,-0.08356169433026077,0.1827670022974212,0.5553135484035036,21,0.012670567046496606,0.29322916666666665,True,False,False,False,False,False,True,2
277,EMA_N150_th2_bL2_sL-3,EMA,150,0.02,2.0,-3.0,-0.06145502142779358,0.11065882004307627,0.9836274065093454,-0.062477947463748,0.1553394969274407,0.480959759000157,94,-0.0823433925281315,0.06752816182417203,0.9907568373311705,-0.08311160662786059,0.09410629039341664,0.48465084339148573,94,0.02088837110033792,0.2911458333333334,True,False,False,True,False,False,True,3
278,SMA_N150_th5_bL1_sL-3,SMA,150,0.05,1.0,-3.0,-0.058323491024364627,0.07442346522833057,0.9738198677289401,-0.05989145729834175,0.10558863352131594,0.4267898338721859,31,-0.06844985704924778,0.05026035106206746,0.9784678802502437,-0.06995616149580883,0.0711012140941518,0.4280221055138955,31,0.010126366024883149,0.28802083333333334,True,False,False,False,False,False,True,2
279,EMA_N50_th2_bL3_sL-2,EMA,50,0.02,3.0,-2.0,-0.0629444227546212,0.08383165507214493,0.9773391845611533,-0.06440386689589717,0.11607982438858495,0.45199578997543893,186,-0.09501082437784092,0.013367022358866037,0.9935355407807167,-0.0956290142405794,0.018294500206605665,0.4579348380981074,186,0.03206640162321972,0.28125,True,False,False,True,True,False,True,4
280,EMA_N200_th10_bL3_sL-3,EMA,200,0.1,3.0,-3.0,-0.07605587378197542,0.14384066048118516,0.9908780518254895,-0.07675603838621523,0.19544148540002013,0.5508379846855818,19,-0.08644727652963513,0.1257642756903133,0.9941946253704131,-0.08695206584669168,0.17023168476426406,0.5533519362900763,19,0.010391402747659706,0.2807291666666667,True,False,False,False,False,False,True,2
281,EMA_N50_th10_bL2_sL-1,EMA,50,0.1,2.0,-1.0,-0.03509319544495815,-0.03637152612386817,0.9542206072475446,-0.03677681573675577,-0.05090233347993923,0.23298435151733513,6,-0.04034141729931817,-0.054940906685956206,0.9632483547816882,-0.04188059818535709,-0.07589436144016032,0.23626106984880388,6,0.0052482218543600245,0.27968750000000003,True,False,False,False,False,False,True,2
282,SMA_N100_th10_bL1_sL-1,SMA,100,0.1,1.0,-1.0,-0.03756160949630927,-0.11462925542014915,0.9078338447090251,-0.04137498256451141,-0.15602491709178667,0.18437876392600844,19,-0.043515776118380645,-0.14387109676784235,0.9136636981843593,-0.04762778274419306,-0.19379303739483988,0.18669666320057685,19,0.005954166622071377,0.275,True,False,False,False,False,False,True,2
283,EMA_N150_th10_bL2_sL-2,EMA,150,0.1,2.0,-2.0,-0.05987454992697472,0.020429321985135227,0.9512782287374841,-0.06294115445744924,0.02771021668356834,0.36806787223314413,18,-0.06879935238272239,-0.0022583264957426762,0.9636839576450257,-0.0713920283065091,-0.003044823231609983,0.3707479699124816,18,0.008924802455747671,0.27083333333333337,True,False,False,False,False,False,True,2
284,SMA_N200_th5_bL1_sL-3,SMA,200,0.05,1.0,-3.0,-0.06436745804084243,0.05198846290976729,0.9753258435472033,-0.06599584996819292,0.07150348707420243,0.4143353179001801,25,-0.07398493737714884,0.028597526270138604,0.9793473664614648,-0.07554514354234493,0.03920672793123355,0.4158366974647452,25,0.009617479336306411,0.265625,True,False,False,False,False,False,True,2
285,EMA_N200_th5_bL1_sL-3,EMA,200,0.05,1.0,-3.0,-0.06476957637103453,0.04884960431379876,0.9762893881134925,-0.06634260001144777,0.06700621115809284,0.411821430226156,25,-0.07367940450505661,0.02715409917094501,0.9799946657434475,-0.07518347505408271,0.03712914371139597,0.41331559370902454,25,0.00890982813402208,0.2598958333333333,True,False,False,False,False,False,True,2
286,SMA_N200_th10_bL1_sL-2,SMA,200,0.1,1.0,-2.0,-0.05193508430250793,-0.041535691533000824,0.9502352219640526,-0.05465497710678697,-0.05648379935348486,0.28573618109581383,19,-0.05948214864126522,-0.0673124382352462,0.9570540819293708,-0.06215129297745884,-0.09109337401107011,0.28739027313163285,19,0.007547064338757292,0.2598958333333333,True,False,False,False,False,False,True,2
287,SMA_N200_th2_bL1_sL-3,SMA,200,0.02,1.0,-3.0,-0.07158467120973366,0.045150697882328346,0.9753178082471639,-0.07339625156479535,0.06395004536483308,0.4311492154141505,56,-0.0837195572088244,0.0157561202145691,0.9850919385077005,-0.08498654179999664,0.022259717218178224,0.43225060541033944,56,0.012134885999090739,0.2546875,True,False,False,False,False,False,True,2
288,EMA_N50_th0_bL2_sL-2,EMA,50,0.0,2.0,-2.0,-0.06334386504709422,0.009709413558058858,0.9756919354600324,-0.06492199304407287,0.013600726614752326,0.37109407297279917,740,-0.10296905530713163,-0.09959954485658465,0.9945853964939683,-0.10352962718949,-0.137662125986141,0.3764230643436394,740,0.03962519026003741,0.2526041666666667,True,False,False,False,True,False,True,3
289,EMA_N50_th5_bL3_sL-3,EMA,50,0.05,3.0,-3.0,-0.09091606687345777,0.10700566180856232,0.9954673292596913,-0.09133003585468766,0.1507405040957037,0.5538010886261847,44,-0.11022917565146295,0.07194384093460095,0.9972461836620884,-0.11053356478806393,0.10070112891264384,0.5574782404552022,44,0.019313108778005184,0.25,True,False,False,False,True,False,True,3
290,SMA_N200_th10_bL2_sL-3,SMA,200,0.1,2.0,-3.0,-0.07982748524292871,0.0592899159692389,0.9909012396419307,-0.08056048579753008,0.08059961443955467,0.46337377680982533,19,-0.09072129031714626,0.03608188499968861,0.9928345876377855,-0.0913760373044578,0.04884278013297537,0.4657220096982052,19,0.010893805074217555,0.246875,True,False,False,False,False,False,True,2
291,SMA_N50_th2_bL1_sL-1,SMA,50,0.02,1.0,-1.0,-0.049483831903339714,-0.18119575531488993,0.9007929559776472,-0.05493363549855249,-0.24998653995787964,0.18525999932431028,194,-0.06386541115709188,-0.2577312229494428,0.9431921036020402,-0.06771198668138821,-0.35159439218449834,0.1876143944789631,194,0.014381579253752164,0.24635416666666668,True,False,False,False,False,False,True,2
292,SMA_N150_th10_bL1_sL-2,SMA,150,0.1,1.0,-2.0,-0.06380177933510844,-0.07884709654097,0.9394061752841693,-0.06791713852190559,-0.1074803826832316,0.29107504353037295,21,-0.07109270680409274,-0.10307036059970702,0.9557736482365019,-0.07438236755665519,-0.13976564780269995,0.2928735177574394,21,0.0072909274689842984,0.24479166666666669,True,False,False,False,False,False,True,2
293,EMA_N100_th2_bL3_sL-3,EMA,100,0.02,3.0,-3.0,-0.08778396502135866,0.11315572398392743,0.9984066050974629,-0.08792406277479436,0.1579663157465627,0.5531910458854348,126,-0.11674778568091349,0.05983823582697828,0.9991961842998044,-0.11684170487773182,0.08285409267201321,0.5580841578392128,126,0.02896382065955483,0.24375,True,False,False,True,True,False,True,4
294,SMA_N100_th10_bL3_sL-2,SMA,100,0.1,3.0,-2.0,-0.08154118940828203,0.05091067326111338,0.9952989269901625,-0.08192633107208,0.06905386804651253,0.4547706553940577,19,-0.09018982339567627,0.033792891039983314,0.9958689250533724,-0.0905639498600106,0.045586202763862015,0.45777589735177243,19,0.008648633987394239,0.2328125,True,False,False,False,True,False,True,3
295,SMA_N150_th0_bL1_sL-2,SMA,150,0.0,1.0,-2.0,-0.06431241604763949,-0.06289309964033324,0.9719016544176731,-0.06617173224812861,-0.08836088263141714,0.30692107636227706,352,-0.08030592179906382,-0.11636612279270432,0.9835764649206681,-0.08164685173261137,-0.16252201895249271,0.30880349289010883,352,0.01599350575142433,0.23177083333333331,True,False,False,False,True,False,True,3
296,EMA_N100_th10_bL1_sL-1,EMA,100,0.1,1.0,-1.0,-0.05290079212488086,-0.20181770235939794,0.917711311264789,-0.05764426293490164,-0.2753299719680821,0.18435797936518813,14,-0.05739782099282542,-0.22314283807511065,0.9215169426279511,-0.0622862351604087,-0.30176222771995687,0.1862754473005754,14,0.004497028867944564,0.22916666666666669,True,False,False,False,False,False,True,2
297,SMA_N100_th0_bL3_sL-3,SMA,100,0.0,3.0,-3.0,-0.09704690157945528,0.09522635704416929,0.9978830894781557,-0.09725277700637866,0.13327980305186407,0.5539899111275027,446,-0.13540805611206808,0.023343432063441607,0.9992906018618599,-0.13550418252686283,0.03234668731114839,0.559937304034837,446,0.038361154532612796,0.22864583333333333,True,False,False,True,True,False,True,4
298,EMA_N200_th10_bL1_sL-2,EMA,200,0.1,1.0,-2.0,-0.06435943386650322,-0.09320963128666118,0.9577939290234523,-0.06719549155226201,-0.12672666008331893,0.2816621760095334,19,-0.07081389294343243,-0.11541171803392022,0.9627682806579213,-0.07355237430032568,-0.15617820727613074,0.28323356608140315,19,0.006454459076929209,0.2265625,True,False,False,False,False,False,True,2
299,SMA_N50_th0_bL3_sL-2,SMA,50,0.0,3.0,-2.0,-0.08095638717681763,0.035996136174484224,0.9949304478734857,-0.08136889101127595,0.0498464014880765,0.44678100760145467,696,-0.12773443655524697,-0.07156654913493829,0.9987983320853498,-0.12788811560042906,-0.09766945161635657,0.45415279081411614,696,0.04677804937842933,0.225,True,False,False,True,True,False,True,4
300,EMA_N150_th0_bL1_sL-2,EMA,150,0.0,1.0,-2.0,-0.06546644187461592,-0.0686083141602377,0.9739481974372636,-0.06721758102420321,-0.09608894218714287,0.3054953337940728,368,-0.08193870080980425,-0.12387712280010775,0.985564822495606,-0.08313882449895331,-0.17241073716848931,0.30750677040555824,368,0.016472258935188333,0.22395833333333334,True,False,False,False,False,False,True,2
301,EMA_N100_th0_bL1_sL-2,EMA,100,0.0,1.0,-2.0,-0.0682351899042083,-0.07360277478835325,0.9692782960210417,-0.07039793440575193,-0.10339041626723199,0.30930606811301525,450,-0.08699898423651053,-0.13597230640451,0.9848789436160454,-0.08833469818847813,-0.18965980772795424,0.31157046183495923,450,0.01876379433230224,0.22343750000000004,True,False,False,False,True,False,True,3
302,SMA_N50_th5_bL1_sL-2,SMA,50,0.05,1.0,-2.0,-0.06674440176800134,-0.07591770972690436,0.9724949183834356,-0.06863213422127655,-0.10633564040622877,0.303203176095849,64,-0.07891906382988323,-0.1166902448580045,0.982486659227361,-0.08032583759655944,-0.16254504820429974,0.30495768316738703,64,0.012174662061881891,0.22187500000000002,True,False,False,False,False,False,True,2
303,SMA_N50_th10_bL1_sL-1,SMA,50,0.1,1.0,-1.0,-0.05311943518621509,-0.20341969982997274,0.9272266005866944,-0.05728851518345596,-0.28820714024546973,0.18458953440774764,8,-0.057192650921719324,-0.22202380829659416,0.9388255197147597,-0.06091936118129382,-0.31117641527746986,0.18662289195876436,8,0.004073215735504232,0.221875,True,False,False,False,False,False,True,2
304,SMA_N150_th0_bL2_sL-3,SMA,150,0.0,2.0,-3.0,-0.0909671019003565,0.04847995130030084,0.9961055280363198,-0.09132275581251435,0.06811363596192166,0.48574365748318316,352,-0.11636625443012794,-0.006233079290419459,0.9982974219556185,-0.11656471495455915,-0.008700732913110625,0.48903928006511765,352,0.02539915252977143,0.21979166666666666,True,False,False,True,True,False,True,4
305,SMA_N100_th2_bL3_sL-3,SMA,100,0.02,3.0,-3.0,-0.1010845654873177,0.08655586707240766,0.9983304347450809,-0.10125361500486478,0.12082954489842339,0.5531658402979001,124,-0.1290160217331433,0.03440673060846782,0.9991920496273649,-0.1291203445636483,0.047660956749130595,0.5577791426862144,124,0.027931456245825603,0.2177083333333333,True,False,False,True,True,False,True,4
306,SMA_N50_th0_bL1_sL-1,SMA,50,0.0,1.0,-1.0,-0.055153766756136924,-0.21090147936650436,0.9354725877197105,-0.05895818592672892,-0.29125146720173534,0.18647587363454535,696,-0.07535490764434616,-0.3184399357915537,0.9685295905314899,-0.07780341290656327,-0.4334825896552539,0.1895011925239746,696,0.020201140888209235,0.21458333333333335,True,False,False,False,True,False,True,3
307,EMA_N100_th0_bL2_sL-3,EMA,100,0.0,2.0,-3.0,-0.09537354898340633,0.04103770600643168,0.9958231031877319,-0.09577358536682451,0.0576569518801438,0.48850609023004954,450,-0.12543394464395508,-0.023642744491714548,0.9983081678742702,-0.12564651745867772,-0.03296313918598119,0.49244003901083416,450,0.030060395660548744,0.2125,True,False,False,False,True,False,True,3
308,EMA_N150_th0_bL2_sL-3,EMA,150,0.0,2.0,-3.0,-0.09250132239054931,0.0437551076523494,0.9977070131326742,-0.09271391417817824,0.06128216538688538,0.484247316317301,368,-0.11911341403180387,-0.013697410716238399,0.9988639594335644,-0.1192488856033515,-0.01905079192686172,0.4878289752823126,368,0.026612091641254554,0.21145833333333336,True,False,False,False,False,False,True,2
309,SMA_N150_th10_bL2_sL-3,SMA,150,0.1,2.0,-3.0,-0.09881326530236967,0.019728862572311906,0.988467772564059,-0.09996609706966034,0.02687042498216061,0.46924298817897064,21,-0.1094065573492502,-0.002310287071561955,0.9928369956214924,-0.11019589099896936,-0.0031316364730704185,0.4718906609531723,21,0.010593292046880531,0.20989583333333336,True,False,False,False,False,False,True,2
310,SMA_N100_th5_bL1_sL-3,SMA,100,0.05,1.0,-3.0,-0.09287156861046009,-0.006939715208203098,0.989691740429776,-0.09383888418643403,-0.009822558662438342,0.4328616785536621,43,-0.10352694884382885,-0.03270574890062753,0.9934384567291954,-0.10421073207159887,-0.04615080155114484,0.43418902567420936,43,0.01065538023336876,0.20833333333333337,True,False,False,False,False,False,True,2
311,SMA_N50_th2_bL3_sL-2,SMA,50,0.02,3.0,-2.0,-0.09467412523301244,0.0054443781497226385,0.9921146859255028,-0.09542659389694938,0.007501661320004219,0.4496067163487497,194,-0.12651033724964245,-0.06696180458457134,0.9977112005088489,-0.12680055830296394,-0.09125451826201907,0.4552744074772997,194,0.031836212016630006,0.20833333333333337,True,False,False,True,True,False,True,4
312,EMA_N50_th2_bL2_sL-2,EMA,50,0.02,2.0,-2.0,-0.08667393023255243,-0.0596180182822385,0.9861991560275892,-0.08788684283778449,-0.08285202743733262,0.36974976459509123,186,-0.1105635142941499,-0.12549352340147954,0.9947464607154892,-0.11114743169292114,-0.17266983994749532,0.3737950513631357,186,0.02388958406159747,0.20416666666666666,True,False,False,True,True,False,True,4
313,EMA_N200_th10_bL2_sL-3,EMA,200,0.1,2.0,-3.0,-0.09975481935179864,0.0076163483371585045,0.9930866967146895,-0.100449255519992,0.010355653769926004,0.45920449734667607,19,-0.10882594185907324,-0.011906209354094996,0.9944454020702302,-0.10943380263262324,-0.016125098305227556,0.46134790836332457,19,0.009071122507274598,0.20052083333333334,True,False,False,False,False,False,True,2
314,SMA_N200_th0_bL1_sL-3,SMA,200,0.0,1.0,-3.0,-0.09911512532104172,-0.020418555787025283,0.9926568241001485,-0.09984832916540959,-0.028883005748768155,0.4352685167604199,236,-0.11301585719693674,-0.05435097362276156,0.9959723236019375,-0.11347288927488916,-0.0766169135437385,0.4367791483254227,236,0.013900731875895023,0.196875,True,False,False,False,False,False,True,2
315,SMA_N50_th5_bL2_sL-3,SMA,50,0.05,2.0,-3.0,-0.10143915755380128,0.021614397469112524,0.9970489918026707,-0.10173939133161217,0.030243805427754764,0.4823768349009029,64,-0.12010078111552192,-0.018546551671316996,0.9985447339031095,-0.12027581443053857,-0.025801865996044327,0.48532580574674067,64,0.01866162356172063,0.1921875,True,False,False,False,False,False,True,2
316,EMA_N100_th2_bL1_sL-2,EMA,100,0.02,1.0,-2.0,-0.08031198246574178,-0.11918209522277719,0.9831940206045475,-0.08168477511321667,-0.16705609893398574,0.3068236468155547,126,-0.09398504008506614,-0.16521630348313404,0.9899897045352676,-0.0949353712008406,-0.23031987545517035,0.30856917306049997,126,0.013673057619324358,0.19166666666666668,True,False,False,False,True,False,True,3
317,EMA_N50_th5_bL1_sL-2,EMA,50,0.05,1.0,-2.0,-0.0821601037984695,-0.11974304822752625,0.9778919105222584,-0.08401757179338012,-0.16926638544887343,0.31120767534259564,44,-0.09207860859486738,-0.15248369190521893,0.9845979755316646,-0.09351899037284395,-0.21458347562335015,0.312610286314076,44,0.009918504796397887,0.18906250000000002,True,False,False,False,True,False,True,3
318,SMA_N150_th2_bL1_sL-3,SMA,150,0.02,1.0,-3.0,-0.10268968038628079,-0.029673890057420816,0.9925779409098493,-0.1034575484240059,-0.04207795996498114,0.4352519886861257,80,-0.1144331447331417,-0.05848415631430784,0.9951676466837355,-0.11498881129674485,-0.08269668078006844,0.43647615334271916,80,0.01174346434686091,0.1890625,True,False,False,False,False,False,True,2
319,EMA_N200_th2_bL1_sL-3,EMA,200,0.02,1.0,-3.0,-0.10119685651888466,-0.03401453448913577,0.9933100893036294,-0.1018784140105028,-0.047992155124043576,0.4274673003430087,78,-0.11325166071088766,-0.06408722797645805,0.9960152225122713,-0.1137047488342904,-0.09016120104497749,0.4287207147851074,78,0.012054804192002999,0.1885416666666667,True,False,False,False,False,False,True,2
320,EMA_N50_th10_bL1_sL-1,EMA,50,0.1,1.0,-1.0,-0.06462802214918284,-0.2696560808383363,0.9555282108451577,-0.06763591217471207,-0.3798903946832094,0.18457538508184834,6,-0.06815469836874422,-0.2851974864960054,0.9618043416914335,-0.0708612920678722,-0.397947943780013,0.18641107517322453,6,0.0035266762195613754,0.18177083333333333,True,False,False,False,False,False,True,2
321,EMA_N50_th0_bL3_sL-3,EMA,50,0.0,3.0,-3.0,-0.123393752663434,0.04303610021666744,0.9988753877014491,-0.12353267903354806,0.06041583135541495,0.5555812558921099,740,-0.1730273585997405,-0.05380169250243693,0.9998505971586784,-0.1730532132414986,-0.07467437661471932,0.5622857102330155,740,0.0496336059363065,0.1791666666666667,True,False,False,False,True,False,True,3
322,SMA_N100_th10_bL2_sL-2,SMA,100,0.1,2.0,-2.0,-0.0965868261583408,-0.08723337283700011,0.9936507054641958,-0.09720400300346903,-0.11889068900077655,0.3686254048141426,19,-0.10412096947954508,-0.10604366037203998,0.9943022991663902,-0.1047176191454437,-0.14366632814425823,0.37123077187857584,19,0.0075341433212042785,0.1765625,True,False,False,False,False,False,True,2
323,SMA_N100_th2_bL1_sL-2,SMA,100,0.02,1.0,-2.0,-0.08727282737415609,-0.14263450131957822,0.9866513675313959,-0.08845356145657905,-0.1999410113761243,0.3077190662805257,124,-0.10050733040533777,-0.18740948333934246,0.9922066480550381,-0.10129677179885474,-0.26137884634678243,0.30933552533983805,124,0.013234503031181677,0.175,True,False,False,False,False,False,True,2
324,EMA_N100_th10_bL3_sL-2,EMA,100,0.1,3.0,-2.0,-0.11473533241189582,-0.0387284729881714,0.9956866805098026,-0.11523236642389358,-0.05258958523749363,0.44688005913253903,14,-0.12199029424833097,-0.05352183767086761,0.9969034328130897,-0.12236921875581808,-0.07233493853556353,0.44941296486107146,14,0.007254961836435148,0.17239583333333336,True,False,False,False,False,False,True,2
325,EMA_N150_th10_bL3_sL-3,EMA,150,0.1,3.0,-3.0,-0.1329381550163512,0.02951619926854606,0.997532001124779,-0.1332670579655141,0.04005260052972743,0.5520368051825423,18,-0.1424493646518581,0.012729346053863354,0.998417217547194,-0.14267518843656626,0.017207058655850378,0.5545883806372462,18,0.00951120963550689,0.17187500000000003,True,False,False,False,False,False,True,2
326,EMA_N200_th0_bL1_sL-3,EMA,200,0.0,1.0,-3.0,-0.10890590433962388,-0.051086625179129194,0.9954837732976184,-0.10939997944804715,-0.07199098567851114,0.4301927250743625,276,-0.12247399082916532,-0.08489162497665033,0.9974645723584313,-0.12278530408311607,-0.11922797676803079,0.43166177508372383,276,0.013568086489541442,0.17031250000000003,True,False,False,False,False,False,True,2
327,SMA_N100_th0_bL1_sL-2,SMA,100,0.0,1.0,-2.0,-0.09130992215933764,-0.1528039636879811,0.9883506127090851,-0.0923861643683871,-0.2144799233415239,0.310553096420285,446,-0.10898093113653606,-0.21225909938581314,0.9941054702579971,-0.10962713152383376,-0.2959332583777974,0.3127181292228032,446,0.01767100897719842,0.16875,True,False,False,False,True,False,True,3
328,SMA_N50_th10_bL3_sL-2,SMA,50,0.1,3.0,-2.0,-0.10444684774369839,-0.04173449586683496,0.9979672967804102,-0.10465958962849718,-0.05907665862697849,0.42890717385714994,8,-0.11084526266617023,-0.05419387639685491,0.9984771381077528,-0.11101432214686133,-0.07619962590772497,0.43182518345925636,8,0.00639841492247184,0.1671875,True,False,False,False,False,False,True,2
329,EMA_N100_th2_bL2_sL-3,EMA,100,0.02,2.0,-3.0,-0.12195718775525344,-0.022643072613547886,0.9984881794500622,-0.12214184430548176,-0.03171106528511175,0.48592170184444305,126,-0.14328359106050859,-0.06936393022833508,0.9993458917814078,-0.1433773753801049,-0.09654913695285444,0.4890592337983695,126,0.02132640330525515,0.1635416666666667,True,False,False,True,True,False,True,4
330,EMA_N50_th5_bL2_sL-3,EMA,50,0.05,2.0,-3.0,-0.12637397097117598,-0.028146348584324687,0.9978899454574804,-0.12664119079107478,-0.03975570359081776,0.49080675624609127,44,-0.14094588237736183,-0.05944927042667614,0.9987742298980389,-0.141118861658806,-0.08356152339370297,0.4932360726644396,44,0.014571911406185856,0.159375,True,False,False,False,True,False,True,3
331,EMA_N150_th2_bL1_sL-3,EMA,150,0.02,1.0,-3.0,-0.1198982104656382,-0.07707088437238532,0.9971774301744271,-0.12023758945754068,-0.10850104351203922,0.43255058408072944,94,-0.13134101332412562,-0.1054573579122263,0.9982868622174842,-0.131566404702932,-0.14798882717854678,0.4339644313065757,94,0.011442802858487422,0.15416666666666667,True,False,False,False,False,False,True,2
332,SMA_N50_th0_bL2_sL-2,SMA,50,0.0,2.0,-2.0,-0.10625707985968835,-0.11668645516249049,0.9955526961637223,-0.10673174837368325,-0.16212578449272722,0.3709415145357813,696,-0.14067483837319295,-0.21429929582800938,0.9988113524649005,-0.14084225016669144,-0.29414097273940315,0.37591181003435886,696,0.03441775851350459,0.153125,True,False,False,False,True,False,True,3
333,EMA_N150_th10_bL1_sL-2,EMA,150,0.1,1.0,-2.0,-0.09752280161178695,-0.19544992542619097,0.984466806173172,-0.09906154377198195,-0.266397643399095,0.29668880932039504,18,-0.10315863460082952,-0.21393684786046713,0.9879304365852382,-0.10441892544316712,-0.29039940168351036,0.2981162226515114,18,0.005635832989042577,0.15208333333333335,True,False,False,False,False,False,True,2
334,SMA_N50_th2_bL2_sL-2,SMA,50,0.02,2.0,-2.0,-0.11230822351694902,-0.13645962035905274,0.9948158966752682,-0.11289347495580795,-0.18881161322667478,0.36977161221408644,194,-0.13607990657862146,-0.20359178041221207,0.9980709649455582,-0.13634291684463962,-0.2790856405603781,0.3735981729287212,194,0.023771683061672433,0.1453125,True,False,False,False,False,False,True,2
335,SMA_N100_th0_bL2_sL-3,SMA,100,0.0,2.0,-3.0,-0.13248497356472322,-0.04327341645814513,0.9989261102559442,-0.1326274007701911,-0.060742999187497065,0.4898415962121225,446,-0.1603910763085714,-0.10507996589759659,0.9996469693380117,-0.16044771927312093,-0.14641719794895106,0.4936170409310542,446,0.027906102743848193,0.14322916666666669,True,False,False,False,True,False,True,3
336,SMA_N100_th2_bL2_sL-3,SMA,100,0.02,2.0,-3.0,-0.13304319540936638,-0.04776778528455805,0.9989472509945375,-0.13318340410558263,-0.06689846783110372,0.4868703628899786,124,-0.15356779032793821,-0.09322630951724717,0.9995464210137043,-0.15363747705903968,-0.12981868395078455,0.48979508797133103,124,0.020524594918571837,0.13854166666666667,True,False,False,False,False,False,True,2
337,SMA_N200_th10_bL1_sL-3,SMA,200,0.1,1.0,-3.0,-0.12727055489041672,-0.13204239977523244,0.9964556702735766,-0.1277232481957523,-0.17978554061520113,0.40182376720940677,19,-0.13416972998442223,-0.15007406929352757,0.9974253643698303,-0.13451605982487738,-0.20382771243577255,0.40299717993540235,19,0.006899175094005505,0.12916666666666668,True,False,False,False,False,False,True,2
338,EMA_N50_th10_bL3_sL-2,EMA,50,0.1,3.0,-2.0,-0.1254342142557594,-0.11782301139584508,0.9992178344359149,-0.12553240137729363,-0.1655827325661107,0.4122219334746071,6,-0.13072661443228262,-0.12822729552185708,0.9993874621907192,-0.13080673850532584,-0.1791110777140305,0.4148306085944051,6,0.005292400176523215,0.1234375,True,False,False,False,False,False,True,2
339,EMA_N100_th10_bL2_sL-2,EMA,100,0.1,2.0,-2.0,-0.12529191599495315,-0.17494803855084212,0.9958924925604999,-0.1258086760678555,-0.23898019365357934,0.3685988397029273,14,-0.13151464969013393,-0.1905445204854551,0.9969189152295194,-0.13192110981248206,-0.2589734800147057,0.3707695320611096,14,0.006222733695180782,0.12291666666666667,True,False,False,False,False,False,True,2
340,EMA_N50_th0_bL1_sL-2,EMA,50,0.0,1.0,-2.0,-0.11117948778605113,-0.21495991136401738,0.994437605842574,-0.11180137107933505,-0.30220696869793756,0.3158735919589282,740,-0.1343965731414668,-0.2937493686453603,0.9979710148415372,-0.13466981619982918,-0.4097769202394385,0.31838605148940585,740,0.023217085355415668,0.12239583333333334,True,False,False,False,False,False,True,2
341,EMA_N50_th2_bL3_sL-3,EMA,50,0.02,3.0,-3.0,-0.16475102989948187,-0.0448797566535976,0.9996967918628248,-0.16480099890336397,-0.062428504976962854,0.5542744769239362,186,-0.19276106572058782,-0.10002407724444205,0.9999130578387325,-0.1927778262414457,-0.13802007828237964,0.5591284571163182,186,0.02801003582110595,0.11927083333333335,True,False,False,True,True,False,True,4
342,SMA_N50_th10_bL2_sL-2,SMA,50,0.1,2.0,-2.0,-0.12505479640893313,-0.17703218444966512,0.9976104400177628,-0.1253543381189019,-0.2511317635148762,0.36912595182449315,8,-0.13051197844796858,-0.18988437028514787,0.998142692241898,-0.13075483040889632,-0.2676566761050934,0.3714732527216708,8,0.005457182039035446,0.11822916666666668,True,False,False,False,False,False,True,2
343,EMA_N150_th10_bL2_sL-3,EMA,150,0.1,2.0,-3.0,-0.15230081167924847,-0.10359000403476562,0.9987640935499077,-0.15248927415674868,-0.1410144954694543,0.4750762860172821,18,-0.16034819279957935,-0.12065301818629275,0.999158314740215,-0.16048326920170852,-0.16363485207954456,0.4771517719879368,18,0.008047381120330876,0.11354166666666668,True,False,False,False,False,False,True,2
344,SMA_N150_th0_bL1_sL-3,SMA,150,0.0,1.0,-3.0,-0.145115223328236,-0.1339422333595893,0.9991455409151704,-0.14523932438843423,-0.18869568841261303,0.440416765125776,352,-0.15898417401293385,-0.16927450928773796,0.9995345047834838,-0.15905821485109464,-0.23779995044964086,0.44166741304354323,352,0.013868950684697845,0.10729166666666667,True,False,False,False,False,False,True,2
345,EMA_N50_th2_bL1_sL-2,EMA,50,0.02,1.0,-2.0,-0.12201874547087,-0.2644730865646554,0.995859309595731,-0.1225260880680058,-0.36937621093030776,0.3099712438611724,186,-0.135810530940485,-0.31195861102954,0.9977419717492279,-0.1361178889792356,-0.43336999390757835,0.3117056023573068,186,0.013791785469615014,0.10677083333333334,True,False,False,False,False,False,True,2
346,SMA_N150_th10_bL1_sL-3,SMA,150,0.1,1.0,-3.0,-0.14354641021188452,-0.16512856266087675,0.9983356966873265,-0.1437857132507629,-0.22548181311477955,0.41160202760332093,21,-0.15021630219187776,-0.18214672365180024,0.9987852547005797,-0.15039899866854792,-0.2480562782178912,0.41287269255338627,21,0.006669891979993237,0.10677083333333334,True,False,False,False,False,False,True,2
347,EMA_N50_th0_bL2_sL-3,EMA,50,0.0,2.0,-3.0,-0.15748294338910873,-0.0960109814737897,0.9995945055279246,-0.15754682775685716,-0.13511597375142684,0.4957059475439259,740,-0.19374612469058827,-0.17860014650914055,0.9999127523441579,-0.19376303006074994,-0.24925113375949437,0.4999769727226328,740,0.03626318130147954,0.10625000000000001,True,False,False,False,False,False,True,2
348,EMA_N200_th10_bL1_sL-3,EMA,200,0.1,1.0,-3.0,-0.14110618338189673,-0.18331476234917637,0.9981732033107196,-0.14136442744994432,-0.24945686400432887,0.3940652448826593,19,-0.14703120971299966,-0.19907746916885055,0.9986176639330269,-0.14723473760109698,-0.2702490772915179,0.3951869688582826,19,0.005925026331102923,0.10364583333333333,True,False,False,False,False,False,True,2
349,EMA_N150_th0_bL1_sL-3,EMA,150,0.0,1.0,-3.0,-0.1458495531821563,-0.1393734405916495,0.9992980969246826,-0.1459519973379365,-0.19576475400056387,0.43769412490548815,368,-0.16049314970122874,-0.17689401977423647,0.9996175727380799,-0.16055455013822692,-0.24771186619608807,0.4390516910637825,368,0.014643596519072433,0.10260416666666666,True,False,False,False,False,False,True,2
350,SMA_N100_th10_bL3_sL-3,SMA,100,0.1,3.0,-3.0,-0.18323642696947373,-0.07809691373217735,0.9998432048590987,-0.18326516205638066,-0.10648477245777879,0.552872991558091,19,-0.19088242565864244,-0.0914853594071518,0.9998926442965939,-0.19090292017592023,-0.12426593130525786,0.5553429089338947,19,0.007645998689168709,0.10156250000000001,True,False,False,False,False,False,True,2
351,EMA_N100_th0_bL1_sL-3,EMA,100,0.0,1.0,-3.0,-0.1493470597896408,-0.1399178793499766,0.9992232085447912,-0.14946316149635966,-0.19715429962567083,0.4444044704002549,450,-0.16609964776832975,-0.1823662615661646,0.99963077269067,-0.1661609989468865,-0.2560710251963231,0.4459689412222518,450,0.01675258797868895,0.09895833333333334,True,False,False,False,False,False,True,2
352,SMA_N50_th0_bL3_sL-3,SMA,50,0.0,3.0,-3.0,-0.18370619040390168,-0.0850496771737005,0.9999111148624672,-0.18372252060541355,-0.1184063659369391,0.5554361258233659,696,-0.22584316150939365,-0.1716769714618415,0.9999855553631343,-0.22584642377897257,-0.23657010193223582,0.5616218819808644,696,0.04213697110549197,0.09687500000000002,True,False,False,False,True,False,True,3
353,SMA_N100_th10_bL1_sL-2,SMA,100,0.1,1.0,-2.0,-0.12602622265871666,-0.28636942067447485,0.9964213092008299,-0.1264788513603696,-0.39285801288191036,0.30542910199765444,19,-0.13097378098097423,-0.30206713775456084,0.9971527330685889,-0.13134776312343038,-0.4127633546124463,0.3067952785576299,19,0.0049475583222575725,0.09427083333333333,True,False,False,False,False,False,True,2
354,SMA_N50_th5_bL1_sL-3,SMA,50,0.05,1.0,-3.0,-0.15008991753317225,-0.155929922160163,0.9994603875091205,-0.15017095165445227,-0.2188540274487306,0.4338179320658882,64,-0.16049673836961575,-0.18266697874158846,0.9996586284507106,-0.16055154609964858,-0.2557339277829339,0.43493861476946427,64,0.010406820836443509,0.09375,True,False,False,False,False,False,True,2
355,SMA_N50_th2_bL3_sL-3,SMA,50,0.02,3.0,-3.0,-0.19960552797889985,-0.12150531526929732,0.9999259864886595,-0.19962030257842853,-0.16828066140941592,0.5542923121355421,194,-0.22753606404791227,-0.17879714442298186,0.9999798864123002,-0.2275406407065444,-0.24573636860182757,0.5589757789245138,194,0.027930536069012413,0.07916666666666668,True,False,False,False,False,False,True,2
356,EMA_N50_th10_bL2_sL-2,EMA,50,0.1,2.0,-2.0,-0.1462848041207152,-0.2434742849536129,0.9991114471517246,-0.14641490149847164,-0.34342250996649404,0.3691030784431725,6,-0.1509282440127978,-0.2542552948211921,0.9992866707687863,-0.15103598239400454,-0.3566604888974302,0.37117617994512137,6,0.0046434398920826014,0.07760416666666667,True,False,False,False,False,False,True,2
357,EMA_N100_th2_bL1_sL-3,EMA,100,0.02,1.0,-3.0,-0.16682856157415848,-0.19202615439457152,0.9996752405560979,-0.16688275832594926,-0.26977045370381725,0.44057672416580446,126,-0.17848728932832236,-0.22221812777504082,0.9998000482661764,-0.1785229853087622,-0.3113863275442055,0.44172230905141285,126,0.011658727754163878,0.07708333333333334,True,False,False,False,False,False,True,2
358,SMA_N50_th2_bL1_sL-2,SMA,50,0.02,1.0,-2.0,-0.1411895801644596,-0.33120805989304825,0.9981692044367522,-0.1414485435303829,-0.46083049676970883,0.3120866583392138,194,-0.15508928527638755,-0.3796340160048013,0.999023439911703,-0.15524088733102684,-0.5254998048856787,0.313778025547387,194,0.013899705111927951,0.07708333333333334,True,False,False,False,False,False,True,2
359,SMA_N50_th0_bL1_sL-2,SMA,50,0.0,1.0,-2.0,-0.14176731248153263,-0.32425145401841626,0.9984633304080494,-0.14198549727769724,-0.452634345454951,0.3165755759156506,696,-0.16213175597988716,-0.39445752905192594,0.9993836922126434,-0.16223174066501542,-0.5465950946850403,0.31901347033624206,696,0.020364443498354534,0.0765625,True,False,False,False,False,False,True,2
360,EMA_N50_th5_bL1_sL-3,EMA,50,0.05,1.0,-3.0,-0.17163590003616358,-0.19363402156281154,0.9996309460138785,-0.17169926633481858,-0.27417861272876154,0.4487263518836257,44,-0.1797519308687967,-0.2142004603503367,0.999746472773089,-0.17979751443403666,-0.302686738964466,0.44961932590125075,44,0.008116030832633125,0.07552083333333334,True,False,False,False,False,False,True,2
361,EMA_N50_th2_bL2_sL-3,EMA,50,0.02,2.0,-3.0,-0.1859024398726219,-0.17326237041185494,0.9998450875177968,-0.18593124294298533,-0.24181390444428963,0.48949467115572537,186,-0.206633869032946,-0.22120357843469943,0.9999418934681643,-0.20664587650814803,-0.3069000591039694,0.49256161225118167,186,0.02073142916032411,0.07187500000000001,True,False,False,False,False,False,True,2
362,SMA_N100_th0_bL1_sL-3,SMA,100,0.0,1.0,-3.0,-0.17781550550866698,-0.2129568517232269,0.9997824883852008,-0.17785419086091994,-0.29980957857034846,0.44679792685128744,446,-0.19346431613107695,-0.253425924793962,0.9998936366377826,-0.19348489583513626,-0.355553240277411,0.4483488168184229,446,0.01564881062240997,0.06406250000000001,True,False,False,False,True,False,True,3
363,EMA_N100_th10_bL1_sL-2,EMA,100,0.1,1.0,-2.0,-0.14872212167016252,-0.35756125104671427,0.9985799350203042,-0.14893361708408306,-0.49209354217536405,0.3122942024907263,14,-0.1527641704456867,-0.37017887870958155,0.9988276402928131,-0.15294347521350413,-0.5078056606091231,0.31342586132663214,14,0.004042048775524165,0.06406250000000001,True,False,False,False,False,False,True,2
364,SMA_N100_th2_bL1_sL-3,SMA,100,0.02,1.0,-3.0,-0.17555747070030858,-0.21342963497807158,0.9998009295281438,-0.1755924259674003,-0.29984560812724365,0.4422684172392765,124,-0.18683775526376012,-0.2428634089996365,0.9998819980061519,-0.18685980509333122,-0.34038342143939015,0.44333475716572307,124,0.011280284563451537,0.06354166666666666,True,False,False,False,False,False,True,2
365,SMA_N50_th10_bL1_sL-2,SMA,50,0.1,1.0,-2.0,-0.1534894913019963,-0.34385728635764173,0.9988530613767383,-0.15366573647022594,-0.4888636375204835,0.32802597757137814,8,-0.15713094308844877,-0.3544653379191723,0.9990358650995729,-0.1572825847176044,-0.5021510920695543,0.3291709725257899,8,0.0036414517864524765,0.060937500000000006,True,False,False,False,False,False,True,2
366,EMA_N100_th10_bL3_sL-3,EMA,100,0.1,3.0,-3.0,-0.2218688307129839,-0.16598747966842983,0.9999636365754571,-0.2218768989168555,-0.2268370906318124,0.5528403974353647,14,-0.22824580716263532,-0.1775337029874106,0.9999738944014004,-0.22825176581161324,-0.2418414119820092,0.554886244273209,14,0.006376976449651406,0.06041666666666667,True,False,False,False,False,False,True,2
367,SMA_N100_th10_bL2_sL-3,SMA,100,0.1,2.0,-3.0,-0.19661615384321363,-0.20328917768055094,0.9998976431552198,-0.19663628091249716,-0.27839067793691574,0.48446647810330845,19,-0.2032717519346411,-0.21717072188378272,0.9999267829099904,-0.20328663599056615,-0.2963417617076188,0.4864467254810011,19,0.0066555980914274615,0.059895833333333336,True,False,False,False,False,False,True,2
368,SMA_N50_th10_bL3_sL-3,SMA,50,0.1,3.0,-3.0,-0.21923030845152747,-0.16823453602436753,0.9999739480194223,-0.21923601998406203,-0.23875009373733683,0.5536627716121337,8,-0.2248086355813368,-0.1774475746500514,0.9999804823606039,-0.22481302340085907,-0.25079150551818896,0.5559233798124354,8,0.005578327129809324,0.059375000000000004,True,False,False,False,False,False,True,2
369,EMA_N150_th10_bL1_sL-3,EMA,150,0.1,1.0,-3.0,-0.18624776247441288,-0.2717467123584114,0.9997616897437617,-0.1862921578062749,-0.37114176627102263,0.4221590617248616,18,-0.1913295215630021,-0.2847870096311254,0.9998148287607737,-0.19136495684920635,-0.3881478229129362,0.42316037022128533,18,0.0050817590885892105,0.05,True,False,False,False,False,False,True,2
370,SMA_N50_th0_bL2_sL-3,SMA,50,0.0,2.0,-3.0,-0.20617824562234566,-0.21473591703978614,0.9999512438638486,-0.2061882985671034,-0.2999098990104683,0.49645119947827565,696,-0.23732808190521493,-0.2886865399797052,0.9999881126070367,-0.23733090315092303,-0.40011899267251305,0.500449490927283,696,0.03114983628286927,0.04947916666666667,True,False,False,False,True,False,True,3
371,EMA_N50_th0_bL1_sL-3,EMA,50,0.0,1.0,-3.0,-0.2005108237042268,-0.2612866848621065,0.9999254186867178,-0.200525779180185,-0.36864429036483815,0.45580768787396175,740,-0.22199326398405383,-0.31741655966384696,0.9999740548067296,-0.22199902379163194,-0.4458148629429234,0.4578529124684677,740,0.021482440279827042,0.046354166666666675,True,False,False,False,False,False,True,2
372,EMA_N50_th10_bL1_sL-2,EMA,50,0.1,1.0,-2.0,-0.17241616752910705,-0.3851190234329923,0.9995386430926502,-0.1724957496346895,-0.5449710315672218,0.340582985129227,6,-0.17553644512003364,-0.3939277251402029,0.9996037526007764,-0.17560602855213542,-0.5558005583691227,0.34157809460350746,6,0.00312027759092659,0.045312500000000006,True,False,False,False,False,False,True,2
373,SMA_N50_th2_bL2_sL-3,SMA,50,0.02,2.0,-3.0,-0.21519575375166078,-0.24455880856325118,0.9999567089081974,-0.21520507021411178,-0.3399704129344705,0.49172706413075673,194,-0.23599883985908043,-0.29415472695782546,0.9999840086691327,-0.23600261385496413,-0.40660648629138085,0.4947015329576366,194,0.020803086107419655,0.043229166666666666,True,False,False,False,False,False,True,2
374,EMA_N50_th2_bL1_sL-3,EMA,50,0.02,1.0,-3.0,-0.21740720996638896,-0.32452171371460126,0.9999562735300366,-0.21741671683192706,-0.4543810910966298,0.44602966241104836,186,-0.22915388955950222,-0.3561495364380119,0.999975671336495,-0.22915946470300796,-0.4973258065577739,0.4472469108300098,186,0.011746679593113263,0.03333333333333333,True,False,False,False,False,False,True,2
375,EMA_N50_th10_bL3_sL-3,EMA,50,0.1,3.0,-3.0,-0.2475628333428429,-0.2347453879662998,0.9999941205447691,-0.2475642888859962,-0.33124429495420094,0.5536310739128356,6,-0.25211617702327294,-0.24224647818494036,0.9999953956185337,-0.25211733786767077,-0.340647276781474,0.5555734792043933,6,0.004553343680430033,0.03125,True,False,False,False,False,False,True,2
376,EMA_N100_th10_bL2_sL-3,EMA,100,0.1,2.0,-3.0,-0.23114787123940705,-0.2825778280963022,0.9999772374543112,-0.2311531328731552,-0.38811494483802533,0.4916990369850042,14,-0.23661753836120136,-0.294138342740911,0.9999829255737472,-0.23662157853889393,-0.40280926814905554,0.4933246827841756,14,0.005469667121794308,0.029687500000000002,True,False,False,False,False,False,True,2
377,SMA_N50_th10_bL2_sL-3,SMA,50,0.1,2.0,-3.0,-0.23719692682840898,-0.2763587888999667,0.9999831713363956,-0.23720091860287482,-0.3928022883293168,0.5087305128586942,8,-0.24195465932771054,-0.2856043483401688,0.9999869197644322,-0.24195782419304845,-0.40456203465941787,0.5104331931204789,8,0.004757732499301559,0.029166666666666667,True,False,False,False,False,False,True,2
378,SMA_N100_th10_bL1_sL-3,SMA,100,0.1,1.0,-3.0,-0.22279590888091472,-0.3509156157947507,0.9999692814414961,-0.22280275306031944,-0.4825758359104319,0.43827034946834664,19,-0.2271526473840345,-0.3618879079676866,0.9999755049579585,-0.22715821163397856,-0.49669510410331735,0.43921911953653386,19,0.004356738503119795,0.02447916666666667,True,False,False,False,False,False,True,2
379,SMA_N50_th0_bL1_sL-3,SMA,50,0.0,1.0,-3.0,-0.2377184061349522,-0.362997322713854,0.9999871384595775,-0.23772146359916557,-0.5085674857625846,0.4572269093838039,696,-0.2563716165743489,-0.41320289165036655,0.9999950592490858,-0.2563728832489062,-0.5764136448119751,0.45922394267821515,696,0.018653210439396717,0.016666666666666666,True,False,False,False,False,False,True,2
380,SMA_N50_th2_bL1_sL-3,SMA,50,0.02,1.0,-3.0,-0.2407296292869061,-0.3848699132131176,0.9999869034044032,-0.24073278206679974,-0.5369198233285868,0.44992581077903815,194,-0.25280963924810207,-0.4179422625763258,0.999992935156201,-0.25281142532133255,-0.5814399145223954,0.45120607803006474,194,0.012080009961195959,0.015104166666666669,True,False,False,False,False,False,True,2
381,EMA_N50_th10_bL2_sL-3,EMA,50,0.1,2.0,-3.0,-0.2655017454485423,-0.32790013735005114,0.9999963298266153,-0.2655027198895584,-0.463757599636552,0.5222938335819327,6,-0.26949675281436125,-0.33558736396796296,0.9999970535889182,-0.26949754686491983,-0.47329918032166596,0.5237581613764288,6,0.003995007365818926,0.014583333333333334,True,False,False,False,False,False,True,2
382,EMA_N100_th10_bL1_sL-3,EMA,100,0.1,1.0,-3.0,-0.25174258602493893,-0.41268550534456394,0.999992373585149,-0.25174450593297765,-0.5694175648769427,0.4510018046598057,14,-0.25529547168181643,-0.4216207954893915,0.9999937038786189,-0.25529707906321447,-0.5808221570106626,0.4517833035571717,14,0.0035528856568775025,0.008854166666666666,True,False,False,False,False,False,True,2
383,SMA_N50_th10_bL1_sL-3,SMA,50,0.1,1.0,-3.0,-0.2619871337580565,-0.3919817159777007,0.9999955518355034,-0.2619882991251072,-0.5578228922002848,0.47971395006276213,8,-0.2651618589889755,-0.39943098993463616,0.9999962608019758,-0.26516285048538213,-0.5674649504377993,0.4804952035956941,8,0.0031747252309189955,0.0078125,True,False,False,False,False,False,True,2
384,EMA_N50_th10_bL1_sL-3,EMA,50,0.1,1.0,-3.0,-0.28798399820116594,-0.4229864425650858,0.9999989505800546,-0.28798430041763473,-0.5992309624785213,0.5025175204489597,6,-0.29066854505626916,-0.42916206339886753,0.9999990986806149,-0.2906688070416996,-0.6071495647886479,0.5031903139925268,6,0.0026845468551032203,0.0026041666666666665,True,False,False,False,False,False,True,2
