base_rank,base_cfg_id,variant_idx,variant_id,stop_tag,stop_loss_pct,reentry_mode,reentry_param,cagr,sharpe,max_drawdown,calmar,sortino,volatility,n_switches,n_stops,avg_bars_stopped,longest_stop_bars,delta_cagr,delta_mdd,effectiveness,base_filter,base_lookback,base_threshold_pct,base_buy_leverage,base_sell_leverage
1,SMA_N150_th0_bL2_sL0,0,01_SMA_N150_th0_bL2_sL0_baseline,baseline,,—,,0.25324014165179265,0.9099415195110357,0.4052976636643203,0.6248250714357282,1.267001543009164,0.29690855340239214,98,0,,0,0.0,0.0,0.0,SMA,150,0.0,2.0,0.0
1,SMA_N150_th0_bL2_sL0,1,01_SMA_N150_th0_bL2_sL0_sl15_next,sl15_next,0.15,next_signal,,0.2012891480768575,0.8739565903916208,0.3811519024152658,0.5281074206932661,1.2132084833071235,0.2442506300034868,94,15,58.93333333333333,392,-0.051950993574935156,0.024145761249054487,0.464779585287934,SMA,150,0.0,2.0,0.0
1,SMA_N150_th0_bL2_sL0,2,01_SMA_N150_th0_bL2_sL0_sl15_cool21,sl15_cool21,0.15,time_cooldown,21.0,0.20458281757791963,0.8340247213735889,0.3375060464738832,0.6061604516876429,1.1594535258867396,0.26584486655588035,94,22,21.0,21,-0.04865732407387302,0.06779161719043708,1.39324589834644,SMA,150,0.0,2.0,0.0
1,SMA_N150_th0_bL2_sL0,3,01_SMA_N150_th0_bL2_sL0_sl15_cool63,sl15_cool63,0.15,time_cooldown,63.0,0.17811415913049866,0.8237201482332261,0.29932198544019545,0.5950587253674551,1.1358798812378403,0.2319030751072418,64,18,63.0,63,-0.07512598252129399,0.10597567822412485,1.410639497381438,SMA,150,0.0,2.0,0.0
1,SMA_N150_th0_bL2_sL0,4,01_SMA_N150_th0_bL2_sL0_sl15_cool126,sl15_cool126,0.15,time_cooldown,126.0,0.07116849033841,0.4400575874479323,0.3899579012888383,0.18250300892274046,0.5952072265056347,0.2037964365729696,59,15,126.0,126,-0.18207165131338265,0.015339762375482013,0.08425123990927691,SMA,150,0.0,2.0,0.0
1,SMA_N150_th0_bL2_sL0,5,01_SMA_N150_th0_bL2_sL0_sl15_rec5,sl15_rec5,0.15,recovery_trigger,0.05,0.2221346408607563,0.8609114281980748,0.4088934963710594,0.5432579457296511,1.1915421108876998,0.27841823338802285,98,23,11.173913043478262,30,-0.031105500791036356,-0.003595832706739077,-0.11560118356221048,SMA,150,0.0,2.0,0.0
1,SMA_N150_th0_bL2_sL0,6,01_SMA_N150_th0_bL2_sL0_sl15_rec10,sl15_rec10,0.15,recovery_trigger,0.1,0.17409672777995944,0.7531795402778424,0.37935898122358974,0.4589234376853961,1.0380633788073448,0.25741681690909035,72,21,34.95238095238095,96,-0.07914341387183321,0.025938682440730554,0.327742779490613,SMA,150,0.0,2.0,0.0
1,SMA_N150_th0_bL2_sL0,7,01_SMA_N150_th0_bL2_sL0_sl15_rec15,sl15_rec15,0.15,recovery_trigger,0.15,0.1344374437286895,0.6444341275365693,0.4204657465928421,0.31973459150495787,0.8855951825927464,0.2412043886950038,62,18,65.61111111111111,148,-0.11880269792310316,-0.015168082928521787,-0.12767456626565465,SMA,150,0.0,2.0,0.0
1,SMA_N150_th0_bL2_sL0,8,01_SMA_N150_th0_bL2_sL0_sl20_next,sl20_next,0.2,next_signal,,0.19428215365533763,0.8263706959401349,0.3690564594977105,0.5264293542504515,1.1502335809200326,0.2542430305594571,90,10,80.1,392,-0.05895798799645502,0.03624120416660981,0.6146954025769823,SMA,150,0.0,2.0,0.0
1,SMA_N150_th0_bL2_sL0,9,01_SMA_N150_th0_bL2_sL0_sl20_cool21,sl20_cool21,0.2,time_cooldown,21.0,0.21905302517308956,0.8486626997231641,0.32610506066573103,0.6717253167611111,1.1795823037769613,0.279883453560863,88,14,21.0,21,-0.034187116478703095,0.07919260299858927,2.3164458180590457,SMA,150,0.0,2.0,0.0
1,SMA_N150_th0_bL2_sL0,10,01_SMA_N150_th0_bL2_sL0_sl20_cool63,sl20_cool63,0.2,time_cooldown,63.0,0.13743423947313493,0.6315519999109015,0.494019697463129,0.27819586987903916,0.8643266663489917,0.2563232418393178,81,14,63.0,63,-0.11580590217865772,-0.08872203379880872,-0.7661270464603281,SMA,150,0.0,2.0,0.0
1,SMA_N150_th0_bL2_sL0,11,01_SMA_N150_th0_bL2_sL0_sl20_cool126,sl20_cool126,0.2,time_cooldown,126.0,0.07094820762932064,0.41341637356502253,0.5856386195232558,0.12114673668050895,0.5601351493763648,0.23064109292854687,77,12,126.0,126,-0.182291934022472,-0.1803409558589355,-0.9892975069138495,SMA,150,0.0,2.0,0.0
1,SMA_N150_th0_bL2_sL0,12,01_SMA_N150_th0_bL2_sL0_sl20_rec5,sl20_rec5,0.2,recovery_trigger,0.05,0.21943113010491544,0.8312041706825141,0.4634762585095313,0.47344632238676554,1.146199382844846,0.2895486278815284,94,15,10.266666666666667,20,-0.03380901154687721,-0.058178594845210985,-1.7208014130949856,SMA,150,0.0,2.0,0.0
1,SMA_N150_th0_bL2_sL0,13,01_SMA_N150_th0_bL2_sL0_sl20_rec10,sl20_rec10,0.2,recovery_trigger,0.1,0.18859876878930426,0.7645600435654908,0.38432157431535857,0.49073167210370505,1.0551400502136206,0.27626644074437934,84,14,33.642857142857146,85,-0.06464137286248839,0.020976089348961724,0.3244994408392929,SMA,150,0.0,2.0,0.0
1,SMA_N150_th0_bL2_sL0,14,01_SMA_N150_th0_bL2_sL0_sl20_rec15,sl20_rec15,0.2,recovery_trigger,0.15,0.13274968978975354,0.6063702217994349,0.48788221331796744,0.27209372706366036,0.8304011189300654,0.2630547135899184,80,14,58.857142857142854,115,-0.1204904518620391,-0.08258454965364714,-0.6854032695321451,SMA,150,0.0,2.0,0.0
1,SMA_N150_th0_bL2_sL0,15,01_SMA_N150_th0_bL2_sL0_sl25_next,sl25_next,0.25,next_signal,,0.2587596586589036,0.9448301376593258,0.3568916467580972,0.7250370273706408,1.321574093289146,0.28768207076801383,94,6,23.666666666666668,86,0.005519517007110952,0.04840601690622309,8.76997332264041,SMA,150,0.0,2.0,0.0
1,SMA_N150_th0_bL2_sL0,16,01_SMA_N150_th0_bL2_sL0_sl25_cool21,sl25_cool21,0.25,time_cooldown,21.0,0.24751528813778867,0.9141471896232147,0.4058353852958943,0.609890850097572,1.2764303748926746,0.28744366776057695,94,6,21.0,21,-0.00572485351400398,-0.0005377216315740063,-0.0939275791526624,SMA,150,0.0,2.0,0.0
1,SMA_N150_th0_bL2_sL0,17,01_SMA_N150_th0_bL2_sL0_sl25_cool63,sl25_cool63,0.25,time_cooldown,63.0,0.21756824784307804,0.8588356935376611,0.43536234418264347,0.49974062008404585,1.1921676553372706,0.27289878680309004,88,6,63.0,63,-0.035671893808714605,-0.030064680518323172,-0.8428114492474297,SMA,150,0.0,2.0,0.0
1,SMA_N150_th0_bL2_sL0,18,01_SMA_N150_th0_bL2_sL0_sl25_cool126,sl25_cool126,0.25,time_cooldown,126.0,0.15641837826139882,0.694272433455851,0.41212799726778876,0.379538345607136,0.9551704174988487,0.25737154941367346,82,5,126.0,126,-0.09682176339039383,-0.006830333603468464,-0.07054543693785002,SMA,150,0.0,2.0,0.0
1,SMA_N150_th0_bL2_sL0,19,01_SMA_N150_th0_bL2_sL0_sl25_rec5,sl25_rec5,0.25,recovery_trigger,0.05,0.22965467856387978,0.8501880724304941,0.46347625850953117,0.4955047304956119,1.1762757654979825,0.2946593895898099,98,7,8.714285714285714,25,-0.023585463087912872,-0.058178594845210874,-2.466714120827518,SMA,150,0.0,2.0,0.0
1,SMA_N150_th0_bL2_sL0,20,01_SMA_N150_th0_bL2_sL0_sl25_rec10,sl25_rec10,0.25,recovery_trigger,0.1,0.2341508744637979,0.8795625678017119,0.44610448880809306,0.5248789921155127,1.2239889635267323,0.2860462144302107,90,6,33.166666666666664,78,-0.019089267187994752,-0.04080682514377276,-2.1376842150041355,SMA,150,0.0,2.0,0.0
1,SMA_N150_th0_bL2_sL0,21,01_SMA_N150_th0_bL2_sL0_sl25_rec15,sl25_rec15,0.25,recovery_trigger,0.15,0.20731582772529267,0.8116776061626486,0.4992922394442419,0.41521940728751205,1.1276227336285642,0.281151124046253,88,6,55.5,102,-0.04592431392649998,-0.0939945757799216,-2.046727925655158,SMA,150,0.0,2.0,0.0
1,SMA_N150_th0_bL2_sL0,22,01_SMA_N150_th0_bL2_sL0_sl30_next,sl30_next,0.3,next_signal,,0.260577709490851,0.9313635144541941,0.37262370836054143,0.6993052337902304,1.3001279892254363,0.2960684876947888,96,2,19.0,24,0.007337567839058368,0.03267395530377887,4.452968070680479,SMA,150,0.0,2.0,0.0
1,SMA_N150_th0_bL2_sL0,23,01_SMA_N150_th0_bL2_sL0_sl30_cool21,sl30_cool21,0.3,time_cooldown,21.0,0.263510877632384,0.9394343851760337,0.34863249088058373,0.7558414219133803,1.3116116552224184,0.29596949199055256,92,2,21.0,21,0.010270735980591361,0.05666517278373656,5.517148224900036,SMA,150,0.0,2.0,0.0
1,SMA_N150_th0_bL2_sL0,24,01_SMA_N150_th0_bL2_sL0_sl30_cool63,sl30_cool63,0.3,time_cooldown,63.0,0.2362876299080945,0.8770261904404834,0.3882315943491449,0.6086254528156614,1.216482584061379,0.2902996712794838,88,2,63.0,63,-0.016952511743698162,0.017066069315175403,1.0066985691084658,SMA,150,0.0,2.0,0.0
1,SMA_N150_th0_bL2_sL0,25,01_SMA_N150_th0_bL2_sL0_sl30_cool126,sl30_cool126,0.3,time_cooldown,126.0,0.20268241649638208,0.7964937233783329,0.43529584784370245,0.46561991689191884,1.1057932324920057,0.2819929082068691,88,2,126.0,126,-0.05055772515541057,-0.02999818417938216,-0.5933452125697911,SMA,150,0.0,2.0,0.0
1,SMA_N150_th0_bL2_sL0,26,01_SMA_N150_th0_bL2_sL0_sl30_rec5,sl30_rec5,0.3,recovery_trigger,0.05,0.25324014165179265,0.9099415195110357,0.4052976636643203,0.6248250714357282,1.267001543009164,0.29690855340239214,98,2,6.5,12,0.0,0.0,0.0,SMA,150,0.0,2.0,0.0
1,SMA_N150_th0_bL2_sL0,27,01_SMA_N150_th0_bL2_sL0_sl30_rec10,sl30_rec10,0.3,recovery_trigger,0.1,0.26217411414485126,0.9384449673445541,0.34651275395367553,0.7566074008920916,1.3084325683299505,0.29478468522844814,88,2,38.0,63,0.008933972493058606,0.05878490971064476,6.579929561717214,SMA,150,0.0,2.0,0.0
1,SMA_N150_th0_bL2_sL0,28,01_SMA_N150_th0_bL2_sL0_sl30_rec15,sl30_rec15,0.3,recovery_trigger,0.15,0.25495130150521694,0.9225313893647512,0.34651275395367526,0.735763110004606,1.2857133199552573,0.29310830189214115,88,2,70.0,120,0.0017111598534242933,0.05878490971064504,34.353838767902026,SMA,150,0.0,2.0,0.0
1,SMA_N150_th0_bL2_sL0,29,01_SMA_N150_th0_bL2_sL0_sl35_next,sl35_next,0.35,next_signal,,0.25516389182774146,0.9154865405021215,0.4052976636643203,0.6295715833167888,1.2746442628224288,0.2967290222929409,96,2,16.0,22,0.001923750175948813,0.0,0.0,SMA,150,0.0,2.0,0.0
1,SMA_N150_th0_bL2_sL0,30,01_SMA_N150_th0_bL2_sL0_sl35_cool21,sl35_cool21,0.35,time_cooldown,21.0,0.25098812674077187,0.9052541810426755,0.40529766366432035,0.6192686246241176,1.2586263173963692,0.296246435351965,96,2,21.0,21,-0.002252014911020783,-5.551115123125783e-17,-2.4649548703963058e-14,SMA,150,0.0,2.0,0.0
1,SMA_N150_th0_bL2_sL0,31,01_SMA_N150_th0_bL2_sL0_sl35_cool63,sl35_cool63,0.35,time_cooldown,63.0,0.2193675335702283,0.8287020380844226,0.46408721878263026,0.47268600532818367,1.1457083077948917,0.2907712422172318,96,2,63.0,63,-0.03387260808156434,-0.058789555118309966,-1.7356075734335628,SMA,150,0.0,2.0,0.0
1,SMA_N150_th0_bL2_sL0,32,01_SMA_N150_th0_bL2_sL0_sl35_cool126,sl35_cool126,0.35,time_cooldown,126.0,0.19210792018341416,0.7667215335403808,0.4632240583360821,0.41471922005405526,1.0629792042418127,0.28108418657808065,96,2,126.0,126,-0.06113222146837849,-0.057926394671761805,-0.947559131344917,SMA,150,0.0,2.0,0.0
1,SMA_N150_th0_bL2_sL0,33,01_SMA_N150_th0_bL2_sL0_sl35_rec5,sl35_rec5,0.35,recovery_trigger,0.05,0.25030803586849215,0.9032912196152706,0.4052976636643201,0.617590621187999,1.2558796820563594,0.2963079060187112,96,2,6.5,11,-0.002932105783300498,2.220446049250313e-16,7.572871558374978e-14,SMA,150,0.0,2.0,0.0
1,SMA_N150_th0_bL2_sL0,34,01_SMA_N150_th0_bL2_sL0_sl35_rec10,sl35_rec10,0.35,recovery_trigger,0.1,0.24401140314891712,0.8890383152272172,0.40911811266725867,0.5964326574496468,1.235283879919567,0.2949103260571774,96,2,44.5,78,-0.009228738502875533,-0.0038204490029383753,-0.4139730475349347,SMA,150,0.0,2.0,0.0
1,SMA_N150_th0_bL2_sL0,35,01_SMA_N150_th0_bL2_sL0_sl35_rec15,sl35_rec15,0.35,recovery_trigger,0.15,0.23675283647485834,0.870858616345678,0.4200631715952789,0.5636124575637975,1.2097943585304898,0.29404903505172103,96,2,60.0,102,-0.016487305176934308,-0.014765507930958599,-0.8955683037647354,SMA,150,0.0,2.0,0.0
1,SMA_N150_th0_bL2_sL0,36,01_SMA_N150_th0_bL2_sL0_sl40_next,sl40_next,0.4,next_signal,,0.25324014165179265,0.9099415195110357,0.4052976636643203,0.6248250714357282,1.267001543009164,0.29690855340239214,98,1,22.0,22,0.0,0.0,0.0,SMA,150,0.0,2.0,0.0
1,SMA_N150_th0_bL2_sL0,37,01_SMA_N150_th0_bL2_sL0_sl40_cool21,sl40_cool21,0.4,time_cooldown,21.0,0.25324014165179265,0.9099415195110357,0.4052976636643203,0.6248250714357282,1.267001543009164,0.29690855340239214,98,1,21.0,21,0.0,0.0,0.0,SMA,150,0.0,2.0,0.0
1,SMA_N150_th0_bL2_sL0,38,01_SMA_N150_th0_bL2_sL0_sl40_cool63,sl40_cool63,0.4,time_cooldown,63.0,0.22464226694717682,0.8405100649989229,0.46408721878263015,0.48405182874125885,1.1640216966966925,0.2923770010850154,98,1,63.0,63,-0.028597874704615833,-0.058789555118309855,-2.0557316138188737,SMA,150,0.0,2.0,0.0
1,SMA_N150_th0_bL2_sL0,39,01_SMA_N150_th0_bL2_sL0_sl40_cool126,sl40_cool126,0.4,time_cooldown,126.0,0.2078814410919494,0.8068361022853529,0.4632240583360822,0.4487708212709572,1.1216005813952148,0.28465946464694286,98,1,126.0,126,-0.04535870055984326,-0.057926394671761916,-1.2770735042406622,SMA,150,0.0,2.0,0.0
1,SMA_N150_th0_bL2_sL0,40,01_SMA_N150_th0_bL2_sL0_sl40_rec5,sl40_rec5,0.4,recovery_trigger,0.05,0.25324014165179265,0.9099415195110357,0.4052976636643203,0.6248250714357282,1.267001543009164,0.29690855340239214,98,1,2.0,2,0.0,0.0,0.0,SMA,150,0.0,2.0,0.0
1,SMA_N150_th0_bL2_sL0,41,01_SMA_N150_th0_bL2_sL0_sl40_rec10,sl40_rec10,0.4,recovery_trigger,0.1,0.25324014165179265,0.9099415195110357,0.4052976636643203,0.6248250714357282,1.267001543009164,0.29690855340239214,98,1,11.0,11,0.0,0.0,0.0,SMA,150,0.0,2.0,0.0
1,SMA_N150_th0_bL2_sL0,42,01_SMA_N150_th0_bL2_sL0_sl40_rec15,sl40_rec15,0.4,recovery_trigger,0.15,0.25324014165179265,0.9099415195110357,0.4052976636643203,0.6248250714357282,1.267001543009164,0.29690855340239214,98,1,18.0,18,0.0,0.0,0.0,SMA,150,0.0,2.0,0.0
2,SMA_N150_th0_bL3_sL0,0,02_SMA_N150_th0_bL3_sL0_baseline,baseline,,—,,0.35757243397729543,0.9147530016564427,0.5507692734609576,0.6492236426523215,1.2745224403340283,0.442582309135837,98,0,,0,0.0,0.0,0.0,SMA,150,0.0,3.0,0.0
2,SMA_N150_th0_bL3_sL0,1,02_SMA_N150_th0_bL3_sL0_sl15_next,sl15_next,0.15,next_signal,,0.2750288240240084,0.9426910874991856,0.4484781291936909,0.6132491332820995,1.3376671437276748,0.30881710308346855,92,24,69.83333333333333,394,-0.08254360995328702,0.10229114426726671,1.239237589986132,SMA,150,0.0,3.0,0.0
2,SMA_N150_th0_bL3_sL0,2,02_SMA_N150_th0_bL3_sL0_sl15_cool21,sl15_cool21,0.15,time_cooldown,21.0,0.27040143028500374,0.8402926882538562,0.4700974881671523,0.5752028825749804,1.17028750112542,0.36486924994545866,108,40,21.0,21,-0.0871710036922917,0.08067178529380531,0.9254428867031493,SMA,150,0.0,3.0,0.0
2,SMA_N150_th0_bL3_sL0,3,02_SMA_N150_th0_bL3_sL0_sl15_cool63,sl15_cool63,0.15,time_cooldown,63.0,0.20665095714634152,0.7637902281207851,0.44388819220185405,0.46554731749288997,1.0598797653417982,0.3093282798232098,71,27,63.0,63,-0.15092147683095392,0.10688108125910356,0.7081900038575709,SMA,150,0.0,3.0,0.0
2,SMA_N150_th0_bL3_sL0,4,02_SMA_N150_th0_bL3_sL0_sl15_cool126,sl15_cool126,0.15,time_cooldown,126.0,0.03252392299262907,0.2546568767659426,0.5560362513231418,0.058492450654494675,0.3434357133881133,0.24586503087293998,55,20,126.0,126,-0.32504851098466636,-0.005266977862184219,-0.016203667096425123,SMA,150,0.0,3.0,0.0
2,SMA_N150_th0_bL3_sL0,5,02_SMA_N150_th0_bL3_sL0_sl15_rec5,sl15_rec5,0.15,recovery_trigger,0.05,0.2749083966053858,0.8279721883005297,0.510301160574261,0.5387179529359116,1.1469969058087728,0.3831075232603666,114,42,14.476190476190476,40,-0.08266403737190964,0.040468112886696606,0.4895491942237051,SMA,150,0.0,3.0,0.0
2,SMA_N150_th0_bL3_sL0,6,02_SMA_N150_th0_bL3_sL0_sl15_rec10,sl15_rec10,0.15,recovery_trigger,0.1,0.21301324531036414,0.7438575803691662,0.515567944792825,0.4131623144180561,1.0313101250170007,0.33657525988505277,76,32,42.28125,99,-0.1445591886669313,0.035201328668132637,0.24350806747565215,SMA,150,0.0,3.0,0.0
2,SMA_N150_th0_bL3_sL0,7,02_SMA_N150_th0_bL3_sL0_sl15_rec15,sl15_rec15,0.15,recovery_trigger,0.15,0.13812832146959364,0.586085386045573,0.6032472354485731,0.2289746448102357,0.8084935123706863,0.2966901425239411,58,25,80.12,215,-0.2194441125077018,-0.05247796198761545,-0.23914044167292772,SMA,150,0.0,3.0,0.0
2,SMA_N150_th0_bL3_sL0,8,02_SMA_N150_th0_bL3_sL0_sl20_next,sl20_next,0.2,next_signal,,0.23666705228986662,0.803465737252356,0.5367442840609322,0.44093073613989286,1.1190685125547137,0.3350274157674817,90,17,73.88235294117646,392,-0.12090538168742881,0.01402498940002539,0.1159997115453765,SMA,150,0.0,3.0,0.0
2,SMA_N150_th0_bL3_sL0,9,02_SMA_N150_th0_bL3_sL0_sl20_cool21,sl20_cool21,0.2,time_cooldown,21.0,0.24793105093391854,0.7686551932669036,0.5017926011541316,0.494090686797041,1.0644759021912409,0.3862863716457753,100,27,21.0,21,-0.1096413830433769,0.04897667230682601,0.446698782406362,SMA,150,0.0,3.0,0.0
2,SMA_N150_th0_bL3_sL0,10,02_SMA_N150_th0_bL3_sL0_sl20_cool63,sl20_cool63,0.2,time_cooldown,63.0,0.19973097575422294,0.7183835447435885,0.5462555588955031,0.3656365093255386,0.98627921263091,0.3304409747835583,66,21,63.0,63,-0.1578414582230725,0.004513714565454463,0.028596508270186966,SMA,150,0.0,3.0,0.0
2,SMA_N150_th0_bL3_sL0,11,02_SMA_N150_th0_bL3_sL0_sl20_cool126,sl20_cool126,0.2,time_cooldown,126.0,0.04789068530907303,0.3083094834073793,0.7067447444905555,0.067762350809689,0.41530046054340897,0.28740485939474847,57,17,126.0,126,-0.3096817486682224,-0.15597547102959786,-0.5036637506096693,SMA,150,0.0,3.0,0.0
2,SMA_N150_th0_bL3_sL0,12,02_SMA_N150_th0_bL3_sL0_sl20_rec5,sl20_rec5,0.2,recovery_trigger,0.05,0.24764131110649457,0.7510797758794361,0.549915176222865,0.4503263808928462,1.032416546757615,0.4055368024621925,106,30,12.266666666666667,35,-0.10993112287080087,0.0008540972380925993,0.007769385191274696,SMA,150,0.0,3.0,0.0
2,SMA_N150_th0_bL3_sL0,13,02_SMA_N150_th0_bL3_sL0_sl20_rec10,sl20_rec10,0.2,recovery_trigger,0.1,0.15197869495409932,0.5727306918472362,0.6700608801913679,0.22681326346151495,0.7820878547983345,0.3642193510701862,74,27,37.48148148148148,96,-0.2055937390231961,-0.11929160673041028,-0.5802297642777497,SMA,150,0.0,3.0,0.0
2,SMA_N150_th0_bL3_sL0,14,02_SMA_N150_th0_bL3_sL0_sl20_rec15,sl20_rec15,0.2,recovery_trigger,0.15,0.11458346779997108,0.49429318294752267,0.5360703000460919,0.21374709210735807,0.6749920377798537,0.3329135360567593,60,21,72.85714285714286,148,-0.24298896617732435,0.014698973414865701,0.06049234928691756,SMA,150,0.0,3.0,0.0
2,SMA_N150_th0_bL3_sL0,15,02_SMA_N150_th0_bL3_sL0_sl25_next,sl25_next,0.25,next_signal,,0.35940698402268856,0.9872862469791589,0.4857596023055403,0.7398865247683224,1.386639026409738,0.38817486939332635,94,13,42.92307692307692,392,0.001834550045393124,0.06500967115541734,35.43630293360925,SMA,150,0.0,3.0,0.0
2,SMA_N150_th0_bL3_sL0,16,02_SMA_N150_th0_bL3_sL0_sl25_cool21,sl25_cool21,0.25,time_cooldown,21.0,0.34617071565022495,0.9319305706707799,0.5113499580810712,0.6769741742999065,1.30594026523886,0.41019754522556257,84,16,21.0,21,-0.011401718327070487,0.03941931537988641,3.4573135600355296,SMA,150,0.0,3.0,0.0
2,SMA_N150_th0_bL3_sL0,17,02_SMA_N150_th0_bL3_sL0_sl25_cool63,sl25_cool63,0.25,time_cooldown,63.0,0.22195638874239587,0.7294537432569449,0.5151637734716368,0.43084626709415946,1.004844966195829,0.36948007901201363,69,15,63.0,63,-0.13561604523489956,0.03560549998932083,0.26254636704417095,SMA,150,0.0,3.0,0.0
2,SMA_N150_th0_bL3_sL0,18,02_SMA_N150_th0_bL3_sL0_sl25_cool126,sl25_cool126,0.25,time_cooldown,126.0,0.1085396928304907,0.47904050797158393,0.5861602692616571,0.18517067519299824,0.652979491595848,0.33033244979008725,65,13,126.0,126,-0.24903274114680474,-0.03539099580069949,-0.14211382663067787,SMA,150,0.0,3.0,0.0
2,SMA_N150_th0_bL3_sL0,19,02_SMA_N150_th0_bL3_sL0_sl25_rec5,sl25_rec5,0.25,recovery_trigger,0.05,0.34489170306392825,0.9122727556071445,0.5499151762228651,0.6271725494699811,1.2693149071083114,0.4251208660457229,96,17,12.058823529411764,27,-0.012680730913367189,0.0008540972380924883,0.06735394386392628,SMA,150,0.0,3.0,0.0
2,SMA_N150_th0_bL3_sL0,20,02_SMA_N150_th0_bL3_sL0_sl25_rec10,sl25_rec10,0.25,recovery_trigger,0.1,0.2969106727996693,0.8486223229733676,0.5637854812977829,0.5266376709740874,1.1790280444749277,0.40321253983362565,74,16,33.625,75,-0.06066176117762612,-0.013016207836825333,-0.21457022651736168,SMA,150,0.0,3.0,0.0
2,SMA_N150_th0_bL3_sL0,21,02_SMA_N150_th0_bL3_sL0_sl25_rec15,sl25_rec15,0.25,recovery_trigger,0.15,0.22462663419576545,0.7257416424527395,0.5267989575318354,0.426399162306981,1.0020755964962906,0.37964862729041043,70,15,60.333333333333336,120,-0.13294579978152998,0.023970315929122243,0.18030141582895207,SMA,150,0.0,3.0,0.0
2,SMA_N150_th0_bL3_sL0,22,02_SMA_N150_th0_bL3_sL0_sl30_next,sl30_next,0.3,next_signal,,0.2725696216403444,0.8262907267079719,0.5058277625027127,0.5388585638157467,1.149809121007057,0.38015685331275256,92,10,79.7,392,-0.08500281233695106,0.044941510958244946,0.5287061653924677,SMA,150,0.0,3.0,0.0
2,SMA_N150_th0_bL3_sL0,23,02_SMA_N150_th0_bL3_sL0_sl30_cool21,sl30_cool21,0.3,time_cooldown,21.0,0.2965796217967498,0.8326513328878061,0.48082192661016904,0.6168180055507422,1.1561273352662729,0.4180553345197579,90,14,21.0,21,-0.06099281218054564,0.06994734685078857,1.1468129497576942,SMA,150,0.0,3.0,0.0
2,SMA_N150_th0_bL3_sL0,24,02_SMA_N150_th0_bL3_sL0_sl30_cool63,sl30_cool63,0.3,time_cooldown,63.0,0.17342937763764454,0.6114019992222571,0.6475918558336338,0.2678066070092742,0.8356439705821659,0.3830861651047763,83,14,63.0,63,-0.1841430563396509,-0.09682258237267616,-0.5258008870781824,SMA,150,0.0,3.0,0.0
2,SMA_N150_th0_bL3_sL0,25,02_SMA_N150_th0_bL3_sL0_sl30_cool126,sl30_cool126,0.3,time_cooldown,126.0,0.14686567316788524,0.5697413399798477,0.5815678713418575,0.2525340212295782,0.7800069714582532,0.34814917708688625,85,10,126.0,126,-0.2107067608094102,-0.03079859788089989,-0.14616805726873677,SMA,150,0.0,3.0,0.0
2,SMA_N150_th0_bL3_sL0,26,02_SMA_N150_th0_bL3_sL0_sl30_rec5,sl30_rec5,0.3,recovery_trigger,0.05,0.3003392257734374,0.8263909740085696,0.6119464255327834,0.4907933329489601,1.1395663436347543,0.4325131778656633,96,15,9.866666666666667,20,-0.05723320820385802,-0.061177152071825835,-1.0689100609897657,SMA,150,0.0,3.0,0.0
2,SMA_N150_th0_bL3_sL0,27,02_SMA_N150_th0_bL3_sL0_sl30_rec10,sl30_rec10,0.3,recovery_trigger,0.1,0.25354484497037233,0.7562196140280004,0.5270432620409837,0.48107027113583756,1.0430213947724862,0.41282338745569785,86,14,33.214285714285715,85,-0.1040275890069231,0.02372601141997388,0.22807422191044818,SMA,150,0.0,3.0,0.0
2,SMA_N150_th0_bL3_sL0,28,02_SMA_N150_th0_bL3_sL0_sl30_rec15,sl30_rec15,0.3,recovery_trigger,0.15,0.16816956704889408,0.5942774882370154,0.640845331808352,0.2624183382507435,0.8131892380847928,0.3932256452842624,82,14,58.642857142857146,113,-0.18940286692840136,-0.0900760583473944,-0.47557917051723,SMA,150,0.0,3.0,0.0
2,SMA_N150_th0_bL3_sL0,29,02_SMA_N150_th0_bL3_sL0_sl35_next,sl35_next,0.35,next_signal,,0.2980085814361728,0.8583612905964656,0.48858953836438873,0.6099364764006037,1.1944329162347846,0.3965155731892218,94,6,81.83333333333333,381,-0.05956385254112262,0.06217973509656888,1.043917282778851,SMA,150,0.0,3.0,0.0
2,SMA_N150_th0_bL3_sL0,30,02_SMA_N150_th0_bL3_sL0_sl35_cool21,sl35_cool21,0.35,time_cooldown,21.0,0.3338785106607276,0.89205734367444,0.5443434658878828,0.6133600044525854,1.2429427791913528,0.4256298142240628,96,7,21.0,21,-0.023693923316567833,0.00642580757307476,0.2712006571145418,SMA,150,0.0,3.0,0.0
2,SMA_N150_th0_bL3_sL0,31,02_SMA_N150_th0_bL3_sL0_sl35_cool63,sl35_cool63,0.35,time_cooldown,63.0,0.2713838460995719,0.8044529942457674,0.5789097278141239,0.4687843942859218,1.1113504860284467,0.398249054649431,90,7,63.0,63,-0.08618858787772354,-0.028140454353166255,-0.3264986124739548,SMA,150,0.0,3.0,0.0
2,SMA_N150_th0_bL3_sL0,32,02_SMA_N150_th0_bL3_sL0_sl35_cool126,sl35_cool126,0.35,time_cooldown,126.0,0.1834053444736634,0.646968014566976,0.5670924987988153,0.3234134552337453,0.8843572793202878,0.3638833806338752,84,6,126.0,126,-0.17416708950363202,-0.016323225337857683,-0.09372164043378174,SMA,150,0.0,3.0,0.0
2,SMA_N150_th0_bL3_sL0,33,02_SMA_N150_th0_bL3_sL0_sl35_rec5,sl35_rec5,0.35,recovery_trigger,0.05,0.3084157615300904,0.834942524247113,0.6119464255327833,0.5039914421619053,1.1546711261617364,0.43873171209232165,100,8,8.25,25,-0.04915667244720501,-0.061177152071825724,-1.2445340383348953,SMA,150,0.0,3.0,0.0
2,SMA_N150_th0_bL3_sL0,34,02_SMA_N150_th0_bL3_sL0_sl35_rec10,sl35_rec10,0.35,recovery_trigger,0.1,0.30362206364363886,0.8399239194176945,0.589855079036967,0.5147401021609419,1.1657205324867925,0.4238269213610517,92,7,30.285714285714285,78,-0.05395037033365657,-0.03908580557600938,-0.7244770579753734,SMA,150,0.0,3.0,0.0
2,SMA_N150_th0_bL3_sL0,35,02_SMA_N150_th0_bL3_sL0_sl35_rec15,sl35_rec15,0.35,recovery_trigger,0.15,0.25771219176239923,0.7657402728317358,0.6477654762186638,0.3978479885448608,1.0587235343105859,0.4110363122641899,90,7,54.57142857142857,102,-0.0998602422148962,-0.09699620275770615,-0.9713195222276076,SMA,150,0.0,3.0,0.0
2,SMA_N150_th0_bL3_sL0,36,02_SMA_N150_th0_bL3_sL0_sl40_next,sl40_next,0.4,next_signal,,0.3237683106394109,0.8732190587976512,0.5462148501480923,0.5927490081084931,1.2115919243045044,0.4268762624552644,94,3,85.0,163,-0.03380412333788452,0.004554423312865263,0.13472981586719893,SMA,150,0.0,3.0,0.0
2,SMA_N150_th0_bL3_sL0,37,02_SMA_N150_th0_bL3_sL0_sl40_cool21,sl40_cool21,0.4,time_cooldown,21.0,0.33064057677440806,0.8730781539338672,0.5975101427222093,0.5533639567489776,1.2141803957821982,0.4387969829147681,98,3,21.0,21,-0.026931857202887377,-0.04674086926125165,-1.735523432681818,SMA,150,0.0,3.0,0.0
2,SMA_N150_th0_bL3_sL0,38,02_SMA_N150_th0_bL3_sL0_sl40_cool63,sl40_cool63,0.4,time_cooldown,63.0,0.2760932686254238,0.7873846190436014,0.5462148501480923,0.5054664269024691,1.085497306271219,0.4268313797011264,96,3,63.0,63,-0.08147916535187161,0.004554423312865263,0.05589678408212421,SMA,150,0.0,3.0,0.0
2,SMA_N150_th0_bL3_sL0,39,02_SMA_N150_th0_bL3_sL0_sl40_cool126,sl40_cool126,0.4,time_cooldown,126.0,0.2452650205402056,0.7419195705566872,0.5882417613121013,0.416945950918429,1.022694884031446,0.4107071211250743,84,3,126.0,126,-0.11230741343708983,-0.037472487851143654,-0.3336599669097914,SMA,150,0.0,3.0,0.0
2,SMA_N150_th0_bL3_sL0,40,02_SMA_N150_th0_bL3_sL0_sl40_rec5,sl40_rec5,0.4,recovery_trigger,0.05,0.332135395586002,0.8733991006159636,0.5642852417920636,0.5885948647730048,1.2130626819586234,0.4411691585615638,100,3,4.333333333333333,8,-0.02543703839129341,-0.01351596833110602,-0.5313499206626298,SMA,150,0.0,3.0,0.0
2,SMA_N150_th0_bL3_sL0,41,02_SMA_N150_th0_bL3_sL0_sl40_rec10,sl40_rec10,0.4,recovery_trigger,0.1,0.32083092628330423,0.8564632896124229,0.6239407989052186,0.5142009095193676,1.1901280332337782,0.43852822956061555,98,3,19.333333333333332,30,-0.036741507693991204,-0.07317152544426098,-1.9915221240697105,SMA,150,0.0,3.0,0.0
2,SMA_N150_th0_bL3_sL0,42,02_SMA_N150_th0_bL3_sL0_sl40_rec15,sl40_rec15,0.4,recovery_trigger,0.15,0.3267808877003995,0.875378638282873,0.4829201442699551,0.6766768617498944,1.2144656492300963,0.4299319988468392,84,3,86.66666666666667,192,-0.030791546276895954,0.0678491291910025,2.2034986025340415,SMA,150,0.0,3.0,0.0
3,EMA_N150_th5_bL2_sL0,0,03_EMA_N150_th5_bL2_sL0_baseline,baseline,,—,,0.23823440141414287,0.8552141621839527,0.4144568489124369,0.5748111101053975,1.1801728764211943,0.3046195974866367,16,0,,0,0.0,0.0,0.0,EMA,150,0.05,2.0,0.0
3,EMA_N150_th5_bL2_sL0,1,03_EMA_N150_th5_bL2_sL0_sl15_next,sl15_next,0.15,next_signal,,0.06702069217325834,0.5039889318897381,0.37876692062005834,0.17694441759471097,0.6811709056227818,0.15180723440839608,16,8,376.125,986,-0.17121370924088453,0.03568992829237855,0.20845251499204168,EMA,150,0.05,2.0,0.0
3,EMA_N150_th5_bL2_sL0,2,03_EMA_N150_th5_bL2_sL0_sl15_cool21,sl15_cool21,0.15,time_cooldown,21.0,0.18772371278991895,0.7824395902523701,0.4119799891641747,0.45566221109615773,1.0725207819697007,0.26520956334471507,47,24,21.0,21,-0.05051068862422392,0.0024768597482621724,0.04903634885457332,EMA,150,0.05,2.0,0.0
3,EMA_N150_th5_bL2_sL0,3,03_EMA_N150_th5_bL2_sL0_sl15_cool63,sl15_cool63,0.15,time_cooldown,63.0,0.12556517531064482,0.6250036043823399,0.37979530930660726,0.3306127596464772,0.8419993747246718,0.2331791597548705,41,21,63.0,63,-0.11266922610349805,0.03466153960582963,0.30763981261386764,EMA,150,0.05,2.0,0.0
3,EMA_N150_th5_bL2_sL0,4,03_EMA_N150_th5_bL2_sL0_sl15_cool126,sl15_cool126,0.15,time_cooldown,126.0,0.05228953759053789,0.35946675650594156,0.45233516675182395,0.11559909870820816,0.47577971720375756,0.1955133088163063,31,16,126.0,126,-0.18594486382360498,-0.037878317839387055,-0.2037072552610004,EMA,150,0.05,2.0,0.0
3,EMA_N150_th5_bL2_sL0,5,03_EMA_N150_th5_bL2_sL0_sl15_rec5,sl15_rec5,0.15,recovery_trigger,0.05,0.1999035000318563,0.7969537646530668,0.445737899644276,0.4484776820445167,1.0919413271699379,0.2774171285451259,50,25,10.64,30,-0.038330901382286564,-0.03128105073183912,-0.8160791842556222,EMA,150,0.05,2.0,0.0
3,EMA_N150_th5_bL2_sL0,6,03_EMA_N150_th5_bL2_sL0_sl15_rec10,sl15_rec10,0.15,recovery_trigger,0.1,0.14969762143531495,0.6760719702106096,0.401546479453878,0.3728027242049556,0.9163973780460846,0.2548002213798935,44,22,36.5,96,-0.08853677997882792,0.01291036945855889,0.1458192794186347,EMA,150,0.05,2.0,0.0
3,EMA_N150_th5_bL2_sL0,7,03_EMA_N150_th5_bL2_sL0_sl15_rec15,sl15_rec15,0.15,recovery_trigger,0.15,0.12326879493830312,0.6084112171684221,0.383658422851596,0.3212982893014317,0.8243202233053555,0.23804748129449468,38,19,65.84210526315789,148,-0.11496560647583975,0.030798426060840878,0.26789252024963855,EMA,150,0.05,2.0,0.0
3,EMA_N150_th5_bL2_sL0,8,03_EMA_N150_th5_bL2_sL0_sl20_next,sl20_next,0.2,next_signal,,0.0801460681370123,0.4878647707244673,0.4144568489124369,0.19337614602659134,0.6675553629928358,0.19892768063846988,16,8,312.5,863,-0.15808833327713057,0.0,0.0,EMA,150,0.05,2.0,0.0
3,EMA_N150_th5_bL2_sL0,9,03_EMA_N150_th5_bL2_sL0_sl20_cool21,sl20_cool21,0.2,time_cooldown,21.0,0.17185076595354465,0.6972093871541409,0.4144568489124369,0.4146409123277678,0.9522700467201082,0.2870940244814006,31,16,21.0,21,-0.06638363546059822,0.0,0.0,EMA,150,0.05,2.0,0.0
3,EMA_N150_th5_bL2_sL0,10,03_EMA_N150_th5_bL2_sL0_sl20_cool63,sl20_cool63,0.2,time_cooldown,63.0,0.10482539944619029,0.5121061577186136,0.41761422539302706,0.25101012626554214,0.6879790365960413,0.2627404724101574,31,16,63.0,63,-0.13340900196795258,-0.0031573764805901683,-0.023666892293734657,EMA,150,0.05,2.0,0.0
3,EMA_N150_th5_bL2_sL0,11,03_EMA_N150_th5_bL2_sL0_sl20_cool126,sl20_cool126,0.2,time_cooldown,126.0,0.06358788436390705,0.38269538884217164,0.590790147744087,0.10763193090933443,0.510595159001883,0.2324192861808639,25,13,126.0,126,-0.17464651705023582,-0.1763332988316501,-1.009658261784454,EMA,150,0.05,2.0,0.0
3,EMA_N150_th5_bL2_sL0,12,03_EMA_N150_th5_bL2_sL0_sl20_rec5,sl20_rec5,0.2,recovery_trigger,0.05,0.17865613599082986,0.7045163736499451,0.45042583185851687,0.39663829948133944,0.9594293591955643,0.2962070866978029,34,17,7.9411764705882355,23,-0.059578265423313015,-0.035968982946079975,-0.6037265887234993,EMA,150,0.05,2.0,0.0
3,EMA_N150_th5_bL2_sL0,13,03_EMA_N150_th5_bL2_sL0_sl20_rec10,sl20_rec10,0.2,recovery_trigger,0.1,0.14680065108482232,0.6257823142064834,0.4144568489124369,0.3542000849305236,0.8481257580560623,0.28388692064475435,32,16,29.375,58,-0.09143375032932055,0.0,0.0,EMA,150,0.05,2.0,0.0
3,EMA_N150_th5_bL2_sL0,14,03_EMA_N150_th5_bL2_sL0_sl20_rec15,sl20_rec15,0.2,recovery_trigger,0.15,0.10190245808203269,0.494818396745729,0.4840056974214775,0.21053979038865508,0.6651871331690978,0.2711230386922842,32,16,53.25,115,-0.13633194333211018,-0.06954884850904058,-0.5101434543452281,EMA,150,0.05,2.0,0.0
3,EMA_N150_th5_bL2_sL0,15,03_EMA_N150_th5_bL2_sL0_sl25_next,sl25_next,0.25,next_signal,,0.21694165235499274,0.8405754190537451,0.4144568489124369,0.5234360414703303,1.1699244416205794,0.2808557162846229,16,5,152.4,259,-0.02129274905915013,0.0,0.0,EMA,150,0.05,2.0,0.0
3,EMA_N150_th5_bL2_sL0,16,03_EMA_N150_th5_bL2_sL0_sl25_cool21,sl25_cool21,0.25,time_cooldown,21.0,0.22198130796373006,0.8253972525009416,0.4144568489124369,0.5355957044653121,1.1377278857960031,0.29665823446307166,22,7,21.0,21,-0.016253093450412814,0.0,0.0,EMA,150,0.05,2.0,0.0
3,EMA_N150_th5_bL2_sL0,17,03_EMA_N150_th5_bL2_sL0_sl25_cool63,sl25_cool63,0.25,time_cooldown,63.0,0.19647731039046734,0.7729636592516312,0.41761422539302684,0.47047561707352714,1.0634451150202366,0.2851034115529716,22,7,63.0,63,-0.04175709102367553,-0.0031573764805899462,-0.07561294149536829,EMA,150,0.05,2.0,0.0
3,EMA_N150_th5_bL2_sL0,18,03_EMA_N150_th5_bL2_sL0_sl25_cool126,sl25_cool126,0.25,time_cooldown,126.0,0.14094959289705233,0.633509490842122,0.49387316495486366,0.2853963383694558,0.8679309697365076,0.26332183796369585,20,7,126.0,126,-0.09728480851709054,-0.07941631604242677,-0.8163280295553574,EMA,150,0.05,2.0,0.0
3,EMA_N150_th5_bL2_sL0,19,03_EMA_N150_th5_bL2_sL0_sl25_rec5,sl25_rec5,0.25,recovery_trigger,0.05,0.20010354067822034,0.7576436929539101,0.4715919647677433,0.4243149918314879,1.0360569417088576,0.30122322531949963,26,8,6.375,22,-0.038130860735922534,-0.057135115855306395,-1.498395649943465,EMA,150,0.05,2.0,0.0
3,EMA_N150_th5_bL2_sL0,20,03_EMA_N150_th5_bL2_sL0_sl25_rec10,sl25_rec10,0.25,recovery_trigger,0.1,0.20762543232014918,0.7844926684898909,0.4144568489124369,0.5009578991515583,1.0790622347630994,0.2973065373511204,22,7,25.0,39,-0.030608969093993688,0.0,0.0,EMA,150,0.05,2.0,0.0
3,EMA_N150_th5_bL2_sL0,21,03_EMA_N150_th5_bL2_sL0_sl25_rec15,sl25_rec15,0.25,recovery_trigger,0.15,0.19255423116400783,0.7480075702565335,0.4441671226573349,0.43351752379151026,1.0282869169830822,0.29349502814302975,22,7,48.714285714285715,78,-0.045680170250135044,-0.029710273744897986,-0.650397614155349,EMA,150,0.05,2.0,0.0
3,EMA_N150_th5_bL2_sL0,22,03_EMA_N150_th5_bL2_sL0_sl30_next,sl30_next,0.3,next_signal,,0.10919863014239839,0.5597391143612686,0.4419135751626785,0.24710404087993876,0.7553483160243993,0.23508462073379752,16,3,533.6666666666666,1011,-0.12903577127174448,-0.027456726250241592,-0.21278383489814431,EMA,150,0.05,2.0,0.0
3,EMA_N150_th5_bL2_sL0,23,03_EMA_N150_th5_bL2_sL0_sl30_cool21,sl30_cool21,0.3,time_cooldown,21.0,0.25388159781927744,0.9054047109255278,0.42862334639682903,0.5923186404882114,1.254559652706852,0.3000660276582106,20,4,21.0,21,0.015647196405134567,-0.014166497484392138,-0.9053696980337932,EMA,150,0.05,2.0,0.0
3,EMA_N150_th5_bL2_sL0,24,03_EMA_N150_th5_bL2_sL0_sl30_cool63,sl30_cool63,0.3,time_cooldown,63.0,0.21473709942849895,0.8154731491578658,0.38823159434914456,0.5531159816822675,1.118963117239827,0.2909637101804936,20,4,63.0,63,-0.023497301985643926,0.026225254563292333,1.1160964173382586,EMA,150,0.05,2.0,0.0
3,EMA_N150_th5_bL2_sL0,25,03_EMA_N150_th5_bL2_sL0_sl30_cool126,sl30_cool126,0.3,time_cooldown,126.0,0.16041207553030734,0.672794713742373,0.43529584784370223,0.3685127628139129,0.9190908585405819,0.27987058461691083,20,4,126.0,126,-0.07782232588383553,-0.02083899893126534,-0.26777661416045917,EMA,150,0.05,2.0,0.0
3,EMA_N150_th5_bL2_sL0,26,03_EMA_N150_th5_bL2_sL0_sl30_rec5,sl30_rec5,0.3,recovery_trigger,0.05,0.25077034596053305,0.9017920005812825,0.39083209836058325,0.6416319105120464,1.2459112094969755,0.2977602989336228,20,4,21.5,31,0.012535944546390176,0.023624750551853646,1.8845608693009557,EMA,150,0.05,2.0,0.0
3,EMA_N150_th5_bL2_sL0,27,03_EMA_N150_th5_bL2_sL0_sl30_rec10,sl30_rec10,0.3,recovery_trigger,0.1,0.23926762305158045,0.874368292105541,0.39083209836058325,0.6122005435460196,1.2053248047554272,0.29589757970430985,20,4,38.25,58,0.0010332216374375758,0.023624750551853646,22.865133380717634,EMA,150,0.05,2.0,0.0
3,EMA_N150_th5_bL2_sL0,28,03_EMA_N150_th5_bL2_sL0_sl30_rec15,sl30_rec15,0.3,recovery_trigger,0.15,0.22504826006140433,0.8381748675974474,0.39083209836058314,0.5758182631503669,1.1521932936879533,0.2943629316369152,20,4,56.25,73,-0.013186141352738545,0.023624750551853757,1.7916348626846235,EMA,150,0.05,2.0,0.0
3,EMA_N150_th5_bL2_sL0,29,03_EMA_N150_th5_bL2_sL0_sl35_next,sl35_next,0.35,next_signal,,0.08898464831299946,0.48598136519768365,0.48247236908392077,0.1844347034462435,0.6561005822918459,0.23077410610809698,16,2,846.5,987,-0.1492497531011434,-0.06801552017148388,-0.4557161319080454,EMA,150,0.05,2.0,0.0
3,EMA_N150_th5_bL2_sL0,30,03_EMA_N150_th5_bL2_sL0_sl35_cool21,sl35_cool21,0.35,time_cooldown,21.0,0.2243772676224518,0.8305749558298192,0.377173910321783,0.5948907426577467,1.1411628317163705,0.29753738907371957,22,4,21.0,21,-0.013857133791691068,0.0372829385906539,2.6905231017549442,EMA,150,0.05,2.0,0.0
3,EMA_N150_th5_bL2_sL0,31,03_EMA_N150_th5_bL2_sL0_sl35_cool63,sl35_cool63,0.35,time_cooldown,63.0,0.16975814779371867,0.6853809245794811,0.4201052421147229,0.40408481203231666,0.9358519364661297,0.29122073220048,22,4,63.0,63,-0.0684762536204242,-0.005648393202285995,-0.08248689003338329,EMA,150,0.05,2.0,0.0
3,EMA_N150_th5_bL2_sL0,32,03_EMA_N150_th5_bL2_sL0_sl35_cool126,sl35_cool126,0.35,time_cooldown,126.0,0.14776954100296247,0.6370667563308675,0.46811776357999973,0.31566745058523965,0.8664455057699699,0.2772018817501026,22,4,126.0,126,-0.0904648604111804,-0.05366091466756284,-0.5931686007546304,EMA,150,0.05,2.0,0.0
3,EMA_N150_th5_bL2_sL0,33,03_EMA_N150_th5_bL2_sL0_sl35_rec5,sl35_rec5,0.35,recovery_trigger,0.05,0.22852395315626528,0.8370076063063749,0.4014938709816956,0.5691841636274538,1.1516709043985878,0.300263441257248,22,4,14.0,27,-0.00971044825787759,0.012962977930741304,1.3349515477027647,EMA,150,0.05,2.0,0.0
3,EMA_N150_th5_bL2_sL0,34,03_EMA_N150_th5_bL2_sL0_sl35_rec10,sl35_rec10,0.35,recovery_trigger,0.1,0.2098233662336133,0.79104098239277,0.4040030076215936,0.5193609014667109,1.0848305734980292,0.297132652763443,22,4,30.25,44,-0.028411035180529565,0.010453841290843313,0.3679500315429358,EMA,150,0.05,2.0,0.0
3,EMA_N150_th5_bL2_sL0,35,03_EMA_N150_th5_bL2_sL0_sl35_rec15,sl35_rec15,0.35,recovery_trigger,0.15,0.19042332052860167,0.7400963779921839,0.3759392907549857,0.506526785604615,1.0112595543849625,0.2948104323885453,22,4,50.25,61,-0.0478110808855412,0.03851755815745117,0.80561989907029,EMA,150,0.05,2.0,0.0
3,EMA_N150_th5_bL2_sL0,36,03_EMA_N150_th5_bL2_sL0_sl40_next,sl40_next,0.4,next_signal,,0.14908691459320678,0.649675266094175,0.5221929049247194,0.28550160905518146,0.8850186904917772,0.2709909413988733,16,1,984.0,984,-0.0891474868209361,-0.10773605601228248,-1.2085147866106853,EMA,150,0.05,2.0,0.0
3,EMA_N150_th5_bL2_sL0,37,03_EMA_N150_th5_bL2_sL0_sl40_cool21,sl40_cool21,0.4,time_cooldown,21.0,0.22464461416744985,0.8227630069981422,0.4403943283020022,0.5100987904035833,1.1307534839424325,0.3024190003339172,20,2,21.0,21,-0.01358978724669302,-0.02593747938956531,-1.9086008425832433,EMA,150,0.05,2.0,0.0
3,EMA_N150_th5_bL2_sL0,38,03_EMA_N150_th5_bL2_sL0_sl40_cool63,sl40_cool63,0.4,time_cooldown,63.0,0.20418651630774298,0.7696702224432811,0.47644536616950434,0.42856228815771463,1.055915054724086,0.30070726977889933,20,2,63.0,63,-0.03404788510639989,-0.061988517257067444,-1.8206275386372128,EMA,150,0.05,2.0,0.0
3,EMA_N150_th5_bL2_sL0,39,03_EMA_N150_th5_bL2_sL0_sl40_cool126,sl40_cool126,0.4,time_cooldown,126.0,0.20266834051593485,0.771708674368176,0.4396034101751604,0.46102540568368533,1.056660853510004,0.2967487005692416,20,2,126.0,126,-0.03556606089820802,-0.02514656126272352,-0.7070381320746859,EMA,150,0.05,2.0,0.0
3,EMA_N150_th5_bL2_sL0,40,03_EMA_N150_th5_bL2_sL0_sl40_rec5,sl40_rec5,0.4,recovery_trigger,0.05,0.2215304458113183,0.8136844501463671,0.45855376014567667,0.4831068133449411,1.1189281110395999,0.3027983580172403,20,2,24.0,44,-0.01670395560282456,-0.04409691123323978,-2.63990831164465,EMA,150,0.05,2.0,0.0
3,EMA_N150_th5_bL2_sL0,41,03_EMA_N150_th5_bL2_sL0_sl40_rec10,sl40_rec10,0.4,recovery_trigger,0.1,0.21099505316045053,0.7898741995149623,0.40765878573539327,0.5175775931820713,1.083931528973336,0.2998210542230491,20,2,79.5,128,-0.02723934825369234,0.006798063177043623,0.2495677618175807,EMA,150,0.05,2.0,0.0
3,EMA_N150_th5_bL2_sL0,42,03_EMA_N150_th5_bL2_sL0_sl40_rec15,sl40_rec15,0.4,recovery_trigger,0.15,0.19713441418069677,0.751979146053198,0.4238363000886197,0.465119231503951,1.0309828552262368,0.29947485114156186,20,2,96.0,146,-0.0410999872334461,-0.00937945117618283,-0.22821056179185564,EMA,150,0.05,2.0,0.0
4,EMA_N150_th0_bL2_sL0,0,04_EMA_N150_th0_bL2_sL0_baseline,baseline,,—,,0.23109913582761088,0.8437351191504127,0.4104421643516564,0.5630492086325005,1.1685678774166324,0.30030236542793054,114,0,,0,0.0,0.0,0.0,EMA,150,0.0,2.0,0.0
4,EMA_N150_th0_bL2_sL0,1,04_EMA_N150_th0_bL2_sL0_sl15_next,sl15_next,0.15,next_signal,,0.21807682286549124,0.8933572251832536,0.399335296782536,0.5460995424710685,1.241858037264281,0.2585747985363207,108,21,46.04761904761905,391,-0.013022312962119642,0.011106867569120438,0.8529105084042284,EMA,150,0.0,2.0,0.0
4,EMA_N150_th0_bL2_sL0,2,04_EMA_N150_th0_bL2_sL0_sl15_cool21,sl15_cool21,0.15,time_cooldown,21.0,0.19644142643522322,0.797378494461327,0.4665216017896702,0.4210768069080501,1.100725029200286,0.2715120053697796,108,24,21.0,21,-0.03465770939238766,-0.0560794374380138,-1.618094167825508,EMA,150,0.0,2.0,0.0
4,EMA_N150_th0_bL2_sL0,3,04_EMA_N150_th0_bL2_sL0_sl15_cool63,sl15_cool63,0.15,time_cooldown,63.0,0.14785756731216693,0.7063693923018038,0.4816693260158662,0.30696903316466634,0.965360243566753,0.23446473281035946,70,19,63.0,63,-0.08324156851544395,-0.07122716166420978,-0.855668182790127,EMA,150,0.0,2.0,0.0
4,EMA_N150_th0_bL2_sL0,4,04_EMA_N150_th0_bL2_sL0_sl15_cool126,sl15_cool126,0.15,time_cooldown,126.0,0.07966364791343916,0.473470720926454,0.38995790128883806,0.20428781581331024,0.6394125956753672,0.2079197601314326,63,15,126.0,126,-0.15143548791417172,0.020484263062818364,0.135267257001398,EMA,150,0.0,2.0,0.0
4,EMA_N150_th0_bL2_sL0,5,04_EMA_N150_th0_bL2_sL0_sl15_rec5,sl15_rec5,0.15,recovery_trigger,0.05,0.19312648724962234,0.7661465713466922,0.46992030484293307,0.4109771066695517,1.0542137432215382,0.2833100140782209,112,25,10.56,30,-0.037972648577988544,-0.05947814049127664,-1.5663416358519195,EMA,150,0.0,2.0,0.0
4,EMA_N150_th0_bL2_sL0,6,04_EMA_N150_th0_bL2_sL0_sl15_rec10,sl15_rec10,0.15,recovery_trigger,0.1,0.17042574988019465,0.7426089720609346,0.3952621580147658,0.43117142995972835,1.0208583745165734,0.2565925883694069,80,23,41.30434782608695,102,-0.060673385947416225,0.01518000633689065,0.2501921740455807,EMA,150,0.0,2.0,0.0
4,EMA_N150_th0_bL2_sL0,7,04_EMA_N150_th0_bL2_sL0_sl15_rec15,sl15_rec15,0.15,recovery_trigger,0.15,0.11916134354659125,0.5938035144908018,0.4214470785316066,0.2827433137317493,0.8147646489068165,0.23737672826701545,68,20,73.25,148,-0.11193779228101963,-0.011004914179950198,-0.09831276779447624,EMA,150,0.0,2.0,0.0
4,EMA_N150_th0_bL2_sL0,8,04_EMA_N150_th0_bL2_sL0_sl20_next,sl20_next,0.2,next_signal,,0.19913765969559138,0.8011687178025101,0.4104421643516565,0.4851783685775891,1.103945749910258,0.27392677760390366,112,13,42.84615384615385,391,-0.031961476132019495,-5.551115123125783e-17,-1.7368143762185599e-15,EMA,150,0.0,2.0,0.0
4,EMA_N150_th0_bL2_sL0,9,04_EMA_N150_th0_bL2_sL0_sl20_cool21,sl20_cool21,0.2,time_cooldown,21.0,0.23404291963249957,0.8806518372078698,0.3579417395928415,0.6538575800037271,1.2267442328518596,0.28537279183331754,100,13,21.0,21,0.002943783804888689,0.052500424758814945,17.834334393588428,EMA,150,0.0,2.0,0.0
4,EMA_N150_th0_bL2_sL0,10,04_EMA_N150_th0_bL2_sL0_sl20_cool63,sl20_cool63,0.2,time_cooldown,63.0,0.17556012320322445,0.7472819347608584,0.36413161294527147,0.48213370375400755,1.025901892706394,0.26316608756134874,88,12,63.0,63,-0.05553901262438643,0.04631055140638496,0.8338382196238509,EMA,150,0.0,2.0,0.0
4,EMA_N150_th0_bL2_sL0,11,04_EMA_N150_th0_bL2_sL0_sl20_cool126,sl20_cool126,0.2,time_cooldown,126.0,0.1185200479962556,0.5874635982578649,0.48394780734419024,0.24490254155023483,0.8052721622839883,0.24008782989511268,78,10,126.0,126,-0.11257908783135528,-0.07350564299253382,-0.6529244854305987,EMA,150,0.0,2.0,0.0
4,EMA_N150_th0_bL2_sL0,12,04_EMA_N150_th0_bL2_sL0_sl20_rec5,sl20_rec5,0.2,recovery_trigger,0.05,0.21836172910526752,0.8198332279322753,0.41044216435165626,0.5320158309032325,1.1328680481100293,0.29411471364422065,110,14,10.071428571428571,19,-0.012737406722343358,1.6653345369377348e-16,1.3074361000159345e-14,EMA,150,0.0,2.0,0.0
4,EMA_N150_th0_bL2_sL0,13,04_EMA_N150_th0_bL2_sL0_sl20_rec10,sl20_rec10,0.2,recovery_trigger,0.1,0.20053923651993055,0.7913567681456725,0.44409367376633924,0.45156967632338907,1.093888466591971,0.281345487539211,94,13,34.07692307692308,70,-0.030559899307680327,-0.03365150941468281,-1.101165585523559,EMA,150,0.0,2.0,0.0
4,EMA_N150_th0_bL2_sL0,14,04_EMA_N150_th0_bL2_sL0_sl20_rec15,sl20_rec15,0.2,recovery_trigger,0.15,0.17413222060455325,0.7322309900745207,0.40809459755353067,0.4266957260607008,1.0096420338263012,0.2690263720894061,90,12,62.583333333333336,120,-0.056966915223057635,0.0023475667981257553,0.04120930173125412,EMA,150,0.0,2.0,0.0
4,EMA_N150_th0_bL2_sL0,15,04_EMA_N150_th0_bL2_sL0_sl25_next,sl25_next,0.25,next_signal,,0.2380875662631574,0.863784513668727,0.41044216435165626,0.5800757985945375,1.1975204612174084,0.29966408723545174,112,8,18.25,106,0.006988430435546533,1.6653345369377348e-16,2.3829879288302547e-14,EMA,150,0.0,2.0,0.0
4,EMA_N150_th0_bL2_sL0,16,04_EMA_N150_th0_bL2_sL0_sl25_cool21,sl25_cool21,0.25,time_cooldown,21.0,0.24143235955985443,0.8890319525480611,0.40041540343638926,0.602954725237509,1.2395798649401821,0.2913497009097814,106,8,21.0,21,0.010333223732243546,0.010026760915267163,0.9703419934652046,EMA,150,0.0,2.0,0.0
4,EMA_N150_th0_bL2_sL0,17,04_EMA_N150_th0_bL2_sL0_sl25_cool63,sl25_cool63,0.25,time_cooldown,63.0,0.20552182724980095,0.8115748802045172,0.4531267296882382,0.45356368049884144,1.1252701686940139,0.2784271462210488,98,8,63.0,63,-0.025577308577809932,-0.04268456533658177,-1.6688450704939908,EMA,150,0.0,2.0,0.0
4,EMA_N150_th0_bL2_sL0,18,04_EMA_N150_th0_bL2_sL0_sl25_cool126,sl25_cool126,0.25,time_cooldown,126.0,0.1480809218396013,0.6599652391480262,0.4640330233929432,0.3191172058334442,0.9112657197061708,0.26133903175601453,86,7,126.0,126,-0.08301821398800957,-0.0535908590412868,-0.6455313414599234,EMA,150,0.0,2.0,0.0
4,EMA_N150_th0_bL2_sL0,19,04_EMA_N150_th0_bL2_sL0_sl25_rec5,sl25_rec5,0.25,recovery_trigger,0.05,0.22543081596804715,0.8328912024312547,0.4104421643516565,0.5492389319312324,1.1517106181911991,0.2977587076067907,110,8,9.75,18,-0.005668319859563731,-5.551115123125783e-17,-9.79322843568858e-15,EMA,150,0.0,2.0,0.0
4,EMA_N150_th0_bL2_sL0,20,04_EMA_N150_th0_bL2_sL0_sl25_rec10,sl25_rec10,0.25,recovery_trigger,0.1,0.22285196392668882,0.8392767331122614,0.4820896368840044,0.4622625065477382,1.1659342701648814,0.29028315711140684,106,8,35.125,78,-0.008247171900922057,-0.07164747253234799,-8.68752020608878,EMA,150,0.0,2.0,0.0
4,EMA_N150_th0_bL2_sL0,21,04_EMA_N150_th0_bL2_sL0_sl25_rec15,sl25_rec15,0.25,recovery_trigger,0.15,0.22171198398595227,0.8495171566375747,0.41256004089015536,0.5374053762152485,1.1810101521106013,0.28332328794688205,88,7,75.42857142857143,222,-0.009387151841658614,-0.0021178765384989306,-0.2256143902030164,EMA,150,0.0,2.0,0.0
4,EMA_N150_th0_bL2_sL0,22,04_EMA_N150_th0_bL2_sL0_sl30_next,sl30_next,0.3,next_signal,,0.2472913920010955,0.8981763185321374,0.36781890023214014,0.6723183388483394,1.2490625366263572,0.29476720446416976,112,5,21.0,38,0.01619225617348463,0.04262326411951628,2.6323239740557787,EMA,150,0.0,2.0,0.0
4,EMA_N150_th0_bL2_sL0,23,04_EMA_N150_th0_bL2_sL0_sl30_cool21,sl30_cool21,0.3,time_cooldown,21.0,0.2475547666108664,0.9010109375289239,0.3463914549550442,0.7146676486086958,1.2517494250875743,0.29374483803990126,110,5,21.0,21,0.016455630783255515,0.06405070939661223,3.8923278141234947,EMA,150,0.0,2.0,0.0
4,EMA_N150_th0_bL2_sL0,24,04_EMA_N150_th0_bL2_sL0_sl30_cool63,sl30_cool63,0.3,time_cooldown,63.0,0.1930417442255743,0.7631016493429669,0.4702323683972134,0.4105241518859217,1.0495908762824921,0.28492057580628743,106,5,63.0,63,-0.03805739160203658,-0.05979020404555696,-1.571053651568632,EMA,150,0.0,2.0,0.0
4,EMA_N150_th0_bL2_sL0,25,04_EMA_N150_th0_bL2_sL0_sl30_cool126,sl30_cool126,0.3,time_cooldown,126.0,0.14295826841044823,0.6268232595626818,0.4472437107247672,0.31964288145892883,0.8574105045510806,0.27313373210368874,104,4,126.0,126,-0.08814086741716265,-0.03680154637311078,-0.41753102109753965,EMA,150,0.0,2.0,0.0
4,EMA_N150_th0_bL2_sL0,26,04_EMA_N150_th0_bL2_sL0_sl30_rec5,sl30_rec5,0.3,recovery_trigger,0.05,0.23118898185931225,0.8523322940518984,0.43586937080721605,0.5304088732620915,1.1818288453965893,0.2956993261769516,114,5,8.2,14,8.984603170136829e-05,-0.025427206455559626,-25.427206455559624,EMA,150,0.0,2.0,0.0
4,EMA_N150_th0_bL2_sL0,27,04_EMA_N150_th0_bL2_sL0_sl30_rec10,sl30_rec10,0.3,recovery_trigger,0.1,0.22829193757745858,0.8539031903601582,0.3960557761474128,0.5764136046648335,1.182966170434726,0.29066378548718597,106,5,38.8,78,-0.0028071982501522985,0.01438638820424365,5.12482087913212,EMA,150,0.0,2.0,0.0
4,EMA_N150_th0_bL2_sL0,28,04_EMA_N150_th0_bL2_sL0_sl30_rec15,sl30_rec15,0.3,recovery_trigger,0.15,0.2071138954691667,0.7983221576829177,0.46295696028259475,0.4473718147422209,1.102511036729097,0.28821878205859175,106,5,56.4,102,-0.023985240358444182,-0.05251479593093833,-2.189462984157676,EMA,150,0.0,2.0,0.0
4,EMA_N150_th0_bL2_sL0,29,04_EMA_N150_th0_bL2_sL0_sl35_next,sl35_next,0.35,next_signal,,0.23109913582761088,0.8437351191504127,0.4104421643516564,0.5630492086325005,1.1685678774166324,0.30030236542793054,114,2,13.5,23,0.0,0.0,0.0,EMA,150,0.0,2.0,0.0
4,EMA_N150_th0_bL2_sL0,30,04_EMA_N150_th0_bL2_sL0_sl35_cool21,sl35_cool21,0.35,time_cooldown,21.0,0.22543343248271963,0.8291176428032593,0.417577209169457,0.5398604797687522,1.147825464532743,0.29987494173912016,112,2,21.0,21,-0.005665703344891249,-0.007135044817800584,-1.2593396412528794,EMA,150,0.0,2.0,0.0
4,EMA_N150_th0_bL2_sL0,31,04_EMA_N150_th0_bL2_sL0_sl35_cool63,sl35_cool63,0.35,time_cooldown,63.0,0.18020475248102663,0.7110277861107216,0.546370598512301,0.32982146728191764,0.977219661570577,0.29455001668928343,112,2,63.0,63,-0.05089438334658425,-0.13592843416064454,-2.670794402497998,EMA,150,0.0,2.0,0.0
4,EMA_N150_th0_bL2_sL0,32,04_EMA_N150_th0_bL2_sL0_sl35_cool126,sl35_cool126,0.35,time_cooldown,126.0,0.175491073192245,0.7101625408276236,0.49053977756851413,0.35775095357630604,0.9787248945152399,0.2855186600480647,106,2,126.0,126,-0.055608062635365885,-0.08009761321685771,-1.440395680426328,EMA,150,0.0,2.0,0.0
4,EMA_N150_th0_bL2_sL0,33,04_EMA_N150_th0_bL2_sL0_sl35_rec5,sl35_rec5,0.35,recovery_trigger,0.05,0.22950880868305656,0.8400351580510429,0.41044216435165626,0.5591745405728329,1.163224198975934,0.29996474877241325,112,2,7.0,13,-0.0015903271445543155,1.6653345369377348e-16,1.0471647564089337e-13,EMA,150,0.0,2.0,0.0
4,EMA_N150_th0_bL2_sL0,34,04_EMA_N150_th0_bL2_sL0_sl35_rec10,sl35_rec10,0.35,recovery_trigger,0.1,0.22243939889854691,0.8211008555570439,0.44013386373828095,0.505390330590007,1.1364100550229992,0.29979131072996196,112,2,18.0,23,-0.008659736929063966,-0.029691699386624526,-3.4287068567836867,EMA,150,0.0,2.0,0.0
4,EMA_N150_th0_bL2_sL0,35,04_EMA_N150_th0_bL2_sL0_sl35_rec15,sl35_rec15,0.35,recovery_trigger,0.15,0.2150015983363922,0.8010637766068806,0.4926738947502924,0.43639738298974406,1.107997348869999,0.29959267084596897,112,2,29.0,38,-0.016097537491218672,-0.08223173039863596,-5.108342219640363,EMA,150,0.0,2.0,0.0
4,EMA_N150_th0_bL2_sL0,36,04_EMA_N150_th0_bL2_sL0_sl40_next,sl40_next,0.4,next_signal,,0.23109913582761088,0.8437351191504127,0.4104421643516564,0.5630492086325005,1.1685678774166324,0.30030236542793054,114,1,23.0,23,0.0,0.0,0.0,EMA,150,0.0,2.0,0.0
4,EMA_N150_th0_bL2_sL0,37,04_EMA_N150_th0_bL2_sL0_sl40_cool21,sl40_cool21,0.4,time_cooldown,21.0,0.23109913582761088,0.8437351191504127,0.4104421643516564,0.5630492086325005,1.1685678774166324,0.30030236542793054,114,1,21.0,21,0.0,0.0,0.0,EMA,150,0.0,2.0,0.0
4,EMA_N150_th0_bL2_sL0,38,04_EMA_N150_th0_bL2_sL0_sl40_cool63,sl40_cool63,0.4,time_cooldown,63.0,0.20415543387374524,0.7771507482626828,0.4480797301926401,0.4556230066153048,1.07064718331684,0.2958433279548938,114,1,63.0,63,-0.02694370195386564,-0.037637565840983656,-1.3968966070597346,EMA,150,0.0,2.0,0.0
4,EMA_N150_th0_bL2_sL0,39,04_EMA_N150_th0_bL2_sL0_sl40_cool126,sl40_cool126,0.4,time_cooldown,126.0,0.181683597697327,0.7225478095056385,0.4905397775685141,0.3703748523675047,0.9967083195542865,0.2894809770312006,114,1,126.0,126,-0.049415538130283876,-0.08009761321685765,-1.620899341532629,EMA,150,0.0,2.0,0.0
4,EMA_N150_th0_bL2_sL0,40,04_EMA_N150_th0_bL2_sL0_sl40_rec5,sl40_rec5,0.4,recovery_trigger,0.05,0.23109913582761088,0.8437351191504127,0.4104421643516564,0.5630492086325005,1.1685678774166324,0.30030236542793054,114,1,1.0,1,0.0,0.0,0.0,EMA,150,0.0,2.0,0.0
4,EMA_N150_th0_bL2_sL0,41,04_EMA_N150_th0_bL2_sL0_sl40_rec10,sl40_rec10,0.4,recovery_trigger,0.1,0.23109913582761088,0.8437351191504127,0.4104421643516564,0.5630492086325005,1.1685678774166324,0.30030236542793054,114,1,13.0,13,0.0,0.0,0.0,EMA,150,0.0,2.0,0.0
4,EMA_N150_th0_bL2_sL0,42,04_EMA_N150_th0_bL2_sL0_sl40_rec15,sl40_rec15,0.4,recovery_trigger,0.15,0.23109913582761088,0.8437351191504127,0.4104421643516564,0.5630492086325005,1.1685678774166324,0.30030236542793054,114,1,20.0,20,0.0,0.0,0.0,EMA,150,0.0,2.0,0.0
5,EMA_N150_th0_bL3_sL0,0,05_EMA_N150_th0_bL3_sL0_baseline,baseline,,—,,0.3226446392860083,0.8513348737672027,0.5533371284575348,0.5830887223949752,1.180341915987584,0.4476693941871162,114,0,,0,0.0,0.0,0.0,EMA,150,0.0,3.0,0.0
5,EMA_N150_th0_bL3_sL0,1,05_EMA_N150_th0_bL3_sL0_sl15_next,sl15_next,0.15,next_signal,,0.24935490457513287,0.8437014385022824,0.6097069239051912,0.40897502521048507,1.1830087375885432,0.32870847475763443,106,28,61.57142857142857,393,-0.07328973471087541,-0.05636979544765641,-0.7691363008753221,EMA,150,0.0,3.0,0.0
5,EMA_N150_th0_bL3_sL0,2,05_EMA_N150_th0_bL3_sL0_sl15_cool21,sl15_cool21,0.15,time_cooldown,21.0,0.31228535465022667,0.9190918740379627,0.4607110018724798,0.6778335081667186,1.2841517030986385,0.3716726392778882,116,40,21.0,21,-0.010359284635781618,0.09262612658505498,8.94136321586517,EMA,150,0.0,3.0,0.0
5,EMA_N150_th0_bL3_sL0,3,05_EMA_N150_th0_bL3_sL0_sl15_cool63,sl15_cool63,0.15,time_cooldown,63.0,0.25575423809280196,0.8737225679193794,0.44200223265952326,0.5786265751508338,1.2234325228367111,0.31984888990503463,68,26,63.0,63,-0.06689040119320633,0.11133489579801154,1.6644375547461834,EMA,150,0.0,3.0,0.0
5,EMA_N150_th0_bL3_sL0,4,05_EMA_N150_th0_bL3_sL0_sl15_cool126,sl15_cool126,0.15,time_cooldown,126.0,0.05726008726962872,0.35033276873889063,0.6674067889749935,0.085794882844343,0.4803975381981387,0.2468435041752331,55,21,126.0,126,-0.26538455201637956,-0.1140696605174587,-0.42982780893146455,EMA,150,0.0,3.0,0.0
5,EMA_N150_th0_bL3_sL0,5,05_EMA_N150_th0_bL3_sL0_sl15_rec5,sl15_rec5,0.15,recovery_trigger,0.05,0.28497356832643783,0.8390900321196886,0.5028044091893906,0.5667682365511979,1.1651954746149722,0.3911048679863946,116,44,14.181818181818182,40,-0.03767107095957045,0.05053271926814418,1.3414197680330664,EMA,150,0.0,3.0,0.0
5,EMA_N150_th0_bL3_sL0,6,05_EMA_N150_th0_bL3_sL0_sl15_rec10,sl15_rec10,0.15,recovery_trigger,0.1,0.22973018653232957,0.7797688027401737,0.507260799416154,0.4528837765440262,1.0852309520798022,0.34018815650022305,74,33,43.303030303030305,99,-0.09291445275367871,0.046076329041380815,0.4959005588025329,EMA,150,0.0,3.0,0.0
5,EMA_N150_th0_bL3_sL0,7,05_EMA_N150_th0_bL3_sL0_sl15_rec15,sl15_rec15,0.15,recovery_trigger,0.15,0.15232769716464434,0.6248215118270116,0.5942771757316112,0.2563243270736666,0.8675610970352085,0.2993749085913873,56,25,84.52,215,-0.17031694212136395,-0.04094004727407641,-0.240375659427372,EMA,150,0.0,3.0,0.0
5,EMA_N150_th0_bL3_sL0,8,05_EMA_N150_th0_bL3_sL0_sl20_next,sl20_next,0.2,next_signal,,0.26371016015606497,0.8256745049086005,0.5312165592058424,0.4964268443557296,1.1516727868578145,0.36533202723459857,108,23,53.04347826086956,391,-0.05893447912994332,0.022120569251692368,0.3753417282762306,EMA,150,0.0,3.0,0.0
5,EMA_N150_th0_bL3_sL0,9,05_EMA_N150_th0_bL3_sL0_sl20_cool21,sl20_cool21,0.2,time_cooldown,21.0,0.22374734677519315,0.7106502192985044,0.6066918568463989,0.3687989944981923,0.9790373935560559,0.3954171263089208,106,30,21.0,21,-0.09889729251081514,-0.053354728388864125,-0.5394963505500355,EMA,150,0.0,3.0,0.0
5,EMA_N150_th0_bL3_sL0,10,05_EMA_N150_th0_bL3_sL0_sl20_cool63,sl20_cool63,0.2,time_cooldown,63.0,0.1475721664664813,0.583803630496053,0.580733575872987,0.25411337073914425,0.7915830313254757,0.33085012384760476,68,23,63.0,63,-0.17507247281952698,-0.02739644741545222,-0.15648632234545393,EMA,150,0.0,3.0,0.0
5,EMA_N150_th0_bL3_sL0,11,05_EMA_N150_th0_bL3_sL0_sl20_cool126,sl20_cool126,0.2,time_cooldown,126.0,0.04359657489387381,0.2943387817709665,0.6758606744262179,0.06450526941944917,0.39317884634345274,0.2826083359359741,59,18,126.0,126,-0.2790480643921345,-0.12252354596868309,-0.43907685307039407,EMA,150,0.0,3.0,0.0
5,EMA_N150_th0_bL3_sL0,12,05_EMA_N150_th0_bL3_sL0_sl20_rec5,sl20_rec5,0.2,recovery_trigger,0.05,0.2358114017033186,0.7208825805725265,0.6117346750069199,0.38547986788659827,0.9898602266146684,0.4143999248505941,114,33,10.909090909090908,25,-0.08683323758268968,-0.058397546549385115,-0.6725252699897802,EMA,150,0.0,3.0,0.0
5,EMA_N150_th0_bL3_sL0,13,05_EMA_N150_th0_bL3_sL0_sl20_rec10,sl20_rec10,0.2,recovery_trigger,0.1,0.15563180107726282,0.5780771145893435,0.6998948611496619,0.22236454318527038,0.7882074890008551,0.3702851868463763,78,29,37.89655172413793,96,-0.16701283820874546,-0.14655773269212713,-0.8775237536466989,EMA,150,0.0,3.0,0.0
5,EMA_N150_th0_bL3_sL0,14,05_EMA_N150_th0_bL3_sL0_sl20_rec15,sl20_rec15,0.2,recovery_trigger,0.15,0.10171370225968013,0.4585837910814608,0.5310771408445146,0.19152340486343625,0.6257623036976332,0.33505895605383146,62,23,72.43478260869566,148,-0.22093093702632816,0.02225998761302017,0.10075541213301181,EMA,150,0.0,3.0,0.0
5,EMA_N150_th0_bL3_sL0,15,05_EMA_N150_th0_bL3_sL0_sl25_next,sl25_next,0.25,next_signal,,0.2648476848038477,0.7941837091668872,0.546317137619823,0.4847874367583041,1.1019265016084694,0.3956567836221107,112,16,51.375,391,-0.0577969544821606,0.007019990837711765,0.12145952845800084,EMA,150,0.0,3.0,0.0
5,EMA_N150_th0_bL3_sL0,16,05_EMA_N150_th0_bL3_sL0_sl25_cool21,sl25_cool21,0.25,time_cooldown,21.0,0.2763041784072988,0.797863073355931,0.5639164986572055,0.48997356712426865,1.1076947750976935,0.414757577638712,102,19,21.0,21,-0.046340460878709466,-0.010579370199670701,-0.22829661162328357,EMA,150,0.0,3.0,0.0
5,EMA_N150_th0_bL3_sL0,17,05_EMA_N150_th0_bL3_sL0_sl25_cool63,sl25_cool63,0.25,time_cooldown,63.0,0.15374264149202466,0.5766405743916777,0.7020765211219301,0.21898274171929483,0.7841585545239438,0.36502143710060897,77,17,63.0,63,-0.16890199779398363,-0.1487393926643953,-0.8806254195158695,EMA,150,0.0,3.0,0.0
5,EMA_N150_th0_bL3_sL0,18,05_EMA_N150_th0_bL3_sL0_sl25_cool126,sl25_cool126,0.25,time_cooldown,126.0,0.13395390028725784,0.5488336032797161,0.5861602692616571,0.2285277718600575,0.7521027593780142,0.3284690116362033,69,13,126.0,126,-0.18869073899875044,-0.0328231408041223,-0.17395204967817557,EMA,150,0.0,3.0,0.0
5,EMA_N150_th0_bL3_sL0,19,05_EMA_N150_th0_bL3_sL0_sl25_rec5,sl25_rec5,0.25,recovery_trigger,0.05,0.2909687588388987,0.8121929039691845,0.5174166859966638,0.5623490055764743,1.1243135434692966,0.4293859529943091,112,20,11.45,27,-0.03167588044710956,0.035920442460871005,1.1339998116500267,EMA,150,0.0,3.0,0.0
5,EMA_N150_th0_bL3_sL0,20,05_EMA_N150_th0_bL3_sL0_sl25_rec10,sl25_rec10,0.25,recovery_trigger,0.1,0.2264102946913118,0.7082768229472083,0.5709821347998105,0.3965278086514782,0.9779523447152599,0.40548259832626316,92,19,32.21052631578947,74,-0.09623434459469649,-0.017645006342275726,-0.18335456449139834,EMA,150,0.0,3.0,0.0
5,EMA_N150_th0_bL3_sL0,21,05_EMA_N150_th0_bL3_sL0_sl25_rec15,sl25_rec15,0.25,recovery_trigger,0.15,0.13259733163408005,0.5206376583152356,0.6939086610759384,0.1910875869865662,0.7116516498582709,0.3778356431010225,86,18,59.05555555555556,120,-0.19004730765192823,-0.1405715326184036,-0.739666003981811,EMA,150,0.0,3.0,0.0
5,EMA_N150_th0_bL3_sL0,22,05_EMA_N150_th0_bL3_sL0_sl30_next,sl30_next,0.3,next_signal,,0.263831955854517,0.7840311399113131,0.5533371284575348,0.47680146927781025,1.0844725269302264,0.4042003040849793,108,12,53.833333333333336,391,-0.058812683431491264,0.0,0.0,EMA,150,0.0,3.0,0.0
5,EMA_N150_th0_bL3_sL0,23,05_EMA_N150_th0_bL3_sL0_sl30_cool21,sl30_cool21,0.3,time_cooldown,21.0,0.30953905468096266,0.8491861983320774,0.5377956001754655,0.575570076400718,1.1794523092531142,0.4252750521478218,100,13,21.0,21,-0.013105584605045628,0.015541528282069339,1.1858706612817467,EMA,150,0.0,3.0,0.0
5,EMA_N150_th0_bL3_sL0,24,05_EMA_N150_th0_bL3_sL0_sl30_cool63,sl30_cool63,0.3,time_cooldown,63.0,0.22828436883570835,0.7225595700213137,0.49986639994894233,0.4566907654905909,0.9902794653823136,0.39263591501162615,92,12,63.0,63,-0.09436027045029993,0.05347072850859247,0.5666656978983098,EMA,150,0.0,3.0,0.0
5,EMA_N150_th0_bL3_sL0,25,05_EMA_N150_th0_bL3_sL0_sl30_cool126,sl30_cool126,0.3,time_cooldown,126.0,0.13520465384142177,0.5369786282265641,0.612643180691863,0.22069070235750285,0.7357496317826767,0.35460181591366735,84,10,126.0,126,-0.1874399854445865,-0.059306052234328166,-0.3164002178812642,EMA,150,0.0,3.0,0.0
5,EMA_N150_th0_bL3_sL0,26,05_EMA_N150_th0_bL3_sL0_sl30_rec5,sl30_rec5,0.3,recovery_trigger,0.05,0.2950822656454801,0.8118319448960339,0.5533371284575348,0.533277545405352,1.1199646843195927,0.4384948345476541,104,14,10.071428571428571,24,-0.02756237364052816,0.0,0.0,EMA,150,0.0,3.0,0.0
5,EMA_N150_th0_bL3_sL0,27,05_EMA_N150_th0_bL3_sL0_sl30_rec10,sl30_rec10,0.3,recovery_trigger,0.1,0.25875064631928835,0.7607389468026907,0.6521062662379448,0.3967921483288948,1.0499284761653687,0.4195177203409684,98,13,35.30769230769231,91,-0.06389399296671994,-0.09876913778040997,-1.54582822569651,EMA,150,0.0,3.0,0.0
5,EMA_N150_th0_bL3_sL0,28,05_EMA_N150_th0_bL3_sL0_sl30_rec15,sl30_rec15,0.3,recovery_trigger,0.15,0.219284606772864,0.696228449918931,0.6330637827080567,0.3463862769638002,0.9586583190036638,0.40246617488341585,94,12,61.416666666666664,115,-0.1033600325131443,-0.07972665425052194,-0.7713489664429344,EMA,150,0.0,3.0,0.0
5,EMA_N150_th0_bL3_sL0,29,05_EMA_N150_th0_bL3_sL0_sl35_next,sl35_next,0.35,next_signal,,0.25829391034613636,0.763205118489534,0.5538139446957646,0.46639112795910015,1.051371399563363,0.4159154676673107,112,8,52.5,380,-0.06435072893987193,-0.0004768162382298158,-0.007409647817281815,EMA,150,0.0,3.0,0.0
5,EMA_N150_th0_bL3_sL0,30,05_EMA_N150_th0_bL3_sL0_sl35_cool21,sl35_cool21,0.35,time_cooldown,21.0,0.32584123003588483,0.8725150950446461,0.542497061745046,0.6006322485650962,1.2144733795130818,0.43083765700317006,108,9,21.0,21,0.003196590749876549,0.010840066712488827,3.3911337298675055,EMA,150,0.0,3.0,0.0
5,EMA_N150_th0_bL3_sL0,31,05_EMA_N150_th0_bL3_sL0_sl35_cool63,sl35_cool63,0.35,time_cooldown,63.0,0.25306820991531387,0.7614392118449501,0.5938669046158885,0.4261362402051983,1.0509648694306895,0.405631861713359,100,9,63.0,63,-0.06957642937069441,-0.040529776158353736,-0.5825216459789309,EMA,150,0.0,3.0,0.0
5,EMA_N150_th0_bL3_sL0,32,05_EMA_N150_th0_bL3_sL0_sl35_cool126,sl35_cool126,0.35,time_cooldown,126.0,0.16606779670885596,0.6024611620493198,0.6091914829024169,0.2726036088319007,0.8259342217537481,0.36996938782216726,88,8,126.0,126,-0.15657684257715232,-0.05585435444488207,-0.35672168071316274,EMA,150,0.0,3.0,0.0
5,EMA_N150_th0_bL3_sL0,33,05_EMA_N150_th0_bL3_sL0_sl35_rec5,sl35_rec5,0.35,recovery_trigger,0.05,0.3037641673998086,0.823501773873026,0.5533371284575348,0.5489676216858465,1.1384707652582589,0.4426124621037254,112,9,9.88888888888889,21,-0.01888047188619968,0.0,0.0,EMA,150,0.0,3.0,0.0
5,EMA_N150_th0_bL3_sL0,34,05_EMA_N150_th0_bL3_sL0_sl35_rec10,sl35_rec10,0.35,recovery_trigger,0.1,0.28733922280918667,0.8052500027062219,0.6337106318417098,0.453423389748271,1.1160702727284044,0.4295400700995319,108,9,33.333333333333336,78,-0.035305416476821616,-0.08037350338417504,-2.2765204720624412,EMA,150,0.0,3.0,0.0
5,EMA_N150_th0_bL3_sL0,35,05_EMA_N150_th0_bL3_sL0_sl35_rec15,sl35_rec15,0.35,recovery_trigger,0.15,0.28027722781453135,0.8067656428191959,0.5606136189943115,0.49994723338566505,1.1163062086851367,0.41349635144599234,90,8,72.875,222,-0.042367411471476935,-0.007276490536776703,-0.17174734740817157,EMA,150,0.0,3.0,0.0
5,EMA_N150_th0_bL3_sL0,36,05_EMA_N150_th0_bL3_sL0_sl40_next,sl40_next,0.4,next_signal,,0.34565181456898486,0.8941944595851326,0.5179228345091322,0.6673809137930377,1.2462221850766029,0.4429583026610694,112,5,36.2,105,0.023007175282976577,0.035414293948402564,1.539271706014525,EMA,150,0.0,3.0,0.0
5,EMA_N150_th0_bL3_sL0,37,05_EMA_N150_th0_bL3_sL0_sl40_cool21,sl40_cool21,0.4,time_cooldown,21.0,0.3331483537271205,0.8760217065687775,0.5825658312871829,0.5718638750079577,1.2174959713745162,0.4400307685858386,108,5,21.0,21,0.0105037144411122,-0.029228702829648068,-2.782701585569109,EMA,150,0.0,3.0,0.0
5,EMA_N150_th0_bL3_sL0,38,05_EMA_N150_th0_bL3_sL0_sl40_cool63,sl40_cool63,0.4,time_cooldown,63.0,0.31312411710242016,0.8532062840854012,0.48013584902693207,0.652157337838892,1.1833472803048768,0.4278047033613259,102,5,63.0,63,-0.00952052218358812,0.07320127943060273,7.6887882848264555,EMA,150,0.0,3.0,0.0
5,EMA_N150_th0_bL3_sL0,39,05_EMA_N150_th0_bL3_sL0_sl40_cool126,sl40_cool126,0.4,time_cooldown,126.0,0.19804633030292562,0.6492798048067199,0.6955542141002047,0.2847316949393023,0.893746729786015,0.4078452944652063,98,5,126.0,126,-0.12459830898308266,-0.14221708564266988,-1.1414046210047635,EMA,150,0.0,3.0,0.0
5,EMA_N150_th0_bL3_sL0,40,05_EMA_N150_th0_bL3_sL0_sl40_rec5,sl40_rec5,0.4,recovery_trigger,0.05,0.3431395758188793,0.8911090410719644,0.5179228345091322,0.6625303094506233,1.2401363388827786,0.44187023124931485,108,5,11.4,18,0.020494936532871044,0.035414293948402564,1.7279533357716397,EMA,150,0.0,3.0,0.0
5,EMA_N150_th0_bL3_sL0,41,05_EMA_N150_th0_bL3_sL0_sl40_rec10,sl40_rec10,0.4,recovery_trigger,0.1,0.33166632884849623,0.8736850097783253,0.5472694102248188,0.6060384933852733,1.2150913045516865,0.43981332470832696,108,5,38.0,85,0.009021689562487945,0.006067718232716013,0.6725700536122965,EMA,150,0.0,3.0,0.0
5,EMA_N150_th0_bL3_sL0,42,05_EMA_N150_th0_bL3_sL0_sl40_rec15,sl40_rec15,0.4,recovery_trigger,0.15,0.30511161855987723,0.8313174673991993,0.6112124911974302,0.49919074455126267,1.1537662928592707,0.4359322669992083,106,5,59.2,112,-0.017533020726131054,-0.05787536273989535,-3.3009350552833396,EMA,150,0.0,3.0,0.0
6,EMA_N150_th5_bL3_sL0,0,06_EMA_N150_th5_bL3_sL0_baseline,baseline,,—,,0.3245355738681439,0.8487796301273809,0.5627906426063642,0.57665417528119,1.1714489671934005,0.45462910850672855,16,0,,0,0.0,0.0,0.0,EMA,150,0.05,3.0,0.0
6,EMA_N150_th5_bL3_sL0,1,06_EMA_N150_th5_bL3_sL0_sl15_next,sl15_next,0.15,next_signal,,0.1454608908909687,0.7455972303685989,0.37839307429448693,0.3844174240297083,1.0439887696065904,0.2129316457370739,16,8,380.625,988,-0.17907468297717521,0.1843975683118773,1.029724387871068,EMA,150,0.05,3.0,0.0
6,EMA_N150_th5_bL3_sL0,2,06_EMA_N150_th5_bL3_sL0_sl15_cool21,sl15_cool21,0.15,time_cooldown,21.0,0.3056104674192841,0.9182856329968733,0.43733721661515673,0.6987982175050331,1.2779639570816133,0.36295684698044556,71,36,21.0,21,-0.018925106448859808,0.1254534259912075,6.628941630009472,EMA,150,0.05,3.0,0.0
6,EMA_N150_th5_bL3_sL0,3,06_EMA_N150_th5_bL3_sL0_sl15_cool63,sl15_cool63,0.15,time_cooldown,63.0,0.24368141661037912,0.8538513871139962,0.4541245169465684,0.5365960381281293,1.1862613335965098,0.31376878752601667,49,25,63.0,63,-0.08085415725776479,0.10866612565979583,1.343976974657789,EMA,150,0.05,3.0,0.0
6,EMA_N150_th5_bL3_sL0,4,06_EMA_N150_th5_bL3_sL0_sl15_cool126,sl15_cool126,0.15,time_cooldown,126.0,0.05941525477504017,0.3574414335581035,0.5629846246278953,0.10553619437530942,0.4853865708627014,0.24984415970823282,37,19,126.0,126,-0.26512031909310374,-0.00019398202153109168,-0.0007316754226709042,EMA,150,0.05,3.0,0.0
6,EMA_N150_th5_bL3_sL0,5,06_EMA_N150_th5_bL3_sL0_sl15_rec5,sl15_rec5,0.15,recovery_trigger,0.05,0.2964569109874342,0.8797697955355045,0.4934909156660038,0.6007342821849981,1.2203048169347255,0.3769287798894433,74,37,14.837837837837839,40,-0.028078662880709704,0.06929972694036046,2.4680565180320606,EMA,150,0.05,3.0,0.0
6,EMA_N150_th5_bL3_sL0,6,06_EMA_N150_th5_bL3_sL0_sl15_rec10,sl15_rec10,0.15,recovery_trigger,0.1,0.18334840389806195,0.6803205570945546,0.5281122528119477,0.347176955129934,0.9311866986159536,0.32707248318032994,60,30,43.36666666666667,99,-0.14118716997008196,0.03467838979441651,0.24561997950497186,EMA,150,0.05,3.0,0.0
6,EMA_N150_th5_bL3_sL0,7,06_EMA_N150_th5_bL3_sL0_sl15_rec15,sl15_rec15,0.15,recovery_trigger,0.15,0.1474194119410719,0.6203117893577715,0.471898785787108,0.31239625186825243,0.8498299026965114,0.290663218554197,46,23,83.65217391304348,215,-0.17711616192707202,0.09089185681925627,0.5131765268077636,EMA,150,0.05,3.0,0.0
6,EMA_N150_th5_bL3_sL0,8,06_EMA_N150_th5_bL3_sL0_sl20_next,sl20_next,0.2,next_signal,,0.10157648792822682,0.5467216426851256,0.5208779585389864,0.19501014827569071,0.7437437235110129,0.22323126114689631,16,8,376.75,986,-0.2229590859399171,0.0419126840673778,0.18798374549612396,EMA,150,0.05,3.0,0.0
6,EMA_N150_th5_bL3_sL0,9,06_EMA_N150_th5_bL3_sL0_sl20_cool21,sl20_cool21,0.2,time_cooldown,21.0,0.1885439739867807,0.6452683818034556,0.5592605826208562,0.33713081137098794,0.8789819591551877,0.3826086954554523,59,30,21.0,21,-0.13599159988136322,0.0035300599855080383,0.025957926729206826,EMA,150,0.05,3.0,0.0
6,EMA_N150_th5_bL3_sL0,10,06_EMA_N150_th5_bL3_sL0_sl20_cool63,sl20_cool63,0.2,time_cooldown,63.0,0.12333617027688404,0.5197993538318981,0.5725707228777699,0.2154077485083242,0.6970166722290877,0.33040486845013767,47,24,63.0,63,-0.20119940359125987,-0.009780080271405645,-0.048608892953152336,EMA,150,0.05,3.0,0.0
6,EMA_N150_th5_bL3_sL0,11,06_EMA_N150_th5_bL3_sL0_sl20_cool126,sl20_cool126,0.2,time_cooldown,126.0,0.05424545369860123,0.33041833662881565,0.723752247918274,0.07495030772564401,0.4403441793585719,0.2823909438502157,33,17,126.0,126,-0.2702901201695427,-0.16096160531190973,-0.5955142023354189,EMA,150,0.05,3.0,0.0
6,EMA_N150_th5_bL3_sL0,12,06_EMA_N150_th5_bL3_sL0_sl20_rec5,sl20_rec5,0.2,recovery_trigger,0.05,0.2139456504651256,0.6855530108854971,0.5983537572323776,0.35755712716622473,0.9343735875526512,0.4029366727026838,64,32,11.0625,27,-0.11058992340301832,-0.03556311462601336,-0.3215764468559415,EMA,150,0.05,3.0,0.0
6,EMA_N150_th5_bL3_sL0,13,06_EMA_N150_th5_bL3_sL0_sl20_rec10,sl20_rec10,0.2,recovery_trigger,0.1,0.10676924291659029,0.4646197185550195,0.6786046127993757,0.15733645322000753,0.6224582831057076,0.3595945578395883,56,28,37.5,96,-0.21776633095155362,-0.11581397019301143,-0.5318267965803056,EMA,150,0.05,3.0,0.0
6,EMA_N150_th5_bL3_sL0,14,06_EMA_N150_th5_bL3_sL0_sl20_rec15,sl20_rec15,0.2,recovery_trigger,0.15,0.09156599057436887,0.4337411748732171,0.5304959439835899,0.1726045064299329,0.5823440353968259,0.3273592157569921,44,22,71.36363636363636,148,-0.23296958329377504,0.03229469862277434,0.13862195298710164,EMA,150,0.05,3.0,0.0
6,EMA_N150_th5_bL3_sL0,15,06_EMA_N150_th5_bL3_sL0_sl25_next,sl25_next,0.25,next_signal,,0.11409673583461588,0.5474105427794311,0.56256628172678,0.20281474297464014,0.7550540098574479,0.25975326700301765,16,8,340.25,984,-0.21043883803352803,0.0002243608795842178,0.001066157186956486,EMA,150,0.05,3.0,0.0
6,EMA_N150_th5_bL3_sL0,16,06_EMA_N150_th5_bL3_sL0_sl25_cool21,sl25_cool21,0.25,time_cooldown,21.0,0.2845968520986215,0.8211393774217561,0.583400307765373,0.4878243091587094,1.1355334783106867,0.40712880866572304,37,19,21.0,21,-0.0399387217695224,-0.02060966515900875,-0.5160321674274556,EMA,150,0.05,3.0,0.0
6,EMA_N150_th5_bL3_sL0,17,06_EMA_N150_th5_bL3_sL0_sl25_cool63,sl25_cool63,0.25,time_cooldown,63.0,0.19325813860130903,0.6694104571757993,0.642708966992531,0.3006930796463509,0.914740153534483,0.36436530921093097,33,17,63.0,63,-0.13127743526683489,-0.07991832438616675,-0.6087742666797575,EMA,150,0.05,3.0,0.0
6,EMA_N150_th5_bL3_sL0,18,06_EMA_N150_th5_bL3_sL0_sl25_cool126,sl25_cool126,0.25,time_cooldown,126.0,0.1906529223042308,0.7023110682021735,0.5779082624706627,0.3299017070445661,0.969641672585443,0.3241133153796604,25,13,126.0,126,-0.1338826515639131,-0.015117619864298493,-0.11291694396328579,EMA,150,0.05,3.0,0.0
6,EMA_N150_th5_bL3_sL0,19,06_EMA_N150_th5_bL3_sL0_sl25_rec5,sl25_rec5,0.25,recovery_trigger,0.05,0.29848500891257435,0.8324289935306111,0.5798515112122083,0.5147611123554315,1.1490337042828815,0.42237838377587267,40,20,10.85,27,-0.026050564955569566,-0.017060868605844104,-0.6549135742331192,EMA,150,0.05,3.0,0.0
6,EMA_N150_th5_bL3_sL0,20,06_EMA_N150_th5_bL3_sL0_sl25_rec10,sl25_rec10,0.25,recovery_trigger,0.1,0.22357265124247472,0.7069471231321003,0.617224093800324,0.3622228190508745,0.9677335074312304,0.4000174271928829,38,19,31.05263157894737,62,-0.1009629226256692,-0.0544334511939597,-0.5391429821794832,EMA,150,0.05,3.0,0.0
6,EMA_N150_th5_bL3_sL0,21,06_EMA_N150_th5_bL3_sL0_sl25_rec15,sl25_rec15,0.25,recovery_trigger,0.15,0.1864380138936279,0.6472452044126995,0.6081356378565136,0.30657307726737265,0.8837713475009589,0.37294900274669335,34,17,59.411764705882355,119,-0.138097559974516,-0.045344995250149345,-0.3283547896032134,EMA,150,0.05,3.0,0.0
6,EMA_N150_th5_bL3_sL0,22,06_EMA_N150_th5_bL3_sL0_sl30_next,sl30_next,0.3,next_signal,,0.11143552630960363,0.49657036271761645,0.5627906426063642,0.19800529339565723,0.6780256835837881,0.31256540883048095,16,8,294.5,863,-0.21310004755854028,0.0,0.0,EMA,150,0.05,3.0,0.0
6,EMA_N150_th5_bL3_sL0,23,06_EMA_N150_th5_bL3_sL0_sl30_cool21,sl30_cool21,0.3,time_cooldown,21.0,0.2349245544761276,0.7080975060172184,0.5627906426063642,0.417427968219511,0.9684125122287746,0.4309586900330665,29,15,21.0,21,-0.08961101939201632,0.0,0.0,EMA,150,0.05,3.0,0.0
6,EMA_N150_th5_bL3_sL0,24,06_EMA_N150_th5_bL3_sL0_sl30_cool63,sl30_cool63,0.3,time_cooldown,63.0,0.14750026651933723,0.5483008515716051,0.5627677953261736,0.26209791630640095,0.7384576023943918,0.3966870831232025,29,15,63.0,63,-0.17703530734880668,2.2847280190640973e-05,0.0001290549356102495,EMA,150,0.05,3.0,0.0
6,EMA_N150_th5_bL3_sL0,25,06_EMA_N150_th5_bL3_sL0_sl30_cool126,sl30_cool126,0.3,time_cooldown,126.0,0.1065030821509878,0.4655642681671947,0.6491916280188426,0.16405492239018304,0.6247926638427779,0.35472192687619947,23,12,126.0,126,-0.2180324917171561,-0.08640098541247831,-0.39627573272227007,EMA,150,0.05,3.0,0.0
6,EMA_N150_th5_bL3_sL0,26,06_EMA_N150_th5_bL3_sL0_sl30_rec5,sl30_rec5,0.3,recovery_trigger,0.05,0.2491735253180265,0.726888793701068,0.598625430874172,0.4162427996989014,0.9916476681896035,0.44341029996895853,32,16,7.75,23,-0.07536204855011741,-0.03583478826780773,-0.4755017805013197,EMA,150,0.05,3.0,0.0
6,EMA_N150_th5_bL3_sL0,27,06_EMA_N150_th5_bL3_sL0_sl30_rec10,sl30_rec10,0.3,recovery_trigger,0.1,0.2090064506667706,0.6612059690762985,0.5627906426063642,0.3713751346305826,0.8984575684151651,0.42684364317720397,30,15,28.466666666666665,58,-0.11552912320137332,0.0,0.0,EMA,150,0.05,3.0,0.0
6,EMA_N150_th5_bL3_sL0,28,06_EMA_N150_th5_bL3_sL0_sl30_rec15,sl30_rec15,0.3,recovery_trigger,0.15,0.1498788601749792,0.5489451549003584,0.5710236139735516,0.26247401422162764,0.7405890272453297,0.4095101624922944,30,15,52.06666666666667,115,-0.1746567136931647,-0.00823297136718737,-0.047138018305159325,EMA,150,0.05,3.0,0.0
6,EMA_N150_th5_bL3_sL0,29,06_EMA_N150_th5_bL3_sL0_sl35_next,sl35_next,0.35,next_signal,,0.2469399764014104,0.7680881493086975,0.5627906426063642,0.43877768695264,1.0641802652180008,0.38505748951591984,16,6,185.0,594,-0.0775955974667335,0.0,0.0,EMA,150,0.05,3.0,0.0
6,EMA_N150_th5_bL3_sL0,30,06_EMA_N150_th5_bL3_sL0_sl35_cool21,sl35_cool21,0.35,time_cooldown,21.0,0.2928910884071938,0.8062412848180032,0.5627906426063642,0.5204263650347368,1.109781842082094,0.440687418400755,21,9,21.0,21,-0.03164448546095011,0.0,0.0,EMA,150,0.05,3.0,0.0
6,EMA_N150_th5_bL3_sL0,31,06_EMA_N150_th5_bL3_sL0_sl35_cool63,sl35_cool63,0.35,time_cooldown,63.0,0.24493230251609854,0.7355093130652541,0.5627677953261737,0.43522800087403474,1.0080842594422885,0.41870797902773976,21,9,63.0,63,-0.07960327135204537,2.284728019052995e-05,0.00028701433750741073,EMA,150,0.05,3.0,0.0
6,EMA_N150_th5_bL3_sL0,32,06_EMA_N150_th5_bL3_sL0_sl35_cool126,sl35_cool126,0.35,time_cooldown,126.0,0.15736929441765324,0.5805484849191715,0.6635479935148179,0.23716339429204977,0.7896203962476943,0.3738339866857955,22,8,126.0,126,-0.16716627945049067,-0.10075735090845361,-0.6027372939067818,EMA,150,0.05,3.0,0.0
6,EMA_N150_th5_bL3_sL0,33,06_EMA_N150_th5_bL3_sL0_sl35_rec5,sl35_rec5,0.35,recovery_trigger,0.05,0.2686159791684095,0.7571459978615969,0.6214742013053736,0.43222386159263876,1.0361269692517054,0.449962282212308,26,10,5.2,11,-0.0559195946997344,-0.05868355869900932,-1.0494274683877143,EMA,150,0.05,3.0,0.0
6,EMA_N150_th5_bL3_sL0,34,06_EMA_N150_th5_bL3_sL0_sl35_rec10,sl35_rec10,0.35,recovery_trigger,0.1,0.27679925256446203,0.7764614006596621,0.5627906426063642,0.4918334307808761,1.067012672393751,0.4425043227389159,22,9,20.444444444444443,39,-0.04773632130368188,0.0,0.0,EMA,150,0.05,3.0,0.0
6,EMA_N150_th5_bL3_sL0,35,06_EMA_N150_th5_bL3_sL0_sl35_rec15,sl35_rec15,0.35,recovery_trigger,0.15,0.2506586197997187,0.7361211900897967,0.5627906426063642,0.4453851944639354,1.0090800301438694,0.43290316259658285,22,9,40.55555555555556,60,-0.0738769540684252,0.0,0.0,EMA,150,0.05,3.0,0.0
6,EMA_N150_th5_bL3_sL0,36,06_EMA_N150_th5_bL3_sL0_sl40_next,sl40_next,0.4,next_signal,,0.25025948065538883,0.7750335783522005,0.5627906426063642,0.44467598021246635,1.0743049078369333,0.38498555729022793,16,4,251.0,568,-0.07427609321275508,0.0,0.0,EMA,150,0.05,3.0,0.0
6,EMA_N150_th5_bL3_sL0,37,06_EMA_N150_th5_bL3_sL0_sl40_cool21,sl40_cool21,0.4,time_cooldown,21.0,0.2992511525859245,0.8101888877639367,0.571408900668805,0.5237075450446541,1.1157832353255301,0.44975018519993065,22,5,21.0,21,-0.025284421282219416,-0.008618258062440765,-0.34085249435791204,EMA,150,0.05,3.0,0.0
6,EMA_N150_th5_bL3_sL0,38,06_EMA_N150_th5_bL3_sL0_sl40_cool63,sl40_cool63,0.4,time_cooldown,63.0,0.28523818376193866,0.8005945004064721,0.5478909303500392,0.5206112530092518,1.100723629885241,0.43137153367947667,20,5,63.0,63,-0.039297390106205254,0.014899712256325026,0.3791527176755763,EMA,150,0.05,3.0,0.0
6,EMA_N150_th5_bL3_sL0,39,06_EMA_N150_th5_bL3_sL0_sl40_cool126,sl40_cool126,0.4,time_cooldown,126.0,0.18975730691787462,0.632859734845388,0.6360979012402331,0.2983146250724848,0.8636413588885002,0.40786714221092596,20,5,126.0,126,-0.1347782669502693,-0.07330725863386889,-0.5439100850059003,EMA,150,0.05,3.0,0.0
6,EMA_N150_th5_bL3_sL0,40,06_EMA_N150_th5_bL3_sL0_sl40_rec5,sl40_rec5,0.4,recovery_trigger,0.05,0.3290358565207443,0.8635074356754981,0.5627906426063642,0.5846505460661748,1.19240401410157,0.44654536075188617,20,5,19.8,63,0.004500282652600385,0.0,0.0,EMA,150,0.05,3.0,0.0
6,EMA_N150_th5_bL3_sL0,41,06_EMA_N150_th5_bL3_sL0_sl40_rec10,sl40_rec10,0.4,recovery_trigger,0.1,0.30814010766391053,0.8289670956488362,0.5627906426063642,0.5475217324809621,1.1428226756984068,0.44541117943927705,20,5,32.2,80,-0.016395466204233378,0.0,0.0,EMA,150,0.05,3.0,0.0
6,EMA_N150_th5_bL3_sL0,42,06_EMA_N150_th5_bL3_sL0_sl40_rec15,sl40_rec15,0.4,recovery_trigger,0.15,0.2904943318605582,0.8006272680017938,0.5627906426063642,0.51616766496905,1.1012539913602446,0.44272156854093536,20,5,54.8,97,-0.03404124200758574,0.0,0.0,EMA,150,0.05,3.0,0.0
7,SMA_N150_th2_bL2_sL0,0,07_SMA_N150_th2_bL2_sL0_baseline,baseline,,—,,0.21925537688502805,0.8152337020176375,0.40706763396509066,0.5386214933114308,1.1230701927604454,0.29819058007418003,36,0,,0,0.0,0.0,0.0,SMA,150,0.02,2.0,0.0
7,SMA_N150_th2_bL2_sL0,1,07_SMA_N150_th2_bL2_sL0_sl15_next,sl15_next,0.15,next_signal,,0.1332945064123081,0.7053100936383737,0.4111644006979084,0.32418785815614065,0.9667457454922193,0.20849680525326622,36,14,134.5,487,-0.08596087047271994,-0.004096766732817725,-0.04765850683326726,SMA,150,0.02,2.0,0.0
7,SMA_N150_th2_bL2_sL0,2,07_SMA_N150_th2_bL2_sL0_sl15_cool21,sl15_cool21,0.15,time_cooldown,21.0,0.17750388238068293,0.7464965714808613,0.3907962351369673,0.454210830149044,1.022776378894171,0.26705569162173076,56,24,21.0,21,-0.04175149450434512,0.01627139882812334,0.389720153045778,SMA,150,0.02,2.0,0.0
7,SMA_N150_th2_bL2_sL0,3,07_SMA_N150_th2_bL2_sL0_sl15_cool63,sl15_cool63,0.15,time_cooldown,63.0,0.1178487366630816,0.5944658343382695,0.44926341753372234,0.2623154525022855,0.802571915020536,0.2338221538445176,48,21,63.0,63,-0.10140664022194645,-0.042195783568631684,-0.4161047390612559,SMA,150,0.02,2.0,0.0
7,SMA_N150_th2_bL2_sL0,4,07_SMA_N150_th2_bL2_sL0_sl15_cool126,sl15_cool126,0.15,time_cooldown,126.0,0.03907957923015393,0.2946557344159441,0.45354041748480556,0.08616559345885236,0.38982766011470993,0.1958741194594802,37,17,126.0,126,-0.18017579765487413,-0.0464727835197149,-0.25793022217519634,SMA,150,0.02,2.0,0.0
7,SMA_N150_th2_bL2_sL0,5,07_SMA_N150_th2_bL2_sL0_sl15_rec5,sl15_rec5,0.15,recovery_trigger,0.05,0.18995196703627482,0.7648662274872092,0.4606036688840882,0.4123978593059722,1.0466159591639312,0.2785920474912204,58,25,10.68,30,-0.029303409848753237,-0.053536034918997555,-1.8269558114676314,SMA,150,0.02,2.0,0.0
7,SMA_N150_th2_bL2_sL0,6,07_SMA_N150_th2_bL2_sL0_sl15_rec10,sl15_rec10,0.15,recovery_trigger,0.1,0.15014068728349472,0.6714954139272438,0.38540824862408646,0.38956272425278743,0.9134937996313507,0.2585233245801294,50,23,35.869565217391305,96,-0.06911468960153333,0.0216593853410042,0.3133832397407407,SMA,150,0.02,2.0,0.0
7,SMA_N150_th2_bL2_sL0,7,07_SMA_N150_th2_bL2_sL0_sl15_rec15,sl15_rec15,0.15,recovery_trigger,0.15,0.10904105476715831,0.5509827119712793,0.46483932287530255,0.2345779485536545,0.7469436360053332,0.24099406928842954,44,20,64.65,148,-0.11021432211786975,-0.057771688910211894,-0.5241758766018396,SMA,150,0.02,2.0,0.0
7,SMA_N150_th2_bL2_sL0,8,07_SMA_N150_th2_bL2_sL0_sl20_next,sl20_next,0.2,next_signal,,0.1497907140955006,0.7106624001908576,0.39945813081615955,0.37498476696281835,0.9822618352394268,0.2358290290227908,36,11,124.0909090909091,487,-0.06946466278952745,0.007609503148931107,0.10954495197057693,SMA,150,0.02,2.0,0.0
7,SMA_N150_th2_bL2_sL0,9,07_SMA_N150_th2_bL2_sL0_sl20_cool21,sl20_cool21,0.2,time_cooldown,21.0,0.19015582934727115,0.7658214845094761,0.3425840535365365,0.5550632826725868,1.0556121512334005,0.2782633176670778,50,16,21.0,21,-0.029099547537756898,0.06448358042855418,2.215965053920038,SMA,150,0.02,2.0,0.0
7,SMA_N150_th2_bL2_sL0,10,07_SMA_N150_th2_bL2_sL0_sl20_cool63,sl20_cool63,0.2,time_cooldown,63.0,0.09544352541024015,0.48854892165032826,0.5663578922683097,0.16852157745693455,0.6614886483410326,0.252266885715907,50,16,63.0,63,-0.1238118514747879,-0.15929025830321902,-1.286550975579714,SMA,150,0.02,2.0,0.0
7,SMA_N150_th2_bL2_sL0,11,07_SMA_N150_th2_bL2_sL0_sl20_cool126,sl20_cool126,0.2,time_cooldown,126.0,0.08729151553313907,0.48958568263400665,0.5842595631978903,0.14940536883188885,0.6635084764929444,0.22141977180315944,36,12,126.0,126,-0.13196386135188898,-0.17719192923279964,-1.342730709889638,SMA,150,0.02,2.0,0.0
7,SMA_N150_th2_bL2_sL0,12,07_SMA_N150_th2_bL2_sL0_sl20_rec5,sl20_rec5,0.2,recovery_trigger,0.05,0.19166248756155535,0.7570044040664706,0.45042583185851676,0.4255139781187293,1.0379799635800704,0.28624244561881723,52,17,14.117647058823529,66,-0.027592889323472702,-0.0433581978934261,-1.5713540320165809,SMA,150,0.02,2.0,0.0
7,SMA_N150_th2_bL2_sL0,13,07_SMA_N150_th2_bL2_sL0_sl20_rec10,sl20_rec10,0.2,recovery_trigger,0.1,0.14510107388052296,0.6327707331135074,0.4445464694004593,0.3264024885322215,0.864776668800714,0.27385814606969805,50,16,33.9375,88,-0.0741543030045051,-0.03747883543536862,-0.505416866140481,SMA,150,0.02,2.0,0.0
7,SMA_N150_th2_bL2_sL0,14,07_SMA_N150_th2_bL2_sL0_sl20_rec15,sl20_rec15,0.2,recovery_trigger,0.15,0.07866595157204226,0.4232338845676041,0.5292430766876457,0.14863860301089998,0.571939079928731,0.25857060061305315,50,16,63.875,145,-0.1405894253129858,-0.12217544272255504,-0.8690229898199184,SMA,150,0.02,2.0,0.0
7,SMA_N150_th2_bL2_sL0,15,07_SMA_N150_th2_bL2_sL0_sl25_next,sl25_next,0.25,next_signal,,0.2292362344547172,0.8509658005007101,0.40706763396509066,0.5631404104075148,1.1761521272365187,0.29360925977115654,36,6,56.333333333333336,108,0.009980857569689139,0.0,0.0,SMA,150,0.02,2.0,0.0
7,SMA_N150_th2_bL2_sL0,16,07_SMA_N150_th2_bL2_sL0_sl25_cool21,sl25_cool21,0.25,time_cooldown,21.0,0.2304017661054738,0.856245859577495,0.40706763396509066,0.5660036487333027,1.183848466450895,0.29253502968205153,36,6,21.0,21,0.011146389220445752,0.0,0.0,SMA,150,0.02,2.0,0.0
7,SMA_N150_th2_bL2_sL0,17,07_SMA_N150_th2_bL2_sL0_sl25_cool63,sl25_cool63,0.25,time_cooldown,63.0,0.21192650493172183,0.817563649576262,0.3995312451405254,0.5304378756589658,1.1279353817964433,0.28528968301196034,36,6,63.0,63,-0.007328871953306226,0.007536388824565254,1.0283149811568768,SMA,150,0.02,2.0,0.0
7,SMA_N150_th2_bL2_sL0,18,07_SMA_N150_th2_bL2_sL0_sl25_cool126,sl25_cool126,0.25,time_cooldown,126.0,0.1708383898535586,0.7226407543056611,0.4412431388532333,0.38717517579436633,0.9949556307245266,0.2685303129122814,28,6,126.0,126,-0.04841698703146946,-0.03417550488814264,-0.7058577367883234,SMA,150,0.02,2.0,0.0
7,SMA_N150_th2_bL2_sL0,19,07_SMA_N150_th2_bL2_sL0_sl25_rec5,sl25_rec5,0.25,recovery_trigger,0.05,0.20382858582470975,0.7747680993013423,0.47159196476774334,0.43221386506255316,1.0621020706646638,0.29682212344401265,40,7,9.285714285714286,27,-0.015426791060318301,-0.06452433080265269,-4.1826152017204645,SMA,150,0.02,2.0,0.0
7,SMA_N150_th2_bL2_sL0,20,07_SMA_N150_th2_bL2_sL0_sl25_rec10,sl25_rec10,0.25,recovery_trigger,0.1,0.22337008268686964,0.8352622924919608,0.40706763396509066,0.5487296558341099,1.1531873153736631,0.29328870443504684,36,6,33.333333333333336,58,0.004114705801841589,0.0,0.0,SMA,150,0.02,2.0,0.0
7,SMA_N150_th2_bL2_sL0,21,07_SMA_N150_th2_bL2_sL0_sl25_rec15,sl25_rec15,0.25,recovery_trigger,0.15,0.20974272844999886,0.8026060598073289,0.42768558500430914,0.4904133686149034,1.10680567170565,0.2900887757535202,36,6,61.333333333333336,112,-0.009512648435029192,-0.020617951039218485,-2.167424895394572,SMA,150,0.02,2.0,0.0
7,SMA_N150_th2_bL2_sL0,22,07_SMA_N150_th2_bL2_sL0_sl30_next,sl30_next,0.3,next_signal,,0.1793986244559327,0.7553362367598013,0.3795486067370303,0.47266310894464375,1.0440373309994557,0.2654407558483302,36,5,128.8,278,-0.039856752429095366,0.027519027228060378,0.6904483067710135,SMA,150,0.02,2.0,0.0
7,SMA_N150_th2_bL2_sL0,23,07_SMA_N150_th2_bL2_sL0_sl30_cool21,sl30_cool21,0.3,time_cooldown,21.0,0.19758427536364254,0.7604760651578475,0.42683246945050685,0.46290825910692185,1.0431682319783284,0.29472278988471096,40,6,21.0,21,-0.021671101521385516,-0.019764835485416188,-0.9120364955104758,SMA,150,0.02,2.0,0.0
7,SMA_N150_th2_bL2_sL0,24,07_SMA_N150_th2_bL2_sL0_sl30_cool63,sl30_cool63,0.3,time_cooldown,63.0,0.14566798445935447,0.6231787728803603,0.42777013933433133,0.340528641587825,0.8493543912538318,0.28309302599397,38,6,63.0,63,-0.07358739242567358,-0.020702505369240676,-0.28133223215037945,SMA,150,0.02,2.0,0.0
7,SMA_N150_th2_bL2_sL0,25,07_SMA_N150_th2_bL2_sL0_sl30_cool126,sl30_cool126,0.3,time_cooldown,126.0,0.11724004082930106,0.5569988984755813,0.4367148170492173,0.2684590406651768,0.7590770772722193,0.2604114010888106,36,6,126.0,126,-0.10201533605572699,-0.029647183084126616,-0.2906149627143464,SMA,150,0.02,2.0,0.0
7,SMA_N150_th2_bL2_sL0,26,07_SMA_N150_th2_bL2_sL0_sl30_rec5,sl30_rec5,0.3,recovery_trigger,0.05,0.2001365157675037,0.7643012300196824,0.39707404873932617,0.5040281942446726,1.0496052932779731,0.2968606657962267,42,6,8.0,22,-0.019118861117524366,0.00999358522576449,0.5227081866609911,SMA,150,0.02,2.0,0.0
7,SMA_N150_th2_bL2_sL0,27,07_SMA_N150_th2_bL2_sL0_sl30_rec10,sl30_rec10,0.3,recovery_trigger,0.1,0.18960528827315226,0.7396172511156621,0.45944156309204,0.412686407814542,1.0156172493507507,0.2934817782433769,38,6,28.833333333333332,55,-0.02965008861187579,-0.052373929126949326,-1.7664004250554557,SMA,150,0.02,2.0,0.0
7,SMA_N150_th2_bL2_sL0,28,07_SMA_N150_th2_bL2_sL0_sl30_rec15,sl30_rec15,0.3,recovery_trigger,0.15,0.16131839777201895,0.6656425112330524,0.4185296937581866,0.38544074692397734,0.9109571776162279,0.28716407600779487,38,6,58.5,98,-0.0579369791130091,-0.011462059793095947,-0.1978366833855559,SMA,150,0.02,2.0,0.0
7,SMA_N150_th2_bL2_sL0,29,07_SMA_N150_th2_bL2_sL0_sl35_next,sl35_next,0.35,next_signal,,0.15276789232916776,0.6750608339965779,0.46199454104003085,0.33067034079073837,0.926553182038946,0.2617634555400823,36,3,207.33333333333334,588,-0.06648748455586029,-0.05492690707494019,-0.8261240057712315,SMA,150,0.02,2.0,0.0
7,SMA_N150_th2_bL2_sL0,30,07_SMA_N150_th2_bL2_sL0_sl35_cool21,sl35_cool21,0.35,time_cooldown,21.0,0.21621948499473564,0.8141625868236317,0.37030198952419485,0.5839004140176467,1.1227277477613171,0.2939612070608895,38,3,21.0,21,-0.003035891890292408,0.036765644440895806,12.110327300671647,SMA,150,0.02,2.0,0.0
7,SMA_N150_th2_bL2_sL0,31,07_SMA_N150_th2_bL2_sL0_sl35_cool63,sl35_cool63,0.35,time_cooldown,63.0,0.1700042166899216,0.6889665691933552,0.46011175303386187,0.3694846210055629,0.9479138917784363,0.2889848413199093,38,3,63.0,63,-0.04925116019510645,-0.05304411906877121,-1.0770125791684726,SMA,150,0.02,2.0,0.0
7,SMA_N150_th2_bL2_sL0,32,07_SMA_N150_th2_bL2_sL0_sl35_cool126,sl35_cool126,0.35,time_cooldown,126.0,0.15786758376001164,0.6706770592583221,0.4681177635799998,0.33723903693099777,0.9209699374156431,0.2756480505002983,38,3,126.0,126,-0.06138779312501641,-0.06105012961490913,-0.994499500748958,SMA,150,0.02,2.0,0.0
7,SMA_N150_th2_bL2_sL0,33,07_SMA_N150_th2_bL2_sL0_sl35_rec5,sl35_rec5,0.35,recovery_trigger,0.05,0.22398146094567117,0.8327787469667159,0.38603763893985776,0.5802062761568337,1.1492758579789064,0.29562245086109407,38,3,12.666666666666666,17,0.004726084060643121,0.021029995025232895,4.449771683149274,SMA,150,0.02,2.0,0.0
7,SMA_N150_th2_bL2_sL0,34,07_SMA_N150_th2_bL2_sL0_sl35_rec10,sl35_rec10,0.35,recovery_trigger,0.1,0.20657295760870942,0.7868340959937931,0.4040030076215936,0.5113153954591211,1.0839528844528845,0.2940970870064025,38,3,23.0,27,-0.012682419276318635,0.003064626343497079,0.24164367040124046,SMA,150,0.02,2.0,0.0
7,SMA_N150_th2_bL2_sL0,35,07_SMA_N150_th2_bL2_sL0_sl35_rec15,sl35_rec15,0.35,recovery_trigger,0.15,0.18717655939188926,0.7334728755042116,0.42384005594372526,0.44162074057658524,1.0085547228052718,0.29291318191864896,38,3,39.666666666666664,44,-0.03207881749313879,-0.0167724219786346,-0.5228503819450947,SMA,150,0.02,2.0,0.0
7,SMA_N150_th2_bL2_sL0,36,07_SMA_N150_th2_bL2_sL0_sl40_next,sl40_next,0.4,next_signal,,0.21925537688502805,0.8152337020176375,0.40706763396509066,0.5386214933114308,1.1230701927604454,0.29819058007418003,36,1,9.0,9,0.0,0.0,0.0,SMA,150,0.02,2.0,0.0
7,SMA_N150_th2_bL2_sL0,37,07_SMA_N150_th2_bL2_sL0_sl40_cool21,sl40_cool21,0.4,time_cooldown,21.0,0.21179974000672108,0.7949557613454751,0.40903941076339717,0.5177978806771593,1.0945301307346647,0.2980080787981538,36,1,21.0,21,-0.00745563687830697,-0.0019717767983065126,-0.26446792279323894,SMA,150,0.02,2.0,0.0
7,SMA_N150_th2_bL2_sL0,38,07_SMA_N150_th2_bL2_sL0_sl40_cool63,sl40_cool63,0.4,time_cooldown,63.0,0.19450760999781225,0.7478883718244124,0.524020101180691,0.3711834900217745,1.0280055332574705,0.2972235213078367,36,1,63.0,63,-0.024747766887215805,-0.11695246721560032,-4.7257786025136514,SMA,150,0.02,2.0,0.0
7,SMA_N150_th2_bL2_sL0,39,07_SMA_N150_th2_bL2_sL0_sl40_cool126,sl40_cool126,0.4,time_cooldown,126.0,0.20126102147965752,0.772034176993003,0.4501102587812707,0.44713715707035134,1.0605220872715588,0.29400001634069056,36,1,126.0,126,-0.017994355405370532,-0.04304262481618004,-2.3920070403485356,SMA,150,0.02,2.0,0.0
7,SMA_N150_th2_bL2_sL0,40,07_SMA_N150_th2_bL2_sL0_sl40_rec5,sl40_rec5,0.4,recovery_trigger,0.05,0.21860547610959036,0.8134548503300822,0.40706763396509066,0.5370249508177246,1.1205969710118882,0.2981845486722967,36,1,10.0,10,-0.0006499007754376951,0.0,0.0,SMA,150,0.02,2.0,0.0
7,SMA_N150_th2_bL2_sL0,41,07_SMA_N150_th2_bL2_sL0_sl40_rec10,sl40_rec10,0.4,recovery_trigger,0.1,0.21159875812967277,0.7943966812109626,0.41062002644399564,0.5153152415924183,1.093759838194227,0.29800934419092945,36,1,20.0,20,-0.007656618755355282,-0.0035523924789049866,-0.4639636101014342,SMA,150,0.02,2.0,0.0
7,SMA_N150_th2_bL2_sL0,42,07_SMA_N150_th2_bL2_sL0_sl40_rec15,sl40_rec15,0.4,recovery_trigger,0.15,0.20422691627604594,0.7742269999504101,0.4574798186424408,0.44641732368016557,1.065323179768942,0.29780874166436067,36,1,35.0,35,-0.015028460608982108,-0.05041218467735015,-3.3544476702570676,SMA,150,0.02,2.0,0.0
8,SMA_N150_th2_bL3_sL0,0,08_SMA_N150_th2_bL3_sL0_baseline,baseline,,—,,0.29748534707843466,0.8109953009211686,0.5529572215372617,0.5379898037164675,1.1175966834521311,0.4447237676515405,36,0,,0,0.0,0.0,0.0,SMA,150,0.02,3.0,0.0
8,SMA_N150_th2_bL3_sL0,1,08_SMA_N150_th2_bL3_sL0_sl15_next,sl15_next,0.15,next_signal,,0.16179240411549967,0.7044378016485601,0.4135172275571444,0.39125916245688075,0.9835910346754441,0.26227811893057684,36,17,153.0,588,-0.135692942962935,0.1394399939801173,1.0276141922738447,SMA,150,0.02,3.0,0.0
8,SMA_N150_th2_bL3_sL0,2,08_SMA_N150_th2_bL3_sL0_sl15_cool21,sl15_cool21,0.15,time_cooldown,21.0,0.2737941068349423,0.8471209355769216,0.4513950050989384,0.6065510334455986,1.1728493793521302,0.365414806902154,80,38,21.0,21,-0.02369124024349234,0.1015622164383233,4.286910072857881,SMA,150,0.02,3.0,0.0
8,SMA_N150_th2_bL3_sL0,3,08_SMA_N150_th2_bL3_sL0_sl15_cool63,sl15_cool63,0.15,time_cooldown,63.0,0.2332713202666432,0.8228125487979053,0.459195632078714,0.5079998675306574,1.1443404242660469,0.31636429059165194,54,26,63.0,63,-0.06421402681179145,0.09376158945854768,1.4601418741945411,SMA,150,0.02,3.0,0.0
8,SMA_N150_th2_bL3_sL0,4,08_SMA_N150_th2_bL3_sL0_sl15_cool126,sl15_cool126,0.15,time_cooldown,126.0,0.09712751994039759,0.485365663823317,0.4777039044631126,0.2033215953082033,0.6757161667921787,0.26274879311124466,39,20,126.0,126,-0.20035782713803707,0.07525331707414906,0.3755945956745832,SMA,150,0.02,3.0,0.0
8,SMA_N150_th2_bL3_sL0,5,08_SMA_N150_th2_bL3_sL0_sl15_rec5,sl15_rec5,0.15,recovery_trigger,0.05,0.26739749776377675,0.8155323021653564,0.49349091566600395,0.5418488755824477,1.1253905072946593,0.38054928796145443,82,40,14.625,40,-0.03008784931465791,0.05946630587125773,1.9764226166304117,SMA,150,0.02,3.0,0.0
8,SMA_N150_th2_bL3_sL0,6,08_SMA_N150_th2_bL3_sL0_sl15_rec10,sl15_rec10,0.15,recovery_trigger,0.1,0.18849554512785827,0.6868686940241544,0.5324960311088838,0.35398488273298523,0.9448797420118303,0.33317684292722755,64,32,44.0625,99,-0.10898980195057639,0.020461190428377907,0.18773490787382513,SMA,150,0.02,3.0,0.0
8,SMA_N150_th2_bL3_sL0,7,08_SMA_N150_th2_bL3_sL0_sl15_rec15,sl15_rec15,0.15,recovery_trigger,0.15,0.12509970209445487,0.5492872547886029,0.5967899280305214,0.20962100098991102,0.7522422943559316,0.29451463875837003,50,25,84.28,215,-0.1723856449839798,-0.043832706493259765,-0.2542712097479651,SMA,150,0.02,3.0,0.0
8,SMA_N150_th2_bL3_sL0,8,08_SMA_N150_th2_bL3_sL0_sl20_next,sl20_next,0.2,next_signal,,0.14437688396316517,0.6231828173815797,0.5572264071174525,0.25909914196283473,0.8568617949713673,0.2802727023087041,36,14,157.85714285714286,487,-0.1531084631152695,-0.0042691855801908485,-0.027883406921645752,SMA,150,0.02,3.0,0.0
8,SMA_N150_th2_bL3_sL0,9,08_SMA_N150_th2_bL3_sL0_sl20_cool21,sl20_cool21,0.2,time_cooldown,21.0,0.18343983150433063,0.6325263006799976,0.5349862692585299,0.34288698990082694,0.8623055059418335,0.3848783880581232,65,31,21.0,21,-0.11404551557410403,0.0179709522787318,0.1575770181603915,SMA,150,0.02,3.0,0.0
8,SMA_N150_th2_bL3_sL0,10,08_SMA_N150_th2_bL3_sL0_sl20_cool63,sl20_cool63,0.2,time_cooldown,63.0,0.11361574404058894,0.49303847385223865,0.5783532574657809,0.19644696830865724,0.662277063315753,0.3311988290178719,54,24,63.0,63,-0.18386960303784572,-0.025396035928519245,-0.13811981702757037,SMA,150,0.02,3.0,0.0
8,SMA_N150_th2_bL3_sL0,11,08_SMA_N150_th2_bL3_sL0_sl20_cool126,sl20_cool126,0.2,time_cooldown,126.0,0.038519682673941125,0.27715070709797496,0.718223411517928,0.05363189511259702,0.3693821737824747,0.2821169536157057,39,18,126.0,126,-0.25896566440449353,-0.16526618998066633,-0.6381780007813216,SMA,150,0.02,3.0,0.0
8,SMA_N150_th2_bL3_sL0,12,08_SMA_N150_th2_bL3_sL0_sl20_rec5,sl20_rec5,0.2,recovery_trigger,0.05,0.2017094451487378,0.6598740380992405,0.6135540855990443,0.32875576886070035,0.8981903122255751,0.40379396533072204,72,33,11.333333333333334,27,-0.09577590192969687,-0.06059686406178266,-0.6326942669384941,SMA,150,0.02,3.0,0.0
8,SMA_N150_th2_bL3_sL0,13,08_SMA_N150_th2_bL3_sL0_sl20_rec10,sl20_rec10,0.2,recovery_trigger,0.1,0.10965485682400722,0.4703272766569348,0.6707631873072291,0.16347775026863856,0.6328658268993363,0.3644753323722247,62,29,37.275862068965516,96,-0.18783049025442744,-0.11780596576996738,-0.6271929845383051,SMA,150,0.02,3.0,0.0
8,SMA_N150_th2_bL3_sL0,14,08_SMA_N150_th2_bL3_sL0_sl20_rec15,sl20_rec15,0.2,recovery_trigger,0.15,0.07329677990770045,0.38156561238304826,0.6629027474654995,0.11056943147081337,0.5127457328164423,0.33100354812121124,50,23,70.47826086956522,148,-0.2241885671707342,-0.10994552592823781,-0.4904154003736824,SMA,150,0.02,3.0,0.0
8,SMA_N150_th2_bL3_sL0,15,08_SMA_N150_th2_bL3_sL0_sl25_next,sl25_next,0.25,next_signal,,0.2489063144776993,0.8086330810392771,0.5342964706212572,0.46585805477674525,1.12200100272652,0.3527317485816234,36,12,109.25,487,-0.04857903260073537,0.018660750916004498,0.38413179342978554,SMA,150,0.02,3.0,0.0
8,SMA_N150_th2_bL3_sL0,16,08_SMA_N150_th2_bL3_sL0_sl25_cool21,sl25_cool21,0.25,time_cooldown,21.0,0.2765804757818635,0.80433430927152,0.5400686561693565,0.5121209546645723,1.1142278401135346,0.4084935005050957,48,18,21.0,21,-0.020904871296571148,0.01288856536790517,0.6165340692635201,SMA,150,0.02,3.0,0.0
8,SMA_N150_th2_bL3_sL0,17,08_SMA_N150_th2_bL3_sL0_sl25_cool63,sl25_cool63,0.25,time_cooldown,63.0,0.17579643344091833,0.6259576221761133,0.6424418150323435,0.2736379066983177,0.855212748750084,0.36860511412957914,44,17,63.0,63,-0.12168891363751633,-0.08948459349508187,-0.735355348488328,SMA,150,0.02,3.0,0.0
8,SMA_N150_th2_bL3_sL0,18,08_SMA_N150_th2_bL3_sL0_sl25_cool126,sl25_cool126,0.25,time_cooldown,126.0,0.13683161117601728,0.5617452922797233,0.5779082624706626,0.23677047043943847,0.7654678486670584,0.32141616233078385,34,13,126.0,126,-0.16065373590241738,-0.024951040933400948,-0.15530943487399787,SMA,150,0.02,3.0,0.0
8,SMA_N150_th2_bL3_sL0,19,08_SMA_N150_th2_bL3_sL0_sl25_rec5,sl25_rec5,0.25,recovery_trigger,0.05,0.302499131431192,0.8408860924006397,0.5344647901732354,0.5659851443780671,1.1618299474097455,0.4211667112842597,48,19,12.105263157894736,27,0.0050137843527573445,0.01849243136402623,3.688318057368436,SMA,150,0.02,3.0,0.0
8,SMA_N150_th2_bL3_sL0,20,08_SMA_N150_th2_bL3_sL0_sl25_rec10,sl25_rec10,0.25,recovery_trigger,0.1,0.23456397940804297,0.7269377901312357,0.5818756642390822,0.4031170124888826,1.0003063171534379,0.40276455960926133,46,18,32.666666666666664,62,-0.06292136767039169,-0.028918442701820535,-0.45959653727343264,SMA,150,0.02,3.0,0.0
8,SMA_N150_th2_bL3_sL0,21,08_SMA_N150_th2_bL3_sL0_sl25_rec15,sl25_rec15,0.25,recovery_trigger,0.15,0.1603537908343058,0.5846057467981857,0.6454691407216673,0.2484298329971625,0.797224436493218,0.3784363744454874,44,17,59.05882352941177,119,-0.13713155624412887,-0.0925119191844056,-0.6746216678217446,SMA,150,0.02,3.0,0.0
8,SMA_N150_th2_bL3_sL0,22,08_SMA_N150_th2_bL3_sL0_sl30_next,sl30_next,0.3,next_signal,,0.21651469440570104,0.724669712531449,0.5423624283781243,0.39920666159188906,1.0007517518992466,0.36193474154904215,36,10,130.5,487,-0.08097065267273362,0.010594793159137361,0.1308473231895424,SMA,150,0.02,3.0,0.0
8,SMA_N150_th2_bL3_sL0,23,08_SMA_N150_th2_bL3_sL0_sl30_cool21,sl30_cool21,0.3,time_cooldown,21.0,0.25307400453774087,0.7503043183872862,0.5750083305629402,0.4401223270799891,1.0322942085646827,0.4192908694765471,48,14,21.0,21,-0.04441134254069379,-0.022051109025678528,-0.4965197574352376,SMA,150,0.02,3.0,0.0
8,SMA_N150_th2_bL3_sL0,24,08_SMA_N150_th2_bL3_sL0_sl30_cool63,sl30_cool63,0.3,time_cooldown,63.0,0.13614019328311322,0.527376755660706,0.7662115127984578,0.17767964982134532,0.714131987968458,0.383054674894282,48,14,63.0,63,-0.16134515379532144,-0.2132542912611961,-1.3217272799635826,SMA,150,0.02,3.0,0.0
8,SMA_N150_th2_bL3_sL0,25,08_SMA_N150_th2_bL3_sL0_sl30_cool126,sl30_cool126,0.3,time_cooldown,126.0,0.1324018481228484,0.5378917075421005,0.6391029233362826,0.2071682717889577,0.729906820541404,0.3401885536868787,34,11,126.0,126,-0.16508349895558627,-0.08614570179902092,-0.5218310875649503,SMA,150,0.02,3.0,0.0
8,SMA_N150_th2_bL3_sL0,26,08_SMA_N150_th2_bL3_sL0_sl30_rec5,sl30_rec5,0.3,recovery_trigger,0.05,0.25670825402445985,0.7494439768300506,0.598625430874172,0.4288295163965706,1.0265531532985455,0.43002958036957384,50,15,14.466666666666667,63,-0.04077709305397481,-0.04566820933691029,-1.1199476450285784,SMA,150,0.02,3.0,0.0
8,SMA_N150_th2_bL3_sL0,27,08_SMA_N150_th2_bL3_sL0_sl30_rec10,sl30_rec10,0.3,recovery_trigger,0.1,0.19824376200247285,0.6467947187979295,0.6668866999002591,0.29726752989994043,0.8837228554543007,0.41350469187166505,48,14,34.07142857142857,85,-0.09924158507596181,-0.11392947836299738,-1.1480013975572148,SMA,150,0.02,3.0,0.0
8,SMA_N150_th2_bL3_sL0,28,08_SMA_N150_th2_bL3_sL0_sl30_rec15,sl30_rec15,0.3,recovery_trigger,0.15,0.11609010747371662,0.47868667750090604,0.7392586973023296,0.15703583589526582,0.6476422974004783,0.3929133801057408,48,14,64.85714285714286,142,-0.18139523960471804,-0.18630147576506795,-1.0270472156327872,SMA,150,0.02,3.0,0.0
8,SMA_N150_th2_bL3_sL0,29,08_SMA_N150_th2_bL3_sL0_sl35_next,sl35_next,0.35,next_signal,,0.24925195713234682,0.7538228382291157,0.5529572215372617,0.45076173603340974,1.034841077734783,0.4060410019930531,36,6,117.66666666666667,476,-0.048233389946087835,0.0,0.0,SMA,150,0.02,3.0,0.0
8,SMA_N150_th2_bL3_sL0,30,08_SMA_N150_th2_bL3_sL0_sl35_cool21,sl35_cool21,0.35,time_cooldown,21.0,0.30015666212932546,0.8249775237538819,0.5529572215372617,0.5428207652209838,1.1379996309296532,0.43353564856204063,38,7,21.0,21,0.002671315050890799,0.0,0.0,SMA,150,0.02,3.0,0.0
8,SMA_N150_th2_bL3_sL0,31,08_SMA_N150_th2_bL3_sL0_sl35_cool63,sl35_cool63,0.35,time_cooldown,63.0,0.2548970689648775,0.755742735448179,0.5423900013156606,0.46995163691546793,1.037423108056931,0.4169963430395478,38,7,63.0,63,-0.04258827811355714,0.010567220221601059,0.24812508722293686,SMA,150,0.02,3.0,0.0
8,SMA_N150_th2_bL3_sL0,32,08_SMA_N150_th2_bL3_sL0_sl35_cool126,sl35_cool126,0.35,time_cooldown,126.0,0.198743696282488,0.6684522266582338,0.5887257522742266,0.33758281426410885,0.9146835357630169,0.38138157758887914,30,7,126.0,126,-0.09874165079594666,-0.035768530736964954,-0.3622435967865473,SMA,150,0.02,3.0,0.0
8,SMA_N150_th2_bL3_sL0,33,08_SMA_N150_th2_bL3_sL0_sl35_rec5,sl35_rec5,0.35,recovery_trigger,0.05,0.262138653752783,0.750746717124885,0.6214742013053737,0.4218013446128168,1.0284215484272823,0.442183939311969,42,8,8.75,27,-0.03534669332565166,-0.068516979768112,-1.9384268603815378,SMA,150,0.02,3.0,0.0
8,SMA_N150_th2_bL3_sL0,34,08_SMA_N150_th2_bL3_sL0_sl35_rec10,sl35_rec10,0.35,recovery_trigger,0.1,0.28014098276857813,0.7880607426750965,0.5529572215372617,0.5066232465321018,1.084981749937769,0.4349363227116471,38,7,30.428571428571427,58,-0.01734436430985653,0.0,0.0,SMA,150,0.02,3.0,0.0
8,SMA_N150_th2_bL3_sL0,35,08_SMA_N150_th2_bL3_sL0_sl35_rec15,sl35_rec15,0.35,recovery_trigger,0.15,0.2549939141569455,0.7497721492893809,0.576293428133713,0.44247236166257514,1.0289289037700091,0.4249043788985988,38,7,59.57142857142857,112,-0.04249143292148916,-0.023336206596451303,-0.5491979204271433,SMA,150,0.02,3.0,0.0
8,SMA_N150_th2_bL3_sL0,36,08_SMA_N150_th2_bL3_sL0_sl40_next,sl40_next,0.4,next_signal,,0.2729776413479994,0.7913143399434162,0.5353482066226305,0.5099067073935725,1.0855989979600873,0.4159218265174963,36,6,86.66666666666667,192,-0.02450770573043526,0.017609014914631183,0.7185093173680132,SMA,150,0.02,3.0,0.0
8,SMA_N150_th2_bL3_sL0,37,08_SMA_N150_th2_bL3_sL0_sl40_cool21,sl40_cool21,0.4,time_cooldown,21.0,0.29805134464553973,0.8177797980139363,0.5353482066226305,0.5567429589908715,1.125468131924182,0.4378546411918185,40,6,21.0,21,0.0005659975671050699,0.017609014914631183,17.60901491463118,SMA,150,0.02,3.0,0.0
8,SMA_N150_th2_bL3_sL0,38,08_SMA_N150_th2_bL3_sL0_sl40_cool63,sl40_cool63,0.4,time_cooldown,63.0,0.2314138159043,0.7065173101257881,0.5832018943910039,0.39679880694823344,0.9666671741177466,0.4231398450090391,36,6,63.0,63,-0.06607153117413467,-0.030244672853742216,-0.4577564999066079,SMA,150,0.02,3.0,0.0
8,SMA_N150_th2_bL3_sL0,39,08_SMA_N150_th2_bL3_sL0_sl40_cool126,sl40_cool126,0.4,time_cooldown,126.0,0.13993201284507717,0.5316197058800377,0.5993926948191742,0.23345632012964737,0.7235230245391273,0.39525615740296377,34,6,126.0,126,-0.1575533342333575,-0.046435473281912554,-0.29472859782919875,SMA,150,0.02,3.0,0.0
8,SMA_N150_th2_bL3_sL0,40,08_SMA_N150_th2_bL3_sL0_sl40_rec5,sl40_rec5,0.4,recovery_trigger,0.05,0.283888161250625,0.7904959079922342,0.5474383121590514,0.518575618376057,1.0872445078635422,0.44062082441019873,40,6,9.5,23,-0.013597185827809666,0.005518909378210313,0.40588614792060534,SMA,150,0.02,3.0,0.0
8,SMA_N150_th2_bL3_sL0,41,08_SMA_N150_th2_bL3_sL0_sl40_rec10,sl40_rec10,0.4,recovery_trigger,0.1,0.2868430370158406,0.8020664942640157,0.5353482066226305,0.5358064778538384,1.1032107673262772,0.432867381179295,36,6,38.5,56,-0.010642310062594085,0.017609014914631183,1.6546233675829352,SMA,150,0.02,3.0,0.0
8,SMA_N150_th2_bL3_sL0,42,08_SMA_N150_th2_bL3_sL0_sl40_rec15,sl40_rec15,0.4,recovery_trigger,0.15,0.24704851144972007,0.7329133356109468,0.5677387250987717,0.43514472507884694,1.0045124915593,0.42791582660248806,36,6,58.666666666666664,76,-0.050436835628714594,-0.014781503561509979,-0.29306960631555967,SMA,150,0.02,3.0,0.0
9,SMA_N200_th0_bL2_sL0,0,09_SMA_N200_th0_bL2_sL0_baseline,baseline,,—,,0.21704198969524624,0.801738780879666,0.4271686814118615,0.5080943410408446,1.1035642316979422,0.30262132845976003,86,0,,0,0.0,0.0,0.0,SMA,200,0.0,2.0,0.0
9,SMA_N200_th0_bL2_sL0,1,09_SMA_N200_th0_bL2_sL0_sl15_next,sl15_next,0.15,next_signal,,0.11189308942528298,0.6152923284659367,0.42693941450904543,0.26208189176900726,0.829927575794234,0.20785604323603596,84,14,130.14285714285714,511,-0.10514890026996326,0.0002292669028160499,0.002180402288824908,SMA,200,0.0,2.0,0.0
9,SMA_N200_th0_bL2_sL0,2,09_SMA_N200_th0_bL2_sL0_sl15_cool21,sl15_cool21,0.15,time_cooldown,21.0,0.1731592587406423,0.7297865075785711,0.3928681479673912,0.44075667532867757,0.999597459110567,0.2687172123997473,81,24,21.0,21,-0.04388273095460393,0.03430053344447026,0.7816408117342031,SMA,200,0.0,2.0,0.0
9,SMA_N200_th0_bL2_sL0,3,09_SMA_N200_th0_bL2_sL0_sl15_cool63,sl15_cool63,0.15,time_cooldown,63.0,0.11998593437843619,0.6059480756165451,0.4675372086602645,0.25663397940509985,0.8171237472151767,0.23174536832569273,58,20,63.0,63,-0.09705605531681005,-0.04036852724840301,-0.41593002226014847,SMA,200,0.0,2.0,0.0
9,SMA_N200_th0_bL2_sL0,4,09_SMA_N200_th0_bL2_sL0_sl15_cool126,sl15_cool126,0.15,time_cooldown,126.0,0.029823783683982308,0.24995437009802413,0.4038101998662401,0.07385594443592873,0.3277337015496032,0.19267001678633153,49,17,126.0,126,-0.18721820601126393,0.023358481545621368,0.12476607934281782,SMA,200,0.0,2.0,0.0
9,SMA_N200_th0_bL2_sL0,5,09_SMA_N200_th0_bL2_sL0_sl15_rec5,sl15_rec5,0.15,recovery_trigger,0.05,0.17081939773806099,0.701235283297965,0.40889349637105926,0.4177601239787077,0.9540258374338039,0.2822603870245297,98,27,11.222222222222221,30,-0.046222591957185255,0.018275185040802222,0.39537343681916487,SMA,200,0.0,2.0,0.0
9,SMA_N200_th0_bL2_sL0,6,09_SMA_N200_th0_bL2_sL0_sl15_rec10,sl15_rec10,0.15,recovery_trigger,0.1,0.156460965423457,0.6952342106680278,0.40263347550033834,0.3885940314054327,0.9485907211372991,0.2569922726502026,64,22,36.59090909090909,96,-0.06058102427178924,0.02453520591152314,0.4049982021011891,SMA,200,0.0,2.0,0.0
9,SMA_N200_th0_bL2_sL0,7,09_SMA_N200_th0_bL2_sL0_sl15_rec15,sl15_rec15,0.15,recovery_trigger,0.15,0.11237803926016032,0.5662159786385959,0.41573507629976375,0.2703116616004051,0.769692455822335,0.23890811045564697,56,19,66.10526315789474,148,-0.10466395043508592,0.011433605112097733,0.10924110034609308,SMA,200,0.0,2.0,0.0
9,SMA_N200_th0_bL2_sL0,8,09_SMA_N200_th0_bL2_sL0_sl20_next,sl20_next,0.2,next_signal,,0.11622814194461184,0.5989321497681618,0.49437707947447296,0.23510018318034354,0.8182773191949363,0.22693788104660145,78,11,115.18181818181819,353,-0.1008138477506344,-0.06720839806261147,-0.6666583962637072,SMA,200,0.0,2.0,0.0
9,SMA_N200_th0_bL2_sL0,9,09_SMA_N200_th0_bL2_sL0_sl20_cool21,sl20_cool21,0.2,time_cooldown,21.0,0.1728333600163674,0.7092933101070755,0.3919727663381146,0.4409320617628874,0.9743932664561019,0.2807580570293133,80,16,21.0,21,-0.04420862967887884,0.035195915073746864,0.7961322332178529,SMA,200,0.0,2.0,0.0
9,SMA_N200_th0_bL2_sL0,10,09_SMA_N200_th0_bL2_sL0_sl20_cool63,sl20_cool63,0.2,time_cooldown,63.0,0.08138630501481159,0.4392273554026418,0.5839012694507848,0.13938367541376168,0.5912817709340411,0.2498058848780844,74,16,63.0,63,-0.13565568468043465,-0.15673258803892332,-1.1553705869985451,SMA,200,0.0,2.0,0.0
9,SMA_N200_th0_bL2_sL0,11,09_SMA_N200_th0_bL2_sL0_sl20_cool126,sl20_cool126,0.2,time_cooldown,126.0,0.056375058286725066,0.3550567547603767,0.6134774821932132,0.09189425842523408,0.4752921344554831,0.22903830875871906,56,12,126.0,126,-0.16066693140852117,-0.1863088007813517,-1.159596434362912,SMA,200,0.0,2.0,0.0
9,SMA_N200_th0_bL2_sL0,12,09_SMA_N200_th0_bL2_sL0_sl20_rec5,sl20_rec5,0.2,recovery_trigger,0.05,0.15760676813437646,0.649105623959951,0.46347625850953145,0.3400535954985389,0.8817859856700593,0.2915863338736573,94,18,8.333333333333334,20,-0.05943522156086978,-0.03630757709766996,-0.6108764490847578,SMA,200,0.0,2.0,0.0
9,SMA_N200_th0_bL2_sL0,13,09_SMA_N200_th0_bL2_sL0_sl20_rec10,sl20_rec10,0.2,recovery_trigger,0.1,0.14681211087078538,0.6348640732551107,0.48383072679784445,0.3034369310160139,0.8673922537538599,0.27642396460493673,78,16,29.25,79,-0.07022987882446086,-0.05666204538598296,-0.8068082464959023,SMA,200,0.0,2.0,0.0
9,SMA_N200_th0_bL2_sL0,14,09_SMA_N200_th0_bL2_sL0_sl20_rec15,sl20_rec15,0.2,recovery_trigger,0.15,0.0857808551541519,0.44554479637133126,0.5875742652564974,0.1459915115865489,0.6024923804847437,0.26295582951920443,76,16,52.0,103,-0.13126113454109434,-0.16040558384463588,-1.222034110899881,SMA,200,0.0,2.0,0.0
9,SMA_N200_th0_bL2_sL0,15,09_SMA_N200_th0_bL2_sL0_sl25_next,sl25_next,0.25,next_signal,,0.21374121200995377,0.8156536894660876,0.4271686814118615,0.5003672350311463,1.1258529775520172,0.2891698459625475,86,6,33.166666666666664,159,-0.0033007776852924664,0.0,0.0,SMA,200,0.0,2.0,0.0
9,SMA_N200_th0_bL2_sL0,16,09_SMA_N200_th0_bL2_sL0_sl25_cool21,sl25_cool21,0.25,time_cooldown,21.0,0.23491121430831585,0.8650627946094318,0.3772849612038463,0.6226360402989766,1.1968830238773405,0.2944317301160343,78,6,21.0,21,0.017869224613069612,0.04988372020801518,2.7915995958509616,SMA,200,0.0,2.0,0.0
9,SMA_N200_th0_bL2_sL0,17,09_SMA_N200_th0_bL2_sL0_sl25_cool63,sl25_cool63,0.25,time_cooldown,63.0,0.22586979049905165,0.8620151561085259,0.32357697007101294,0.6980403779956335,1.194073223507504,0.2831224434334222,62,6,63.0,63,0.008827800803805408,0.10359171134084855,11.7347132817262,SMA,200,0.0,2.0,0.0
9,SMA_N200_th0_bL2_sL0,18,09_SMA_N200_th0_bL2_sL0_sl25_cool126,sl25_cool126,0.25,time_cooldown,126.0,0.14600871684119854,0.6402707998291729,0.4254876352861641,0.3431561924073294,0.8810554118652336,0.27034680005182177,52,6,126.0,126,-0.0710332728540477,0.0016810461256973608,0.02366561553698098,SMA,200,0.0,2.0,0.0
9,SMA_N200_th0_bL2_sL0,19,09_SMA_N200_th0_bL2_sL0_sl25_rec5,sl25_rec5,0.25,recovery_trigger,0.05,0.2031245036630942,0.7666470704570962,0.46347625850953117,0.43826301764908426,1.050518897228472,0.3007535653603862,86,7,9.285714285714286,22,-0.013917486032152038,-0.036307577097669685,-2.608774099991355,SMA,200,0.0,2.0,0.0
9,SMA_N200_th0_bL2_sL0,20,09_SMA_N200_th0_bL2_sL0_sl25_rec10,sl25_rec10,0.25,recovery_trigger,0.1,0.2375637413356151,0.8735326707562971,0.3702296486251912,0.6416659017390504,1.2114015733070747,0.29380546293762977,72,6,29.666666666666668,55,0.020521751640368846,0.056939032786670285,2.774569821547986,SMA,200,0.0,2.0,0.0
9,SMA_N200_th0_bL2_sL0,21,09_SMA_N200_th0_bL2_sL0_sl25_rec15,sl25_rec15,0.25,recovery_trigger,0.15,0.22031662431908816,0.8324110652021062,0.40146413108475654,0.5487828357761187,1.153116825795377,0.29016672782423797,72,6,47.166666666666664,75,0.003274634623841921,0.025704550327104947,7.84959339889573,SMA,200,0.0,2.0,0.0
9,SMA_N200_th0_bL2_sL0,22,09_SMA_N200_th0_bL2_sL0_sl30_next,sl30_next,0.3,next_signal,,0.2312359254968379,0.8431269420502105,0.40701337971475066,0.5681285604392077,1.1657493705899888,0.30086656713478505,82,5,11.0,22,0.014193935801591673,0.020155301697110828,1.4199938606775058,SMA,200,0.0,2.0,0.0
9,SMA_N200_th0_bL2_sL0,23,09_SMA_N200_th0_bL2_sL0_sl30_cool21,sl30_cool21,0.3,time_cooldown,21.0,0.2359185796479759,0.858144867909736,0.3714027868987281,0.6352095029171249,1.1891079076611077,0.29955431148562156,72,5,21.0,21,0.018876589952729672,0.05576589451313341,2.954235624801995,SMA,200,0.0,2.0,0.0
9,SMA_N200_th0_bL2_sL0,24,09_SMA_N200_th0_bL2_sL0_sl30_cool63,sl30_cool63,0.3,time_cooldown,63.0,0.18282157457406734,0.7202241371143487,0.4399630039686554,0.41553851784113244,0.9904576104589997,0.2933895752568894,70,5,63.0,63,-0.034220415121178904,-0.012794322556793913,-0.37387981739811066,SMA,200,0.0,2.0,0.0
9,SMA_N200_th0_bL2_sL0,25,09_SMA_N200_th0_bL2_sL0_sl30_cool126,sl30_cool126,0.3,time_cooldown,126.0,0.16353142470310433,0.6815765800709648,0.4352958478437024,0.37567880675448584,0.9384750156705742,0.28031447362490375,68,5,126.0,126,-0.05351056499214191,-0.008127166431840915,-0.15187966026960095,SMA,200,0.0,2.0,0.0
9,SMA_N200_th0_bL2_sL0,26,09_SMA_N200_th0_bL2_sL0_sl30_rec5,sl30_rec5,0.3,recovery_trigger,0.05,0.23154225024335728,0.8432222872320467,0.4070133797147511,0.5688811763525563,1.1642771132743164,0.301296288053815,76,5,12.2,24,0.014500260548111044,0.020155301697110384,1.3899958300912065,SMA,200,0.0,2.0,0.0
9,SMA_N200_th0_bL2_sL0,27,09_SMA_N200_th0_bL2_sL0_sl30_rec10,sl30_rec10,0.3,recovery_trigger,0.1,0.2310869889738263,0.8452436964867291,0.3714027868987284,0.6222004710934964,1.1707949075230117,0.29945375917086586,72,5,34.0,75,0.01404499927858005,0.055765894513133074,3.9705160112169837,SMA,200,0.0,2.0,0.0
9,SMA_N200_th0_bL2_sL0,28,09_SMA_N200_th0_bL2_sL0_sl30_rec15,sl30_rec15,0.3,recovery_trigger,0.15,0.2169118022523897,0.8071862812186527,0.3726391188220333,0.5820961656899565,1.1169697543252326,0.2990756760309011,72,5,45.8,83,-0.00013018744285653305,0.05452956258982816,54.52956258982816,SMA,200,0.0,2.0,0.0
9,SMA_N200_th0_bL2_sL0,29,09_SMA_N200_th0_bL2_sL0_sl35_next,sl35_next,0.35,next_signal,,0.14230422204976478,0.6253316206408346,0.547073220471562,0.26011915174188655,0.8552719890160865,0.2728063205903249,82,4,212.75,574,-0.07473776764548146,-0.11990453905970055,-1.6043366404582438,SMA,200,0.0,2.0,0.0
9,SMA_N200_th0_bL2_sL0,30,09_SMA_N200_th0_bL2_sL0_sl35_cool21,sl35_cool21,0.35,time_cooldown,21.0,0.1982019934798045,0.7540094254949313,0.427168681411861,0.46398999295715015,1.0352420293592992,0.30005329656091395,88,5,21.0,21,-0.018839996215441746,4.996003610813204e-16,2.6518071201725356e-14,SMA,200,0.0,2.0,0.0
9,SMA_N200_th0_bL2_sL0,31,09_SMA_N200_th0_bL2_sL0_sl35_cool63,sl35_cool63,0.35,time_cooldown,63.0,0.13790925818300903,0.5906610241288844,0.4974878027294517,0.27721133548676785,0.8015484548650524,0.2911718068637605,82,5,63.0,63,-0.07913273151223721,-0.07031912131759022,-0.8886224445154652,SMA,200,0.0,2.0,0.0
9,SMA_N200_th0_bL2_sL0,32,09_SMA_N200_th0_bL2_sL0_sl35_cool126,sl35_cool126,0.35,time_cooldown,126.0,0.10734613261383918,0.5122073698046719,0.49720479698961145,0.21589922958060692,0.6931363929361641,0.2718818158609616,80,5,126.0,126,-0.10969585708140706,-0.07003611557774997,-0.6384572530006766,SMA,200,0.0,2.0,0.0
9,SMA_N200_th0_bL2_sL0,33,09_SMA_N200_th0_bL2_sL0_sl35_rec5,sl35_rec5,0.35,recovery_trigger,0.05,0.19582254340042415,0.7450733403159997,0.4633715045863127,0.42260376709018815,1.0222556741824131,0.3016205246542481,88,5,8.0,14,-0.021219446294822086,-0.036202823174451226,-1.7061153562374218,SMA,200,0.0,2.0,0.0
9,SMA_N200_th0_bL2_sL0,34,09_SMA_N200_th0_bL2_sL0_sl35_rec10,sl35_rec10,0.35,recovery_trigger,0.1,0.17976941821524473,0.7054868225076912,0.4271686814118608,0.42083941552334325,0.9657562246461602,0.297721189404596,86,5,30.6,55,-0.037272571480001515,6.661338147750939e-16,1.7871957536723916e-14,SMA,200,0.0,2.0,0.0
9,SMA_N200_th0_bL2_sL0,35,09_SMA_N200_th0_bL2_sL0_sl35_rec15,sl35_rec15,0.35,recovery_trigger,0.15,0.1619509295881265,0.6583554915983497,0.4401052826890159,0.367982244154436,0.8978815208799366,0.2944419883660514,86,5,59.0,132,-0.05509106010711973,-0.012936601277154403,-0.2348221517611082,SMA,200,0.0,2.0,0.0
9,SMA_N200_th0_bL2_sL0,36,09_SMA_N200_th0_bL2_sL0_sl40_next,sl40_next,0.4,next_signal,,0.22028289709174875,0.810849142099323,0.40529766366432046,0.5435089240341479,1.1166791739433577,0.3024297771255021,86,2,11.0,20,0.0032409073965025126,0.02187101774754102,6.748424151564327,SMA,200,0.0,2.0,0.0
9,SMA_N200_th0_bL2_sL0,37,09_SMA_N200_th0_bL2_sL0_sl40_cool21,sl40_cool21,0.4,time_cooldown,21.0,0.2082008969891347,0.7788878277674205,0.4586747775693075,0.4539183473145626,1.071488746477316,0.30182187707920244,86,2,21.0,21,-0.008841092706111553,-0.03150609615744604,-3.5635975331043555,SMA,200,0.0,2.0,0.0
9,SMA_N200_th0_bL2_sL0,38,09_SMA_N200_th0_bL2_sL0_sl40_cool63,sl40_cool63,0.4,time_cooldown,63.0,0.18095701350581117,0.7135450915736608,0.49701043397511707,0.3640909750294514,0.9774003563184425,0.29435844499532415,86,2,63.0,63,-0.03608497618943507,-0.06984175256325559,-1.9354800789283546,SMA,200,0.0,2.0,0.0
9,SMA_N200_th0_bL2_sL0,39,09_SMA_N200_th0_bL2_sL0_sl40_cool126,sl40_cool126,0.4,time_cooldown,126.0,0.15210883437359635,0.6404303296485557,0.5778475597818965,0.2632334978294422,0.8784975025546538,0.28501842840060293,86,2,126.0,126,-0.0649331553216499,-0.15067887837003502,-2.320522968946127,SMA,200,0.0,2.0,0.0
9,SMA_N200_th0_bL2_sL0,40,09_SMA_N200_th0_bL2_sL0_sl40_rec5,sl40_rec5,0.4,recovery_trigger,0.05,0.2151963187305923,0.7973311309846168,0.4072887242284645,0.528363065140689,1.0973978758585512,0.3022467144248362,86,2,3.5,5,-0.0018456709646539338,0.019879957183396968,10.771127445852459,SMA,200,0.0,2.0,0.0
9,SMA_N200_th0_bL2_sL0,41,09_SMA_N200_th0_bL2_sL0_sl40_rec10,sl40_rec10,0.4,recovery_trigger,0.1,0.20894957785206403,0.7806155065868156,0.45461594091042934,0.4596177983411987,1.0737689358775573,0.30202871279493976,86,2,12.5,14,-0.008092411843182212,-0.027447259498567855,-3.3917279582961335,SMA,200,0.0,2.0,0.0
9,SMA_N200_th0_bL2_sL0,42,09_SMA_N200_th0_bL2_sL0_sl40_rec15,sl40_rec15,0.4,recovery_trigger,0.15,0.2039875874481536,0.7677732767830477,0.48965797846834286,0.41659198137898146,1.0558775992169591,0.3015195387711587,86,2,28.5,39,-0.013054402247092645,-0.062489297056481374,-4.786837104732116,SMA,200,0.0,2.0,0.0
10,EMA_N150_th2_bL2_sL0,0,10_EMA_N150_th2_bL2_sL0_baseline,baseline,,—,,0.21565804646343367,0.8019351518868206,0.4353309179497178,0.49538876650232067,1.1067467964605373,0.3001714043469482,40,0,,0,0.0,0.0,0.0,EMA,150,0.02,2.0,0.0
10,EMA_N150_th2_bL2_sL0,1,10_EMA_N150_th2_bL2_sL0_sl15_next,sl15_next,0.15,next_signal,,0.17824090639892964,0.8254848991582053,0.43222368538870876,0.4123811637916915,1.1398523503570157,0.2314100078498176,40,16,98.6875,392,-0.03741714006450403,0.0031072325610090323,0.08304302668917032,EMA,150,0.02,2.0,0.0
10,EMA_N150_th2_bL2_sL0,2,10_EMA_N150_th2_bL2_sL0_sl15_cool21,sl15_cool21,0.15,time_cooldown,21.0,0.17115212739234265,0.7189643872095298,0.4388055672274031,0.390040920569374,0.9840913238020792,0.2713975088526819,57,25,21.0,21,-0.04450591907109103,-0.0034746492776853155,-0.07807162171249904,EMA,150,0.02,2.0,0.0
10,EMA_N150_th2_bL2_sL0,3,10_EMA_N150_th2_bL2_sL0_sl15_cool63,sl15_cool63,0.15,time_cooldown,63.0,0.148076287590712,0.7045447669914197,0.4323857047510917,0.34246342088472603,0.9537467828628258,0.2358682223919468,46,20,63.0,63,-0.06758175887272166,0.002945213198626062,0.043580002174445506,EMA,150,0.02,2.0,0.0
10,EMA_N150_th2_bL2_sL0,4,10_EMA_N150_th2_bL2_sL0_sl15_cool126,sl15_cool126,0.15,time_cooldown,126.0,0.039611374729979776,0.2954308035897618,0.47766136742003423,0.08292773381261812,0.3892341968380059,0.19978589884909673,39,16,126.0,126,-0.1760466717334539,-0.042330449470316445,-0.24045015479990156,EMA,150,0.02,2.0,0.0
10,EMA_N150_th2_bL2_sL0,5,10_EMA_N150_th2_bL2_sL0_sl15_rec5,sl15_rec5,0.15,recovery_trigger,0.05,0.19566820107963356,0.7738379174197925,0.47989479345537245,0.4077314522851343,1.0598446092683695,0.2832682403469423,60,26,10.807692307692308,30,-0.01998984538380011,-0.04456387550565466,-2.22932567261223,EMA,150,0.02,2.0,0.0
10,EMA_N150_th2_bL2_sL0,6,10_EMA_N150_th2_bL2_sL0_sl15_rec10,sl15_rec10,0.15,recovery_trigger,0.1,0.15332697578553045,0.6760395754152025,0.4249978417265627,0.3607711868903531,0.9187633323711963,0.26239177888658427,52,23,37.47826086956522,96,-0.06233107067790322,0.010333076223155102,0.16577729390453494,EMA,150,0.02,2.0,0.0
10,EMA_N150_th2_bL2_sL0,7,10_EMA_N150_th2_bL2_sL0_sl15_rec15,sl15_rec15,0.15,recovery_trigger,0.15,0.11732861896395752,0.5784929150543836,0.40514336286710784,0.2895977812240325,0.7836921345717196,0.24345535187387812,44,20,68.2,148,-0.09832942749947615,0.03018755508260995,0.30700427990156637,EMA,150,0.02,2.0,0.0
10,EMA_N150_th2_bL2_sL0,8,10_EMA_N150_th2_bL2_sL0_sl20_next,sl20_next,0.2,next_signal,,0.12533857423688022,0.6144894759416962,0.42539741585265417,0.2946387767439895,0.8443147555812057,0.23901261008732996,40,12,132.16666666666666,712,-0.09031947222655345,0.009933502097063618,0.10998184391674534,EMA,150,0.02,2.0,0.0
10,EMA_N150_th2_bL2_sL0,9,10_EMA_N150_th2_bL2_sL0_sl20_cool21,sl20_cool21,0.2,time_cooldown,21.0,0.1663970311856775,0.6872743617362517,0.42039088379981776,0.3958150321473494,0.9395060133063592,0.2824927482125217,54,16,21.0,21,-0.04926101527775617,0.014940034149900028,0.3032831147645105,EMA,150,0.02,2.0,0.0
10,EMA_N150_th2_bL2_sL0,10,10_EMA_N150_th2_bL2_sL0_sl20_cool63,sl20_cool63,0.2,time_cooldown,63.0,0.1155509679298059,0.5539879857526977,0.5785690921499921,0.19971852886301383,0.7499056183067471,0.25799842554783375,46,13,63.0,63,-0.10010707853362777,-0.1432381742002743,-1.4308496092227685,EMA,150,0.02,2.0,0.0
10,EMA_N150_th2_bL2_sL0,11,10_EMA_N150_th2_bL2_sL0_sl20_cool126,sl20_cool126,0.2,time_cooldown,126.0,0.11967988623081394,0.6006423510322828,0.40952709766441425,0.2922392362150484,0.8186756998311048,0.23427221789278385,34,10,126.0,126,-0.09597816023261974,0.025803820285303536,0.2688509575799692,EMA,150,0.02,2.0,0.0
10,EMA_N150_th2_bL2_sL0,12,10_EMA_N150_th2_bL2_sL0_sl20_rec5,sl20_rec5,0.2,recovery_trigger,0.05,0.1715568724204135,0.6895821434905821,0.450425831858517,0.38087707295238155,0.9395906439764407,0.29201581923321074,56,17,9.882352941176471,23,-0.044101174043020164,-0.01509491390879919,-0.3422791849957165,EMA,150,0.02,2.0,0.0
10,EMA_N150_th2_bL2_sL0,13,10_EMA_N150_th2_bL2_sL0_sl20_rec10,sl20_rec10,0.2,recovery_trigger,0.1,0.1437744104875931,0.6247419239840516,0.5081289642010786,0.2829486618887133,0.8503779832931339,0.2769114170728454,50,15,36.733333333333334,98,-0.07188363597584058,-0.07279804625136077,-1.012720701493557,EMA,150,0.02,2.0,0.0
10,EMA_N150_th2_bL2_sL0,14,10_EMA_N150_th2_bL2_sL0_sl20_rec15,sl20_rec15,0.2,recovery_trigger,0.15,0.10570013191915018,0.5164603395375508,0.5905134602993016,0.17899698995104377,0.6992324284825988,0.2611546757136536,46,14,68.71428571428571,115,-0.1099579145442835,-0.15518254234958384,-1.41129033769631,EMA,150,0.02,2.0,0.0
10,EMA_N150_th2_bL2_sL0,15,10_EMA_N150_th2_bL2_sL0_sl25_next,sl25_next,0.25,next_signal,,0.22905656311164901,0.8542162561354796,0.44504482203761936,0.5146820090230979,1.18173964389264,0.29162882939279666,40,6,54.833333333333336,121,0.013398516648215342,-0.00971390408790157,-0.7249984713192446,EMA,150,0.02,2.0,0.0
10,EMA_N150_th2_bL2_sL0,16,10_EMA_N150_th2_bL2_sL0_sl25_cool21,sl25_cool21,0.25,time_cooldown,21.0,0.22382279599280097,0.8382323309181666,0.45161272330230184,0.49560781714951335,1.1584897566895447,0.29235113187297346,44,7,21.0,21,0.008164749529367299,-0.016281805352584056,-1.9941585830674908,EMA,150,0.02,2.0,0.0
10,EMA_N150_th2_bL2_sL0,17,10_EMA_N150_th2_bL2_sL0_sl25_cool63,sl25_cool63,0.25,time_cooldown,63.0,0.2018096531493203,0.7905281879336274,0.5020871771980451,0.40194146019729515,1.0909345412660898,0.28393122020281536,40,6,63.0,63,-0.01384839331411336,-0.06675625924832729,-4.820505724681704,EMA,150,0.02,2.0,0.0
10,EMA_N150_th2_bL2_sL0,18,10_EMA_N150_th2_bL2_sL0_sl25_cool126,sl25_cool126,0.25,time_cooldown,126.0,0.1917676564386923,0.7905797982116871,0.39519110105802385,0.48525297236016474,1.0949901085993863,0.2674932103989492,30,6,126.0,126,-0.02389039002474136,0.040139816891693936,1.680165826096784,EMA,150,0.02,2.0,0.0
10,EMA_N150_th2_bL2_sL0,19,10_EMA_N150_th2_bL2_sL0_sl25_rec5,sl25_rec5,0.25,recovery_trigger,0.05,0.1900928682597145,0.7367934778874172,0.5031660977185558,0.37779347440463346,1.0080045227882364,0.29634091452351585,48,8,11.875,28,-0.025565178203719174,-0.06783517976883802,-2.653420963010126,EMA,150,0.02,2.0,0.0
10,EMA_N150_th2_bL2_sL0,20,10_EMA_N150_th2_bL2_sL0_sl25_rec10,sl25_rec10,0.25,recovery_trigger,0.1,0.1970367499783956,0.7642688882558948,0.5677785274180401,0.34703099970056234,1.0517981670072059,0.2912687948556887,44,7,38.857142857142854,71,-0.018621296485038075,-0.13244760946832235,-7.112695379440522,EMA,150,0.02,2.0,0.0
10,EMA_N150_th2_bL2_sL0,21,10_EMA_N150_th2_bL2_sL0_sl25_rec15,sl25_rec15,0.25,recovery_trigger,0.15,0.2091175383235937,0.810161461128007,0.40833924865322413,0.5121171648654905,1.118001168326725,0.284877893141442,38,6,81.33333333333333,211,-0.006540508139839973,0.02699166929649366,4.126845914628594,EMA,150,0.02,2.0,0.0
10,EMA_N150_th2_bL2_sL0,22,10_EMA_N150_th2_bL2_sL0_sl30_next,sl30_next,0.3,next_signal,,0.2070998217827409,0.7919920174887638,0.4353309179497178,0.47572964208037627,1.0949823525940976,0.2918795350423541,40,5,67.6,169,-0.008558224680692783,0.0,0.0,EMA,150,0.02,2.0,0.0
10,EMA_N150_th2_bL2_sL0,23,10_EMA_N150_th2_bL2_sL0_sl30_cool21,sl30_cool21,0.3,time_cooldown,21.0,0.19552859722287463,0.7491332355387076,0.45447113553966506,0.43023325780787547,1.0308053246669928,0.2982758739941023,44,5,21.0,21,-0.02012944924055904,-0.019140217589947273,-0.9508564969269724,EMA,150,0.02,2.0,0.0
10,EMA_N150_th2_bL2_sL0,24,10_EMA_N150_th2_bL2_sL0_sl30_cool63,sl30_cool63,0.3,time_cooldown,63.0,0.1826646361650448,0.7268519793834614,0.4152821223414666,0.4398567295291571,1.0006985893608906,0.28857698958474304,38,5,63.0,63,-0.03299341029838887,0.02004879560825118,0.6076606033426681,EMA,150,0.02,2.0,0.0
10,EMA_N150_th2_bL2_sL0,25,10_EMA_N150_th2_bL2_sL0_sl30_cool126,sl30_cool126,0.3,time_cooldown,126.0,0.15525247093671624,0.6638124028238992,0.5124270074256724,0.30297480165355184,0.9173997689940274,0.2746219039999708,34,5,126.0,126,-0.06040557552671744,-0.07709608947595459,-1.2763075064462372,EMA,150,0.02,2.0,0.0
10,EMA_N150_th2_bL2_sL0,26,10_EMA_N150_th2_bL2_sL0_sl30_rec5,sl30_rec5,0.3,recovery_trigger,0.05,0.20018418746342448,0.7604723645900087,0.4353309179497178,0.45984371706524746,1.0473869611457647,0.2993700515963631,44,5,10.0,18,-0.015473859000009194,0.0,0.0,EMA,150,0.02,2.0,0.0
10,EMA_N150_th2_bL2_sL0,27,10_EMA_N150_th2_bL2_sL0_sl30_rec10,sl30_rec10,0.3,recovery_trigger,0.1,0.19979697533219776,0.7619892657135585,0.4353309179497178,0.45895425087927016,1.0504400090483883,0.29767193050299523,42,5,33.6,68,-0.015861071131235915,0.0,0.0,EMA,150,0.02,2.0,0.0
10,EMA_N150_th2_bL2_sL0,28,10_EMA_N150_th2_bL2_sL0_sl30_rec15,sl30_rec15,0.3,recovery_trigger,0.15,0.18208865595062296,0.7159321716285605,0.4770376506453984,0.38170709524556357,0.9853098899196093,0.2948873315833073,42,5,50.4,76,-0.033569390512810715,-0.04170673269568059,-1.2424036319564549,EMA,150,0.02,2.0,0.0
10,EMA_N150_th2_bL2_sL0,29,10_EMA_N150_th2_bL2_sL0_sl35_next,sl35_next,0.35,next_signal,,0.14501676628661353,0.6443656745362946,0.528675793095196,0.27430188440744646,0.8847968952985051,0.26513291525134236,40,2,250.5,493,-0.07064128017682014,-0.09334487514547818,-1.321392745315902,EMA,150,0.02,2.0,0.0
10,EMA_N150_th2_bL2_sL0,30,10_EMA_N150_th2_bL2_sL0_sl35_cool21,sl35_cool21,0.35,time_cooldown,21.0,0.21681654063599565,0.8112388331665761,0.4140982073080821,0.5235872476856385,1.1196031269453732,0.29657372292203865,40,3,21.0,21,0.0011584941725619746,0.021232710641635677,18.327852780372805,EMA,150,0.02,2.0,0.0
10,EMA_N150_th2_bL2_sL0,31,10_EMA_N150_th2_bL2_sL0_sl35_cool63,sl35_cool63,0.35,time_cooldown,63.0,0.17762503811655295,0.7063184839335817,0.4765665128500627,0.3727182530184141,0.9728085554977822,0.29254740007376423,40,3,63.0,63,-0.038033008346880726,-0.041235594900344896,-1.084205449231229,EMA,150,0.02,2.0,0.0
10,EMA_N150_th2_bL2_sL0,32,10_EMA_N150_th2_bL2_sL0_sl35_cool126,sl35_cool126,0.35,time_cooldown,126.0,0.16559806691811163,0.6891024910347509,0.4681177635799997,0.3537530079005675,0.9468870966675911,0.2794912196168913,40,3,126.0,126,-0.05005997954532204,-0.03278684563028189,-0.6549512390551051,EMA,150,0.02,2.0,0.0
10,EMA_N150_th2_bL2_sL0,33,10_EMA_N150_th2_bL2_sL0_sl35_rec5,sl35_rec5,0.35,recovery_trigger,0.05,0.2143844230180869,0.8008841117133904,0.4140982073080816,0.5177139606851492,1.1053277066770668,0.29870010676075825,42,3,9.666666666666666,14,-0.001273623445346761,0.021232710641636177,16.671105356305127,EMA,150,0.02,2.0,0.0
10,EMA_N150_th2_bL2_sL0,34,10_EMA_N150_th2_bL2_sL0_sl35_rec10,sl35_rec10,0.35,recovery_trigger,0.1,0.21044453135175822,0.7931441469838143,0.41409820730808167,0.5081995711108965,1.0938803453664951,0.2968034775216726,40,3,36.666666666666664,58,-0.0052135151116754486,0.02123271064163612,4.0726285791492876,EMA,150,0.02,2.0,0.0
10,EMA_N150_th2_bL2_sL0,35,10_EMA_N150_th2_bL2_sL0_sl35_rec15,sl35_rec15,0.35,recovery_trigger,0.15,0.19524088174118015,0.7528058812405434,0.4367007654550928,0.44708161099217797,1.0362756135798603,0.29532951810970387,40,3,64.66666666666667,112,-0.020417164722253522,-0.0013698475053749992,-0.06709293498925172,EMA,150,0.02,2.0,0.0
10,EMA_N150_th2_bL2_sL0,36,10_EMA_N150_th2_bL2_sL0_sl40_next,sl40_next,0.4,next_signal,,0.19818369578534534,0.766920615458889,0.4088700496429644,0.484710719110887,1.0531013321226042,0.2917386403748906,40,2,92.0,171,-0.017474350678088335,0.02646086830675337,1.5142690446251332,EMA,150,0.02,2.0,0.0
10,EMA_N150_th2_bL2_sL0,37,10_EMA_N150_th2_bL2_sL0_sl40_cool21,sl40_cool21,0.4,time_cooldown,21.0,0.20375310341249264,0.7717448649778923,0.4288068406613464,0.4751629034141465,1.0628027228757475,0.2985184689036507,42,2,21.0,21,-0.01190494305094103,0.006524077288371399,0.5480141534869166,EMA,150,0.02,2.0,0.0
10,EMA_N150_th2_bL2_sL0,38,10_EMA_N150_th2_bL2_sL0_sl40_cool63,sl40_cool63,0.4,time_cooldown,63.0,0.1709805991469464,0.683026418452561,0.5630162242662959,0.3036868064854839,0.9350587632479895,0.29561072002470984,42,2,63.0,63,-0.04467744731648726,-0.12768530631657815,-2.8579364754677603,EMA,150,0.02,2.0,0.0
10,EMA_N150_th2_bL2_sL0,39,10_EMA_N150_th2_bL2_sL0_sl40_cool126,sl40_cool126,0.4,time_cooldown,126.0,0.1757023137298408,0.7044024054735101,0.5098905396643307,0.3445882989817942,0.9631731632292007,0.2900331610284528,40,2,126.0,126,-0.039955732733592875,-0.07455962171461294,-1.866055672454901,EMA,150,0.02,2.0,0.0
10,EMA_N150_th2_bL2_sL0,40,10_EMA_N150_th2_bL2_sL0_sl40_rec5,sl40_rec5,0.4,recovery_trigger,0.05,0.2107929304307552,0.7904668479191852,0.4088700496429644,0.5155499421266607,1.0895158950514152,0.2990166632751136,42,2,12.5,14,-0.004865116032678474,0.02646086830675337,5.438897680757971,EMA,150,0.02,2.0,0.0
10,EMA_N150_th2_bL2_sL0,41,10_EMA_N150_th2_bL2_sL0_sl40_rec10,sl40_rec10,0.4,recovery_trigger,0.1,0.19718306662320417,0.7537345918856408,0.4597895015776556,0.4288550868312968,1.0372446350413487,0.29830123095177036,42,2,23.0,24,-0.0184749798402295,-0.02445858362793779,-1.3238760658714723,EMA,150,0.02,2.0,0.0
10,EMA_N150_th2_bL2_sL0,42,10_EMA_N150_th2_bL2_sL0_sl40_rec15,sl40_rec15,0.4,recovery_trigger,0.15,0.1834585240638924,0.7172026881890458,0.5104849705510744,0.3593808528110961,0.9842500104800214,0.29679112595084783,42,2,47.0,55,-0.03219952239954127,-0.07515405260135666,-2.3340114076483114,EMA,150,0.02,2.0,0.0
11,SMA_N200_th0_bL3_sL0,0,11_SMA_N200_th0_bL3_sL0_baseline,baseline,,—,,0.2958405241901898,0.8032742583598828,0.5695991406526417,0.5193837263364167,1.1066341284186143,0.4509353198768851,86,0,,0,0.0,0.0,0.0,SMA,200,0.0,3.0,0.0
11,SMA_N200_th0_bL3_sL0,1,11_SMA_N200_th0_bL3_sL0_sl15_next,sl15_next,0.15,next_signal,,0.16592844984651967,0.6985163471821035,0.4953329211497282,0.3349836902852721,0.9747597717089755,0.2742784567801655,86,19,114.21052631578948,562,-0.12991207434367014,0.07426621950291351,0.5716652580456012,SMA,200,0.0,3.0,0.0
11,SMA_N200_th0_bL3_sL0,2,11_SMA_N200_th0_bL3_sL0_sl15_cool21,sl15_cool21,0.15,time_cooldown,21.0,0.2825451083105819,0.8622134575004813,0.426332191242621,0.6627346330265466,1.1965997528415742,0.3680796713840984,112,37,21.0,21,-0.01329541587960792,0.14326694941002072,10.775665139573329,SMA,200,0.0,3.0,0.0
11,SMA_N200_th0_bL3_sL0,3,11_SMA_N200_th0_bL3_sL0_sl15_cool63,sl15_cool63,0.15,time_cooldown,63.0,0.21291662097434982,0.7761353235041163,0.42131381522821726,0.5053634921964691,1.0740443093072256,0.3123084891435109,63,26,63.0,63,-0.08292390321583998,0.14828532542442446,1.788209667825902,SMA,200,0.0,3.0,0.0
11,SMA_N200_th0_bL3_sL0,4,11_SMA_N200_th0_bL3_sL0_sl15_cool126,sl15_cool126,0.15,time_cooldown,126.0,0.03894589667830539,0.279820333763413,0.5051460453175584,0.07709829076029326,0.3780372190388069,0.24607933441995025,47,20,126.0,126,-0.2568946275118844,0.06445309533508337,0.25089312283146775,SMA,200,0.0,3.0,0.0
11,SMA_N200_th0_bL3_sL0,5,11_SMA_N200_th0_bL3_sL0_sl15_rec5,sl15_rec5,0.15,recovery_trigger,0.05,0.22697381086438817,0.7260227931320214,0.5136089982102476,0.4419194594629661,0.9954793044993074,0.3855289260413641,126,42,14.404761904761905,40,-0.06886671332580163,0.055990142442394086,0.8130218466722848,SMA,200,0.0,3.0,0.0
11,SMA_N200_th0_bL3_sL0,6,11_SMA_N200_th0_bL3_sL0_sl15_rec10,sl15_rec10,0.15,recovery_trigger,0.1,0.1910571379791366,0.6949826277153816,0.5188826808833537,0.36820873969791795,0.9581908855715862,0.33157134643220915,78,31,43.45161290322581,99,-0.10478338621105321,0.05071645976928807,0.48401241459343275,SMA,200,0.0,3.0,0.0
11,SMA_N200_th0_bL3_sL0,7,11_SMA_N200_th0_bL3_sL0_sl15_rec15,sl15_rec15,0.15,recovery_trigger,0.15,0.1255150647203176,0.5522441770967099,0.5942771757316111,0.21120626846521026,0.7580307199279269,0.29245527588637193,60,24,82.91666666666667,215,-0.1703254594698722,-0.024678035078969374,-0.14488752976670827,SMA,200,0.0,3.0,0.0
11,SMA_N200_th0_bL3_sL0,8,11_SMA_N200_th0_bL3_sL0_sl20_next,sl20_next,0.2,next_signal,,0.12184582698002644,0.547113953154743,0.5687447338726604,0.2142364047054319,0.7399037624682844,0.28622375178090254,84,14,135.71428571428572,511,-0.17399469721016336,0.000854406779981276,0.004910533445448983,SMA,200,0.0,3.0,0.0
11,SMA_N200_th0_bL3_sL0,9,11_SMA_N200_th0_bL3_sL0_sl20_cool21,sl20_cool21,0.2,time_cooldown,21.0,0.17075716454280743,0.6031517430888201,0.5256017137708477,0.3248793907419683,0.8215865313292562,0.3873573375997657,95,30,21.0,21,-0.12508335964738238,0.04399742688179398,0.35174484444473997,SMA,200,0.0,3.0,0.0
11,SMA_N200_th0_bL3_sL0,10,11_SMA_N200_th0_bL3_sL0_sl20_cool63,sl20_cool63,0.2,time_cooldown,63.0,0.1140421988950251,0.4957461607339716,0.570823316907061,0.19978545990894228,0.6651367454862138,0.32806815167341263,64,23,63.0,63,-0.1817983252951647,-0.0012241762544192847,-0.006733704793109247,SMA,200,0.0,3.0,0.0
11,SMA_N200_th0_bL3_sL0,11,11_SMA_N200_th0_bL3_sL0_sl20_cool126,sl20_cool126,0.2,time_cooldown,126.0,0.02363251588156734,0.2252723749038025,0.6871911143323521,0.03439001958651308,0.297364049542223,0.2777043502841132,51,18,126.0,126,-0.27220800830862246,-0.11759197367971042,-0.43199307180701185,SMA,200,0.0,3.0,0.0
11,SMA_N200_th0_bL3_sL0,12,11_SMA_N200_th0_bL3_sL0_sl20_rec5,sl20_rec5,0.2,recovery_trigger,0.05,0.1816965644148485,0.6156671251718541,0.5499151762228651,0.33040834708880995,0.8343494594005803,0.40927160377519106,110,34,11.676470588235293,25,-0.11414395977534131,0.0196839644297766,0.1724485857028149,SMA,200,0.0,3.0,0.0
11,SMA_N200_th0_bL3_sL0,13,11_SMA_N200_th0_bL3_sL0_sl20_rec10,sl20_rec10,0.2,recovery_trigger,0.1,0.12121272429987817,0.4993179856613736,0.6723184952611212,0.18029062885262506,0.6743837368024463,0.362602797551089,76,28,37.642857142857146,96,-0.17462779989031163,-0.10271935460847947,-0.588218798341388,SMA,200,0.0,3.0,0.0
11,SMA_N200_th0_bL3_sL0,14,11_SMA_N200_th0_bL3_sL0_sl20_rec15,sl20_rec15,0.2,recovery_trigger,0.15,0.08054563609264576,0.40234409602137183,0.5558177528894871,0.14491375216771926,0.5427268471622197,0.3282933105865876,62,22,71.68181818181819,148,-0.21529488809754405,0.013781387763154629,0.06401168130341614,SMA,200,0.0,3.0,0.0
11,SMA_N200_th0_bL3_sL0,15,11_SMA_N200_th0_bL3_sL0_sl25_next,sl25_next,0.25,next_signal,,0.2010577906664932,0.7014210562904264,0.5549673484439646,0.3622876034603217,0.9612809885184769,0.3494353659693239,86,14,95.21428571428571,374,-0.0947827335236966,0.014631792208677163,0.15437191632607933,SMA,200,0.0,3.0,0.0
11,SMA_N200_th0_bL3_sL0,16,11_SMA_N200_th0_bL3_sL0_sl25_cool21,sl25_cool21,0.25,time_cooldown,21.0,0.26070854671137167,0.7723361122845285,0.5903610665861063,0.441608638284663,1.0662538750897932,0.41015444954238833,75,19,21.0,21,-0.03513197747881813,-0.020761925933464598,-0.5909694649548957,SMA,200,0.0,3.0,0.0
11,SMA_N200_th0_bL3_sL0,17,11_SMA_N200_th0_bL3_sL0_sl25_cool63,sl25_cool63,0.25,time_cooldown,63.0,0.1703596565765475,0.6177403115508958,0.6463118189152779,0.2635874071782667,0.8445264062168528,0.3620463413504929,57,17,63.0,63,-0.1254808676136423,-0.07671267826263617,-0.6113496003138565,SMA,200,0.0,3.0,0.0
11,SMA_N200_th0_bL3_sL0,18,11_SMA_N200_th0_bL3_sL0_sl25_cool126,sl25_cool126,0.25,time_cooldown,126.0,0.1164348752070814,0.5073736275572517,0.577908262470663,0.20147639819043445,0.6895097210969029,0.3180050099793538,53,14,126.0,126,-0.1794056489831084,-0.008309121818021237,-0.04631471676125185,SMA,200,0.0,3.0,0.0
11,SMA_N200_th0_bL3_sL0,19,11_SMA_N200_th0_bL3_sL0_sl25_rec5,sl25_rec5,0.25,recovery_trigger,0.05,0.24214560365381188,0.7239557589800796,0.5524111080459662,0.438343111003595,0.9910662088913582,0.4275570216930557,92,21,11.333333333333334,27,-0.05369492053637792,0.017188032606675563,0.3201053737481704,SMA,200,0.0,3.0,0.0
11,SMA_N200_th0_bL3_sL0,20,11_SMA_N200_th0_bL3_sL0_sl25_rec10,sl25_rec10,0.25,recovery_trigger,0.1,0.24265990959393013,0.7473995653442833,0.5879026139585003,0.4127552826479852,1.0332295114853642,0.39760249731726593,66,18,34.888888888888886,85,-0.05318061459625967,-0.018303473305858575,-0.3441756633468073,SMA,200,0.0,3.0,0.0
11,SMA_N200_th0_bL3_sL0,21,11_SMA_N200_th0_bL3_sL0_sl25_rec15,sl25_rec15,0.25,recovery_trigger,0.15,0.1583116660188857,0.5824923794571509,0.6769864804698384,0.2338476034396065,0.7975998130884908,0.3733448834320203,62,17,58.470588235294116,109,-0.1375288581713041,-0.10738733981719673,-0.7808349552603461,SMA,200,0.0,3.0,0.0
11,SMA_N200_th0_bL3_sL0,22,11_SMA_N200_th0_bL3_sL0_sl30_next,sl30_next,0.3,next_signal,,0.17000643124288173,0.6243720678749101,0.626074602201125,0.27154340815803857,0.8557874118354287,0.3519251952369828,82,9,122.66666666666667,353,-0.12583409294730807,-0.05647546154848326,-0.4488089056447673,SMA,200,0.0,3.0,0.0
11,SMA_N200_th0_bL3_sL0,23,11_SMA_N200_th0_bL3_sL0_sl30_cool21,sl30_cool21,0.3,time_cooldown,21.0,0.24168295650370863,0.7252826381224132,0.5871761133104683,0.41160215993990756,0.9970779184075762,0.42380881279311355,82,14,21.0,21,-0.05415756768648117,-0.01757697265782654,-0.3245524754652914,SMA,200,0.0,3.0,0.0
11,SMA_N200_th0_bL3_sL0,24,11_SMA_N200_th0_bL3_sL0_sl30_cool63,sl30_cool63,0.3,time_cooldown,63.0,0.1326900333300911,0.5195721448257886,0.5804988746672055,0.22857931189989136,0.7009160887380813,0.3831272746213284,76,14,63.0,63,-0.1631504908600987,-0.010899734014563789,-0.06680785302638344,SMA,200,0.0,3.0,0.0
11,SMA_N200_th0_bL3_sL0,25,11_SMA_N200_th0_bL3_sL0_sl30_cool126,sl30_cool126,0.3,time_cooldown,126.0,0.0966068191877103,0.44117048713623125,0.6774860769726648,0.14259602148489348,0.5941691595031319,0.34938580046179557,54,11,126.0,126,-0.1992337050024795,-0.10788693632002311,-0.5415094615576237,SMA,200,0.0,3.0,0.0
11,SMA_N200_th0_bL3_sL0,26,11_SMA_N200_th0_bL3_sL0_sl30_rec5,sl30_rec5,0.3,recovery_trigger,0.05,0.22080364915916162,0.6779223948833373,0.648826799893629,0.34031215910834905,0.9227314922657464,0.43771289443092865,96,16,8.0625,20,-0.07503687503102818,-0.07922765924098729,-1.0558496633585313,SMA,200,0.0,3.0,0.0
11,SMA_N200_th0_bL3_sL0,27,11_SMA_N200_th0_bL3_sL0_sl30_rec10,sl30_rec10,0.3,recovery_trigger,0.1,0.21772309425230563,0.6826212302001053,0.5611003155550133,0.388028821614446,0.9344564736629496,0.4184527270697309,80,14,27.642857142857142,72,-0.07811742993788418,0.008498825097628449,0.10879550318522219,SMA,200,0.0,3.0,0.0
11,SMA_N200_th0_bL3_sL0,28,11_SMA_N200_th0_bL3_sL0_sl30_rec15,sl30_rec15,0.3,recovery_trigger,0.15,0.1419179815025664,0.5341956238378687,0.6432103629891692,0.22064007309060737,0.7251673330691505,0.40074831743424616,78,14,50.57142857142857,96,-0.1539225426876234,-0.0736112223365275,-0.47823548813065725,SMA,200,0.0,3.0,0.0
11,SMA_N200_th0_bL3_sL0,29,11_SMA_N200_th0_bL3_sL0_sl35_next,sl35_next,0.35,next_signal,,0.16673753413040537,0.6049466906948979,0.6000552420128288,0.2778703066922639,0.8202391935172221,0.36937023691713633,84,6,148.33333333333334,511,-0.12910299005978443,-0.03045610136018706,-0.2359054685416936,SMA,200,0.0,3.0,0.0
11,SMA_N200_th0_bL3_sL0,30,11_SMA_N200_th0_bL3_sL0_sl35_cool21,sl35_cool21,0.35,time_cooldown,21.0,0.31350780182431426,0.8462823642325636,0.5141621854854764,0.6097449611707587,1.1690674592317496,0.4359451733505123,80,7,21.0,21,0.017667277634124456,0.05543695516716529,3.1378323426631654,SMA,200,0.0,3.0,0.0
11,SMA_N200_th0_bL3_sL0,31,11_SMA_N200_th0_bL3_sL0_sl35_cool63,sl35_cool63,0.35,time_cooldown,63.0,0.2821158738404972,0.8105265497218546,0.45249540087701867,0.6234668314721102,1.1178696614797339,0.41337170069366824,64,7,63.0,63,-0.013724650349692613,0.11710373977562305,8.532365983243121,SMA,200,0.0,3.0,0.0
11,SMA_N200_th0_bL3_sL0,32,11_SMA_N200_th0_bL3_sL0_sl35_cool126,sl35_cool126,0.35,time_cooldown,126.0,0.16203352788738057,0.5855039455172352,0.571445667780325,0.28355019037377577,0.801029749829236,0.38388405114060575,54,7,126.0,126,-0.13380699630280923,-0.001846527127683295,-0.013799929590412065,SMA,200,0.0,3.0,0.0
11,SMA_N200_th0_bL3_sL0,33,11_SMA_N200_th0_bL3_sL0_sl35_rec5,sl35_rec5,0.35,recovery_trigger,0.05,0.26542990635587804,0.7529941108343003,0.6119464255327834,0.43374696751400227,1.0316668905016866,0.4475534502985173,88,8,8.875,23,-0.03041061783431176,-0.04234728488014172,-1.3925164266923256,SMA,200,0.0,3.0,0.0
11,SMA_N200_th0_bL3_sL0,34,11_SMA_N200_th0_bL3_sL0_sl35_rec10,sl35_rec10,0.35,recovery_trigger,0.1,0.30696491075232046,0.8352259830700618,0.509435247599331,0.6025592304397187,1.1556616405890592,0.43537341454304695,74,7,27.428571428571427,56,0.011124386562130661,0.06016389305331071,5.408288602458227,SMA,200,0.0,3.0,0.0
11,SMA_N200_th0_bL3_sL0,35,11_SMA_N200_th0_bL3_sL0_sl35_rec15,sl35_rec15,0.35,recovery_trigger,0.15,0.2749636352812119,0.7871396043336434,0.5480837814438757,0.5016817585020411,1.085470054085773,0.4245068550188946,74,7,47.57142857142857,76,-0.020876888908977875,0.021515359208766016,1.0305826362621289,SMA,200,0.0,3.0,0.0
11,SMA_N200_th0_bL3_sL0,36,11_SMA_N200_th0_bL3_sL0_sl40_next,sl40_next,0.4,next_signal,,0.3158607312597981,0.8384522007279315,0.5695991406526412,0.5545316148087722,1.1582323024122032,0.44947602043029095,82,5,14.0,32,0.020020207069608276,5.551115123125783e-16,2.7727560977891516e-14,SMA,200,0.0,3.0,0.0
11,SMA_N200_th0_bL3_sL0,37,11_SMA_N200_th0_bL3_sL0_sl40_cool21,sl40_cool21,0.4,time_cooldown,21.0,0.33291525762617,0.8696608415931107,0.5408633772042385,0.6155256052776819,1.2058174489416327,0.4466031838118956,70,5,21.0,21,0.03707473343598022,0.02873576344840323,0.7750767378549995,SMA,200,0.0,3.0,0.0
11,SMA_N200_th0_bL3_sL0,38,11_SMA_N200_th0_bL3_sL0_sl40_cool63,sl40_cool63,0.4,time_cooldown,63.0,0.2633260557183539,0.7560003780208119,0.53294560860187,0.49409555397062693,1.0418030948674482,0.43739871606443265,64,5,63.0,63,-0.03251446847183592,0.03665353205077171,1.1272991309244698,SMA,200,0.0,3.0,0.0
11,SMA_N200_th0_bL3_sL0,39,11_SMA_N200_th0_bL3_sL0_sl40_cool126,sl40_cool126,0.4,time_cooldown,126.0,0.22440685260066107,0.6955872617561302,0.588241761312101,0.38148745526008043,0.9577968338176558,0.41858145136144675,62,5,126.0,126,-0.07143367158952874,-0.01864262065945932,-0.2609780548112284,SMA,200,0.0,3.0,0.0
11,SMA_N200_th0_bL3_sL0,40,11_SMA_N200_th0_bL3_sL0_sl40_rec5,sl40_rec5,0.4,recovery_trigger,0.05,0.3234950631319,0.8517730166016763,0.5507692734609577,0.5873513260808867,1.1769620115742387,0.44899774433554407,74,5,11.8,17,0.027654538941710216,0.018829867191684002,0.6808960811595264,SMA,200,0.0,3.0,0.0
11,SMA_N200_th0_bL3_sL0,41,11_SMA_N200_th0_bL3_sL0_sl40_rec10,sl40_rec10,0.4,recovery_trigger,0.1,0.3225002508393422,0.8522967809739612,0.5408633772042388,0.5962693434825794,1.18116252008813,0.44636264495071043,70,5,26.2,42,0.026659726649152393,0.028735763448402896,1.0778716461189413,SMA,200,0.0,3.0,0.0
11,SMA_N200_th0_bL3_sL0,42,11_SMA_N200_th0_bL3_sL0_sl40_rec15,sl40_rec15,0.4,recovery_trigger,0.15,0.29982786455110566,0.8139859792908358,0.5408633772042386,0.5543504648085756,1.1269310283300582,0.44579476592659234,70,5,37.8,51,0.003987340360915859,0.028735763448403118,7.206749574245714,SMA,200,0.0,3.0,0.0
12,SMA_N150_th0_bL1_sL0,0,12_SMA_N150_th0_bL1_sL0_baseline,baseline,,—,,0.13848273938598066,0.943413925884599,0.2234334897730807,0.6197940135412282,1.3168025993550825,0.14933436895981522,98,0,,0,0.0,0.0,0.0,SMA,150,0.0,1.0,0.0
12,SMA_N150_th0_bL1_sL0,1,12_SMA_N150_th0_bL1_sL0_sl15_next,sl15_next,0.15,next_signal,,0.12683513079681275,0.90763825287937,0.22244497842481242,0.5701865319458479,1.260515123210637,0.14284241919140123,96,4,61.0,194,-0.011647608589167913,0.0009885113482682728,0.0848681805111113,SMA,150,0.0,1.0,0.0
12,SMA_N150_th0_bL1_sL0,2,12_SMA_N150_th0_bL1_sL0_sl15_cool21,sl15_cool21,0.15,time_cooldown,21.0,0.13672370443548232,0.9469245529313188,0.24164035277536428,0.5658148685231582,1.3209642999220348,0.14674125133335145,100,4,21.0,21,-0.0017590349504983394,-0.01820686300228358,-10.35048393843768,SMA,150,0.0,1.0,0.0
12,SMA_N150_th0_bL1_sL0,3,12_SMA_N150_th0_bL1_sL0_sl15_cool63,sl15_cool63,0.15,time_cooldown,63.0,0.1143934949985621,0.8326675400427531,0.2883317126144185,0.396742675168509,1.1496287349164365,0.14227165524401203,96,4,63.0,63,-0.02408924438741855,-0.06489822284133778,-2.69407465828331,SMA,150,0.0,1.0,0.0
12,SMA_N150_th0_bL1_sL0,4,12_SMA_N150_th0_bL1_sL0_sl15_cool126,sl15_cool126,0.15,time_cooldown,126.0,0.10168970272223898,0.7736740509393865,0.240297089621421,0.42318324738117835,1.0679336470458276,0.1374141033651013,86,3,126.0,126,-0.036793036663741674,-0.016863599848340294,-0.45833672285492044,SMA,150,0.0,1.0,0.0
12,SMA_N150_th0_bL1_sL0,5,12_SMA_N150_th0_bL1_sL0_sl15_rec5,sl15_rec5,0.15,recovery_trigger,0.05,0.1266741805985181,0.8802722371922619,0.2640427558248576,0.47974874448948124,1.2224302303607448,0.14797009232641392,102,4,6.75,16,-0.011808558787462564,-0.04060926605177689,-3.4389688684865374,SMA,150,0.0,1.0,0.0
12,SMA_N150_th0_bL1_sL0,6,12_SMA_N150_th0_bL1_sL0_sl15_rec10,sl15_rec10,0.15,recovery_trigger,0.1,0.12393516677350513,0.8792043097424826,0.29359426078520773,0.42213075433438246,1.220503845946471,0.14486139198785097,96,4,44.25,71,-0.014547572612475523,-0.07016077101212703,-4.822850717511418,SMA,150,0.0,1.0,0.0
12,SMA_N150_th0_bL1_sL0,7,12_SMA_N150_th0_bL1_sL0_sl15_rec15,sl15_rec15,0.15,recovery_trigger,0.15,0.13105113862591833,0.9341669040059591,0.1856286373003808,0.7059855662995242,1.2974683050326892,0.14277463964790452,82,3,106.0,220,-0.007431600760062329,0.03780485247269991,5.087040288259892,SMA,150,0.0,1.0,0.0
12,SMA_N150_th0_bL1_sL0,8,12_SMA_N150_th0_bL1_sL0_sl20_next,sl20_next,0.2,next_signal,,0.13943801979690096,0.9495719670828707,0.22343348977308128,0.6240694711366411,1.3253620444729346,0.14923365854863793,96,2,15.5,22,0.0009552804109203006,-5.828670879282072e-16,-5.828670879282072e-13,SMA,150,0.0,1.0,0.0
12,SMA_N150_th0_bL1_sL0,9,12_SMA_N150_th0_bL1_sL0_sl20_cool21,sl20_cool21,0.2,time_cooldown,21.0,0.13721139929326664,0.9377277382187248,0.22343348977308075,0.6141039977159138,1.3070383116624937,0.14899466094880376,96,2,21.0,21,-0.0012713400927140128,-5.551115123125783e-17,-4.366349456718111e-14,SMA,150,0.0,1.0,0.0
12,SMA_N150_th0_bL1_sL0,10,12_SMA_N150_th0_bL1_sL0_sl20_cool63,sl20_cool63,0.2,time_cooldown,63.0,0.1220232478337937,0.8604854074520101,0.26191172641016086,0.4658945573238748,1.1926175176574263,0.14627478330565505,96,2,63.0,63,-0.016459491552186956,-0.038478236637080165,-2.337753661167474,SMA,150,0.0,1.0,0.0
12,SMA_N150_th0_bL1_sL0,11,12_SMA_N150_th0_bL1_sL0_sl20_cool126,sl20_cool126,0.2,time_cooldown,126.0,0.10958692071877674,0.8061543072160204,0.2607041602740777,0.4203497197880089,1.120769144163937,0.14143171477783403,96,2,126.0,126,-0.02889581866720392,-0.03727067050099703,-1.289829193982947,SMA,150,0.0,1.0,0.0
12,SMA_N150_th0_bL1_sL0,12,12_SMA_N150_th0_bL1_sL0_sl20_rec5,sl20_rec5,0.2,recovery_trigger,0.05,0.1372323575019534,0.9376572522419606,0.22343348977308097,0.6141977983753759,1.3069579858001479,0.14903135555682748,96,2,6.0,10,-0.001250381884027263,-2.7755575615628914e-16,-2.2197678941279142e-13,SMA,150,0.0,1.0,0.0
12,SMA_N150_th0_bL1_sL0,13,12_SMA_N150_th0_bL1_sL0_sl20_rec10,sl20_rec10,0.2,recovery_trigger,0.1,0.13418265511249117,0.923263176722474,0.23449881983367346,0.5722103642468859,1.2861557992482502,0.14833301756823505,96,2,44.0,77,-0.004300084273489491,-0.011065330060592765,-2.5732821397970698,SMA,150,0.0,1.0,0.0
12,SMA_N150_th0_bL1_sL0,14,12_SMA_N150_th0_bL1_sL0_sl20_rec15,sl20_rec15,0.2,recovery_trigger,0.15,0.1307566686298378,0.9050741041710966,0.24079526110245142,0.5430201077512262,1.260569720003646,0.14789939290308524,96,2,59.5,101,-0.007726070756142844,-0.017361771329370723,-2.24716701119605,SMA,150,0.0,1.0,0.0
12,SMA_N150_th0_bL1_sL0,15,12_SMA_N150_th0_bL1_sL0_sl25_next,sl25_next,0.25,next_signal,,0.13848273938598066,0.943413925884599,0.2234334897730807,0.6197940135412282,1.3168025993550825,0.14933436895981522,98,0,,0,0.0,0.0,0.0,SMA,150,0.0,1.0,0.0
12,SMA_N150_th0_bL1_sL0,16,12_SMA_N150_th0_bL1_sL0_sl25_cool21,sl25_cool21,0.25,time_cooldown,21.0,0.13848273938598066,0.943413925884599,0.2234334897730807,0.6197940135412282,1.3168025993550825,0.14933436895981522,98,0,,0,0.0,0.0,0.0,SMA,150,0.0,1.0,0.0
12,SMA_N150_th0_bL1_sL0,17,12_SMA_N150_th0_bL1_sL0_sl25_cool63,sl25_cool63,0.25,time_cooldown,63.0,0.13848273938598066,0.943413925884599,0.2234334897730807,0.6197940135412282,1.3168025993550825,0.14933436895981522,98,0,,0,0.0,0.0,0.0,SMA,150,0.0,1.0,0.0
12,SMA_N150_th0_bL1_sL0,18,12_SMA_N150_th0_bL1_sL0_sl25_cool126,sl25_cool126,0.25,time_cooldown,126.0,0.13848273938598066,0.943413925884599,0.2234334897730807,0.6197940135412282,1.3168025993550825,0.14933436895981522,98,0,,0,0.0,0.0,0.0,SMA,150,0.0,1.0,0.0
12,SMA_N150_th0_bL1_sL0,19,12_SMA_N150_th0_bL1_sL0_sl25_rec5,sl25_rec5,0.25,recovery_trigger,0.05,0.13848273938598066,0.943413925884599,0.2234334897730807,0.6197940135412282,1.3168025993550825,0.14933436895981522,98,0,,0,0.0,0.0,0.0,SMA,150,0.0,1.0,0.0
12,SMA_N150_th0_bL1_sL0,20,12_SMA_N150_th0_bL1_sL0_sl25_rec10,sl25_rec10,0.25,recovery_trigger,0.1,0.13848273938598066,0.943413925884599,0.2234334897730807,0.6197940135412282,1.3168025993550825,0.14933436895981522,98,0,,0,0.0,0.0,0.0,SMA,150,0.0,1.0,0.0
12,SMA_N150_th0_bL1_sL0,21,12_SMA_N150_th0_bL1_sL0_sl25_rec15,sl25_rec15,0.25,recovery_trigger,0.15,0.13848273938598066,0.943413925884599,0.2234334897730807,0.6197940135412282,1.3168025993550825,0.14933436895981522,98,0,,0,0.0,0.0,0.0,SMA,150,0.0,1.0,0.0
12,SMA_N150_th0_bL1_sL0,22,12_SMA_N150_th0_bL1_sL0_sl30_next,sl30_next,0.3,next_signal,,0.13848273938598066,0.943413925884599,0.2234334897730807,0.6197940135412282,1.3168025993550825,0.14933436895981522,98,0,,0,0.0,0.0,0.0,SMA,150,0.0,1.0,0.0
12,SMA_N150_th0_bL1_sL0,23,12_SMA_N150_th0_bL1_sL0_sl30_cool21,sl30_cool21,0.3,time_cooldown,21.0,0.13848273938598066,0.943413925884599,0.2234334897730807,0.6197940135412282,1.3168025993550825,0.14933436895981522,98,0,,0,0.0,0.0,0.0,SMA,150,0.0,1.0,0.0
12,SMA_N150_th0_bL1_sL0,24,12_SMA_N150_th0_bL1_sL0_sl30_cool63,sl30_cool63,0.3,time_cooldown,63.0,0.13848273938598066,0.943413925884599,0.2234334897730807,0.6197940135412282,1.3168025993550825,0.14933436895981522,98,0,,0,0.0,0.0,0.0,SMA,150,0.0,1.0,0.0
12,SMA_N150_th0_bL1_sL0,25,12_SMA_N150_th0_bL1_sL0_sl30_cool126,sl30_cool126,0.3,time_cooldown,126.0,0.13848273938598066,0.943413925884599,0.2234334897730807,0.6197940135412282,1.3168025993550825,0.14933436895981522,98,0,,0,0.0,0.0,0.0,SMA,150,0.0,1.0,0.0
12,SMA_N150_th0_bL1_sL0,26,12_SMA_N150_th0_bL1_sL0_sl30_rec5,sl30_rec5,0.3,recovery_trigger,0.05,0.13848273938598066,0.943413925884599,0.2234334897730807,0.6197940135412282,1.3168025993550825,0.14933436895981522,98,0,,0,0.0,0.0,0.0,SMA,150,0.0,1.0,0.0
12,SMA_N150_th0_bL1_sL0,27,12_SMA_N150_th0_bL1_sL0_sl30_rec10,sl30_rec10,0.3,recovery_trigger,0.1,0.13848273938598066,0.943413925884599,0.2234334897730807,0.6197940135412282,1.3168025993550825,0.14933436895981522,98,0,,0,0.0,0.0,0.0,SMA,150,0.0,1.0,0.0
12,SMA_N150_th0_bL1_sL0,28,12_SMA_N150_th0_bL1_sL0_sl30_rec15,sl30_rec15,0.3,recovery_trigger,0.15,0.13848273938598066,0.943413925884599,0.2234334897730807,0.6197940135412282,1.3168025993550825,0.14933436895981522,98,0,,0,0.0,0.0,0.0,SMA,150,0.0,1.0,0.0
12,SMA_N150_th0_bL1_sL0,29,12_SMA_N150_th0_bL1_sL0_sl35_next,sl35_next,0.35,next_signal,,0.13848273938598066,0.943413925884599,0.2234334897730807,0.6197940135412282,1.3168025993550825,0.14933436895981522,98,0,,0,0.0,0.0,0.0,SMA,150,0.0,1.0,0.0
12,SMA_N150_th0_bL1_sL0,30,12_SMA_N150_th0_bL1_sL0_sl35_cool21,sl35_cool21,0.35,time_cooldown,21.0,0.13848273938598066,0.943413925884599,0.2234334897730807,0.6197940135412282,1.3168025993550825,0.14933436895981522,98,0,,0,0.0,0.0,0.0,SMA,150,0.0,1.0,0.0
12,SMA_N150_th0_bL1_sL0,31,12_SMA_N150_th0_bL1_sL0_sl35_cool63,sl35_cool63,0.35,time_cooldown,63.0,0.13848273938598066,0.943413925884599,0.2234334897730807,0.6197940135412282,1.3168025993550825,0.14933436895981522,98,0,,0,0.0,0.0,0.0,SMA,150,0.0,1.0,0.0
12,SMA_N150_th0_bL1_sL0,32,12_SMA_N150_th0_bL1_sL0_sl35_cool126,sl35_cool126,0.35,time_cooldown,126.0,0.13848273938598066,0.943413925884599,0.2234334897730807,0.6197940135412282,1.3168025993550825,0.14933436895981522,98,0,,0,0.0,0.0,0.0,SMA,150,0.0,1.0,0.0
12,SMA_N150_th0_bL1_sL0,33,12_SMA_N150_th0_bL1_sL0_sl35_rec5,sl35_rec5,0.35,recovery_trigger,0.05,0.13848273938598066,0.943413925884599,0.2234334897730807,0.6197940135412282,1.3168025993550825,0.14933436895981522,98,0,,0,0.0,0.0,0.0,SMA,150,0.0,1.0,0.0
12,SMA_N150_th0_bL1_sL0,34,12_SMA_N150_th0_bL1_sL0_sl35_rec10,sl35_rec10,0.35,recovery_trigger,0.1,0.13848273938598066,0.943413925884599,0.2234334897730807,0.6197940135412282,1.3168025993550825,0.14933436895981522,98,0,,0,0.0,0.0,0.0,SMA,150,0.0,1.0,0.0
12,SMA_N150_th0_bL1_sL0,35,12_SMA_N150_th0_bL1_sL0_sl35_rec15,sl35_rec15,0.35,recovery_trigger,0.15,0.13848273938598066,0.943413925884599,0.2234334897730807,0.6197940135412282,1.3168025993550825,0.14933436895981522,98,0,,0,0.0,0.0,0.0,SMA,150,0.0,1.0,0.0
12,SMA_N150_th0_bL1_sL0,36,12_SMA_N150_th0_bL1_sL0_sl40_next,sl40_next,0.4,next_signal,,0.13848273938598066,0.943413925884599,0.2234334897730807,0.6197940135412282,1.3168025993550825,0.14933436895981522,98,0,,0,0.0,0.0,0.0,SMA,150,0.0,1.0,0.0
12,SMA_N150_th0_bL1_sL0,37,12_SMA_N150_th0_bL1_sL0_sl40_cool21,sl40_cool21,0.4,time_cooldown,21.0,0.13848273938598066,0.943413925884599,0.2234334897730807,0.6197940135412282,1.3168025993550825,0.14933436895981522,98,0,,0,0.0,0.0,0.0,SMA,150,0.0,1.0,0.0
12,SMA_N150_th0_bL1_sL0,38,12_SMA_N150_th0_bL1_sL0_sl40_cool63,sl40_cool63,0.4,time_cooldown,63.0,0.13848273938598066,0.943413925884599,0.2234334897730807,0.6197940135412282,1.3168025993550825,0.14933436895981522,98,0,,0,0.0,0.0,0.0,SMA,150,0.0,1.0,0.0
12,SMA_N150_th0_bL1_sL0,39,12_SMA_N150_th0_bL1_sL0_sl40_cool126,sl40_cool126,0.4,time_cooldown,126.0,0.13848273938598066,0.943413925884599,0.2234334897730807,0.6197940135412282,1.3168025993550825,0.14933436895981522,98,0,,0,0.0,0.0,0.0,SMA,150,0.0,1.0,0.0
12,SMA_N150_th0_bL1_sL0,40,12_SMA_N150_th0_bL1_sL0_sl40_rec5,sl40_rec5,0.4,recovery_trigger,0.05,0.13848273938598066,0.943413925884599,0.2234334897730807,0.6197940135412282,1.3168025993550825,0.14933436895981522,98,0,,0,0.0,0.0,0.0,SMA,150,0.0,1.0,0.0
12,SMA_N150_th0_bL1_sL0,41,12_SMA_N150_th0_bL1_sL0_sl40_rec10,sl40_rec10,0.4,recovery_trigger,0.1,0.13848273938598066,0.943413925884599,0.2234334897730807,0.6197940135412282,1.3168025993550825,0.14933436895981522,98,0,,0,0.0,0.0,0.0,SMA,150,0.0,1.0,0.0
12,SMA_N150_th0_bL1_sL0,42,12_SMA_N150_th0_bL1_sL0_sl40_rec15,sl40_rec15,0.4,recovery_trigger,0.15,0.13848273938598066,0.943413925884599,0.2234334897730807,0.6197940135412282,1.3168025993550825,0.14933436895981522,98,0,,0,0.0,0.0,0.0,SMA,150,0.0,1.0,0.0
13,EMA_N100_th0_bL3_sL0,0,13_EMA_N100_th0_bL3_sL0_baseline,baseline,,—,,0.26545063448864314,0.7664073952950481,0.474061473834298,0.5599498148238639,1.0589837818594552,0.4281978449608777,179,0,,0,0.0,0.0,0.0,EMA,100,0.0,3.0,0.0
13,EMA_N100_th0_bL3_sL0,1,13_EMA_N100_th0_bL3_sL0_sl15_next,sl15_next,0.15,next_signal,,0.23757584570262336,0.7783249261343556,0.5438242242169283,0.4368614620739214,1.0897093305013765,0.35612587432262255,169,41,33.41463414634146,199,-0.02787478878601979,-0.06976275038263036,-2.5027185288528138,EMA,100,0.0,3.0,0.0
13,EMA_N100_th0_bL3_sL0,2,13_EMA_N100_th0_bL3_sL0_sl15_cool21,sl15_cool21,0.15,time_cooldown,21.0,0.2558147907711774,0.8096285622193482,0.451857302039674,0.5661406590453115,1.1226457903248799,0.3641476692236993,137,41,21.0,21,-0.00963584371746573,0.022204171794623973,2.304330834504627,EMA,100,0.0,3.0,0.0
13,EMA_N100_th0_bL3_sL0,3,13_EMA_N100_th0_bL3_sL0_sl15_cool63,sl15_cool63,0.15,time_cooldown,63.0,0.19818755712918845,0.7323466400563892,0.3617242556530917,0.5478967861067586,1.0224791671885178,0.315616249631461,90,29,63.0,63,-0.06726307735945469,0.11233721818120629,1.6701171369379197,EMA,100,0.0,3.0,0.0
13,EMA_N100_th0_bL3_sL0,4,13_EMA_N100_th0_bL3_sL0_sl15_cool126,sl15_cool126,0.15,time_cooldown,126.0,0.08568048201394074,0.4549107220412763,0.5612940225294936,0.15264812838700523,0.6267537854167742,0.25033298207193927,66,20,126.0,126,-0.1797701524747024,-0.08723254869519559,-0.4852448946299421,EMA,100,0.0,3.0,0.0
13,EMA_N100_th0_bL3_sL0,5,13_EMA_N100_th0_bL3_sL0_sl15_rec5,sl15_rec5,0.15,recovery_trigger,0.05,0.23708346458429808,0.752076128798495,0.5372692425537634,0.44127496198625893,1.0405455045676373,0.37986670678270335,149,47,13.957446808510639,38,-0.02836716990434507,-0.06320776871946543,-2.2282014361180154,EMA,100,0.0,3.0,0.0
13,EMA_N100_th0_bL3_sL0,6,13_EMA_N100_th0_bL3_sL0_sl15_rec10,sl15_rec10,0.15,recovery_trigger,0.1,0.20754180626096796,0.7287056654517317,0.48263489301647,0.43001823793516225,1.0124131107275178,0.33801089175091575,91,34,44.55882352941177,99,-0.05790882822767518,-0.008573419182172026,-0.14805029638079792,EMA,100,0.0,3.0,0.0
13,EMA_N100_th0_bL3_sL0,7,13_EMA_N100_th0_bL3_sL0_sl15_rec15,sl15_rec15,0.15,recovery_trigger,0.15,0.12574422973297872,0.5477266316728456,0.6235128734412168,0.20167062315648174,0.7573474742569654,0.29835761316466003,67,26,84.23076923076923,215,-0.13970640475566443,-0.14945139960691878,-1.0697533865272504,EMA,100,0.0,3.0,0.0
13,EMA_N100_th0_bL3_sL0,8,13_EMA_N100_th0_bL3_sL0_sl20_next,sl20_next,0.2,next_signal,,0.23108991165212678,0.7334477945300253,0.5046297983820458,0.4579394883002389,1.0073942647112601,0.3865895799505643,171,27,28.925925925925927,139,-0.034360722836516366,-0.030568324547747827,-0.8896298454833953,EMA,100,0.0,3.0,0.0
13,EMA_N100_th0_bL3_sL0,9,13_EMA_N100_th0_bL3_sL0_sl20_cool21,sl20_cool21,0.2,time_cooldown,21.0,0.1963140309327256,0.6578812630057077,0.549041256628775,0.3575578857919233,0.9027959239078086,0.3885413458062598,143,29,21.0,21,-0.06913660355591755,-0.07497978279447703,-1.0845164346818619,EMA,100,0.0,3.0,0.0
13,EMA_N100_th0_bL3_sL0,10,13_EMA_N100_th0_bL3_sL0_sl20_cool63,sl20_cool63,0.2,time_cooldown,63.0,0.19265145391721905,0.69275725524866,0.5290877299506676,0.36412005611088727,0.9502630554015653,0.3376651124344461,105,21,63.0,63,-0.0727991805714241,-0.055026256116369576,-0.7558636743497779,EMA,100,0.0,3.0,0.0
13,EMA_N100_th0_bL3_sL0,11,13_EMA_N100_th0_bL3_sL0_sl20_cool126,sl20_cool126,0.2,time_cooldown,126.0,0.07329623752366388,0.3876465130209264,0.5997757547334912,0.12220606942711926,0.5254352139465297,0.30022959293003537,84,17,126.0,126,-0.19215439696497927,-0.12571428089919323,-0.654235775422329,EMA,100,0.0,3.0,0.0
13,EMA_N100_th0_bL3_sL0,12,13_EMA_N100_th0_bL3_sL0_sl20_rec5,sl20_rec5,0.2,recovery_trigger,0.05,0.2461617286005311,0.7503600012592316,0.4450108184042722,0.5531589759620277,1.033672461849271,0.4025133773590069,147,30,12.7,29,-0.01928890588811205,0.029050655430025774,1.506081039460615,EMA,100,0.0,3.0,0.0
13,EMA_N100_th0_bL3_sL0,13,13_EMA_N100_th0_bL3_sL0_sl20_rec10,sl20_rec10,0.2,recovery_trigger,0.1,0.1479883930732686,0.5593180388431916,0.7013514227155431,0.21100462375947918,0.7643765936019288,0.371777074494472,113,27,39.18518518518518,96,-0.11746224141537454,-0.2272899488812451,-1.9350043566552895,EMA,100,0.0,3.0,0.0
13,EMA_N100_th0_bL3_sL0,14,13_EMA_N100_th0_bL3_sL0_sl20_rec15,sl20_rec15,0.2,recovery_trigger,0.15,0.116959774047116,0.4973413312392466,0.5796338379699343,0.2017821707178916,0.6801427542891928,0.3399678108063032,91,21,75.19047619047619,148,-0.14849086044152715,-0.10557236413563631,-0.7109687681903404,EMA,100,0.0,3.0,0.0
13,EMA_N100_th0_bL3_sL0,15,13_EMA_N100_th0_bL3_sL0_sl25_next,sl25_next,0.25,next_signal,,0.21999010764344495,0.7096980766280011,0.5232828328921411,0.42040383099819606,0.9794070684343872,0.38676701352676024,171,15,41.8,189,-0.04546052684519819,-0.049221359057843084,-1.0827274225274874,EMA,100,0.0,3.0,0.0
13,EMA_N100_th0_bL3_sL0,16,13_EMA_N100_th0_bL3_sL0_sl25_cool21,sl25_cool21,0.25,time_cooldown,21.0,0.2540253508784842,0.7683224775004616,0.5271847898556469,0.48185257952537125,1.064727611209449,0.39974448501358856,145,18,21.0,21,-0.011425283610158932,-0.0531233160213489,-4.649627775901655,EMA,100,0.0,3.0,0.0
13,EMA_N100_th0_bL3_sL0,17,13_EMA_N100_th0_bL3_sL0_sl25_cool63,sl25_cool63,0.25,time_cooldown,63.0,0.182765275660979,0.65059630309735,0.4991391711618891,0.3661609551411094,0.8915292116948961,0.3573802333499942,124,15,63.0,63,-0.08268535882766415,-0.02507769732759113,-0.3032906633429382,EMA,100,0.0,3.0,0.0
13,EMA_N100_th0_bL3_sL0,18,13_EMA_N100_th0_bL3_sL0_sl25_cool126,sl25_cool126,0.25,time_cooldown,126.0,0.0850991608158076,0.42002970315125365,0.660618517237819,0.12881740156425614,0.5649510598406324,0.3116450840182442,100,12,126.0,126,-0.18035147367283555,-0.18655704340352097,-1.0344082008553064,EMA,100,0.0,3.0,0.0
13,EMA_N100_th0_bL3_sL0,19,13_EMA_N100_th0_bL3_sL0_sl25_rec5,sl25_rec5,0.25,recovery_trigger,0.05,0.2886547992380042,0.8258816578584217,0.50557255769318,0.5709463356853755,1.1453084410574148,0.4099655562450385,151,18,13.666666666666666,28,0.023204164749361045,-0.031511083858882016,-1.3579925931076537,EMA,100,0.0,3.0,0.0
13,EMA_N100_th0_bL3_sL0,20,13_EMA_N100_th0_bL3_sL0_sl25_rec10,sl25_rec10,0.25,recovery_trigger,0.1,0.1803403639881127,0.6197857660820264,0.5911622260086731,0.3050607025514971,0.8511034848544874,0.3944527697232916,141,18,32.0,74,-0.08511027050053044,-0.1171007521743751,-1.375870990489277,EMA,100,0.0,3.0,0.0
13,EMA_N100_th0_bL3_sL0,21,13_EMA_N100_th0_bL3_sL0_sl25_rec15,sl25_rec15,0.25,recovery_trigger,0.15,0.14587516261959776,0.5590251578994142,0.5806817759714602,0.25121360555108474,0.764001938362297,0.3626012291034546,117,15,66.6,211,-0.11957547186904538,-0.10662030213716223,-0.8916569633438606,EMA,100,0.0,3.0,0.0
13,EMA_N100_th0_bL3_sL0,22,13_EMA_N100_th0_bL3_sL0_sl30_next,sl30_next,0.3,next_signal,,0.2465970996879321,0.7459869563812072,0.47406147383429803,0.5201795828153014,1.0273832543060857,0.4089281783909358,177,12,24.583333333333332,123,-0.018853534800711058,-5.551115123125783e-17,-2.944336529888508e-15,EMA,100,0.0,3.0,0.0
13,EMA_N100_th0_bL3_sL0,23,13_EMA_N100_th0_bL3_sL0_sl30_cool21,sl30_cool21,0.3,time_cooldown,21.0,0.22463110233847994,0.701626684411371,0.5156189255307823,0.43565333081450197,0.9655829277013255,0.4100423102064935,163,13,21.0,21,-0.04081953215016321,-0.04155745169648428,-1.018077609111405,EMA,100,0.0,3.0,0.0
13,EMA_N100_th0_bL3_sL0,24,13_EMA_N100_th0_bL3_sL0_sl30_cool63,sl30_cool63,0.3,time_cooldown,63.0,0.1583704026030779,0.5799783924210419,0.48361572669596464,0.3274715726989599,0.7894959719638206,0.37884295762804043,144,12,63.0,63,-0.10708023188556526,-0.009554252861666668,-0.08922517904030249,EMA,100,0.0,3.0,0.0
13,EMA_N100_th0_bL3_sL0,25,13_EMA_N100_th0_bL3_sL0_sl30_cool126,sl30_cool126,0.3,time_cooldown,126.0,0.07299149241348801,0.37957098266732536,0.7292741883492899,0.10008785938071393,0.5115904561975961,0.33913124103510955,122,11,126.0,126,-0.19245914207515513,-0.25521271451499195,-1.3260617903790282,EMA,100,0.0,3.0,0.0
13,EMA_N100_th0_bL3_sL0,26,13_EMA_N100_th0_bL3_sL0_sl30_rec5,sl30_rec5,0.3,recovery_trigger,0.05,0.24703491791639998,0.7382234002139682,0.47699895258523245,0.5178940468894606,1.0167398121984377,0.4198980294188662,169,13,12.615384615384615,31,-0.018415716572243168,-0.0029374787509344746,-0.15950933754931634,EMA,100,0.0,3.0,0.0
13,EMA_N100_th0_bL3_sL0,27,13_EMA_N100_th0_bL3_sL0_sl30_rec10,sl30_rec10,0.3,recovery_trigger,0.1,0.1861521755933606,0.624975403343426,0.563320180939413,0.33045536427068267,0.8567911465002207,0.4077523562679092,157,13,31.153846153846153,70,-0.07929845889528253,-0.08925870710511508,-1.1256045621641342,EMA,100,0.0,3.0,0.0
13,EMA_N100_th0_bL3_sL0,28,13_EMA_N100_th0_bL3_sL0_sl30_rec15,sl30_rec15,0.3,recovery_trigger,0.15,0.1581297264288426,0.5753305223548997,0.5013477104917795,0.3154092920335285,0.7849913030322075,0.386934891561675,143,12,64.75,203,-0.10732090805980055,-0.027286236657481533,-0.2542490289243295,EMA,100,0.0,3.0,0.0
13,EMA_N100_th0_bL3_sL0,29,13_EMA_N100_th0_bL3_sL0_sl35_next,sl35_next,0.35,next_signal,,0.23869796629392814,0.7291146369918575,0.474061473834298,0.5035169054411748,1.003405389237733,0.41064250166271016,177,10,27.2,112,-0.026752668194715,0.0,0.0,EMA,100,0.0,3.0,0.0
13,EMA_N100_th0_bL3_sL0,30,13_EMA_N100_th0_bL3_sL0_sl35_cool21,sl35_cool21,0.35,time_cooldown,21.0,0.23055905368685936,0.7078372693135075,0.464937275921206,0.4958928131327821,0.9730293487561626,0.4180205358439945,169,10,21.0,21,-0.034891580801783784,0.009124197913091991,0.2615014196383309,EMA,100,0.0,3.0,0.0
13,EMA_N100_th0_bL3_sL0,31,13_EMA_N100_th0_bL3_sL0_sl35_cool63,sl35_cool63,0.35,time_cooldown,63.0,0.09821000946392866,0.437373558853925,0.574364309404778,0.17098905321207214,0.5918897778137517,0.3939915827596092,162,10,63.0,63,-0.16724062502471448,-0.10030283557048003,-0.5997516186970568,EMA,100,0.0,3.0,0.0
13,EMA_N100_th0_bL3_sL0,32,13_EMA_N100_th0_bL3_sL0_sl35_cool126,sl35_cool126,0.35,time_cooldown,126.0,0.13921664980301074,0.5395076483705892,0.665451492446287,0.20920630787261754,0.7338550151275924,0.37045101472384445,154,8,126.0,126,-0.1262339846856324,-0.191390018611989,-1.516152873480294,EMA,100,0.0,3.0,0.0
13,EMA_N100_th0_bL3_sL0,33,13_EMA_N100_th0_bL3_sL0_sl35_rec5,sl35_rec5,0.35,recovery_trigger,0.05,0.2311485189543543,0.7047938634258916,0.5304371142850761,0.4357698824787111,0.9694181518493346,0.4242607613153274,175,10,12.0,45,-0.03430211553428886,-0.05637564045077814,-1.6435033108795956,EMA,100,0.0,3.0,0.0
13,EMA_N100_th0_bL3_sL0,34,13_EMA_N100_th0_bL3_sL0_sl35_rec10,sl35_rec10,0.35,recovery_trigger,0.1,0.19283531041707214,0.6351451608670526,0.509435247599331,0.37852761725026224,0.871276675360457,0.4144700198544519,163,10,32.6,67,-0.07261532407157101,-0.035373773765033034,-0.4871392397859161,EMA,100,0.0,3.0,0.0
13,EMA_N100_th0_bL3_sL0,35,13_EMA_N100_th0_bL3_sL0_sl35_rec15,sl35_rec15,0.35,recovery_trigger,0.15,0.11713254844002252,0.4796128639514646,0.5555235044482635,0.21085075159215194,0.6520495904918089,0.39903718203116684,159,10,61.6,124,-0.14831808604862062,-0.08146203061396551,-0.5492386854780554,EMA,100,0.0,3.0,0.0
13,EMA_N100_th0_bL3_sL0,36,13_EMA_N100_th0_bL3_sL0_sl40_next,sl40_next,0.4,next_signal,,0.22629347993465032,0.7004438426203269,0.530713555529035,0.42639476150005734,0.9688335645699137,0.4162338579780092,173,4,64.5,117,-0.03915715455399282,-0.05665208169473701,-1.4467874987346405,EMA,100,0.0,3.0,0.0
13,EMA_N100_th0_bL3_sL0,37,13_EMA_N100_th0_bL3_sL0_sl40_cool21,sl40_cool21,0.4,time_cooldown,21.0,0.23651926324494266,0.7145654883305373,0.5147953959784037,0.45944323724073266,0.9856456569295776,0.42487402480576636,175,5,21.0,21,-0.028931371243700488,-0.04073392214410576,-1.4079499309240366,EMA,100,0.0,3.0,0.0
13,EMA_N100_th0_bL3_sL0,38,13_EMA_N100_th0_bL3_sL0_sl40_cool63,sl40_cool63,0.4,time_cooldown,63.0,0.1463325680805232,0.5407524707131349,0.6687663372561684,0.218809709652702,0.736944612786705,0.4096818899322878,175,5,63.0,63,-0.11911806640811995,-0.19470486342187043,-1.6345535928595123,EMA,100,0.0,3.0,0.0
13,EMA_N100_th0_bL3_sL0,39,13_EMA_N100_th0_bL3_sL0_sl40_cool126,sl40_cool126,0.4,time_cooldown,126.0,0.18775312349367645,0.6329527721608988,0.5551984511774242,0.33817299579187116,0.869480244739677,0.39912569866101194,163,4,126.0,126,-0.07769751099496669,-0.0811369773431262,-1.0442673942075482,EMA,100,0.0,3.0,0.0
13,EMA_N100_th0_bL3_sL0,40,13_EMA_N100_th0_bL3_sL0_sl40_rec5,sl40_rec5,0.4,recovery_trigger,0.05,0.2514161727110411,0.7423458710742109,0.4720379398950992,0.5326185703778668,1.0250433205176457,0.4254414983176628,175,5,14.6,25,-0.014034461777602036,0.002023533939198796,0.1441832235011824,EMA,100,0.0,3.0,0.0
13,EMA_N100_th0_bL3_sL0,41,13_EMA_N100_th0_bL3_sL0_sl40_rec10,sl40_rec10,0.4,recovery_trigger,0.1,0.21752808311913086,0.6786931948655912,0.5816513299001426,0.3739836426686687,0.9346823234847897,0.4239211970302572,175,5,29.0,38,-0.04792255136951229,-0.10758985606584459,-2.245077797220368,EMA,100,0.0,3.0,0.0
13,EMA_N100_th0_bL3_sL0,42,13_EMA_N100_th0_bL3_sL0_sl40_rec15,sl40_rec15,0.4,recovery_trigger,0.15,0.17996208240361566,0.6062205496515933,0.6782950507524584,0.26531534057926104,0.832355740904815,0.4204748599995817,175,5,46.0,73,-0.08548855208502748,-0.20423357691816046,-2.389016680444282,EMA,100,0.0,3.0,0.0
14,EMA_N150_th2_bL3_sL0,0,14_EMA_N150_th2_bL3_sL0_baseline,baseline,,—,,0.29178895700409346,0.7985804216691762,0.5893462905806484,0.4951061229495666,1.1025403215509475,0.44777572825926987,40,0,,0,0.0,0.0,0.0,EMA,150,0.02,3.0,0.0
14,EMA_N150_th2_bL3_sL0,1,14_EMA_N150_th2_bL3_sL0_sl15_next,sl15_next,0.15,next_signal,,0.1964410726020449,0.7864226079325243,0.4470538595352795,0.4394125414916425,1.118194600254108,0.27739700686817254,40,19,128.52631578947367,585,-0.09534788440204855,0.14229243104536887,1.492350165268184,EMA,150,0.02,3.0,0.0
14,EMA_N150_th2_bL3_sL0,2,14_EMA_N150_th2_bL3_sL0_sl15_cool21,sl15_cool21,0.15,time_cooldown,21.0,0.2485004345752979,0.7906322016543411,0.5489070622555927,0.4527185960299894,1.091337854159973,0.3668144750767762,88,41,21.0,21,-0.04328852242879555,0.04043922832505564,0.9341789937869407,EMA,150,0.02,3.0,0.0
14,EMA_N150_th2_bL3_sL0,3,14_EMA_N150_th2_bL3_sL0_sl15_cool63,sl15_cool63,0.15,time_cooldown,63.0,0.2287527673200329,0.8093725795490456,0.4616664028350961,0.49549364197884194,1.1242577630667028,0.31755298782033387,55,27,63.0,63,-0.06303618968406055,0.12767988774555228,2.025501357006,EMA,150,0.02,3.0,0.0
14,EMA_N150_th2_bL3_sL0,4,14_EMA_N150_th2_bL3_sL0_sl15_cool126,sl15_cool126,0.15,time_cooldown,126.0,0.10864934806149429,0.5353187842937794,0.48170228076510524,0.22555290352564364,0.7437569215684962,0.25310181922321445,41,20,126.0,126,-0.18313960894259917,0.10764400981554312,0.5877702286089386,EMA,150,0.02,3.0,0.0
14,EMA_N150_th2_bL3_sL0,5,14_EMA_N150_th2_bL3_sL0_sl15_rec5,sl15_rec5,0.15,recovery_trigger,0.05,0.27019136412701106,0.8151532975605555,0.5354571576795804,0.5045994067908129,1.1266376210741615,0.38599484256300953,86,42,14.571428571428571,40,-0.021597592877082405,0.053889132901068004,2.4951453251186493,EMA,150,0.02,3.0,0.0
14,EMA_N150_th2_bL3_sL0,6,14_EMA_N150_th2_bL3_sL0_sl15_rec10,sl15_rec10,0.15,recovery_trigger,0.1,0.1792569925662979,0.6592456633097868,0.6155927476156208,0.29119412673494793,0.9052184916853868,0.33756056906511134,68,34,43.85294117647059,99,-0.11253196443779556,-0.026246457034972415,-0.23323557147605561,EMA,150,0.02,3.0,0.0
14,EMA_N150_th2_bL3_sL0,7,14_EMA_N150_th2_bL3_sL0_sl15_rec15,sl15_rec15,0.15,recovery_trigger,0.15,0.12043404200574193,0.5331090356368533,0.5967899280305214,0.20180307399487915,0.7292260099234531,0.297113325269188,52,26,83.96153846153847,215,-0.17135491499835154,-0.007443637449873086,-0.043439882946717315,EMA,150,0.02,3.0,0.0
14,EMA_N150_th2_bL3_sL0,8,14_EMA_N150_th2_bL3_sL0_sl20_next,sl20_next,0.2,next_signal,,0.17889213802627357,0.6939665100978513,0.5568010339220107,0.32128557083701537,0.9637553888702884,0.3049257247803467,40,16,127.9375,392,-0.11289681897781989,0.03254525665863761,0.2882743460206046,EMA,150,0.02,3.0,0.0
14,EMA_N150_th2_bL3_sL0,9,14_EMA_N150_th2_bL3_sL0_sl20_cool21,sl20_cool21,0.2,time_cooldown,21.0,0.17621024799873042,0.6125568995997251,0.5709177669281256,0.30864383315104293,0.834832049448424,0.39198328712164665,67,31,21.0,21,-0.11557870900536305,0.018428523652522788,0.15944566097954663,EMA,150,0.02,3.0,0.0
14,EMA_N150_th2_bL3_sL0,10,14_EMA_N150_th2_bL3_sL0_sl20_cool63,sl20_cool63,0.2,time_cooldown,63.0,0.1524371317477351,0.5936700718352771,0.5414852518705062,0.28151668253411594,0.7996567136707492,0.3349789039143728,52,23,63.0,63,-0.13935182525635836,0.047861038710142134,0.34345469549533814,EMA,150,0.02,3.0,0.0
14,EMA_N150_th2_bL3_sL0,11,14_EMA_N150_th2_bL3_sL0_sl20_cool126,sl20_cool126,0.2,time_cooldown,126.0,0.027614456075672367,0.24125864715636364,0.7755705028013504,0.035605345969101865,0.3205209913144222,0.29028983602523445,41,17,126.0,126,-0.2641745009284211,-0.18622421222070207,-0.7049287935293955,EMA,150,0.02,3.0,0.0
14,EMA_N150_th2_bL3_sL0,12,14_EMA_N150_th2_bL3_sL0_sl20_rec5,sl20_rec5,0.2,recovery_trigger,0.05,0.2106343777394557,0.6731855495212559,0.6131828264812547,0.343509910328343,0.9178012621829928,0.41155443835842026,74,33,11.212121212121213,27,-0.08115457926463776,-0.023836535900606304,-0.29371769426439276,EMA,150,0.02,3.0,0.0
14,EMA_N150_th2_bL3_sL0,13,14_EMA_N150_th2_bL3_sL0_sl20_rec10,sl20_rec10,0.2,recovery_trigger,0.1,0.114921470148581,0.48135131036135326,0.7158391974241747,0.16054090159089685,0.6476964571159648,0.3712205992643538,64,29,38.275862068965516,96,-0.17686748685551246,-0.12649290684352632,-0.7151846226370684,EMA,150,0.02,3.0,0.0
14,EMA_N150_th2_bL3_sL0,14,14_EMA_N150_th2_bL3_sL0_sl20_rec15,sl20_rec15,0.2,recovery_trigger,0.15,0.0823122831000973,0.40584463647892016,0.6098834887467058,0.13496394740780215,0.545115288900186,0.3360785091085491,50,23,73.17391304347827,148,-0.20947667390399616,-0.02053719816605748,-0.09804050151889343,EMA,150,0.02,3.0,0.0
14,EMA_N150_th2_bL3_sL0,15,14_EMA_N150_th2_bL3_sL0_sl25_next,sl25_next,0.25,next_signal,,0.2939318531784667,0.8681962393135823,0.560862305758732,0.524071327597666,1.2104444894200839,0.381629026190439,40,15,71.06666666666666,392,0.0021428961743732433,0.028483984821916386,13.292284135159939,EMA,150,0.02,3.0,0.0
14,EMA_N150_th2_bL3_sL0,16,14_EMA_N150_th2_bL3_sL0_sl25_cool21,sl25_cool21,0.25,time_cooldown,21.0,0.28038049070637183,0.8044495691320971,0.5420026305633016,0.5173046677189985,1.115074435131547,0.4160072012755262,47,19,21.0,21,-0.011408466297721631,0.0473436600173468,4.149870699692713,EMA,150,0.02,3.0,0.0
14,EMA_N150_th2_bL3_sL0,17,14_EMA_N150_th2_bL3_sL0_sl25_cool63,sl25_cool63,0.25,time_cooldown,63.0,0.15077244624746133,0.5692456595735634,0.6540954565224014,0.23050526455124168,0.7701221932365729,0.36589604658209157,43,18,63.0,63,-0.14101651075663213,-0.06474916594175306,-0.45916017631082856,EMA,150,0.02,3.0,0.0
14,EMA_N150_th2_bL3_sL0,18,14_EMA_N150_th2_bL3_sL0_sl25_cool126,sl25_cool126,0.25,time_cooldown,126.0,0.09714265119859355,0.4521036181466664,0.6809807052493391,0.14265110663161162,0.6089127554276704,0.31948119578246886,33,14,126.0,126,-0.1946463058054999,-0.09163441466869071,-0.4707739727681053,EMA,150,0.02,3.0,0.0
14,EMA_N150_th2_bL3_sL0,19,14_EMA_N150_th2_bL3_sL0_sl25_rec5,sl25_rec5,0.25,recovery_trigger,0.05,0.29981066033679116,0.8279869736131247,0.5420026305633014,0.5531535151871846,1.1448549882937766,0.42956915112337773,50,20,11.3,27,0.008021703332697694,0.04734366001734691,5.901946014927638,EMA,150,0.02,3.0,0.0
14,EMA_N150_th2_bL3_sL0,20,14_EMA_N150_th2_bL3_sL0_sl25_rec10,sl25_rec10,0.25,recovery_trigger,0.1,0.24566595208559372,0.7434639887678546,0.5579973607377089,0.44026364526313766,1.023165658325217,0.40969072577825655,46,19,33.63157894736842,62,-0.046123004918499744,0.031348929842939466,0.6796809942963092,EMA,150,0.02,3.0,0.0
14,EMA_N150_th2_bL3_sL0,21,14_EMA_N150_th2_bL3_sL0_sl25_rec15,sl25_rec15,0.25,recovery_trigger,0.15,0.16317571119960883,0.5884213201553301,0.6455536307535772,0.25276863675776734,0.8018782451395866,0.3832977770825003,44,18,60.388888888888886,119,-0.12861324580448463,-0.05620734017292883,-0.4370260607400745,EMA,150,0.02,3.0,0.0
14,EMA_N150_th2_bL3_sL0,22,14_EMA_N150_th2_bL3_sL0_sl30_next,sl30_next,0.3,next_signal,,0.15042869734860242,0.5797589490291595,0.6070144960098998,0.24781730640276026,0.7878050202689689,0.3471680820312925,40,10,144.8,710,-0.14136025965549104,-0.017668205429251405,-0.12498707537967582,EMA,150,0.02,3.0,0.0
14,EMA_N150_th2_bL3_sL0,23,14_EMA_N150_th2_bL3_sL0_sl30_cool21,sl30_cool21,0.3,time_cooldown,21.0,0.23487208037618923,0.71419701245607,0.5795471255921415,0.4052683034812968,0.9773327809821558,0.42123411829286356,52,14,21.0,21,-0.056916876627904234,0.009799164988506859,0.172166246095498,EMA,150,0.02,3.0,0.0
14,EMA_N150_th2_bL3_sL0,24,14_EMA_N150_th2_bL3_sL0_sl30_cool63,sl30_cool63,0.3,time_cooldown,63.0,0.17583815544995907,0.6152191537673997,0.744927391017597,0.23604737531500616,0.8367767294468644,0.3861063161887763,42,12,63.0,63,-0.1159508015541344,-0.15558110043694862,-1.3417854672122458,EMA,150,0.02,3.0,0.0
14,EMA_N150_th2_bL3_sL0,25,14_EMA_N150_th2_bL3_sL0_sl30_cool126,sl30_cool126,0.3,time_cooldown,126.0,0.18089766286667341,0.6472328217558793,0.5046340587091761,0.3584729562832102,0.8839937683686468,0.35621234872758195,32,9,126.0,126,-0.11089129413742005,0.08471223187147225,0.7639213928416612,EMA,150,0.02,3.0,0.0
14,EMA_N150_th2_bL3_sL0,26,14_EMA_N150_th2_bL3_sL0_sl30_rec5,sl30_rec5,0.3,recovery_trigger,0.05,0.23077352927646433,0.6971237441308684,0.6422737154791031,0.3593071360616387,0.9499874067935359,0.43653589562862916,54,15,7.933333333333334,21,-0.061015427727629135,-0.0529274248984547,-0.867443315069772,EMA,150,0.02,3.0,0.0
14,EMA_N150_th2_bL3_sL0,27,14_EMA_N150_th2_bL3_sL0_sl30_rec10,sl30_rec10,0.3,recovery_trigger,0.1,0.20488636947864913,0.6611590518005448,0.6784750918600232,0.30198067981679044,0.8994532304573243,0.4121140825496537,48,13,34.53846153846154,97,-0.08690258752544433,-0.08912880127937484,-1.025617347162174,EMA,150,0.02,3.0,0.0
14,EMA_N150_th2_bL3_sL0,28,14_EMA_N150_th2_bL3_sL0_sl30_rec15,sl30_rec15,0.3,recovery_trigger,0.15,0.1301262100798961,0.5110967919210956,0.7554312022660875,0.17225421678314715,0.688277090340372,0.39144495855085787,46,13,60.23076923076923,114,-0.16166274692419735,-0.16608491168543915,-1.0273542596880116,EMA,150,0.02,3.0,0.0
14,EMA_N150_th2_bL3_sL0,29,14_EMA_N150_th2_bL3_sL0_sl35_next,sl35_next,0.35,next_signal,,0.21444890181289056,0.6957941199742348,0.6010892775890694,0.35676713893987827,0.9488150309273932,0.39016858054350945,40,8,99.25,381,-0.0773400551912029,-0.011742987008421024,-0.1518357722837097,EMA,150,0.02,3.0,0.0
14,EMA_N150_th2_bL3_sL0,30,14_EMA_N150_th2_bL3_sL0_sl35_cool21,sl35_cool21,0.35,time_cooldown,21.0,0.27987625866380794,0.7896164057751516,0.664328069980649,0.42129223693943924,1.0881360555254591,0.4323512232897861,46,9,21.0,21,-0.011912698340285521,-0.07498177940000061,-6.294273325669008,EMA,150,0.02,3.0,0.0
14,EMA_N150_th2_bL3_sL0,31,14_EMA_N150_th2_bL3_sL0_sl35_cool63,sl35_cool63,0.35,time_cooldown,63.0,0.24101739638604758,0.7310218062503282,0.6603749798602343,0.3649705148384906,1.003565327964723,0.4142618024816206,42,7,63.0,63,-0.050771560618045886,-0.07102868927958594,-1.398985739554754,EMA,150,0.02,3.0,0.0
14,EMA_N150_th2_bL3_sL0,32,14_EMA_N150_th2_bL3_sL0_sl35_cool126,sl35_cool126,0.35,time_cooldown,126.0,0.2326453013697296,0.7438700193936312,0.5405992063963674,0.43034710117416275,1.024372769739795,0.3788084673112467,32,7,126.0,126,-0.059143655634363856,0.048747084184280975,0.8242149333082105,EMA,150,0.02,3.0,0.0
14,EMA_N150_th2_bL3_sL0,33,14_EMA_N150_th2_bL3_sL0_sl35_rec5,sl35_rec5,0.35,recovery_trigger,0.05,0.2412640688753842,0.7138243543814097,0.6694697806638628,0.3603808205295552,0.9757651394999343,0.44082692058859824,50,10,11.3,28,-0.050524888128709255,-0.0801234900832144,-1.5858222165500773,EMA,150,0.02,3.0,0.0
14,EMA_N150_th2_bL3_sL0,34,14_EMA_N150_th2_bL3_sL0_sl35_rec10,sl35_rec10,0.35,recovery_trigger,0.1,0.22959864959589638,0.6977334651583524,0.7659374885656267,0.2997616032946323,0.9568695799036623,0.4310286117914063,46,9,34.22222222222222,74,-0.06219030740819709,-0.17659119798497835,-2.8395292666088747,EMA,150,0.02,3.0,0.0
14,EMA_N150_th2_bL3_sL0,35,14_EMA_N150_th2_bL3_sL0_sl35_rec15,sl35_rec15,0.35,recovery_trigger,0.15,0.2568048661035178,0.7599892394332951,0.5550192910439039,0.4626953877954554,1.0434867010823656,0.41621817325055355,40,7,77.14285714285714,211,-0.03498409090057564,0.03432699953674445,0.9812174234940496,EMA,150,0.02,3.0,0.0
14,EMA_N150_th2_bL3_sL0,36,14_EMA_N150_th2_bL3_sL0_sl40_next,sl40_next,0.4,next_signal,,0.18344239624411185,0.6208778984023393,0.6707005903881221,0.27350862497072964,0.8544593994498549,0.40522966903982366,40,5,200.6,708,-0.10834656075998161,-0.08135429980747377,-0.7508710866023394,EMA,150,0.02,3.0,0.0
14,EMA_N150_th2_bL3_sL0,37,14_EMA_N150_th2_bL3_sL0_sl40_cool21,sl40_cool21,0.4,time_cooldown,21.0,0.2573314976896002,0.7410755752597813,0.6129946148026061,0.4197940593205129,1.0185896925808324,0.4434395149088654,46,6,21.0,21,-0.03445745931449329,-0.02364832422195773,-0.686304930555658,EMA,150,0.02,3.0,0.0
14,EMA_N150_th2_bL3_sL0,38,14_EMA_N150_th2_bL3_sL0_sl40_cool63,sl40_cool63,0.4,time_cooldown,63.0,0.23493440804951904,0.7101563608686432,0.5689637708350368,0.4129162876306144,0.97609629146058,0.42753347218474674,40,6,63.0,63,-0.056854548954574424,0.02038251974561156,0.35850288359330335,EMA,150,0.02,3.0,0.0
14,EMA_N150_th2_bL3_sL0,39,14_EMA_N150_th2_bL3_sL0_sl40_cool126,sl40_cool126,0.4,time_cooldown,126.0,0.18499624597749098,0.6249868373043896,0.6587539289921084,0.2808275409613643,0.8621426811647214,0.4030709898714644,36,6,126.0,126,-0.10679271102660248,-0.06940763841146003,-0.6499286116462604,EMA,150,0.02,3.0,0.0
14,EMA_N150_th2_bL3_sL0,40,14_EMA_N150_th2_bL3_sL0_sl40_rec5,sl40_rec5,0.4,recovery_trigger,0.05,0.2640962507168507,0.7518703668400506,0.5957797335366773,0.4432783390417097,1.0342821303138825,0.44532768661659516,46,6,10.0,22,-0.02769270628724274,-0.00643344295602899,-0.23231542953216883,EMA,150,0.02,3.0,0.0
14,EMA_N150_th2_bL3_sL0,41,14_EMA_N150_th2_bL3_sL0_sl40_rec10,sl40_rec10,0.4,recovery_trigger,0.1,0.254675208428506,0.7380007793946293,0.627362463911507,0.4059458814935243,1.0154414918711345,0.44075988809201916,44,6,40.833333333333336,71,-0.03711374857558747,-0.038016173330858605,-1.0243151066627834,EMA,150,0.02,3.0,0.0
14,EMA_N150_th2_bL3_sL0,42,14_EMA_N150_th2_bL3_sL0_sl40_rec15,sl40_rec15,0.4,recovery_trigger,0.15,0.21662277194948976,0.6710776807902931,0.6799933059214829,0.31856603596404026,0.9212425734495483,0.43504668804273317,44,6,58.833333333333336,95,-0.0751661850546037,-0.09064701534083452,-1.2059547158736994,EMA,150,0.02,3.0,0.0
15,EMA_N150_th5_bL1_sL0,0,15_EMA_N150_th5_bL1_sL0_baseline,baseline,,—,,0.1369997076987528,0.9156699081880719,0.23113488707455812,0.5927262190175568,1.2676842062755198,0.15306122401748395,16,0,,0,0.0,0.0,0.0,EMA,150,0.05,1.0,0.0
15,EMA_N150_th5_bL1_sL0,1,15_EMA_N150_th5_bL1_sL0_sl15_next,sl15_next,0.15,next_signal,,0.11029867483972655,0.8309572822570338,0.23113488707455812,0.4772047882332322,1.1456481082302465,0.1372996631519791,16,4,202.75,568,-0.026701032859026252,0.0,0.0,EMA,150,0.05,1.0,0.0
15,EMA_N150_th5_bL1_sL0,2,15_EMA_N150_th5_bL1_sL0_sl15_cool21,sl15_cool21,0.15,time_cooldown,21.0,0.1363623500166804,0.9178405438657211,0.2428903054506223,0.5614153671703533,1.2704511023874812,0.1518940276730774,20,4,21.0,21,-0.0006373576820724036,-0.01175541837606417,-11.755418376064169,EMA,150,0.05,1.0,0.0
15,EMA_N150_th5_bL1_sL0,3,15_EMA_N150_th5_bL1_sL0_sl15_cool63,sl15_cool63,0.15,time_cooldown,63.0,0.12848813192461495,0.8953799501178081,0.2260800645330371,0.5683302160674983,1.235521253396641,0.14714190031409183,18,4,63.0,63,-0.008511575774137858,0.005054822541521009,0.5938762311063388,EMA,150,0.05,1.0,0.0
15,EMA_N150_th5_bL1_sL0,4,15_EMA_N150_th5_bL1_sL0_sl15_cool126,sl15_cool126,0.15,time_cooldown,126.0,0.10239202162664762,0.7655188175244799,0.24029708962142082,0.4261059582034991,1.0505658783759688,0.14023215814430032,18,4,126.0,126,-0.03460768607210518,-0.009162202546862702,-0.26474473120720166,EMA,150,0.05,1.0,0.0
15,EMA_N150_th5_bL1_sL0,5,15_EMA_N150_th5_bL1_sL0_sl15_rec5,sl15_rec5,0.15,recovery_trigger,0.05,0.14111720046079967,0.9522431532407923,0.23113488707455812,0.6105404607971575,1.321012026907236,0.15058286747501354,18,4,23.75,63,0.00411749276204687,0.0,0.0,EMA,150,0.05,1.0,0.0
15,EMA_N150_th5_bL1_sL0,6,15_EMA_N150_th5_bL1_sL0_sl15_rec10,sl15_rec10,0.15,recovery_trigger,0.1,0.13783313556072319,0.9344904309151234,0.23113488707455812,0.5963320263126777,1.295045148508463,0.1503156569020944,18,4,37.0,80,0.0008334278619703817,0.0,0.0,EMA,150,0.05,1.0,0.0
15,EMA_N150_th5_bL1_sL0,7,15_EMA_N150_th5_bL1_sL0_sl15_rec15,sl15_rec15,0.15,recovery_trigger,0.15,0.13433902085463822,0.9173460254425407,0.23113488707455812,0.5812148159671973,1.2686029148452822,0.149665705796258,18,4,59.0,97,-0.0026606868441145792,0.0,0.0,EMA,150,0.05,1.0,0.0
15,EMA_N150_th5_bL1_sL0,8,15_EMA_N150_th5_bL1_sL0_sl20_next,sl20_next,0.2,next_signal,,0.056137346857485726,0.5261830068463833,0.2898211473216022,0.19369651723582648,0.7120023468678867,0.11681926278564403,16,2,844.0,986,-0.08086236084126708,-0.05868626024704407,-0.7257549697596052,EMA,150,0.05,1.0,0.0
15,EMA_N150_th5_bL1_sL0,9,15_EMA_N150_th5_bL1_sL0_sl20_cool21,sl20_cool21,0.2,time_cooldown,21.0,0.12826687673856618,0.8774584244381131,0.22333325558786488,0.5743294987615617,1.2084388012250942,0.15049578355687324,20,3,21.0,21,-0.008732830960186622,0.007801631486693245,0.8933679722258728,EMA,150,0.05,1.0,0.0
15,EMA_N150_th5_bL1_sL0,10,15_EMA_N150_th5_bL1_sL0_sl20_cool63,sl20_cool63,0.2,time_cooldown,63.0,0.10896101041152395,0.7716620226495642,0.25217481506036854,0.43208521987193527,1.0600773349267192,0.14833751755758742,20,3,63.0,63,-0.028038697287228853,-0.02103992798581042,-0.7503889274982025,EMA,150,0.05,1.0,0.0
15,EMA_N150_th5_bL1_sL0,11,15_EMA_N150_th5_bL1_sL0_sl20_cool126,sl20_cool126,0.2,time_cooldown,126.0,0.1050682564168095,0.7700223450802637,0.25467895586363865,0.4125517793981597,1.05777863488788,0.14308702832189885,20,3,126.0,126,-0.0319314512819433,-0.023544068789080524,-0.7373316227062408,EMA,150,0.05,1.0,0.0
15,EMA_N150_th5_bL1_sL0,12,15_EMA_N150_th5_bL1_sL0_sl20_rec5,sl20_rec5,0.2,recovery_trigger,0.05,0.13184942296270052,0.8914451352257607,0.2389712997715998,0.5517374809808436,1.230389935621747,0.1519351023886409,20,3,12.0,26,-0.00515028473605228,-0.00783641269704169,-1.5215494091397248,EMA,150,0.05,1.0,0.0
15,EMA_N150_th5_bL1_sL0,13,15_EMA_N150_th5_bL1_sL0_sl20_rec10,sl20_rec10,0.2,recovery_trigger,0.1,0.12605323297648185,0.8637497735642244,0.24084371069553526,0.5233818753765722,1.1892705856372137,0.15063420873852895,20,3,30.0,43,-0.010946474722270949,-0.009708823620977136,-0.8869361020150376,EMA,150,0.05,1.0,0.0
15,EMA_N150_th5_bL1_sL0,14,15_EMA_N150_th5_bL1_sL0_sl20_rec15,sl20_rec15,0.2,recovery_trigger,0.15,0.11993608023969138,0.8298549359131199,0.2201468728001382,0.5448002904341782,1.1410203423907999,0.15012990552057612,20,3,45.666666666666664,60,-0.017063627459061426,0.010988014274419922,0.6439436339536864,EMA,150,0.05,1.0,0.0
15,EMA_N150_th5_bL1_sL0,15,15_EMA_N150_th5_bL1_sL0_sl25_next,sl25_next,0.25,next_signal,,0.1369997076987528,0.9156699081880719,0.23113488707455812,0.5927262190175568,1.2676842062755198,0.15306122401748395,16,0,,0,0.0,0.0,0.0,EMA,150,0.05,1.0,0.0
15,EMA_N150_th5_bL1_sL0,16,15_EMA_N150_th5_bL1_sL0_sl25_cool21,sl25_cool21,0.25,time_cooldown,21.0,0.1369997076987528,0.9156699081880719,0.23113488707455812,0.5927262190175568,1.2676842062755198,0.15306122401748395,16,0,,0,0.0,0.0,0.0,EMA,150,0.05,1.0,0.0
15,EMA_N150_th5_bL1_sL0,17,15_EMA_N150_th5_bL1_sL0_sl25_cool63,sl25_cool63,0.25,time_cooldown,63.0,0.1369997076987528,0.9156699081880719,0.23113488707455812,0.5927262190175568,1.2676842062755198,0.15306122401748395,16,0,,0,0.0,0.0,0.0,EMA,150,0.05,1.0,0.0
15,EMA_N150_th5_bL1_sL0,18,15_EMA_N150_th5_bL1_sL0_sl25_cool126,sl25_cool126,0.25,time_cooldown,126.0,0.1369997076987528,0.9156699081880719,0.23113488707455812,0.5927262190175568,1.2676842062755198,0.15306122401748395,16,0,,0,0.0,0.0,0.0,EMA,150,0.05,1.0,0.0
15,EMA_N150_th5_bL1_sL0,19,15_EMA_N150_th5_bL1_sL0_sl25_rec5,sl25_rec5,0.25,recovery_trigger,0.05,0.1369997076987528,0.9156699081880719,0.23113488707455812,0.5927262190175568,1.2676842062755198,0.15306122401748395,16,0,,0,0.0,0.0,0.0,EMA,150,0.05,1.0,0.0
15,EMA_N150_th5_bL1_sL0,20,15_EMA_N150_th5_bL1_sL0_sl25_rec10,sl25_rec10,0.25,recovery_trigger,0.1,0.1369997076987528,0.9156699081880719,0.23113488707455812,0.5927262190175568,1.2676842062755198,0.15306122401748395,16,0,,0,0.0,0.0,0.0,EMA,150,0.05,1.0,0.0
15,EMA_N150_th5_bL1_sL0,21,15_EMA_N150_th5_bL1_sL0_sl25_rec15,sl25_rec15,0.25,recovery_trigger,0.15,0.1369997076987528,0.9156699081880719,0.23113488707455812,0.5927262190175568,1.2676842062755198,0.15306122401748395,16,0,,0,0.0,0.0,0.0,EMA,150,0.05,1.0,0.0
15,EMA_N150_th5_bL1_sL0,22,15_EMA_N150_th5_bL1_sL0_sl30_next,sl30_next,0.3,next_signal,,0.1369997076987528,0.9156699081880719,0.23113488707455812,0.5927262190175568,1.2676842062755198,0.15306122401748395,16,0,,0,0.0,0.0,0.0,EMA,150,0.05,1.0,0.0
15,EMA_N150_th5_bL1_sL0,23,15_EMA_N150_th5_bL1_sL0_sl30_cool21,sl30_cool21,0.3,time_cooldown,21.0,0.1369997076987528,0.9156699081880719,0.23113488707455812,0.5927262190175568,1.2676842062755198,0.15306122401748395,16,0,,0,0.0,0.0,0.0,EMA,150,0.05,1.0,0.0
15,EMA_N150_th5_bL1_sL0,24,15_EMA_N150_th5_bL1_sL0_sl30_cool63,sl30_cool63,0.3,time_cooldown,63.0,0.1369997076987528,0.9156699081880719,0.23113488707455812,0.5927262190175568,1.2676842062755198,0.15306122401748395,16,0,,0,0.0,0.0,0.0,EMA,150,0.05,1.0,0.0
15,EMA_N150_th5_bL1_sL0,25,15_EMA_N150_th5_bL1_sL0_sl30_cool126,sl30_cool126,0.3,time_cooldown,126.0,0.1369997076987528,0.9156699081880719,0.23113488707455812,0.5927262190175568,1.2676842062755198,0.15306122401748395,16,0,,0,0.0,0.0,0.0,EMA,150,0.05,1.0,0.0
15,EMA_N150_th5_bL1_sL0,26,15_EMA_N150_th5_bL1_sL0_sl30_rec5,sl30_rec5,0.3,recovery_trigger,0.05,0.1369997076987528,0.9156699081880719,0.23113488707455812,0.5927262190175568,1.2676842062755198,0.15306122401748395,16,0,,0,0.0,0.0,0.0,EMA,150,0.05,1.0,0.0
15,EMA_N150_th5_bL1_sL0,27,15_EMA_N150_th5_bL1_sL0_sl30_rec10,sl30_rec10,0.3,recovery_trigger,0.1,0.1369997076987528,0.9156699081880719,0.23113488707455812,0.5927262190175568,1.2676842062755198,0.15306122401748395,16,0,,0,0.0,0.0,0.0,EMA,150,0.05,1.0,0.0
15,EMA_N150_th5_bL1_sL0,28,15_EMA_N150_th5_bL1_sL0_sl30_rec15,sl30_rec15,0.3,recovery_trigger,0.15,0.1369997076987528,0.9156699081880719,0.23113488707455812,0.5927262190175568,1.2676842062755198,0.15306122401748395,16,0,,0,0.0,0.0,0.0,EMA,150,0.05,1.0,0.0
15,EMA_N150_th5_bL1_sL0,29,15_EMA_N150_th5_bL1_sL0_sl35_next,sl35_next,0.35,next_signal,,0.1369997076987528,0.9156699081880719,0.23113488707455812,0.5927262190175568,1.2676842062755198,0.15306122401748395,16,0,,0,0.0,0.0,0.0,EMA,150,0.05,1.0,0.0
15,EMA_N150_th5_bL1_sL0,30,15_EMA_N150_th5_bL1_sL0_sl35_cool21,sl35_cool21,0.35,time_cooldown,21.0,0.1369997076987528,0.9156699081880719,0.23113488707455812,0.5927262190175568,1.2676842062755198,0.15306122401748395,16,0,,0,0.0,0.0,0.0,EMA,150,0.05,1.0,0.0
15,EMA_N150_th5_bL1_sL0,31,15_EMA_N150_th5_bL1_sL0_sl35_cool63,sl35_cool63,0.35,time_cooldown,63.0,0.1369997076987528,0.9156699081880719,0.23113488707455812,0.5927262190175568,1.2676842062755198,0.15306122401748395,16,0,,0,0.0,0.0,0.0,EMA,150,0.05,1.0,0.0
15,EMA_N150_th5_bL1_sL0,32,15_EMA_N150_th5_bL1_sL0_sl35_cool126,sl35_cool126,0.35,time_cooldown,126.0,0.1369997076987528,0.9156699081880719,0.23113488707455812,0.5927262190175568,1.2676842062755198,0.15306122401748395,16,0,,0,0.0,0.0,0.0,EMA,150,0.05,1.0,0.0
15,EMA_N150_th5_bL1_sL0,33,15_EMA_N150_th5_bL1_sL0_sl35_rec5,sl35_rec5,0.35,recovery_trigger,0.05,0.1369997076987528,0.9156699081880719,0.23113488707455812,0.5927262190175568,1.2676842062755198,0.15306122401748395,16,0,,0,0.0,0.0,0.0,EMA,150,0.05,1.0,0.0
15,EMA_N150_th5_bL1_sL0,34,15_EMA_N150_th5_bL1_sL0_sl35_rec10,sl35_rec10,0.35,recovery_trigger,0.1,0.1369997076987528,0.9156699081880719,0.23113488707455812,0.5927262190175568,1.2676842062755198,0.15306122401748395,16,0,,0,0.0,0.0,0.0,EMA,150,0.05,1.0,0.0
15,EMA_N150_th5_bL1_sL0,35,15_EMA_N150_th5_bL1_sL0_sl35_rec15,sl35_rec15,0.35,recovery_trigger,0.15,0.1369997076987528,0.9156699081880719,0.23113488707455812,0.5927262190175568,1.2676842062755198,0.15306122401748395,16,0,,0,0.0,0.0,0.0,EMA,150,0.05,1.0,0.0
15,EMA_N150_th5_bL1_sL0,36,15_EMA_N150_th5_bL1_sL0_sl40_next,sl40_next,0.4,next_signal,,0.1369997076987528,0.9156699081880719,0.23113488707455812,0.5927262190175568,1.2676842062755198,0.15306122401748395,16,0,,0,0.0,0.0,0.0,EMA,150,0.05,1.0,0.0
15,EMA_N150_th5_bL1_sL0,37,15_EMA_N150_th5_bL1_sL0_sl40_cool21,sl40_cool21,0.4,time_cooldown,21.0,0.1369997076987528,0.9156699081880719,0.23113488707455812,0.5927262190175568,1.2676842062755198,0.15306122401748395,16,0,,0,0.0,0.0,0.0,EMA,150,0.05,1.0,0.0
15,EMA_N150_th5_bL1_sL0,38,15_EMA_N150_th5_bL1_sL0_sl40_cool63,sl40_cool63,0.4,time_cooldown,63.0,0.1369997076987528,0.9156699081880719,0.23113488707455812,0.5927262190175568,1.2676842062755198,0.15306122401748395,16,0,,0,0.0,0.0,0.0,EMA,150,0.05,1.0,0.0
15,EMA_N150_th5_bL1_sL0,39,15_EMA_N150_th5_bL1_sL0_sl40_cool126,sl40_cool126,0.4,time_cooldown,126.0,0.1369997076987528,0.9156699081880719,0.23113488707455812,0.5927262190175568,1.2676842062755198,0.15306122401748395,16,0,,0,0.0,0.0,0.0,EMA,150,0.05,1.0,0.0
15,EMA_N150_th5_bL1_sL0,40,15_EMA_N150_th5_bL1_sL0_sl40_rec5,sl40_rec5,0.4,recovery_trigger,0.05,0.1369997076987528,0.9156699081880719,0.23113488707455812,0.5927262190175568,1.2676842062755198,0.15306122401748395,16,0,,0,0.0,0.0,0.0,EMA,150,0.05,1.0,0.0
15,EMA_N150_th5_bL1_sL0,41,15_EMA_N150_th5_bL1_sL0_sl40_rec10,sl40_rec10,0.4,recovery_trigger,0.1,0.1369997076987528,0.9156699081880719,0.23113488707455812,0.5927262190175568,1.2676842062755198,0.15306122401748395,16,0,,0,0.0,0.0,0.0,EMA,150,0.05,1.0,0.0
15,EMA_N150_th5_bL1_sL0,42,15_EMA_N150_th5_bL1_sL0_sl40_rec15,sl40_rec15,0.4,recovery_trigger,0.15,0.1369997076987528,0.9156699081880719,0.23113488707455812,0.5927262190175568,1.2676842062755198,0.15306122401748395,16,0,,0,0.0,0.0,0.0,EMA,150,0.05,1.0,0.0
16,EMA_N200_th2_bL2_sL0,0,16_EMA_N200_th2_bL2_sL0_baseline,baseline,,—,,0.2155837290485263,0.7932039821093396,0.4610743866510582,0.4675682173854528,1.0938583327248856,0.30542448038631215,34,0,,0,0.0,0.0,0.0,EMA,200,0.02,2.0,0.0
16,EMA_N200_th2_bL2_sL0,1,16_EMA_N200_th2_bL2_sL0_sl15_next,sl15_next,0.15,next_signal,,0.1623639052910606,0.8181168195053282,0.3996038619142243,0.4063121525234716,1.1415231744412497,0.21142043564192572,34,13,139.30769230769232,410,-0.0532198237574657,0.0614705247368339,1.1550305956849545,EMA,200,0.02,2.0,0.0
16,EMA_N200_th2_bL2_sL0,2,16_EMA_N200_th2_bL2_sL0_sl15_cool21,sl15_cool21,0.15,time_cooldown,21.0,0.17649533266572548,0.7355885241906746,0.42206105175426134,0.4181748870978202,1.0080161481483243,0.2714771479485044,57,25,21.0,21,-0.039088396382800816,0.03901333489679687,0.9980796990168423,EMA,200,0.02,2.0,0.0
16,EMA_N200_th2_bL2_sL0,3,16_EMA_N200_th2_bL2_sL0_sl15_cool63,sl15_cool63,0.15,time_cooldown,63.0,0.13158106990321627,0.6429493647678964,0.38005453251446275,0.3462162891011148,0.8675425509260021,0.2360025443839518,46,20,63.0,63,-0.08400265914531002,0.08101985413659546,0.964491540636174,EMA,200,0.02,2.0,0.0
16,EMA_N200_th2_bL2_sL0,4,16_EMA_N200_th2_bL2_sL0_sl15_cool126,sl15_cool126,0.15,time_cooldown,126.0,0.04119294107245364,0.3032703107953336,0.4192950210214217,0.09824333466232384,0.39931389088382596,0.19933410544477165,37,16,126.0,126,-0.17439078797607266,0.04177936562963652,0.2395732372937547,EMA,200,0.02,2.0,0.0
16,EMA_N200_th2_bL2_sL0,5,16_EMA_N200_th2_bL2_sL0_sl15_rec5,sl15_rec5,0.15,recovery_trigger,0.05,0.19143887815088112,0.7607704119178951,0.45524021388874697,0.4205227752521563,1.0426599529975056,0.28358104422038655,60,26,10.807692307692308,30,-0.024144850897645176,0.0058341727623112405,0.24163217188805428,EMA,200,0.02,2.0,0.0
16,EMA_N200_th2_bL2_sL0,6,16_EMA_N200_th2_bL2_sL0_sl15_rec10,sl15_rec10,0.15,recovery_trigger,0.1,0.14831557524713457,0.6617212046987809,0.4078413412803072,0.36365998302560026,0.899268990621873,0.26087506433366275,52,23,37.47826086956522,96,-0.06726815380139173,0.05323304537075102,0.7913558253422687,EMA,200,0.02,2.0,0.0
16,EMA_N200_th2_bL2_sL0,7,16_EMA_N200_th2_bL2_sL0_sl15_rec15,sl15_rec15,0.15,recovery_trigger,0.15,0.10891259552673582,0.5490102834375751,0.4051433628671084,0.2688248296997534,0.7435513618258686,0.24217431368386894,44,20,68.2,148,-0.10667113352179047,0.05593102378394982,0.524331390671164,EMA,200,0.02,2.0,0.0
16,EMA_N200_th2_bL2_sL0,8,16_EMA_N200_th2_bL2_sL0_sl20_next,sl20_next,0.2,next_signal,,0.13784055679950247,0.6711935407293298,0.431384328832187,0.31953074691575983,0.9187230545046827,0.23327246070743515,34,10,144.3,391,-0.07774317224902383,0.029690057818871185,0.3818992325624323,EMA,200,0.02,2.0,0.0
16,EMA_N200_th2_bL2_sL0,9,16_EMA_N200_th2_bL2_sL0_sl20_cool21,sl20_cool21,0.2,time_cooldown,21.0,0.1446292489831713,0.6192428845318653,0.4289101845831312,0.33720171304335006,0.8432630271829215,0.2836422388265058,51,18,21.0,21,-0.07095448006535499,0.03216420206792703,0.45330755772293896,EMA,200,0.02,2.0,0.0
16,EMA_N200_th2_bL2_sL0,10,16_EMA_N200_th2_bL2_sL0_sl20_cool63,sl20_cool63,0.2,time_cooldown,63.0,0.09042518201384864,0.47115164106768537,0.5119042882564054,0.17664470505188654,0.6301804082970393,0.2515687359738481,43,16,63.0,63,-0.12515854703467766,-0.05082990160534723,-0.40612409467540234,EMA,200,0.02,2.0,0.0
16,EMA_N200_th2_bL2_sL0,11,16_EMA_N200_th2_bL2_sL0_sl20_cool126,sl20_cool126,0.2,time_cooldown,126.0,0.03895965168459159,0.28258028668061547,0.6381706989446305,0.06104895092961928,0.3755475664062373,0.22888873026160847,35,13,126.0,126,-0.1766240773639347,-0.1770963122935723,-1.0026736724499037,EMA,200,0.02,2.0,0.0
16,EMA_N200_th2_bL2_sL0,12,16_EMA_N200_th2_bL2_sL0_sl20_rec5,sl20_rec5,0.2,recovery_trigger,0.05,0.15442194303784817,0.636263145329517,0.42891018458313096,0.36003328572842097,0.8638303888186557,0.29449013967827964,56,19,9.736842105263158,22,-0.06116178601067812,0.03216420206792725,0.5258872273990128,EMA,200,0.02,2.0,0.0
16,EMA_N200_th2_bL2_sL0,13,16_EMA_N200_th2_bL2_sL0_sl20_rec10,sl20_rec10,0.2,recovery_trigger,0.1,0.13763837319793204,0.602451500943453,0.4361660350508164,0.31556417083667737,0.8181125117240075,0.2793982055371134,48,17,35.23529411764706,97,-0.07794535585059426,0.024908351600241796,0.3195617151070059,EMA,200,0.02,2.0,0.0
16,EMA_N200_th2_bL2_sL0,14,16_EMA_N200_th2_bL2_sL0_sl20_rec15,sl20_rec15,0.2,recovery_trigger,0.15,0.07355138467975775,0.40143803597248934,0.572252839420228,0.12852952333845222,0.538642306607597,0.26521443486228286,48,17,58.35294117647059,114,-0.14203234436876855,-0.11117845276916977,-0.7827685536226124,EMA,200,0.02,2.0,0.0
16,EMA_N200_th2_bL2_sL0,15,16_EMA_N200_th2_bL2_sL0_sl25_next,sl25_next,0.25,next_signal,,0.22950498734337121,0.8626383864050567,0.4373278510343586,0.5247893240747207,1.198655332096196,0.2879296406902471,34,7,61.142857142857146,192,0.013921258294844918,0.023746535616699593,1.7057750897052892,EMA,200,0.02,2.0,0.0
16,EMA_N200_th2_bL2_sL0,16,16_EMA_N200_th2_bL2_sL0_sl25_cool21,sl25_cool21,0.25,time_cooldown,21.0,0.21970330299372742,0.8187809664226877,0.43168608483626425,0.5089422863307245,1.131498897984001,0.2967806375248018,38,7,21.0,21,0.004119573945201127,0.02938830181479396,7.133820682847133,EMA,200,0.02,2.0,0.0
16,EMA_N200_th2_bL2_sL0,17,16_EMA_N200_th2_bL2_sL0_sl25_cool63,sl25_cool63,0.25,time_cooldown,63.0,0.21558988540182988,0.8274775921560479,0.4075220090520957,0.5290263608174102,1.140519283180283,0.28565781884662994,34,6,63.0,63,6.156353303587991e-06,0.05355237759896253,53.55237759896253,EMA,200,0.02,2.0,0.0
16,EMA_N200_th2_bL2_sL0,18,16_EMA_N200_th2_bL2_sL0_sl25_cool126,sl25_cool126,0.25,time_cooldown,126.0,0.12914585950302282,0.5846483151138074,0.4113930077256819,0.313923321684499,0.8014636359509192,0.2710372493701345,32,6,126.0,126,-0.08643786954550348,0.04968137892537633,0.5747640378760442,EMA,200,0.02,2.0,0.0
16,EMA_N200_th2_bL2_sL0,19,16_EMA_N200_th2_bL2_sL0_sl25_rec5,sl25_rec5,0.25,recovery_trigger,0.05,0.20265143705365518,0.7641555900307664,0.4373278510343591,0.46338561921987825,1.0487601610342876,0.3014923247836408,40,7,14.285714285714286,47,-0.012932291994871115,0.023746535616699094,1.8362201863456884,EMA,200,0.02,2.0,0.0
16,EMA_N200_th2_bL2_sL0,20,16_EMA_N200_th2_bL2_sL0_sl25_rec10,sl25_rec10,0.25,recovery_trigger,0.1,0.21229354454888627,0.7996937841155833,0.4723863954837285,0.44940655907648547,1.1042480922571507,0.2959133475603673,36,7,32.42857142857143,80,-0.0032901844996400254,-0.011312008832670306,-3.438107751680168,EMA,200,0.02,2.0,0.0
16,EMA_N200_th2_bL2_sL0,21,16_EMA_N200_th2_bL2_sL0_sl25_rec15,sl25_rec15,0.25,recovery_trigger,0.15,0.1864947678638491,0.7345150211347445,0.4688777638564127,0.39774709367740574,1.0104155966612796,0.29084783034396033,36,7,52.142857142857146,100,-0.029088961184677187,-0.007803377205354511,-0.26825905386628224,EMA,200,0.02,2.0,0.0
16,EMA_N200_th2_bL2_sL0,22,16_EMA_N200_th2_bL2_sL0_sl30_next,sl30_next,0.3,next_signal,,0.22046038701306503,0.8068144350973988,0.4483120594756529,0.4917565395651327,1.1135062574301964,0.3051198189096982,34,4,43.75,89,0.004876657964538733,0.01276232717540532,2.617023229475653,EMA,200,0.02,2.0,0.0
16,EMA_N200_th2_bL2_sL0,23,16_EMA_N200_th2_bL2_sL0_sl30_cool21,sl30_cool21,0.3,time_cooldown,21.0,0.223681107628239,0.8171119370842438,0.4483120594756532,0.49894064391187004,1.1272214277052903,0.30413918435927795,34,4,21.0,21,0.00809737857971271,0.012762327175404986,1.5761060261378794,EMA,200,0.02,2.0,0.0
16,EMA_N200_th2_bL2_sL0,24,16_EMA_N200_th2_bL2_sL0_sl30_cool63,sl30_cool63,0.3,time_cooldown,63.0,0.17743170223688276,0.6973711161193712,0.44831205947565284,0.3957772236696185,0.955149422351814,0.29878486541063237,34,4,63.0,63,-0.038152026811643536,0.012762327175405375,0.3345124294028454,EMA,200,0.02,2.0,0.0
16,EMA_N200_th2_bL2_sL0,25,16_EMA_N200_th2_bL2_sL0_sl30_cool126,sl30_cool126,0.3,time_cooldown,126.0,0.15677450316093466,0.6517842893753468,0.4488514560409529,0.3492792572040374,0.894087400425052,0.28725077895471324,32,4,126.0,126,-0.05880922588759163,0.01222293061010532,0.2078403588149301,EMA,200,0.02,2.0,0.0
16,EMA_N200_th2_bL2_sL0,26,16_EMA_N200_th2_bL2_sL0_sl30_rec5,sl30_rec5,0.3,recovery_trigger,0.05,0.22046038701306503,0.8068144350973988,0.4483120594756529,0.4917565395651327,1.1135062574301964,0.3051198189096982,34,4,9.25,19,0.004876657964538733,0.01276232717540532,2.617023229475653,EMA,200,0.02,2.0,0.0
16,EMA_N200_th2_bL2_sL0,27,16_EMA_N200_th2_bL2_sL0_sl30_rec10,sl30_rec10,0.3,recovery_trigger,0.1,0.21595140955282055,0.7967663050275973,0.4483120594756533,0.48169886352242625,1.098393026721795,0.30382992835721206,34,4,38.0,70,0.00036768050429425436,0.01276232717540493,12.76232717540493,EMA,200,0.02,2.0,0.0
16,EMA_N200_th2_bL2_sL0,28,16_EMA_N200_th2_bL2_sL0_sl30_rec15,sl30_rec15,0.3,recovery_trigger,0.15,0.20854088922080782,0.7769674342878581,0.44831205947565356,0.4651690375331807,1.0704298787646689,0.3036164537151171,34,4,47.75,78,-0.007042839827718472,0.012762327175404653,1.812099591584636,EMA,200,0.02,2.0,0.0
16,EMA_N200_th2_bL2_sL0,29,16_EMA_N200_th2_bL2_sL0_sl35_next,sl35_next,0.35,next_signal,,0.20214463453399034,0.7710882796539203,0.4309533251067936,0.4690638701624992,1.0594121626211985,0.29613649379492396,34,2,177.0,241,-0.013439094514535954,0.030121061544264582,2.241301414443148,EMA,200,0.02,2.0,0.0
16,EMA_N200_th2_bL2_sL0,30,16_EMA_N200_th2_bL2_sL0_sl35_cool21,sl35_cool21,0.35,time_cooldown,21.0,0.21275289212550974,0.7874356204038633,0.430953325106794,0.4936796625778156,1.0854305663239006,0.30424120208732824,36,2,21.0,21,-0.0028308369230165553,0.030121061544264194,10.640337950717072,EMA,200,0.02,2.0,0.0
16,EMA_N200_th2_bL2_sL0,31,16_EMA_N200_th2_bL2_sL0_sl35_cool63,sl35_cool63,0.35,time_cooldown,63.0,0.19280257920485888,0.7340959536515608,0.4756074620259884,0.4053817372493698,1.0100040394619214,0.3033872895120754,36,2,63.0,63,-0.022781149843667414,-0.014533075374930204,-0.6379430131780655,EMA,200,0.02,2.0,0.0
16,EMA_N200_th2_bL2_sL0,32,16_EMA_N200_th2_bL2_sL0_sl35_cool126,sl35_cool126,0.35,time_cooldown,126.0,0.20725881473071284,0.7812253648815708,0.39879689641179733,0.519710199842422,1.0739781013959253,0.29871797462131733,36,2,126.0,126,-0.008324914317813459,0.06227749023926088,7.4808566024518655,EMA,200,0.02,2.0,0.0
16,EMA_N200_th2_bL2_sL0,33,16_EMA_N200_th2_bL2_sL0_sl35_rec5,sl35_rec5,0.35,recovery_trigger,0.05,0.2155606732440043,0.7949370917463762,0.43095332510679385,0.5001949415069173,1.095946303033617,0.304305956372788,36,2,14.5,15,-2.3055804521998624e-05,0.03012106154426436,30.12106154426436,EMA,200,0.02,2.0,0.0
16,EMA_N200_th2_bL2_sL0,34,16_EMA_N200_th2_bL2_sL0_sl35_rec10,sl35_rec10,0.35,recovery_trigger,0.1,0.20857146222216438,0.7762429756831293,0.43095332510679374,0.4839769183135521,1.0696259871470453,0.30413422850813465,36,2,41.5,59,-0.0070122668263619126,0.03012106154426447,4.295481374300728,EMA,200,0.02,2.0,0.0
16,EMA_N200_th2_bL2_sL0,35,16_EMA_N200_th2_bL2_sL0_sl35_rec15,sl35_rec15,0.35,recovery_trigger,0.15,0.2012180396236951,0.7564578428885466,0.4309533251067939,0.4669137651364717,1.0417374917899493,0.30393761572883465,36,2,76.0,113,-0.014365689424831185,0.030121061544264305,2.0967362340577864,EMA,200,0.02,2.0,0.0
16,EMA_N200_th2_bL2_sL0,36,16_EMA_N200_th2_bL2_sL0_sl40_next,sl40_next,0.4,next_signal,,0.2219931537849631,0.8125179746343917,0.41331299298423413,0.5371066420683055,1.121688523058785,0.30416267938997343,34,1,23.0,23,0.006409424736436797,0.04776139366682408,7.451744209633415,EMA,200,0.02,2.0,0.0
16,EMA_N200_th2_bL2_sL0,37,16_EMA_N200_th2_bL2_sL0_sl40_cool21,sl40_cool21,0.4,time_cooldown,21.0,0.2219931537849631,0.8125179746343917,0.41331299298423413,0.5371066420683055,1.121688523058785,0.30416267938997343,34,1,21.0,21,0.006409424736436797,0.04776139366682408,7.451744209633415,EMA,200,0.02,2.0,0.0
16,EMA_N200_th2_bL2_sL0,38,16_EMA_N200_th2_bL2_sL0_sl40_cool63,sl40_cool63,0.4,time_cooldown,63.0,0.21407030360987234,0.7937494297996195,0.40743043609719515,0.5254155915804103,1.0931404151098616,0.3025422563152147,34,1,63.0,63,-0.0015134254386539592,0.05364395055386306,35.445387122324306,EMA,200,0.02,2.0,0.0
16,EMA_N200_th2_bL2_sL0,39,16_EMA_N200_th2_bL2_sL0_sl40_cool126,sl40_cool126,0.4,time_cooldown,126.0,0.19612056696240865,0.7486545555383116,0.4975098726270303,0.3942043721199377,1.0278924494675035,0.29973276480861294,34,1,126.0,126,-0.019463162086117647,-0.03643548597597207,-1.8720229433818545,EMA,200,0.02,2.0,0.0
16,EMA_N200_th2_bL2_sL0,40,16_EMA_N200_th2_bL2_sL0_sl40_rec5,sl40_rec5,0.4,recovery_trigger,0.05,0.2219931537849631,0.8125179746343917,0.41331299298423413,0.5371066420683055,1.121688523058785,0.30416267938997343,34,1,23.0,23,0.006409424736436797,0.04776139366682408,7.451744209633415,EMA,200,0.02,2.0,0.0
16,EMA_N200_th2_bL2_sL0,41,16_EMA_N200_th2_bL2_sL0_sl40_rec10,sl40_rec10,0.4,recovery_trigger,0.1,0.21524478912394573,0.7951598075136077,0.4498678367794009,0.478462276087308,1.0966205218155747,0.303633147233792,34,1,34.0,34,-0.0003389399245805613,0.011206549871657312,11.206549871657312,EMA,200,0.02,2.0,0.0
16,EMA_N200_th2_bL2_sL0,42,16_EMA_N200_th2_bL2_sL0_sl40_rec15,sl40_rec15,0.4,recovery_trigger,0.15,0.2086671914893783,0.7793030865790044,0.427580648583866,0.4880183239828033,1.072563507015942,0.3023501140140754,34,1,67.0,67,-0.006916537559148006,0.03349373806719219,4.842558546203864,EMA,200,0.02,2.0,0.0
17,EMA_N150_th0_bL1_sL0,0,17_EMA_N150_th0_bL1_sL0_baseline,baseline,,—,,0.12801407665311682,0.8734822358742804,0.22851260583134075,0.5602057540212932,1.2116056301943945,0.15100399048931631,114,0,,0,0.0,0.0,0.0,EMA,150,0.0,1.0,0.0
17,EMA_N150_th0_bL1_sL0,1,17_EMA_N150_th0_bL1_sL0_sl15_next,sl15_next,0.15,next_signal,,0.12984529529166755,0.9015028461807642,0.2515401514250539,0.5162010699129073,1.2549258421995955,0.147527297694325,114,5,55.0,105,0.0018312186385507356,-0.023027545593713172,-12.574984280379349,EMA,150,0.0,1.0,0.0
17,EMA_N150_th0_bL1_sL0,2,17_EMA_N150_th0_bL1_sL0_sl15_cool21,sl15_cool21,0.15,time_cooldown,21.0,0.12609761002865438,0.877810635559921,0.27778448685923635,0.4539404322191422,1.2201932478704378,0.14776366892483805,116,6,21.0,21,-0.0019164666244624318,-0.04927188102789559,-25.709751685196363,EMA,150,0.0,1.0,0.0
17,EMA_N150_th0_bL1_sL0,3,17_EMA_N150_th0_bL1_sL0_sl15_cool63,sl15_cool63,0.15,time_cooldown,63.0,0.11395153986243756,0.826663264439097,0.2848096569250512,0.40009717750695634,1.1439029979143902,0.14293634854040602,110,6,63.0,63,-0.014062536790679259,-0.05629705109371047,-4.003335381922309,EMA,150,0.0,1.0,0.0
17,EMA_N150_th0_bL1_sL0,4,17_EMA_N150_th0_bL1_sL0_sl15_cool126,sl15_cool126,0.15,time_cooldown,126.0,0.0941763101092683,0.7254459760261448,0.30529884306411786,0.30847254173671956,1.0008623096891966,0.13704337883849813,94,5,126.0,126,-0.03383776654384851,-0.07678623723277711,-2.269246616299986,EMA,150,0.0,1.0,0.0
17,EMA_N150_th0_bL1_sL0,5,17_EMA_N150_th0_bL1_sL0_sl15_rec5,sl15_rec5,0.15,recovery_trigger,0.05,0.12771618201474633,0.884298308899525,0.26083940193107913,0.4896353122619581,1.2302471612038788,0.14841262740858566,116,6,11.333333333333334,25,-0.00029789463837048835,-0.032326796099738375,-32.326796099738374,EMA,150,0.0,1.0,0.0
17,EMA_N150_th0_bL1_sL0,6,17_EMA_N150_th0_bL1_sL0_sl15_rec10,sl15_rec10,0.15,recovery_trigger,0.1,0.1208642090542833,0.8483674879389738,0.319857693870821,0.37786869401708373,1.1779159379892707,0.1473232451577803,116,6,37.0,71,-0.007149867598833515,-0.09134508803948027,-12.775773365982753,EMA,150,0.0,1.0,0.0
17,EMA_N150_th0_bL1_sL0,7,17_EMA_N150_th0_bL1_sL0_sl15_rec15,sl15_rec15,0.15,recovery_trigger,0.15,0.12523301612762472,0.8867046334737911,0.25216739372408764,0.49662652366804455,1.2312220298701049,0.14495046698066202,98,5,81.2,219,-0.002781060525492096,-0.023654787892746887,-8.505671730593233,EMA,150,0.0,1.0,0.0
17,EMA_N150_th0_bL1_sL0,8,17_EMA_N150_th0_bL1_sL0_sl20_next,sl20_next,0.2,next_signal,,0.1209571061095307,0.8389220706095738,0.2869998519234243,0.42145354883947395,1.161410521394771,0.149467083237268,112,2,63.0,103,-0.007056970543586116,-0.058487246092083556,-8.287868814365533,EMA,150,0.0,1.0,0.0
17,EMA_N150_th0_bL1_sL0,9,17_EMA_N150_th0_bL1_sL0_sl20_cool21,sl20_cool21,0.2,time_cooldown,21.0,0.1230778736033531,0.8454407993893915,0.2649038112623092,0.46461344975320384,1.171531159995545,0.15078482405835503,114,2,21.0,21,-0.004936203049763721,-0.036391205430968465,-7.372307229685454,EMA,150,0.0,1.0,0.0
17,EMA_N150_th0_bL1_sL0,10,17_EMA_N150_th0_bL1_sL0_sl20_cool63,sl20_cool63,0.2,time_cooldown,63.0,0.1023395773792406,0.7319053692283812,0.34572888535169766,0.2960110702787654,1.0070544409495048,0.14817382675440413,114,2,63.0,63,-0.025674499273876217,-0.1172162795203569,-4.5654748032271995,EMA,150,0.0,1.0,0.0
17,EMA_N150_th0_bL1_sL0,11,17_EMA_N150_th0_bL1_sL0_sl20_cool126,sl20_cool126,0.2,time_cooldown,126.0,0.09965990005184655,0.7341146083050504,0.2803022729981485,0.3555443877991843,1.0134653314727415,0.1434700227760208,108,2,126.0,126,-0.028354176601270265,-0.051789667166807773,-1.8265269309385483,EMA,150,0.0,1.0,0.0
17,EMA_N150_th0_bL1_sL0,12,17_EMA_N150_th0_bL1_sL0_sl20_rec5,sl20_rec5,0.2,recovery_trigger,0.05,0.12501763894425744,0.856592012141159,0.24413265775511084,0.512088960542356,1.1874238296595403,0.1508480943930363,114,2,6.5,12,-0.0029964377088593785,-0.015620051923770084,-5.212873899426396,EMA,150,0.0,1.0,0.0
17,EMA_N150_th0_bL1_sL0,13,17_EMA_N150_th0_bL1_sL0_sl20_rec10,sl20_rec10,0.2,recovery_trigger,0.1,0.12153450554416922,0.8365282541732236,0.28104653320456363,0.4324355264532249,1.1588632872689197,0.15073873594212062,114,2,20.0,27,-0.0064795711089475905,-0.05253392737322288,-8.107624176032141,EMA,150,0.0,1.0,0.0
17,EMA_N150_th0_bL1_sL0,14,17_EMA_N150_th0_bL1_sL0_sl20_rec15,sl20_rec15,0.2,recovery_trigger,0.15,0.11862911811288823,0.8198790650652694,0.31053684513830615,0.38201302025868616,1.1351320046795919,0.15061206639978086,114,2,29.0,38,-0.009384958540228583,-0.0820242393069654,-8.739968211406461,EMA,150,0.0,1.0,0.0
17,EMA_N150_th0_bL1_sL0,15,17_EMA_N150_th0_bL1_sL0_sl25_next,sl25_next,0.25,next_signal,,0.12801407665311682,0.8734822358742804,0.22851260583134075,0.5602057540212932,1.2116056301943945,0.15100399048931631,114,0,,0,0.0,0.0,0.0,EMA,150,0.0,1.0,0.0
17,EMA_N150_th0_bL1_sL0,16,17_EMA_N150_th0_bL1_sL0_sl25_cool21,sl25_cool21,0.25,time_cooldown,21.0,0.12801407665311682,0.8734822358742804,0.22851260583134075,0.5602057540212932,1.2116056301943945,0.15100399048931631,114,0,,0,0.0,0.0,0.0,EMA,150,0.0,1.0,0.0
17,EMA_N150_th0_bL1_sL0,17,17_EMA_N150_th0_bL1_sL0_sl25_cool63,sl25_cool63,0.25,time_cooldown,63.0,0.12801407665311682,0.8734822358742804,0.22851260583134075,0.5602057540212932,1.2116056301943945,0.15100399048931631,114,0,,0,0.0,0.0,0.0,EMA,150,0.0,1.0,0.0
17,EMA_N150_th0_bL1_sL0,18,17_EMA_N150_th0_bL1_sL0_sl25_cool126,sl25_cool126,0.25,time_cooldown,126.0,0.12801407665311682,0.8734822358742804,0.22851260583134075,0.5602057540212932,1.2116056301943945,0.15100399048931631,114,0,,0,0.0,0.0,0.0,EMA,150,0.0,1.0,0.0
17,EMA_N150_th0_bL1_sL0,19,17_EMA_N150_th0_bL1_sL0_sl25_rec5,sl25_rec5,0.25,recovery_trigger,0.05,0.12801407665311682,0.8734822358742804,0.22851260583134075,0.5602057540212932,1.2116056301943945,0.15100399048931631,114,0,,0,0.0,0.0,0.0,EMA,150,0.0,1.0,0.0
17,EMA_N150_th0_bL1_sL0,20,17_EMA_N150_th0_bL1_sL0_sl25_rec10,sl25_rec10,0.25,recovery_trigger,0.1,0.12801407665311682,0.8734822358742804,0.22851260583134075,0.5602057540212932,1.2116056301943945,0.15100399048931631,114,0,,0,0.0,0.0,0.0,EMA,150,0.0,1.0,0.0
17,EMA_N150_th0_bL1_sL0,21,17_EMA_N150_th0_bL1_sL0_sl25_rec15,sl25_rec15,0.25,recovery_trigger,0.15,0.12801407665311682,0.8734822358742804,0.22851260583134075,0.5602057540212932,1.2116056301943945,0.15100399048931631,114,0,,0,0.0,0.0,0.0,EMA,150,0.0,1.0,0.0
17,EMA_N150_th0_bL1_sL0,22,17_EMA_N150_th0_bL1_sL0_sl30_next,sl30_next,0.3,next_signal,,0.12801407665311682,0.8734822358742804,0.22851260583134075,0.5602057540212932,1.2116056301943945,0.15100399048931631,114,0,,0,0.0,0.0,0.0,EMA,150,0.0,1.0,0.0
17,EMA_N150_th0_bL1_sL0,23,17_EMA_N150_th0_bL1_sL0_sl30_cool21,sl30_cool21,0.3,time_cooldown,21.0,0.12801407665311682,0.8734822358742804,0.22851260583134075,0.5602057540212932,1.2116056301943945,0.15100399048931631,114,0,,0,0.0,0.0,0.0,EMA,150,0.0,1.0,0.0
17,EMA_N150_th0_bL1_sL0,24,17_EMA_N150_th0_bL1_sL0_sl30_cool63,sl30_cool63,0.3,time_cooldown,63.0,0.12801407665311682,0.8734822358742804,0.22851260583134075,0.5602057540212932,1.2116056301943945,0.15100399048931631,114,0,,0,0.0,0.0,0.0,EMA,150,0.0,1.0,0.0
17,EMA_N150_th0_bL1_sL0,25,17_EMA_N150_th0_bL1_sL0_sl30_cool126,sl30_cool126,0.3,time_cooldown,126.0,0.12801407665311682,0.8734822358742804,0.22851260583134075,0.5602057540212932,1.2116056301943945,0.15100399048931631,114,0,,0,0.0,0.0,0.0,EMA,150,0.0,1.0,0.0
17,EMA_N150_th0_bL1_sL0,26,17_EMA_N150_th0_bL1_sL0_sl30_rec5,sl30_rec5,0.3,recovery_trigger,0.05,0.12801407665311682,0.8734822358742804,0.22851260583134075,0.5602057540212932,1.2116056301943945,0.15100399048931631,114,0,,0,0.0,0.0,0.0,EMA,150,0.0,1.0,0.0
17,EMA_N150_th0_bL1_sL0,27,17_EMA_N150_th0_bL1_sL0_sl30_rec10,sl30_rec10,0.3,recovery_trigger,0.1,0.12801407665311682,0.8734822358742804,0.22851260583134075,0.5602057540212932,1.2116056301943945,0.15100399048931631,114,0,,0,0.0,0.0,0.0,EMA,150,0.0,1.0,0.0
17,EMA_N150_th0_bL1_sL0,28,17_EMA_N150_th0_bL1_sL0_sl30_rec15,sl30_rec15,0.3,recovery_trigger,0.15,0.12801407665311682,0.8734822358742804,0.22851260583134075,0.5602057540212932,1.2116056301943945,0.15100399048931631,114,0,,0,0.0,0.0,0.0,EMA,150,0.0,1.0,0.0
17,EMA_N150_th0_bL1_sL0,29,17_EMA_N150_th0_bL1_sL0_sl35_next,sl35_next,0.35,next_signal,,0.12801407665311682,0.8734822358742804,0.22851260583134075,0.5602057540212932,1.2116056301943945,0.15100399048931631,114,0,,0,0.0,0.0,0.0,EMA,150,0.0,1.0,0.0
17,EMA_N150_th0_bL1_sL0,30,17_EMA_N150_th0_bL1_sL0_sl35_cool21,sl35_cool21,0.35,time_cooldown,21.0,0.12801407665311682,0.8734822358742804,0.22851260583134075,0.5602057540212932,1.2116056301943945,0.15100399048931631,114,0,,0,0.0,0.0,0.0,EMA,150,0.0,1.0,0.0
17,EMA_N150_th0_bL1_sL0,31,17_EMA_N150_th0_bL1_sL0_sl35_cool63,sl35_cool63,0.35,time_cooldown,63.0,0.12801407665311682,0.8734822358742804,0.22851260583134075,0.5602057540212932,1.2116056301943945,0.15100399048931631,114,0,,0,0.0,0.0,0.0,EMA,150,0.0,1.0,0.0
17,EMA_N150_th0_bL1_sL0,32,17_EMA_N150_th0_bL1_sL0_sl35_cool126,sl35_cool126,0.35,time_cooldown,126.0,0.12801407665311682,0.8734822358742804,0.22851260583134075,0.5602057540212932,1.2116056301943945,0.15100399048931631,114,0,,0,0.0,0.0,0.0,EMA,150,0.0,1.0,0.0
17,EMA_N150_th0_bL1_sL0,33,17_EMA_N150_th0_bL1_sL0_sl35_rec5,sl35_rec5,0.35,recovery_trigger,0.05,0.12801407665311682,0.8734822358742804,0.22851260583134075,0.5602057540212932,1.2116056301943945,0.15100399048931631,114,0,,0,0.0,0.0,0.0,EMA,150,0.0,1.0,0.0
17,EMA_N150_th0_bL1_sL0,34,17_EMA_N150_th0_bL1_sL0_sl35_rec10,sl35_rec10,0.35,recovery_trigger,0.1,0.12801407665311682,0.8734822358742804,0.22851260583134075,0.5602057540212932,1.2116056301943945,0.15100399048931631,114,0,,0,0.0,0.0,0.0,EMA,150,0.0,1.0,0.0
17,EMA_N150_th0_bL1_sL0,35,17_EMA_N150_th0_bL1_sL0_sl35_rec15,sl35_rec15,0.35,recovery_trigger,0.15,0.12801407665311682,0.8734822358742804,0.22851260583134075,0.5602057540212932,1.2116056301943945,0.15100399048931631,114,0,,0,0.0,0.0,0.0,EMA,150,0.0,1.0,0.0
17,EMA_N150_th0_bL1_sL0,36,17_EMA_N150_th0_bL1_sL0_sl40_next,sl40_next,0.4,next_signal,,0.12801407665311682,0.8734822358742804,0.22851260583134075,0.5602057540212932,1.2116056301943945,0.15100399048931631,114,0,,0,0.0,0.0,0.0,EMA,150,0.0,1.0,0.0
17,EMA_N150_th0_bL1_sL0,37,17_EMA_N150_th0_bL1_sL0_sl40_cool21,sl40_cool21,0.4,time_cooldown,21.0,0.12801407665311682,0.8734822358742804,0.22851260583134075,0.5602057540212932,1.2116056301943945,0.15100399048931631,114,0,,0,0.0,0.0,0.0,EMA,150,0.0,1.0,0.0
17,EMA_N150_th0_bL1_sL0,38,17_EMA_N150_th0_bL1_sL0_sl40_cool63,sl40_cool63,0.4,time_cooldown,63.0,0.12801407665311682,0.8734822358742804,0.22851260583134075,0.5602057540212932,1.2116056301943945,0.15100399048931631,114,0,,0,0.0,0.0,0.0,EMA,150,0.0,1.0,0.0
17,EMA_N150_th0_bL1_sL0,39,17_EMA_N150_th0_bL1_sL0_sl40_cool126,sl40_cool126,0.4,time_cooldown,126.0,0.12801407665311682,0.8734822358742804,0.22851260583134075,0.5602057540212932,1.2116056301943945,0.15100399048931631,114,0,,0,0.0,0.0,0.0,EMA,150,0.0,1.0,0.0
17,EMA_N150_th0_bL1_sL0,40,17_EMA_N150_th0_bL1_sL0_sl40_rec5,sl40_rec5,0.4,recovery_trigger,0.05,0.12801407665311682,0.8734822358742804,0.22851260583134075,0.5602057540212932,1.2116056301943945,0.15100399048931631,114,0,,0,0.0,0.0,0.0,EMA,150,0.0,1.0,0.0
17,EMA_N150_th0_bL1_sL0,41,17_EMA_N150_th0_bL1_sL0_sl40_rec10,sl40_rec10,0.4,recovery_trigger,0.1,0.12801407665311682,0.8734822358742804,0.22851260583134075,0.5602057540212932,1.2116056301943945,0.15100399048931631,114,0,,0,0.0,0.0,0.0,EMA,150,0.0,1.0,0.0
17,EMA_N150_th0_bL1_sL0,42,17_EMA_N150_th0_bL1_sL0_sl40_rec15,sl40_rec15,0.4,recovery_trigger,0.15,0.12801407665311682,0.8734822358742804,0.22851260583134075,0.5602057540212932,1.2116056301943945,0.15100399048931631,114,0,,0,0.0,0.0,0.0,EMA,150,0.0,1.0,0.0
18,EMA_N200_th2_bL3_sL0,0,18_EMA_N200_th2_bL3_sL0_baseline,baseline,,—,,0.2895072401696228,0.7888225301079446,0.6110796024376018,0.4737635473590935,1.0884537961856238,0.45564901948629355,34,0,,0,0.0,0.0,0.0,EMA,200,0.02,3.0,0.0
18,EMA_N200_th2_bL3_sL0,1,18_EMA_N200_th2_bL3_sL0_sl15_next,sl15_next,0.15,next_signal,,0.20204228785889744,0.8320513890533192,0.44926905080706003,0.44971334547962244,1.1952621359743028,0.26307967057468074,34,17,150.64705882352942,583,-0.08746495231072537,0.1618105516305418,1.8500044572790537,EMA,200,0.02,3.0,0.0
18,EMA_N200_th2_bL3_sL0,2,18_EMA_N200_th2_bL3_sL0_sl15_cool21,sl15_cool21,0.15,time_cooldown,21.0,0.24017717471013533,0.7683980787388669,0.5498842078522994,0.43677772752958866,1.0627578195970557,0.37039422468734423,85,42,21.0,21,-0.04933006545948748,0.06119539458530243,1.2405293610558736,EMA,200,0.02,3.0,0.0
18,EMA_N200_th2_bL3_sL0,3,18_EMA_N200_th2_bL3_sL0_sl15_cool63,sl15_cool63,0.15,time_cooldown,63.0,0.2129364876998261,0.7734525942928421,0.4971118054743861,0.42834727591436716,1.0706433404352387,0.3141717037333206,53,27,63.0,63,-0.07657075246979672,0.11396779696321574,1.488398550192781,EMA,200,0.02,3.0,0.0
18,EMA_N200_th2_bL3_sL0,4,18_EMA_N200_th2_bL3_sL0_sl15_cool126,sl15_cool126,0.15,time_cooldown,126.0,0.07233186904754851,0.4065942592511747,0.513232838086013,0.14093382901471002,0.5563399844748824,0.24865382904785896,43,20,126.0,126,-0.2171753711220743,0.09784676435158879,0.45054263679185386,EMA,200,0.02,3.0,0.0
18,EMA_N200_th2_bL3_sL0,5,18_EMA_N200_th2_bL3_sL0_sl15_rec5,sl15_rec5,0.15,recovery_trigger,0.05,0.26306596450182296,0.7999251392811493,0.543340283651893,0.4841642933848136,1.1068007532522086,0.3865338738675406,86,43,14.488372093023257,40,-0.026441275667799857,0.06773931878570882,2.5618778623529748,EMA,200,0.02,3.0,0.0
18,EMA_N200_th2_bL3_sL0,6,18_EMA_N200_th2_bL3_sL0_sl15_rec10,sl15_rec10,0.15,recovery_trigger,0.1,0.16965629122595027,0.6373073743208639,0.6225019080654806,0.27253939149067513,0.8751958069142433,0.33490819109115955,68,34,43.85294117647059,99,-0.11985094894367254,-0.011422305627878715,-0.0953042569003518,EMA,200,0.02,3.0,0.0
18,EMA_N200_th2_bL3_sL0,7,18_EMA_N200_th2_bL3_sL0_sl15_rec15,sl15_rec15,0.15,recovery_trigger,0.15,0.10709083981542555,0.4942880280802006,0.5967899280305211,0.1794447841451317,0.6759884642078623,0.29472525166385866,52,26,83.96153846153847,215,-0.18241640035419726,0.014289674407080732,0.07833546972385445,EMA,200,0.02,3.0,0.0
18,EMA_N200_th2_bL3_sL0,8,18_EMA_N200_th2_bL3_sL0_sl20_next,sl20_next,0.2,next_signal,,0.19889333926817332,0.7729502350091523,0.5149127895671076,0.38626606931901025,1.0887315203827261,0.2894186530258898,34,13,162.6153846153846,434,-0.0906139009014495,0.09616681287049422,1.0612810166409676,EMA,200,0.02,3.0,0.0
18,EMA_N200_th2_bL3_sL0,9,18_EMA_N200_th2_bL3_sL0_sl20_cool21,sl20_cool21,0.2,time_cooldown,21.0,0.17211589022265072,0.6037541074925061,0.56321304397642,0.3055964205080745,0.8231931217481021,0.39172164822427463,69,31,21.0,21,-0.11739134994697209,0.04786655846118182,0.40775200628329134,EMA,200,0.02,3.0,0.0
18,EMA_N200_th2_bL3_sL0,10,18_EMA_N200_th2_bL3_sL0_sl20_cool63,sl20_cool63,0.2,time_cooldown,63.0,0.11354794783486866,0.4914555262092458,0.562460282964393,0.2018772725363382,0.6583268545679057,0.33443249053084967,51,24,63.0,63,-0.17595929233475416,0.048619319473208855,0.27631004210174315,EMA,200,0.02,3.0,0.0
18,EMA_N200_th2_bL3_sL0,11,18_EMA_N200_th2_bL3_sL0_sl20_cool126,sl20_cool126,0.2,time_cooldown,126.0,0.04063297321704318,0.2846136530261778,0.6996960694143994,0.05807231881558283,0.3775162212759534,0.28790297776556284,39,17,126.0,126,-0.24887426695257964,-0.08861646697679759,-0.3560692234753323,EMA,200,0.02,3.0,0.0
18,EMA_N200_th2_bL3_sL0,12,18_EMA_N200_th2_bL3_sL0_sl20_rec5,sl20_rec5,0.2,recovery_trigger,0.05,0.20785301967176806,0.667380219889457,0.5846625587018998,0.3555093730189511,0.9112405959835298,0.41178337632900197,74,33,11.272727272727273,27,-0.08165422049785476,0.026417043735702084,0.3235233105482419,EMA,200,0.02,3.0,0.0
18,EMA_N200_th2_bL3_sL0,13,18_EMA_N200_th2_bL3_sL0_sl20_rec10,sl20_rec10,0.2,recovery_trigger,0.1,0.11098096005511815,0.47247229945771324,0.7055532449360428,0.1572963640259048,0.6360903212196697,0.3685385224805168,64,29,38.3448275862069,96,-0.17852628011450467,-0.09447364249844092,-0.5291861928554532,EMA,200,0.02,3.0,0.0
18,EMA_N200_th2_bL3_sL0,14,18_EMA_N200_th2_bL3_sL0_sl20_rec15,sl20_rec15,0.2,recovery_trigger,0.15,0.07298526905923874,0.3803328573629994,0.6098834887467055,0.1196708394405324,0.5110366386526336,0.333632523263589,50,23,73.26086956521739,148,-0.21652197111038407,0.0011961136908963388,0.005524213938947349,EMA,200,0.02,3.0,0.0
18,EMA_N200_th2_bL3_sL0,15,18_EMA_N200_th2_bL3_sL0_sl25_next,sl25_next,0.25,next_signal,,0.2231021473171544,0.7594722154938224,0.5764265296543332,0.3870435100392456,1.0544202225165535,0.34392094423319425,34,12,119.83333333333333,407,-0.06640509285246843,0.03465307278326868,0.5218436010662177,EMA,200,0.02,3.0,0.0
18,EMA_N200_th2_bL3_sL0,16,18_EMA_N200_th2_bL3_sL0_sl25_cool21,sl25_cool21,0.25,time_cooldown,21.0,0.2483156279521901,0.7438655797996175,0.5942235262869542,0.41788252562769945,1.0255957859746085,0.41564659312075497,49,20,21.0,21,-0.04119161221743273,0.01685607615064766,0.4092113720063132,EMA,200,0.02,3.0,0.0
18,EMA_N200_th2_bL3_sL0,17,18_EMA_N200_th2_bL3_sL0_sl25_cool63,sl25_cool63,0.25,time_cooldown,63.0,0.1352609157084741,0.5334052521479524,0.6608536647769632,0.20467604693411875,0.7190849333159113,0.363257374473189,41,18,63.0,63,-0.15424632446114872,-0.049774062339361325,-0.3226920480163423,EMA,200,0.02,3.0,0.0
18,EMA_N200_th2_bL3_sL0,18,18_EMA_N200_th2_bL3_sL0_sl25_cool126,sl25_cool126,0.25,time_cooldown,126.0,0.10807103685113995,0.48574756794107243,0.6579173831408592,0.16426232171464314,0.6552206378412065,0.3144169191332641,31,14,126.0,126,-0.18143620331848287,-0.04683778070325739,-0.2581501367786064,EMA,200,0.02,3.0,0.0
18,EMA_N200_th2_bL3_sL0,19,18_EMA_N200_th2_bL3_sL0_sl25_rec5,sl25_rec5,0.25,recovery_trigger,0.05,0.26222048725394,0.7586154279820531,0.5907669271148714,0.44386453475746557,1.0444554473652745,0.4310289556773674,52,21,11.0,27,-0.027286752915682833,0.0203126753227304,0.7444152620686451,EMA,200,0.02,3.0,0.0
18,EMA_N200_th2_bL3_sL0,20,18_EMA_N200_th2_bL3_sL0_sl25_rec10,sl25_rec10,0.25,recovery_trigger,0.1,0.19994885227980896,0.6531108099744415,0.6271685737287015,0.31881197600679234,0.8932546171463025,0.40826802725767725,48,20,32.4,62,-0.08955838788981385,-0.016088971291099652,-0.17964784393946837,EMA,200,0.02,3.0,0.0
18,EMA_N200_th2_bL3_sL0,21,18_EMA_N200_th2_bL3_sL0_sl25_rec15,sl25_rec15,0.25,recovery_trigger,0.15,0.14943611604029794,0.5598643023322888,0.6081356378565129,0.24572826642262457,0.7622405481967116,0.3778702322068186,42,18,62.388888888888886,119,-0.14007112412932488,0.0029439645810889203,0.0210176408548761,EMA,200,0.02,3.0,0.0
18,EMA_N200_th2_bL3_sL0,22,18_EMA_N200_th2_bL3_sL0_sl30_next,sl30_next,0.3,next_signal,,0.1893810580583497,0.6585484254175391,0.5764265296543332,0.3285432718926317,0.9003127140172491,0.367060747882386,34,10,124.6,391,-0.10012618211127311,0.03465307278326868,0.34609401909240606,EMA,200,0.02,3.0,0.0
18,EMA_N200_th2_bL3_sL0,23,18_EMA_N200_th2_bL3_sL0_sl30_cool21,sl30_cool21,0.3,time_cooldown,21.0,0.21501501586274152,0.6716672891113142,0.5753239068076861,0.3737286306348725,0.919195067185906,0.4281708546706814,45,16,21.0,21,-0.0744922243068813,0.03575569562991576,0.4799923208443219,EMA,200,0.02,3.0,0.0
18,EMA_N200_th2_bL3_sL0,24,18_EMA_N200_th2_bL3_sL0_sl30_cool63,sl30_cool63,0.3,time_cooldown,63.0,0.1558745828368977,0.5694223034062614,0.5109428589932384,0.3050724363660408,0.7695143970445747,0.3896704611815277,39,14,63.0,63,-0.1336326573327251,0.10013674344436341,0.749343352463897,EMA,200,0.02,3.0,0.0
18,EMA_N200_th2_bL3_sL0,25,18_EMA_N200_th2_bL3_sL0_sl30_cool126,sl30_cool126,0.3,time_cooldown,126.0,0.06512014725609871,0.35776772805973295,0.7004013848136158,0.09297546902113546,0.4800630828513941,0.3532156219594199,31,12,126.0,126,-0.2243870929135241,-0.08932178237601396,-0.3980700548156637,EMA,200,0.02,3.0,0.0
18,EMA_N200_th2_bL3_sL0,26,18_EMA_N200_th2_bL3_sL0_sl30_rec5,sl30_rec5,0.3,recovery_trigger,0.05,0.2313043591304853,0.6948007405985053,0.5753239068076862,0.40204197390984403,0.9478571110260035,0.44228346088100723,50,17,10.176470588235293,27,-0.05820288103913751,0.03575569562991565,0.6143286207064622,EMA,200,0.02,3.0,0.0
18,EMA_N200_th2_bL3_sL0,27,18_EMA_N200_th2_bL3_sL0_sl30_rec10,sl30_rec10,0.3,recovery_trigger,0.1,0.18889725217536513,0.6224828843130478,0.5935814876096888,0.3182330583388663,0.8478636619487833,0.4248921610395675,46,16,31.3125,86,-0.10060998799425769,0.01749811482791308,0.17392025560038615,EMA,200,0.02,3.0,0.0
18,EMA_N200_th2_bL3_sL0,28,18_EMA_N200_th2_bL3_sL0_sl30_rec15,sl30_rec15,0.3,recovery_trigger,0.15,0.09998246130148258,0.4406279688722261,0.7335080564095119,0.13630724356442944,0.5935384381175208,0.405472007145821,46,16,54.125,112,-0.18952477886814023,-0.12242845397191005,-0.6459759758226036,EMA,200,0.02,3.0,0.0
18,EMA_N200_th2_bL3_sL0,29,18_EMA_N200_th2_bL3_sL0_sl35_next,sl35_next,0.35,next_signal,,0.2623693756333896,0.7884617014312234,0.5795238356499965,0.4527326737805614,1.090874812761131,0.39632692304897504,34,7,109.0,380,-0.027137864536233236,0.0315557667876053,1.1627947639532759,EMA,200,0.02,3.0,0.0
18,EMA_N200_th2_bL3_sL0,30,18_EMA_N200_th2_bL3_sL0_sl35_cool21,sl35_cool21,0.35,time_cooldown,21.0,0.2824164954504982,0.7880253655635279,0.5774296250200069,0.4890924940692347,1.0868368941616355,0.4400351227816703,40,9,21.0,21,-0.007090744719124631,0.0336499774175949,4.745619642297469,EMA,200,0.02,3.0,0.0
18,EMA_N200_th2_bL3_sL0,31,18_EMA_N200_th2_bL3_sL0_sl35_cool63,sl35_cool63,0.35,time_cooldown,63.0,0.25050153825679744,0.747626059218974,0.5521191308856048,0.4537092164420935,1.0243430941643128,0.4167045069047547,36,8,63.0,63,-0.039005701912825375,0.05896047155199702,1.5115859646307341,EMA,200,0.02,3.0,0.0
18,EMA_N200_th2_bL3_sL0,32,18_EMA_N200_th2_bL3_sL0_sl35_cool126,sl35_cool126,0.35,time_cooldown,126.0,0.13431431686966966,0.5221639684148687,0.5706977116177411,0.2353510696388331,0.7111474837245301,0.38529731842205955,34,7,126.0,126,-0.15519292329995316,0.040381890819860766,0.2602044601080915,EMA,200,0.02,3.0,0.0
18,EMA_N200_th2_bL3_sL0,33,18_EMA_N200_th2_bL3_sL0_sl35_rec5,sl35_rec5,0.35,recovery_trigger,0.05,0.2590072326824968,0.7404289004448461,0.5836987123816557,0.4437344595564964,1.0155719981824558,0.44924624406106123,42,9,12.88888888888889,47,-0.030500007487126002,0.027380890055946128,0.8977338798196542,EMA,200,0.02,3.0,0.0
18,EMA_N200_th2_bL3_sL0,34,18_EMA_N200_th2_bL3_sL0_sl35_rec10,sl35_rec10,0.35,recovery_trigger,0.1,0.2621928281895427,0.7525943145515654,0.6231856528852858,0.4207298851884936,1.0365772229385257,0.4389765659497589,38,9,29.11111111111111,80,-0.02731441198008011,-0.01210605044768398,-0.4432110951724934,EMA,200,0.02,3.0,0.0
18,EMA_N200_th2_bL3_sL0,35,18_EMA_N200_th2_bL3_sL0_sl35_rec15,sl35_rec15,0.35,recovery_trigger,0.15,0.21816513477383093,0.6789676601911283,0.6185290647991201,0.3527160600685507,0.9294069707642498,0.42600013511263024,38,9,50.111111111111114,100,-0.07134210539579189,-0.007449462361518222,-0.10441887466300691,EMA,200,0.02,3.0,0.0
18,EMA_N200_th2_bL3_sL0,36,18_EMA_N200_th2_bL3_sL0_sl40_next,sl40_next,0.4,next_signal,,0.30414509923868116,0.815853427281725,0.5971252826175837,0.509348888905554,1.1284251754660841,0.4526996970053121,34,5,44.2,89,0.014637859069058345,0.013954319820018157,0.9533033317361922,EMA,200,0.02,3.0,0.0
18,EMA_N200_th2_bL3_sL0,37,18_EMA_N200_th2_bL3_sL0_sl40_cool21,sl40_cool21,0.4,time_cooldown,21.0,0.292731842296146,0.7964527652310853,0.5971252826175842,0.49023521665824304,1.098504959120357,0.4528024221260639,36,5,21.0,21,0.0032246021265232017,0.013954319820017602,4.327454759531307,EMA,200,0.02,3.0,0.0
18,EMA_N200_th2_bL3_sL0,38,18_EMA_N200_th2_bL3_sL0_sl40_cool63,sl40_cool63,0.4,time_cooldown,63.0,0.2287845634422494,0.6895434499168134,0.597125282617584,0.3831433203419885,0.9460886334113432,0.44297963581832034,34,5,63.0,63,-0.060722676727373415,0.013954319820017824,0.22980409580210914,EMA,200,0.02,3.0,0.0
18,EMA_N200_th2_bL3_sL0,39,18_EMA_N200_th2_bL3_sL0_sl40_cool126,sl40_cool126,0.4,time_cooldown,126.0,0.19758429841602276,0.6399583339149049,0.6186013622628258,0.31940488733045325,0.8791877427903547,0.4238470223676807,32,5,126.0,126,-0.09192294175360005,-0.0075217598252239615,-0.08182679624620892,EMA,200,0.02,3.0,0.0
18,EMA_N200_th2_bL3_sL0,40,18_EMA_N200_th2_bL3_sL0_sl40_rec5,sl40_rec5,0.4,recovery_trigger,0.05,0.29035266166772855,0.7913394920803926,0.5971252826175837,0.4862508256138918,1.0922009284929852,0.45417090987413555,36,5,11.2,19,0.0008454214981057362,0.013954319820018157,13.954319820018156,EMA,200,0.02,3.0,0.0
18,EMA_N200_th2_bL3_sL0,41,18_EMA_N200_th2_bL3_sL0_sl40_rec10,sl40_rec10,0.4,recovery_trigger,0.1,0.2925062904418483,0.7976164532341425,0.5971252826175838,0.48985748712498867,1.1017001573541658,0.45065323056872647,34,5,40.8,70,0.0029990502722254675,0.013954319820018046,4.652912940223286,EMA,200,0.02,3.0,0.0
18,EMA_N200_th2_bL3_sL0,42,18_EMA_N200_th2_bL3_sL0_sl40_rec15,sl40_rec15,0.4,recovery_trigger,0.15,0.2702336540657324,0.759423792849513,0.597125282617584,0.45255771599742783,1.0478525827045517,0.4500503582012993,34,5,52.6,78,-0.019273586103890405,0.013954319820017824,0.7240126328748505,EMA,200,0.02,3.0,0.0
19,SMA_N150_th0_bL3_sL-1,0,19_SMA_N150_th0_bL3_sL-1_baseline,baseline,,—,,0.2899124614191415,0.7835440238377155,0.6157028372665329,0.470864260925341,1.0903254321591336,0.46356166362265205,98,0,,0,0.0,0.0,0.0,SMA,150,0.0,3.0,-1.0
19,SMA_N150_th0_bL3_sL-1,1,19_SMA_N150_th0_bL3_sL-1_sl15_next,sl15_next,0.15,next_signal,,0.0683405937647763,0.3653132845504013,0.6565671024518115,0.10408775205089131,0.5145283454781807,0.3450323329922381,88,29,72.10344827586206,441,-0.2215718676543652,-0.040864265185278636,-0.1844289422564407,SMA,150,0.0,3.0,-1.0
19,SMA_N150_th0_bL3_sL-1,2,19_SMA_N150_th0_bL3_sL-1_sl15_cool21,sl15_cool21,0.15,time_cooldown,21.0,0.15361705878410659,0.5602044581950255,0.4893547657943815,0.313917569668983,0.7782114750451486,0.3970406480225395,104,45,21.0,21,-0.13629540263503492,0.12634807147215138,0.9270163852149876,SMA,150,0.0,3.0,-1.0
19,SMA_N150_th0_bL3_sL-1,3,19_SMA_N150_th0_bL3_sL-1_sl15_cool63,sl15_cool63,0.15,time_cooldown,63.0,0.07608360040128548,0.3855565731158388,0.603952174840471,0.12597620071718812,0.5374512894758151,0.3549708834288161,63,29,63.0,63,-0.21382886101785603,0.01175066242606182,0.054953584703799956,SMA,150,0.0,3.0,-1.0
19,SMA_N150_th0_bL3_sL-1,4,19_SMA_N150_th0_bL3_sL-1_sl15_cool126,sl15_cool126,0.15,time_cooldown,126.0,-0.12390368280987174,-0.2759292903661107,0.9427563638775035,-0.13142704473535763,-0.37766107426708884,0.3070300183465457,51,21,126.0,126,-0.41381614422901325,-0.32705352661097065,-0.790335348613111,SMA,150,0.0,3.0,-1.0
19,SMA_N150_th0_bL3_sL-1,5,19_SMA_N150_th0_bL3_sL-1_sl15_rec5,sl15_rec5,0.15,recovery_trigger,0.05,0.17009741227194786,0.5889999127107626,0.6187599699833394,0.27490047922222227,0.8149807422180806,0.41320749233681475,110,48,14.6875,40,-0.11981504914719365,-0.003057132716806521,-0.025515431814002024,SMA,150,0.0,3.0,-1.0
19,SMA_N150_th0_bL3_sL-1,6,19_SMA_N150_th0_bL3_sL-1_sl15_rec10,sl15_rec10,0.15,recovery_trigger,0.1,0.06741550247809847,0.36302064536740253,0.6306045808415233,0.10690614138599257,0.5027395634197878,0.3740319916899244,72,33,43.75757575757576,99,-0.22249695894104304,-0.014901743574990411,-0.06697504382043737,SMA,150,0.0,3.0,-1.0
19,SMA_N150_th0_bL3_sL-1,7,19_SMA_N150_th0_bL3_sL-1_sl15_rec15,sl15_rec15,0.15,recovery_trigger,0.15,-0.0001948372825486544,0.17305989502510752,0.8657964324484659,-0.00022503821365682462,0.23970663679958887,0.34444461954078615,52,25,83.84,215,-0.29010729870169016,-0.2500935951819331,-0.8620727444678938,SMA,150,0.0,3.0,-1.0
19,SMA_N150_th0_bL3_sL-1,8,19_SMA_N150_th0_bL3_sL-1_sl20_next,sl20_next,0.2,next_signal,,0.03566799285901556,0.2783995535098049,0.6750444559130343,0.052837990959828954,0.388371274198682,0.35835852263641027,86,21,85.80952380952381,442,-0.25424446856012595,-0.05934161864650145,-0.2334037746526935,SMA,150,0.0,3.0,-1.0
19,SMA_N150_th0_bL3_sL-1,9,19_SMA_N150_th0_bL3_sL-1_sl20_cool21,sl20_cool21,0.2,time_cooldown,21.0,0.13502407190314814,0.5152434491373361,0.5717725942409599,0.23614995413061973,0.7124876931088513,0.4124723897340155,94,30,21.0,21,-0.15488838951599337,0.04393024302557291,0.28362515203915134,SMA,150,0.0,3.0,-1.0
19,SMA_N150_th0_bL3_sL-1,10,19_SMA_N150_th0_bL3_sL-1_sl20_cool63,sl20_cool63,0.2,time_cooldown,63.0,0.06689169216793212,0.36195051162141284,0.7917960498037685,0.08448096221812415,0.4963270973289304,0.37086131265869116,65,23,63.0,63,-0.2230207692512094,-0.17609321253723564,-0.7895821233532075,SMA,150,0.0,3.0,-1.0
19,SMA_N150_th0_bL3_sL-1,11,19_SMA_N150_th0_bL3_sL-1_sl20_cool126,sl20_cool126,0.2,time_cooldown,126.0,-0.057960588785264666,0.001023848990418423,0.903035560732822,-0.0641841709292479,0.001412033616941148,0.34515451955139065,49,17,126.0,126,-0.3478730502044062,-0.28733272346628913,-0.8259700580354119,SMA,150,0.0,3.0,-1.0
19,SMA_N150_th0_bL3_sL-1,12,19_SMA_N150_th0_bL3_sL-1_sl20_rec5,sl20_rec5,0.2,recovery_trigger,0.05,0.12172190746106826,0.4850215993206207,0.6724361592779337,0.18101630285880824,0.6625562548709548,0.42811936891600716,100,34,12.911764705882353,52,-0.16819055395807325,-0.0567333220114008,-0.3373157450063655,SMA,150,0.0,3.0,-1.0
19,SMA_N150_th0_bL3_sL-1,13,19_SMA_N150_th0_bL3_sL-1_sl20_rec10,sl20_rec10,0.2,recovery_trigger,0.1,0.03298997251334046,0.28224636349291027,0.7904005455151386,0.041738296741482446,0.3862131507464013,0.3970656913194154,68,28,39.25,96,-0.25692248890580105,-0.17469770824860575,-0.679962696113603,SMA,150,0.0,3.0,-1.0
19,SMA_N150_th0_bL3_sL-1,14,19_SMA_N150_th0_bL3_sL-1_sl20_rec15,sl20_rec15,0.2,recovery_trigger,0.15,-0.025917776239265944,0.11629676352294965,0.740855189117098,-0.03498359277222993,0.1591575889986984,0.37066433506384355,52,22,76.13636363636364,148,-0.31583023765840745,-0.12515235185056517,-0.39626462867664436,SMA,150,0.0,3.0,-1.0
19,SMA_N150_th0_bL3_sL-1,15,19_SMA_N150_th0_bL3_sL-1_sl25_next,sl25_next,0.25,next_signal,,0.2517419750901302,0.752137510054088,0.664519377058065,0.37883315939503936,1.053793635005874,0.4129636332744011,92,14,53.285714285714285,392,-0.03817048632901132,-0.04881653979153211,-1.2789079858914267,SMA,150,0.0,3.0,-1.0
19,SMA_N150_th0_bL3_sL-1,16,19_SMA_N150_th0_bL3_sL-1_sl25_cool21,sl25_cool21,0.25,time_cooldown,21.0,0.26430358067056736,0.7596077688225115,0.6402611329616185,0.41280591162545466,1.065972345671684,0.4334736391206152,80,18,21.0,21,-0.025608880748574148,-0.024558295695085608,-0.9589757528334372,SMA,150,0.0,3.0,-1.0
19,SMA_N150_th0_bL3_sL-1,17,19_SMA_N150_th0_bL3_sL-1_sl25_cool63,sl25_cool63,0.25,time_cooldown,63.0,0.13936652477402234,0.5309624679709878,0.5661642883074435,0.24615915848500552,0.7335265220505314,0.39134806134194977,63,16,63.0,63,-0.15054593664511917,0.04953854895908938,0.32905935598824054,SMA,150,0.0,3.0,-1.0
19,SMA_N150_th0_bL3_sL-1,18,19_SMA_N150_th0_bL3_sL-1_sl25_cool126,sl25_cool126,0.25,time_cooldown,126.0,-0.01935720841296984,0.13050656679384356,0.8696445777547696,-0.022258758242299264,0.17963961742755213,0.3650277678418314,57,13,126.0,126,-0.30926966983211135,-0.2539417404882367,-0.8211013405423503,SMA,150,0.0,3.0,-1.0
19,SMA_N150_th0_bL3_sL-1,19,19_SMA_N150_th0_bL3_sL-1_sl25_rec5,sl25_rec5,0.25,recovery_trigger,0.05,0.27828174818245466,0.7756788646694311,0.6188867377633065,0.44964891183188294,1.0809515632663143,0.4463241869383059,90,19,13.736842105263158,35,-0.011630713236686852,-0.0031839004967736395,-0.27374937649830766,SMA,150,0.0,3.0,-1.0
19,SMA_N150_th0_bL3_sL-1,20,19_SMA_N150_th0_bL3_sL-1_sl25_rec10,sl25_rec10,0.25,recovery_trigger,0.1,0.19965525145988616,0.6408874367468462,0.6908448412142635,0.2890015811784338,0.8918663237693463,0.4286778241383106,72,17,33.470588235294116,77,-0.09025720995925535,-0.07514200394773063,-0.8325318717657221,SMA,150,0.0,3.0,-1.0
19,SMA_N150_th0_bL3_sL-1,21,19_SMA_N150_th0_bL3_sL-1_sl25_rec15,sl25_rec15,0.25,recovery_trigger,0.15,0.09460887594740819,0.42744110643021704,0.7943066451043271,0.11910875545423885,0.5906160976638946,0.40735351479894083,68,16,59.25,120,-0.19530358547173332,-0.17860380783779428,-0.914493235781603,SMA,150,0.0,3.0,-1.0
19,SMA_N150_th0_bL3_sL-1,22,19_SMA_N150_th0_bL3_sL-1_sl30_next,sl30_next,0.3,next_signal,,0.15995986563482512,0.5715328533080631,0.7050976185339105,0.226862013755521,0.7930775179346976,0.4033016778932199,88,12,74.08333333333333,392,-0.1299525957843164,-0.08939478126737765,-0.6879030059218444,SMA,150,0.0,3.0,-1.0
19,SMA_N150_th0_bL3_sL-1,23,19_SMA_N150_th0_bL3_sL-1_sl30_cool21,sl30_cool21,0.3,time_cooldown,21.0,0.23639018249584498,0.7033249171747173,0.5483279273475704,0.4311109660953008,0.9780752341806297,0.4418436971753442,82,15,21.0,21,-0.05352227892329653,0.06737490991896244,1.258819902185374,SMA,150,0.0,3.0,-1.0
19,SMA_N150_th0_bL3_sL-1,24,19_SMA_N150_th0_bL3_sL-1_sl30_cool63,sl30_cool63,0.3,time_cooldown,63.0,0.03744227287265156,0.2969001094573769,0.6981714539911018,0.053629051515372846,0.40530815801235837,0.41018132952438785,73,15,63.0,63,-0.25247018854648995,-0.08246861672456895,-0.32664694869264993,SMA,150,0.0,3.0,-1.0
19,SMA_N150_th0_bL3_sL-1,25,19_SMA_N150_th0_bL3_sL-1_sl30_cool126,sl30_cool126,0.3,time_cooldown,126.0,-0.09001918603144288,-0.06237955383900378,0.9448101566853184,-0.09527753844990149,-0.08419397672753763,0.374585470728939,69,13,126.0,126,-0.3799316474505844,-0.32910731941878557,-0.8662277060285976,SMA,150,0.0,3.0,-1.0
19,SMA_N150_th0_bL3_sL-1,26,19_SMA_N150_th0_bL3_sL-1_sl30_rec5,sl30_rec5,0.3,recovery_trigger,0.05,0.22075502982646356,0.6694935077784148,0.6899960513113935,0.31993665674883315,0.9221618991676197,0.4531936207459117,86,16,11.3125,26,-0.06915743159267795,-0.07429321404486067,-1.0742621918412376,SMA,150,0.0,3.0,-1.0
19,SMA_N150_th0_bL3_sL-1,27,19_SMA_N150_th0_bL3_sL-1_sl30_rec10,sl30_rec10,0.3,recovery_trigger,0.1,0.14621177585214418,0.5332000378749524,0.6381090934901538,0.22913288236096932,0.7342332805259393,0.4360668157160129,76,15,34.2,93,-0.14370068556699733,-0.022406256223620913,-0.15592309901106546,SMA,150,0.0,3.0,-1.0
19,SMA_N150_th0_bL3_sL-1,28,19_SMA_N150_th0_bL3_sL-1_sl30_rec15,sl30_rec15,0.3,recovery_trigger,0.15,0.02578430327942649,0.27258574733598867,0.750288056723789,0.034365871945258385,0.3723868064252549,0.4193651573323241,72,15,58.86666666666667,117,-0.264128158139715,-0.1345852194572561,-0.5095451405300945,SMA,150,0.0,3.0,-1.0
19,SMA_N150_th0_bL3_sL-1,29,19_SMA_N150_th0_bL3_sL-1_sl35_next,sl35_next,0.35,next_signal,,0.1518267863776619,0.5493202673908488,0.6363097268196284,0.23860516345792007,0.7616826350213808,0.41768353848937584,92,8,87.375,381,-0.13808567504147962,-0.02060688955309553,-0.14923263797570183,SMA,150,0.0,3.0,-1.0
19,SMA_N150_th0_bL3_sL-1,30,19_SMA_N150_th0_bL3_sL-1_sl35_cool21,sl35_cool21,0.35,time_cooldown,21.0,0.19959569861219317,0.6329305607067665,0.6654538644569427,0.29993919830201504,0.8768781437228033,0.4467349447832927,94,11,21.0,21,-0.09031676280694834,-0.0497510271904098,-0.5508504251503389,SMA,150,0.0,3.0,-1.0
19,SMA_N150_th0_bL3_sL-1,31,19_SMA_N150_th0_bL3_sL-1_sl35_cool63,sl35_cool63,0.35,time_cooldown,63.0,0.017817628314940714,0.2560801543472499,0.8148782017274434,0.021865388320818368,0.34859173520405345,0.42426133046985975,87,11,63.0,63,-0.2720948331042008,-0.19917536446091055,-0.7320071542285951,SMA,150,0.0,3.0,-1.0
19,SMA_N150_th0_bL3_sL-1,32,19_SMA_N150_th0_bL3_sL-1_sl35_cool126,sl35_cool126,0.35,time_cooldown,126.0,-0.06659977999574496,0.01985183469435416,0.9283750859709087,-0.07173800870161644,0.026880101512791313,0.38942080129119494,88,9,126.0,126,-0.35651224141488647,-0.3126722487043758,-0.8770308908986594,SMA,150,0.0,3.0,-1.0
19,SMA_N150_th0_bL3_sL-1,33,19_SMA_N150_th0_bL3_sL-1_sl35_rec5,sl35_rec5,0.35,recovery_trigger,0.05,0.19011395102477624,0.6115294943765544,0.685436977457513,0.27736167915825716,0.8419765873491785,0.4585696348933139,100,12,8.916666666666666,20,-0.09979851039436527,-0.06973414019098012,-0.698749309137157,SMA,150,0.0,3.0,-1.0
19,SMA_N150_th0_bL3_sL-1,34,19_SMA_N150_th0_bL3_sL-1_sl35_rec10,sl35_rec10,0.35,recovery_trigger,0.1,0.1361704216316093,0.5117045454505562,0.7369358690781018,0.18477920175327728,0.7053063399330101,0.4442029906379452,90,11,31.818181818181817,82,-0.1537420397875322,-0.12123303181156897,-0.7885483500746452,SMA,150,0.0,3.0,-1.0
19,SMA_N150_th0_bL3_sL-1,35,19_SMA_N150_th0_bL3_sL-1_sl35_rec15,sl35_rec15,0.35,recovery_trigger,0.15,0.042115134901602014,0.3126343532050601,0.8261413316189347,0.05097812358458299,0.4273231084762914,0.42804090691793895,88,11,61.81818181818182,117,-0.2477973265175395,-0.2104384943524018,-0.8492363388654504,SMA,150,0.0,3.0,-1.0
19,SMA_N150_th0_bL3_sL-1,36,19_SMA_N150_th0_bL3_sL-1_sl40_next,sl40_next,0.4,next_signal,,0.2890388283490002,0.792423726800531,0.5699020230546429,0.5071728413943299,1.108386064029345,0.44888971122560256,90,5,48.2,122,-0.000873633070141322,0.04580081421188997,45.80081421188997,SMA,150,0.0,3.0,-1.0
19,SMA_N150_th0_bL3_sL-1,37,19_SMA_N150_th0_bL3_sL-1_sl40_cool21,sl40_cool21,0.4,time_cooldown,21.0,0.2473769162789199,0.7141585601487331,0.6391000737733259,0.3870707052471078,0.9919952658194975,0.45794852960991106,96,5,21.0,21,-0.04253554514022162,-0.02339723650679304,-0.5500631631653549,SMA,150,0.0,3.0,-1.0
19,SMA_N150_th0_bL3_sL-1,38,19_SMA_N150_th0_bL3_sL-1_sl40_cool63,sl40_cool63,0.4,time_cooldown,63.0,0.1762719903270824,0.58983916248628,0.6957810966070174,0.2533440347642014,0.8149902011038681,0.4449160502201635,90,5,63.0,63,-0.1136404710920591,-0.08007825934048451,-0.7046632117145472,SMA,150,0.0,3.0,-1.0
19,SMA_N150_th0_bL3_sL-1,39,19_SMA_N150_th0_bL3_sL-1_sl40_cool126,sl40_cool126,0.4,time_cooldown,126.0,0.17936014537323342,0.6022359430533025,0.7677626634889848,0.2336140501521102,0.8408855311008316,0.4258816386736804,80,4,126.0,126,-0.1105523160459081,-0.15205982622245195,-1.3754558173101268,SMA,150,0.0,3.0,-1.0
19,SMA_N150_th0_bL3_sL-1,40,19_SMA_N150_th0_bL3_sL-1_sl40_rec5,sl40_rec5,0.4,recovery_trigger,0.05,0.24380926250482737,0.7066557734804326,0.6556088250666368,0.3718822157100255,0.9796686375758396,0.460449755824793,98,5,8.4,19,-0.046103198914314136,-0.039905987800103904,-0.8655795853617845,SMA,150,0.0,3.0,-1.0
19,SMA_N150_th0_bL3_sL-1,41,19_SMA_N150_th0_bL3_sL-1_sl40_rec10,sl40_rec10,0.4,recovery_trigger,0.1,0.21094218365275297,0.6507196412964825,0.717851058642316,0.293852298625444,0.9015294174788576,0.4548277081131024,92,5,38.8,77,-0.07897027776638854,-0.10214822137578317,-1.293502115795516,SMA,150,0.0,3.0,-1.0
19,SMA_N150_th0_bL3_sL-1,42,19_SMA_N150_th0_bL3_sL-1_sl40_rec15,sl40_rec15,0.4,recovery_trigger,0.15,0.23485457707498236,0.698464755745724,0.6329636182710452,0.37103961475146563,0.9714779774110298,0.44591712129314537,78,4,100.0,223,-0.05505788434415915,-0.017260781004512338,-0.31350243857206,SMA,150,0.0,3.0,-1.0
20,SMA_N150_th2_bL1_sL0,0,20_SMA_N150_th2_bL1_sL0_baseline,baseline,,—,,0.12635688970926018,0.8693098609248431,0.22786618802944927,0.5545223308555541,1.2015955510539613,0.1498372117502486,36,0,,0,0.0,0.0,0.0,SMA,150,0.02,1.0,0.0
20,SMA_N150_th2_bL1_sL0,1,20_SMA_N150_th2_bL1_sL0_sl15_next,sl15_next,0.15,next_signal,,0.11275148867503226,0.835332498197571,0.21242070941405072,0.5307932968779279,1.1481831582748978,0.13960595126744246,36,6,88.0,192,-0.013605401034227915,0.01544547861539855,1.1352461111981516,SMA,150,0.02,1.0,0.0
20,SMA_N150_th2_bL1_sL0,2,20_SMA_N150_th2_bL1_sL0_sl15_cool21,sl15_cool21,0.15,time_cooldown,21.0,0.12354402294197109,0.8659520060877741,0.2136450257036582,0.5782677248630913,1.1943157965218012,0.1470529503944643,42,6,21.0,21,-0.0028128667672890906,0.01422116232579107,5.055753969995799,SMA,150,0.02,1.0,0.0
20,SMA_N150_th2_bL1_sL0,3,20_SMA_N150_th2_bL1_sL0_sl15_cool63,sl15_cool63,0.15,time_cooldown,63.0,0.10484260685785007,0.7732575450491593,0.22986099151713102,0.4561130888971929,1.0610041904120642,0.14202928912468976,36,6,63.0,63,-0.021514282851410105,-0.0019948034876817455,-0.09271996196475592,SMA,150,0.02,1.0,0.0
20,SMA_N150_th2_bL1_sL0,4,20_SMA_N150_th2_bL1_sL0_sl15_cool126,sl15_cool126,0.15,time_cooldown,126.0,0.0719328438371305,0.5895718266543968,0.2485491492701704,0.28941094366386355,0.8049379519834252,0.13282869159194893,34,6,126.0,126,-0.05442404587212968,-0.020682961240721137,-0.38003351109390404,SMA,150,0.02,1.0,0.0
20,SMA_N150_th2_bL1_sL0,5,20_SMA_N150_th2_bL1_sL0_sl15_rec5,sl15_rec5,0.15,recovery_trigger,0.05,0.12161910385369823,0.85033880063349,0.22176858046203105,0.5484054756553786,1.1727202738147335,0.14787940394896,40,6,10.833333333333334,28,-0.004737785855561949,0.006097607567418228,1.2870162884757463,SMA,150,0.02,1.0,0.0
20,SMA_N150_th2_bL1_sL0,6,20_SMA_N150_th2_bL1_sL0_sl15_rec10,sl15_rec10,0.15,recovery_trigger,0.1,0.12133371939173898,0.861316039851949,0.21242070941405103,0.5711953402586325,1.1879928790385608,0.14525038933844145,36,6,39.833333333333336,56,-0.005023170317521197,0.015445478615398245,3.0748466882604495,SMA,150,0.02,1.0,0.0
20,SMA_N150_th2_bL1_sL0,7,20_SMA_N150_th2_bL1_sL0_sl15_rec15,sl15_rec15,0.15,recovery_trigger,0.15,0.10832084138911147,0.7883077811158241,0.22011636939112272,0.492107159902484,1.0832246228830598,0.14358834628440637,36,6,60.0,76,-0.018036048320148712,0.00774981863832655,0.42968495652503613,SMA,150,0.02,1.0,0.0
20,SMA_N150_th2_bL1_sL0,8,20_SMA_N150_th2_bL1_sL0_sl20_next,sl20_next,0.2,next_signal,,0.08926293705606736,0.712920217534114,0.2731560865302294,0.32678362832742114,0.9806556758079541,0.1322304919658412,36,3,204.66666666666666,584,-0.03709395265319282,-0.04528989850078011,-1.2209509977061404,SMA,150,0.02,1.0,0.0
20,SMA_N150_th2_bL1_sL0,9,20_SMA_N150_th2_bL1_sL0_sl20_cool21,sl20_cool21,0.2,time_cooldown,21.0,0.1186839039959171,0.8320751629655447,0.2233332555878648,0.5314206506483489,1.1482656755670004,0.14799495433585827,38,3,21.0,21,-0.007672985713343072,0.004532932441584481,0.5907651351027357,SMA,150,0.02,1.0,0.0
20,SMA_N150_th2_bL1_sL0,10,20_SMA_N150_th2_bL1_sL0_sl20_cool63,sl20_cool63,0.2,time_cooldown,63.0,0.09842590248862759,0.7184194004666076,0.2601018380665525,0.3784129447921981,0.9891427888818023,0.145441512600692,38,3,63.0,63,-0.027930987220632586,-0.03223565003710324,-1.1541178184096124,SMA,150,0.02,1.0,0.0
20,SMA_N150_th2_bL1_sL0,11,20_SMA_N150_th2_bL1_sL0_sl20_cool126,sl20_cool126,0.2,time_cooldown,126.0,0.09499834505751825,0.7228678082503575,0.25467895586363853,0.37301215067169796,0.9948868504226285,0.13893726356105998,38,3,126.0,126,-0.031358544651741926,-0.02681276783418926,-0.8550386547578459,SMA,150,0.02,1.0,0.0
20,SMA_N150_th2_bL1_sL0,12,20_SMA_N150_th2_bL1_sL0_sl20_rec5,sl20_rec5,0.2,recovery_trigger,0.05,0.12583915266337353,0.8702136405087239,0.2295709979202285,0.548149173037529,1.2033712807721413,0.1490100044389642,38,3,10.0,17,-0.0005177370458866459,-0.0017048098907792297,-1.7048098907792297,SMA,150,0.02,1.0,0.0
20,SMA_N150_th2_bL1_sL0,13,20_SMA_N150_th2_bL1_sL0_sl20_rec10,sl20_rec10,0.2,recovery_trigger,0.1,0.11765910832659854,0.8247206344516074,0.24084371069553506,0.48852888035485575,1.138226280296958,0.14824874157019333,38,3,20.333333333333332,27,-0.00869778138266164,-0.012977522666085789,-1.4920497647774276,SMA,150,0.02,1.0,0.0
20,SMA_N150_th2_bL1_sL0,14,20_SMA_N150_th2_bL1_sL0_sl20_rec15,sl20_rec15,0.2,recovery_trigger,0.15,0.10853118813326756,0.7719061664611176,0.23493283367025838,0.46196687980019546,1.0634207145440142,0.14765189201534779,38,3,37.0,42,-0.017825701575992614,-0.0070666456408091105,-0.39643015511526136,SMA,150,0.02,1.0,0.0
20,SMA_N150_th2_bL1_sL0,15,20_SMA_N150_th2_bL1_sL0_sl25_next,sl25_next,0.25,next_signal,,0.12635688970926018,0.8693098609248431,0.22786618802944927,0.5545223308555541,1.2015955510539613,0.1498372117502486,36,0,,0,0.0,0.0,0.0,SMA,150,0.02,1.0,0.0
20,SMA_N150_th2_bL1_sL0,16,20_SMA_N150_th2_bL1_sL0_sl25_cool21,sl25_cool21,0.25,time_cooldown,21.0,0.12635688970926018,0.8693098609248431,0.22786618802944927,0.5545223308555541,1.2015955510539613,0.1498372117502486,36,0,,0,0.0,0.0,0.0,SMA,150,0.02,1.0,0.0
20,SMA_N150_th2_bL1_sL0,17,20_SMA_N150_th2_bL1_sL0_sl25_cool63,sl25_cool63,0.25,time_cooldown,63.0,0.12635688970926018,0.8693098609248431,0.22786618802944927,0.5545223308555541,1.2015955510539613,0.1498372117502486,36,0,,0,0.0,0.0,0.0,SMA,150,0.02,1.0,0.0
20,SMA_N150_th2_bL1_sL0,18,20_SMA_N150_th2_bL1_sL0_sl25_cool126,sl25_cool126,0.25,time_cooldown,126.0,0.12635688970926018,0.8693098609248431,0.22786618802944927,0.5545223308555541,1.2015955510539613,0.1498372117502486,36,0,,0,0.0,0.0,0.0,SMA,150,0.02,1.0,0.0
20,SMA_N150_th2_bL1_sL0,19,20_SMA_N150_th2_bL1_sL0_sl25_rec5,sl25_rec5,0.25,recovery_trigger,0.05,0.12635688970926018,0.8693098609248431,0.22786618802944927,0.5545223308555541,1.2015955510539613,0.1498372117502486,36,0,,0,0.0,0.0,0.0,SMA,150,0.02,1.0,0.0
20,SMA_N150_th2_bL1_sL0,20,20_SMA_N150_th2_bL1_sL0_sl25_rec10,sl25_rec10,0.25,recovery_trigger,0.1,0.12635688970926018,0.8693098609248431,0.22786618802944927,0.5545223308555541,1.2015955510539613,0.1498372117502486,36,0,,0,0.0,0.0,0.0,SMA,150,0.02,1.0,0.0
20,SMA_N150_th2_bL1_sL0,21,20_SMA_N150_th2_bL1_sL0_sl25_rec15,sl25_rec15,0.25,recovery_trigger,0.15,0.12635688970926018,0.8693098609248431,0.22786618802944927,0.5545223308555541,1.2015955510539613,0.1498372117502486,36,0,,0,0.0,0.0,0.0,SMA,150,0.02,1.0,0.0
20,SMA_N150_th2_bL1_sL0,22,20_SMA_N150_th2_bL1_sL0_sl30_next,sl30_next,0.3,next_signal,,0.12635688970926018,0.8693098609248431,0.22786618802944927,0.5545223308555541,1.2015955510539613,0.1498372117502486,36,0,,0,0.0,0.0,0.0,SMA,150,0.02,1.0,0.0
20,SMA_N150_th2_bL1_sL0,23,20_SMA_N150_th2_bL1_sL0_sl30_cool21,sl30_cool21,0.3,time_cooldown,21.0,0.12635688970926018,0.8693098609248431,0.22786618802944927,0.5545223308555541,1.2015955510539613,0.1498372117502486,36,0,,0,0.0,0.0,0.0,SMA,150,0.02,1.0,0.0
20,SMA_N150_th2_bL1_sL0,24,20_SMA_N150_th2_bL1_sL0_sl30_cool63,sl30_cool63,0.3,time_cooldown,63.0,0.12635688970926018,0.8693098609248431,0.22786618802944927,0.5545223308555541,1.2015955510539613,0.1498372117502486,36,0,,0,0.0,0.0,0.0,SMA,150,0.02,1.0,0.0
20,SMA_N150_th2_bL1_sL0,25,20_SMA_N150_th2_bL1_sL0_sl30_cool126,sl30_cool126,0.3,time_cooldown,126.0,0.12635688970926018,0.8693098609248431,0.22786618802944927,0.5545223308555541,1.2015955510539613,0.1498372117502486,36,0,,0,0.0,0.0,0.0,SMA,150,0.02,1.0,0.0
20,SMA_N150_th2_bL1_sL0,26,20_SMA_N150_th2_bL1_sL0_sl30_rec5,sl30_rec5,0.3,recovery_trigger,0.05,0.12635688970926018,0.8693098609248431,0.22786618802944927,0.5545223308555541,1.2015955510539613,0.1498372117502486,36,0,,0,0.0,0.0,0.0,SMA,150,0.02,1.0,0.0
20,SMA_N150_th2_bL1_sL0,27,20_SMA_N150_th2_bL1_sL0_sl30_rec10,sl30_rec10,0.3,recovery_trigger,0.1,0.12635688970926018,0.8693098609248431,0.22786618802944927,0.5545223308555541,1.2015955510539613,0.1498372117502486,36,0,,0,0.0,0.0,0.0,SMA,150,0.02,1.0,0.0
20,SMA_N150_th2_bL1_sL0,28,20_SMA_N150_th2_bL1_sL0_sl30_rec15,sl30_rec15,0.3,recovery_trigger,0.15,0.12635688970926018,0.8693098609248431,0.22786618802944927,0.5545223308555541,1.2015955510539613,0.1498372117502486,36,0,,0,0.0,0.0,0.0,SMA,150,0.02,1.0,0.0
20,SMA_N150_th2_bL1_sL0,29,20_SMA_N150_th2_bL1_sL0_sl35_next,sl35_next,0.35,next_signal,,0.12635688970926018,0.8693098609248431,0.22786618802944927,0.5545223308555541,1.2015955510539613,0.1498372117502486,36,0,,0,0.0,0.0,0.0,SMA,150,0.02,1.0,0.0
20,SMA_N150_th2_bL1_sL0,30,20_SMA_N150_th2_bL1_sL0_sl35_cool21,sl35_cool21,0.35,time_cooldown,21.0,0.12635688970926018,0.8693098609248431,0.22786618802944927,0.5545223308555541,1.2015955510539613,0.1498372117502486,36,0,,0,0.0,0.0,0.0,SMA,150,0.02,1.0,0.0
20,SMA_N150_th2_bL1_sL0,31,20_SMA_N150_th2_bL1_sL0_sl35_cool63,sl35_cool63,0.35,time_cooldown,63.0,0.12635688970926018,0.8693098609248431,0.22786618802944927,0.5545223308555541,1.2015955510539613,0.1498372117502486,36,0,,0,0.0,0.0,0.0,SMA,150,0.02,1.0,0.0
20,SMA_N150_th2_bL1_sL0,32,20_SMA_N150_th2_bL1_sL0_sl35_cool126,sl35_cool126,0.35,time_cooldown,126.0,0.12635688970926018,0.8693098609248431,0.22786618802944927,0.5545223308555541,1.2015955510539613,0.1498372117502486,36,0,,0,0.0,0.0,0.0,SMA,150,0.02,1.0,0.0
20,SMA_N150_th2_bL1_sL0,33,20_SMA_N150_th2_bL1_sL0_sl35_rec5,sl35_rec5,0.35,recovery_trigger,0.05,0.12635688970926018,0.8693098609248431,0.22786618802944927,0.5545223308555541,1.2015955510539613,0.1498372117502486,36,0,,0,0.0,0.0,0.0,SMA,150,0.02,1.0,0.0
20,SMA_N150_th2_bL1_sL0,34,20_SMA_N150_th2_bL1_sL0_sl35_rec10,sl35_rec10,0.35,recovery_trigger,0.1,0.12635688970926018,0.8693098609248431,0.22786618802944927,0.5545223308555541,1.2015955510539613,0.1498372117502486,36,0,,0,0.0,0.0,0.0,SMA,150,0.02,1.0,0.0
20,SMA_N150_th2_bL1_sL0,35,20_SMA_N150_th2_bL1_sL0_sl35_rec15,sl35_rec15,0.35,recovery_trigger,0.15,0.12635688970926018,0.8693098609248431,0.22786618802944927,0.5545223308555541,1.2015955510539613,0.1498372117502486,36,0,,0,0.0,0.0,0.0,SMA,150,0.02,1.0,0.0
20,SMA_N150_th2_bL1_sL0,36,20_SMA_N150_th2_bL1_sL0_sl40_next,sl40_next,0.4,next_signal,,0.12635688970926018,0.8693098609248431,0.22786618802944927,0.5545223308555541,1.2015955510539613,0.1498372117502486,36,0,,0,0.0,0.0,0.0,SMA,150,0.02,1.0,0.0
20,SMA_N150_th2_bL1_sL0,37,20_SMA_N150_th2_bL1_sL0_sl40_cool21,sl40_cool21,0.4,time_cooldown,21.0,0.12635688970926018,0.8693098609248431,0.22786618802944927,0.5545223308555541,1.2015955510539613,0.1498372117502486,36,0,,0,0.0,0.0,0.0,SMA,150,0.02,1.0,0.0
20,SMA_N150_th2_bL1_sL0,38,20_SMA_N150_th2_bL1_sL0_sl40_cool63,sl40_cool63,0.4,time_cooldown,63.0,0.12635688970926018,0.8693098609248431,0.22786618802944927,0.5545223308555541,1.2015955510539613,0.1498372117502486,36,0,,0,0.0,0.0,0.0,SMA,150,0.02,1.0,0.0
20,SMA_N150_th2_bL1_sL0,39,20_SMA_N150_th2_bL1_sL0_sl40_cool126,sl40_cool126,0.4,time_cooldown,126.0,0.12635688970926018,0.8693098609248431,0.22786618802944927,0.5545223308555541,1.2015955510539613,0.1498372117502486,36,0,,0,0.0,0.0,0.0,SMA,150,0.02,1.0,0.0
20,SMA_N150_th2_bL1_sL0,40,20_SMA_N150_th2_bL1_sL0_sl40_rec5,sl40_rec5,0.4,recovery_trigger,0.05,0.12635688970926018,0.8693098609248431,0.22786618802944927,0.5545223308555541,1.2015955510539613,0.1498372117502486,36,0,,0,0.0,0.0,0.0,SMA,150,0.02,1.0,0.0
20,SMA_N150_th2_bL1_sL0,41,20_SMA_N150_th2_bL1_sL0_sl40_rec10,sl40_rec10,0.4,recovery_trigger,0.1,0.12635688970926018,0.8693098609248431,0.22786618802944927,0.5545223308555541,1.2015955510539613,0.1498372117502486,36,0,,0,0.0,0.0,0.0,SMA,150,0.02,1.0,0.0
20,SMA_N150_th2_bL1_sL0,42,20_SMA_N150_th2_bL1_sL0_sl40_rec15,sl40_rec15,0.4,recovery_trigger,0.15,0.12635688970926018,0.8693098609248431,0.22786618802944927,0.5545223308555541,1.2015955510539613,0.1498372117502486,36,0,,0,0.0,0.0,0.0,SMA,150,0.02,1.0,0.0
