date,letf_rotation_EMA100_lev2x,etf_rotation_top1,blend_inverse_vol
2007-01-04,0.004204541987715471,0.018963922294171986,0.012730655960848488
2007-01-05,-0.01599231917493571,-0.004766227871084938,-0.00950729528219419
2007-01-08,0.009210481576602758,0.000684150513112769,0.004285039660306387
2007-01-09,-0.001739448788016018,0.005013673655423823,0.0021616561656996247
2007-01-10,0.006623477261892274,0.011791383219954543,0.009608843468737492
2007-01-11,0.008721247667500931,0.010309278350515427,0.00963861210388522
2007-01-12,0.015154478540639671,0.005102040816326481,0.009347444101136613
2007-01-16,-0.003949176958977563,-0.0006621054954756289,-0.0020503204112273404
2007-01-17,0.0007996710856981171,-0.00817137809187285,-0.004382673034338643
2007-01-18,-0.006752184100976888,-0.018481407258962412,-0.013527854311029578
2007-01-19,0.003889235853213213,0.002041742286751358,0.0028219863898063338
2007-01-22,-0.0062013122615937055,-0.010867104369481573,-0.008896620225803707
2007-01-23,0.005859994173581962,-0.0025177386129550117,0.0010203936557187188
2007-01-24,0.01606667566482156,0.016521340064249657,0.0163293235815064
2007-01-25,-0.023520085946317715,-0.012866817155756216,-0.01736596687026043
2007-01-26,-0.0018671815503946698,-0.0036588154584952237,-0.002902162327461081
2007-01-29,-0.0011654406083181357,0.0009180628873077801,3.814571429709181e-05
2007-01-30,0.010379043042086478,0.0004586104104562505,0.0046482645457111
2007-01-31,0.013406735935322489,0.010084804033921646,0.011487741410197334
2007-02-01,0.011925548764079918,-0.0011345586566823274,0.004381060983514491
2007-02-02,0.002726336388190864,0.001383009464193119,0.0019503310126689202
2007-02-05,0.0005128759940433714,0.0002762792662975855,0.0003762001564034642
2007-02-06,0.0005125162643546677,0.0002760994017492191,0.00037594433017510017
2007-02-07,0.004377571959578441,0.0022086272496972814,0.0031246284474595043
2007-02-08,-0.002656623395928537,-0.001308470427936692,-0.0018778301390539424
2007-02-09,-0.01493420702144499,-0.00744726224114578,-0.010609191798450844
2007-02-12,-0.006848144304311243,-0.0034042308822532785,-0.004858684195527151
2007-02-13,0.01683040495045174,0.008435043745591564,0.011980620949226126
2007-02-14,0.01309452143833778,0.006567101989019886,0.009323799292843379
2007-02-15,0.0025700557851362493,0.0013048691621120323,0.0018391900495017452
2007-02-16,-0.000999998021189774,-0.00048015774046317183,-0.0006996996760511511
2007-02-20,0.004214719553957247,0.002127201046516314,0.003008813862396472
2007-02-21,-0.0008613341824610377,-0.0004108258208422866,-0.0006010871018074815
2007-02-22,-0.0015467520414859104,-0.000753534751432805,-0.0010885308370703038
2007-02-23,-0.007854751019951367,-0.003907534239649291,-0.005574545520348076
2007-02-26,-0.0018291525641728201,-0.0008947350124969278,-0.0012893636042935618
2007-02-27,-0.039129712658083515,-0.03905764330175154,-0.0390880800465986
2007-02-28,0.018931316201126647,0.010250845878136072,0.013916832003450655
2007-03-01,-0.006000060327636114,-0.0029801888942121435,-0.004255558357298108
2007-03-02,-0.0033954705402141627,-0.03190519598906094,-0.019864804853204524
2007-03-05,0.0,-0.012397991211550496,-0.00716200029491343
2007-03-06,0.0,0.01938662005402847,0.01119915123144875
2007-03-07,0.0,0.002338269680436378,0.001350758187767591
2007-03-08,0.015345401437639739,0.002799377916018697,0.00809788668878846
2007-03-09,0.0005286562211812562,-0.0035669975186104486,-0.001837297487910225
2007-03-12,0.0029437810428711852,0.001867704280155591,0.002322159204267321
2007-03-13,-0.0042743007977466,-0.010097871679353831,-0.007638427748624168
2007-03-14,0.0,0.0034526051475203268,0.001994481094785981
2007-03-15,0.0,0.0006255864873319084,0.00036138520590261477
2007-03-16,0.0,0.01000312597686781,0.005778548312700718
2007-03-19,0.022534483892221013,0.0018570102135559985,0.010589639759189634
2007-03-20,0.010944682887667367,0.008186592523941938,0.009351405100859755
2007-03-21,0.03287500829679213,0.008426535927684942,0.01875175531734188
2007-03-22,-0.0015750305108044316,-0.0009115770282586144,-0.0011917705167799448
2007-03-23,0.002893771997475314,-0.009276155717761636,-0.004136481887879858
2007-03-26,-0.002689825525865275,0.010590943975441247,0.0049821330569428555
2007-03-27,-0.004788230123760839,-0.0021263669501822013,-0.0032505403070082414
2007-03-28,-0.01459930724662295,0.0053272450532722004,-0.0030882510591093994
2007-03-29,0.0020755902366038637,-0.0060560181680542335,-0.002621830563148299
2007-03-30,0.00038292786950910873,0.001370906321401133,0.0009536575823376337
2007-04-02,0.0022138949245691375,0.0016732582902341253,0.001901583061423033
2007-04-03,0.021485330922875745,-0.0003037205770690665,0.008898356903802166
2007-04-04,0.002187389598043099,0.014886829712896787,0.009523529162578481
2007-04-05,0.005382618243896298,0.0007483909594372395,0.0027055444654385335
2007-04-09,0.002733431617018889,-0.004935686509123571,-0.0016968204572031529
2007-04-10,0.002314222164515156,0.009469412295205037,0.0064475912685697
2007-04-11,-0.008199519286241297,-0.00119118522930306,-0.004150985154689331
2007-04-12,0.008847971705685742,-0.0013416815742398613,0.0029616713727815625
2007-04-13,0.009085203146933507,0.01268846096432319,0.011166712410043127
2007-04-16,0.018952747043593954,0.008254716981132004,0.012772770533289329
2007-04-17,0.005277277350692833,-0.005847953216374324,-0.0011494818914078255
2007-04-18,0.0024079074389422583,0.00558823529411745,0.004245100952635478
2007-04-19,-0.000583011106434772,-0.012430535244223329,-0.007427020746462901
2007-04-20,0.01884232571804456,0.017325633051976874,0.017966171417213163
2007-04-23,-0.0075756402696496306,-0.006404657933042235,-0.006899193924671801
2007-04-24,0.0007707591850707463,-0.00776443012012884,-0.00415979990937602
2007-04-25,0.018323820644041033,0.002362320980363153,0.009103273270848857
2007-04-26,0.0022348425424663088,-0.015024304021210688,-0.007735322032569719
2007-04-27,-0.001643357846268123,0.0103185284881111,0.005266715890090889
2007-04-30,-0.01662506351084203,-0.006956779159265736,-0.011039944583447935
2007-05-01,0.005085477861354937,-0.005962140408406813,-0.0012964467549821238
2007-05-02,0.011664023812771207,-0.0004498425551056062,0.004666155124297968
2007-05-03,0.010793713713559194,0.012451245124512234,0.011751226930943489
2007-05-04,0.007542518688315569,0.010371906949177667,0.009176983434494777
2007-05-07,0.00035786583512753545,0.0008798944126704455,0.000659428302991875
2007-05-08,-0.002689526910519935,-0.005421245421245335,-0.00426757035688152
2007-05-09,0.005399839847877397,-0.006334708308780135,-0.0013789064767981045
2007-05-10,-0.02094470977235241,-0.021497405485544907,-0.021263987854852923
2007-05-11,0.017074891371992473,0.006818181818182056,0.011149854356254433
2007-05-14,-0.00441462616586763,-0.002558314522197125,-0.0033422827263083817
2007-05-15,0.0004918792782022674,0.003922751961376036,0.00247380608791066
2007-05-16,0.013641647766266418,-0.014126840997896184,-0.002399493199614385
2007-05-17,-0.003997505601311402,-0.008231707317073012,-0.006443494908736883
2007-05-18,0.017408988628721866,0.007070396557024239,0.011436650190741318
2007-05-21,-0.0010880641760731002,0.0022893772893772812,0.0008629967949229718
2007-05-22,-0.0016129748631489305,-0.006852444038373706,-0.004639681297913113
2007-05-23,0.00022280270163954619,0.004906470407850527,0.0029284369387333857
2007-05-24,-0.018145218906690852,-0.012053707659444801,-0.014626309705609991
2007-05-25,0.008301427063630795,0.0029343629343629996,0.005201012309277371
2007-05-29,0.007211988535454905,0.002001847859562478,0.0042022244195941225
2007-05-30,0.016250267004285446,-0.005378822806208494,0.003755698734455717
2007-05-31,-0.002124501462363537,0.01266996291718181,0.006421879676435389
2007-06-01,0.00987415734148489,0.013732072017088592,0.012102775314587092
2007-06-04,0.000219974777542431,0.0029532040472175503,0.0017988909504496966
2007-06-05,-0.007956632264122798,-2.1017189960614857e-06,-0.003361504784356594
2007-06-06,-0.02153957108264115,-0.010718789407314078,-0.015288684126237639
2007-06-07,-0.03613017348009284,-0.015510941151476554,-0.02421897387536509
2007-06-08,0.025982945522035505,0.01230257294469772,0.018080146531329853
2007-06-11,0.003403246645207192,-0.0019185674696224897,0.00032897165908079163
2007-06-12,-0.021850772655501616,-0.0059803502776590856,-0.01268283828524535
2007-06-13,0.02989690402667322,0.01095831542758896,0.01895656903066844
2007-06-14,0.012732744957595576,0.006588735387885292,0.00918350882737308
2007-06-15,0.01128579167744248,0.0078125,0.009279360506964787
2007-06-18,-0.0023916521189779605,0.0008380473496754082,-0.0005259378954167072
2007-06-19,0.004931277006311019,-0.00020933640360076833,0.0019616770017938517
2007-06-20,-0.027833835921377115,-0.009422110552763652,-0.017197856247748708
2007-06-21,0.0110757998668094,0.009088987529063619,0.009928069536462329
2007-06-22,-0.018857856478367574,-0.009426057813154642,-0.013409349242865895
2007-06-25,-0.00960462422794317,-0.004229223937407434,-0.006499393887867777
2007-06-26,-0.020596433250709367,-0.00573370142280738,-0.012010615764769967
2007-06-27,0.02841808399464152,0.01537804357112349,0.02088518840169171
2007-06-28,-0.00030549372105126427,-0.00042069835927638355,-0.00037204447422287525
2007-06-29,0.0006251398875172232,0.0016835016835017313,0.0012365282459719635
2007-07-02,0.01804181800213267,0.00861344537815123,0.012595289902435464
2007-07-03,0.007207211530749769,0.006248698187877766,0.006653503052723737
2007-07-05,-0.0021402865083390843,0.007244876837093628,0.003281280703708784
2007-07-06,0.010474222530189481,0.004110152075626816,0.006797862892995684
2007-07-09,0.0015292807644919915,0.0006139991813345347,0.0010005461609059372
2007-07-10,-0.028517904806627192,-0.008386173041521894,-0.016888321725097438
2007-07-11,0.014140108266009532,0.0068069306930693685,0.009903920399452575
2007-07-12,0.03154126253673728,0.015365703749231852,0.022197058719382316
2007-07-13,0.005919343343135486,0.006860371267150889,0.006462950944909001
2007-07-16,-0.0002980486911389191,-0.0010020040080159776,-0.0007047055520005627
2007-07-17,-0.0010730998231961442,0.00762286860581729,0.003950337231278366
2007-07-18,-0.003658409517645622,-0.0011945052757315056,-0.002235075478596849
2007-07-19,0.007728893831890682,0.00298983456248747,0.00499126131498286
2007-07-20,-0.02028869175026171,-0.005365659777424536,-0.011668040423223376
2007-07-23,0.006084108992234105,0.00039960039960029725,0.002800314745069951
2007-07-24,-0.034721737261281804,-0.014779308967445504,-0.023201509920849333
2007-07-25,0.004058109844144342,0.0014190147982970913,0.00253357258854011
2007-07-26,-0.02610966943206605,-0.008502024291498045,-0.015938186202428543
2007-07-27,0.0,-0.020212331563903452,-0.011676143509982431
2007-07-30,0.0,0.01166909772869329,0.006740937297682047
2007-07-31,0.0,-0.0210092687950566,-0.012136513628589134
2007-08-01,0.0,0.007784557121817803,0.004496938209658326
2007-08-02,0.0,0.009185803757828959,0.005306402311472548
2007-08-03,0.0,-0.01903185767480342,-0.010994214139521561
2007-08-06,0.0,0.011598481653310788,0.006700144209182039
2007-08-07,0.0,0.007087763185324336,0.004094418293850449
2007-08-08,0.02629969413150013,0.010970813496170573,0.01744459448207932
2007-08-09,-0.005338095939294685,-0.023136773136773203,-0.015619933469446323
2007-08-10,0.0,-0.009012785579543103,-0.0052064541648119645
2007-08-13,0.0,0.006768189509306355,0.00390980880971442
2007-08-14,0.0,-0.017016806722689126,-0.009830171088751942
2007-08-15,0.0,-0.01902115836717244,-0.01098803342499282
2007-08-16,0.0,-0.007843137254901933,-0.004530778444198397
2007-08-17,0.0,0.01690821256038655,0.009767439037311839
2007-08-20,0.0,0.004750593824228044,0.002744295732234202
2007-08-21,0.0,0.010530840318074386,0.00608339529983444
2007-08-22,0.0,0.013611229264142821,0.007862856679000167
2007-08-23,0.0,-0.0027276542173729768,-0.0015756956087407978
2007-08-24,0.023129813972593505,0.014096360193561974,0.017911420321109414
2007-08-27,-0.004885951460347093,-0.006639004149377681,-0.005898644860560084
2007-08-28,0.0,-0.023809523809523725,-0.013754148848459418
2007-08-29,0.0,0.028669234060761495,0.01656147833100758
2007-08-30,0.0,0.005199667221297721,0.003003713870815749
2007-08-31,0.018136628178557768,0.011173184357541999,0.014114025980448044
2007-09-04,0.02015146917091104,0.016574585635359185,0.018085195651324507
2007-09-05,-0.017345947401085415,-0.010064412238325326,-0.013139592025181876
2007-09-06,0.004561603286978189,-0.0008133387555916416,0.0014566376649535638
2007-09-07,-0.0051947904522831045,-0.01851851851851849,-0.012891565091937842
2007-09-10,0.0,-0.0006220194899438924,-0.0003593246433559076
2007-09-11,0.0,0.015145228215767581,0.008749008375389332
2007-09-12,0.0036054037945592032,0.00020437359493130636,0.0016407162192001107
2007-09-13,0.014026849347816617,0.004903964037597186,0.008756793403480956
2007-09-14,-0.00017412616002909775,0.0008133387555917526,0.0003963068961182893
2007-09-17,-0.010784988546316598,-0.008329947175944707,-0.00936677435995332
2007-09-18,0.05883946429936526,0.025609506248719605,0.0396433731505862
2007-09-19,0.011766613650557867,0.0021973631642029368,0.0062387040371420744
2007-09-20,-0.014124215571056031,-0.002790512258321831,-0.007577026991615807
2007-09-21,0.0053283500658680705,0.006596042374575228,0.006060663271604301
2007-09-24,-0.0037246071709585715,0.0045671167593328565,0.001065308245239018
2007-09-25,-0.003995157470166433,0.009488041114844803,0.0037937391820800368
2007-09-26,0.010529086935165521,0.0048952418249459395,0.007274559677290243
2007-09-27,0.011787559566673655,0.005066250974279152,0.007904832655552264
2007-09-28,-0.006702351732208789,-0.0032958511050795725,-0.0047345040317367465
2007-10-01,0.02250588014804733,0.011476366465668297,0.016134414085677746
2007-10-02,-0.0027617434071035563,0.0031503150315033146,0.0006535005270428141
2007-10-03,-0.00406326626433573,-0.002916105877074915,-0.0034005812461191803
2007-10-04,0.003081724686668119,0.0038245219347581294,0.003510819531075274
2007-10-05,0.02372349045616251,-0.010757507844016079,0.0038047055674688733
2007-10-08,-0.010690975039033268,-0.0007929315813323123,-0.004973130191952214
2007-10-09,0.01879649295277308,-0.0012470241469221266,0.007217869212067359
2007-10-10,-0.003362727104732177,0.0005675368898978572,-0.0010923147929051164
2007-10-11,-0.009641526032356906,-0.0010209869540556138,-0.004661662571606368
2007-10-12,0.011023557886991275,-0.004883034294798971,0.0018347291523077179
2007-10-15,-0.016927125552649858,0.00022823234052271602,-0.007016917020175695
2007-10-16,-0.015909575317910485,0.0003422703936108995,-0.006521302508815048
2007-10-17,0.006072958936713446,0.010948905109488871,0.008889667493085483
2007-10-18,-0.007300596640696155,0.005527978339350259,0.00011014081044946047
2007-10-19,-0.052352831705927305,0.01492202400987308,-0.01348987977642969
2007-10-22,0.01158582707059419,0.00011054609772287449,0.004956852722285982
2007-10-23,0.016168661511462235,-0.0013264065436056072,0.006062211165442316
2007-10-24,-0.003729706384118514,0.007415605976757167,0.0027086535931919774
2007-10-25,0.004713420307234761,-0.0034058448692594334,2.3129872574944362e-05
2007-10-26,0.023406037255728984,-0.002315070003307329,0.00854761586863396
2007-10-29,0.006600208314651246,0.003867403314917084,0.005021537231564613
2007-10-30,-0.01392415623314991,-0.0005503577325260967,-0.006198457192780782
2007-10-31,0.020736431673241684,-0.009030837004405212,0.0035406470166551773
2007-11-01,-0.046855009283438,0.008557457212713837,-0.014844654169007484
2007-11-02,0.0022114993596902277,0.024380854613114122,0.01501816506494893
2007-11-05,-0.015251243688183647,-0.0010021295252410356,-0.0070198973276398525
2007-11-06,0.026884728785393497,0.02106583072100321,0.023523301200704755
2007-11-07,-0.010770533163713902,0.00994719390887866,0.0011975643185303522
2007-11-08,0.0,-0.00012159533073918816,-7.024249168710701e-05
2007-11-09,0.0,-0.0006080505898090616,-0.000351255169424351
2007-11-12,0.0,-0.04721343392552946,-0.0272739851100628
2007-11-13,0.0,0.010472541507024369,0.0060497175777898945
2007-11-14,0.0,0.014661274014155623,0.008469440494147386
2007-11-15,0.0,-0.029023418036870807,-0.016766081294347743
2007-11-16,0.0,-0.0025657472738935816,-0.0014821661363317797
2007-11-19,0.0,-0.006559485530546638,-0.0037892458949710926
2007-11-20,0.0,0.02887105126877265,0.01667806293561255
2007-11-21,0.0,-0.0013841701270920215,-0.0007995994423038183
2007-11-23,0.0,0.023815524193548487,0.013757615115810447
2007-11-26,0.0,0.0006153846153844622,0.00035549184716009467
2007-11-27,0.0,-0.014760147601476037,-0.008526557219709203
2007-11-28,0.0,-0.006616729088639306,-0.003822314024553216
2007-11-29,0.0,-0.016212140253864415,-0.00936533598855761
2007-11-30,0.0,-0.012263668880940326,-0.007084405743100291
2007-12-03,0.0,0.012415933781686705,0.007172365255689278
2007-12-04,0.0,0.014307613694430232,0.00826514003361692
2007-12-05,0.03188920983029497,-0.009697732997481223,0.00786550375445945
2007-12-06,0.028587479999112597,0.00941116622154392,0.017509817288531963
2007-12-07,-0.0004371649786814036,-0.009701398513292214,-0.005788874152762332
2007-12-10,0.015466221232182553,0.01781170483460559,0.016821146716935142
2007-12-11,-0.012251108263623522,-0.014499999999999846,-0.01355023511444352
2007-12-12,0.018172377174832333,0.0209284627092845,0.01976449682338986
2007-12-13,-0.0041904090630188184,-0.02472356814511112,-0.016051886369475004
2007-12-14,-0.003554178914543238,0.0002547770700636054,-0.0013538431166236914
2007-12-17,0.0,-0.004966887417218513,-0.0028692429716984805
2007-12-18,0.0,0.014335082554716383,0.008281008086925997
2007-12-19,0.0,-0.00012618296529975925,-7.289265004866116e-05
2007-12-20,0.0,-0.007193336698636976,-0.0041554053941458375
2007-12-21,0.02710143746279159,0.01817719588153044,0.021946132885923945
2007-12-24,0.01481201479084171,0.0004993757802747023,0.0065439717614862464
2007-12-26,0.004249093290604966,0.017219865235837295,0.011741974267199164
2007-12-27,-0.008188407117711405,0.0004906771344457272,-0.0031747236174668367
2007-12-28,0.0,0.01765571358509055,0.01019925113235434
2007-12-31,0.0,-0.006506024096385565,-0.0037583626010007447
2008-01-02,0.0,0.029105020616056354,0.01681322100321026
2008-01-03,0.0,0.0,0.0
2008-01-04,0.0,0.0,0.0
2008-01-07,0.0,0.0,0.0
2008-01-08,0.0,0.0,0.0
2008-01-09,0.0,0.0,0.0
2008-01-10,0.0,0.0,0.0
2008-01-11,0.0,0.0,0.0
2008-01-14,0.0,0.0,0.0
2008-01-15,0.0,0.0,0.0
2008-01-16,0.0,0.0,0.0
2008-01-17,0.0,0.0,0.0
2008-01-18,0.0,0.0,0.0
2008-01-22,0.0,0.0,0.0
2008-01-23,0.0,0.0,0.0
2008-01-24,0.0,0.0,0.0
2008-01-25,0.0,0.0,0.0
2008-01-28,0.0,0.0,0.0
2008-01-29,0.0,0.0,0.0
2008-01-30,0.0,0.0,0.0
2008-01-31,0.0,0.0,0.0
2008-02-01,0.0,0.0,0.0
2008-02-04,0.0,0.0,0.0
2008-02-05,0.0,0.0,0.0
2008-02-06,0.0,0.0,0.0
2008-02-07,0.0,0.0,0.0
2008-02-08,0.0,0.0,0.0
2008-02-11,0.0,0.0,0.0
2008-02-12,0.0,0.0,0.0
2008-02-13,0.0,0.0,0.0
2008-02-14,0.0,0.0,0.0
2008-02-15,0.0,0.0,0.0
2008-02-19,0.0,0.0,0.0
2008-02-20,0.0,0.0,0.0
2008-02-21,0.0,0.0,0.0
2008-02-22,0.0,0.0,0.0
2008-02-25,0.0,0.0,0.0
2008-02-26,0.0,0.0,0.0
2008-02-27,0.0,0.0,0.0
2008-02-28,0.0,0.0,0.0
2008-02-29,0.0,0.0,0.0
2008-03-03,0.0,0.0,0.0
2008-03-04,0.0,0.0,0.0
2008-03-05,0.0,0.0,0.0
2008-03-06,0.0,0.0,0.0
2008-03-07,0.0,0.0,0.0
2008-03-10,0.0,0.0,0.0
2008-03-11,0.0,0.0,0.0
2008-03-12,0.0,0.0,0.0
2008-03-13,0.0,0.0,0.0
2008-03-14,0.0,0.0,0.0
2008-03-17,0.0,0.0,0.0
2008-03-18,0.0,0.0,0.0
2008-03-19,0.0,0.0,0.0
2008-03-20,0.0,0.0,0.0
2008-03-24,0.0,0.0,0.0
2008-03-25,0.0,0.0,0.0
2008-03-26,0.0,0.0,0.0
2008-03-27,0.0,0.0,0.0
2008-03-28,0.0,0.0,0.0
2008-03-31,0.0,0.0,0.0
2008-04-01,0.0,0.0,0.0
2008-04-02,0.0,0.0,0.0
2008-04-03,0.0,0.0,0.0
2008-04-04,0.0,0.0,0.0
2008-04-07,0.0,0.0,0.0
2008-04-08,0.0,0.0,0.0
2008-04-09,0.0,0.0,0.0
2008-04-10,0.0,0.0,0.0
2008-04-11,0.0,0.0,0.0
2008-04-14,0.0,0.0,0.0
2008-04-15,0.0,0.0,0.0
2008-04-16,0.0,0.0,0.0
2008-04-17,0.0,0.0,0.0
2008-04-18,0.019297268326938344,0.0,0.008149733287568703
2008-04-21,0.0009713949002925215,0.0,0.00041024507822369456
2008-04-22,-0.0088451821669423,0.0,-0.003735548178076026
2008-04-23,-0.0032294896573646925,0.0,-0.0013638966363826099
2008-04-24,0.008673735928504067,0.0,0.003663142017123286
2008-04-25,0.018468110045752217,0.0,0.007799558395953982
2008-04-28,0.00039010254128091226,0.0,0.00016475034768543344
2008-04-29,-0.007917688416791413,0.0,-0.0033438436859399684
2008-04-30,-0.011831557548335536,0.0,-0.004996771395920848
2008-05-01,0.04133164833578484,0.0,0.017455419314557036
2008-05-02,0.005487528539503073,0.0,0.002317524597118297
2008-05-05,-0.009650212171175121,0.0,-0.004075533077069692
2008-05-06,0.017286185283646782,0.0,0.007300401136287032
2008-05-07,-0.035660927827951716,0.0,-0.015060528032319347
2008-05-08,-0.005200232851050424,0.0,-0.0021961922304905798
2008-05-09,-0.003776532102065411,0.0,-0.001594926746228097
2008-05-12,0.022422708639423083,0.0,0.00946968720650803
2008-05-13,0.0002449394038841479,0.0,0.00010344421704937685
2008-05-14,0.004089133067887163,0.0,0.0017269461830582973
2008-05-15,0.024965573550664866,0.0,0.010543604533138557
2008-05-16,0.001784564999144811,0.0,0.0007536677487692867
2008-05-19,0.005427848501777577,0.0,0.0022923201805234435
2008-05-20,-0.01625784368198857,0.0,-0.006866105999792171
2008-05-21,-0.03386862068900509,0.0,-0.014303590578564316
2008-05-22,0.000246932978605896,0.0,0.00010428615498566007
2008-05-23,-0.006115373981566585,0.0,-0.0025826798932951376
2008-05-27,0.013259490613670488,0.0,0.005599824296353135
2008-05-28,0.009191515809621409,0.0,0.003881813792904354
2008-05-29,0.010010525426224381,0.0,0.004227702642154093
2008-05-30,0.004960403175159334,0.0,0.002094905983139811
2008-06-02,-0.020702481799545813,0.0,-0.008743191118999814
2008-06-03,-0.003923163346011838,0.0,-0.001656852896061419
2008-06-04,0.0,0.0,0.0
2008-06-05,0.03839451591633214,0.0,0.016214992667465445
2008-06-06,-0.007037913127646012,0.0,-0.0029722919285588645
2008-06-09,0.0,0.0,0.0
2008-06-10,0.0,0.0,0.0
2008-06-11,0.0,0.0,0.0
2008-06-12,0.0,0.0,0.0
2008-06-13,0.0,0.0,0.0
2008-06-16,0.0,0.0,0.0
2008-06-17,0.0,0.0,0.0
2008-06-18,0.0,0.0,0.0
2008-06-19,0.0,0.0,0.0
2008-06-20,0.0,0.0,0.0
2008-06-23,0.0,0.0,0.0
2008-06-24,0.0,0.0,0.0
2008-06-25,0.0,0.0,0.0
2008-06-26,0.0,0.0,0.0
2008-06-27,0.0,0.0,0.0
2008-06-30,0.0,0.0,0.0
2008-07-01,0.0,0.0,0.0
2008-07-02,0.0,0.0,0.0
2008-07-03,0.0,0.0,0.0
2008-07-07,0.0,0.0,0.0
2008-07-08,0.0,0.0,0.0
2008-07-09,0.0,0.0,0.0
2008-07-10,0.0,0.0,0.0
2008-07-11,0.0,0.0,0.0
2008-07-14,0.0,0.0,0.0
2008-07-15,0.0,0.0,0.0
2008-07-16,0.0,0.0,0.0
2008-07-17,0.0,0.0,0.0
2008-07-18,0.0,0.0,0.0
2008-07-21,0.0,0.0,0.0
2008-07-22,0.0,0.0,0.0
2008-07-23,0.0,0.0,0.0
2008-07-24,0.0,0.0,0.0
2008-07-25,0.0,0.0,0.0
2008-07-28,0.0,0.0,0.0
2008-07-29,0.0,0.0,0.0
2008-07-30,0.0,0.0,0.0
2008-07-31,0.0,0.0,0.0
2008-08-01,0.0,0.0,0.0
2008-08-04,0.0,0.0,0.0
2008-08-05,0.0,0.0,0.0
2008-08-06,0.0,0.0,0.0
2008-08-07,0.0,0.0,0.0
2008-08-08,0.0,0.0,0.0
2008-08-11,0.0,0.0,0.0
2008-08-12,0.0,0.0,0.0
2008-08-13,0.0,0.0,0.0
2008-08-14,0.0,0.0,0.0
2008-08-15,0.0,0.0,0.0
2008-08-18,0.0,0.0,0.0
2008-08-19,0.0,0.0,0.0
2008-08-20,0.0,0.0,0.0
2008-08-21,0.0,0.0,0.0
2008-08-22,0.0,0.0,0.0
2008-08-25,0.0,0.0,0.0
2008-08-26,0.0,0.0,0.0
2008-08-27,0.0,0.0,0.0
2008-08-28,0.0,0.0,0.0
2008-08-29,0.0,0.0,0.0
2008-09-02,0.0,0.0,0.0
2008-09-03,0.0,0.0,0.0
2008-09-04,0.0,0.0,0.0
2008-09-05,0.0,0.0,0.0
2008-09-08,0.0,0.0,0.0
2008-09-09,0.0,0.0,0.0
2008-09-10,0.0,0.0,0.0
2008-09-11,0.0,0.0,0.0
2008-09-12,0.0,0.0,0.0
2008-09-15,0.0,0.0,0.0
2008-09-16,0.0,0.0,0.0
2008-09-17,0.0,0.0,0.0
2008-09-18,0.0,0.0,0.0
2008-09-19,0.0,0.0,0.0
2008-09-22,0.0,0.0,0.0
2008-09-23,0.0,0.0,0.0
2008-09-24,0.0,0.0,0.0
2008-09-25,0.0,0.0,0.0
2008-09-26,0.0,0.0,0.0
2008-09-29,0.0,0.0,0.0
2008-09-30,0.0,0.0,0.0
2008-10-01,0.0,0.0,0.0
2008-10-02,0.0,0.0,0.0
2008-10-03,0.0,0.0,0.0
2008-10-06,0.0,0.0,0.0
2008-10-07,0.0,0.0,0.0
2008-10-08,0.0,0.0,0.0
2008-10-09,0.0,0.0,0.0
2008-10-10,0.0,0.0,0.0
2008-10-13,0.0,0.0,0.0
2008-10-14,0.0,0.0,0.0
2008-10-15,0.0,0.0,0.0
2008-10-16,0.0,0.0,0.0
2008-10-17,0.0,0.0,0.0
2008-10-20,0.0,0.0,0.0
2008-10-21,0.0,0.0,0.0
2008-10-22,0.0,0.0,0.0
2008-10-23,0.0,0.0,0.0
2008-10-24,0.0,0.0,0.0
2008-10-27,0.0,0.0,0.0
2008-10-28,0.0,0.0,0.0
2008-10-29,0.0,0.0,0.0
2008-10-30,0.0,0.0,0.0
2008-10-31,0.0,0.0,0.0
2008-11-03,0.0,0.0,0.0
2008-11-04,0.0,0.0,0.0
2008-11-05,0.0,0.0,0.0
2008-11-06,0.0,0.0,0.0
2008-11-07,0.0,0.0,0.0
2008-11-10,0.0,0.0,0.0
2008-11-11,0.0,0.0,0.0
2008-11-12,0.0,0.0,0.0
2008-11-13,0.0,0.0,0.0
2008-11-14,0.0,0.0,0.0
2008-11-17,0.0,0.0,0.0
2008-11-18,0.0,0.0,0.0
2008-11-19,0.0,0.0,0.0
2008-11-20,0.0,0.0,0.0
2008-11-21,0.0,0.0,0.0
2008-11-24,0.0,0.0,0.0
2008-11-25,0.0,0.0,0.0
2008-11-26,0.0,0.0,0.0
2008-11-28,0.0,0.0,0.0
2008-12-01,0.0,0.0,0.0
2008-12-02,0.0,0.0,0.0
2008-12-03,0.0,0.0,0.0
2008-12-04,0.0,0.0,0.0
2008-12-05,0.0,0.0,0.0
2008-12-08,0.0,0.0,0.0
2008-12-09,0.0,0.0,0.0
2008-12-10,0.0,0.0,0.0
2008-12-11,0.0,0.0,0.0
2008-12-12,0.0,0.0,0.0
2008-12-15,0.0,0.0,0.0
2008-12-16,0.0,0.0,0.0
2008-12-17,0.0,0.0,0.0
2008-12-18,0.0,0.0,0.0
2008-12-19,0.0,0.0,0.0
2008-12-22,0.0,0.0,0.0
2008-12-23,0.0,0.0,0.0
2008-12-24,0.0,0.0,0.0
2008-12-26,0.0,0.0,0.0
2008-12-29,0.0,0.0,0.0
2008-12-30,0.0,0.0,0.0
2008-12-31,0.0,0.0,0.0
2009-01-02,0.0,0.0,0.0
2009-01-05,0.0,0.0,0.0
2009-01-06,0.0,0.0,0.0
2009-01-07,0.0,0.0,0.0
2009-01-08,0.0,0.0,0.0
2009-01-09,0.0,0.0,0.0
2009-01-12,0.0,0.0,0.0
2009-01-13,0.0,0.0,0.0
2009-01-14,0.0,0.0,0.0
2009-01-15,0.0,0.0,0.0
2009-01-16,0.0,0.0,0.0
2009-01-20,0.0,0.0,0.0
2009-01-21,0.0,0.0,0.0
2009-01-22,0.0,0.0,0.0
2009-01-23,0.0,0.0,0.0
2009-01-26,0.0,0.0,0.0
2009-01-27,0.0,0.0,0.0
2009-01-28,0.0,0.0,0.0
2009-01-29,0.0,0.0,0.0
2009-01-30,0.0,0.0,0.0
2009-02-02,0.0,0.0,0.0
2009-02-03,0.0,0.0,0.0
2009-02-04,0.0,0.0,0.0
2009-02-05,0.0,0.0,0.0
2009-02-06,0.0,0.0,0.0
2009-02-09,0.0,0.0,0.0
2009-02-10,0.0,0.0,0.0
2009-02-11,0.0,0.0,0.0
2009-02-12,0.0,0.0,0.0
2009-02-13,0.0,0.0,0.0
2009-02-17,0.0,0.0,0.0
2009-02-18,0.0,0.0,0.0
2009-02-19,0.0,0.0,0.0
2009-02-20,0.0,0.0,0.0
2009-02-23,0.0,0.0,0.0
2009-02-24,0.0,0.0,0.0
2009-02-25,0.0,0.0,0.0
2009-02-26,0.0,0.0,0.0
2009-02-27,0.0,0.0,0.0
2009-03-02,0.0,0.0,0.0
2009-03-03,0.0,0.0,0.0
2009-03-04,0.0,0.0,0.0
2009-03-05,0.0,0.0,0.0
2009-03-06,0.0,0.0,0.0
2009-03-09,0.0,0.0,0.0
2009-03-10,0.0,0.0,0.0
2009-03-11,0.0,0.0,0.0
2009-03-12,0.0,0.0,0.0
2009-03-13,0.0,0.0,0.0
2009-03-16,0.0,0.0,0.0
2009-03-17,0.0,0.0,0.0
2009-03-18,0.0,0.0,0.0
2009-03-19,0.0,0.0,0.0
2009-03-20,0.0,0.0,0.0
2009-03-23,0.0,0.0,0.0
2009-03-24,0.0,0.0,0.0
2009-03-25,0.0,0.0,0.0
2009-03-26,0.0,0.0,0.0
2009-03-27,0.0,0.0,0.0
2009-03-30,0.0,0.0,0.0
2009-03-31,0.0,0.0,0.0
2009-04-01,0.0,0.0,0.0
2009-04-02,0.0,0.0,0.0
2009-04-03,0.0,0.0,0.0
2009-04-06,0.0,0.0,0.0
2009-04-07,0.0,0.0,0.0
2009-04-08,0.0,0.0,0.0
2009-04-09,0.07782737180174304,0.0,0.03286850303942906
2009-04-13,0.00042655683688130885,0.0,0.00018014593535597902
2009-04-14,-0.012374148521767103,0.0,-0.005225921534831267
2009-04-15,0.01976807155091831,0.0,0.008348565611468557
2009-04-16,0.02928583065735002,0.0,0.01236816034884729
2009-04-17,0.013370768326613325,0.0,0.005646819739748031
2009-04-20,-0.010464982894403563,0.0,-0.004419631732502793
2009-04-21,0.0374763904809694,0.0,0.01582724465588321
2009-04-22,-0.006910269029529514,0.0,-0.0029183845392974773
2009-04-23,0.018066645902893752,0.0,0.007630009751379687
2009-04-24,0.030181729071969476,0.0,0.012746521317260201
2009-04-27,-0.018964398950972683,0.0,-0.008009153979256315
2009-04-28,-0.0063303631668713,0.0,-0.0026734753618692687
2009-04-29,0.04249856684528441,0.0,0.017948239047362067
2009-04-30,0.0006468719929302313,0.0,0.0002731906985104264
2009-05-01,0.010713028758815524,0.0,0.0045243878878193445
2009-05-04,0.06799986767079269,0.0,0.02871809500276825
2009-05-05,-0.006861799842902361,0.0,-0.0028979147537825365
2009-05-06,0.034629611929586135,0.0,0.014624976773741688
2009-05-07,-0.02782344668008918,0.0,-0.011750557941254056
2009-05-08,0.04662556017915054,0.0,0.019691174595583213
2009-05-11,-0.037467192627242185,0.0,-0.015823360165424512
2009-05-12,-0.00595807372593915,0.0,-0.002516247945119322
2009-05-13,-0.050385971971251275,0.0,-0.02127929331984161
2009-05-14,0.017100642225502893,0.0,0.007222041525402538
2009-05-15,-0.016363541748190547,0.0,-0.006910745014701622
2009-05-18,0.05677474713996644,0.0,0.02397743757410307
2009-05-19,-0.0024511699083272775,0.0,-0.0010351921659033563
2009-05-20,-0.013428641713932876,0.0,-0.005671261161358161
2009-05-21,-0.028765855807653673,0.0,-0.012148561581318456
2009-05-22,-0.004299339576052996,0.0,-0.0018157218039305636
2009-05-26,0.0511848979327707,0.0,0.021616700324428292
2009-05-27,-0.03574625310877433,0.0,-0.015096563095397185
2009-05-28,0.0278403225434809,0.0,0.011757685052890264
2009-05-29,0.03537609034790523,0.0,0.0149402338303964
2009-06-01,0.048377004461146234,0.0,0.020430854612696125
2009-06-02,0.0016486366045003198,0.0013740038472107585,0.001489988331958534
2009-06-03,-0.02534270890384327,-0.0030186608122941827,-0.012446681129087256
2009-06-04,0.018753632595531977,0.011285439031103905,0.014439449467133443
2009-06-05,0.00038354818488772757,0.0010887316276537717,0.0007909145024532049
2009-06-08,-0.008289264510923045,-0.0029907558455682937,-0.005228452482881099
2009-06-09,0.010155622889951532,0.007635669484592267,0.008699910692354798
2009-06-10,-0.005111470420373743,-0.003518267929634722,-0.004191118363832586
2009-06-11,0.008858579984170722,0.0,0.0037412064212634733
2009-06-12,0.005444434735668802,-0.004617055947854443,-0.00036782936527100796
2009-06-15,-0.045895802738390334,-0.02046384720327421,-0.03120441685701996
2009-06-16,-0.027165688413002598,-0.009749303621169991,-0.017104691362188316
2009-06-17,-0.0020038030314931676,0.009535864978903241,0.0046623660505323615
2009-06-18,0.01459708377303337,-0.0019225946668897098,0.005054090892995043
2009-06-19,0.0072947350793939325,0.00949190396426558,0.008563982970678523
2009-06-22,-0.06001364972985679,-0.02986725663716805,-0.04259885466053431
2009-06-23,0.0015283954351590356,-0.0022805017103761926,-0.0006719063729438488
2009-06-24,0.017196020141262425,0.016857142857142904,0.017000259459762475
2009-06-25,0.04345785263024626,0.019668446192750544,0.02971532506961799
2009-06-26,-0.005252671131160458,0.0022044640396803317,-0.0009448761520017472
2009-06-29,0.018688563047174922,0.0021996150673633252,0.009163322362683905
2009-06-30,-0.01622091283479632,-0.0019204389574759562,-0.007959897289685155
2009-07-01,0.008225788094145647,0.0005497526113247275,0.0037915400410810816
2009-07-02,-0.054626576190871856,-0.037786774628879916,-0.044898656425861244
2009-07-06,-0.00026226355011560454,-0.008815868563414098,-0.0052034609249567414
2009-07-07,-0.01812405675175721,-0.021629270264806988,-0.02014892834473017
2009-07-08,0.0,-0.006818181818181723,-0.00393868807933152
2009-07-09,0.0,-0.004160599126274311,-0.002403470986624986
2009-07-10,0.0,0.004804679339879048,0.0027755395420122047
2009-07-13,0.047045848239129606,0.024116424116424007,0.03380011031861731
2009-07-14,0.011281139020331343,0.005887129516849443,0.008165158617093753
2009-07-15,0.058452779014521505,0.03854692230070644,0.04695367813420892
2009-07-16,-0.003256517125556635,0.012436844150796711,0.005809133605403144
2009-07-17,0.021869800632442038,-0.0038387715930902067,0.007018620411445699
2009-07-20,0.02120752943929749,0.012331406551059798,0.016080021792411844
2009-07-21,0.009210880142006106,-0.0017129805862199365,0.002900447070859909
2009-07-22,-0.0004581611413239095,0.007816968541467961,0.004322168205367922
2009-07-23,0.04412569545534972,0.03159288687098005,0.036885814635485535
2009-07-24,0.008151879687923858,0.005134788189987027,0.006408983614737979
2009-07-27,0.0058750636544531165,0.005108556832694955,0.0054322723998206195
2009-07-28,-0.009394009113663393,0.0005445634416407774,-0.003652751650454948
2009-07-29,-0.004943084366222594,-0.005079825834542806,-0.005022076391601984
2009-07-30,0.02085117212506149,0.017505470459518557,0.018918446419224008
2009-07-31,0.0027980594866099384,-0.004121863799283143,-0.001199402018942017
2009-08-03,0.032952970694777095,0.017455461579989118,0.024000458714680747
2009-08-04,0.0051375376900775205,0.0,0.002169714449713853
2009-08-05,-0.0057993647637860635,-0.007742257742257785,-0.0069217240111321895
2009-08-06,-0.010397216650078867,-0.008809463881197965,-0.00948001275753372
2009-08-07,0.0261891691977032,0.012696800406297726,0.018394975153340598
2009-08-10,-0.0041898801690103404,-0.007021063189568744,-0.005825381701653977
2009-08-11,-0.024992648179729793,-0.008585858585858808,-0.015514868279352582
2009-08-12,0.02141825389007912,0.015537442689760539,0.018021060680926605
2009-08-13,0.01523809523592834,0.0055179332831705175,0.009623007954095071
2009-08-14,-0.015398548345562424,-0.011474183088051704,-0.013131543582286357
2009-08-17,-0.04925091381298741,-0.029018420388594812,-0.03756312331533533
2009-08-18,0.015828489570713034,0.014293139293139356,0.014941557248117613
2009-08-19,0.017520111585864084,0.006917755572636297,0.011395403510351725
2009-08-20,0.020568560756933474,0.011704834605598124,0.01544821438576061
2009-08-21,0.03917212060896369,0.013329979879275644,0.0242437813022871
2009-08-24,-0.00023391386773730094,-0.0009928021841647539,-0.0006723041080043007
2009-08-25,0.003845321345009145,0.0029813664596269884,0.003346236853149348
2009-08-26,0.00015419105327763027,-0.0017339608620262625,-0.0009365456913692999
2009-08-27,0.0044189779241932126,0.002481389578163684,0.0032996830264233304
2009-08-28,-0.0004265297347484376,0.000990099009901213,0.0003918202151621005
2009-08-31,-0.017838096158962258,-0.010138476755687464,-0.013390224282298874
2009-09-01,-0.04415445903878046,-0.018735948038970607,-0.029470839719281716
2009-09-02,-0.007624512878669942,-0.0007637474541751788,-0.0036612253464296043
2009-09-03,0.016590251340925066,0.006624203821655961,0.01083312229846947
2009-09-04,0.027978201217570886,0.021513540875727655,0.024243733392520207
2009-09-08,0.017205075446019125,0.00941526263627357,0.012705101160770305
2009-09-09,0.015309064303347553,0.00859106529209619,0.011428249252036251
2009-09-10,0.020397992190367864,0.009491360428327988,0.01409751184936971
2009-09-11,-0.0004213983519721909,0.0009643201542912649,0.0003790955491107335
2009-09-14,0.009695928801117804,0.003853564547206201,0.006320945402958604
2009-09-15,0.00831898007311449,0.0031190019193858554,0.005315086584639404
2009-09-16,0.030228951588344488,0.0145898110499878,0.02119462278163004
2009-09-17,-0.0030214194016703333,-0.0002357378595003734,-0.0014122029015030397
2009-09-18,0.001235606749020901,0.0007073803348267571,0.0009304639505073021
2009-09-21,-0.005099652555553669,0.0030631479736098477,-0.0003842128686209229
2009-09-22,0.011608978802985392,0.0018792576932111782,0.0059883694422764155
2009-09-23,-0.016664320627117424,-0.004689331770222682,-0.009746677900869725
2009-09-24,-0.022077731136874168,-0.00895170789163724,-0.014495165481734403
2009-09-25,-0.010705333428049024,-0.008794865700023746,-0.009601705412988633
2009-09-28,0.03576692349174393,0.0170263788968823,0.02494099341766931
2009-09-29,-0.006059246121619899,-0.004480075453902277,-0.005146999887941708
2009-09-30,-0.007775531596034946,0.000710563713879786,-0.0028733328385741434
2009-10-01,-0.049665594085511855,-0.029585798816567976,-0.03806601338053471
2009-10-02,-0.009362786356793884,-0.007529089664613409,-0.008303506992412406
2009-10-05,0.029816888833976707,0.017931034482758568,0.02295073681659062
2009-10-06,0.028608654319393745,0.01863143631436337,0.022845072374935604
2009-10-07,0.005457426738692872,0.0003325573661454584,0.0024969216591778872
2009-10-08,0.015272226723200832,0.009142287234042756,0.011731118516231782
2009-10-09,0.012154295511130231,0.011694943172459116,0.01188893949265147
2009-10-12,0.007791755087644736,0.00016281341582558007,0.0033847119166072683
2009-10-13,-0.004125863816498376,-0.0042324597102393335,-0.004187441519642579
2009-10-14,0.03439173379985516,0.01912702305051517,0.025573703441300895
2009-10-15,0.0072789525352428,-0.0006416426050690482,0.0027034286650569777
2009-10-16,-0.014988183131674493,-0.009951845906902013,-0.012078820794371059
2009-10-19,0.0164907610268068,0.008268482490272344,0.011740962426477288
2009-10-20,-0.01060530782361957,-0.013828589805434888,-0.012467314830274271
2009-10-21,-0.01798675698307295,-0.013533344203489395,-0.015414135088403948
2009-10-22,0.02028739867600815,0.013884297520661226,0.016588492007948007
2009-10-23,-0.022906233349675786,-0.020899902184545183,-0.02174722749532639
2009-10-26,-0.021690311703720266,-0.008958007259648904,-0.014335187262398567
2009-10-27,-0.009206271258995646,-0.012264784946236729,-0.010973095864388953
2009-10-28,-0.03781453688909486,-0.033339003231842024,-0.03522913633297274
2009-10-29,0.04286808491507954,0.01900404715819093,0.029082444762872424
2009-10-30,-0.05798623668848368,-0.027283716111206946,-0.040250181090688016
2009-11-02,0.014637799111592686,-0.0019527782709035657,0.005053849737961668
2009-11-03,0.00628700457913367,0.0031633435582825165,0.00448254603655113
2009-11-04,0.0051203747926138465,0.0025800286669850347,0.003652882245596595
2009-11-05,0.0367502526502308,0.018394967594357325,0.026146877092026524
2009-11-06,0.005201309505499241,0.002620496022461616,0.0037104400080751948
2009-11-09,0.04551245038266871,0.022776066461308808,0.032378226816004316
2009-11-10,0.0003253808888790122,0.0001825317148853589,0.00024286059919550811
2009-11-11,0.010180228036610783,0.005109955287891266,0.007251262020907392
2009-11-12,-0.02037558812398954,-0.010167952791647616,-0.014478900022412897
2009-11-13,0.010783026807529739,0.005411354673025892,0.007679950127200047
2009-11-16,0.02896962233129252,0.01450465243568666,0.020613581671921295
2009-11-17,0.0022982367116954894,0.001168959625932997,0.0016458824162887517
2009-11-18,-0.0012970922738778645,-0.0006287048679722851,-0.000910982079368901
2009-11-19,-0.02610241283603898,-0.013031365147838647,-0.018551605144668564
2009-11-20,-0.007142213955689702,-0.0035512657075210674,-0.005067815613767803
2009-11-23,0.025364685551393373,0.012702184044594445,0.018049884469622475
2009-11-24,0.003028355720103404,0.0015340191301211892,0.002165115948794185
2009-11-25,0.006987977608410079,0.0035138300747816764,0.004981052031850676
2009-11-27,-0.03254102927917979,-0.016250673370443502,-0.023130510120727907
2009-11-30,0.0067139909107998275,0.003376836725380805,0.004786202864146292
2009-12-01,0.024701085150564905,0.012370383845734079,0.01757795650215837
2009-12-02,-0.0009381551357091622,0.015334810018742706,0.008462317831776096
2009-12-03,-0.015680131976851697,-0.004027521396207434,-0.008948718880080472
2009-12-04,0.011375428892283823,-0.04167649536647022,-0.01927130175170441
2009-12-07,-0.0031024696755238557,-0.005652598173235046,-0.004575613247013013
2009-12-08,-0.022233836274080265,-0.019096454778534055,-0.020421451766546177
2009-12-09,0.007441386705580255,-0.0009914375844976009,0.0025699612446375693
2009-12-10,0.011230995518187958,-0.0001804402742693334,0.004638902886695943
2009-12-11,0.008456340599454437,-0.013535462912831475,-0.004247758036615838
2009-12-14,0.01364045425993976,0.008415660446395856,0.010622225403752052
2009-12-15,-0.009336187409471175,-0.0002721335268505154,-0.004100116866046271
2009-12-16,0.003013752574367645,0.012521549768623519,0.008506162203259589
2009-12-17,-0.024071246384715028,-0.03808584998655795,-0.032167122032374984
2009-12-18,0.011218077487684441,0.01499906838084586,0.013402258572331339
2009-12-21,0.0202851518690228,-0.018357044515832865,-0.0020374500091429014
2009-12-22,0.007146161348269731,-0.0072931276297335534,-0.0011950441062441178
2009-12-23,0.0038983824384943855,0.003579165489309588,0.0037139790262647548
2009-12-24,0.009428830188378923,0.016987329892069525,0.013795180848194009
2009-12-28,0.004227742779191912,0.001753414544112264,0.0027983870676921894
2009-12-29,-0.002878575370693026,-0.009949332105020803,-0.0069631694756910655
2009-12-30,-0.0007504145935014472,-0.005024658044105235,-0.003219534980136062
2009-12-31,-0.019236269812493934,0.003553726737117735,-0.006071075610925997
2010-01-04,0.033879915449864795,0.023203802068772594,0.02771259964206877
2010-01-05,0.005254590821011762,-0.0009107468123861207,0.0016930340175597032
2010-01-06,0.0013683963123434228,0.016499544211485917,0.010109270851363568
2010-01-07,0.008402846701385913,-0.0061877858488028625,-2.578603793000232e-05
2010-01-08,0.0066158915029082,0.004963003068038541,0.0056610604132582305
2010-01-11,0.002753369744328049,0.013289036544850363,0.008839553178798627
2010-01-12,-0.01869217099090481,-0.02091271599468325,-0.01997492266418502
2010-01-13,0.01685280382317944,0.009503122454520785,0.012607082138781662
2010-01-14,0.005369495613301689,0.00439304285458153,0.0048054239966508
2010-01-15,-0.02248812942058198,-0.01044363117022229,-0.015530332907482795
2010-01-19,0.02495151774323534,0.005953454807865688,0.01397682595452539
2010-01-20,-0.020376897906333902,-0.023134863701578134,-0.02197010373313736
2010-01-21,-0.03849784392280864,-0.014411602717091965,-0.024583842559588988
2010-01-22,-0.04462338889740591,-0.001862717705131689,-0.01992165016698587
2010-01-25,0.01021578857308536,0.002892600541196222,0.0059853714071792345
2010-01-26,-0.008420843149557489,0.0007443245254932229,-0.003126361771760548
2010-01-27,0.009474543057057305,-0.009594644849386325,-0.0015412357960903865
2010-01-28,-0.022984233208638072,-0.00045058576148993,-0.009967125282993134
2010-01-29,-0.05278852173318971,-0.004883546205860401,-0.0251150508458325
2010-02-01,0.02951531692215581,0.022555681389203608,0.025494914674003222
2010-02-02,0.024167176070921004,0.012103429304969548,0.017198260185982254
2010-02-03,-0.01000525601340796,-0.004982786736727696,-0.007103904832640413
2010-02-04,-0.007791231633630935,-0.030865883638350078,-0.02112086396220199
2010-02-05,0.0,0.0020668921458097955,0.001193990373541548
2010-02-08,0.0,-0.0072192012000750205,-0.00417034665065798
2010-02-09,0.0,0.012560203985267693,0.007255706437576197
2010-02-10,0.0,-0.001958589815332923,-0.001131426905832962
2010-02-11,0.019361601167981357,0.010466311559667263,0.014223021400419273
2010-02-12,-0.0017043454443650408,-0.0008323314528806414,-0.0012006054144187814
2010-02-16,0.031430143450630554,0.015734912995186923,0.02236341294303862
2010-02-17,0.009437262967690652,0.004738472753781808,0.0067228928472796
2010-02-18,0.01175063126260567,0.005895156901868148,0.008368074493296948
2010-02-19,0.004107824449833375,0.002073753493823993,0.002932794032547561
2010-02-22,0.0003202238833439619,0.00017995321216490723,0.00023919312834422057
2010-02-23,-0.024328995240786022,-0.01214465635120554,-0.017290416391076764
2010-02-24,0.018355727713552872,0.009197705127037548,0.013065373869428479
2010-02-25,-0.0027467751221026404,-0.0013535462912830365,-0.0019419426999022049
2010-02-26,0.001225339598458719,0.0006325110689435753,0.0008828778213230044
2010-03-01,0.02072968715477619,0.010384684847390302,0.014753645688691617
2010-03-02,0.005501473952364444,0.007625272331154509,0.006728337591456253
2010-03-03,0.001742848655312601,0.005714285714286005,0.004037045586271749
2010-03-04,0.0060155267207402385,0.0026105651105650107,0.004048568070735345
2010-03-05,0.02854696518858657,0.020370654005207545,0.023823720744590778
2010-03-08,0.0003104268682398992,0.0018012608826174503,0.0011716432918078975
2010-03-09,0.003285774712696421,0.0035960443512139673,0.0034650094939321988
2010-03-10,0.008871727558026565,0.008510002985965937,0.008662768586563343
2010-03-11,0.008310321809295251,0.002960769800147922,0.005220023355826965
2010-03-12,0.00013355262874603646,-0.00044280442804423004,-0.00019939400271000348
2010-03-15,0.00047997794691645446,-0.003396337861783838,-0.0017592698869765605
2010-03-16,0.015892432795206135,0.008593865757890118,0.011676238543914553
2010-03-17,0.011814969123288277,0.0058763038049067795,0.008384355079779748
2010-03-18,-0.0010644476985256501,-0.0030670366583904762,-0.0022212917772486728
2010-03-19,-0.010115212271411544,-0.012489012598886906,-0.011486495599117498
2010-03-22,0.010652737913447785,0.01413047509550136,0.012661737137474833
2010-03-23,0.014026703941556251,0.010093622001170255,0.011754663775023466
2010-03-24,-0.009749247311361509,-0.011296162201303472,-0.010642860212752231
2010-03-25,-0.003291993392440129,-0.0063278160246081905,-0.005045709959575313
2010-03-26,-0.0012398539935830621,-0.0004127480173353737,-0.0007620561677310964
2010-03-29,0.01265546242648452,0.0054564223565845005,0.008496762341612505
2010-03-30,0.001324108799894086,0.0030800821355234653,0.002338489382445325
2010-03-31,-0.006853992591319802,-0.008590437198420897,-0.007857091930233075
2010-04-01,0.013635531136597878,0.009254820987427026,0.011104907679544453
2010-04-05,0.01625912900340576,0.018705246237030293,0.017672187945752014
2010-04-06,0.0046757098493694915,0.005881509109166849,0.005372269034395326
2010-04-07,-0.011464413721801292,-0.0031660011409015976,-0.006670634444369122
2010-04-08,0.00688833368136943,-0.0009728461472429117,0.0023471325069052973
2010-04-09,0.013094947416269376,0.0060146069024773485,0.009004817008641487
2010-04-12,0.003138903826159778,0.004128113879003692,0.003710345003146499
2010-04-13,0.0014635745180038295,0.002268216614686791,0.0019283955390394163
2010-04-14,0.022659140794251575,0.021357850070721218,0.02190741864937622
2010-04-15,0.0016106186398612277,0.0030466694363662228,0.0024401882090425236
2010-04-16,-0.03186423526411841,-0.013426756868700984,-0.02121337873000368
2010-04-19,0.007500531936718291,-0.004863030472658569,0.0003584202743352159
2010-04-20,0.017821931683837944,0.013640838138095912,0.015406621598784243
2010-04-21,-0.0036796560684211332,0.006936736958934597,0.0024531608287227803
2010-04-22,0.005927497968214235,0.010608983190961707,0.008631871440806585
2010-04-23,0.013016010734124839,0.010633946830265861,0.011639953751115647
2010-04-26,-0.0075924286199017255,-0.0037771482530689626,-0.0053884393892127645
2010-04-27,-0.047340877430496864,-0.02288422477995944,-0.03321289891309324
2010-04-28,0.015152755003138507,0.001662971175166339,0.007360054225592744
2010-04-29,0.024755090452246664,0.021167681239623537,0.022682736520035024
2010-04-30,-0.03396323044542959,-0.029264327326920414,-0.031248795102938036
2010-05-03,0.025884061253042434,0.02247034193998587,0.02391204350357952
2010-05-04,-0.047069179839402286,-0.031395031395031525,-0.03801462786677984
2010-05-05,-0.011952548434078225,-0.014656144306651409,-0.013514346156491218
2010-05-06,-0.02566868946176315,-0.03747139588100701,-0.03248680905977097
2010-05-07,0.0,-0.028826151560178204,-0.01665212553005161
2010-05-10,0.08641022418796229,0.0561505507955935,0.06892999000629713
2010-05-11,-0.005721500721201145,0.006663769375633732,0.0014331509132889733
2010-05-12,0.02793234543212031,0.030651892358612987,0.02950335766766904
2010-05-13,-0.024901325790336548,-0.009634180396537295,-0.016081889000366282
2010-05-14,-0.012942464222093997,-0.019314817425630904,-0.01662360859010297
2010-05-17,0.0,0.0018688901667625046,0.0010796097284730963
2010-05-18,0.0,-0.01922800975749761,-0.011107526147098633
2010-05-19,0.0,-0.011850768105339915,-0.006845883596555689
2010-05-20,0.0,-0.05063665975718101,-0.029251494530540732
2010-05-21,0.0,0.014815970056144545,0.008558804414434278
2010-05-24,0.0,-0.013370216689718606,-0.007723629920434962
2010-05-25,0.0,-0.00015576323987542828,-8.998041302732738e-05
2010-05-26,0.0,0.002414706340551298,0.0013949136781969793
2010-05-27,0.0,0.04297148185562194,0.024823518622606174
2010-05-28,0.0,-0.01281478170168382,-0.0074027694293899065
2010-06-01,0.0,-0.030339622641509467,-0.017526418804331312
2010-06-02,0.0,0.0,0.0
2010-06-03,0.0,0.0,0.0
2010-06-04,0.0,0.0,0.0
2010-06-07,0.0,0.0,0.0
2010-06-08,0.0,0.0,0.0
2010-06-09,0.0,0.0,0.0
2010-06-10,0.0,0.0,0.0
2010-06-11,0.0,0.0,0.0
2010-06-14,0.0,0.0,0.0
2010-06-15,0.0,0.0,0.0
2010-06-16,0.0,0.0,0.0
2010-06-17,0.0,0.0,0.0
2010-06-18,0.0,0.0,0.0
2010-06-21,0.0,0.0,0.0
2010-06-22,0.0,0.0,0.0
2010-06-23,0.0,0.0,0.0
2010-06-24,0.0,0.0,0.0
2010-06-25,0.0,0.0,0.0
2010-06-28,0.0,0.0,0.0
2010-06-29,0.0,0.0,0.0
2010-06-30,0.0,0.0,0.0
2010-07-01,0.0,0.0,0.0
2010-07-02,0.0,0.0,0.0
2010-07-06,0.0,0.0,0.0
2010-07-07,0.0,0.0,0.0
2010-07-08,0.0,0.0,0.0
2010-07-09,0.0,0.0,0.0
2010-07-12,0.0,0.0,0.0
2010-07-13,0.0,0.0,0.0
2010-07-14,0.0,0.0,0.0
2010-07-15,0.0,0.0,0.0
2010-07-16,0.0,0.0,0.0
2010-07-19,0.0,0.0,0.0
2010-07-20,0.0,0.0,0.0
2010-07-21,0.0,0.0,0.0
2010-07-22,0.0,0.0,0.0
2010-07-23,0.015792279048683744,0.0,0.006669486067619571
2010-07-26,0.020791763885353864,0.0,0.008780897242704262
2010-07-27,-0.00021895826494788828,0.0,-9.247171310475369e-05
2010-07-28,-0.012948691951816804,0.0,-0.00546856601889503
2010-07-29,-0.009784336513717351,0.0,-0.004132177240407763
2010-07-30,-0.0004023627471922975,0.0,-0.00016992814832206455
2010-08-02,0.04512219285706842,0.0,0.019056263866217848
2010-08-03,-0.009617547030126405,0.005772151898734146,-0.0007273142185043441
2010-08-04,0.0133269187784395,-0.007652033830044314,0.001207918030241238
2010-08-05,-0.002164140360229827,0.004667207792207861,0.0017821535713897878
2010-08-06,-0.008192097250606434,0.010906887497475148,0.002840894470735558
2010-08-09,0.010637423966251669,-0.0036963036963034712,0.0023571985656409638
2010-08-10,-0.010837098241173071,0.002105685350446196,-0.0033603854158068005
2010-08-11,-0.008770633956547425,0.01340804482689606,0.004041417711937943
2010-08-12,0.0,-0.002468404423380588,-0.0014259336780096394
2010-08-13,0.0,0.012471543106008287,0.0072044893305006925
2010-08-16,0.0,0.02502688434842093,0.014457386686737204
2010-08-17,0.0,-0.005722460658083128,-0.0033057181781706037
2010-08-18,0.0,0.002685851318944943,0.0015515471506751968
2010-08-19,0.0,0.015593609490098581,0.009008026692485772
2010-08-20,0.0,-0.0011303692539562649,-0.000652985212850735
2010-08-23,0.0,0.00018860807242537803,0.00010895402709070627
2010-08-24,0.0,0.016028663020931422,0.009259345915330928
2010-08-25,0.0,-0.003247958426132236,-0.0018762619531584985
2010-08-26,0.0,0.00940322130155491,0.005431998828336821
2010-08-27,0.0,-0.028315808891348437,-0.016357313710757816
2010-08-30,0.0,0.01913621262458487,0.011054497307040998
2010-08-31,0.0,0.011120838999310712,0.006424222346483447
2010-09-01,0.0,-0.02358142962417109,-0.013622384710633472
2010-09-02,0.0,0.0,0.0
2010-09-03,0.024364642993311536,0.0,0.010289816085789095
2010-09-07,-0.00506241737674562,0.0,-0.0021379892071685673
2010-09-08,0.012485276655832989,0.0,0.0052728538072150145
2010-09-09,0.009198611092645192,0.0,0.003884810313617233
2010-09-10,0.010057684932627486,0.0,0.004247619315988294
2010-09-13,0.022206460266597228,0.0,0.0093783599506217
2010-09-14,-0.0012816981550944906,0.0,-0.000541294132527939
2010-09-15,0.007594582885361634,0.0,0.0032073879005781124
2010-09-16,-0.0005702803465162942,0.0,-0.00024084407412017572
2010-09-17,0.0007056513831320554,0.0,0.0002980147484658326
2010-09-20,0.0305408135044678,0.0,0.012898171918941171
2010-09-21,-0.004067350870267883,0.0,-0.0017177470001477069
2010-09-22,-0.009865967853668445,0.0,-0.004166652257142622
2010-09-23,-0.016262570918114228,0.0,-0.006868102433326635
2010-09-24,0.04120476190331224,0.0,0.017401831907005717
2010-09-27,-0.009619895044676752,0.0,-0.004062729373933001
2010-09-28,0.006961280093228828,0.0,0.0029399278249491695
2010-09-29,-0.0035279532297606275,0.0,-0.0014899454879543257
2010-09-30,-0.005980103611171184,0.0,-0.002525551732886329
2010-10-01,0.008371778076066816,0.0,0.003535617441118126
2010-10-04,-0.015047098996663677,0.0025810151993117536,-0.004863791320762003
2010-10-05,0.04022405372490945,-0.006006864988558291,0.013517642354694694
2010-10-06,-0.00021203690026183608,0.012565947242206166,0.007169475526646067
2010-10-07,-0.0024528515478872137,-0.008336491095111698,-0.005851678620221959
2010-10-08,0.011177851327245802,-0.004394344669468864,0.0021821946585254795
2010-10-11,0.0018480813183698874,0.0001919017463059003,0.0008913490235041561
2010-10-12,0.006132627790853329,-0.009881043745203377,-0.0031180579296716956
2010-10-13,0.01551454359606308,-0.0015502373800989622,0.005656659016338408
2010-10-14,-0.007841582133237934,-0.014963609898107633,-0.011955794192434848
2010-10-15,0.004046814991713221,-0.012196083067344321,-0.005336288988941273
2010-10-18,0.009815882454601743,0.008078188889997007,0.008812061625097229
2010-10-19,-0.026248678143179993,0.0060348239018599426,-0.0075993302591449464
2010-10-20,0.019492571381163115,0.002163437899498577,0.009481977165654373
2010-10-21,0.00437195740073526,-0.011873221469924422,-0.005012464146054621
2010-10-22,0.003685027525795137,0.006752730883813118,0.005457160767377264
2010-10-25,0.005874977367840595,0.0028605247583350923,0.004133605712554433
2010-10-26,0.0002973014536047369,-0.015442116651913196,-0.008794955121675389
2010-10-27,-0.005767445343369149,-0.008791208791208649,-0.007514195630221999
2010-10-28,0.0002982123750261412,0.0027212255593629386,0.00169792470299036
2010-10-29,0.0014805877307078052,0.00934767313297824,0.006025200403015353
2010-11-01,0.0006354799213379447,-0.007468631746663901,-0.0040460567216439045
2010-11-02,0.015821280930734316,0.01072386058981234,0.012876632450021668
2010-11-03,0.007995807539931343,0.004547176960969956,0.00600362245106322
2010-11-04,0.038476365814648306,0.012259524707657565,0.02333157174792592
2010-11-05,0.007485264295524763,0.0,0.0031612198453150817
2010-11-08,-0.0037880528137709257,0.001257685858021107,-0.0008732595025961825
2010-11-09,-0.01440820241998575,-0.005350081414282282,-0.009175559146794028
2010-11-10,0.008018865277746867,0.004957904583722916,0.00625062709954152
2010-11-11,-0.007574490075084261,-0.0061435353253280756,-0.006747864360894882
2010-11-12,-0.023716104768917723,-0.016390371827292416,-0.019484217474184273
2010-11-15,-0.0028683015082920926,-0.003713578366025483,-0.0033565961845078646
2010-11-16,-0.03119855948738004,-0.016534454745292804,-0.022727483754593172
2010-11-17,0.0009758895660174627,0.00291545189504383,0.002096324782937784
2010-11-18,0.029396961006349143,0.01608527131782944,0.021707140627532213
2010-11-19,0.005462151405401405,0.0007629219912261842,0.002747527570305156
2010-11-22,-0.001702331139032176,0.008385744234800985,0.004125290252987371
2010-11-23,-0.028993838459569266,-0.015876015876015837,-0.02141601011553043
2010-11-24,0.029508650090228405,0.02016516228154397,0.024111157762683095
2010-11-26,-0.02333419169074258,-0.006588855421686746,-0.013660842093134343
2010-11-29,0.006020923521401267,-0.0007580064430547928,0.0021049102272960177
2010-11-30,-0.011285066897733231,-0.012232125924521053,-0.01183215851228734
2010-12-01,0.04249555250238468,0.021215321109724572,0.030202510758003783
2010-12-02,0.025578035004152566,0.0101522842639592,0.016666975989398723
2010-12-03,0.005345434954213024,0.002605620696072952,0.0037627148030222398
2010-12-06,-0.00215539577933066,-0.00046408019305732573,-0.0011783663137510969
2010-12-07,0.0011007540847145503,0.0006500139288700968,0.000840373102505128
2010-12-08,0.007287517654136488,0.0037119524870081744,0.005222005722042402
2010-12-09,0.00774746866145315,0.00101701183431957,0.003859457050675079
2010-12-10,0.011595740861364279,0.006650041562759723,0.008738737720229674
2010-12-13,0.0012456645041198922,-0.003578309936691504,-0.0015410213208836346
2010-12-14,0.00172653454459204,0.0017495395948434744,0.0017398239697798696
2010-12-15,-0.009183823071400421,-0.004320250022980088,-0.0063742621503806015
2010-12-16,0.011563862986905038,0.007754800590842104,0.009363465717827228
2010-12-17,0.0020875406626987836,-0.0010993037742761391,0.00024658268749118363
2010-12-20,0.004787348835199934,0.0007336757153337814,0.002445646249307132
2010-12-21,0.012640895309877775,0.006048387096774022,0.00883257306147351
2010-12-22,0.0061809092148708,-9.109127345585666e-05,0.002557736026520477
2010-12-23,-0.002901822785735586,-0.00260544775439564,-0.002730614561302895
2010-12-27,0.0007564958044794512,0.0005114902634177909,0.0006149624119001554
2010-12-28,0.0028254189338448032,-0.001825817053131451,0.00013851966588913065
2010-12-29,0.001390818930102844,0.002194988110481022,0.0018553667595659785
2010-12-30,-0.0032163026167690845,-0.0023726957473991783,-0.0027289726498314275
2010-12-31,0.0004375684949062819,-0.0036589828027807636,-0.0019289037102706897
2011-01-03,0.020636261793576027,0.015607785530664664,0.017731440531532847
2011-01-04,-0.001141610914219826,-0.014798994974874247,-0.00903113003075421
2011-01-05,0.010355655310337442,0.011705898854913022,0.01113565623947553
2011-01-06,-0.003956949855048575,-0.004663473657675943,-0.0043650904639938645
2011-01-07,-0.003964637401690507,-0.005698366468279037,-0.004966168042770399
2011-01-10,-0.0025565930335494924,0.0057310239429444465,0.0022309499011866317
2011-01-11,0.007048047811382796,0.004052171710776431,0.00531740732697294
2011-01-12,0.018009442470836357,0.008576113002900732,0.012560050930017443
2011-01-13,-0.003306131442737281,-0.00037514067775423765,-0.001612973546025733
2011-01-14,0.014449684134963059,0.007505629221916665,0.01043828240975457
2011-01-18,0.00336325636259871,0.0007449714427611998,0.0018507405809635908
2011-01-19,-0.019650553448421704,-0.025682382133994985,-0.023134985570352568
2011-01-20,-0.00269075466473756,-0.010441869349293365,-0.0071683740394777005
2011-01-21,0.004488737198371728,-0.006691545489640793,-0.0019698242364969793
2011-01-24,0.01133369130091455,0.007384376214535582,0.00905227366391859
2011-01-25,0.001044748134097384,0.0015432098765431057,0.0013326966481335427
2011-01-26,0.007702053157498723,0.01592193117616869,0.012450465040467328
2011-01-27,0.004895923229721211,0.0029069767441858296,0.0037469600571469037
2011-01-28,-0.03496544606079521,-0.024448645242595934,-0.028890161018544455
2011-01-31,0.014993201895749264,0.0069758429143522704,0.010361780046079223
2011-02-01,0.03197772498202034,0.023091725465041568,0.02684451186101801
2011-02-02,-0.0038640668128296918,-0.0037617554858935254,-0.0038049641936080273
2011-02-03,0.004405102501698677,0.003499056010069168,0.003881702772699813
2011-02-04,0.005618675006444418,0.0017810555890027668,0.003401781081412725
2011-02-07,0.012465082996902632,0.00989107299361458,0.010978143694551436
2011-02-08,0.009053293135055762,0.007066699727250159,0.007905689274898044
2011-02-09,-0.0045655933784699565,-0.004431860150190925,-0.0044883391359050945
2011-02-10,0.0007163467944575341,0.003956967973290482,0.002588370208773353
2011-02-11,0.011901067158430978,0.010838773247936917,0.011287407318669587
2011-02-14,0.004768370948829537,0.005117582551480426,0.004970101500053252
2011-02-15,-0.006335118348043678,-0.005721905685537543,-0.005980881182137157
2011-02-16,0.012590946736921405,0.00807139896120379,0.009980120357853757
2011-02-17,0.0059371572059350175,0.007014997581035187,0.006559797838003317
2011-02-18,0.004131639620015948,0.0010809512370886232,0.002369335491435909
2011-02-22,-0.040179428322258404,-0.025674865026994564,-0.03180051557537006
2011-02-23,-0.012328235977831281,-0.017239256249230284,-0.015165205937877475
2011-02-24,-0.0014135185968142672,0.006365117153238842,0.003079998988841234
2011-02-25,0.0213457906136163,0.02318284817849059,0.022407011467616016
2011-02-28,0.012353576737305305,0.0010708201508882187,0.005835818769863589
2011-03-01,-0.03338553308480863,-0.020032090241649203,-0.025671592983631787
2011-03-02,0.00423741209258055,0.004217315802530264,0.004225802983265105
2011-03-03,0.03440891131747681,0.02272727272727293,0.027660729487006767
2011-03-04,-0.01502432328298331,-0.004347826086956608,-0.00885678575518223
2011-03-07,-0.01574135084335271,-0.01637554585152834,-0.01610770897009141
2011-03-08,0.017460127245678914,0.016278209396966448,0.016777363736929538
2011-03-09,-0.002905876535734042,-0.004004368401892888,-0.003540447002444815
2011-03-10,-0.03705154144138334,-0.025706627680311955,-0.030497876874589436
2011-03-11,0.013812864789513712,0.0026259847442793305,0.0073504922312490955
2011-03-14,-0.012115500332824714,-0.0053629333998505,-0.008214716283201577
2011-03-15,-0.022953946283661986,-0.008902821316614351,-0.014836973183688696
2011-03-16,-0.037065195918737026,-0.009994939271255276,-0.021427405668327563
2011-03-17,0.02643043950859858,0.0021725239616612324,0.012417266298789295
2011-03-18,0.007208186056540056,0.013261922978831997,0.010705274002722021
2011-03-21,0.03095593424205645,0.02315630505914923,0.02645028929078769
2011-03-22,-0.0069766333660253865,-0.005289052890528834,-0.006001761577768576
2011-03-23,0.005683884636134673,0.0030913812291333276,0.004186262170633211
2011-03-24,0.019087264861015862,0.004807692307692291,0.010838323472602732
2011-03-25,0.006071852983491111,0.00871058765795607,0.007596182061826766
2011-03-28,-0.004914016126388865,-0.0021892483580635558,-0.0033399879449415616
2011-03-29,0.013397483439974822,0.009385665529010101,0.011079959530561193
2011-03-30,0.013762835281019514,0.012921144789276529,0.013276612356093339
2011-03-31,-0.00275113844071162,0.003457319980925133,0.0008353281318162526
2011-04-01,0.008407410001848747,0.004395865510276931,0.006090044039778297
2011-04-04,0.0016125893331782049,0.0008261359369132748,0.001158275456044823
2011-04-05,-0.00033984762959426984,-0.00015008254539983223,-0.00023022522659573883
2011-04-06,0.006264730548467101,0.0031522065445810377,0.0044667055738253185
2011-04-07,-0.005127218076241502,-0.002543767768965921,-0.0036348253533491012
2011-04-08,-0.006940372609819279,-0.003450345034503255,-0.004924273542062043
2011-04-11,-0.006061058423949661,-0.003010687942194945,-0.004298937938691603
2011-04-12,-0.0149875913414933,-0.007473954401328808,-0.01064715674502445
2011-04-13,-0.00019180850151456763,-7.606298014750656e-05,-0.00012494529407871326
2011-04-14,0.0014816927850695993,0.0007606876616461644,0.0010651866899707512
2011-04-15,0.0072573682358749725,0.003648525387655699,0.005172632644260508
2011-04-18,-0.022457131798400032,-0.011208724628900102,-0.01595921660467004
2011-04-19,0.011449288048568595,0.0057444852941177516,0.00815377038666422
2011-04-20,0.02722404451930971,0.013631863529053323,0.01937219153767183
2011-04-21,0.010178198751777279,0.005108940646130877,0.007249818869251827
2011-04-25,-0.00213267102791026,-0.0010464942442817149,-0.0015052146672840056
2011-04-26,0.017170733503308222,0.008605208021550403,0.012222649980770701
2011-04-27,0.013017665928423794,0.006528674233993614,0.009269142507476177
2011-04-28,0.006446644577646099,0.003243163558635187,0.004596076077361089
2011-04-29,0.004662396660483514,0.0023510396003232348,0.003327185200493463
2011-05-02,-0.0031181843359390227,-0.001539250897896527,-0.002206075143735876
2011-05-03,-0.007233927143806218,-0.0035502014440146334,-0.005105933656949401
2011-05-04,-0.013301304877398334,-0.01434480918067782,-0.013904110444873524
2011-05-05,-0.018136545256387193,-0.028836390712786764,-0.024317570473026153
2011-05-06,0.00879199173743328,0.01275527984944591,0.011081481231555248
2011-05-09,0.007709944880551101,0.014315209910529703,0.011525636413596791
2011-05-10,0.017032764016035484,0.003528294205455307,0.00923157952447711
2011-05-11,-0.021089215180418397,-0.00919540229885063,-0.014218465724968474
2011-05-12,0.0094812933613182,0.00034120376688973053,0.0042012989449771625
2011-05-13,-0.015437965039779455,-0.006548877822498245,-0.010302968233815641
2011-05-16,-0.012722463798503614,-0.0017853464258736906,-0.00640437270522221
2011-05-17,-0.00034000538781564504,-0.004333769003233123,-0.0026470997955602175
2011-05-18,0.01783221052940598,0.0059416885449770085,0.010963362140497918
2011-05-19,0.004723639877217911,0.0003434065934067032,0.002193291893004249
2011-05-20,-0.01592919842873408,0.012633024373498225,0.0005704622535860999
2011-05-23,-0.02324153868794776,0.0023052410332904394,-0.008483821830789684
2011-05-24,-0.0017055919738139247,0.005141040384224915,0.0022495312498381752
2011-05-25,0.006629510336465527,-6.729927989768125e-05,0.0027609358529888457
2011-05-26,0.009175514981165867,-0.002422937138242154,0.0024753878329590064
2011-05-27,0.007629490393525229,0.009985157198758587,0.008990298452340522
2011-05-31,0.02078272776569512,-0.00040080160320643543,0.008545548290520564
2011-06-01,-0.044961847104786457,0.0018043303929431431,-0.01794623051694201
2011-06-02,-0.00216298579254548,-0.0027349743179239105,-0.002493408835887442
2011-06-03,-0.0485719825110178,0.004816053511705665,-0.017731088755312707
2011-06-06,0.0,0.001730794834242877,0.000999835610605493
2011-06-07,0.0,-0.0003987240829346206,-0.0002303326362182273
2011-06-08,0.0,-0.004055311793644378,-0.0023426492055413127
2011-06-09,0.0,0.005006341365729972,0.002892034501878895
2011-06-10,0.0,-0.008767268862911681,-0.005064625479267952
2011-06-13,0.0,-0.009849906191369495,-0.0056900371877772575
2011-06-14,0.0,0.006090546118968421,0.003518351671325349
2011-06-15,0.0,0.00302683796327452,0.001748526355255917
2011-06-16,0.0,-0.0010059012875536233,-0.0005810832735065216
2011-06-17,0.0,0.006511378129824719,0.003761455488260938
2011-06-20,0.0,0.0006002400960383181,0.00034674324828043457
2011-06-21,0.0,0.004865693527961179,0.0028107858674516852
2011-06-22,0.0,0.0015256036083841629,0.0008813019227654309
2011-06-23,0.0,-0.0175574541360356,-0.010142489178655427
2011-06-24,0.0,-0.014015194925137808,-0.008096217239901804
2011-06-27,0.0,-0.0036236838506769065,-0.0020933088566026953
2011-06-28,0.024527205185441936,0.0034996225897208078,0.012380112145759323
2011-06-29,0.01708862545980394,0.006427789934354555,0.010930135275832972
2011-06-30,0.019085164462617543,-0.008010599266204732,0.003432639428083293
2011-07-01,0.029512488407858806,-0.007335566194751952,0.00822631604107905
2011-07-05,-0.0016824543438521689,0.01862968329538406,0.01005134456600678
2011-07-06,0.002351768024000167,0.008670324459798096,0.006001835384465129
2011-07-07,0.020711231845674805,0.0016117117722114216,0.009677930880643499
2011-07-08,-0.014224079703375136,0.007375125712370201,-0.0017467748789173803
2011-07-11,-0.03620039682529386,0.008918469217970015,-0.010136389649118154
2011-07-12,-0.008678009431646871,0.007784154627614059,0.00083175887158418
2011-07-13,0.00665742552574522,0.008967729266216917,0.007992028510072436
2011-07-14,-0.013844294189461537,0.002595043466978142,-0.004347712111397777
2011-07-15,0.011569574314439945,0.0042707389672576035,0.0073532250674471274
2011-07-18,-0.01644183911970909,0.008827319587628946,-0.0018444967739940244
2011-07-19,0.03242337541963303,-0.012199016414383257,0.006646168610740653
2011-07-20,-0.0012451372218434953,0.00879348247769296,0.004553914900537582
2011-07-21,0.02770249612547704,-0.007627227278554027,0.007293424597571332
2011-07-22,0.001298706932795879,0.008331718659174703,0.005361496718574038
2011-07-25,-0.011185469432084427,0.007814501665385665,-0.00020967534726110647
2011-07-26,-0.007511848721850289,0.0027329350451250622,-0.0015937009260973574
2011-07-27,-0.04099070631512658,-0.0036762375610066567,-0.019435098502421654
2011-07-28,-0.006894113726350959,0.0008270246198869291,-0.002433810910415387
2011-07-29,0.0,0.00616577676074237,0.003561810476012158
2011-08-01,0.0,-0.0036009855328826834,-0.0020801966228575376
2011-08-02,0.0,0.02409332995181357,0.013918096349316204
2011-08-03,0.0,-0.00018573551263023624,-0.0001072946232607701
2011-08-04,0.0,-0.005263483807046998,-0.0030405790692303817
2011-08-05,0.0,0.006909860557769099,0.003991648526613524
2011-08-08,0.0,0.03319319938176202,0.019174856612240596
2011-08-09,0.0,0.008921786272057641,0.0051538862079609695
2011-08-10,0.0,0.03540715260067606,0.020453800381132325
2011-08-11,0.0,-0.021938366364990247,-0.012673229371996726
2011-08-12,0.0,-0.004568081991215167,-0.002638863345683902
2011-08-15,0.0,0.01076660587162448,0.006219590989542873
2011-08-16,0.0,0.012339930151338496,0.007128459915406311
2011-08-17,0.0,0.0028748850045998697,0.0016607470435697688
2011-08-18,0.0,0.018919848641210768,0.010929509404864533
2011-08-19,0.0,0.012547828044114251,0.0072485571750321
2011-08-22,0.0,0.02578494026118383,0.014895296068840226
2011-08-23,0.0,-0.037488488000433584,-0.021656134250589307
2011-08-24,0.0,-0.03390555524286598,-0.01958636625120185
2011-08-25,0.0,0.004159724083287797,0.0024029654968226026
2011-08-26,0.0,0.02964724994198198,0.01712645292327906
2011-08-29,0.0,-0.0201724235081987,-0.01165308965376897
2011-08-30,0.0,0.029961469894761228,0.017307969699349692
2011-08-31,0.0,-0.007705192629815838,-0.004451091386134675
2011-09-01,0.0,0.0008440243079002041,0.00048757111042825043
2011-09-02,0.0,0.0,0.0
2011-09-06,0.0,0.0,0.0
2011-09-07,0.0,0.0,0.0
2011-09-08,0.0,0.0,0.0
2011-09-09,0.0,0.0,0.0
2011-09-12,0.0,0.0,0.0
2011-09-13,0.0,0.0,0.0
2011-09-14,0.0,0.0,0.0
2011-09-15,0.0,0.0,0.0
2011-09-16,0.0,0.0,0.0
2011-09-19,0.0,0.0,0.0
2011-09-20,0.0,0.0,0.0
2011-09-21,0.0,0.0,0.0
2011-09-22,0.0,0.0,0.0
2011-09-23,0.0,0.0,0.0
2011-09-26,0.0,0.0,0.0
2011-09-27,0.0,0.0,0.0
2011-09-28,0.0,0.0,0.0
2011-09-29,0.0,0.0,0.0
2011-09-30,0.0,0.0,0.0
2011-10-03,0.0,0.0,0.0
2011-10-04,0.0,0.0,0.0
2011-10-05,0.0,0.0,0.0
2011-10-06,0.0,0.0,0.0
2011-10-07,0.0,0.0,0.0
2011-10-10,0.0,0.0,0.0
2011-10-11,0.0,0.0,0.0
2011-10-12,0.0,0.0,0.0
2011-10-13,0.0,0.0,0.0
2011-10-14,0.03259712912230772,0.0,0.01376660695111944
2011-10-17,-0.006228112132602437,0.0,-0.0026302921173006065
2011-10-18,0.03749348020211407,0.0,0.015834462085154977
2011-10-19,-0.006912647023263885,0.0,-0.002919388827280952
2011-10-20,0.0071981793456106224,0.0,0.0030399764789983495
2011-10-21,0.03793500100511937,0.0,0.016020927688702773
2011-10-24,0.024482379249739283,0.0,0.010339539138394603
2011-10-25,-0.03892724330291031,0.0,-0.016439977159676444
2011-10-26,0.020277261791635803,0.0,0.008563609760939575
2011-10-27,0.06963047031742797,0.0,0.02940674048579396
2011-10-28,-0.0005061367106184989,0.0,-0.00021375456508680631
2011-10-31,-0.04825119109400189,0.0,-0.020377720388262608
2011-11-01,-0.011110177559031209,0.0,-0.004692114052082577
2011-11-02,0.03103439337812741,0.0,0.013106623408462222
2011-11-03,0.036414870245832676,0.0,0.015378937328174816
2011-11-04,-0.012237702340464063,0.0,-0.005168296799200955
2011-11-07,0.012392577580945696,0.0,0.005233704601040523
2011-11-08,0.025621651217226704,0.0,0.010820683024654654
2011-11-09,-0.07385888804663487,0.0,-0.031192510167679842
2011-11-10,0.01879760229472205,0.0,0.007938711456580535
2011-11-11,0.037605105103563075,0.0,0.015881604155195562
2011-11-14,-0.018988048241436295,0.0,-0.008019141683549653
2011-11-15,0.0098439457068491,0.0,0.004157351737506545
2011-11-16,-0.03176557086374976,0.0,-0.0134154184872651
2011-11-17,-0.00574996967807917,0.0,-0.0024283602473691318
2011-11-18,0.0,0.0,0.0
2011-11-21,0.0,0.0,0.0
2011-11-22,0.0,0.0,0.0
2011-11-23,0.0,0.0,0.0
2011-11-25,0.0,0.0,0.0
2011-11-28,0.0,0.0,0.0
2011-11-29,0.0,0.0,0.0
2011-11-30,0.08063597048781013,0.0,0.03405464658137846
2011-12-01,-0.000359708143150006,0.0,-0.00015191401074870375
2011-12-02,-0.0018001050406141195,0.0,-0.0007602307084124309
2011-12-05,0.021744715985944962,0.0,0.009183353451742112
2011-12-06,0.0005941314366781913,0.0,0.0002509170036221129
2011-12-07,0.007405272315628375,0.0,0.0031274371725421657
2011-12-08,-0.04391248298229611,0.0,-0.01854537223805046
2011-12-09,0.03384494835995455,0.0,0.014293593144482511
2011-12-12,-0.029234446522473534,0.0,-0.012346459505631504
2011-12-13,-0.018717727785207527,0.0,-0.007904978394574552
2011-12-14,-0.008045427194027122,0.0,-0.003397791060631231
2011-12-15,0.0,0.0,0.0
2011-12-16,0.0,0.0,0.0
2011-12-19,0.0,0.0,0.0
2011-12-20,0.058890005383065436,0.0,0.02487076559460446
2011-12-21,0.0038334716604617736,0.0,0.0016189737878393965
2011-12-22,0.01767796262508603,0.0,0.007465858795202695
2011-12-23,0.017841693686495352,0.0,0.0075350066382429345
2011-12-27,0.001542721131573055,0.0,0.0006515308564096308
2011-12-28,-0.026286816699760518,0.0,-0.011101599534852116
2011-12-29,0.020628426087013763,0.0,0.008711915484784035
2011-12-30,-0.009871588661327757,0.0,-0.004169026068943755
2012-01-03,0.031832827422075605,0.0,0.013443822663592498
2012-01-04,0.003097572362433132,-0.011889809930503259,-0.005560252487611009
2012-01-05,0.005285297881433726,-0.0017795102109990912,0.0012041401536906035
2012-01-06,-0.005194321713191896,0.007894736842105399,0.002366890392350059
2012-01-09,0.00481506649934027,-0.0017687189421377036,0.001011783171507114
2012-01-10,0.017301357923615646,-0.001687478906513773,0.006331995818345856
2012-01-11,0.001044496194979816,0.013015551048005669,0.007959866348486623
2012-01-12,0.004759079070463246,-0.0014183213749375811,0.0011905538911147688
2012-01-13,-0.010386373915378999,0.00994235107360697,0.0013570070793332443
2012-01-17,0.007721882192154306,0.0046326935804104075,0.005937337472704865
2012-01-18,0.022072579713951823,-0.012104743083004021,0.002329220344322357
2012-01-19,0.01051319656155747,-0.013753438359589976,-0.00350501360622336
2012-01-20,0.007415056544820997,-0.011325219743069548,-0.003410718535224887
2012-01-23,-0.005193149762371285,-0.006325867669687235,-0.0058474917317939265
2012-01-24,-0.0023191445867528637,0.001806607019958717,6.419588508737553e-05
2012-01-25,0.016695446017366278,-0.002404465435809411,0.005661918962352561
2012-01-26,-0.0102991876699422,0.01325643453559433,0.0033082887594449144
2012-01-27,-0.0009496006470981477,0.003143318324696276,0.001414773256937108
2012-01-30,-0.0068671745746144985,0.011771680216802194,0.003900011918356121
2012-01-31,-0.0008008913392941741,0.011551016991713459,0.006334488062088459
2012-02-01,0.017474785935148285,-0.013818783616052821,-0.0006027034363389524
2012-02-02,0.00313084663689156,0.005698711595639283,0.004614236105236655
2012-02-03,0.027997700637335532,0.021803399852180272,0.024419412566867027
2012-02-06,-0.001377574616454602,-0.0032549728752260254,-0.002462099250611795
2012-02-07,0.0050179597067570025,-0.0006047411707790218,0.0017698701851572485
2012-02-08,0.0058954758551512665,0.002178385574246766,0.003748208508868921
2012-02-09,0.002475296379001124,-0.004951092863180739,-0.001814737468828709
2012-02-10,-0.01481509625199584,-0.01371359223300983,-0.014178785742154823
2012-02-13,0.014845700015389207,0.012919896640826822,0.01373321299219215
2012-02-14,-0.002551502870775768,-0.004494655004858905,-0.0036740118256457757
2012-02-15,-0.009359898532450228,-0.008297742525930518,-0.008746318356264018
2012-02-16,0.022106571918484752,0.01882613510520481,0.02021154803733638
2012-02-17,0.0052524894561722935,-0.00012077294685963746,0.0021484941186607413
2012-02-21,0.0008400183620549395,-0.006764101944679357,-0.0035526861454825654
2012-02-22,-0.006487986196485607,-0.007904657667518133,-0.007306360828327398
2012-02-23,0.008781900934992981,0.014954645746506623,0.012347736674519789
2012-02-24,0.0043517395493897215,-0.0019323671497584183,0.0007215729147629594
2012-02-27,0.0033196981659544544,-0.0016940948693127122,0.00042335902645222637
2012-02-28,0.005792921718408062,-0.002666666666666595,0.0009060353289174032
2012-02-29,-0.007890802051557233,-0.014948954788527091,-0.011968115151813922
2012-03-01,0.010323768051987203,0.005181986428130836,0.007353493200353851
2012-03-02,-0.006138571670892379,-0.014974837363446736,-0.011243054842089373
2012-03-05,-0.008196408197359006,0.0011214953271028172,-0.00281369525205562
2012-03-06,-0.029290139577651364,-0.019915359721185077,-0.023874570639821537
2012-03-07,0.013912079984200298,0.009398018796037855,0.011304423065492616
2012-03-08,0.019858615049498374,0.012960493205837809,0.015873747675772654
2012-03-09,0.007695285353287895,0.01353743194953183,0.011070143016216812
2012-03-12,0.00010569799387138978,-0.001960784313725372,-0.0010880556266871526
2012-03-13,0.03601206916833166,0.01989194499017688,0.02669988849744803
2012-03-14,-0.002181621708716386,-0.008186852877438144,-0.0056506891300046914
2012-03-15,0.011539189592976618,0.008375819373634519,0.009711792068872783
2012-03-16,0.0027160025087653583,-0.0008426628144938553,0.0006602531813311074
2012-03-19,0.007800659583381053,0.008433734939759185,0.00816637091610554
2012-03-20,-0.005861478777395068,-0.008948626045400365,-0.007644844265127982
2012-03-21,-0.003315102647085788,-0.00025316150498477796,-0.0015462980892712586
2012-03-22,-0.014446643527807668,-0.009646689979500911,-0.01167383395390537
2012-03-23,0.006425834703420064,0.006696700353098883,0.006582306814891984
2012-03-26,0.02803049289745485,0.020803096274794486,0.023855411962188044
2012-03-27,-0.006253932945334939,-0.006990521327014276,-0.006679441087484805
2012-03-28,-0.00995680374069019,-0.005846557690013188,-0.007582420429328414
2012-03-29,-0.0034567822757326505,-0.002880460873739721,-0.003123856241134979
2012-03-30,0.008232441827315418,-0.003249879634087627,0.0015994003700634965
2012-04-02,0.014589960241139233,0.012317352976693563,0.01327713354038964
2012-04-03,-0.008217911529983746,-0.00029304029304011436,-0.0036399174688762376
2012-04-04,-0.019861288090775364,-0.013630367873369575,-0.016261845917186227
2012-04-05,-0.0010406835408284243,0.006240713224368477,0.003165591886366373
2012-04-09,-0.022501947364034103,-0.0075310100413468195,-0.013853622349871779
2012-04-10,-0.033609354079201625,-0.01606903734563303,-0.023476764736691295
2012-04-11,0.016148691264505244,0.004838953576289162,0.009615347009273497
2012-04-12,0.026091704322742215,0.011361926260345934,0.01758269080379342
2012-04-13,-0.02381661171404592,-0.015103042928353516,-0.018783007386698372
2012-04-16,-0.0013522098828590012,-0.011179936546306002,-0.007029434528442007
2012-04-17,0.02958454219447737,0.02032085561497321,0.024233148982278352
2012-04-18,-0.006798382567054451,-0.0025456723569932116,-0.004341701379035535
2012-04-19,-0.012881468847906752,-0.011259570635039795,-0.011944540011560204
2012-04-20,0.0033004278301953516,-0.0027330701488004205,-0.00018496859956411188
2012-04-23,-0.01685737010741406,-0.009135200974421553,-0.012396471832511418
2012-04-24,0.0075632124088038655,-0.005377996312231015,8.740934562385342e-05
2012-04-25,0.027343610738248758,0.02657191410474269,0.02689782146299866
2012-04-26,0.01389810034692407,0.005869074492099502,0.009259938844877831
2012-04-27,0.0032422809298056077,0.005984440454817275,0.004826355881281325
2012-04-30,-0.007447617577818755,-0.007138607971445499,-0.007269110684708966
2012-05-01,0.01240044043239874,0.001647693229478664,0.006188855238928345
2012-05-02,-0.006008135006081328,0.0028413339315087605,-0.0008960246601891608
2012-05-03,-0.015290537726900921,-0.010587533552043005,-0.012573733309752193
2012-05-04,-0.03235566099693743,-0.02486812358703827,-0.02803030342708264
2012-05-07,0.0014201714759278783,0.0009273570324574987,0.0011354852611010608
2012-05-08,-0.00806302316785168,-0.0037059913526870103,-0.005546078074675246
2012-05-09,-0.01190346869763681,-0.0030843149411035053,-0.006808870651274809
2012-05-10,0.004085851568353727,-0.0020366598778004397,0.0005490343505680747
2012-05-11,-0.00606820775528516,-0.00015578750584188672,-0.0026527548123346373
2012-05-14,-0.03314334857350043,-0.009348706762231318,-0.01939779667224558
2012-05-15,0.0,-0.003302925448254279,-0.0019080149865274706
2012-05-16,0.0,-0.006785545210667543,-0.0039198347515098505
2012-05-17,0.0,-0.02113123609787082,-0.012206970998966313
2012-05-18,0.0,-0.012984905047881856,-0.00750104530609055
2012-05-21,0.0,0.02795592830126603,0.01614941996020389
2012-05-22,0.0,-0.0011198208286673506,-0.0006468916591660306
2012-05-23,0.0,0.0019218449711724261,0.0011102003554810914
2012-05-24,0.0,-0.006553708439897665,-0.003785908618453818
2012-05-25,0.0,-0.0012872083668543643,-0.0007435871300212885
2012-05-29,0.0,0.012727565651683426,0.007352386962975342
2012-05-30,0.0,-0.008431434934775717,-0.0048706228661582664
2012-05-31,0.0,-0.004331782448259158,-0.0025023591840450266
2012-06-01,0.0,-0.026603287141476084,-0.015368033990491133
2012-06-04,0.0,-0.00790119668610001,-0.0045643178826661164
2012-06-05,0.0,-0.01337663341838724,-0.0077273366993665625
2012-06-06,0.0,-0.01998432601880873,-0.011544430577351139
2012-06-07,0.0,0.001519392243102935,0.0008777137769749642
2012-06-08,0.0,-0.00023954008304061247,-0.00013837613820714286
2012-06-11,0.0,0.004552352048558417,0.0026297765628313973
2012-06-12,0.0,-0.009142948004452256,-0.005281645646212395
2012-06-13,0.0,0.009869212870095456,0.00570119015896184
2012-06-14,0.0,-0.0012712537740344754,-0.0007343705725539133
2012-06-15,0.018782885562135476,0.005568814638027053,0.011149457029995397
2012-06-18,0.0038368643523132295,0.005379746835442845,0.00472814783611634
2012-06-19,0.019305555555195086,-0.013062637708530112,0.0006072837347859492
2012-06-20,-0.00328212911329262,0.004943390208898224,0.0014695416054656563
2012-06-21,-0.007123916602321256,0.005315772770549065,6.2171646727172e-05
2012-06-22,0.013840473632327432,-0.013337542419698645,-0.0018595664514588382
2012-06-25,-0.003544657904467785,0.014557670772676667,0.006912591266957824
2012-06-26,0.0,-0.003941974140649784,-0.00227717696166556
2012-06-27,0.016466362740005902,0.0015830299192656216,0.007868644590945696
2012-06-28,-0.003926297189743022,0.002449818239291801,-0.00024297948093505582
2012-06-29,0.04823874885014656,-0.013007489160425711,0.012858374141911901
2012-07-02,0.005985299091747498,0.008146964856230232,0.007234037744530705
2012-07-03,0.013146164650466252,-0.007684994454127736,0.0011125404040241028
2012-07-05,-0.00906377103443079,0.005109780439121581,-0.0008760752939320536
2012-07-06,-0.019046919910489568,0.009293827945031419,-0.002675199602266815
2012-07-09,-0.002549092828059707,0.008814733196914837,0.004015496866631182
2012-07-10,-0.017479824425925883,0.002028397565922768,-0.0062104268860494576
2012-07-11,0.00025851337523241646,0.001245717844908123,0.000828795978463351
2012-07-12,-0.009729605021073229,0.007076205287713577,-2.1321127820040503e-05
2012-07-13,0.033515856372680064,-0.0026252799011659,0.012638052522436785
2012-07-16,-0.004754231343897075,0.004645041418286144,0.0006754865149131532
2012-07-17,0.013694349803394568,-0.007860060106342104,0.0012429221893469925
2012-07-18,0.01477404582507913,0.0005436893203882853,0.006553535280728356
2012-07-19,0.0052016365254059505,-0.002561714019562067,0.0007169488091590709
2012-07-20,-0.018336349931677542,0.012218849715931235,-0.0006853978416780319
2012-07-23,-0.020263907644530454,0.0056127940950330135,-0.005315603332338324
2012-07-24,-0.017213418567665895,0.007875219818028745,-0.002720358163661142
2012-07-25,0.0004083126820006999,0.0025792747686237405,0.001662421580719269
2012-07-26,0.03295524131928995,-0.009155569007263997,0.008628910478141936
2012-07-27,0.03682600006134362,-0.018862161130202337,0.004656383220071484
2012-07-30,-3.9682539682561746e-05,0.007471980074719831,0.004299611539629183
2012-07-31,-0.014028722055269838,0.0020086526576019725,-0.004764343619816768
2012-08-01,-0.0017824753644998248,-0.007093292212798641,-0.004850397512912974
2012-08-02,-0.013848825645972673,0.005668582077962281,-0.0025741217451875705
2012-08-03,0.039626593807295274,-0.01613774998069628,0.007412968241633792
2012-08-06,0.0038354520125312153,0.0003924030764399511,0.0018464912950309864
2012-08-07,0.009987534192666514,-0.012865772338589432,-0.003214232555168825
2012-08-08,0.0023833505273935796,-0.0053246443614399785,-0.002069359651622045
2012-08-09,0.0016686241006869107,-0.0007190795781399917,0.00028930916489373275
2012-08-10,0.003231777527541224,0.005037179179659512,0.004274711575829785
2012-08-13,-0.0010337183256338145,-0.0016706443914082936,-0.0014016541140271011
2012-08-14,0.0002444689132314881,-0.013546896167025202,-0.007722447588534972
2012-08-15,0.002233206159507395,-0.014056062686808368,-0.007176685030974231
2012-08-16,0.014717323491642675,-0.008521097910692332,0.0012930857988631148
2012-08-17,0.002636562266281617,0.004875630113213791,0.003930014109118818
2012-08-20,0.0001009842208559153,0.0020559210526316374,0.001230300892146235
2012-08-21,-0.0060879278457125485,0.004431678292983188,-1.1022242043406006e-05
2012-08-22,0.0008068185895504509,0.016504616390228044,0.0098750321863791
2012-08-23,-0.016398447171043995,0.004179728317659448,-0.004510965045587408
2012-08-24,0.012046198308572231,-0.000960537901224634,0.004532541702360099
2012-08-27,0.0003843157628076188,0.005848890313276067,0.0035410597767547725
2012-08-28,-0.0020179219061671194,0.002389676597100543,0.0005282342607168853
2012-08-29,0.0015161873340570065,-0.004370629370629375,-0.0018844751003368682
2012-08-30,-0.014455624876526962,0.005187963923696914,-0.00310802941692612
2012-08-31,0.009498362871914745,0.014133714467206682,0.012176086135791499
2012-09-04,-0.001881564091955834,-0.003131850923896118,-0.0026038226019264045
2012-09-05,-0.0017414481208040122,-0.000850882790895735,-0.0012269914603169063
2012-09-06,0.040553603955205686,0.020296643247463164,0.028851679337954895
2012-09-07,0.007750537951260794,0.0038951102455311304,0.005523356636619417
2012-09-10,-0.011402531566739538,-0.005681424513268474,-0.008097595331100218
2012-09-11,0.005534841883872987,0.002787262211692676,0.003947635852937869
2012-09-12,0.006631153398587886,0.0033354179695643804,0.0047272919010387954
2012-09-13,0.03043334190893554,0.015236512223838261,0.021654524693367892
2012-09-14,0.008828589512321239,0.004434136025649904,0.006290026883062251
2012-09-17,-0.006831315249254399,-0.0033958163542515685,-0.004846715996089747
2012-09-18,-0.0016752284024706965,-0.0008177729317161431,-0.001179898455091968
2012-09-19,0.0010515737681344728,0.000545628154412725,0.0007593020143596008
2012-09-20,9.66501120787111e-05,6.816632583506177e-05,8.019576217667118e-05
2012-09-21,-0.0008651204785641298,-0.005725581078317887,-0.0036728834181297314
2012-09-24,-0.0030560669915148386,-0.0015081922259545522,-0.0021618995946946383
2012-09-25,-0.021323582299547783,-0.01064194987984901,-0.01515307828525496
2012-09-26,-0.01128187546121795,-0.00562109646079112,-0.008011789188473572
2012-09-27,0.018803223455074347,0.0094214529974177,0.013383616226933398
2012-09-28,-0.009304063069385804,-0.004632190265486558,-0.006605242443658007
2012-10-01,0.005239195003313268,0.0026394387719661516,0.0037373827679356205
2012-10-02,0.002038599414088571,0.0029209872937054904,0.0025483321720983316
2012-10-03,0.00812640742574433,0.006407455948740148,0.00713341341766855
2012-10-04,0.014296246884016872,0.0034727246418753133,0.008043776772729747
2012-10-05,9.718189506657815e-05,-0.005335255948089368,-0.0030409975705338035
2012-10-08,-0.006882436062580655,-0.00913308205276897,-0.008182576300658672
2012-10-09,-0.01981446968713596,-0.015959034381857973,-0.017587283982431194
2012-10-10,-0.01279973801722012,-0.005043176249494463,-0.008318972002786239
2012-10-11,0.0010770120448018172,-0.003138075313807609,-0.0013579353906602865
2012-10-12,-0.006596602182768918,-0.00044970769000141075,-0.0030456995067783157
2012-10-15,0.016616486540429465,0.0073485302939411135,0.011262626851550623
2012-10-16,0.02022683606185338,0.014143218698823956,0.016712486954429853
2012-10-17,0.009029989028035201,-0.0005871990604815469,0.0034743870961653897
2012-10-18,-0.005238040953625345,-0.011603995299647396,-0.008915488866408104
2012-10-19,-0.033368444026307786,-0.023926289196017247,-0.027913954300895088
2012-10-22,0.00023927694112457765,0.005176613885505388,0.0030914493655410692
2012-10-23,-0.027792279987576607,-0.009542562859739312,-0.017249888303197323
2012-10-24,-0.0056965910379046525,-0.003456185961156155,-0.004402366711834043
2012-10-25,0.005775095505425432,-6.138358602914007e-05,0.00240351181408435
2012-10-26,-0.001170984244164841,0.002915899324739124,0.0011899031630223512
2012-10-31,-3.9682539682561746e-05,-0.006120887528691554,-0.00355263808074917
2012-11-01,0.020901244238262562,0.014209391839876906,0.017035533411971254
2012-11-02,-0.017823061381123773,-0.020894803396158235,-0.019597527650875506
2012-11-05,0.0040575200595711625,0.003874538745387346,0.003951816465836783
2012-11-06,0.0156106523214119,0.018807817190467757,0.017457572144498404
2012-11-07,-0.022129663323692594,0.0011425135297653544,-0.008685925975946978
2012-11-08,0.0,0.009009550123130428,0.005204585124950073
2012-11-09,0.0,-0.001011964997916559,-0.0005845861228525637
2012-11-12,0.0,-0.0022047431772137527,-0.0012736233649449829
2012-11-13,0.0,-0.0020901761719914758,-0.0012074409559411068
2012-11-14,0.0,0.0002393776181925933,0.00013828228644764633
2012-11-15,0.0,-0.006282158669378979,-0.0036290413079876987
2012-11-16,0.0,-0.0012643747365885805,-0.0007303967297453848
2012-11-19,0.0,0.011996624065589767,0.006930140829239571
2012-11-20,0.0,-0.0028593554536249233,-0.0016517760218320845
2012-11-21,0.0,0.0010155923292909375,0.0005866815387896911
2012-11-23,0.02566941247951582,0.012234423490093072,0.017908365269322567
2012-11-26,-0.0042844649931707,-0.001061258180531821,-0.0024225014098137425
2012-11-27,-0.010248828233247465,-0.004249542583957933,-0.006783195385447752
2012-11-28,0.01606521306353037,-0.012803034793432477,-0.0006112304132629282
2012-11-29,0.009291577180137844,0.003792854998498907,0.006115106958909159
2012-11-30,0.00038249590146555157,-0.006769281566104568,-0.003748901794975201
2012-12-03,-0.009888433859588708,0.0004619090635351597,-0.0039093072573044285
2012-12-04,-0.0028675369054359523,-0.010273484033572089,-0.0071457618703325764
2012-12-05,0.0035001404694845473,-0.0018245955479867515,0.0004241775754362995
2012-12-06,0.0067447697581022314,0.0023153789909822198,0.004186024761505882
2012-12-07,0.006017508613113565,0.004042553191489162,0.004876627717913614
2012-12-10,0.0008029549163393046,0.003844640208276573,0.0025600581910692577
2012-12-11,0.0135772192632857,-0.0009047044632087831,0.005211384812343538
2012-12-12,0.0009363353072353586,0.0007244189556294689,0.0008139166874121436
2012-12-13,-0.012303636270817653,-0.008445436448090815,-0.010074853575564488
2012-12-14,-0.0074714991273027165,-0.0014601204599379303,-0.00399888045433637
2012-12-17,0.023464891703763646,0.0018887467251567092,0.011000908300072198
2012-12-18,0.022218090292146053,-0.014351739236195371,0.0010926413869310116
2012-12-19,-0.014898319122125137,-0.0024062191510367814,-0.007681954619973347
2012-12-20,0.011464926233933914,-0.012121961778712276,-0.002160611647177046
2012-12-21,-0.01806848628819624,0.003756338821761851,-0.005460846775729947
2012-12-24,-0.006202579100794359,0.0018087694130857201,-0.00157462934344913
2012-12-26,-0.008469608777776028,0.0009961399576638996,-0.0030014894608630023
2012-12-27,-0.00272045855472125,0.002363478044532963,0.00021640071561422744
2012-12-28,-0.021655958324388824,-0.003847108463638671,-0.011368244308594604
2012-12-31,0.033953033308053326,0.009221377849756962,0.01966619274947995
2013-01-02,0.051220762652876894,0.007095402801128747,0.025730678422380072
2013-01-03,-0.004558373487549727,-0.0023041474654378336,-0.003256165157209425
2013-01-04,0.008743683959150372,0.007390300230947,0.0079618690267851
2013-01-07,-0.005505283413002826,-0.003782668500687758,-0.004510173132675415
2013-01-08,-0.005794289651730122,-0.0007053273501322899,-0.0028545271625543527
2013-01-09,0.005044480977864696,0.00485096495399473,0.0049326917535961745
2013-01-10,0.015859440268048308,0.002291738283487943,0.008021728177706655
2013-01-11,-0.00017566295872917248,-0.0014862238481765377,-0.0009327402397631692
2013-01-14,-0.001399579188099076,0.000572475383558313,-0.0002603740392329263
2013-01-15,0.001321139397329807,0.004348323606820026,0.003069865770109259
2013-01-16,-0.0003116618697077689,-0.0029622877976529516,-0.0018428602189986185
2013-01-17,0.012881092707898611,0.009256085018854998,0.010787019103958143
2013-01-18,0.004419776918729967,0.0028306159420288246,0.0035017595407861157
2013-01-22,0.010747076714402892,0.0072259229987581275,0.008712996876824954
2013-01-23,0.0031789857349495687,-0.0023539961887679706,-1.7275457145590235e-05
2013-01-24,0.0004959002422257885,0.003258426966292083,0.0020917408001732956
2013-01-25,0.011204544754609858,0.0072796505767722675,0.008937234447679791
2013-01-28,-0.002435689195911195,0.0006671114076051143,-0.000643281179301361
2013-01-29,0.00782331472799025,0.0005555555555556424,0.0036249173869885173
2013-01-30,-0.007871887504237285,-0.011993337034980511,-0.010252742777562027
2013-01-31,-0.004970714724522707,0.006856243677644036,0.001861414619570762
2013-02-01,0.020534799759021505,0.008818932797499457,0.013766845079765545
2013-02-04,-0.022520507719174243,-0.01206152484231493,-0.016478622612918145
2013-02-05,0.020155582941232764,0.008960573476702649,0.013688514226760254
2013-02-06,0.0014167888281828578,0.00421847246891649,0.0030352493286625146
2013-02-07,-0.002685885239901542,-0.003316382931682571,-0.0030501075221589305
2013-02-08,0.011089093295245656,0.007098491570541432,0.008783825430352615
2013-02-11,-0.00043493945733896755,-0.0011013215859030367,-0.0008198912547603529
2013-02-12,0.0032547761812840026,0.004410143329658167,0.003922202034085056
2013-02-13,0.0016706187360144842,0.004171240395170139,0.0031151634815902436
2013-02-14,0.0018006066500408924,0.002514210756449309,0.0022128373681742494
2013-02-15,-0.0024035934996821107,0.0003271180896302628,-0.0008261317258942511
2013-02-19,0.014949470047503466,0.008829300196206757,0.011414005508774729
2013-02-20,-0.024966273078634305,-0.018585629389519243,-0.021280339510573273
2013-02-21,-0.012197737251302354,-0.009687338640689824,-0.01074754461261047
2013-02-22,0.01950559069615454,0.012006670372429085,0.015173657510073713
2013-02-25,-0.03809353730365406,-0.022080632758431307,-0.028843294653985045
2013-02-26,0.013651592629037923,0.003931700741406585,0.008036661356874489
2013-02-27,0.025156957908439415,0.010518070941031521,0.016700449834768347
2013-02-28,-0.003989389603050841,0.0018824050492747268,-0.0005974050215125258
2013-03-01,0.006556188444487576,0.004531388152077653,0.005386513450858742
2013-03-04,0.010610504824331679,0.0026405545164485122,0.00600646974465476
2013-03-05,0.017878183011268645,0.011631734884231415,0.014269770764103705
2013-03-06,0.002682464067014445,0.002603319232020951,0.002636744133688779
2013-03-07,0.0035849129291187776,0.0047603591907390275,0.0042639379686377635
2013-03-08,0.008488551083485119,0.00926025627220839,0.00893434530086391
2013-03-11,0.007551671036998497,-0.0003200682812333211,0.0030043699172707834
2013-03-12,-0.004525999273080061,-0.0020277481323374147,-0.0030828239149545238
2013-03-13,0.0027866278404593547,0.0037429151962355967,0.0033390504230556926
2013-03-14,0.010608168647017413,0.010014915832090354,0.01026546177112389
2013-03-15,-0.0026719801227501616,-0.0005274261603375185,-0.0014331265174219257
2013-03-18,-0.011077351793333468,-0.005488126649076497,-0.007848600340903632
2013-03-19,-0.004685743068325587,-0.004244932611695007,-0.004431098217678503
2013-03-20,0.013930953254393641,0.009272087818394947,0.011239646650183541
2013-03-21,-0.017124916017794645,-0.008764519535374715,-0.012295330236438336
2013-03-22,0.016026655891115515,0.0030893789283048534,0.008553124103425288
2013-03-25,-0.00839443832357345,-0.0022302463891248347,-0.004833543360904509
2013-03-26,0.015965480415632394,0.0031931878658861823,0.008587255875290663
2013-03-27,-3.9682539682561746e-05,0.0006790450928380043,0.0003755079075633654
2013-03-28,0.0061066776620914975,0.0012299340500883105,0.0032895084456103377
2013-04-01,-0.007954407758062998,-0.013449115747114382,-0.011128559083592747
2013-04-02,0.009828949309181878,-0.006225848003435064,0.0005545062864594982
2013-04-03,-0.020317708302005966,-0.01566213004968675,-0.017628300619167897
2013-04-04,0.008077305155782755,0.008559201141226769,0.00835568405854018
2013-04-05,-0.009022102660248388,-0.0019584376020018723,-0.004941605233923431
2013-04-08,0.013494733547661175,0.008285184781423816,0.010485311362767421
2013-04-09,0.006874087385006833,-0.002919234511839175,0.0012167374872227418
2013-04-10,0.024457925115254353,0.018108870093255458,0.020790239506829813
2013-04-11,0.006514801610942422,0.001384598998828146,0.0035512156562518583
2013-04-12,-0.004939487804675902,-0.004041693256753853,-0.004420855011082782
2013-04-15,-0.04638728959269767,-0.037697565143101186,-0.041367459524360065
2013-04-16,0.029485846083576073,0.01731217400954388,0.022453429178556004
2013-04-17,-0.02926273063092666,-0.017388458601505397,-0.022403269422616785
2013-04-18,-0.012546935455899133,-0.005506461210533331,-0.008479834765049855
2013-04-19,0.01734710868881595,0.011498102254967613,0.01396828827433257
2013-04-22,0.008836057105207074,0.0028694404591105283,0.005389296299378542
2013-04-23,0.02057887416169568,0.015846814130076048,0.017845284924236506
2013-04-24,0.0012279052409895908,0.00519987000324984,0.003522407012550053
2013-04-25,0.008067740819640123,0.006573984265545896,0.0072048361201284186
2013-04-26,-0.003572359804989045,-0.005353319057815886,-0.004601174108558749
2013-04-29,0.0133576885429465,0.007212055974165743,0.009807514847950564
2013-04-30,0.004731190027049914,0.005664208613872068,0.005270170840954224
2013-05-01,-0.017574752679851535,-0.024230605738575828,-0.021419667614544596
2013-05-02,0.018534995246558106,0.00928733889310096,0.013192862283194343
2013-05-03,0.02024200760152417,0.010140845070422566,0.014406826095723541
2013-05-06,0.005041807203707949,0.0025407448720333736,0.0035970078929646056
2013-05-07,0.010097540850307896,0.005068611694894143,0.007192457963927326
2013-05-08,0.009062408481257611,0.004551045510455154,0.006456310253244108
2013-05-09,-0.005672105705522457,-0.0028162115832007784,-0.004022329205660636
2013-05-10,0.006468176006069859,0.0032539292730844327,0.0046113884300213025
2013-05-13,0.0015514073571709641,0.0007955449482894839,0.0011147651057811015
2013-05-14,0.020628044009364244,0.010333863275039823,0.014681360857464885
2013-05-15,0.010733179531715153,0.0053864310355262734,0.0076445005954970885
2013-05-16,-0.009430484369798209,-0.004695400915001202,-0.006695148578617667
2013-05-17,0.019314375764730274,0.009677029152050265,0.013747128772500377
2013-05-20,-0.000159486061926839,-5.9901761111702534e-05,-0.00010195877547883067
2013-05-21,0.002835774239103417,0.001437728389145132,0.002028159148976931
2013-05-22,-0.01487488024367678,-0.007417598851468421,-0.010567000796198985
2013-05-23,-0.0058252547684263245,-0.002892786114626622,-0.004131243133398612
2013-05-24,-0.001732036725528685,-0.0008461770927772339,-0.0012202984251250709
2013-05-28,0.011937814285019277,0.005988748412074418,0.008501192108936767
2013-05-29,-0.013028257405118149,-0.006494287432351142,-0.009253751190892463
2013-05-30,0.007344411396951633,0.003692046967679552,0.005234534508572503
2013-05-31,-0.02874377709475795,-0.014352047277332192,-0.020430045342739123
2013-06-03,0.010972859522476286,0.005506271030896404,0.007814952106604746
2013-06-04,-0.009653311989160085,-0.004806814724672925,-0.006853615308844948
2013-06-05,-0.028041639008486774,-0.014000978234287142,-0.01993071080328592
2013-06-06,0.018066598851788074,0.00905314069572749,0.012859756156839706
2013-06-07,0.025401231858168893,0.01272045719904158,0.018075874846801676
2013-06-10,-3.9682539682450724e-05,0.0,-1.6758958268402998e-05
2013-06-11,-0.020670750501366242,-0.010315533980582714,-0.014688808547201147
2013-06-12,-0.016593943728925642,-0.008277130594727122,-0.011789534925636898
2013-06-13,0.030377628125529244,0.015208655332302978,0.021614903119126068
2013-06-14,-0.012584594543242233,-0.006272456001461535,-0.008938234634900748
2013-06-17,0.015403386465003388,0.00772153450177715,0.01096577838097353
2013-06-18,0.01577155560156407,0.007905619070785797,0.01122760660273598
2013-06-19,-0.02767332559529756,-0.013816821527694034,-0.019668779977763236
2013-06-20,-0.049596121818629935,-0.02477821963903326,-0.0352594587498734
2013-06-21,0.006348272291696544,-0.0020702634880803705,0.0014851009352489378
2013-06-24,-0.025311575416695598,-0.012635946438674717,-0.017989190932810692
2013-06-25,0.019188637847794565,0.009614160193556431,0.013657708634083669
2013-06-26,0.019762297657792915,0.00990099009900991,0.014065674193627437
2013-06-27,0.011700045198048903,0.005869863869114811,0.008332099561958815
2013-06-28,-0.008234368409580584,-0.004097342935187598,-0.005844515314664453
2013-07-01,0.011679554462688424,0.005859618501433683,0.008317527311705234
2013-07-02,-0.0018988793659843184,0.00041835169432435926,-0.0005602746473544357
2013-07-03,0.0008287499396886222,0.004056314468915634,0.002693230863714468
2013-07-05,0.0215376984117166,0.007621718426788382,0.013498795088151409
2013-07-08,0.011369960449078453,0.0009644530173602561,0.005358966730575116
2013-07-09,0.014354949970819542,0.00605643496214725,0.00956111152350049
2013-07-10,0.0006870176350719515,0.00574634012860864,0.0036096579703073857
2013-07-11,0.027201675896807886,0.019861243368249237,0.022961297029193372
2013-07-12,0.0007964378616514001,0.004401760704281665,0.0028791400366714823
2013-07-15,0.0076016523053275,0.0022576361221779973,0.00451455175599969
2013-07-16,-0.007532992084700596,-0.0013250298131707305,-0.003946812125314418
2013-07-17,0.005094032838414142,0.002520896908584147,0.003607598465793704
2013-07-18,0.010915959019620614,-0.0025145579671783658,0.0031574951701963602
2013-07-19,0.0035133464176990703,-0.010348945203661919,-0.004494542520620896
2013-07-22,0.003861718417707438,0.002949457031773628,0.0033347285042923448
2013-07-23,-0.004287470149654804,-0.007351958294345651,-0.006057746045284329
2013-07-24,-0.0073708874592822715,0.003231887961217206,-0.0012459371029881075
2013-07-25,0.004826208749798111,0.006308724832214674,0.005682620118245392
2013-07-26,0.002091377663179683,0.005335467520341419,0.0039654048436532485
2013-07-29,-0.006189525837966947,-0.0018575029852726521,-0.003687027778469763
2013-07-30,-3.9682539682561746e-05,0.005317027781470252,0.0030547510863164645
2013-07-31,0.0013838894394588852,0.0018511172815018906,0.0016537949334542532
2013-08-01,0.023076908060108314,0.010162333377326416,0.01561649079504412
2013-08-02,0.003358887717787029,0.0008565718092701236,0.0019133642479794255
2013-08-05,-0.0029645143622550885,0.0034233548877899977,0.0007255932263088368
2013-08-06,-0.011404650319986165,-0.010045489006823338,-0.01061949782555318
2013-08-07,-0.006520563938686608,-0.0070840513115068005,-0.006846076085086451
2013-08-08,0.00728978902818489,0.004145777092171343,0.005473574285915821
2013-08-09,-0.005811178417160168,-0.0010561689870378643,-0.003064331903095483
2013-08-12,-0.002402212808751525,0.0052864282968088094,0.002039317187995429
2013-08-13,0.005873628322410562,-0.001338560091787011,0.0017073327775862148
2013-08-14,-0.010298511617691686,-0.00392532312111038,-0.006616884722398392
2013-08-15,-0.02801171051137019,-0.018550557477893248,-0.02254624601314937
2013-08-16,-0.00665105409937361,-0.004211144843795811,-0.005241581346099668
2013-08-19,-0.012823859106846025,-0.010149488591660205,-0.01127894412089055
2013-08-20,0.009792204333319399,0.014426516175184867,0.012469326958413629
2013-08-21,-0.012360011082154121,-0.006072477962781542,-0.008727865092788417
2013-08-22,0.01819075013025917,0.01409144659046091,0.015822688025680282
2013-08-23,0.006704867622878252,0.0025264794480615027,0.004291120360949209
2013-08-26,-0.007481766323748529,9.69274013764565e-05,-0.0031037500977138264
2013-08-27,-0.032208357237697105,-0.023454157782516027,-0.027151281618759245
2013-08-28,0.0070625032193956105,0.001984914648670122,0.004129311041689823
2013-08-29,0.003132790158517418,0.010003961965134645,0.00710208918976258
2013-08-30,-0.006374579294101679,-0.015592821418064173,-0.01169972041445469
2013-09-03,0.009004008264258845,0.006774257820282958,0.007715938845201602
2013-09-04,0.01650633607408447,0.008806649515139542,0.012058425403319598
2013-09-05,0.002494254111890859,0.0015693967631191796,0.0019599878350697736
2013-09-06,0.0009244051931542874,0.0027421408285182025,0.0019744642659839493
2013-09-09,0.019112329023496022,0.015138197089559657,0.016816575332659393
2013-09-10,0.014754805320209341,0.009813353857994978,0.01190025604478251
2013-09-11,0.006237335285074197,0.00047637195121974507,0.002909375102491437
2013-09-12,-0.005352551488472024,-0.007332634987144315,-0.006496394741742941
2013-09-13,0.0044586897593725805,0.005468150422103024,0.005041829192270661
2013-09-16,0.011535348464813522,0.002194447094742813,0.006139350256258799
2013-09-17,0.008885219110837506,0.00990099009900991,0.009472003856262845
2013-09-18,0.02310873623635712,0.009521116138763164,0.015259517964974802
2013-09-19,-0.003391315016651908,-0.0010271734055466997,-0.00202561128069684
2013-09-20,-0.013955519538053518,-0.003645541222658477,-0.007999710530331541
2013-09-23,-0.009294602877148783,9.38174312787865e-05,-0.0038711542014402563
2013-09-24,-0.004747503408260911,0.0006566604127580256,-0.0016256571172392465
2013-09-25,-0.005820370323122992,-0.0018749414080810878,-0.0035411976272458957
2013-09-26,0.0076508049195262995,0.00554146707992853,0.006432294761590643
2013-09-27,-0.009232917262560147,-0.004483467214645875,-0.006489282260452041
2013-09-30,-0.010696245206259891,0.00028147870144490383,-0.004354696763217609
2013-10-01,0.01579270839013769,0.011631179063877672,0.013388700050932088
2013-10-02,-0.0019293719230428774,-0.00037650602409644573,-0.0010323212769790236
2013-10-03,-0.018481578744932725,-0.01167608286252364,-0.014550219004054957
2013-10-04,0.01511364045311514,0.008638211382113958,0.01137295181050708
2013-10-07,-0.017329042477466694,-0.008312342569269604,-0.012120327105778882
2013-10-08,-0.023332999149999756,-0.019304038608077168,-0.02100557238407648
2013-10-09,0.0014106437845480269,-0.003108003108003188,-0.0011996621775106592
2013-10-10,0.043076259488613156,0.021174330995063606,0.030424079336732118
2013-10-11,0.012846763048182774,0.007632616715430363,0.009834684967493092
2013-10-14,0.007948100850507567,0.006817321045322844,0.007294878472783174
2013-10-15,-0.014547697048525099,-0.003510971786833905,-0.008172065042473253
2013-10-16,0.027891961538329513,0.011450861960488279,0.018394361643638668
2013-10-17,0.01332697056613541,0.005971634735008724,0.00907798244436301
2013-10-18,0.013469150159709953,0.0158298293346526,0.014832853735445978
2013-10-21,7.500293475559694e-05,0.0021913805697588717,0.0012975798012337947
2013-10-22,0.011542886267714492,0.001700680272108901,0.005857297284762592
2013-10-23,-0.009617243681832588,-0.006184816880911881,-0.007634419098317779
2013-10-24,0.006605216354185428,0.004881025015253115,0.005609195412791642
2013-10-25,0.009095344580773768,0.006678809957498588,0.007699374750722492
2013-10-28,0.003143039823580329,-0.0006031363088059294,0.0009789703298100836
2013-10-29,0.010628194666560953,0.0027761013880507335,0.00609224255812701
2013-10-30,-0.009973644271291549,-0.001925854597977783,-0.005324643394441742
2013-10-31,-0.005712154035860895,-0.0021707670043417115,-0.003666385932677102
2013-11-01,0.004738746267259897,0.0004834421078077078,0.002280566621467784
2013-11-04,0.006997375517155069,0.0015704276395263062,0.003862367463282106
2013-11-05,-0.00637344943516327,0.001447352550959069,-0.001855573500642198
2013-11-06,0.010171924653892495,-0.0002408767915210719,0.004156717371486266
2013-11-07,-0.025326130584032325,-0.018792916516082503,-0.021552061036556214
2013-11-08,0.026942538919778825,0.013627992633517438,0.019251068357999244
2013-11-11,0.0002987460245755802,-0.001211240310077466,-0.0005735342012746444
2013-11-12,-0.004100138213905202,0.0008488964346351491,-0.0012412083269924964
2013-11-13,0.016009142053988734,0.011995637949836269,0.013690644074187262
2013-11-14,0.009939014624373188,0.0029932950191571273,0.0059266512493613855
2013-11-15,0.008662275400169284,0.0022681150769965353,0.004968533620644353
2013-11-18,-0.007037738635669144,-0.009766555502620178,-0.00861410587713486
2013-11-19,-0.004387023972160509,-0.0028866971373585626,-0.0035203237906579394
2013-11-20,-0.006295617299934775,-0.0024125452352232735,-0.004052466550906628
2013-11-21,0.016097483371214194,0.010157194679564663,0.012665931546767928
2013-11-22,0.009965319961629637,0.005386641129997649,0.007320335094088249
2013-11-25,-0.002030722859357681,0.0023812358614121454,0.0005179520929088537
2013-11-26,0.0005139353542420455,0.0052262739042641115,0.003236131999578206
2013-11-27,0.00483080672307179,0.006971523100555599,0.006067443454398174
2013-11-29,-0.0013647708796430402,0.00598451067824457,0.002880719844366779
2013-12-02,-0.005233052704899266,-0.0029161320424588855,-0.003894627295125661
2013-12-03,-0.008680905605795708,-0.0008189050070193105,-0.00413923029354129
2013-12-04,-0.0002622138318917333,0.0009366584709051828,0.0004303438284327612
2013-12-05,-0.00883064676386458,-0.0012867001988536853,-0.004472703077545237
2013-12-06,0.022314179089895303,0.007261653783087407,0.013618722798063672
2013-12-09,0.005044875876194732,0.0040697674418603835,0.00448158084112737
2013-12-10,-0.007206165449590185,-0.0006948465547189642,-0.003444744179836679
2013-12-11,-0.02250164657789644,-0.012863599490091637,-0.01693399493922304
2013-12-12,-0.006642189254305042,-0.00258276590749007,-0.004297164910362848
2013-12-13,-0.00026423764001537453,-0.001294726930320067,-0.0008595247696103267
2013-12-16,0.012424524971818007,0.005539186800235685,0.00844704239629324
2013-12-17,-0.006400579761062564,-0.0019924988279416134,-0.003854144906874094
2013-12-18,0.03410529367108661,0.011626541397533607,0.021119897273766633
2013-12-19,-0.0023511850155344405,-0.002786162061759856,-0.0026024600551912396
2013-12-20,0.011533957880160317,0.006984866123399103,0.008906064703952981
2013-12-23,0.01064549040636753,0.0105202312138728,0.010573131396082694
2013-12-24,0.004343158636925137,0.000457613545361113,0.0020985792839606854
2013-12-26,0.010128141218385123,0.0033161806746710987,0.006193047009125948
2013-12-27,-0.00014846095840859164,-0.002507408251652521,-0.0015111640706803894
2013-12-30,-0.00036603554460168386,-0.0014853747714808074,-0.0010126489948151143
2013-12-31,0.009426099202826554,0.006522485410229928,0.00774875627815037
2014-01-02,-0.019206935774928824,-0.00784447476125505,-0.01264313461211958
2014-01-03,-0.0003676947852232493,-0.007218975592987342,-0.004325503298591649
2014-01-06,-0.005835516100023086,-0.003693444136657509,-0.004598096281636923
2014-01-07,0.012243712940990248,0.009267840593141896,0.010524628109484773
2014-01-08,0.00039633228493740624,0.0021808999081727176,0.0014272310511824465
2014-01-09,0.0012680768329407233,-0.0033214981101821195,-0.0013832024376518788
2014-01-10,0.005405754183776645,0.003217651114686193,0.00414174338083892
2014-01-13,-0.026649870439575785,-0.014776632302405335,-0.019791006484198168
2014-01-14,0.021755683192846265,0.01906755028485052,0.020202818026923607
2014-01-15,0.010740521086232802,0.008214489446662698,0.009281297649237057
2014-01-16,-0.002639054357516768,0.00011316057485566411,-0.0010491706561190318
2014-01-17,-0.008498634931205395,-0.00565738854944553,-0.006857320053910767
2014-01-21,0.005841389121814755,0.007624032771961664,0.0068711764583457855
2014-01-22,0.0012633905413459434,0.0025974025974027093,0.002034014957501
2014-01-23,-0.01642600918103765,-0.003379139445821022,-0.00888916847056317
2014-01-24,-0.04271160113467254,-0.019665461121157413,-0.0293984394492829
2014-01-27,-0.009878130747937641,-0.009684113442471665,-0.009766051946198284
2014-01-28,0.011869760749722902,-0.0005820721769500548,0.004676657482319343
2014-01-29,-0.019250047201147424,-0.010716365754222412,-0.014320359157600993
2014-01-30,0.021161332402594324,0.018485811845048827,0.019615753066779373
2014-01-31,-0.011756471024458204,-0.0026589595375721142,-0.0065010728845277576
2014-02-03,-0.06186398952081995,-0.022951199721803484,-0.039385072794631465
2014-02-04,0.0,0.007355558191956213,0.004249116573898188
2014-02-05,0.0,-0.0025909786833117066,-0.0014967416718850988
2014-02-06,0.02479519458950441,0.012752391073326041,0.01783837708070514
2014-02-07,0.024751843265691464,0.01783840503672618,0.020758128010547085
2014-02-10,0.003633514255938719,0.00572737686139746,0.004843084769574231
2014-02-11,0.021847990366685055,0.011389521640090994,0.015806402271798664
2014-02-12,0.0009494371444007665,0.0019144144144145336,0.0015068796667010418
2014-02-13,0.010286016366688466,0.007418230864336239,0.008629370522766588
2014-02-14,0.010997965676838861,0.002008256164230726,0.00580484196172424
2014-02-18,0.002351361911972605,0.004899231711390728,0.0038232006916156447
2014-02-19,-0.013283277850319464,-0.006869806094182862,-0.009578380353209133
2014-02-20,0.011762306313089832,0.004685931049871694,0.007674466528619762
2014-02-21,-0.0023210513605782523,-0.0013325930038866618,-0.0017500444191037815
2014-02-24,0.011053906018293924,0.0053374847103302425,0.007751676617183935
2014-02-25,-0.0007968076274315061,-0.0011060723371308923,-0.0009754618871643066
2014-02-26,6.851914862626707e-05,-0.0008858376702468584,-0.00048278821250930903
2014-02-27,0.010455313403429978,0.002327385570209506,0.0057600187750286354
2014-02-28,0.005018976377235029,-0.0011057054400707145,0.001480905391918619
2014-03-03,-0.014103776156598635,-0.0074164268319681925,-0.01024066664006893
2014-03-04,0.028071464610829766,0.01271328203412514,0.019199437984353654
2014-03-05,0.0017728774342244957,0.002753000770840286,0.002339069449214313
2014-03-06,0.004540876715535491,-0.0008785416209091679,0.001410218283731213
2014-03-07,0.0008105672201008662,-0.004946142009232823,-0.0025149354758364838
2014-03-10,-0.001102043104486694,0.0008836849663094171,4.506087276165286e-05
2014-03-11,-0.009924886621651141,-0.004304160688665681,-0.006677937974666655
2014-03-12,0.000494419901637011,0.0037685657282198193,0.0023858096417530674
2014-03-13,-0.022465996080944017,-0.014134275618374548,-0.0176529756978947
2014-03-14,-0.005655839792247708,-0.006832437275985592,-0.006335529863141964
2014-03-17,0.018047613031026755,0.008796661779632453,0.01270357668996293
2014-03-18,0.014236064790478897,0.012073784237004004,0.01298697098992473
2014-03-19,-0.010697254744938323,-0.005412570418645735,-0.007644428681618465
2014-03-20,0.011639305995094551,0.002776543758329586,0.006519516452549772
2014-03-21,-0.007766872951508019,-0.014287296489090662,-0.011533553738926252
2014-03-24,-0.008310359231710307,-0.008764044943820215,-0.008572441785931025
2014-03-25,0.009451769759586837,0.0032872364543188315,0.005890677595785274
2014-03-26,-0.014424310309589905,-0.012879900576206138,-0.013532144572639168
2014-03-27,-0.004256582577386259,-0.005619777955820027,-0.005044065447455681
2014-03-28,0.009820540668550981,0.0019682546990640315,0.00528447724750126
2014-03-31,0.016349341127807948,0.007122343480758353,0.01101914216720792
2014-04-01,0.013221640383720645,0.01756587202007509,0.015731191143182083
2014-04-02,0.006653544552434054,0.007537077558959382,0.007163938820773657
2014-04-03,-0.002686865936594507,-0.003217503217503248,-0.0029934014307332526
2014-04-04,-0.023683853668601706,0.013315041962556506,-0.002310544323539901
2014-04-07,-0.0221426868310729,-0.005256032491837148,-0.012387701423030934
2014-04-08,0.008205950529202921,0.009446801697222007,0.00892275829907913
2014-04-09,0.02146220833107715,0.001824093901181545,0.010117775274258866
2014-04-10,-0.042051548487373025,0.005462317922735993,-0.014604011266613792
2014-04-11,-0.018056716826155284,-0.0006298716636484736,-0.007989677088539955
2014-04-14,0.015717025080111968,0.007248089498148591,0.01082473905565373
2014-04-15,0.0137353256593713,-0.018459131795072303,-0.004862583457428839
2014-04-16,0.020915800631251313,0.00039843812255946354,0.009063448598512635
2014-04-17,0.002754063766129855,-0.006292815039031341,-0.0024720851772768743
2014-04-21,0.006934940561745817,-0.00408817635270553,0.0005671697475017438
2014-04-22,0.009049282388552404,-0.0037025112685125094,0.0016828995306996945
2014-04-23,-0.004723274003688549,-0.00016157699143637405,-0.0020880990959488005
2014-04-24,0.004014731971291541,0.006464124111182912,0.005429682742664668
2014-04-25,-0.01643748906615261,0.006984585741811156,-0.0029071595297161835
2014-04-28,0.006294527561688801,-0.004384915889340757,0.00012528805823382042
2014-04-29,0.009271105132659274,-0.00016015374759759116,0.0038229097170281337
2014-04-30,0.005925696953590576,-0.005125740829729275,-0.00045843409738277174
2014-05-01,0.0001727331579972624,-0.003381098051843612,-0.001880223626585729
2014-05-02,-0.0029069899258599152,0.006159614354579679,0.0023305539167164137
2014-05-05,0.003788882812076677,-0.006033182503770829,-0.0018850714187685442
2014-05-06,-0.017447601019765835,0.004016781219316368,-0.005048180072990048
2014-05-07,0.0117388804753078,-0.0035561877667140696,0.002903313374887009
2014-05-08,-0.0021687010624421577,-0.004282655246252709,-0.003389877963566224
2014-05-09,0.0029441196777979517,-0.003225806451612967,-0.0006200877816545693
2014-05-12,0.01943254559361729,-0.004045307443365509,0.00586999441047475
2014-05-13,0.0017517711717258688,0.008665041971297027,0.005745389707220294
2014-05-14,-0.009515361629409358,0.010827740492169946,0.002236324664614402
2014-05-15,-0.01760024532423543,0.00796742209631729,-0.002830462181007457
2014-05-16,0.006897350545273406,-0.0028104689970137597,0.0012893931561721499
2014-05-19,0.007298791270130556,-0.007398273736128336,-0.0011913247585953707
2014-05-20,-0.012649622138881544,0.002218278615794267,-0.004060818697036318
2014-05-21,0.016809157769176908,-0.006108897742364006,0.0035699872026113016
2014-05-22,0.004824696458663125,-0.0014252627828256204,0.0012142559310850012
2014-05-23,0.007977617951714366,0.00535236396074934,0.006461076317131066
2014-05-27,0.012253461667946164,0.005856255545696465,0.008557960408718824
2014-05-28,-0.0015016708435964254,0.012350035285815242,0.006500103128583524
2014-05-29,0.010306226123168782,-0.005315440920181325,0.0012819913046057158
2014-05-30,0.0031832732231660277,-0.00043802014892690977,0.0010913452844903766
2014-06-02,0.00224389645056422,-0.009991235758106898,-0.004824024391738794
2014-06-03,-0.001076489174754669,-0.012305240793201166,-0.0075630498627393865
2014-06-04,0.004005960613711279,-0.00026888948642100896,0.0015364897812642823
2014-06-05,0.013004470884075525,0.0004482696790388818,0.005751076749573759
2014-06-06,0.009525758447986865,0.0,0.004022973065287438
2014-06-09,0.00200760991633131,-0.001433820234787997,1.9584329228315082e-05
2014-06-10,0.00016483735003114397,-0.0036794400071794575,-0.0020559026953740098
2014-06-11,-0.006992647775076022,0.001801477211313296,-0.0019125082047763003
2014-06-12,-0.01419933778219784,0.008901276748786158,-0.0008547075706961766
2014-06-13,0.00605724832620802,-0.0005347117012742819,0.002249242750522385
2014-06-16,0.0016086974118747488,0.002496656263932362,0.0021216483772200684
2014-06-17,0.005519018371727524,-0.007916036645023605,-0.0022420669807532356
2014-06-18,0.014639781608904778,0.007710238479469167,0.010636762967433542
2014-06-19,0.0022022414379014865,-0.012811387900355964,-0.006470745654406135
2014-06-20,0.0039982857019327245,0.007570295602018939,0.006061743847798903
2014-06-23,-0.0006521149168864371,-0.0031305903398927137,-0.002083866352068066
2014-06-24,-0.012087875310526575,0.010139075818752952,0.0007520620492143092
2014-06-25,0.008999865482947511,0.0025759459939598273,0.0052889325995811465
2014-06-26,-0.0014713217668859135,0.004784265083724648,0.0021423696855801507
2014-06-27,0.0038489789421729537,-0.0014989859800722538,0.0007595973079431305
2014-06-30,-0.0010610286733808705,0.0024726245143058545,0.0009802717873547424
2014-07-01,0.013346787927554837,-0.01092318534178982,-0.0006733507180225161
2014-07-02,0.0019904651537949736,-0.010687566797292547,-0.0053333074657579025
2014-07-03,0.009796549270844723,-0.003601008282318907,0.0020571252375800935
2014-07-07,-0.007002346516077673,0.00731839537405099,0.0012703773381646604
2014-07-08,-0.012899790888311724,0.011211767871557976,0.0010288357740565104
2014-07-09,0.008928927325822178,0.0007982969664714901,0.004232071517661038
2014-07-10,-0.007953643577940928,0.00026588673225202974,-0.0032054325572065646
2014-07-11,0.002710648518440495,0.006379585326953707,0.004830098843595562
2014-07-14,0.010031015797472564,-0.004314139813347495,0.0017441887654001949
2014-07-15,-0.003784621811427691,-0.0020337784065788123,-0.002773204657801018
2014-07-16,0.007362842431330785,0.005316321105794719,0.006180619756146061
2014-07-17,-0.02277154756336297,0.012603560726247354,-0.0023362583556447115
2014-07-18,0.02039872122083275,-0.003220471755592369,0.006754521593946691
2014-07-21,-0.003782538236678068,0.004977296542088894,0.0012777927635949896
2014-07-22,0.008676239219353787,0.0020853245286296396,0.004868837507797626
2014-07-23,0.0044002770970641425,-0.0013006156247289402,0.0011070181603492083
2014-07-24,6.100211555737367e-05,-0.0074665740579963336,-0.004287484817127962
2014-07-25,-0.009402884149725454,0.011808957312806179,0.002850650492949084
2014-07-28,0.0007695426263250038,-0.001383245439612768,-0.0004740676085949983
2014-07-29,-0.008634222479076192,0.0036360488269413516,-0.001546002685010441
2014-07-30,0.00026496330949066227,-0.013887690847925516,-0.007910660589547912
2014-07-31,-0.03953607811222881,-0.002974107767669598,-0.01841516925512362
2014-08-01,-0.006150822422516744,0.005088612037199569,0.00034190946780385343
2014-08-04,0.014401875901435934,0.0068659554241046195,0.01004856867931045
2014-08-05,-0.019432121551450465,-0.007658413764162653,-0.012630753716456302
2014-08-06,0.0005852849098741952,-0.0007400359446030347,-0.00018031882291259175
2014-08-07,-0.027589905646877577,-0.0031739314430808685,-0.01348542602075258
2014-08-08,0.021563397451760835,0.007217151347909345,0.01327594046994262
2014-08-11,0.005756218929899193,0.0059009483667016305,0.005839825398993638
2014-08-12,-0.0028260602484134756,-0.00041902367483759306,-0.0014355771971142366
2014-08-13,0.013498270232975562,0.010584783064347292,0.011815223713189184
2014-08-14,0.0094039635284624,0.005185108368764846,0.0069668395313264
2014-08-15,-0.00044834620902989286,0.004848860002063304,0.00261171342472122
2014-08-18,0.016718952243624186,0.007700205338809107,0.011509054374696978
2014-08-19,0.01039809613877396,0.005603667855323291,0.0076284783681124894
2014-08-20,0.005303328701970811,0.0,0.002239732262883828
2014-08-21,0.005791807505638014,0.0020263424518744966,0.0036165952986463076
2014-08-22,-0.0031474519625577235,0.0015166835187057082,-0.00045310098889323185
2014-08-25,0.010101388798745115,0.0035335689045936647,0.006307328356515755
2014-08-26,0.0012590187597167901,0.001006036217303885,0.0011128772588516202
2014-08-27,-0.0008383647144299955,0.00020100502512554463,-0.0002379475779598746
2014-08-28,-0.0011383092565955266,-0.0011053054662378825,-0.0011192438166995463
2014-08-29,0.005656330250858099,0.0037219595614124135,0.0045388941104473075
2014-09-02,-0.0010361450971080322,0.002906394066947149,0.0012413582640303964
2014-09-03,-0.0011363377416259146,-0.005895872888977527,-0.003885798646004153
2014-09-04,-0.002932450619632543,-0.0009047044632087831,-0.001761073876214096
2014-09-05,0.008950877372832844,0.005030687191870387,0.006686284443777314
2014-09-08,-0.0052109818289790555,0.0019020923015315994,-0.0011019420538099173
2014-09-09,-0.012702327736041297,-0.00829336530775382,-0.010155383664792184
2014-09-10,0.007485904456659531,0.008261964735516214,0.007934214497471946
2014-09-11,0.002259512742171177,-0.0007994403917257475,0.0004924342797598227
2014-09-12,-0.011722158825431483,-0.0051005100510049806,-0.007897002825072866
2014-09-15,-0.0015462360473071923,-0.00965018094089276,-0.006227676349002927
2014-09-16,0.015037209610165414,0.008729192042224998,0.011393230282303123
2014-09-17,0.002653852974841664,0.0015093580197222956,0.001992707708142709
2014-09-18,0.01062034236637488,0.007535416457349564,0.00883826010052834
2014-09-19,-0.0018314772079869313,-0.0029916234543279074,-0.0025016638226294545
2014-09-22,-0.015485621752126977,-0.009301860372074477,-0.011913422024613894
2014-09-23,-0.011488339331096942,-0.0027258960121150366,-0.006426501444307356
2014-09-24,0.015616092420861039,0.010730917189714528,0.012794052475101184
2014-09-25,-0.03231067873158244,-0.021033653846153966,-0.025796231820219916
2014-09-26,0.01585111913168169,0.01064047472887264,0.012841064025751319
2014-09-29,-0.0036778836516296876,-0.0013160558817574275,-0.0023135165621772655
2014-09-30,-0.005304439044135356,0.0014191586416623103,-0.00142038978269537
2014-10-01,-0.011214635759005054,-0.01599352161149914,-0.013975275067495086
2014-10-02,0.0,0.0,0.0
2014-10-03,0.02044607510065788,0.009875527209134871,0.014339741758047251
2014-10-06,-0.0023804112181878834,-0.002139146378730805,-0.0022410387326086056
2014-10-07,-0.004150736937765798,-0.014189465087790953,-0.009949851709201775
2014-10-08,0.033386693863632466,0.019467743605674714,0.02534607468981779
2014-10-09,-0.006338935998614126,-0.016150330116810663,-0.01200672575334227
2014-10-10,0.0,-0.024984513731158398,-0.014432910272118744
2014-10-13,0.0,-0.015671325709445183,-0.009052921351336746
2014-10-14,0.0,0.00010757314974196852,6.214223877324348e-05
2014-10-15,0.0,-0.0064536947402388245,-0.0037281332793501192
2014-10-16,0.0,-0.006279094944245944,-0.0036272714728642565
2014-10-17,0.0,0.01318226386316601,0.0076150544120134524
2014-10-20,0.0,0.014946236559139736,0.008634056019065172
2014-10-21,0.03802259453594581,0.026273969700180144,0.031235716476201002
2014-10-22,-0.0069862332733394705,-0.005161556725508443,-0.005932164614094702
2014-10-23,0.021675281754083287,0.015046176195911531,0.017845818161755025
2014-10-24,0.01535045750967412,0.008178286648947042,0.011207279075103115
2014-10-27,-0.0027887534557390348,0.0007097951733927577,-0.0007677319945956299
2014-10-28,0.02290077423080361,0.015097780930185545,0.018393185915353827
2014-10-29,-0.003063723666461904,-0.0036933519664603676,-0.003427443723471921
2014-10-30,0.012781477421561105,0.0021039975954311174,0.006613372253650476
2014-10-31,0.022831217249772218,0.0137972405518898,0.017612521521532275
2014-11-03,0.0010512626153442728,0.002958579881656709,0.0021530706897923907
2014-11-04,-0.00697827598725731,0.003110289172831182,-0.0011503716583292532
2014-11-05,0.012592734031273034,-0.001424620799463816,0.0044952690695207
2014-11-06,0.007966643446889021,-0.006461899966431539,-0.00036835457158833655
2014-11-07,0.0018308564709090813,0.011487456710870925,0.007409225787870274
2014-11-10,0.006255193038510187,-0.009185803757828737,-0.002664673230317929
2014-11-11,0.0019212940265302958,0.0006742520016855824,0.0012009099580703596
2014-11-12,-0.0021946438491554643,-0.0008422471153036737,-0.0014133990780136102
2014-11-13,0.0022156616461523893,0.0023602798617550214,0.002299203865623472
2014-11-14,0.00045005740778036873,0.004877638550163876,0.0030077570307613178
2014-11-17,0.001233329603652189,-0.002510670348983224,-0.0009294827671090628
2014-11-18,0.01150800058361301,0.0027686886483764273,0.006459525101617792
2014-11-19,-0.0032505801309637983,-0.006358768406961035,-0.005046100467242107
2014-11-20,0.0034687474369825555,0.005220613001010399,0.004480755065647988
2014-11-21,0.010661747561069967,0.006031160998492213,0.007986776933900397
2014-11-24,0.005572858586597951,0.0008326394671107629,0.0028345560541608596
2014-11-25,-0.0014871398401926639,0.008319467554076532,0.00417788474737297
2014-11-26,0.005078370669276078,0.002722772277227836,0.0037176021309962993
2014-11-28,-0.004277786951614293,0.00789928412737595,0.0027565934710512222
2014-12-01,-0.013939296439176796,-0.008082292432035287,-0.010555856032526385
2014-12-02,0.012888000197547322,-0.00971193415637861,-0.00016739996736369472
2014-12-03,0.007686426882057118,0.00390625,0.0055027160306657195
2014-12-04,-0.002252391184363378,0.008361619339349202,0.0038790494017714606
2014-12-05,0.0032349009145480334,-0.005829228243021345,-0.0020012131132765383
2014-12-08,-0.013405067155555783,0.012222313981335997,0.0013992110640707192
2014-12-09,-0.0013948928387300663,0.0051399200456883065,0.0023801003038530183
2014-12-10,-0.032102451949607036,0.007305194805194759,-0.00933766910181874
2014-12-11,0.010100108758052118,0.004109589041095818,0.0066395397636528925
2014-12-12,-0.0323625191139173,0.013562314420993538,-0.005832925270162059
2014-12-15,-0.013778544602925158,-0.0020585906571654045,-0.007008228978108238
2014-12-16,-0.01095000628252596,0.012377023167248202,0.0025254179977468785
2014-12-17,0.037611304173621685,-0.009012539184952928,0.010677910353095753
2014-12-18,0.04941766420624005,-0.017793594306049765,0.010591450743686504
2014-12-19,0.008422654284802045,0.013446054750402503,0.011324543389432194
2014-12-22,0.009160394934604854,0.0013505998252165696,0.004648877389363969
2014-12-23,0.002659502884763354,-0.01983497302443671,-0.010334976652012023
2014-12-24,0.0001528565695780859,0.003318763153634441,0.001981719286270102
2014-12-26,0.00640975674404598,0.00371117386042763,0.004850854896275926
2014-12-29,0.0026469419086472268,0.0074752833373523675,0.005436150430114172
2014-12-30,-0.010771763797057132,0.002712621669060278,-0.002982181514155873
2014-12-31,-0.019885539958061416,0.0019096117122849865,-0.007295042027616249
2015-01-02,-0.0011100338093174011,0.011118170266836147,0.005953884829218296
2015-01-05,-0.03615904193193209,0.01570845114671693,-0.006196526683524538
2015-01-06,-0.018877675797566495,0.01801732137333767,0.0024356140822219922
2015-01-07,0.02488274764710119,-0.0019749335358907327,0.009367756769056915
2015-01-08,0.035450406927050926,-0.01324301697237229,0.007321469716391301
2015-01-09,-0.016066880207940115,0.010952564596991898,-0.00045844265064978306
2015-01-12,-0.01570675720318848,0.005722133211261138,-0.003327838969646494
2015-01-13,-0.005665145159934215,0.0,-0.0023925366692638885
2015-01-14,-0.012114108509720611,0.007586102260658478,-0.0007338039958842395
2015-01-15,-0.006811462796066037,0.015735581990663938,0.006213384427695741
2015-01-16,0.02464955395177637,-0.012749240234230186,0.0030452335083125115
2015-01-20,0.0042255557686552425,0.013289285982431176,0.00946143933692249
2015-01-21,0.010056328545197557,-0.011558980438648558,-0.0024302788959114736
2015-01-22,0.02970229106688138,-0.003598200899550319,0.010465454291085707
2015-01-23,-0.011005233243292945,0.013918146253385721,0.0033923613556734247
2015-01-26,0.004643929696168891,-0.0030422200786525133,0.00020383887704212493
2015-01-27,-0.026420797165363052,0.0015629651682047552,-0.010255298201379237
2015-01-28,-0.006598503108954934,0.016348368878650765,0.006657313993856164
2015-01-29,0.01691970545474053,-0.006580390436499162,0.003344305147410908
2015-01-30,-0.003991985228421258,0.017737543239861653,0.008560603867881968
2015-02-02,0.02319133712438526,-0.005785363031530433,0.006452243546956249
2015-02-03,0.02888266294384434,-0.021166715158568494,-2.9574096279048195e-05
2015-02-04,-0.007655382597976934,0.0017091476554953466,-0.00224573459188623
2015-02-05,0.020150457614255712,-0.010979228486647008,0.0021676394922750053
2015-02-06,-0.005570441320947639,-0.017701770177017573,-0.01257839763921953
2015-02-09,-0.008991275825139367,-0.001603543066585278,-0.0047235728325600605
2015-02-10,0.02126706622633212,-0.007954110898661382,0.00438674459874902
2015-02-11,0.0011208029297586908,0.0018502813969623055,0.0015422038573846028
2015-02-12,0.01919387470186007,-0.0033089649865331028,0.0061945636251984695
2015-02-13,0.008193133849262901,-0.010268684373069825,-0.002471783176150057
2015-02-17,0.0031064705736929543,-0.015055776581636593,-0.007385391959777355
2015-02-18,0.0001506939295425891,0.005940123554569965,0.0034950983555755
2015-02-19,-0.0014673701621079616,-0.006613652468309583,-0.004440244942046957
2015-02-20,0.011961460427102777,0.0029325513196480912,0.006745692115370768
2015-02-23,-0.00032371965464683683,0.01145882724830094,0.006482754309871314
2015-02-24,0.005641866630145875,0.013126025470739933,0.009965272487505745
2015-02-25,-0.0017393190064382003,0.0043186550474281216,0.0017602166215550776
2015-02-26,-0.002402296536216375,-0.013668125623896188,-0.008910275923492979
2015-02-27,-0.00685205835619529,0.008407940833008887,0.001963250255383482
2015-03-02,0.012587299326771051,-0.020535783216243386,-0.0065470525931190056
2015-03-03,-0.008247616875988073,-0.0036257586505872297,-0.005577688384465196
2015-03-04,-0.008470906487684227,0.00031643066213105087,-0.0033946880757976367
2015-03-05,0.002148463775807352,-0.0012653222617634574,0.00017640748131060667
2015-03-06,-0.028168608715865462,-0.022092010452134048,-0.02465831436137607
2015-03-09,0.008249474086720054,0.009230769230769376,0.008816343024692096
2015-03-10,-0.03248352972756652,0.013157894736842035,-0.006117654006520341
2015-03-11,-0.004723066284353261,0.0072853975293001305,0.0022139140624885143
2015-03-12,0.025388190321574244,-0.0007075471698113622,0.010313354695366884
2015-03-13,-0.012304289010659608,-0.003068208638187353,-0.006968843193448236
2015-03-16,0.026681397963576048,0.009627525252525304,0.016829814807736185
2015-03-17,-0.005984643705023052,0.008285133656401378,0.002258639253240118
2015-03-18,0.02400340266851919,0.019302325581395552,0.021287711480335196
2015-03-19,-0.009162556244733389,-0.00509544452049604,-0.006813090523117432
2015-03-20,0.01753368261563737,0.005274422871120565,0.010451823917120894
2015-03-23,-0.003936835716398246,-0.001216637518059449,-0.0023654472578731964
2015-03-24,-0.011277777778676001,0.00966882375333089,0.0008225345856288594
2015-03-25,-0.029347220131116458,-0.008445181722213868,-0.017272650735601407
2015-03-26,-0.00480251302254564,-0.0155893536121674,-0.011033793087664643
2015-03-27,0.0045396519957778825,0.012437234453456902,0.009101882031745664
2015-03-30,0.024360045272062036,-0.00495956050663815,0.007422863945609457
2015-03-31,-0.017518674136096535,0.0021470746108427363,-0.006158277445860599
2015-04-01,-0.007112297953696611,0.01101844058458945,0.0033613628630030394
2015-04-02,0.007155261552804104,0.0018485773991321341,0.004089726755666756
2015-04-06,0.013426699944237397,0.004412354592859824,0.008219344739398234
2015-04-07,-0.005332469913275517,-0.006389776357827448,-0.005943248622381231
2015-04-08,0.006714466437279798,0.008601286173633538,0.007804433616448654
2015-04-09,0.008807321979436233,-0.0035865147047102752,0.0016477216480318
2015-04-10,0.01087463052910187,0.004799232122860486,0.007365029301390097
2015-04-13,-0.009085578558805874,0.0006368412673141144,-0.0034691869616678282
2015-04-14,0.003786421052085265,-0.00023866348448697838,0.0014612333546520852
2015-04-15,0.00893449283836012,0.007002466778069483,0.007818411129841833
2015-04-16,-0.0006099434337576426,-0.0005531410509679313,-0.0005771301597884944
2015-04-17,-0.023046765298994187,-0.016208096141682393,-0.019096242211362704
2015-04-20,0.018233940927272263,0.009804709475206952,0.01336459095633972
2015-04-21,-0.002422336816125359,-0.001034619976124307,-0.001620688529096051
2015-04-22,0.00978856173444309,0.0015137029955385461,0.005008388905058605
2015-04-23,0.004992838943648659,0.00453424548564163,0.004727921310989605
2015-04-24,0.00460134795810796,-0.003325942350332678,2.195646168376658e-05
2015-04-27,-0.00835529794250267,-0.011044017161925934,-0.009908501805440445
2015-04-28,0.006317958491848907,0.005543504458905613,0.005870576337942451
2015-04-29,-0.008268967443656128,-0.010866091403004097,-0.009769259083276567
2015-04-30,-0.020080524064996275,-0.021163166397415112,-0.020705938664165018
2015-05-01,0.02164313430804099,0.00651922759531276,0.012906442815963653
2015-05-04,0.005655078279811709,0.0036074444535540984,0.004472212941605222
2015-05-05,-0.02294333576738472,-0.012744056858099873,-0.01705147495624392
2015-05-06,-0.008273287134927032,0.003475382705833807,-0.0014863830769553223
2015-05-07,0.007939552222748558,0.0037931887523707797,0.005544304807990139
2015-05-08,0.026292485794644938,0.0074755606670500185,0.015422432653484114
2015-05-11,-0.00958509412666797,0.0005707762557076723,-0.003718309303824037
2015-05-12,-0.006022304446783422,-0.0017928449189145157,-0.0035790545791999718
2015-05-13,0.0003413061253330074,-4.0819658747581755e-05,0.00012056189898370173
2015-05-14,0.020815474112002574,0.010654365840715219,0.014945663495601419
2015-05-15,0.002127981567061399,-0.0011309475725018725,0.00024538211523172156
2015-05-18,0.00617383657190218,0.011322280630812642,0.009147960140719476
2015-05-19,-0.0006966510994700359,-0.0013594562175129887,-0.0010795365500155438
2015-05-20,-0.0014479348978045925,0.001841768097373464,0.00045244181803728856
2015-05-21,0.005785195325518577,-0.0011190152665654374,0.0017968106386039486
2015-05-22,-0.004817200103961139,-0.0043210370488916405,-0.004530579482434783
2015-05-26,-0.021543039505014017,-0.009563610061882333,-0.014622831566435072
2015-05-27,0.018944655381600617,0.012252515417072507,0.015078778435753174
2015-05-28,-0.00229638211655947,-0.000881763527054158,-0.0014791933815176085
2015-05-29,-0.01246555093905033,-0.006017329910141145,-0.008740579681796227
2015-06-01,0.004033444295466149,0.0031479538300105414,0.003521919253503889
2015-06-02,-0.0020248411150527446,-0.0031697156312262553,-0.002686205644399601
2015-06-03,0.005259333357383378,0.0029980921231944624,0.003953072519656419
2015-06-04,-0.016932849772515968,-0.007608695652173925,-0.0115465260189152
2015-06-05,-0.0034661328329427255,-0.002373128879153086,-0.002834732591902874
2015-06-08,-0.012910922469606456,-0.010155535224153578,-0.011319206204624021
2015-06-09,0.0002481977031483229,-0.0016637397171642698,-0.0008562793153042756
2015-06-10,0.02404283125253115,0.013702434959725895,0.018069450562472465
2015-06-11,0.006501841918954865,0.0014613206685543112,0.0035900625777779104
2015-06-12,-0.01629293082644434,-0.008207934336525446,-0.011622436529656433
2015-06-15,-0.00794708024356472,-0.004965517241379391,-0.006224708067573819
2015-06-16,0.01095983922013688,0.005452361149616447,0.007778310947351175
2015-06-17,0.0031945624071074707,0.0027573529411764053,0.002941997756067874
2015-06-18,0.020094226952195315,0.014573785517873583,0.01690521007792702
2015-06-19,-0.0082191757465927,-0.007227391814978779,-0.0076462477061137145
2015-06-22,0.010206510715355721,0.0073710073710073765,0.008568513442899908
2015-06-23,0.0014705350257668837,0.0008130081300814496,0.0010906986683717201
2015-06-24,-0.0145645587483616,-0.005144868670457714,-0.009123046331972034
2015-06-25,-0.006500183228474343,-0.001996007984031878,-0.0038982371649068075
2015-06-26,0.0006275242475008991,-0.0066363636363636624,-0.0035686367497732674
2015-06-29,-0.017189268670353863,-0.023611238217259967,-0.020899075122387516
2015-06-30,0.0,0.0035617208735589934,0.00205751444016701
2015-07-01,0.0,0.007938731670869448,0.004586000876902944
2015-07-02,0.0,0.0002779836916235734,0.0001605840210254651
2015-07-06,0.0,-0.0023158869847151875,-0.001337828280767272
2015-07-07,0.011408458466110716,0.002506963788300842,0.006266294189671312
2015-07-08,-0.0031894280964914756,-0.01741224414189113,-0.011405582711664225
2015-07-09,0.0,-0.0005655575454802664,-0.0003267080318420087
2015-07-10,0.0,0.015278694709044638,0.008826108532011542
2015-07-13,0.020405431928726347,0.017556897352531298,0.018759906849165602
2015-07-14,0.009113635537632225,0.006572941391272513,0.007645941947999697
2015-07-15,-0.0008938966616849342,0.0010883366588063659,0.0002511884882964287
2015-07-16,0.015532648086979739,0.01413299510780952,0.014724104599688467
2015-07-17,0.0018447099789435928,0.01474003930677159,0.009294009697987337
2015-07-20,0.001372281502894035,0.003433400827537403,0.0025629370662884426
2015-07-21,-0.008129231970840034,-0.0006141428320758369,-0.0037879584766318725
2015-07-22,-0.004478670072796231,-0.0113247300500392,-0.008433462646800427
2015-07-23,-0.010925195342037286,-0.0037293553542888658,-0.006768343862227367
2015-07-24,-0.004959540627887282,-0.009803921568627527,-0.007758014762465702
2015-07-27,0.0,-0.008280828082808167,-0.004783621165656764
2015-07-28,0.023285229456325496,0.008622254492648418,0.014814806367436234
2015-07-29,0.013910917048671978,0.0037793575092233134,0.00805817597382251
2015-07-30,0.00043476828368915754,0.004751232631107216,0.0029282785952943276
2015-07-31,-0.003549785945090478,-0.0011598857958600162,-0.0021692021649006845
2015-08-03,-0.006882162938745662,-0.003126395712371721,-0.004712552916933718
2015-08-04,-0.00394947131645873,-0.0018817204301074808,-0.002754984870617549
2015-08-05,0.007413021454593105,0.007630846575096495,0.007538853418067269
2015-08-06,-0.005960574311739797,-0.01594796863863135,-0.01173003485531349
2015-08-07,0.0,-0.0012675418741512345,-0.000732226303566717
2015-08-10,0.024488993760640954,0.011422355180853883,0.01694073309767355
2015-08-11,-0.018745469939746906,-0.012817065519404758,-0.015320783352834363
2015-08-12,0.0024524098595655186,0.0034501543490101927,0.0030287811608287127
2015-08-13,-0.0021457518487063565,-0.0016286644951138962,-0.0018470437986897554
2015-08-14,0.006285185691676132,0.001540692405292754,0.00354441408307592
2015-08-17,0.011423825293963352,0.00832503845805821,0.009633735927554538
2015-08-18,-0.0060237250926620245,-0.005115319034371457,-0.00549896230275805
2015-08-19,-0.004047409558420756,-0.00658488183294248,-0.005513241955650409
2015-08-20,0.0,-0.02769454281303907,-0.015998424293904055
2015-08-21,0.0,-0.043705640642510146,-0.025247623250403296
2015-08-24,0.0,-0.0384765625000002,-0.022226919447686372
2015-08-25,0.0,-0.0037578712167376516,-0.0021708254428707482
2015-08-26,0.0,0.05036191252930977,0.02909278013129134
2015-08-27,0.0,0.025332427448316208,0.014633891068311538
2015-08-28,0.0,-0.00018932222642942254,-0.00010936657547054503
2015-08-31,0.0,-0.012402953985987453,-0.007164867161922333
2015-09-01,0.0,-0.031252995877672385,-0.018054051004995436
2015-09-02,0.0,0.0,0.0
2015-09-03,0.0,0.0,0.0
2015-09-04,0.0,0.0,0.0
2015-09-08,0.0,0.0,0.0
2015-09-09,0.0,0.0,0.0
2015-09-10,0.0,0.0,0.0
2015-09-11,0.0,0.0,0.0
2015-09-14,0.0,0.0,0.0
2015-09-15,0.0,0.0,0.0
2015-09-16,0.0,0.0,0.0
2015-09-17,0.0,0.0,0.0
2015-09-18,0.0,0.0,0.0
2015-09-21,0.0,0.0,0.0
2015-09-22,0.0,0.0,0.0
2015-09-23,0.0,0.0,0.0
2015-09-24,0.0,0.0,0.0
2015-09-25,0.0,0.0,0.0
2015-09-28,0.0,0.0,0.0
2015-09-29,0.0,0.0,0.0
2015-09-30,0.0,0.0,0.0
2015-10-01,0.0,0.0,0.0
2015-10-02,0.0,0.0,0.0
2015-10-05,0.0,0.0,0.0
2015-10-06,0.0,0.0,0.0
2015-10-07,0.0,0.0,0.0
2015-10-08,0.01648655420661438,0.0,0.006962696343263648
2015-10-09,0.001153101119712785,0.0,0.0004869842933228781
2015-10-12,0.0018477659281577186,0.0,0.0007803591284120073
2015-10-13,-0.004370378363334093,0.0,-0.0018457233129319738
2015-10-14,0.0,0.0,0.0
2015-10-15,0.029123330470133046,0.0,0.012299532335671477
2015-10-16,0.009053472883819191,0.0,0.0038235147109584797
2015-10-19,0.0009442304818680913,0.0,0.00039877284488370514
2015-10-20,-0.0025965985054285934,0.0,-0.0010966104070077984
2015-10-21,-0.012446752600489552,0.0,-0.005256584106712055
2015-10-22,0.033252366011893075,0.0,0.014043330360869735
2015-10-23,0.02247384019241383,0.0,0.009491281377889897
2015-10-26,-0.00514762394242263,0.0,-0.0021739741337836968
2015-10-27,-0.004097849600974146,0.0,-0.001730627399417403
2015-10-28,0.0229065342392627,0.0,0.009674019215038297
2015-10-29,-0.0005182888378795214,0.0,-0.00021888672132654077
2015-10-30,-0.009231123011414377,0.0,-0.0038985409340422015
2015-11-02,0.023622126722708137,0.0,0.009976232346133547
2015-11-03,0.005759072154207123,-0.00820008200082012,-0.0023047717757599946
2015-11-04,-0.00591645979103983,0.0011575031004547043,-0.0018300135715998585
2015-11-05,-0.0022262021707626367,-0.0026426624824511524,-0.002466780569653103
2015-11-06,-0.0010865538215276693,-0.014655957605365533,-0.008925248997493382
2015-11-09,-0.018702794327907668,-0.005630252100840338,-0.011151123279915721
2015-11-10,0.004573927610024731,0.0029578297980226154,0.0036403495159069666
2015-11-11,-0.007903127112254493,-0.0021065048870912984,-0.004554567706320811
2015-11-12,-0.027959197317406037,0.004812969686734725,-0.009027560268822028
2015-11-13,-0.008989092295065393,0.005714285714285783,-0.0004953294070025598
2015-11-16,0.02882850179998586,-0.0009191176470589868,0.011644067997982602
2015-11-17,-0.0014986845826455708,0.0016726603663126394,0.0003333197374212445
2015-11-18,0.03169244380482206,0.0020873340569425025,0.01459033418663488
2015-11-19,-0.001764398680348389,0.0066655557407098165,0.0031053689311560783
2015-11-20,0.007248737504053748,-0.0030624068862770137,0.0012922548848659276
2015-11-23,-0.0023329317882309075,0.0030718140307179898,0.0007892507080094007
2015-11-24,0.0026388461835689103,-8.27677536829885e-05,0.0010666398891267235
2015-11-25,-0.0003262839247660798,0.002317688933035189,0.0012010711172083075
2015-11-27,0.0022534571506265255,-0.000990998430919099,0.00037921870059319247
2015-11-30,-0.008342793820463656,0.00396792593204931,-0.0012312080003388515
2015-12-01,0.019031667309210798,0.011362700699876438,0.014601502762347484
2015-12-02,-0.020449783166362367,-0.006165335185828402,-0.012198025369184068
2015-12-03,-0.02804524528797392,-0.01695063346439496,-0.02163617370560382
2015-12-04,0.03896620238759474,0.023375699937783212,0.02995997055228159
2015-12-07,-0.012156846932581122,-0.004516241097793916,-0.007743065674930134
2015-12-08,-0.013478607425199685,8.724480893373965e-05,-0.005641963888051628
2015-12-09,-0.015598996384298625,-0.015179272441769087,-0.015356532669904457
2015-12-10,0.005122487520387908,0.004517672070156742,0.004773101207798154
2015-12-11,-0.005778449013526643,-0.023015873015872934,-0.015736065024202352
2015-12-14,0.0,0.00758191172488476,0.004379875181637692
2015-12-15,0.019424447955302293,0.006091552450058213,0.011722377522178794
2015-12-16,0.029224327605425815,0.014869557474846529,0.020931946512846702
2015-12-17,-0.03051605614013886,-0.014563958589226322,-0.021300940125402193
2015-12-18,-0.00403235182248185,-0.02216880341880334,-0.014509312925706664
2015-12-21,0.0,0.011108076117636312,0.006416849558363478
2015-12-22,0.01658161464963892,0.006573615488518758,0.010800251223872143
2015-12-23,0.024726902227481196,0.007425299695831056,0.014732211932918828
2015-12-24,-0.003340332962476489,-0.00017760412041545326,-0.0015133059455135086
2015-12-28,-0.004609888685445096,-0.0005329070077272346,-0.00225472134583861
2015-12-29,0.02130430654543214,0.015729138896294348,0.018083675745975143
2015-12-30,-0.014215188808186396,-0.009011373578302617,-0.011209078739614919
2015-12-31,-0.020046480966150804,-0.012448132780083054,-0.015657110864099693
2016-01-04,-0.004380352461826886,-0.021097800822456714,-0.014037591932805455
2016-01-05,0.0,0.0,0.0
2016-01-06,0.0,0.0,0.0
2016-01-07,0.0,0.0,0.0
2016-01-08,0.0,0.0,0.0
2016-01-11,0.0,0.0,0.0
2016-01-12,0.0,0.0,0.0
2016-01-13,0.0,0.0,0.0
2016-01-14,0.0,0.0,0.0
2016-01-15,0.0,0.0,0.0
2016-01-19,0.0,0.0,0.0
2016-01-20,0.0,0.0,0.0
2016-01-21,0.0,0.0,0.0
2016-01-22,0.0,0.0,0.0
2016-01-25,0.0,0.0,0.0
2016-01-26,0.0,0.0,0.0
2016-01-27,0.0,0.0,0.0
2016-01-28,0.0,0.0,0.0
2016-01-29,0.0,0.0,0.0
2016-02-01,0.0,0.0,0.0
2016-02-02,0.0,0.0,0.0
2016-02-03,0.0,0.0,0.0
2016-02-04,0.0,0.0,0.0
2016-02-05,0.0,0.0,0.0
2016-02-08,0.0,0.0,0.0
2016-02-09,0.0,0.0,0.0
2016-02-10,0.0,0.0,0.0
2016-02-11,0.0,0.0,0.0
2016-02-12,0.0,0.0,0.0
2016-02-16,0.0,0.0,0.0
2016-02-17,0.0,0.0,0.0
2016-02-18,0.0,0.0,0.0
2016-02-19,0.0,0.0,0.0
2016-02-22,0.0,0.0,0.0
2016-02-23,0.0,0.0,0.0
2016-02-24,0.0,0.0,0.0
2016-02-25,0.0,0.0,0.0
2016-02-26,0.0,0.0,0.0
2016-02-29,0.0,0.0,0.0
2016-03-01,0.04540373348778881,0.0,0.019175165723781907
2016-03-02,0.008945214695137205,0.0,0.0037777944904067527
2016-03-03,0.007799503388923101,0.0,0.0032939311055999805
2016-03-04,0.006467415301042889,0.0,0.0027313560069982647
2016-03-07,0.0015569148317540193,0.0,0.0006575252214606208
2016-03-08,-0.021875287940688826,0.0,-0.009238497350244757
2016-03-09,0.009839460904662145,0.0,0.004155457690066672
2016-03-10,0.0015651724700369574,0.0,0.0006610126347281876
2016-03-11,0.032234569369449906,0.0,0.013613488632166841
2016-03-14,-0.0026042416873192087,0.0,-0.0010998383195196398
2016-03-15,-0.0032989615512946102,0.0,-0.0013932364059768756
2016-03-16,0.011534715358630043,0.0,0.004871407296007259
2016-03-17,0.012648514817565237,0.0,0.005341793486030266
2016-03-18,0.007775437242524275,0.0,0.0032837673523118415
2016-03-21,0.0027980999529215733,0.0,0.0011817096566168418
2016-03-22,-0.0011145836110789675,0.0,-0.00047071735766395726
2016-03-23,-0.01323865607522301,0.0,-0.00559102533431147
2016-03-24,-0.0009255837927769628,0.0,-0.00039089786795877036
2016-03-28,0.0011419834989865318,0.0,0.00048228903582962833
2016-03-29,0.018460513817587065,0.0,0.007796350313209385
2016-03-30,0.008735756441719422,0.0,0.003689334876780924
2016-03-31,-0.0048935801252992794,0.0,-0.002066684888599652
2016-04-01,0.013584237008437361,0.0,0.005736973060551794
2016-04-04,-0.00651559599939866,-0.006670657658428114,-0.006605171127235828
2016-04-05,-0.02001542072156759,0.013000430477830172,-0.0009430135878531441
2016-04-06,0.021802679752582987,-0.006119326874043818,0.005672855470390526
2016-04-07,-0.023971482016501233,0.01428082777492734,-0.0018741075844161629
2016-04-08,0.005353825752443031,-0.001517578619003368,0.0013843923744842196
2016-04-11,-0.004734019947460921,0.013510090348729076,0.005805132814642464
2016-04-12,0.0185858832162602,0.0001666250104139788,0.00794555201652067
2016-04-13,0.020162357283039833,-0.01066222407330275,0.0023557903160432835
2016-04-14,5.6423229555901955e-05,-0.013976593415845673,-0.008050089159262128
2016-04-15,-0.0022510762752979696,0.006916574161045075,0.0030448393297705083
2016-04-18,0.014013700913724891,-0.0015264586160108617,0.005036550887091651
2016-04-19,0.006268757378490308,0.015627654153218984,0.011675151068963696
2016-04-20,0.0018661012212046746,-0.005101187489546799,-0.002158722070705741
2016-04-21,-0.010796512312817863,0.003782466167941534,-0.002374611829338069
2016-04-22,-3.9682539682561746e-05,-0.012811924300787148,-0.007417877740733749
2016-04-25,-0.003485153165559529,0.002884044448214551,0.0001941682994947363
2016-04-26,0.002932341798409288,0.003975302376723278,0.003534833269971939
2016-04-27,0.004076802277934499,0.002864363942712833,0.003376407869981377
2016-04-28,-0.018191189065063118,0.018901209677419484,0.003236134619858575
2016-04-29,-0.010837417089218482,0.019457498557176933,0.006663175635167459
2016-05-02,0.015857171859736008,-0.003315810756166715,0.004781433475477831
2016-05-03,-0.01744601029247128,-0.002271989613761738,-0.008680369252599214
2016-05-04,-0.01119615302554322,-0.006099544567338966,-0.00825197354857195
2016-05-05,-0.000429848881970063,-0.0011455691023647407,-0.0008433020246668087
2016-05-06,0.007278461543297032,0.009093143278446902,0.008326756456605976
2016-05-09,0.0016130298764169826,-0.020539048546842076,-0.011183655448905618
2016-05-10,0.02482794592642068,0.0027351844177372353,0.012065526455334862
2016-05-11,-0.018749176692489433,0.009423045131426777,-0.0024748095334550368
2016-05-12,0.0005414118912880905,-0.007861120209629924,-0.004312514551951288
2016-05-13,-0.017468061871918406,0.004539451964344465,-0.004754887786201793
2016-05-16,0.01969077310978329,0.0007394626571359808,0.008743089026542061
2016-05-17,-0.0187067974386671,0.0034482758620688614,-0.005908382049739289
2016-05-18,0.0005460924004239143,-0.01734576992308956,-0.009789575777673509
2016-05-19,-0.006969622377963058,-0.0019150707743545992,-0.004049738062996548
2016-05-20,0.012595067890817324,-0.001334779344289827,0.00454815381388278
2016-05-23,-0.002764856447901698,-0.0028401971430956907,-0.0028083788276155705
2016-05-24,0.025884862164333944,-0.017341040462427793,0.0009143712131591108
2016-05-25,0.013526527436863889,-0.0027280477408354598,0.004136677885436732
2016-05-26,0.0005336832882838483,-0.0034193879295606466,-0.0017499041691455047
2016-05-27,0.008558855887672356,-0.008234688625836206,-0.0011423423714727612
2016-05-31,-0.003844943103597842,0.0038055699705932255,0.0005745613111615433
2016-06-01,0.004058754443224233,-0.0010339479579528632,0.0011168313948229705
2016-06-02,0.006047728767321958,0.0076869925721194665,0.00699468925899119
2016-06-03,-0.00601384201991384,-0.005999828576326305,-0.006005746814376577
2016-06-06,0.010137291067211285,0.010778649650771799,0.010507787406999479
2016-06-07,0.003082976467523535,0.002900528919979495,0.002977581217033336
2016-06-08,0.006479610948821657,0.007400476352500851,0.0070115711817488715
2016-06-09,-0.0027706992249345586,-0.006417292915646411,-0.004877242506234526
2016-06-10,-0.018994746487760228,-0.01359734851703931,-0.01587680865424615
2016-06-13,-0.015463207517782962,-0.010855518221762561,-0.012801464051936405
2016-06-14,-0.003973518048375313,-0.0028743140841390735,-0.003338536220940591
2016-06-15,-0.002827540737828982,0.0006988120195667857,-0.0007904575476983134
2016-06-16,0.005928981720914939,-8.729050279343564e-05,0.0024535361664499754
2016-06-17,-0.007445249737742854,-0.0042776080314271825,-0.00561538468559819
2016-06-20,0.012840445042931803,0.010871471155531998,0.011703019526038676
2016-06-21,0.005637449844401177,-0.0019080659150042534,0.0012785996748843
2016-06-22,-0.0033019738154765887,-0.003910323253389025,-0.0036534016217554094
2016-06-23,0.026005410414705166,0.019104946349123297,0.022019189999683893
2016-06-24,-0.026573114992891056,-0.0365519602807739,-0.032337636976753195
2016-06-27,0.0,-0.03429586850288757,-0.019811840171588154
2016-06-28,0.0,0.015456803753795434,0.008928997541147437
2016-06-29,0.032464481713246895,0.022741687052641124,0.026847873583877788
2016-06-30,0.027251442452514985,0.018603827072998014,0.022255937709722628
2016-07-01,0.004161215001629026,0.0035658375369629347,0.0038172807702875206
2016-07-05,-0.014426058439571121,-0.014732645809862221,-0.014603166069264865
2016-07-06,0.01195590285449133,0.0017591696719150285,0.006065512644121757
2016-07-07,-0.0012798332359977849,0.002107296514180401,0.0006768244076280513
2016-07-08,0.029741208166612187,0.023306755454306494,0.026024190511348282
2016-07-11,0.007014162005124058,0.011559208836372958,0.009639718532013147
2016-07-12,0.0144870563872177,0.013373963094633456,0.013844051052423827
2016-07-13,-0.0003188079208799044,-0.003925826929502163,-0.0024024899273200604
2016-07-14,0.011127235486866782,0.0010062893081761448,0.005280625477250542
2016-07-15,-0.0027233120668888056,0.002764513696908777,0.00044686357431786847
2016-07-18,0.005334936323486916,0.0016708437761068229,0.0032182844032566495
2016-07-19,-0.002072878749833973,-0.005004170141784892,-0.0037662103110042097
2016-07-20,0.008286271405560486,0.006538139145012556,0.007276420410188939
2016-07-21,-0.007594079473630555,-0.004746835443038,-0.005949299909034932
2016-07-22,0.008930595188190837,0.007447075558530747,0.00807360409634067
2016-07-25,-0.005471564204685531,-0.0014950166112956964,-0.003174415049581914
2016-07-26,0.0008835208096755753,0.004824488437863872,0.0031601163350081832
2016-07-27,-0.002161906300139127,0.0028145695364238943,0.0007128756545285581
2016-07-28,0.002269572913884632,-0.0025590226184580844,-0.0005197823967109884
2016-07-29,0.0031894634999971583,0.0019862616899777308,0.0024944047948279495
2016-08-01,-0.0016976873679779292,0.0008259684480054208,-0.00023983638309468098
2016-08-02,-0.012854276317577962,-0.010302640051513157,-0.01138026174713349
2016-08-03,0.0058057360745398245,0.000578327188606842,0.0027859965583667836
2016-08-04,0.0020882757124451867,0.0075139079546275855,0.005222523757596246
2016-08-05,0.016318054785912528,-0.010397992111867982,0.0008848823875836562
2016-08-08,-0.0012312675076954216,0.00188405797101443,0.0005683758068186674
2016-08-09,0.0011526127889258664,0.009836539852452031,0.006169093856603852
2016-08-10,-0.004989668948649384,0.0038676407391489143,0.0001269707967515698
2016-08-11,0.009241653654681103,-0.008918378995433685,-0.001248929616146528
2016-08-12,-0.001777501019278982,0.008422719746598695,0.004114903878164227
2016-08-15,0.005727862821849561,-0.009423186750428414,-0.0030245084013054147
2016-08-16,-0.010354977811791843,-0.0026664744883252434,-0.005913527408212776
2016-08-17,0.0037223654210720714,0.005997543175084941,0.005036677027458733
2016-08-18,0.004448168459324053,0.0015802327251832615,0.002791435830366143
2016-08-19,-0.002963999441566334,-0.005235226620768696,-0.004276028902605806
2016-08-22,-0.00013114406044600901,0.008434864104967188,0.004817218296010908
2016-08-23,0.003987242844371908,0.001072347726622791,0.0023033829886308036
2016-08-24,-0.010269348657424016,-0.002356637863315081,-0.005698379371030595
2016-08-25,-0.00141685945905623,-0.003793843951324205,-0.0027899821967758403
2016-08-26,-0.003806370693768657,-0.005820219874972832,-0.0049697195124271355
2016-08-29,0.00980898085442905,0.013370916449840786,0.011866619333881653
2016-08-30,-0.003336998883022413,-0.0038513658084303737,-0.0036341354117234055
2016-08-31,-0.005727710062367941,0.001431946731581757,-0.0015917606819574747
2016-09-01,5.2267038997078075e-05,-0.0007149495960533381,-0.00039093425649782234
2016-09-02,0.00897633479777915,0.009649691858579335,0.00936531583396024
2016-09-06,0.00600514060610835,0.0009573528230664152,0.003089163576125802
2016-09-07,-0.00022234244995444907,0.006264984449872113,0.0035252192620163956
2016-09-08,-0.004605684196759774,-0.0019934614464556244,-0.003096670374373125
2016-09-09,-0.04790930973915042,-0.03124001278363686,-0.038279886095087576
2016-09-12,0.028654963131117706,0.013938144329896929,0.020153435843670214
2016-09-13,-0.02879072310096431,-0.019196355945989896,-0.023248304234800184
2016-09-14,-0.0007900647696786889,0.0001658649859013206,-0.0002378487635080939
2016-09-15,0.0199462903431582,0.01194029850746281,0.015321435000874562
2016-09-16,-0.0077313956931316374,-0.001474926253687503,-0.004117194391821637
2016-09-19,0.0003353373870018661,0.006646971935007517,0.00398140615111652
2016-09-20,5.397754994684867e-05,-0.004239015244150934,-0.0024259738496593135
2016-09-21,0.022451265098057727,0.014490380679492487,0.01785246714920795
2016-09-22,0.012563282485900329,0.014364105874757893,0.013603571789385963
2016-09-23,-0.010998224194743167,-0.00708035003977725,-0.008734969174271957
2016-09-26,-0.016244136074152427,-0.0126592420479128,-0.0141732351003526
2016-09-27,0.012376317916610313,0.004057453542156919,0.00757072416464241
2016-09-28,0.009887412745421154,0.00767800856704115,0.008611096840115583
2016-09-29,-0.01813427272646817,-0.014597369265319293,-0.0160910946664427
2016-09-30,0.015052641410564283,0.010988116555428862,0.012704670056620862
2016-10-03,-0.00484785630592921,-0.003139843812897558,-0.0038611814672334112
2016-10-04,-0.010235307760393608,-0.0015183466891606212,-0.00519974379703507
2016-10-05,0.008810811506619887,0.003548196333530429,0.005770734224860871
2016-10-06,0.001351533863723331,-0.0005050930212981974,0.0002790083173525457
2016-10-07,-0.0068985758892085025,-0.002189842499789485,-0.004178461852325732
2016-10-10,0.010377086773525113,0.006330716637123368,0.008039602933139817
2016-10-11,-0.02529885120719355,-0.014259352457641317,-0.01892161702861716
2016-10-12,0.0025842598227863167,-0.0008509189925118843,0.0005998454714255001
2016-10-13,-0.006590728134458046,-0.0035769034236076136,-0.0048497192000575545
2016-10-14,0.0009931328456722621,0.0011965811965812811,0.001110659719530065
2016-10-17,-0.015460120430830782,-0.0027317739457060064,-0.008107282400481556
2016-10-18,0.010966328256877489,0.008902585173771849,0.009774157015776917
2016-10-19,0.0052945739891587795,-8.484642796546815e-05,0.002187021325464889
2016-10-20,-0.003773059447215288,-0.0011879507848960857,-0.0022797087353141174
2016-10-21,0.0008953370758184587,0.003738000169909217,0.002537470351348617
2016-10-24,0.008465813460164062,0.012018620397799218,0.010518178549067144
2016-10-25,-0.006740794768129388,-0.0031780546959938594,-0.00468269156318741
2016-10-26,-0.004055118913487532,-0.006795872136924341,-0.00563838148075342
2016-10-27,-0.005373330771864748,-0.004561581348200616,-0.004904404031034187
2016-10-28,-0.0023240875386305593,-0.006279701289884643,-0.0046091437521445545
2016-10-31,0.0,-0.0009393680614858679,-0.000542648741928949
2016-11-01,0.0,-0.007522010428241632,-0.004345271744927389
2016-11-02,0.0,-0.008009646025320838,-0.004626966273540851
2016-11-03,0.0,-0.009810731029692654,-0.005667406705572897
2016-11-04,0.0,-0.003507233669443166,-0.0020260385853056997
2016-11-07,0.04250824030207112,0.023757149142102696,0.031676217748891115
2016-11-08,0.008968124422574109,0.006532015470563035,0.007560847006819062
2016-11-09,0.02116440871618086,0.004611049440696791,0.011601959284665387
2016-11-10,0.004951471795415996,-0.0161495962600936,-0.007238071902255996
2016-11-11,-0.0046496770501055495,0.00043196544276447035,-0.0017141430259587321
2016-11-14,0.00153131830703912,-0.010103626943005262,-0.005189889983097929
2016-11-15,0.01556586740384236,0.013870714472651091,0.01458662120290906
2016-11-16,-0.00379636205109124,0.005937016004130102,0.0018263598328421779
2016-11-17,0.01024176993849335,0.007270549995723297,0.008525372681609786
2016-11-18,-0.00451481828813749,-0.0037364130434783815,-0.004065153620960048
2016-11-21,0.015063237368623694,0.010398908966928078,0.012368774949792914
2016-11-22,0.0038668176806921917,0.0030369495528936863,0.0033874242310102044
2016-11-23,0.0010483127351037513,-0.004037005887300271,-0.0018893448944205353
2016-11-25,0.0073912826725119896,0.0032089174125990994,0.004975237950926343
2016-11-28,-0.009429425959399107,-0.002272727272727204,-0.005295185401396597
2016-11-29,0.0038609706508367925,0.003459039905508998,0.003628785608320341
2016-11-30,-0.004838007562038338,-0.012106944677988896,-0.009037085370679114
2016-12-01,-0.007390603509151439,-0.017276595744680878,-0.013101486675483269
2016-12-02,0.0009621482799959669,-0.0005344735435595105,9.7588388092502e-05
2016-12-05,0.011977861542199486,0.017188693659281995,0.014988025085832298
2016-12-06,0.00629513193989939,0.010814870446864466,0.008906068499497677
2016-12-07,0.026121878482263883,0.009733263986923202,0.016654597868328562
2016-12-08,0.004857806198743431,0.015746872700515002,0.011148139541161312
2016-12-09,0.012041161663986388,0.001955954795711312,0.00621519733376842
2016-12-12,-0.0023353428262918863,-0.010555997397151407,-0.007084203303465448
2016-12-13,0.013308339559738203,7.307270734391302e-05,0.00566266668558787
2016-12-14,-0.016548200639504462,-0.01249451994739148,-0.01420649367931964
2016-12-15,0.008194716073397279,0.007473177950425347,0.00777790207818313
2016-12-16,-0.003929061348657004,-0.0018360752056404417,-0.0027199971448068627
2016-12-19,0.0043151522919748775,0.006548451180928616,0.00560527155632917
2016-12-20,0.007675433000001286,0.008479532163742531,0.008139940382656079
2016-12-21,-0.005604965373167015,-0.006523630037692074,-0.006135654295750319
2016-12-22,-0.0034945170445835894,-0.012695169998540923,-0.008809497354316981
2016-12-23,0.0028887227553722195,0.0053207212533255,0.004293625667655549
2016-12-27,0.004922410257740983,0.004483975301381893,0.004669137672435491
2016-12-28,-0.0165686962578121,-0.010245151847786294,-0.012915747473067871
2016-12-29,-0.0004852083978793553,0.0008872458410351669,0.00030762307748928325
2016-12-30,-0.007349751432856544,-0.0038413237792717103,-0.005323023113655342
2017-01-03,0.015260330950349177,0.004968483500185528,0.009314995676631244
2017-01-04,0.0118587100209544,0.016676505312868795,0.014641826310743107
2017-01-05,-0.0016285959332468236,-0.011540136449412097,-0.00735423768347553
2017-01-06,0.007115909522676711,-0.0036713415081870426,0.000884392356220399
2017-01-09,-0.006641504439285684,-0.006559068464883078,-0.0065938832994648314
2017-01-10,-3.968253968267277e-05,0.009569732937685371,0.005511429354858558
2017-01-11,0.0056125207648978215,0.0017635388345949021,0.0033890630087522987
2017-01-12,-0.005059559112836065,-0.00770189980195124,-0.0065859712929861695
2017-01-13,0.004551356195068523,0.007244234180957987,0.006106962470312387
2017-01-17,-0.007086614840949301,-0.013576985175399958,-0.01083593466673902
2017-01-18,0.004380206963486399,0.003273565954914126,0.00374092894703048
2017-01-19,-0.007448688052187902,-0.008157211716722235,-0.007857983929863671
2017-01-20,0.007308385144258578,0.0051588785046730035,0.006066670504850877
2017-01-23,-0.005243978094032653,-0.004165426956263096,-0.004620926872671225
2017-01-24,0.01278377126124064,0.01531221989841658,0.014244390935519538
2017-01-25,0.01727139784716747,0.009416611491208648,0.01273389001723381
2017-01-26,-0.0021305915661432584,-0.004008454194300737,-0.0032153844545380226
2017-01-27,-0.003179271750652135,-0.0034391921557148653,-0.003329421076131491
2017-01-30,-0.01244303663742452,-0.013951097731111028,-0.01331420470114018
2017-01-31,-0.00021550323567465224,0.00699977660287443,0.003952578145398441
2017-02-01,0.0007513867730672974,-0.0005915847075351754,-2.441327195728377e-05
2017-02-02,0.0012783826862385883,-0.002515723270440362,-0.0009133746329109492
2017-02-03,0.013746083560797873,0.015280765521845652,0.01463262981414434
2017-02-06,-0.0036151862206511565,-0.007525389055307974,-0.005874009716903753
2017-02-07,4.7759039207173615e-05,-0.004416961130742081,-0.002531394843729281
2017-02-08,0.0025811176462979812,-0.0017746228926354135,6.49184901521042e-05
2017-02-09,0.011825619941945975,0.014074074074074128,0.013124494000059397
2017-02-10,0.007852676317397167,0.007596785975164222,0.00770485505544705
2017-02-13,0.010845454407243382,0.002609830361026688,0.006087946449595491
2017-02-14,0.007950977631157707,0.0033261026753432787,0.005279306452150777
2017-02-15,0.010401062138170714,0.0059815508792160355,0.007848024279060298
2017-02-16,-0.0017423643173667402,-0.002793896410917762,-0.0023498073325793245
2017-02-17,0.0031129674121992412,-0.000646551724137745,0.0009411900086071922
2017-02-21,0.011870726442653412,0.00783552584285796,0.00953969495596827
2017-02-22,-0.001815706857713817,-0.004422253922966912,-0.0033214419829860798
2017-02-23,0.0013146682361575568,-0.005946410660553125,-0.0028798700815646392
2017-02-24,0.0024979845004817758,-0.0007207207207207134,0.0006386213705890027
2017-02-27,0.003086075609592287,0.00973674720519302,0.00692799734645307
2017-02-28,-0.005438020840691338,-0.015428571428571458,-0.011209304674969568
2017-03-01,0.02795539494160537,0.01828206616366801,0.022367361978988216
2017-03-02,-0.01263451952661665,-0.005021302495435087,-0.008236560075591738
2017-03-03,0.0012193429151114987,0.001835142988224625,0.0015750747615040854
2017-03-06,-0.0059954832773326805,-0.0022134025339644037,-0.0038106726142831406
2017-03-07,-0.006013406650524633,-0.0016828577985160686,-0.003511760083270488
2017-03-08,-0.003752779585593613,0.0017623170638265684,-0.0005668502559434722
2017-03-09,0.002496697258780989,0.0007648768548262908,0.0014962692029597195
2017-03-10,0.006968685242395134,0.00420360745949222,0.0053713710034433045
2017-03-13,0.0009700023353185205,0.001674404444782951,0.0013769172967537102
2017-03-14,-0.0076928847402607525,-0.0024314261834208484,-0.004653475605928128
2017-03-15,0.01726722376621681,0.006169548328128549,0.01085638241262775
2017-03-16,-0.003973568338687228,-0.0006813020439061512,-0.002071710870665455
2017-03-17,-0.003535816446502249,-0.0024240587834254423,-0.0028935826704845472
2017-03-20,-0.0022334554888551184,0.0009112309211025682,-0.0004168511203551209
2017-03-21,-0.025718678600444633,-0.015173355587588144,-0.019626917020740278
2017-03-22,0.004666628241525084,0.006779138741237256,0.0058869711635180216
2017-03-23,-0.002173880944285611,-0.0025250593006349575,-0.0023767476384802338
2017-03-24,-0.001492470649542832,0.0020711874808221342,0.0005661628939997938
2017-03-27,-0.002092243892976353,0.0016075939676949424,4.505717435887818e-05
2017-03-28,0.014513969000603977,0.0061143381228980775,0.009661718519312482
2017-03-29,0.0018299927405716065,0.0046338498936495665,0.003449708823168193
2017-03-30,0.006328662729216061,0.0016635160680529282,0.0036337276229597404
2017-03-31,-0.004694877565655897,-0.0006793991092323148,-0.002375239053383744
2017-04-03,-0.003518116333348087,-0.000604320894394772,-0.0018348917337323869
2017-04-04,0.0012350720489269218,0.0015873015873015817,0.0014385459839113498
2017-04-05,-0.005984960371068104,-0.004075164138555465,-0.004881720261675455
2017-04-06,0.005582627732186873,0.0005304235811167679,0.0026640994801087055
2017-04-07,-0.002078460979775709,-0.0005301423810964989,-0.0011840371919906835
2017-04-10,0.001150785162724377,0.0003788739865120405,0.0007048719516769931
2017-04-11,-0.002419201574217378,-0.004317527647326291,-0.003515815667860343
2017-04-12,-0.008803394007158238,-0.004031951312285953,-0.006047054419177182
2017-04-13,-0.013029504412459536,-0.003971891231286162,-0.007797154496423198
2017-04-17,0.017680089033486057,0.008282208588957118,0.012251175480734802
2017-04-18,-0.0060081523275477,-0.0015211439002129623,-0.0034161230922058316
2017-04-19,-0.0037168793518563836,0.0015996343692872284,-0.000645666266685956
2017-04-20,0.01623853870579084,0.008365655182903664,0.011690576608495123
2017-04-21,-0.006413439765623363,-0.00022626140734605116,-0.002839266137771407
2017-04-24,0.02195615738525336,0.012070006035002967,0.016245182302444178
2017-04-25,0.011597581968335602,0.007230172927847223,0.009074642219286243
2017-04-26,-0.0012973559679366753,-0.0014060534300303074,-0.0013601476930062703
2017-04-27,0.0016382705225013172,0.006002667852379018,0.0041594704838775086
2017-04-28,-0.004398475388885381,0.0017679558011050034,-0.0008362868659471277
2017-05-01,0.005000564393678131,0.00889771306713727,0.007251846837130132
2017-05-02,0.0007145574695590629,0.00167638483965038,0.001270180375778911
2017-05-03,-0.0024688653951537853,-0.0032016299206869547,-0.0028921645940660524
2017-05-04,0.0023085144133208058,0.0003649901452660309,0.001185790486237224
2017-05-05,0.00783435012729572,0.0036485697606538636,0.005416332586486163
2017-05-08,-0.00037337465923714674,0.0021811836556637765,0.0011023279035819711
2017-05-09,-0.0018756334400387153,0.0034822983168891763,0.0012195057779576
2017-05-10,0.0035519729602089267,0.0005783689994216523,0.0018341985175013807
2017-05-11,-0.004125145583583678,-0.0007947976878613927,-0.0022012893552371183
2017-05-12,-0.003381724412307552,0.0022416660640682817,-0.0001332365272140822
2017-05-15,0.0110073257636214,0.0031746031746031633,0.006482563603743399
2017-05-16,-0.0018707353674360938,0.004171461449942404,0.0016196861572762072
2017-05-17,-0.035527811201489845,-0.025426156711072956,-0.02969234550345992
2017-05-18,0.008017284399725044,0.008745498640405636,0.00843795501624037
2017-05-19,0.012968671339731008,0.00422555733644181,0.00791799950091883
2017-05-22,0.010115208234447559,0.008415554265815528,0.009133361900079087
2017-05-23,0.0043858267377159255,0.0010071942446041593,0.002434077740706886
2017-05-24,0.004625995386384973,0.0045996837717408035,0.004610795844086086
2017-05-25,0.009519304993050648,0.008513378165688978,0.008938206965854626
2017-05-26,-0.0004532166312456454,0.0017734269702773808,0.0008330580449226925
2017-05-30,-0.001777359871511286,0.0008497379974508057,-0.0002597530760859244
2017-05-31,-0.0005365603862950152,-0.0003537568982596717,-0.0004309595181478761
2017-06-01,0.01586488160955013,0.0038927029513766698,0.008948862262745695
2017-06-02,0.0066170975114243635,0.011421319796954377,0.009392373024907533
2017-06-05,-0.0015140078168648374,-0.00020911752404861872,-0.0007602062934960637
2017-06-06,-0.006433370673753824,-0.003974064003346545,-0.005012692533384603
2017-06-07,0.0036607984189684917,0.003919921601567733,0.0038104872095578645
2017-06-08,0.0009452554726470108,0.0010458792358110092,0.0010033832297295009
2017-06-09,-0.003075165364052279,-0.025005223932576537,-0.015743595535942775
2017-06-12,-0.0004505366478179118,-0.005357908272610401,-0.0032853988786662076
2017-06-13,0.009740084021309103,0.008116066939596545,0.00880193116898786
2017-06-14,-0.0025749350133988935,-0.0043459675121118035,-0.0035980148867146644
2017-06-15,-0.0038883640859288526,-0.00443649373881938,-0.004205004472961503
2017-06-16,0.0003959986286867778,-0.007043772011787519,-0.0039017653083874707
2017-06-19,0.016610540080803426,0.016720955483170652,0.016674324215734924
2017-06-20,-0.013527861834020438,-0.007831411077886874,-0.010237168906493656
2017-06-21,-0.0005334729282597817,0.009902411021813995,0.0054950685227519004
2017-06-22,-0.0009452269016848591,-0.0002842120221687727,-0.0005633756258406075
2017-06-23,0.0023487955099554814,0.003837953091684554,0.0032090435015478527
2017-06-26,0.0012763870252368026,-0.004672897196261516,-0.0021603612851829232
2017-06-27,-0.01615206740070052,-0.018139137857447807,-0.017299946839748618
2017-06-28,0.0178611419092094,0.014417155690791938,0.015871639747842812
2017-06-29,-0.01761739789616612,-0.017354663619482902,-0.0174656230695042
2017-06-30,0.003689316746728677,0.0003633985027979847,0.001768019414165831
2017-07-03,0.0033515829265386987,-0.01053471374600401,-0.0046701731117581346
2017-07-05,0.004584379091755464,0.009839180412083426,0.007619942511968093
2017-07-06,-0.018328605911532958,-0.009016214644077647,-0.01294907725517063
2017-07-07,0.012930577120368492,0.01078582434514641,0.011691608665999349
2017-07-10,0.0021080932552803855,0.00653310104529603,0.0046643063188580355
2017-07-11,-0.0015250148825902698,0.0028126352228474705,0.0009807338959242468
2017-07-12,0.014989839736046173,0.011866235167205863,0.01318541380433675
2017-07-13,0.0033208354723541778,0.0022032693674483017,0.0026752463090497012
2017-07-14,0.009288523007800586,0.007871782143110684,0.008470108289029702
2017-07-17,-0.000284022008617546,0.000492541514213185,0.00016457874328096694
2017-07-18,0.0010192511953570627,0.006681201209649101,0.004290013932659678
2017-07-19,0.010788291082778345,0.0058683806063994925,0.00794618548022353
2017-07-20,0.0008510417810174697,0.0013196277260729694,0.001121731816154224
2017-07-21,-0.001820338144455813,-0.0004161753485466546,-0.0010091894521548628
2017-07-24,-0.0005257486455362281,0.004579834848379871,0.0024236154784732828
2017-07-25,0.004822160098940875,-0.002555778130828301,0.0005601151534475135
2017-07-26,4.1151669343486574e-05,0.0032548476454292707,0.0018976210873122093
2017-07-27,-0.0018987942073734887,-0.0062814937530198955,-0.004430566887547136
2017-07-28,-0.0023859608565121038,-0.0008335648791331085,-0.0014891816720380463
2017-07-31,-0.0011736989836950151,-0.004240823136818617,-0.0029454976335232374
2017-08-01,0.004417909550436638,0.002303986594986984,0.0031967506891325825
2017-08-02,0.0009307201773121054,0.0027166341599329513,0.0019623967007076164
2017-08-03,-0.003919410958160396,-0.0038902396665508876,-0.003902559454110638
2017-08-04,0.003604632328620516,0.0018132366273801992,0.0025697891575238267
2017-08-07,0.0036788413684185617,0.0063348416289592535,0.005213144331269561
2017-08-08,-0.004961617425153997,-0.00172938572219139,-0.0030944403950331893
2017-08-09,-0.00012056905588908595,-0.0013166100755319654,-0.0008114911568364047
2017-08-10,-0.028270218434360506,-0.021440466278101478,-0.02432484646863901
2017-08-11,0.002914042435296915,0.007587038218818565,0.005613511777437685
2017-08-14,0.019786632387501557,0.01287825475017601,0.015795840505845496
2017-08-15,-0.00028305075576007255,0.0006947821857847813,0.00028181815697119264
2017-08-16,0.003449019744653059,0.001735749496632577,0.002459307636278806
2017-08-17,-0.031221346102039638,-0.020446354311061787,-0.02499691078281003
2017-08-18,-0.003166096624571124,-0.0007075638576383714,-0.0017458655483123884
2017-08-21,0.001525971944878135,-0.0012745167457337558,-9.179826368420363e-05
2017-08-22,0.02087427382091911,0.015242821694434472,0.017621128928132092
2017-08-23,-0.007210477846020469,-0.0035614525139664455,-0.0051025298681279165
2017-08-24,-0.004701115317212845,-0.0029434438292800236,-0.0036857537558005523
2017-08-25,0.004632640096789986,-0.0021086666198076864,0.0007383607842354201
2017-08-28,4.2096982714179276e-05,0.003099246319645088,0.0018081334380630884
2017-08-29,0.002250050460779418,0.003932308124429573,0.0032218473976862653
2017-08-30,0.009435506352049261,0.011750716933622396,0.010772943892137643
2017-08-31,0.011992348677837272,0.010715520221223684,0.011254757754696365
2017-09-01,0.002788714567811157,-0.001367989056087593,0.00038749391260571695
2017-09-05,-0.014403788414317442,-0.007182052937379058,-0.010231977777168982
2017-09-06,0.006787920483964038,0.003413801511826353,0.004838778831805941
2017-09-07,-0.00028269590538432254,-0.00012150668286747823,-0.000189581041895229
2017-09-08,-0.0023890972119789966,-0.0011747073358447935,-0.001687575449089689
2017-09-11,0.021292136748039203,0.010665909643928995,0.01515363895796562
2017-09-12,0.0067016199762639506,0.003370651257974977,0.0047774051147057815
2017-09-13,0.0009201254985782281,0.00047990401919628667,0.0006658208849224814
2017-09-14,-0.0006792476353297827,-0.0003197825478674643,-0.00047159390994097107
2017-09-15,0.002635946234257114,-0.0035987044663922108,-0.0009656509434479688
2017-09-18,0.0042140997152222415,0.002126891127252506,0.0030083730561600583
2017-09-19,0.0019625599719981235,0.0010011212558063143,0.0014071615811288188
2017-09-20,0.0006804038705643389,0.00036004320518467914,0.0004953397629377579
2017-09-21,-0.005398396448451082,-0.002679356954330969,-0.003827677343518427
2017-09-22,0.00036129584741240173,0.0002004891936324693,0.00026840198403210285
2017-09-25,-0.004128842257367982,-0.0020445798588838437,-0.0029248175361120668
2017-09-26,0.0011654755363748048,0.0006025790382839791,0.0008403047230920572
2017-09-27,0.007748979737504547,0.003894331138589724,0.005522248492809377
2017-09-28,0.0023598375571107777,0.0011997600479902726,0.0016896906501906498
2017-09-29,0.006990475238639826,0.0035150788895546015,0.004982828253545973
2017-10-02,0.008637625106846292,0.004338653823189986,0.0061542200877585
2017-10-03,0.0042405964712781685,0.0021401395053901595,0.003027216565416665
2017-10-04,0.0023331720042334414,0.001186427272007906,0.0016707270992283355
2017-10-05,0.01181053076455707,0.005925106651919698,0.00841067279473294
2017-10-06,-0.0023172290724264855,-0.001138773266315729,-0.0016364654965461828
2017-10-09,-0.003341958751539087,-0.0016511381059087782,-0.0023652152004250875
2017-10-10,0.005236946718150781,0.0026383146288639914,0.0037357838706965647
2017-10-11,0.003102254464047549,0.0015709685020814934,0.002217669991929171
2017-10-12,-0.0030198409586233987,-0.0014900792094739712,-0.002136136985003199
2017-10-13,0.0023951273886437807,0.001217404963870683,0.0017147874682788733
2017-10-16,0.0026275071052921373,0.0013335948225141614,0.0018800472956566503
2017-10-17,0.0013704784534585013,0.000705080496690158,0.0009860951867426925
2017-10-18,0.0019174944283248951,0.0009785884839708103,0.0013751126395642166
2017-10-19,0.0005077912600903733,0.00027373689973408943,0.00037258408262957877
2017-10-20,0.010281283877820124,0.005160483208882294,0.007323129183617931
2017-10-23,-0.00781845427188732,-0.0038893858659718727,-0.005548732620876223
2017-10-24,0.0034744324893132283,0.0017570575143495137,0.002482349185873876
2017-10-25,-0.00993990081211682,-0.004950109136264591,-0.0070574266399528445
2017-10-26,0.0025456126141107926,0.0012926475772652157,0.0018218069741258308
2017-10-27,0.016312715551645374,0.008176199045458077,0.011612459468015379
2017-10-30,-0.007489917299899673,-0.0037251173800006976,-0.005315089323615404
2017-10-31,0.0030761889310808588,0.0015579357351507284,0.0021991331523290216
2017-11-01,0.0026046884499588696,0.0013221854948475276,0.0018638195151448674
2017-11-02,0.0007370466533556108,-0.0019066403681788913,-0.0007901432683672817
2017-11-03,0.006637595305499344,0.009617284763849598,0.008358885183457412
2017-11-06,0.003055693741569998,0.003392705682781827,0.0032503768625017
2017-11-07,-0.0014304493928368744,0.0005852136029649291,-0.0002660527801881055
2017-11-08,0.003362335475168843,0.004029113595009237,0.0037475160265544333
2017-11-09,-0.0072952882667310925,-0.005242718446601957,-0.006109571531958797
2017-11-10,-0.0006594292183197403,-6.506604203260213e-05,-0.0003160809152584893
2017-11-13,0.0018201338037286963,0.0012363352420612372,0.0014828884065116836
2017-11-14,-0.004684903769030302,-0.0036394358874374255,-0.004080963892922397
2017-11-15,-0.010050158618789218,-0.004696366838431887,-0.006957410958660088
2017-11-16,0.01696234522538398,0.012779343338357618,0.014545932740706988
2017-11-17,-0.005917031545931484,-0.003817781804063558,-0.004704349022302338
2017-11-20,0.0033730220283059165,-0.0007794738551477609,0.0009742320764131591
2017-11-21,0.01304587688728609,0.010856139894688921,0.011780922208809393
2017-11-22,-0.0018089813584705183,0.0012218649517685698,-5.8139484381549865e-05
2017-11-24,0.0045799663668038,0.0036611214593100794,0.004049173322498461
2017-11-27,-0.0010382998387350462,-0.00044797132983476207,-0.0006972822591370933
2017-11-28,0.020250061148080478,0.0025609834176323343,0.010031536408025236
2017-11-29,-0.0012570142999398515,-0.01743406347787202,-0.010602079077469222
2017-11-30,0.017470119142324103,0.008384245417912384,0.012221443838121748
2017-12-01,-0.004190469302413846,-0.004253947792458912,-0.004227139191645568
2017-12-04,-0.0024597082528139413,-0.003725003267546767,-0.0031906366035475992
2017-12-05,-0.007232837684233218,-0.00997048212528695,-0.008814304387962464
2017-12-06,0.00034027110581180686,-0.004704167494865241,-0.002573771187754515
2017-12-07,0.0062663499784541,0.006989748369058857,0.006684238602380882
2017-12-08,0.010866516574070895,0.0009254974548820183,0.005123845793901275
2017-12-11,0.005986455835550908,-0.0003962750148603922,0.002299316568150033
2017-12-12,0.0034900384620362157,-0.0031053848695077324,-0.00031996777523141617
2017-12-13,-0.00026458695555342526,0.0059650053022271,0.0033340880899529837
2017-12-14,-0.008212128650412764,-0.011068651996310686,-0.009862268636533103
2017-12-15,0.01653287637058498,0.014257161892072157,0.015218254712274473
2017-12-18,0.01264276840024059,0.013531266421439758,0.01315603082971626
2017-12-19,-0.007720517737569654,-0.007906675307841837,-0.007828056172662882
2017-12-20,-0.0010877043980815904,0.001959759602821798,0.0006727370880257844
2017-12-21,0.004079704794699657,0.0005867779371495629,0.002061930886247574
2017-12-22,-0.0005628905520682626,-0.0018244608066724233,-0.0012916672047820728
2017-12-26,-0.0024321164669681705,0.0005875057118611693,-0.0006877584845915846
2017-12-27,0.0009334077703868626,-0.0009786012526095123,-0.0001711106110925048
2017-12-28,0.00407523590974157,0.0039182394044274815,0.003984543071024897
2017-12-29,-0.007580653906107515,-0.00826123723411154,-0.007973809370787701
2018-01-02,0.014274939359627536,0.009445100354191105,0.011484865726643076
2018-01-03,0.012610538839041174,0.009716701369171465,0.010938843444280005
2018-01-04,0.008390087860357331,0.0017496719365117652,0.00455409056100273
2018-01-05,0.013288250894228915,0.010043041606886627,0.01141357704776354
2018-01-08,0.003617694389099979,0.0038908102766799235,0.0037754664050674335
2018-01-09,0.004487186619494876,6.151953245137065e-05,0.0019305926970000513
2018-01-10,-0.003099345976531942,-0.002337598425196763,-0.002659304029879372
2018-01-11,0.014552466883655635,0.006844247132815173,0.01009962680764845
2018-01-12,0.01299812710838455,0.007348888480617433,0.009734707411779965
2018-01-16,-0.006876182251580487,-0.002857316554197742,-0.004554587017422141
2018-01-17,0.019023753933324228,0.010791366906474753,0.014268115918416823
2018-01-18,-0.003401507939292281,0.0001809518065021276,-0.0013320131866269174
2018-01-19,0.009059694117357298,0.003135930527077724,0.00563768841847812
2018-01-22,0.016222219674822957,0.010700973908861267,0.013032738158876482
2018-01-23,0.004205250071772193,0.008267903878182326,0.006552140569043459
2018-01-24,-0.0008162719004983776,-0.0064892926670993,-0.004093429926356068
2018-01-25,0.0008078349403179974,-0.0003562733804406415,0.00013535953730132763
2018-01-26,0.023115982832480286,0.015325215325215469,0.01861545704305649
2018-01-29,-0.01329950527630852,-0.004855788919440718,-0.00842178774883419
2018-01-30,-0.020553944166679883,-0.008230452674897193,-0.01343498044163036
2018-01-31,0.0009540710091122673,0.004149377593360981,0.0027999173489134817
2018-02-01,-0.0023099911593637,-0.00850059031877215,-0.005886140895949079
2018-02-02,-0.04357970668975952,-0.01994522505358398,-0.02992667519779363
2018-02-05,-0.06788193264500397,-0.03942652329749119,-0.051443975345203466
2018-02-06,0.03780565792961621,0.02649886162408288,0.0312740128354245
2018-02-07,-0.010889457741209196,-0.01293820467007567,-0.01207296609013225
2018-02-08,-0.0053672153689828805,-0.04219461956182513,-0.02664145852575365
2018-02-09,0.0,0.01726946888237202,0.009976127512763316
2018-02-12,0.02778534830352175,0.017745035233824646,0.021985317964800376
2018-02-13,0.004935066838193114,0.005161452760118035,0.00506584415622186
2018-02-14,0.026952798663658184,0.0187237773185549,0.022199104916434752
2018-02-15,0.025480551890343373,0.01856405212687462,0.021485068065545846
2018-02-16,0.0005463336487039339,-0.004465902232950958,-0.002349105963250642
2018-02-20,-0.012562109400365729,0.0020004849660522073,-0.004149673597876846
2018-02-21,-0.009988098162237558,-0.0028434872043074932,-0.00586084037388996
2018-02-22,0.0025524300320574067,-0.00012134449702694283,0.0010078593319270846
2018-02-23,0.03183901568519132,0.02044902912621338,0.02525931372359764
2018-02-26,0.023184808742238383,0.013260391270738081,0.017451728306473173
2018-02-27,-0.02501269441481735,-0.01238262910798138,-0.017716630890585942
2018-02-28,-0.020299858176694774,-0.006417493612216885,-0.012280373615981633
2018-03-01,-0.02912122128456751,-0.016326774714431114,-0.021730198937076166
2018-03-02,0.010270366022410604,0.009180447470817255,0.009640748138775489
2018-03-05,0.023076119452819066,0.01108500512079047,0.016149161454791155
2018-03-06,0.005030305335729013,0.004230471310254336,0.004568261813630481
2018-03-07,-0.0007726054355974288,0.002313990744037042,0.001010441702573283
2018-03-08,0.009638446354850894,0.0055052388563310295,0.0072507988062900305
2018-03-09,0.03476513322110386,0.019427764040974793,0.02590512995791852
2018-03-12,-0.002549812707855703,0.005313005313005492,0.00199233480808982
2018-03-13,-0.012965145702200975,-0.013614430147058765,-0.013340220607982638
2018-03-14,-0.010302764354932381,-0.00017471317919759421,-0.004452049971465791
2018-03-15,-0.002219123149803215,-0.0008737185461322738,-0.0014419175522309199
2018-03-16,0.0021187174602002035,-0.0029732408325073845,-0.0008227757358978003
2018-03-19,-0.027100222291495224,-0.022921295754882665,-0.024686164031818676
2018-03-20,0.0033615522561170064,0.0032914422501497675,0.003321051510887735
2018-03-21,-0.0038780290981735854,-0.004354309573516457,-0.004153164065335783
2018-03-22,-0.011674133831291345,-0.024682482626407598,-0.01918872198652105
2018-03-23,0.0,-0.026351351351351582,-0.015222497171470813
2018-03-26,0.0,0.037158538893445225,0.02146553114713207
2018-03-27,0.0,-0.03236009732360079,-0.018693595004256484
2018-03-28,0.0,-0.011503645964294873,-0.006645360073501453
2018-03-29,0.0,0.018314785373608977,0.010579979934560661
2018-04-02,0.0,-0.028851558109036612,-0.016666802239150028
2018-04-03,0.0,-0.007543611504007619,-0.0043577501302050235
2018-04-04,0.0,0.001187648456057122,0.0006860739330586147
2018-04-05,0.0,-0.0051403716884145245,-0.0029694603682321316
2018-04-06,0.0,0.004689984101748923,0.0027092830561592524
2018-04-09,0.0,0.003402167893029384,0.0019653447915433868
2018-04-10,0.0,0.0023655574830470094,0.0013665216487194593
2018-04-11,0.0,0.0077879169288859185,0.0044988790836920384
2018-04-12,0.014890047897610392,-0.011630629927406044,-0.0004302648178168113
2018-04-13,-0.003697436981951352,0.006555046596114389,0.0022251587964109533
2018-04-16,0.01487923423490689,0.0014123185562966434,0.0070997437984300586
2018-04-17,0.021357092980834436,0.0009402178171276088,0.009562789899908799
2018-04-18,0.001440757150551919,0.0007827788649703571,0.0010606600368363141
2018-04-19,-0.011134767416944524,-0.001955416503715224,-0.005832092747647002
2018-04-20,-0.016998290148732553,-0.00760188087774305,-0.011570226455054719
2018-04-23,-0.0003397463026506564,-0.007975993050619912,-0.004751009428086271
2018-04-24,-0.0027914699285223055,0.004855914663270289,0.0016262272425087876
2018-04-25,0.0,-0.006496078586706977,-0.003752617336140035
2018-04-26,0.018761404940094373,-0.0035084921457618767,0.005896658807027267
2018-04-27,0.0018378286310596348,0.004241017844282657,0.0032260891613462637
2018-04-30,-0.0045279369036086425,-0.007250996015936373,-0.006100978038481242
2018-05-01,0.0,-0.007063167188377961,-0.004080209819721228
2018-05-02,0.0,-0.005897530409141205,-0.0034068514655970564
2018-05-03,0.0,-0.00012359411692008937,-7.13971389983381e-05
2018-05-04,0.024314462735252063,0.018974042027194216,0.021229439199307098
2018-05-07,0.006726726001115013,0.008309577242676003,0.007641098407533759
2018-05-08,-3.9682539682561746e-05,-0.0010226179018287818,-0.0006074989894162497
2018-05-09,0.01929195240742021,0.010899018486180578,0.0144435705854436
2018-05-10,0.018661616161515182,0.010364546104360217,0.013868612425482551
2018-05-11,0.0060628099241470945,-0.0009432849899775331,0.002015569287744285
2018-05-14,0.000913221987050461,0.0017113183052046566,0.0013742616803730722
2018-05-15,-0.01381358539039479,-0.011075110456553627,-0.012231638932366075
2018-05-16,0.008370498205425347,0.006612259486507233,0.0073548089692781204
2018-05-17,-0.001729368110666818,-0.0038466090661615215,-0.002952443695163823
2018-05-18,-0.005039498723213964,-0.005168419176617478,-0.005113972749654323
2018-05-21,0.014997357227468866,0.0056132807834707865,0.00957641789039385
2018-05-22,-0.0055999122649595945,-0.0013064133016628121,-0.0031196684644401993
2018-05-23,0.0054626834780509,0.008443334522535428,0.007184528839559468
2018-05-24,-0.004136843792588496,-0.0002948113207547065,-0.0019174005596633988
2018-05-25,-0.004805078433801513,0.0010026540843408593,-0.0014501008976856354
2018-05-29,-0.02304170348417023,-0.004419043129860967,-0.0122838721005363
2018-05-30,0.02664978292741549,0.007161034503166297,0.015391634766128749
2018-05-31,-0.012291617538127908,-0.0006463744270773786,-0.005564460438840688
2018-06-01,0.01959566107881483,0.015699417886752665,0.017344901708651196
2018-06-04,0.009463241436307834,0.00531005859375,0.007064054645828679
2018-06-05,0.0014153920333657144,0.006192702325298782,0.0041751211810877546
2018-06-06,0.016681509754146395,0.007240692692934481,0.011227792823485051
2018-06-07,-0.00025597670034172015,-0.005451386808842051,-0.0032572313467081095
2018-06-08,0.005872997274668057,0.003011685339115777,0.004220091043602749
2018-06-11,0.0026203699419606874,0.001501321162623137,0.0019739242758134747
2018-06-12,0.0025450388854697525,0.004557174551777843,0.0037073978506929695
2018-06-13,-0.006421440750344454,-0.003939592908732692,-0.0049877411557687
2018-06-14,0.004995745292272202,0.005333493138371059,0.005190853526508793
2018-06-15,-0.0025826452640467235,0.00029804482594175674,-0.00091854477211941
2018-06-18,-0.004153275438200876,0.004707705142720897,0.000965484887638014
2018-06-19,-0.007705288556090539,5.931198102016033e-05,-0.0032198787515680858
2018-06-20,0.0033722956818615923,0.008065951011209327,0.0060836995116765715
2018-06-21,-0.012577277205839898,-0.009354591986821315,-0.010715614933687202
2018-06-22,0.0036067585333896535,-0.0033258106663497378,-0.00039800819097971386
2018-06-25,-0.027265423239752562,-0.016327017042068737,-0.020946587625422654
2018-06-26,0.004388361740891744,0.00581536224860657,0.005212703191269096
2018-06-27,-0.016608165603086422,-0.016020236087689654,-0.01626853386026529
2018-06-28,0.01139525341680847,0.003060350104051812,0.006580394383159204
2018-06-29,0.0028397150017578365,-0.0006712228459846425,0.0008115366080251572
2018-07-02,0.0042363422322868605,0.006899920620382138,0.005775022884301753
2018-07-03,-0.0071021411579664795,0.000363856882959368,-0.0027892263269640423
2018-07-05,0.016276301218172362,0.01139670223084388,0.013457482524887024
2018-07-06,0.016876578307351897,0.00845121074082944,0.012009460403608726
2018-07-09,0.017969176657005148,0.006300148588409993,0.011228279600168159
2018-07-10,0.007157150853568384,-0.004547870769594176,0.0003954612470329754
2018-07-11,-0.014668581786675072,-0.0084846327281356,-0.01109627364213248
2018-07-12,0.018092225283844465,0.0048471066961879306,0.010440861315899205
2018-07-13,0.0015352897192679738,-0.0029776083849452073,-0.0010716953157897291
2018-07-16,-0.0018280154559257022,-0.0038824513200332866,-0.0030148101562567672
2018-07-17,0.008050816493698987,0.004437248905678315,0.005963351541555577
2018-07-18,0.004167541049606482,0.0028058026386483803,0.0033808998321332214
2018-07-19,-0.007582555947131753,0.007084176687701005,0.0008900378516302574
2018-07-20,-0.002325396825893722,-0.004078737364780927,-0.003338256509557217
2018-07-23,0.003678852929428489,0.001246438746438816,0.0022737098866028455
2018-07-24,0.010024557289391334,-0.010670460608216414,-0.001930421687188313
2018-07-25,0.017005166719635367,0.00365510216310172,0.00929317816765688
2018-07-26,-0.004757826266653553,0.005373134328358287,0.0010945688134166012
2018-07-27,-0.013592304831482438,-0.018646080760094996,-0.016511741058976178
2018-07-30,-0.010486701230678519,-0.006414135301948565,-0.008134084755564031
2018-07-31,0.00981922083605391,0.010170523751522609,0.010022159484844587
2018-08-01,-0.0033809543558257493,-0.0006631699523724777,-0.0018109602844547967
2018-08-02,0.010855425343814895,0.013606594399277139,0.012444704869051235
2018-08-03,0.008530026019469394,0.0030635548376316546,0.0053721863704153565
2018-08-06,0.007294591085145852,0.00588627276765874,0.006481041855027203
2018-08-07,0.006565151636277244,0.0036435905929117496,0.0048774410469442425
2018-08-08,-0.0008800775247191917,0.0012101210121009398,0.00032737635080757195
2018-08-09,-0.0027721144040436796,-0.0006043291945938556,-0.0015198407054686854
2018-08-10,-0.013439900030861707,-0.007641141223682091,-0.01009010637651063
2018-08-13,-0.007526615721975438,-0.0011079104808332518,-0.0038186949753310625
2018-08-14,0.012721749576967367,0.006266637089618499,0.008992797301616444
2018-08-15,-0.014974518749685917,-0.012234775420225996,-0.013391839572167358
2018-08-16,0.016143155134617393,0.0032918596217150764,0.008719292616657487
2018-08-17,0.007001083495607352,0.00022244466688925435,0.003085238383121654
2018-08-20,0.004240118203963972,-0.0008895807850550774,0.0012768231793680493
2018-08-21,0.004651044523441561,0.0036727879799667296,0.004085930906782404
2018-08-22,-0.0012270821346312966,0.003881126635617571,0.001723798543919082
2018-08-23,-0.0026954465961964713,-0.0014359880702528027,-0.001967889834756267
2018-08-24,0.011997127705855481,0.00929203539822998,0.010434465531443518
2018-08-27,0.015751072564197832,0.010192897851819316,0.012540258146766336
2018-08-28,0.0009265677189558286,0.0014646848215256192,0.001237424113474987
2018-08-29,0.010721906864301411,0.011537836520231881,0.011193248417678091
2018-08-30,-0.008136292941597678,-0.0017671629002892209,-0.004457010511416922
2018-08-31,2.9211707468279613e-05,0.0012874845770076693,0.0007560835457324451
2018-09-04,-0.0034842762494394774,-0.00428609697294402,-0.003947467435835636
2018-09-05,-0.005422519570844719,-0.012913640032284235,-0.009749946977316657
2018-09-06,-0.006059818857656496,-0.008939765603706573,-0.007723489938930485
2018-09-07,-0.003926412134415025,-0.003850173257796685,-0.0038823708984190093
2018-09-10,0.003437368920259809,0.0033681188228149583,0.0033973649220426835
2018-09-11,0.006555249775552552,0.007704160246533087,0.007218945772072189
2018-09-12,0.0004446627296028627,-0.002948885976408855,-0.001515702979530389
2018-09-13,0.011789315799756173,0.010680249753532767,0.011148636901489949
2018-09-14,0.0003041609434208947,-0.0029263534384652568,-0.0015620240345322538
2018-09-17,-0.010628241395932547,-0.014402956682428525,-0.012808797224195428
2018-09-18,0.010812601969720115,0.00827175471490027,0.00934481993327246
2018-09-19,0.0020915608000648955,-0.0007656967840735662,0.00044099666341843106
2018-09-20,0.016167995504839938,0.01105637657361802,0.013215144864101497
2018-09-21,-0.0018613325156321414,-0.005467734950194814,-0.003944658343113848
2018-09-24,-0.006683745692852017,0.0009798051276466158,-0.002256709707751398
2018-09-25,-0.0018952251141896026,0.0013595084017621328,-1.5049366089862687e-05
2018-09-26,-0.006024205325434129,0.0007059845769523676,-0.0021363479102095725
2018-09-27,0.005548836847993011,0.008465838172247109,0.007233913405000668
2018-09-28,0.00016672290917685295,-0.00021525049776682792,-5.393329282392289e-05
2018-10-01,0.006908583833199922,0.0020453199849292947,0.00409920152914519
2018-10-02,-0.0012051437534633669,-0.0005827306070682603,-0.0008455917049116026
2018-10-03,0.0010578617050518435,0.000548772122376251,0.0007637737613643945
2018-10-04,-0.015671109935748162,-0.007815713698066662,-0.011133249792846769
2018-10-05,-0.01123371239033899,-0.005597014925373234,-0.007977537400570316
2018-10-08,-3.9682539682561746e-05,0.0,-1.6758958268449886e-05
2018-10-09,-0.002958173263490238,-0.0014592453616844026,-0.002092281209559285
2018-10-10,-0.027370182905049,-0.03166318719554606,-0.02985014094582901
2018-10-11,0.0,-0.02202659001077978,-0.012724193900554731
2018-10-12,0.0,0.013888378586912387,0.008022958706622306
2018-10-15,0.0,-0.005616959594129334,-0.003244772930004368
2018-10-16,0.0,0.02186588921282806,0.012631361187360777
2018-10-17,0.0,0.00017831669044210408,0.0001030089607052255
2018-10-18,0.0,-0.014441076840791545,-0.008342238256812084
2018-10-19,0.0,-0.0005426917510853446,-0.0003134990511768757
2018-10-22,0.0,-0.004488687782805423,-0.002592999355756626
2018-10-23,0.0,-0.005090723973673716,-0.0029407801617738327
2018-10-24,0.0,-0.030298600197361303,-0.01750272119460777
2018-10-25,0.0,0.0179406000301523,0.010363822696306427
2018-10-26,0.0,-0.017587381516587564,-0.010159777455819186
2018-10-29,0.0,-0.005540270606414599,-0.00320047167641759
2018-10-30,0.0,0.014818464337148507,0.00856024529634661
2018-10-31,0.0,0.010680808156253496,0.006170027858523921
2018-11-01,0.0,0.010641835716661108,0.006147514483647987
2018-11-02,0.0,0.0,0.0
2018-11-05,0.0,0.0,0.0
2018-11-06,0.0,0.0,0.0
2018-11-07,0.04121383002316392,0.0,0.01740566160750834
2018-11-08,-0.003669446605506832,0.0,-0.0015497017837549894
2018-11-09,-0.006898685400357207,0.0,-0.002913492474438504
2018-11-12,0.0,0.0,0.0
2018-11-13,0.0,0.0,0.0
2018-11-14,0.0,0.0,0.0
2018-11-15,0.0,0.0,0.0
2018-11-16,0.0,0.0,0.0
2018-11-19,0.0,0.0,0.0
2018-11-20,0.0,0.0,0.0
2018-11-21,0.0,0.0,0.0
2018-11-23,0.0,0.0,0.0
2018-11-26,0.0,0.0,0.0
2018-11-27,0.0,0.0,0.0
2018-11-28,0.0,0.0,0.0
2018-11-29,0.0,0.0,0.0
2018-11-30,0.0,0.0,0.0
2018-12-03,0.024903511394337663,0.0,0.010517394086522545
2018-12-04,-0.005139292262754225,0.006099132376943706,0.0013528562805429668
2018-12-06,0.0,0.00017076502732238374,9.864655936393918e-05
2018-12-07,0.0,0.008109953901314748,0.004684911550738759
2018-12-10,0.0,-0.003471928190363349,-0.002005643519099641
2018-12-11,0.0,-0.0011896668932698251,-0.0006872399322649357
2018-12-12,0.0,0.0021269355113153754,0.0012286758797756486
2018-12-13,0.0,-0.0022073181084982796,-0.0012751108364477844
2018-12-14,0.0,-0.003998978984089074,-0.0023101071919389387
2018-12-17,0.0,0.006919528446950318,0.003997233417261178
2018-12-18,0.0,0.0023754984304744653,0.0013722642780851608
2018-12-19,0.0,-0.0060939483707151965,-0.0035203170645570422
2018-12-20,0.0,0.015413437792727525,0.008903946142041087
2018-12-21,0.0,-0.004360952700436016,-0.0025192100876413057
2018-12-24,0.0,0.010950134770889353,0.006325610909079158
2018-12-26,0.0,-0.0029995000833195062,-0.0017327339659116087
2018-12-27,0.0,0.007604880494735067,0.004393143648571952
2018-12-28,0.0,0.00406402919465898,0.0023476850236486277
2018-12-31,0.0,0.001569469684453928,0.0009066422254312095
2019-01-02,0.0,0.0006597938144328186,0.00038114589798607693
2019-01-03,0.0,0.0,0.0
2019-01-04,0.0,0.0,0.0
2019-01-07,0.0,0.0,0.0
2019-01-08,0.0,0.0,0.0
2019-01-09,0.0,0.0,0.0
2019-01-10,0.0,0.0,0.0
2019-01-11,0.0,0.0,0.0
2019-01-14,0.0,0.0,0.0
2019-01-15,0.0,0.0,0.0
2019-01-16,0.0,0.0,0.0
2019-01-17,0.0,0.0,0.0
2019-01-18,0.025040465210075524,0.0,0.010575233209245439
2019-01-22,-0.005158817192227105,0.0,-0.0021787013313840048
2019-01-23,0.0,0.0,0.0
2019-01-24,0.0,0.0,0.0
2019-01-25,0.0,0.0,0.0
2019-01-28,0.0,0.0,0.0
2019-01-29,0.0,0.0,0.0
2019-01-30,0.030074552604123284,0.0,0.012701257935269973
2019-01-31,0.01752515788187492,0.0,0.007401325417672387
2019-02-01,0.0009235301452814593,0.0,0.00039003055974335456
2019-02-04,0.014031264656884757,0.0,0.005925764346722053
2019-02-05,0.008343903281553766,0.0,0.00352384519766489
2019-02-06,-0.0026760794633478024,0.0,-0.0011301772620417717
2019-02-07,-0.019105459470649344,0.0,-0.008068727468793474
2019-02-08,0.0024034950719096226,0.0,0.0010150578549351053
2019-02-11,0.0010694977767313762,0.0,0.00045167644893246377
2019-02-12,0.02567903743663158,0.0,0.01084491870271064
2019-02-13,0.00645429775871631,0.0,0.0027258161311184866
2019-02-14,-0.0044762075034340265,0.0,-0.001890417683723471
2019-02-15,0.021754908902339443,0.0,0.00918765818278643
2019-02-19,0.003421398326859615,0.0,0.0014449446088447273
2019-02-20,0.003991269412879417,0.0,0.0016856158417194458
2019-02-21,-0.007151496052078876,0.0,-0.0030202609221214255
2019-02-22,0.012360288623503246,0.0,0.005220068142924725
2019-02-25,0.0026829655938025443,0.0,0.0011330854522394074
2019-02-26,-0.0014707071531022686,0.0,-0.0006211174990592365
2019-02-27,-0.0008989120975362308,0.0,-0.00037963372430607295
2019-02-28,-0.00376461090639435,0.0,-0.0015898921183449142
2019-03-01,0.012447758252608798,0.0,0.00525700881949591
2019-03-04,-0.007314484622511275,-0.002625533311453765,-0.004605798182941779
2019-03-05,-0.002759797070753467,0.0013162224415925738,-0.000405185549308097
2019-03-06,-0.012153509505528515,-0.0009037134406835179,-0.005654791982719464
2019-03-07,-0.01677065286355839,-0.000822300797631792,-0.007557700519057988
2019-03-08,-0.004039537090668177,0.010945601185087694,0.00461699144843055
2019-03-11,0.028962722182583223,-0.00488440247476396,0.009410109776143557
2019-03-12,0.007502337284783556,0.006053664921465973,0.0066654765614393326
2019-03-13,0.01319871597240474,0.006993006993007089,0.009613837681864756
2019-03-14,-0.0013192730708475597,-0.011547157622739168,-0.007227658625173767
2019-03-15,0.009798843566618531,0.004574789641369259,0.006781042124847718
2019-03-18,0.007212103745186882,0.0005692445311866745,0.00337469502002067
2019-03-19,0.0004561910834646188,0.002763328998699466,0.00178896525206733
2019-03-20,-0.006059512567544001,0.006484033068568706,0.001186570770650611
2019-03-21,0.02254955560641192,-0.004026413271058127,0.00719730267363645
2019-03-22,-0.03853228957122978,0.0023447606727038384,-0.014918670162506966
2019-03-25,-0.0015437111880955978,0.007663144309107084,0.0037748521711652877
2019-03-26,0.014868574341692975,-0.004963176432917327,0.0034122825543522347
2019-03-27,-0.010497849870502618,-0.005229283990345723,-0.007454335018491721
2019-03-28,0.007541222162398276,-0.014152850788516136,-0.004990885194442759
2019-03-29,0.01257119701566256,0.0009023789991795539,0.005830421300522261
2019-04-01,0.023678810804847794,-0.0039341037619866626,0.007727541046982289
2019-04-02,0.0009399207211588934,0.003790375741595353,0.002586555191909602
2019-04-03,0.0031075007313654535,0.005746182892792495,0.004631799474271229
2019-04-04,0.0052672094371237765,-0.00038089019479803365,0.002004447709091745
2019-04-05,0.009640657316792423,0.0051711937292471255,0.007058763283645981
2019-04-08,0.0014850774842434245,0.0025452182389256173,0.00209749350133254
2019-04-09,-0.010289344924374166,-0.0035110462917949947,-0.006373696334438432
2019-04-10,0.006782217150126391,0.005366435385949719,0.00596435647902673
2019-04-11,-0.0005946792438208393,-0.0023723513236643123,-0.0016215946321973805
2019-04-12,0.013492117189489727,0.004323623196238691,0.008195714283315713
2019-04-15,-0.0013493048170444277,0.00016143787332523196,-0.0004765876639716383
2019-04-16,0.0012707978548387455,0.0034434520606907437,0.0025258842472665804
2019-04-17,-0.004933534207878787,0.0034852546916890326,-7.021663064539583e-05
2019-04-18,0.0038988215197328646,0.0012823938017632042,0.0023873785957968913
2019-04-22,0.0016843364934435723,0.0028283259512247305,0.0023451897473459726
2019-04-23,0.01794357442809358,0.01271817794806318,0.0149249974269943
2019-04-24,-0.004478360496715794,-0.003152750775051283,-0.003712589892792772
2019-04-25,-0.0012715889146756032,0.004058826630119583,0.0018076548960691133
2019-04-26,0.009273791180912427,0.0008924821503573099,0.004432124758962337
2019-04-29,0.0030958615789031807,0.0019407290847102132,0.002428571279780643
2019-04-30,0.0009811770243464135,-0.007747879803162161,-0.004061374345966587
2019-05-01,-0.015072673492568467,-0.003218318033132661,-0.008224717573920083
2019-05-02,-0.004357560610981248,-0.004340231831895469,-0.0043475502214911175
2019-05-03,0.019535837756999408,0.015948115464355928,0.01746330296652131
2019-05-06,-0.008270135214641927,-0.0061221286170269895,-0.007029287110857036
2019-05-07,-0.03343904050712487,-0.01947983573760126,-0.02537516733846644
2019-05-08,-0.0028181356361594023,-0.0025236254295532,-0.0026480046729592073
2019-05-09,-0.006091224987212374,-0.005383000484470157,-0.005682101927600982
2019-05-10,0.010007062733239147,0.0012447908210206915,0.004945323863723362
2019-05-13,-0.05030000881465757,-0.03470270270270259,-0.041289846678907324
2019-05-14,0.018047620743134596,0.01097547317728731,0.013962223190579371
2019-05-15,0.011675208073645527,0.014124293785310993,0.013089981829322575
2019-05-16,0.018482733794218165,0.010049702332186161,0.013611188655371906
2019-05-17,-0.012969818097811503,-0.010220083274752656,-0.011381367091705466
2019-05-20,-0.013263863899734551,-0.016881555944055826,-0.015353711444084813
2019-05-21,0.017991661007007886,0.0104473464851349,0.0136335047614836
2019-05-22,-0.006182574586015233,-0.004454710443821286,-0.0051844319607458784
2019-05-23,-0.02447689151636545,-0.015302176555076819,-0.019176894917135867
2019-05-24,0.004497072262972024,-0.0005049088359045939,0.00160755657498457
2019-05-28,-0.021317203580005106,-0.0037606645711718567,-0.01117524304677145
2019-05-29,0.0,-0.008225815538903558,-0.004751841835526115
2019-05-30,0.0,0.004203828892802353,0.0024284437096524407
2019-05-31,0.0,-0.015952933190021223,-0.00921559874193341
2019-06-03,0.0,-0.022017821212992117,-0.012719128391855001
2019-06-04,0.041808594196487636,0.0,0.01765684583210779
2019-06-05,0.01728466779743454,0.0,0.007299760262786813
2019-06-06,0.012965689244327061,0.0,0.005475744413174598
2019-06-07,0.019974362404092227,0.0,0.008435687550416024
2019-06-10,0.009138137727861428,0.0,0.003859270854578798
2019-06-11,-0.000524161897481501,0.0,-0.0002213670656181373
2019-06-12,-0.0035703159768908366,0.0,-0.0015078363668388757
2019-06-13,0.008213030799712806,0.0,0.0034685743788310606
2019-06-14,-0.002249779922134598,0.0,-0.0009501399892713759
2019-06-17,0.0007208788927355325,0.0,0.00030444571785485176
2019-06-18,0.02090236397576617,0.0,0.008827606508656842
2019-06-19,0.004474681344956766,0.0,0.0018897731477024388
2019-06-20,0.01906903239935942,0.0,0.008053343378650222
2019-06-21,-0.0029356468467622854,0.0,-0.0012397992514933608
2019-06-24,-0.0024886621316021484,0.0,-0.0010510260971557726
2019-06-25,-0.019655538689982377,0.0,-0.008301040086758167
2019-06-26,-0.0020344548605643054,0.0,-0.0008592026715020264
2019-06-27,0.007052271878497551,0.0,0.0029783559987578236
2019-06-28,0.010251912657923912,0.0,0.00432964668542728
2019-07-01,0.018117314047210398,0.0,0.007651408213346465
2019-07-02,0.005169003112933668,0.007713248638838488,0.006638748243087189
2019-07-03,0.015950601844285872,0.007128920906498637,0.010854543910384259
2019-07-05,-0.002315452285409525,-0.013262797109008129,-0.008639451513775398
2019-07-08,-0.011029429909147903,0.0013592086385261215,-0.0038728324073401097
2019-07-09,0.0024534109177165586,-0.00037704547168404545,0.000818329141183218
2019-07-10,0.009516493643483281,-0.005506940253470094,0.0008378427100683766
2019-07-11,0.004648706998670926,-0.01335052719411367,-0.005748987143654375
2019-07-12,0.00891424482689751,0.0011532251864381227,0.0044309036141682865
2019-07-15,0.000625542805425594,0.0057594839502379536,0.003591288414194737
2019-07-16,-0.006490222855777383,-0.002977781171260574,-0.0044611757342615105
2019-07-17,-0.013649663192622952,0.010797978250880691,0.0004731097825011023
2019-07-18,0.007282141871127523,7.576331540271042e-05,0.0031192025319485344
2019-07-19,-0.011149678189021128,-0.002348484848484933,-0.006065455412529316
2019-07-22,0.004873330213382543,0.001898397752297054,0.0031547883302594287
2019-07-23,0.014260418165740196,-0.00545702592087316,0.0028701584088450006
2019-07-24,0.009359377553890047,0.004343850022862306,0.006462036440847365
2019-07-25,-0.009593822666663532,-0.00478033234691555,-0.0068131932484493665
2019-07-26,0.013360317460034965,0.0023635254650808957,0.007007753873960841
2019-07-29,-0.003681946041015016,0.0003042519205902483,-0.001379222116674546
2019-07-30,-0.004949123260937105,0.002433275036118898,-0.0006845018494115824
2019-07-31,-0.021920501906539935,0.008040658423727365,-0.004612711034627605
2019-08-01,-0.017455545096167424,0.017834299044322544,0.002930489208016412
2019-08-02,-0.015098697598461497,-0.003812037240671584,-0.008578684522813428
2019-08-05,-0.02002799800424182,0.013981897122672837,-0.00038135728860643966
2019-08-06,0.0,0.008128311198200233,0.004695516088479129
2019-08-07,0.0,0.015189691166942687,0.008774693477434908
2019-08-08,0.03764171531855309,0.005034746844418958,0.01880550920716191
2019-08-09,-0.01366273274108376,-0.0033161645382062677,-0.0076857866974929375
2019-08-12,-0.004933850280387064,0.009698428429845585,0.0035188403732656793
2019-08-13,0.029517272877781053,-0.005959475566150285,0.009023268769979307
2019-08-14,-0.005794196573226884,0.0068415855550854054,0.0015051694115725861
2019-08-15,0.0,0.006654991243432606,0.0038444170861893895
2019-08-16,0.02792603656630166,-0.006402226861517035,0.008095482680697139
2019-08-19,0.02405586878458954,-0.011696316010645691,0.00340275218867516
2019-08-20,-0.015364828778287376,0.007795336971157196,-0.0019857973612275297
2019-08-21,0.0162311299665705,-0.0031643344349904234,0.005026869583279738
2019-08-22,-0.0006551723670241705,-0.0025395033860043936,-0.0017437018782467486
2019-08-23,-0.008986237350236626,0.019589816124469417,0.007521412955454435
2019-08-26,0.0,0.00013872511618240324,8.01379276736895e-05
2019-08-27,0.0,0.00957070531937032,0.005528750032989212
2019-08-28,0.012522286559600637,-0.0028165143917014968,0.003661456199074385
2019-08-29,0.025506373052515796,-0.007164508128961189,0.00663324621574035
2019-08-30,-0.0009283283801669873,-0.002567305023591371,-0.0018751229861049
2019-09-03,-0.011733989258421507,0.013913043478260834,0.0030816411844074437
2019-09-04,0.022661012239165723,0.006243567753001722,0.013177077281856889
2019-09-05,0.025671105107622827,-0.02400109095867997,-0.003023243582060419
2019-09-06,0.0015048745754058235,-0.00838340086628464,-0.004207327540336408
2019-09-09,0.000966859986774038,-0.003874876708468422,-0.0018300866352653094
2019-09-10,-0.0005091661077738507,-0.00855788952542591,-0.0051587063846854995
2019-09-11,0.014182301159188837,0.006063632472535163,0.00949235530135125
2019-09-12,0.006887877826177613,0.0020563000779976193,0.004096799766279979
2019-09-13,-0.0013673070875059867,-0.008279082932352022,-0.005360062026148347
2019-09-16,-0.006217237423080779,0.008348198358901104,0.0021968397920175916
2019-09-17,0.005024283344613911,0.0019813189923578722,0.0032664411896715156
2019-09-18,0.0011566487111893675,-0.006285310734463145,-0.0031423796422781823
2019-09-19,-0.00017252877017537305,0.00405088479852167,0.002267228502468053
2019-09-20,-0.009448351331765692,0.011820498301245541,0.0028381154631277475
2019-09-23,-0.0005090401902018149,0.005596362364463259,0.0030178936614965656
2019-09-24,-0.015733321250941734,0.005286956521738828,-0.003590448019442409
2019-09-25,0.011789837182299534,-0.018545429382049394,-0.005734065228417999
2019-09-26,-0.004206069207680296,-0.0002820277797365156,-0.0019392515124069681
2019-09-27,-0.01081409331364347,-0.005148458988645244,-0.0075412022449108645
2019-09-30,0.009235876024874967,-0.015525308379412905,-0.005068022645475633
2019-10-01,-0.02382914913007661,0.0054727442932238635,-0.0069021997752742575
2019-10-02,-0.00877612683543838,0.011673709088304784,0.0030372168278745785
2019-10-03,0.0,0.004530652697154247,0.0026172414062480224
2019-10-04,0.025484032380132637,0.0,0.010762563046289822
2019-10-07,-0.008668865485175759,-0.00852713178294573,-0.008586989574808525
2019-10-08,-0.003944833504318512,0.0087426256308194,0.003384384956725702
2019-10-09,0.017424713448065843,0.0009160090191659975,0.0078880599716328
2019-10-10,0.013487285565426221,-0.008729320661738926,0.0006533241892725016
2019-10-11,0.02069418732818451,-0.005539379305447123,0.005539731355376641
2019-10-14,-0.002267305059189706,0.003999143040777087,0.001352660657370044
2019-10-15,0.019760959460746852,-0.006970623799701259,0.00431881210574084
2019-10-16,-0.003251673974090097,0.005730248549530748,0.0019369513979887983
2019-10-17,0.0058584407846875575,0.0014243999715122246,0.0032970095762161304
2019-10-18,-0.008794026298155067,-0.0010667804565822614,-0.00433019533942253
2019-10-21,0.013518729381205352,-0.004770041292894933,0.002953777468714891
2019-10-22,-0.006573233658640043,0.0029329708848986336,-0.0010817440630592717
2019-10-23,0.00577952083194444,0.0023537803138375946,0.003800558741850351
2019-10-24,0.0032282913164534133,0.0071159183092579514,0.005474073330158958
2019-10-25,0.008150216584652759,0.002331661131915519,0.004788986917894293
2019-10-28,0.011233527009554711,-0.008600028196813936,-0.00022380715155165872
2019-10-29,-0.0006331543501729708,-0.0027730375426620046,-0.0018693097719810249
2019-10-30,0.006094679783738455,0.005490196078431486,0.005745485111649519
2019-10-31,-0.005366176917256271,0.009998581761452296,0.0035096485540236453
2019-11-01,0.018487993588420126,0.0009127290598889282,0.008335215804608474
2019-11-04,0.007995856755988795,-0.002875982042648717,0.0017154754140862767
2019-11-05,-0.002251999941907723,-0.016180091452690837,-0.0102978997821073
2019-11-06,0.00041629896048633874,0.004290311047550954,0.002654215993707488
2019-11-07,0.006993857023718464,-0.015521537913848138,-0.0060127068971134925
2019-11-08,0.0048924999514701195,-0.00636435958631687,-0.0016102979577846425
2019-11-11,-0.00385919441953686,-0.0024019215372297342,-0.0030173653978216777
2019-11-12,0.004176305785587475,0.0026995476433679944,0.0033232206309345043
2019-11-13,0.0006075666511400346,0.004002037400858471,0.0025684650011815404
2019-11-14,0.002871996528414078,0.004203507754747093,0.00364117627963
2019-11-15,0.014432939008115264,-0.002525981524249432,0.004636207281039004
2019-11-18,0.0014356694597255082,0.002966500253237747,0.0023199909927479594
2019-11-19,-0.0006165686364126843,0.00050497763670454,3.13197675846654e-05
2019-11-20,-0.007477248660221147,0.0005047227629966233,-0.00286626929173949
2019-11-21,-0.0032574963571052606,-0.0054770827327758065,-0.004539694255610646
2019-11-22,0.0044080565259905224,-0.00188405797101443,0.000773263992729579
2019-11-25,0.015460703362304207,-0.004791636416436873,0.003761448136756184
2019-11-26,0.0044917020856207746,0.0048147067405894806,0.004678293557954539
2019-11-27,0.008875243593587934,-0.005299840278786383,0.0006866626257465234
2019-11-29,-0.007456951463361894,0.006203926720677488,0.00043458611828402
2019-12-02,-0.017029278797976888,-0.0005077614971712441,-0.007485223655354365
2019-12-03,-0.013452594874633794,-0.007832512315270823,-0.0102060178880252
2019-12-04,0.01230081172632036,0.005064296708207072,0.008120463328784175
2019-12-05,0.0035562848396766267,0.001975991700834845,0.0026433901833318044
2019-12-06,0.018228377199975165,0.010698614603362522,0.0138786272269855
2019-12-09,-0.006327992000790483,-0.0045365853658536626,-0.0052931425135788485
2019-12-10,-0.002269834189945752,-0.000833047483706606,-0.001439839504659509
2019-12-11,0.005637605120365707,0.005296714075527342,0.00544068114114953
2019-12-12,0.017198406640312358,0.007464142843204069,0.011575173086097255
2019-12-13,0.001158564236358517,0.003292818749697446,0.002391468115150839
2019-12-16,0.013700390572525256,0.010039094550895467,0.011585354133214975
2019-12-17,0.000398502123844624,0.0005734218951591874,0.0004995487718349818
2019-12-18,8.548565547017439e-05,0.0007641243612399595,0.0004775177619564819
2019-12-19,0.008158321151970904,0.006251491290861333,0.007056794638958593
2019-12-20,0.008685777105559067,0.0040311106895571935,0.005996896167083232
2019-12-23,0.003015847033342345,0.0004723442444853898,0.0015465309632571107
2019-12-24,2.2580083922862926e-05,0.0005193333648079168,0.0003095416637055152
2019-12-26,0.010606894679410894,0.008824084560211443,0.009577011177994515
2019-12-27,-0.0005351306107582721,-0.0008419477056922364,-0.0007123709464631659
2019-12-30,-0.011066133633002684,-0.006554000280885819,-0.008459590375539906
2019-12-31,0.004818919677672673,0.0018849253098345287,0.003124026676929594
2020-01-02,0.018664101714580328,0.016697239076242765,0.01752789581190925
2020-01-03,-0.015184201885745652,-0.009159881569207995,-0.011704107155278441
2020-01-06,0.0075903537491053275,0.006443178634793156,0.006927660223450406
2020-01-07,-0.005663214859584653,-0.00013917238819827205,-0.0024721177589249253
2020-01-08,0.010619382313427517,0.0075163550317820516,0.008826843350699061
2020-01-09,0.013521729080123501,0.008473405480083018,0.010605442522457303
2020-01-10,-0.005795078223427397,-0.002557194392438067,-0.003924636104478605
2020-01-13,0.013714884406628824,0.01153687680263693,0.012456705493936819
2020-01-14,-0.0030889278518636543,-0.003937542430413998,-0.003579150643454528
2020-01-15,0.004480091472017778,0.00040894220283527183,0.0021282933646471843
2020-01-16,0.016597021808526735,0.009583503656265702,0.012545492958588766
2020-01-17,0.006185386963230455,0.004948713334533172,0.0054709924502556444
2020-01-21,-0.00395593498699176,-0.00044766765153547716,-0.0019292992794454921
2020-01-22,0.00020179044497736776,0.0026424220709422297,0.001611680493024059
2020-01-23,0.002254033884594664,0.003216152231205749,0.0028098248804578124
2020-01-24,-0.01782576718912454,-0.008415334609733427,-0.012389602591260356
2020-01-27,-0.03209856869130212,-0.020655590480466945,-0.025488254816878893
2020-01-28,0.020918586394157446,0.015359926639156418,0.017707491780091976
2020-01-29,-0.0016916143824529106,0.0016256491307293786,0.00022468333500174666
2020-01-30,0.006451040624809723,0.0035616067805779306,0.004781889091193421
2020-01-31,-0.03635560050854114,-0.015858041329739336,-0.024514688349576583
2020-02-03,0.014817495839879458,0.015109325786278438,0.014986078485770257
2020-02-04,0.030442854792293028,0.022888748988218355,0.02607904237515033
2020-02-05,0.02305640935839004,0.003297138084142892,0.011641987112180483
2020-02-06,0.006689873429589488,0.008632021733415263,0.007811802497566805
2020-02-07,-0.01069900345707231,-0.004300794995438562,-0.007002923172191405
2020-02-10,0.014891082060209504,0.012085514834205835,0.013270378112515316
2020-02-11,0.0034263148308932845,0.0001724360908736955,0.0015466328648404632
2020-02-12,0.01284583914500792,0.009740959441403518,0.011052230085810622
2020-02-13,-0.0021735216716013417,-0.001280573697016285,-0.0016576886186336643
2020-02-14,0.0031644947579720917,0.0028636149933751742,0.0029906842651263627
2020-02-18,-0.0051937109756311495,0.0003835663143538781,-0.001971861490976508
2020-02-19,0.009522874998665332,0.009585481191155765,0.009559040984059977
2020-02-20,-0.008256269405011119,-0.009283483838298467,-0.008849664734029363
2020-02-21,-0.020636210214267536,-0.019209472697844787,-0.01981202068718802
2020-02-24,-0.0663704969811959,-0.03856342554392678,-0.05030706779850219
2020-02-25,-0.03135330476683773,-0.027191833416143285,-0.028949329918623583
2020-02-26,0.0,0.005153921158935759,0.0029772875484755405
2020-02-27,0.0,-0.05007390983000759,-0.028926408387503006
2020-02-28,0.0,0.0007780587434351727,0.0004494645023422134
2020-03-02,0.0,0.05160349854227397,0.02981001240217129
2020-03-03,0.0,-0.03206727659181219,-0.0185244400071572
2020-03-04,0.0,0.041722360129845315,0.024101933164466773
2020-03-05,0.0,-0.030382183117954376,-0.01755100489571087
2020-03-06,0.0,-0.016872252942010446,-0.009746666091677333
2020-03-09,0.0,-0.06946447456975291,-0.04012783836232117
2020-03-10,0.0,0.05445058635119082,0.03145470172152731
2020-03-11,0.0,-0.043554945862525174,-0.025160570756150132
2020-03-12,0.0,-0.09169142505890804,-0.05296777535227867
2020-03-13,0.0,0.08470561696368151,0.04893225388880089
2020-03-16,0.0,-0.11978787563689286,-0.06919837141352418
2020-03-17,0.0,0.07584170112226785,0.04381179793855399
2020-03-18,0.0,-0.030416163390798223,-0.0175706344243963
2020-03-19,0.0,0.006002265005662588,0.003467353945262871
2020-03-20,0.0,-0.039175954069571084,-0.022630939949238267
2020-03-23,0.0,-0.0014059753954305254,-0.0008121957843729704
2020-03-24,0.0,0.07743752199929621,0.04473366256943533
2020-03-25,0.0,-0.007404987476859581,-0.004277670599063609
2020-03-26,0.0,0.05266044980800877,0.03042058593361962
2020-03-27,0.0,-0.03439291297550795,-0.019867900264684473
2020-03-30,0.0,0.03637344846195334,0.02101200461965396
2020-03-31,0.0,-0.008539887523432377,-0.004933273134148413
2020-04-01,0.0,-0.0424894957983194,-0.02454508768765528
2020-04-02,0.0,0.0,0.0
2020-04-03,0.0,0.0,0.0
2020-04-06,0.0,0.0,0.0
2020-04-07,0.0,0.0,0.0
2020-04-08,0.0,0.0,0.0
2020-04-09,0.0,0.0,0.0
2020-04-13,0.0,0.0,0.0
2020-04-14,0.0,0.0,0.0
2020-04-15,0.0,0.0,0.0
2020-04-16,0.0,0.0,0.0
2020-04-17,0.0,0.0,0.0
2020-04-20,0.0,0.0,0.0
2020-04-21,0.0,0.0,0.0
2020-04-22,0.0,0.0,0.0
2020-04-23,0.0,0.0,0.0
2020-04-24,0.0,0.0,0.0
2020-04-27,0.0,0.0,0.0
2020-04-28,0.0,0.0,0.0
2020-04-29,0.050738961662020854,0.0,0.021428369955160897
2020-04-30,-0.018661148383483206,0.0,-0.0078810834563993
2020-05-01,-0.006021870241880167,0.0,-0.002543190856457173
2020-05-04,0.0,0.0,0.0
2020-05-05,0.0,0.0,0.0
2020-05-06,0.0,0.0,0.0
2020-05-07,0.0,0.0,0.0
2020-05-08,0.03150306330207653,0.0,0.01330455478483006
2020-05-11,0.0003706580429241324,0.0,0.00015653843536533017
2020-05-12,-0.006128067734083142,0.0,-0.002588040791826249
2020-05-13,0.0,0.0,0.0
2020-05-14,0.0,0.0,0.0
2020-05-15,0.0,0.0,0.0
2020-05-18,0.05928837754296179,0.0,0.02503900841516035
2020-05-19,-0.020582055420862777,0.0,-0.00869233195849965
2020-05-20,0.03393641089488875,0.0,0.014332220127995928
2020-05-21,-0.013847650748008422,0.0,-0.005848219465245687
2020-05-22,0.0037584726421096004,0.0,0.001587299771287197
2020-05-26,0.02460153056597547,0.0,0.010389859807192689
2020-05-27,0.029718241761731656,0.0,0.012550778692106471
2020-05-28,-0.003729597869326695,0.0,-0.0015751052112627957
2020-05-29,0.008872090902992236,0.0,0.0037469124301658637
2020-06-01,0.008043913674738556,0.0,0.0033971518624650236
2020-06-02,0.01652061855714826,-0.003635691397584462,0.004876837288318933
2020-06-03,0.026576780716548898,-0.013297049910322212,0.003542695449338518
2020-06-04,-0.005293062000655491,-0.014479127491538235,-0.010599615508574012
2020-06-05,0.05121931026622062,-0.007123322521147224,0.017516273532344917
2020-06-08,0.02413517811063204,0.0038434437255780995,0.012413165635363767
2020-06-09,-0.014953048876202857,0.011358560398187834,0.0002464903207011421
2020-06-10,-0.011199631415828692,0.014827433907502074,0.0038355340670894154
2020-06-11,-0.11533748818243705,0.01890077095249909,-0.03779150229583766
2020-06-12,0.0239116164854678,-0.00964120087869147,0.004529017824371274
2020-06-15,0.018631630040507163,0.0005545286506467573,0.008188954023384154
2020-06-16,0.03845567652220283,-0.015333456493626274,0.007383079361172272
2020-06-17,-0.0083474535006558,0.004127579737335907,-0.0011409480107734764
2020-06-18,0.0007303874081932005,0.010587942202291867,0.006424842996828088
2020-06-19,-0.011417949265895677,0.0008011832860839174,-0.0043592710132983594
2020-06-22,0.012790799575106648,0.0001231602931215381,0.0054730305329
2020-06-23,0.009167709128692136,-0.006834554522504699,-7.638655048372101e-05
2020-06-24,-0.05105714768948666,0.010725356478611392,-0.015366985830025959
2020-06-25,0.02140133821072676,0.002882904986812207,0.010703716156643688
2020-06-26,-0.0475425294564954,0.01070336391437321,-0.01389537659264953
2020-06-29,0.029355418276427736,-0.003146747352496315,0.010579754070212541
2020-06-30,0.025579446409688567,-0.004856431736781186,0.00799742327856354
2020-07-01,0.013969916630181656,-0.0031110839992680717,0.004102662374382236
2020-07-02,0.010974100792075836,0.006786698071779229,0.008555146059332884
2020-07-06,0.03083499318015126,0.024584638566160333,0.02722432425605882
2020-07-07,-0.0206673437924485,-0.006888811486512658,-0.01270784045398424
2020-07-08,0.0152576595471976,0.013171739215151579,0.014052677080412062
2020-07-09,-0.011425601952725128,0.008423400900034572,4.06559159497194e-05
2020-07-10,0.02038146384393813,0.006827370508810882,0.01255161311997352
2020-07-13,-0.017357608167195338,-0.020570519377202112,-0.019213624246006658
2020-07-14,0.02587824402630523,0.0070782084010212465,0.015017947515752368
2020-07-15,0.01833483144481174,0.002035564773207321,0.008919164768088508
2020-07-16,-0.006626601911528973,-0.006822537370640092,-0.006739788781239806
2020-07-17,0.005758503188816322,0.0011577647422045256,0.0031007750497001104
2020-07-20,0.016123440673344147,0.028370981420090757,0.023198529608593806
2020-07-21,0.004215374194592725,-0.010420571257215516,-0.004239434641255639
2020-07-22,0.01134458255962234,0.0035227272727271774,0.006826098160365581
2020-07-23,-0.023903110306692565,-0.02612010719812785,-0.025183812326830222
2020-07-24,-0.012920534658092397,-0.009495755978450426,-0.010942128197313699
2020-07-27,0.014545209008961502,0.01784316794490537,0.01645035496920682
2020-07-28,-0.012724541149914392,-0.012724896201752989,-0.012724746254219545
2020-07-29,0.02455788261221392,0.011526030917798913,0.017029717437220544
2020-07-30,-0.007175509310923478,0.005235400546637514,-6.046246843793238e-06
2020-07-31,0.01576473775896381,0.017845517558304547,0.01696675067236581
2020-08-03,0.013864519346993953,0.013506903946724602,0.013657934138270097
2020-08-04,0.007685613241467992,0.0037122280792933893,0.005390290941449983
2020-08-05,0.012382301342036106,0.0024779939344625745,0.006660837972400131
2020-08-06,0.013329381927295492,0.013244788784357198,0.013280514646755134
2020-08-07,0.0013960246956898903,-0.01154238275560715,-0.006078160146090686
2020-08-10,0.005938139739470882,-0.004273032010903677,3.9408740253766596e-05
2020-08-11,-0.0165489056526128,-0.018941215641300913,-0.017930881535007853
2020-08-12,0.02784493284527101,0.025151777970511935,0.026289166618456608
2020-08-13,-0.0036551401024699226,0.0022805855955270182,-0.00022622420196713499
2020-08-14,1.969459412998198e-05,-0.0011743981209629828,-0.0006701020214445071
2020-08-17,0.006313482167676687,0.011610817166372689,0.00937361619870987
2020-08-18,0.004280994563653051,0.009625163446171925,0.0073681833234747855
2020-08-19,-0.008367109896361913,-0.006727344677483149,-0.007419859750688533
2020-08-20,0.006187521445915278,0.013871785584933072,0.010626522981790336
2020-08-21,0.007055031898090869,0.006930304004572507,0.006982979805544602
2020-08-24,0.020226607079394165,0.006244013197573173,0.01214922262279293
2020-08-25,0.006959034362249428,0.007862355886189887,0.007480859947577788
2020-08-26,0.020011462409997405,0.021339117050304113,0.020778414310766713
2020-08-27,0.004333537243193186,-0.003116865324016893,2.9631515798403353e-05
2020-08-28,0.012879101372336388,0.005085036935234433,0.008376671031436227
2020-08-31,-0.007284819170696455,0.00803336409940858,0.001564100886273807
2020-09-01,0.01879745352838902,0.01709169831796009,0.017812082663731476
2020-09-02,0.02888828115899389,0.009469191784475806,0.017670373237130194
2020-09-03,-0.06886830988096515,-0.0507002246003434,-0.05837307481283571
2020-09-04,-0.01636904934280914,-0.013325910719877765,-0.014611106516184786
2020-09-08,-0.05468544836816913,-0.04806403836659845,-0.050860430300741305
2020-09-09,0.03945493046675197,0.029375810335247277,0.033632482287642734
2020-09-10,-0.034767014126883655,-0.01993666330790278,-0.026199902316039955
2020-09-11,0.0009786169006360534,-0.006939854593522643,-0.0035956801938475088
2020-09-14,0.026302890650439226,0.01741541874653363,0.021168826969420823
2020-09-15,0.010064908844707565,0.014173571740078383,0.012438377608012616
2020-09-16,-0.007976890406212855,-0.015946391457034248,-0.012580665961652821
2020-09-17,-0.017630143551611854,-0.015622155056261633,-0.016470180300268127
2020-09-18,-0.022971888351646763,-0.012762651672092451,-0.017074275193017595
2020-09-21,-0.022298868990552667,0.0023981713943117544,-0.008032024668619388
2020-09-22,0.02032915863790863,0.01857874471982357,0.019317989587726833
2020-09-23,-0.04642175943945204,-0.030534351145038108,-0.03724401274255205
2020-09-24,0.005291336553340242,0.004656268927922591,0.004924474338089294
2020-09-25,0.032294165992085455,0.02324880364746207,0.02706889306888504
2020-09-28,0.03317906841089946,0.020768890852850275,0.02601002837739223
2020-09-29,-0.010931690080718703,-0.004509379509379685,-0.007221686627650974
2020-09-30,0.01512414091006975,0.0068490668599383575,0.010343843700933426
2020-10-01,0.012800354487723764,0.0158724445724161,0.014575021828354625
2020-10-02,-0.019028526594111028,-0.028131089459698777,-0.02428684278545268
2020-10-05,0.03542640900153482,0.02132623673945533,0.02728110254210927
2020-10-06,-0.028471516775576244,-0.017846944603083892,-0.022333974996886517
2020-10-07,0.03477356201849768,0.017299026021224018,0.024678972513598546
2020-10-08,0.017685402564333375,0.005322949414118261,0.01054393169240643
2020-10-09,0.017820576928410548,0.01528019615507592,0.016353064366305767
2020-10-12,0.03213560937374482,0.03087046305694585,0.03140476692197882
2020-10-13,-0.0130919198634466,-3.395239873693612e-05,-0.005548668280392379
2020-10-14,-0.012606443457068517,-0.00835257367920672,-0.010149092416588193
2020-10-15,-0.0025114441014741917,-0.006710949804834665,-0.004937390415901117
2020-10-16,-0.001248315633206265,-0.00548086866597719,-0.003693352538918918
2020-10-19,-0.03044654711950623,-0.016325257356764045,-0.022289041623688947
2020-10-20,0.007971779113445931,0.002149400986610317,0.0046083411862884414
2020-10-21,-0.0038255757191261175,-0.0007735311697900649,-0.002062488168130824
2020-10-22,0.010931052441252698,-3.518772652089108e-05,0.004596137859081148
2020-10-23,0.006750602129846461,0.0019705820254767303,0.003989307593253
2020-10-26,-0.03699959924977414,-0.014996136826578521,-0.024288765561069216
2020-10-27,-0.006934405424759871,0.007808321745641278,0.0015820884604649823
2020-10-28,-0.04316767641473229,-0.03898676855586236,-0.04075247359620347
2020-10-29,0.018756832013386182,0.017486379031070642,0.01802292403758922
2020-10-30,-0.00425758103064966,-0.025362712109700092,-0.01644947183240498
2020-11-02,0.020843607216322058,0.0022273368475760336,0.010089467162816331
2020-11-03,0.03527224962225195,0.028366063406494835,0.03128272366841045
2020-11-04,0.04465870748527023,0.001123315027458549,0.019509432227554885
2020-11-05,0.03896596454660606,0.027989028799401794,0.032624871403591084
2020-11-06,-0.0004965121423871066,-0.007822448608331811,-0.00472851700787945
2020-11-09,0.025091685977593814,0.03624251314020288,0.031533231713868556
2020-11-10,-0.002972895536097808,0.018578590386316485,0.009476842965761522
2020-11-11,0.014817395756507201,-0.00040532715691932175,0.006023620689642036
2020-11-12,-0.019441370374379985,-0.01535075015930032,-0.017078324402909618
2020-11-13,0.027649227740548232,0.020708318625720867,0.023639643261971717
2020-11-16,0.02492541100922696,0.023804034582132427,0.024277620720903663
2020-11-17,-0.010796226103331086,0.00467263412711838,-0.0018602638460551726
2020-11-18,-0.02410934035159562,-0.014008741454667906,-0.01827448444274459
2020-11-19,0.008380661010757295,0.007672198226869709,0.007971400302263574
2020-11-20,-0.013735249648344494,0.0010715695674243797,-0.005181731438776064
2020-11-23,0.011949172890293402,0.01870422535211258,0.01585139276593197
2020-11-24,0.03218769954507761,0.018803229731224613,0.024455835961824844
2020-11-25,-0.003123213182066986,-0.0034198241233307503,-0.0032945576855883717
2020-11-27,0.005530272790599033,0.004248597418160083,0.004789881928985971
2020-11-30,-0.008893863528325219,-0.018169984270759887,-0.014252439636289827
2020-12-01,0.021835144837140996,0.009280742459396585,0.01458278983884909
2020-12-02,0.0041677378196587345,0.0010399562123699635,0.002360898920389545
2020-12-03,-0.0005849536757823737,0.005631800535841114,0.0030063051610178092
2020-12-04,0.01719558430748669,0.023270987385819897,0.02070518823414561
2020-12-07,-0.004149456772918558,0.000956429330499331,-0.001199917839191563
2020-12-08,0.005812548623859604,0.012846374349718914,0.009875808636178485
2020-12-09,-0.017977386837906173,-0.007285115303983347,-0.011800736881265907
2020-12-10,-0.0006939008849703443,0.009661580697956973,0.005288194188770301
2020-12-11,-0.002384732031075032,-0.0049152896883497554,-0.00384657003196118
2020-12-14,-0.008994091494304413,-0.0019442984760903448,-0.004921607588323855
2020-12-15,0.026999202997526117,0.02500921392091815,0.02584963754693419
2020-12-16,0.0030989305183048987,-0.003595644133963627,-0.0007683528839609547
2020-12-17,0.011144368031245078,0.011908444169502097,0.011585755142605089
2020-12-18,-0.007991541555307236,-0.004839777879667828,-0.006170848832650925
2020-12-21,-0.007190665799541196,-0.0005119279205487715,-0.003332530893425932
2020-12-22,-0.003410530145199764,0.011370620774431517,0.0051281601506066275
2020-12-23,0.001757507308978612,0.00850805226374951,0.005657123313856325
2020-12-24,0.007741148322535585,-0.0006528070704027167,0.0028921764226598804
2020-12-28,0.017141889276105937,-0.0037184061102456534,0.005091433749904029
2020-12-29,-0.0038551432164016797,-0.01936752912694817,-0.012816249138354559
2020-12-30,0.0028139221554714933,0.010183613639870526,0.00707120316850473
2020-12-31,0.010121880943288142,-0.0017819866605569556,0.003245323133671261
2021-01-04,-0.027267670129332955,-0.01305722737937376,-0.019058663248344033
2021-01-05,0.01373509443351062,0.015452196382429007,0.01472702001683356
2021-01-06,0.01191733682329077,0.04091811288106251,0.028670338429306913
2021-01-07,0.02967521506445059,0.017796900210238054,0.02281341842035492
2021-01-08,0.01135572764209436,-0.002161694768698541,0.00354706076690137
2021-01-11,-0.013521296136459693,-0.0008665511265165682,-0.006210975783205281
2021-01-12,0.0003828266366168176,0.01792425556519217,0.010516058465545345
2021-01-13,0.005346171672715672,-0.0071475906465965355,-0.0018711531252022882
2021-01-14,-0.007043553099742472,0.01997616209773545,0.008565040656359465
2021-01-15,-0.014625107683767236,-0.014910722632513695,-0.014790100085540199
2021-01-19,0.01566433662438249,0.012811387900355742,0.01401626160527646
2021-01-20,0.027637591988375787,0.004403841649098128,0.014216052648452222
2021-01-21,0.0017837564664635597,-0.008675777788143102,-0.0042584471565201044
2021-01-22,-0.007118591554798437,0.01162188867454006,0.00370730133697077
2021-01-25,0.007847906260980198,-0.000976744186046541,0.002750132918050931
2021-01-26,-0.00316151193201486,-0.0069370082406070566,-0.005342518936632686
2021-01-27,-0.04892058094735352,-0.01833098921706522,-0.031249761436729938
2021-01-28,0.017160712748997442,-0.0031997707626915117,0.005398985673449709
2021-01-29,-0.04007887434149471,-0.015139900344959711,-0.025672271201494203
2021-02-01,0.033251316460664926,0.024567036388402297,0.02823463146892928
2021-02-02,0.02824089051408918,0.014244337875694457,0.020155442443230455
2021-02-03,0.0015328505486269517,0.0029961144141190665,0.002378140407070082
2021-02-04,0.02269175650728905,0.020396732788798166,0.02136598039822457
2021-02-05,0.007832090421590499,0.013859665172445412,0.011314065154966425
2021-02-08,0.01440410276408799,0.025535754568012603,0.02083457138938485
2021-02-09,-0.001371274560285074,0.004707228014605658,0.002140119865728159
2021-02-10,-0.0009109189268100559,-0.006568000700586718,-0.004178869406916171
2021-02-11,0.0031904241053177795,-0.0011459802538785757,0.0006853949623309825
2021-02-12,0.009839767691713464,0.0028241108463507025,0.005787003373838477
2021-02-16,-0.0017715488801938184,-0.006292352371732868,-0.004383100653958879
2021-02-17,0.000419149986162326,-0.007837754062790636,-0.004350650881141035
2021-02-18,-0.008551622191416475,-0.015486923145585973,-0.012557966979981905
2021-02-19,-0.00357162357164309,0.020853166508001397,0.01053794875896478
2021-02-22,-0.015423114583240749,-0.0064834140059506495,-0.010258879742411051
2021-02-23,0.002389069753217621,-0.00880525633576179,-0.004077604192795049
2021-02-24,0.02199902713781099,0.023629148629148666,0.022940706350394094
2021-02-25,-0.04823122349488618,-0.036960352422907294,-0.04172033148310285
2021-02-26,-0.010344916238328339,-0.001372306847811311,-0.0051616708234455706
2021-03-01,0.048440704462497264,0.035545783518849294,0.040991640656479096
2021-03-02,-0.015646233184073766,-0.01924182775246608,-0.017723315585553734
2021-03-03,-0.02653111938963526,-0.010824463287028685,-0.017457788579869023
2021-03-04,-0.024789302381631573,-0.027950027357286134,-0.026615171816567813
2021-03-05,0.0367535216016488,0.021201744922369814,0.027769660646847036
2021-03-08,-0.009997193683433214,0.004731064259795303,-0.0014890582981870516
2021-03-09,0.028515279212400158,0.02102953277864117,0.024190956243346835
2021-03-10,0.012409629132648758,0.01737261574281357,0.015276618708551718
2021-03-11,0.020238565830154043,0.022005105184402796,0.021259050129603992
2021-03-12,0.0026538859304772178,0.005899577986392179,0.004528838659916524
2021-03-15,0.011887435157672543,0.0035532342994135657,0.007072981913899533
2021-03-16,-0.0025623232396753126,-0.016722122685777552,-0.010742074788008326
2021-03-17,0.006780049217667061,0.00785249457700643,0.007399573288043178
2021-03-18,-0.02913901295307686,-0.030433472515173587,-0.02988678891188324
2021-03-19,-0.003729332075005476,0.007547504883679501,0.002785006275916134
2021-03-22,0.015930328757387757,-0.007535031285802463,0.0023749944550850305
2021-03-23,-0.015781295927322914,-0.03627403099054294,-0.02761942131892896
2021-03-24,-0.010206563156292314,-0.023127245922786255,-0.01767050890404379
2021-03-25,0.011211349665569026,0.02178834182229772,0.017321405694259686
2021-03-26,0.032190237911749575,0.018231330194775186,0.024126536342700212
2021-03-29,-0.001049834567584118,-0.028149222610035718,-0.01670445327478188
2021-03-30,-0.005345660608148894,0.016837686567164,0.007469087870115975
2021-03-31,0.008067124644604684,0.013439750470161993,0.011170752247699974
2021-04-01,0.021558480607327235,0.012673123925047491,0.016425638835378592
2021-04-05,0.02866654047003725,0.005497452400107239,0.015282354858168128
2021-04-06,-0.0012209011631665323,-0.0029337244965995657,-0.0022103551004909357
2021-04-07,0.002274904281520884,-0.016138379920645485,-0.00836197589011362
2021-04-08,0.009453910514896302,0.008473424260274642,0.008887508851519038
2021-04-09,0.014500609245135854,0.00013479511143055234,0.006201848316315862
2021-04-12,0.0006893752748780013,-0.003908531380565128,-0.0019667170113940625
2021-04-13,0.005887826934533491,-0.002615911961031947,0.000975435931935754
2021-04-14,-0.006870085097232859,0.009858008501401727,0.002793303853643589
2021-04-15,0.021445309561150205,0.0043435428980833635,0.011566059302421584
2021-04-16,0.006645098762154911,0.0016050648713721305,0.00373360095608043
2021-04-19,-0.009865690304578512,-0.012997996884041907,-0.011675143163762346
2021-04-20,-0.014682875140916374,-0.02047535290668845,-0.018029040399372857
2021-04-21,0.018884547753526215,0.024448639440121767,0.02209878025461048
2021-04-22,-0.018305839676577507,-0.004134831460674171,-0.010119613110537893
2021-04-23,0.021645135661975123,0.01886451845834447,0.02003884469978355
2021-04-26,0.004135582613790989,0.01040928419560605,0.0077597384800491866
2021-04-27,-0.00047070670134974346,0.0014905089649728254,0.000662237090988568
2021-04-28,-0.0006145053024712022,0.0017071569271174258,0.000726659188556345
2021-04-29,0.012705885261157457,-0.0037143855969236084,0.00322031758156659
2021-04-30,-0.013180662399879473,-0.013597087591561086,-0.013421220510846233
2021-05-03,0.004273761026189815,0.004891280181422042,0.0046304859420590525
2021-05-04,-0.012378276513812625,-0.006169296987087458,-0.00879150891229278
2021-05-05,0.0005858888957253061,0.00031278571772297425,0.00042812422175358755
2021-05-06,0.01593145396075113,0.007985568250150399,0.011341320379300246
2021-05-07,0.014516358216773328,0.00727802037845704,0.010334956822940507
2021-05-10,-0.019844477384362347,-0.009902397422533848,-0.01410119378271478
2021-05-11,-0.017889134614470614,-0.008924726037230268,-0.012710626598260253
2021-05-12,-0.042530206669828874,-0.021245262065135995,-0.030234442224214148
2021-05-13,0.023985378509662203,0.012012530524653897,0.017068972509979345
2021-05-14,0.03067105159323691,0.015355367066393733,0.02182357499591047
2021-05-17,-0.005128741063861075,-0.0025445292620864812,-0.0036359084452038323
2021-05-18,-0.017271103409974287,-0.00861571043511733,-0.01227110575061438
2021-05-19,-0.005283164599976131,-0.002621741030247149,-0.0037457287310483987
2021-05-20,0.021476162273361465,0.010757922406659182,0.015284511079516611
2021-05-21,-0.0016771319715292998,-0.0008187247158542021,-0.001181252202508878
2021-05-24,0.02034880736285616,0.010194244951077236,0.014482778120947845
2021-05-25,-0.0044770229982505905,-0.002218670229262587,-0.003172430752496943
2021-05-26,0.003929330467236314,0.001984506503442951,0.00280585573938959
2021-05-27,0.001010261383585176,0.0005249719617248516,0.0007299221799854868
2021-05-28,0.003537793669921241,0.0017887381048915518,0.002527409305324162
2021-06-01,-0.0018014195172016967,-0.0008808684887153806,-0.0012696408907287605
2021-06-02,0.003105645933164203,0.001572664236185517,0.002220081878591432
2021-06-03,-0.007462421816020526,-0.0037113696381413375,-0.005295535556319212
2021-06-04,0.018251981141877094,0.00914583184086748,0.012991593159137076
2021-06-07,-0.0019800516832738646,-0.000970184571699062,-0.0013966774553437907
2021-06-08,0.00038666578726487266,0.00021317416329136307,0.000286444143220983
2021-06-09,-0.0030234847562339295,-0.0014919011082694666,-0.002138728318579199
2021-06-10,0.009257127610504012,0.004648405075299511,0.0065947872689850195
2021-06-11,0.003265244161835268,0.0016524633507235542,0.0023335822137245405
2021-06-14,0.004438175630400165,0.002238929084867003,0.003167727528047782
2021-06-15,-0.003708026611823567,-0.0018341720359309477,-0.0026255490720214197
2021-06-16,-0.01120628638417076,-0.005583301922352013,-0.007958033043232709
2021-06-17,-0.0007030167417837463,-0.00033166710099263863,-0.0004884976159447065
2021-06-18,-0.026933182077685802,-0.01670734886366332,-0.021025981528427995
2021-06-21,0.02859234291118562,0.014316012725344773,0.0203452745549816
2021-06-22,0.01065270922933359,0.005346195884617266,0.007587273104131867
2021-06-23,-0.0024504031561495276,-0.00120536030819407,-0.0017311739607029789
2021-06-24,0.011791836627419228,0.005915759583530411,0.008397378218539402
2021-06-25,0.007064528234347334,0.0035521053869678187,0.00503549199456065
2021-06-28,0.003992102931859032,0.002015892735753866,0.002850497185749935
2021-06-29,0.0010364163679568161,0.00053804945376279,0.0007485226337599895
2021-06-30,0.00164374042036175,0.0008417114800094438,0.0011804289524538808
2021-07-01,0.011033531495859394,0.005536607017707862,0.007858099761647457
2021-07-02,0.015247356002752843,0.007643519271426369,0.010854815309426833
2021-07-06,-0.003682585794789084,-0.0018214516277783588,-0.00260745650766828
2021-07-07,0.007028434707646136,0.003534058623795966,0.0050098236184757065
2021-07-08,-0.016335774239561784,-0.008148045850020713,-0.011605934369540565
2021-07-09,0.02130998793256711,0.010674835236238689,0.01516633405768847
2021-07-12,0.007124167570476514,0.0035819250551065718,0.005077905276299448
2021-07-13,-0.006857656365939158,-0.0034089869131510575,-0.004865448820662281
2021-07-14,0.0029447753221274464,0.0014922289308754166,0.0021056766725953777
2021-07-15,-0.006870784685244713,-0.0034155510728038907,-0.004874785193952834
2021-07-16,-0.01572685907784721,-0.007843588269120239,-0.011172896512977468
2021-07-19,-0.02957554751877145,-0.014767932489451296,-0.021021569588205342
2021-07-20,0.02862116410854365,0.014330423323999364,0.020365771120518003
2021-07-21,0.016152958855930377,0.008096320697814852,0.011498846437244609
2021-07-22,0.00414855816898263,0.002094120354389384,0.00296176234190622
2021-07-23,0.020536260141551077,0.010287971340651403,0.014616087577948956
2021-07-26,0.004870077882267898,0.002454880210937871,0.0034748803749310104
2021-07-27,-0.009154915409038122,-0.0045576164346288195,-0.006499174164452507
2021-07-28,-0.0008597094181106435,-0.00041001343932933754,-0.0005999316301047499
2021-07-29,0.008255101317166114,0.004147391928537081,0.00588218337015455
2021-07-30,-0.009752606629109373,-0.004856462044706578,-0.006924229970416272
2021-08-02,-0.00423570999625289,-0.002098013728307313,-0.00300081790444386
2021-08-03,0.016231256010078132,0.006061437191442698,0.01035641353475634
2021-08-04,-0.009877606148165463,0.0014448897249255133,-0.003336891818033887
2021-08-05,0.012626042550300864,0.006342897588065721,0.008996431486325587
2021-08-06,0.0032652794302518995,-0.004382286904536459,-0.0011525227290282616
2021-08-09,-0.0016668379556489255,0.0018475750577366945,0.00036334795179596396
2021-08-10,0.0024482734916955184,-0.005125701732975552,-0.0019270169781206274
2021-08-11,0.0049300472874589385,-0.0017173699705593792,0.0010900054976256445
2021-08-12,0.005954278432289017,0.003604489227492458,0.004596865711907464
2021-08-13,0.0035998672342258953,0.0035099175577504305,0.0035479056221830937
2021-08-16,0.004669682369172312,0.00043381595358171765,0.0022227314075189248
2021-08-17,-0.013150182125836074,-0.008808065477803662,-0.010641853140670784
2021-08-18,-0.02192960236681507,-0.009624586443551353,-0.014821311501983282
2021-08-19,0.003056997636787573,0.004831451367991013,0.004082053868021982
2021-08-20,0.015874471964077097,0.010358281129794422,0.012687910552005365
2021-08-23,0.017553244201433005,0.014956625785222943,0.016053244601066424
2021-08-24,0.0031352045510602,0.0030544168475201694,0.003088535574876378
2021-08-25,0.004157027061020058,0.0011485963084649775,0.002419134077441186
2021-08-26,-0.011846057982033642,-0.006350053361792951,-0.008671157626051963
2021-08-27,0.01784226968546787,0.009720208366897687,0.013150363991526842
2021-08-30,0.008755431285865312,0.011222210403148525,0.010180426066391472
2021-08-31,-0.0030027765407117935,-0.0008152316835848827,-0.001739088202452361
2021-09-01,0.0010232991240577416,0.00165811290959339,0.0013900147025448176
2021-09-02,0.006113482577391194,-0.00047296232066840194,0.002308662949967492
2021-09-03,-0.0005251301442248391,0.003075709779179814,0.0015549823637864462
2021-09-07,-0.007190737540879288,0.0014152055979244071,-0.002219305778554939
2021-09-08,-0.0024762217683033105,-0.0034806731046036488,-0.003056467442304683
2021-09-09,-0.00860014915168339,-0.003440306738799137,-0.0056194410472644105
2021-09-10,-0.01580875911309365,-0.007589532769389118,-0.01106072368597301
2021-09-13,0.005078851943073781,-0.0006904060118431143,0.0017461001714761757
2021-09-14,-0.010832821506856383,-0.002843249275901516,-0.006217451347453374
2021-09-15,0.01666563299268442,0.007434845174012716,0.011333244547529021
2021-09-16,-0.0032101746357614536,0.0006877397169686716,-0.0009584498791095927
2021-09-17,-0.019459066666777214,-0.011842140043879401,-0.015058964280133744
2021-09-20,-0.03338811933134023,-0.02174785330230311,-0.02666383736418043
2021-09-21,-0.0019289093392128587,0.0012305168170632097,-0.00010379019878909584
2021-09-22,0.01947003772881284,0.009340434248259033,0.013618426618821611
2021-09-23,0.024260322027692682,0.009226939416078217,0.015575923977981198
2021-09-24,0.0032546899504184434,0.0009383881173252728,0.0019166220224248777
2021-09-27,-0.005761563101064571,-0.00798221412691169,-0.007044376020563962
2021-09-28,-0.040343315288832504,-0.028297556365600163,-0.033384790517475046
2021-09-29,0.003326544519133945,-0.0016394809236670582,0.00045779948786202774
2021-09-30,-0.06687185184866551,-0.0036740146960587694,-0.030364088566563998
2021-10-01,0.022193191450065042,0.006201810258129381,0.012955382287398835
2021-10-04,-0.00475181705105876,-0.020989505247376306,-0.014131911428153805
2021-10-05,0.01923916571111617,0.013498950711814395,0.015923191307168804
2021-10-06,0.008272485551075404,0.006407745257149378,0.007195273097287501
2021-10-07,0.017251648800966413,0.009175077154057965,0.01258602131905971
2021-10-08,-0.0036871543858133515,-0.004986638014160993,-0.0044378326183313966
2021-10-11,-0.014519196539666601,-0.007669730867205682,-0.010562436583226078
2021-10-12,-0.004962731148907884,-0.003487820530706731,-0.004110713261309578
2021-10-13,0.007155557531861367,0.008008064064512599,0.00764802860512487
2021-10-14,0.033601569356174865,0.018416666666666526,0.024829642058858317
2021-10-15,0.015191955878606889,0.006300630063006407,0.010055665892034278
2021-10-18,0.005881325825906059,0.010055835637230892,0.008292832657107339
2021-10-19,0.015390000592551134,0.007567422514423772,0.010871098655410225
2021-10-20,0.007815811868370881,-0.0013050310277784583,0.0025469357740546903
2021-10-21,0.005176824610977571,0.006106992372926445,0.005714158576756666
2021-10-22,-0.00211203863214382,-0.00840247037930375,-0.00574585908414735
2021-10-25,0.010685953053363617,0.010237904303662004,0.010427126827183608
2021-10-26,0.0017603394119543037,0.0031487312465270367,0.002562377625967665
2021-10-27,-0.008900108893015513,0.002321164802701059,-0.002417868008447591
2021-10-28,0.01925802200304605,0.011105263157894951,0.014548383138410333
2021-10-29,0.0040186173381517865,0.004919056790380516,0.004538778024860915
2021-11-01,0.003400709403401203,0.0034187148739994733,0.0034111107001544
2021-11-02,0.008046570829630229,0.0040431266846359115,0.005733884229206922
2021-11-03,0.012170752619637737,0.006105217579562616,0.008666849204594665
2021-11-04,0.009385347586119641,0.004712515062833544,0.006685972555213265
2021-11-05,0.006899556285673514,0.0034696194127346036,0.004918170069442215
2021-11-08,0.001667785498448593,0.0008537340191663301,0.0011975289193616049
2021-11-09,-0.006650477327547977,-0.003305397394067322,-0.004718110780314288
2021-11-10,-0.01612937401139236,-0.008044845735803885,-0.011459150189967383
2021-11-11,0.0006073991217745434,0.000323540830852842,0.00044342149599587485
2021-11-12,0.01505400614237673,0.0075468443409449915,0.010717312066829557
2021-11-15,0.000645146360198412,0.0003424144498898052,0.0004702659304647635
2021-11-16,0.007875941190220503,0.003957811864878202,0.005612538764393075
2021-11-17,-0.0048981891882032835,-0.002429253324241376,-0.0034719485106535415
2021-11-18,0.006753157208864602,0.003396419874396539,0.0048140564812395
2021-11-19,-0.0036162052230023223,-0.0017882613416217996,-0.002560249109294507
2021-11-22,-0.005670000951176091,-0.0028151592057837904,-0.004020832382369386
2021-11-23,0.0026123267852893317,0.0013260046624035127,0.0018692516155893388
2021-11-24,0.005300029969962816,0.002669856254939207,0.0037806463374657215
2021-11-26,-0.04464602200790069,-0.02230316973415125,-0.031739131541264475
2021-11-29,0.02449351135102229,0.012266596945334163,0.01743033772190756
2021-11-30,-0.038954878406898374,-0.019457597933706494,-0.027691801500623753
2021-12-01,-0.022254099960248297,-0.0111072087101588,-0.015814827899292797
2021-12-02,0.030592947871017406,0.007207067575945469,0.017083526972729073
2021-12-03,-0.017442393514775167,-0.017388628144956675,-0.017411334645001372
2021-12-06,0.02364696560121593,0.008012945997442067,0.014615595026554292
2021-12-07,0.04133000729659897,0.030113930605903727,0.034850768588017486
2021-12-08,0.00525629422622953,0.004474272930648837,0.004804540659542087
2021-12-09,-0.013542834695147388,-0.014714346487825658,-0.014219586893264732
2021-12-10,0.01878737868059388,0.010870393416808621,0.01421394014312905
2021-12-13,-0.017756468875884668,-0.014446873194140841,-0.01584460066721789
2021-12-14,-0.013799675681214763,-0.010350277876918446,-0.011807047386025449
2021-12-15,0.031210317460346415,0.02279752704791349,0.02635046505467962
2021-12-16,-0.017676741613213753,-0.025714645510641065,-0.02232003173187652
2021-12-17,-0.021248879667081666,-0.004989142798055846,-0.011856048339480316
2021-12-20,-0.021306562310183352,-0.01096360188095924,-0.015331700384537815
2021-12-21,0.03547836220972145,0.022380414510493996,0.02791201507461196
2021-12-22,0.01995772600353951,0.012178515454382088,0.015463876371241584
2021-12-23,0.012404457809589653,0.007539027795405495,0.009593824167261903
2021-12-27,0.028264609853254408,0.0165272599012396,0.021484245003542655
2021-12-28,-0.001674011836417133,-0.0046346782988004875,-0.003384312619416161
2021-12-29,0.0025186666962195847,-0.00014939867035179688,0.0009773940322714057
2021-12-30,-0.00556870993350389,-0.002988419872992143,-0.004078142803795769
2021-12-31,-0.0050800051203312435,-0.006244536030972858,-0.00575272464264231
2022-01-03,0.01154023997985587,0.009626743747643385,0.010434862475905561
2022-01-04,-0.0007095450082489352,-0.0003349312344308464,-0.000493140276806296
2022-01-05,-0.038444038104532674,-0.019202177782431162,-0.027328510842891757
2022-01-06,-0.001918498885687847,-0.0009394081728509862,-0.0013529033908667434
2022-01-07,-0.007946679163149839,-0.003953498311749515,-0.005639921403172756
2022-01-10,-0.002528472258332415,-0.001244394859361897,-0.0017866938078403213
2022-01-11,0.018176897125796065,0.009108289832656657,0.012938196194357356
2022-01-12,0.005367448913259354,0.002703565726450252,0.0038285921868755545
2022-01-13,-0.027596898794049807,-0.013778608127043457,-0.019614428074107897
2022-01-14,0.0007783485885932695,0.0004090155641187643,0.0005649944100757586
2022-01-18,-0.03545885967866991,-0.017709588569461254,-0.025205562773585787
2022-01-19,-0.01882543118641089,-0.010383579048829139,-0.013948790570417514
2022-01-20,0.0,-0.011068068622025473,-0.006393738258276685
2022-01-21,0.0,-0.019630665920537194,-0.011340130244748864
2022-01-24,0.0,0.004246769258870131,0.0024532492534855904
2022-01-25,0.0,-0.012208985085485513,-0.007052816322484354
2022-01-26,0.0,-0.0025088038299538873,-0.0014492713749683804
2022-01-27,0.0,-0.004937929761410165,-0.0028525148795502807
2022-01-28,0.0,0.02483535850106655,0.014346747136197947
2022-01-31,0.0,0.018011087227062017,0.010404541335031119
2022-02-01,0.01195392013736929,0.006756906936942864,0.00895173942607419
2022-02-02,0.019388510417454485,0.0036259882303990576,0.010282907209162464
2022-02-03,-0.006084280701814437,-0.001421464108031345,-0.0033906916154881417
2022-02-04,0.0,0.0015421115065243907,0.0008908381104696587
2022-02-07,0.0,0.007402582020608728,0.0042762810289240566
2022-02-08,0.0,0.0030568455705131115,0.0017658609773108362
2022-02-09,0.02768865569085044,0.003399167789954971,0.013657243945096032
2022-02-10,-0.005535335393781593,-0.0037965072133637756,-0.004530859125936364
2022-02-11,0.0,0.019054878048780477,0.011007512416831122
2022-02-14,0.0,0.005350670272136426,0.0030909444452036443
2022-02-15,0.0,-0.009499828316355763,-0.005487806213314625
2022-02-16,0.0,0.0102842616131269,0.0059409531309847
2022-02-17,0.0,0.013668077318998106,0.007895696336545617
2022-02-18,0.0,-0.0007334273624823862,-0.0004236821027508626
2022-02-22,0.0,0.0020889792231255644,0.0012067495094007458
2022-02-23,0.0,0.004507296185700449,0.0026037489509731383
2022-02-24,0.0,-0.006450165460766266,-0.0037260945054719973
2022-02-25,0.0,-0.003330698882239913,-0.001924058984220464
2022-02-28,0.0,0.01036533559898034,0.005987787485089678
2022-03-01,0.0,0.01816347124117068,0.010492569656342524
2022-03-02,0.0,0.0,0.0
2022-03-03,0.0,0.0,0.0
2022-03-04,0.0,0.0,0.0
2022-03-07,0.0,0.0,0.0
2022-03-08,0.0,0.0,0.0
2022-03-09,0.0,0.0,0.0
2022-03-10,0.0,0.0,0.0
2022-03-11,0.0,0.0,0.0
2022-03-14,0.0,0.0,0.0
2022-03-15,0.0,0.0,0.0
2022-03-16,0.0,0.0,0.0
2022-03-17,0.0,0.0,0.0
2022-03-18,0.02026546455079381,0.0,0.008558627482372343
2022-03-21,-0.0006245831068470986,0.0,-0.00026377752801515176
2022-03-22,0.023363184311478102,0.0,0.009866874298527463
2022-03-23,-0.025796483180142382,0.0,-0.010894519064231088
2022-03-24,0.030109033097951654,0.0,0.012715819935630025
2022-03-25,0.009727459905054081,0.0,0.004108156784089601
2022-03-28,0.014186388281755447,0.0,0.005991277047684613
2022-03-29,0.02470204280078314,0.0,0.010432308711977648
2022-03-30,-0.0123893737975872,0.0,-0.005232351560836048
2022-03-31,-0.030822329149320926,0.0,-0.013017063224330138
2022-04-01,0.005628548794619492,0.0,0.00237708108189492
2022-04-04,0.01709358602878308,0.004846796657381747,0.010018931143723698
2022-04-05,-0.025302379562181287,-0.006264899927925893,-0.014304917761440581
2022-04-06,-0.020038352251494307,0.002343226958268163,-0.007109090231078636
2022-04-07,0.01003825349899512,0.0037849270844929617,0.006425867842266346
2022-04-08,-0.005387633605887454,0.006265942109348943,0.00134433702428701
2022-04-11,-0.006178502209035153,0.004959497437593052,0.00025563340154500505
2022-04-12,0.0,0.007676701211822179,0.00443463262756716
2022-04-13,0.0,0.0047885944387005,0.002766247708761259
2022-04-14,0.0,-0.0033035472515571263,-0.0019083741862851071
2022-04-18,0.0,0.0030971527928711495,0.0017891454218220133
2022-04-19,0.03069726535591477,-0.015112940794106522,0.00423388880094251
2022-04-20,-0.005960750089498257,0.004894951050489649,0.0003103089425207043
2022-04-21,0.0,-0.003557550216189642,-0.0020551051587923428
2022-04-22,0.0,-0.009722069647368992,-0.005616189307890124
2022-04-25,0.0,-0.0179710466470685,-0.01038141092294832
2022-04-26,0.0,0.001524992939847536,0.0008809491552755378
2022-04-27,0.0,-0.007556959169862543,-0.004365460733088845
2022-04-28,0.0,0.005398340720536465,0.003118482435808256
2022-04-29,0.0,-0.0001130390549934912,-6.529975149892628e-05
2022-05-02,0.0,-0.018540500819625882,-0.010710369935921003
2022-05-03,0.0,0.0,0.0
2022-05-04,0.0,0.0,0.0
2022-05-05,0.0,0.0,0.0
2022-05-06,0.0,0.0,0.0
2022-05-09,0.0,0.0,0.0
2022-05-10,0.0,0.0,0.0
2022-05-11,0.0,0.0,0.0
2022-05-12,0.0,0.0,0.0
2022-05-13,0.0,0.0,0.0
2022-05-16,0.0,0.0,0.0
2022-05-17,0.0,0.0,0.0
2022-05-18,0.0,0.0,0.0
2022-05-19,0.0,0.0,0.0
2022-05-20,0.0,0.0,0.0
2022-05-23,0.0,0.0,0.0
2022-05-24,0.0,0.0,0.0
2022-05-25,0.0,0.0,0.0
2022-05-26,0.0,0.0,0.0
2022-05-27,0.0,0.0,0.0
2022-05-31,0.0,0.0,0.0
2022-06-01,0.0,0.0,0.0
2022-06-02,0.0,0.0,0.0
2022-06-03,0.0,0.0,0.0
2022-06-06,0.0,0.0,0.0
2022-06-07,0.0,0.0,0.0
2022-06-08,0.0,0.0,0.0
2022-06-09,0.0,0.0,0.0
2022-06-10,0.0,0.0,0.0
2022-06-13,0.0,0.0,0.0
2022-06-14,0.0,0.0,0.0
2022-06-15,0.0,0.0,0.0
2022-06-16,0.0,0.0,0.0
2022-06-17,0.0,0.0,0.0
2022-06-21,0.0,0.0,0.0
2022-06-22,0.0,0.0,0.0
2022-06-23,0.0,0.0,0.0
2022-06-24,0.0,0.0,0.0
2022-06-27,0.0,0.0,0.0
2022-06-28,0.0,0.0,0.0
2022-06-29,0.0,0.0,0.0
2022-06-30,0.0,0.0,0.0
2022-07-01,0.0,0.0,0.0
2022-07-05,0.0,0.0,0.0
2022-07-06,0.0,0.0,0.0
2022-07-07,0.0,0.0,0.0
2022-07-08,0.0,0.0,0.0
2022-07-11,0.0,0.0,0.0
2022-07-12,0.0,0.0,0.0
2022-07-13,0.0,0.0,0.0
2022-07-14,0.0,0.0,0.0
2022-07-15,0.0,0.0,0.0
2022-07-18,0.0,0.0,0.0
2022-07-19,0.0,0.0,0.0
2022-07-20,0.0,0.0,0.0
2022-07-21,0.0,0.0,0.0
2022-07-22,0.0,0.0,0.0
2022-07-25,0.0,0.0,0.0
2022-07-26,0.0,0.0,0.0
2022-07-27,0.0,0.0,0.0
2022-07-28,0.023507529387627457,0.0,0.009927834940834998
2022-07-29,0.02911785187545246,0.0,0.01229721858407301
2022-08-01,-0.005962156386167483,0.0,-0.0025179721576555716
2022-08-02,-0.01323441438446138,0.0,-0.005589233959086233
2022-08-03,0.03127924114772607,0.0,0.013210028925993402
2022-08-04,-0.0013908708614124299,0.0,-0.0005874005774246626
2022-08-05,-0.0034199370247076644,0.0,-0.0014443274633198179
2022-08-08,-0.0023614954881637784,0.0,-0.0009973203492986357
2022-08-09,-0.007981763462064917,0.0,-0.0033709042273866036
2022-08-10,0.04196833982602022,0.0,0.01772431052464813
2022-08-11,-3.968253968267277e-05,0.0,-1.6758958268496774e-05
2022-08-12,0.0338182664588913,0.0,0.01428232469064818
2022-08-15,0.008201947055094694,0.0,0.003463893428090533
2022-08-16,0.003877679769773712,0.0,0.0016376440106883495
2022-08-17,-0.014235633202767883,0.0,-0.006012074445804351
2022-08-18,0.005773044519918669,0.0,0.0024381053472173953
2022-08-19,-0.026915748818232776,0.0,-0.011367213762456509
2022-08-22,-0.04168463445181503,0.0,-0.017604494440171835
2022-08-23,-0.0048781971156343085,0.0,-0.0020601882475307916
2022-08-24,0.0063626455797607395,0.0,0.0026871090560518195
2022-08-25,0.028195384059516604,0.0,0.011907636673365548
2022-08-26,-0.013762816725129023,0.0,-0.005812391873046357
2022-08-29,0.0,0.0,0.0
2022-08-30,0.0,0.0,0.0
2022-08-31,0.0,0.0,0.0
2022-09-01,0.0,0.0,0.0
2022-09-02,0.0,0.0,0.0
2022-09-06,0.0,0.0,0.0
2022-09-07,0.0,0.0,0.0
2022-09-08,0.0,0.0,0.0
2022-09-09,0.0,0.0,0.0
2022-09-12,0.01992346109622689,0.0,0.008414190617479054
2022-09-13,-0.004425745410817528,0.0,-0.0018691062426951593
2022-09-14,0.0,0.0,0.0
2022-09-15,0.0,0.0,0.0
2022-09-16,0.0,0.0,0.0
2022-09-19,0.0,0.0,0.0
2022-09-20,0.0,0.0,0.0
2022-09-21,0.0,0.0,0.0
2022-09-22,0.0,0.0,0.0
2022-09-23,0.0,0.0,0.0
2022-09-26,0.0,0.0,0.0
2022-09-27,0.0,0.0,0.0
2022-09-28,0.0,0.0,0.0
2022-09-29,0.0,0.0,0.0
2022-09-30,0.0,0.0,0.0
2022-10-03,0.0,0.0,0.0
2022-10-04,0.0,0.0,0.0
2022-10-05,0.0,0.0,0.0
2022-10-06,0.0,0.0,0.0
2022-10-07,0.0,0.0,0.0
2022-10-10,0.0,0.0,0.0
2022-10-11,0.0,0.0,0.0
2022-10-12,0.0,0.0,0.0
2022-10-13,0.0,0.0,0.0
2022-10-14,0.0,0.0,0.0
2022-10-17,0.0,0.0,0.0
2022-10-18,0.0,0.0,0.0
2022-10-19,0.0,0.0,0.0
2022-10-20,0.0,0.0,0.0
2022-10-21,0.0,0.0,0.0
2022-10-24,0.0,0.0,0.0
2022-10-25,0.0,0.0,0.0
2022-10-26,0.0,0.0,0.0
2022-10-27,0.0,0.0,0.0
2022-10-28,0.0,0.0,0.0
2022-10-31,0.0,0.0,0.0
2022-11-01,0.0,0.0,0.0
2022-11-02,0.0,0.0,0.0
2022-11-03,0.0,0.0,0.0
2022-11-04,0.0,0.0,0.0
2022-11-07,0.0,0.0,0.0
2022-11-08,0.0,0.0,0.0
2022-11-09,0.0,0.0,0.0
2022-11-10,0.1082038351405088,0.0,0.04569726565164625
2022-11-11,0.019317281153266253,0.0,0.00815818521942453
2022-11-14,-0.017053057361006707,0.0,-0.007201945211893353
2022-11-15,0.017018426389179053,0.0,0.007187319660799643
2022-11-16,-0.01529727996998409,0.0,-0.006460435211267902
2022-11-17,-0.006159293109651243,0.0,-0.0026012280719310155
2022-11-18,0.009041080447222294,0.0,0.0038182810658986327
2022-11-21,-0.007311858889736844,0.0,-0.0030879862775452143
2022-11-22,0.026874329472425407,0.0,0.011349721306241636
2022-11-23,0.012563468247891896,0.0,0.00530587612984712
2022-11-25,-0.0004869764115474906,0.0,-0.00020566267744275124
2022-11-28,-0.03195378290507789,0.0,-0.01349490527847025
2022-11-29,-0.0034748066841009395,0.0,-0.001467500333285599
2022-11-30,0.06296160784828131,0.0,0.02659030815277032
2022-12-01,-0.0015114250830229325,0.0,-0.0006383137292848423
2022-12-02,-0.0023471104935919307,-0.003455672068636839,-0.0029874979718476453
2022-12-05,-0.036018154437658545,-0.017158914265215874,-0.025123656984632384
2022-12-06,-0.02886923282889442,0.0027373927854492663,-0.0106108990304114
2022-12-07,-0.003442165844609768,0.009039068187333354,0.0037679216842779837
2022-12-08,0.01562823891707743,0.0008417002344733859,0.007086436249327759
2022-12-09,-0.014980122676752416,0.0035441821349193603,-0.004279108757605779
2022-12-12,0.028794735686368034,-0.008260505207709823,0.00738887713371593
2022-12-13,0.015100059282415979,0.017081120231771996,0.016244467183779126
2022-12-14,-0.012826706446759872,-0.0024330900243307862,-0.00682258185814881
2022-12-15,-0.018811738358463392,-0.016359309934562805,-0.017395033603997488
2022-12-16,0.0,0.008708799516177868,0.005030849243149891
2022-12-19,0.0,-0.002817914743090122,-0.0016278367903866582
2022-12-20,0.0,0.016594516594516717,0.009586224954986972
2022-12-21,0.0,-0.0016560208185475433,-0.0009566405870469251
2022-12-22,0.0,-0.012085308056872135,-0.006981371287535643
2022-12-23,0.0,0.0029983209402735245,0.0017320528053349502
2022-12-27,0.0,0.008429989238311508,0.0048697877245352135
2022-12-28,0.0,-0.004505839805537426,-0.0026029076376523673
2022-12-29,0.0,0.0055982371508547235,0.003233957456596923
2022-12-30,0.0,0.004678708913236518,0.0027027696700733022
2023-01-03,0.0,0.00837066729544933,0.0048355189655867525
2023-01-04,0.0,0.0,0.0
2023-01-05,0.0,0.0,0.0
2023-01-06,0.0,0.0,0.0
2023-01-09,0.0,0.0,0.0
2023-01-10,0.012465017833524383,0.0,0.005264297984922546
2023-01-11,0.02525603152658662,0.0,0.01066627241518821
2023-01-12,0.007241870858544663,0.0,0.0030584285298954042
2023-01-13,0.007719285618541738,0.0,0.0032600530756915235
2023-01-17,-0.003703421561205733,0.0,-0.0015640502823461855
2023-01-18,-0.03161571894274673,0.0,-0.013352132162583607
2023-01-19,-0.0039361562210543655,0.0,-0.0016623401217371635
2023-01-20,0.035662620706059966,0.0,0.015061242978333304
2023-01-23,0.02395748832017852,0.0,0.01011786418375801
2023-01-24,-0.002186301614667596,0.0,-0.0009233314655654496
2023-01-25,0.0007099426478063275,0.0,0.0002998270600308256
2023-01-26,0.021941084289153645,0.0,0.009266284842349827
2023-01-27,0.004555746737948896,0.0,0.001924009150464319
2023-01-30,-0.025133352427362365,0.0,-0.01061446187279962
2023-01-31,0.029366942688110464,0.0,0.012402416047939575
2023-02-01,0.021215975795266795,0.0,0.00896005285502346
2023-02-02,0.029074241510901322,-0.020751912808939177,0.00029095510232260945
2023-02-03,-0.021297900304585893,-0.024957841483979726,-0.023412154086421434
2023-02-06,-0.01226230894931557,0.0020754064337598077,-0.003979779945237606
2023-02-07,0.026117504586613327,0.0009204924634680367,0.011561839464929849
2023-02-08,-0.021909188067067098,0.0024715484538453403,-0.007825064343031634
2023-02-09,-0.017378048544773206,-0.007912390344590348,-0.011909981527747054
2023-02-10,0.0046275900536023595,0.001907183725365691,0.0030560813637943137
2023-02-13,0.023438407843537012,-0.005076142131979822,0.006966286525713031
2023-02-14,-0.0009601582803023812,0.0007537105751393991,2.989962816599335e-05
2023-02-15,0.006455082873376261,-0.009964660216673638,-0.0030301799282121634
2023-02-16,-0.02757724474075951,-0.0008192404470712678,-0.012119834635149073
2023-02-17,-0.005036253520625089,0.002986822840409964,-0.00040152888795131746
2023-02-21,-0.04016147205990228,-0.003737008057923652,-0.01911999707634244
2023-02-22,-0.0027959530548855582,-0.005626538506622869,-0.00443110938740767
2023-02-23,0.010599149195962498,-0.0005304727101261841,0.004169853190378903
2023-02-24,-0.021404430705270205,-0.00719466886831388,-0.013195817170190648
2023-02-27,0.006771962851327862,0.0039204039204037144,0.005124690679912305
2023-02-28,-0.007431631852003684,0.0045559434352997474,-0.000506718268988886
2023-03-01,-0.006436310918385257,0.0057721757568618415,0.0006162174853376135
2023-03-02,0.013991587400918881,-0.0005856172405716009,0.005570711618711279
2023-03-03,0.03203593144706818,0.010723075120121939,0.01972404311818889
2023-03-06,0.0013458044836933691,-0.005043770653371249,-0.0023452885518779384
2023-03-07,-0.030697086055156864,-0.017480480130520948,-0.02306219311848417
2023-03-08,0.0032244347675070006,-0.0004744395682599878,0.0010876903036997967
2023-03-09,-0.004291543495036132,0.009849293936157633,0.003877254185525131
2023-03-10,0.0,0.021562867215041193,0.012456313181560215
2023-03-13,0.0,0.022948179674469493,0.013256572519841513
2023-03-14,0.0,-0.005791071629371536,-0.0033453529696636057
2023-03-15,0.0,0.007804105638183678,0.004508230884220563
2023-03-16,0.03349816469466571,0.002020088659446584,0.015314090678101503
2023-03-17,-0.006354568482592193,0.029120232961863834,0.014138310893744718
2023-03-20,0.0,0.00038091092126024684,0.00022004243137872486
2023-03-21,0.024681969913474155,-0.018875108790252337,-0.00047983293012080624
2023-03-22,-0.005107696975582332,0.01702056883073677,0.007675232414070001
2023-03-23,0.0,0.012538159616223288,0.007242971973185698
2023-03-24,0.011564784746733725,-0.011252288144718348,-0.0016160507603438876
2023-03-27,0.0037000521415115895,-0.009256738361012928,-0.0037847521156295933
2023-03-28,-0.004529076975876234,0.008189062929376378,0.0028178649760835844
2023-03-29,0.02903008490217185,-0.004960750109027412,0.00939445472461844
2023-03-30,0.011670794600112666,0.009039609927135261,0.010150826963236178
2023-03-31,0.028149566902628598,-0.005212292322727796,0.008877279841458691
2023-04-03,0.007581412259897169,0.0072044536622639654,0.007363652984111917
2023-04-04,-0.011135922958147138,-0.0033734187099796475,-0.006651724125771163
2023-04-05,-0.005276181426311255,-0.009872441783934538,-0.00793132268872227
2023-04-06,0.007762083898167793,0.006742213218536186,0.007172930866546821
2023-04-10,0.0020131535509160248,-0.0005659487501964433,0.0005232725592300057
2023-04-11,0.0004974137228856979,-0.006417717935005007,-0.0034972797825458704
2023-04-12,-0.008191591160472744,-0.00883386632048877,-0.008562616982878942
2023-04-13,0.026525689351219794,0.01958216202402263,0.022514592398771932
2023-04-14,-0.004925163953256706,-0.0018798759281888344,-0.00316597947236169
2023-04-17,0.0071367709344902774,0.0008475374329033336,0.0035036426781013966
2023-04-18,0.0012648543496929232,6.272738677726153e-05,0.0005704165560200051
2023-04-19,-0.00037767534497790134,-0.0004704258922412219,-0.0004312549479570043
2023-04-20,-0.01095386614923688,-0.007624486210034198,-0.009030569084448398
2023-04-21,0.0015141680963346449,0.001043379284178636,0.0012422055215941517
2023-04-24,0.0020466833023193853,-0.002084583557057651,-0.00033984318897695045
2023-04-25,-0.03178725300234486,-0.018863744263332816,-0.024321674763033846
2023-04-26,-0.00851091973453355,0.006064711764895758,-9.095271598885332e-05
2023-04-27,0.03977632300013867,0.027190816686439856,0.03250600005892139
2023-04-28,0.017030708575967113,0.00689870454190733,0.01117771072802581
2023-05-01,-0.0020592531402930936,-0.001147073412698374,-0.0015323103987979242
2023-05-02,-0.022518082578298126,-0.008721561811353529,-0.014548187769082562
2023-05-03,-0.013767654499431958,-0.006543928862170478,-0.009594694197908218
2023-05-04,-0.014205654796023537,-0.0035298937880172687,-0.008038542545086225
2023-05-05,0.03698546988038509,0.021254388461903417,0.027898029194549753
2023-05-08,0.0004934827655611596,0.0024776239586237203,0.001639670044402341
2023-05-09,-0.008810337188792539,-0.006333220056226718,-0.007379370403024603
2023-05-10,0.009304974701170421,0.010881731127969196,0.010215826290032549
2023-05-11,-0.003527632158110472,0.0032601340960816128,0.000393485633055268
2023-05-12,-0.0026602148959192773,-0.0035867565910484567,-0.0031954541762619264
2023-05-15,0.006860387918853794,0.005414884779866513,0.006025357974802843
2023-05-16,-0.013404976358270315,0.0011322255882983967,-0.005007209102915042
2023-05-17,0.0242381968018075,0.012104169213840166,0.017228681495606413
2023-05-18,0.019226748113337466,0.018573326890553243,0.018849283497462968
2023-05-19,-0.0029497796225849138,-0.0022533874936994103,-0.0025474918206862688
2023-05-22,0.0007725099022424242,0.003357998276425578,0.0022660799639104396
2023-05-23,-0.022485299674539272,-0.012676223196303682,-0.016818848760741127
2023-05-24,-0.014529286249366558,-0.005129589632829501,-0.009099323540809674
2023-05-25,0.01728012577486404,0.024332881049299093,0.021354320899990207
2023-05-26,0.025861680055537795,0.025550453314494126,0.0256818923808165
2023-05-30,0.000722185942478637,0.0045350172215843365,0.0029247603982476764
2023-05-31,-0.01113016756977192,-0.005686039202239979,-0.007985234789251412
2023-06-01,0.018962351683088796,0.011552056093565799,0.01468161472401475
2023-06-02,0.02888260658845021,0.007499786937871011,0.016530302248949334
2023-06-05,-0.0038721745940787367,0.0007049203440010476,-0.0012281047010597882
2023-06-06,0.004315269462255467,-0.00016906170752328809,0.0017247868096686855
2023-06-07,-0.006955085666016436,-0.016965392853116823,-0.012737782378964092
2023-06-08,0.012057375249612923,0.012413279055099924,0.01226297171410178
2023-06-09,0.0035489735783766907,0.003822738213223875,0.0037071203589362483
2023-06-12,0.01810407182203977,0.016897038081805427,0.017406799509451343
2023-06-13,0.013146117368028287,0.007683985686149253,0.009990784536365366
2023-06-14,0.0023420332118615494,0.007267521885151229,0.0051873611951423
2023-06-15,0.024755596292545645,0.011915823995627184,0.017338390439755644
2023-06-16,-0.006825190899372946,-0.006292875276832421,-0.006517685870488071
2023-06-20,-0.010416053540111103,-0.002799445546707191,-0.006016135217522072
2023-06-21,-0.010287177850710871,-0.013627691469065284,-0.012216906555271276
2023-06-22,0.007179704042399537,0.01179883945841409,0.009848059637047843
2023-06-23,-0.015159611063514267,-0.009913428189092466,-0.012129026297590738
2023-06-26,-0.008211239059876418,-0.01340541733325995,-0.011211782106813572
2023-06-27,0.02188688894191837,0.0171941400134199,0.019176008716535672
2023-06-28,0.0009690984404226999,0.0019514608470989625,0.0015365839085340598
2023-06-29,0.007843174537547126,-0.002002523728534711,0.0021555681598613534
2023-06-30,0.023561696109512864,0.015420136884637836,0.018858526977138725
2023-07-03,0.0022613461553666614,0.002355043040441762,0.0023154724333329787
2023-07-05,-0.0030140623135922473,-2.700586027171159e-05,-0.0012885167123279204
2023-07-06,-0.01570100088882531,-0.007615858269417908,-0.01103042217679449
2023-07-07,-0.005089038860573658,-0.003320089261416137,-0.004067162224699777
2023-07-10,0.005022454046893943,0.000327653997378885,0.0023103889417129733
2023-07-11,0.012697432503739448,0.00494049568730226,0.008216449833321806
2023-07-12,0.016052167571083187,0.012630035038161624,0.014075289721130917
2023-07-13,0.01583404509589381,0.016978702859288486,0.01649528441274136
2023-07-14,-0.001285344965301527,-0.0002109982856388637,-0.000664722551130531
2023-07-17,0.006904761904797274,0.009338644577518762,0.008310753256329777
2023-07-18,0.01482146553926289,0.008180653929588777,0.010985239662393401
2023-07-19,0.004407795388266633,-0.00023331777881474558,0.0017267438127181714
2023-07-20,-0.013308575334242123,-0.02305199014650583,-0.018937095194288833
2023-07-21,-3.968253968267277e-05,-0.002999256821318741,-0.0017493523979858622
2023-07-24,0.008894812573305044,0.0015973165082663332,0.004679236995122277
2023-07-25,0.005420467174044985,0.006777768917948901,0.006204545443197963
2023-07-26,0.00026771250678581104,-0.0033264691905592336,-0.0018085537154692714
2023-07-27,-0.013299545111488231,-0.0023839796567067806,-0.00699390400622125
2023-07-28,0.019540860676677374,0.01821464606234402,0.018774740641834556
2023-07-31,0.0037684239125808094,0.000521539584854569,0.001892782438415177
2023-08-01,-0.0057628307083748,-0.002319641367806491,-0.003773788882823368
2023-08-02,-0.02786127384709214,-0.021944146921288654,-0.02444310197839754
2023-08-03,-0.005771360054954933,-0.0016026069072355709,-0.003363178700093859
2023-08-04,-0.009085222152858563,-0.0046817731881537705,-0.006541463067558495
2023-08-07,0.017417402127265946,0.008466831523491924,0.012246887952021893
2023-08-08,-0.008737071104423122,-0.008502358804872268,-0.008601483852430482
2023-08-09,-0.013410156077495738,-0.01099462365591386,-0.012014765193557628
2023-08-10,0.0006782086552108435,0.0018482781114945723,0.001354127652730866
2023-08-11,-0.001205837145032751,-0.006375647738679935,-0.004192303610814121
2023-08-14,0.011000371314151769,0.011222149410222926,0.011128486809828775
2023-08-15,-0.02333753351371426,-0.01061158363710002,-0.015986079942392817
2023-08-16,-0.014716013005404927,-0.01058894165165658,-0.012331910149682875
2023-08-17,-0.015279424146721232,-0.010922932641915462,-0.012762791176927028
2023-08-18,0.0009229799098300351,-0.0012549500808746172,-0.00033515416766434573
2023-08-21,0.012972917689344277,0.01611146790271678,0.01478597733507404
2023-08-22,-0.0054568992738782685,-0.0014289640010990423,-0.00313006477954011
2023-08-23,0.022235793895199363,0.015768616874896946,0.018499872249803172
2023-08-24,-0.02775789575302967,-0.021375741648830937,-0.024071089657065524
2023-08-25,0.01405997641349166,0.007751508775815097,0.010415737091931356
2023-08-28,0.012643000370506696,0.007527058952804699,0.00968765274062567
2023-08-29,0.028869884720184702,0.021839895299378353,0.024808840842516333
2023-08-30,0.008197916533842386,0.005576753742295271,0.006683738279821118
2023-08-31,-0.0029664469126750026,0.002998460966937344,0.0004793267827535499
2023-09-01,0.0036907493465758723,-0.0010582290536786942,0.0009473868031766225
2023-09-05,-0.008683491134774624,0.0012712201064646322,-0.0029329107682462513
2023-09-06,-0.013484611753651898,-0.00880789271827942,-0.01078299158478455
2023-09-07,-0.006180151366512399,-0.007151625126754713,-0.006741346743943706
2023-09-08,0.002972568781133722,0.0013976240391335715,0.002062763755931838
2023-09-11,0.01311348679036528,0.011782704385635334,0.012344728060623486
2023-09-12,-0.011010805295756154,-0.011088415523781703,-0.011055638726150056
2023-09-13,0.0022922083097449697,0.0038091150513692718,0.003168486276513326
2023-09-14,0.017205171998996738,0.00817722669089549,0.011989960449334952
2023-09-15,-0.024050833618663225,-0.017123015347098924,-0.020048811383171973
2023-09-18,0.0011331527896041305,-0.00040451983495570776,0.0002448789069514419
2023-09-19,-0.0041872830178409925,-0.002131333297361593,-0.0029996138016632557
2023-09-20,-0.01842643684839196,-0.014410468543001431,-0.016106515362984408
2023-09-21,-0.03117104491405187,-0.018324463707686478,-0.023749905729592662
2023-09-22,0.0,0.0001397194433576665,8.071232488054035e-05
2023-09-25,0.0,0.004749797435109393,0.0027438356787460746
2023-09-26,0.0,-0.015016267623258694,-0.008674511161621316
2023-09-27,0.0,0.0023432427091274466,0.001353630978395065
2023-09-28,0.0,0.008365254619197682,0.004832392201883738
2023-09-29,0.0,0.0007262366972988765,0.00041952824062221867
2023-10-02,0.0,0.008345661093588586,0.004821073526640606
2023-10-03,0.0,0.0,0.0
2023-10-04,0.0,0.0,0.0
2023-10-05,0.0,0.0,0.0
2023-10-06,0.0,0.0,0.0
2023-10-09,0.0,0.0,0.0
2023-10-10,0.008854441153955062,0.0,0.0037394584866952897
2023-10-11,0.008152888915211376,0.0,0.0034431749124509306
2023-10-12,-0.012232568494727869,0.0,-0.005166128643958427
2023-10-13,-0.002191453136835997,0.0,-0.0009255070860204368
2023-10-16,0.019471686369927133,0.0,0.00822339451810225
2023-10-17,-0.00013141724294774004,0.0,-5.550088547593021e-05
2023-10-18,-0.004341360147803397,0.0,-0.0018334681733417643
2023-10-19,0.0,0.0,0.0
2023-10-20,0.0,0.0,0.0
2023-10-23,0.0,0.0,0.0
2023-10-24,0.0,0.0,0.0
2023-10-25,0.0,0.0,0.0
2023-10-26,0.0,0.0,0.0
2023-10-27,0.0,0.0,0.0
2023-10-30,0.0,0.0,0.0
2023-10-31,0.0,0.0,0.0
2023-11-01,0.0,0.0,0.0
2023-11-02,0.03673156422680757,0.003324069532995688,0.01743291473054961
2023-11-03,0.018207137034850218,0.0036389311318703044,0.00979145959217737
2023-11-06,0.0045612974689814845,-0.007792629471291779,-0.0025752480309980154
2023-11-07,0.005652438004985827,-0.004145077720207224,-7.334559450129785e-06
2023-11-08,0.001425082983355308,-0.009967687167971917,-0.005156226987865603
2023-11-09,-0.015637166816490855,0.0039829617746307555,-0.004303123715626371
2023-11-10,0.03116998000857696,-0.010909691994049453,0.00686163697540096
2023-11-13,-0.0019461304183804318,0.0055707202941341905,0.0023961606916257064
2023-11-14,0.03876174411661437,0.008919173452994311,0.021522459441634164
2023-11-15,0.00419448945693035,-0.0026356248627280587,0.0002489082787381486
2023-11-16,0.0024065014133778373,0.011286060339132264,0.0075359939706645535
2023-11-17,0.0024479349001038653,-0.00010887908977086358,0.0009709292919323217
2023-11-20,0.015355512562406082,-0.0016333641857677605,0.005541475900780447
2023-11-21,-0.004398419826838418,0.010797840431913563,0.004380068445791347
2023-11-22,0.007681984458123514,-0.004262206636093779,0.0007821328063825519
2023-11-24,0.0011910325936248523,0.005201560468140354,0.003507811282198095
2023-11-27,-0.0036417031851047055,0.006737818025010833,0.0023542789622814876
2023-11-28,0.0019406026212787086,0.013331905552283363,0.008521065017097795
2023-11-29,-0.001446492378516795,0.001479446264398332,0.0002437470373599993
2023-11-30,0.007835199226913003,-0.004167985649467076,0.0009012683862100182
2023-12-01,0.011792044015814573,0.017271523178807868,0.014957398040647933
2023-12-04,-0.010538484543304194,-0.021613457632414734,-0.016936211334437186
2023-12-05,-0.00043382298495053817,-0.003779410199084565,-0.0023664825751560322
2023-12-06,-0.00809925328003358,0.0036868821800695173,-0.0012907062984462785
2023-12-07,0.015221114363877186,0.0016503407155024075,0.007381627852440268
2023-12-08,0.008558619623026287,-0.013340419877757248,-0.004091891632120664
2023-12-11,0.0077395438838696595,-0.011042878689937252,-0.0031105780203521693
2023-12-12,0.009094714308502505,-0.0005446919766871616,0.00352627749649698
2023-12-13,0.027540580334763698,0.02256253746798187,0.024664893147087072
2023-12-14,0.006379020967129501,0.005862601929328859,0.006080698985937794
2023-12-15,-0.0033189647582281268,-0.009166534202299514,-0.006696955060717499
2023-12-18,0.01121039736163909,0.00454545454545463,0.007360231508107679
2023-12-19,0.012122107404433757,0.006813947298376144,0.009055719987606584
2023-12-20,-0.027754281141334824,-0.005445989531010276,-0.0148673554800786
2023-12-21,0.018924140977200965,0.007070707070707227,0.012076717415958732
2023-12-22,0.0039797801215690765,0.004434355698675008,0.004242376727885428
2023-12-26,0.008405371825284336,0.007620749461291876,0.007952115688348672
2023-12-27,0.0035764217390148456,0.004537867723763744,0.0041318243287424275
2023-12-28,0.0007158105241111823,-0.005815462900462087,-0.0030571379636546887
2023-12-29,-0.005829608906607553,-0.0015668250900924274,-0.0033671084555191196
2024-01-02,-0.011232377833470863,-0.0023539258251817907,-0.006103524713902567
2024-01-03,-0.016373121659340573,-0.010581484885367254,-0.013027442220192066
2024-01-04,-0.0064817994792057965,-0.0051464865814777605,-0.0057104236003117925
2024-01-05,0.00269957443668134,0.0011860300797417178,0.001825238832969416
2024-01-08,0.02851220667220944,0.020667926906112077,0.023980768228711237
2024-01-09,-0.003073816547121355,0.001975552537350378,-0.0001569260400187387
2024-01-10,0.01127119785217734,0.0067775723967959944,0.008675346130110596
2024-01-11,-0.0009209986384729474,0.0020807833537332954,0.0008130535274471068
2024-01-12,0.0013458533055084043,0.0005130084279956204,0.0008647402641629156
2024-01-16,-0.007382134498899018,-9.766578767478329e-05,-0.0031740844875818167
2024-01-17,-0.011157110371336043,-0.005640750146512996,-0.007970451106710666
2024-01-18,0.017745999986258587,0.01419415043834893,0.015694187956748706
2024-01-19,0.024892635032326416,0.019830988643792846,0.021968652242787778
2024-01-22,0.0041889102094974096,0.0013058549788689255,0.0025234434367208693
2024-01-23,0.005793392235496908,0.004149574372228626,0.004843800981508668
2024-01-24,0.002146515537895466,0.005549258524605749,0.004112192546250586
2024-01-25,0.010838168260885128,0.0012211445882159833,0.005282661307817038
2024-01-26,-0.002580509947652132,-0.0059575466166295055,-0.004531337078148594
2024-01-29,0.01579913898614893,0.010240437932092172,0.012588020514682352
2024-01-30,-0.0015866933485487733,-0.0066565456031763,-0.004515416455642256
2024-01-31,-0.032674284996176306,-0.019586174465083594,-0.025113620539807265
2024-02-01,0.02613659313948946,0.011775427488788237,0.017840517519610088
2024-02-02,0.021015100779908424,0.016900540438039124,0.0186382252136108
2024-02-05,-0.007321972415132549,-0.0013053308780679451,-0.0038463135178509068
2024-02-06,0.0057668345653103525,-0.0020072353833587853,0.0012759545255524513
2024-02-07,0.01664115474108674,0.010290231296335328,0.0129723897929469
2024-02-08,0.0008436742160722321,0.0018518947197854185,0.00142609724103811
2024-02-09,0.011519155154823713,0.009843110977610259,0.010550947589044232
2024-02-12,-0.0009175755964293542,-0.003912595812836317,-0.002647721658574833
2024-02-13,-0.027585692360571512,-0.015597004640051315,-0.020660136153530725
2024-02-14,0.01813551176088768,0.01089721152724299,0.013954132090305382
2024-02-15,0.013759783934499614,0.0029777018604866257,0.007531252741323803
2024-02-16,-0.00999964349675675,-0.009067685438770234,-0.009461275323053905
2024-02-20,-0.011050473114251114,-0.007548133869057172,-0.00902726191181077
2024-02-21,0.0017720575361790392,-0.004001684919966331,-0.0015632848163096825
2024-02-22,0.041351279025620746,0.029275627922276337,0.034375486311487305
2024-02-23,0.0013396278052753008,-0.002944734859725684,-0.0011353381909633524
2024-02-26,-0.00736468007820712,-0.0005265808874032052,-0.003414486245551534
2024-02-27,0.0036758059086496875,0.002405222769442217,0.002941822744567585
2024-02-28,-0.0026830455289045263,-0.005324497257769734,-0.004208944179607498
2024-02-29,0.007150298893055629,0.008569393709651596,0.007970073429232234
2024-03-01,0.018736888078864977,0.01505694760820031,0.01661108122141132
2024-03-04,-0.002184559209075787,-0.003568142546172659,-0.00298381967790829
2024-03-05,-0.020027970652396032,-0.017949641908022174,-0.018827373650337736
2024-03-06,0.010094786485267848,0.006283683063869061,0.007893210168406582
2024-03-07,0.019813186513632397,0.015178103420770528,0.017135618356695997
2024-03-08,-0.012044111358017418,-0.014434841171848789,-0.01342517441408465
2024-03-11,-0.001759372995161157,-0.0037128149059267868,-0.002887826089075718
2024-03-12,0.021474947408700595,0.014335032808248993,0.01735040258514478
2024-03-13,-0.0031744787782223005,-0.007686065906324813,-0.00578070649613636
2024-03-14,-0.003993400779090273,-0.002521294718909717,-0.0031430030124476836
2024-03-15,-0.013730576800947802,-0.01188686979095499,-0.012665514733715452
2024-03-18,0.011846632506202992,0.008204277286135708,0.009742537680260704
2024-03-19,0.011074461671323421,0.002491542470512975,0.006116330245149019
2024-03-20,0.018459086147973425,0.01185671614565531,0.01464506699786497
2024-03-21,0.006569601198491926,0.0047321810847962276,0.00550817090937312
2024-03-22,-0.003831333247951263,0.001143831161549258,-0.000957308870930482
2024-03-25,-0.005565286423235616,-0.003629194856400564,-0.004446856176266766
2024-03-26,-0.0037336240908106832,-0.0032377012321250787,-0.0034471422245506388
2024-03-27,0.016768011992181142,0.0034061174772175296,0.009049189577819748
2024-03-28,-0.0004219674564495124,-0.0018434008497628662,-0.0012430929281812256
2024-04-01,-0.0035191403563791246,0.0021170694353729314,-0.00026324708286921896
2024-04-02,-0.012756091303200212,-0.006358204381798571,-0.00906019676383226
2024-04-03,0.0021575266192324083,0.0010986045794463273,0.001545814622358861
2024-04-04,-0.024451996511297036,-0.012206156985810734,-0.017377890327765787
2024-04-05,0.02085415260940926,0.010446917574599812,0.014842160899083062
2024-04-08,0.0010790798778346211,0.00055938120864929,0.0007788633380371248
2024-04-09,0.0022737042586757905,0.001156693399136266,0.001628435846322795
2024-04-10,-0.02006587063175036,-0.010013094046060322,-0.014258640440755024
2024-04-11,0.015054069891573763,0.007546876215669407,0.010717357402964475
2024-04-12,-0.0276458601459858,-0.01380308880308867,-0.019649247569919155
2024-04-15,-0.025095961290904634,-0.01252813937555075,-0.017835854171266884
2024-04-16,-0.003687219461054214,-0.0018237684606996485,-0.0026107517989653437
2024-04-17,-0.01187611731019167,-0.005918217385259994,-0.008434391929738768
2024-04-18,-0.004155155519208864,-0.002057736489861295,-0.002943530551064874
2024-04-19,-0.017496441027981424,-0.008728379244074325,-0.012431357498670838
2024-04-22,0.01837860649838663,0.009209144518943502,0.013081644411513505
2024-04-23,0.02369360810298704,0.01186664532137982,0.01686147622900357
2024-04-24,-0.0009889557524950243,-0.00047463660634827765,-0.0006918468246429971
2024-04-25,-0.007637474431126834,-0.003798895945865688,-0.0054200264773102465
2024-04-26,0.01890806220184138,0.009473872370851177,0.013458173651438778
2024-04-29,0.0070433064815424995,0.0035414945106835294,0.005020399871909017
2024-04-30,-0.031722229690720694,-0.015841273575657788,-0.022548210251698723
2024-05-01,-0.006533965180725243,-0.003247141320371294,-0.0046352516669382355
2024-05-02,0.018667222626736146,-0.0030871415875391994,0.006100286559452935
2024-05-03,0.024750923959166338,-0.0007976352460938863,0.009992179139907542
2024-05-06,0.020613958250975672,0.010518407212622094,0.014782018360048815
2024-05-07,0.0021671819704736084,-0.004600371747211729,-0.001742259558791945
2024-05-08,0.00015368869451903855,-0.0029410391671722547,-0.001634055906998384
2024-05-09,0.011484128825568929,0.01577863095795462,0.013964952131041023
2024-05-10,0.002536398357180003,0.008112468310670584,0.005757550394628743
2024-05-13,0.0002291140194758956,-0.011202048374559959,-0.006374374161820323
2024-05-14,0.009136566716352545,0.008462036437621556,0.008746907942381272
2024-05-15,0.024726226117207206,0.012838736301526765,0.017859129334111785
2024-05-16,-0.004154598165361567,-0.003893340576757498,-0.004003676383380669
2024-05-17,0.0028353481966945093,0.01649775030677625,0.01072776611117649
2024-05-20,0.0022645954847868577,0.004023964946794356,0.003280937922102035
2024-05-21,0.004865422542748243,-0.0014695404346277696,0.0012058775456552382
2024-05-22,-0.0057984901278357315,-0.018373990991392808,-0.013063033178130104
2024-05-23,-0.014648141856722918,-0.019944573167961388,-0.01770775385078036
2024-05-24,0.013193262931320282,0.0009271277582050264,0.0061074324747335245
2024-05-28,0.0013580206939167727,0.010513153019636956,0.006646704908799301
2024-05-29,-0.014044703207425235,-0.00930381777350009,-0.011306015762293842
2024-05-30,-0.013307122189825216,0.0018967431532197487,-0.004524240655817878
2024-05-31,0.018176578152047318,-0.005864154776746511,0.004288865748642285
2024-06-03,0.0015910511005652328,0.008917789131444476,0.0058235190094812735
2024-06-04,0.002196012799524416,-0.008977073934260282,-0.004258391717870931
2024-06-05,0.023730638624477107,0.011845589259998901,0.016864951627203587
2024-06-06,-7.70887902877826e-05,0.007391424111651945,0.004237278811168815
2024-06-07,-0.002471134303222655,-0.035683361436449124,-0.02165698275755078
2024-06-10,0.006139977017194598,0.009168241965973323,0.007889327705233751
2024-06-11,0.004776805531075956,0.0028566076613283364,0.003667556663677807
2024-06-12,0.01638642789914857,0.002661685734298258,0.00845799774018125
2024-06-13,0.0039872126870938995,-0.008150149031296627,-0.003024228660404258
2024-06-14,0.0011770194604141526,0.012959571770671863,0.007983496548596022
2024-06-17,0.01587836897295891,-0.0051916747786584505,0.0037067472168203727
2024-06-18,0.0050416554239205436,0.004007268999580704,0.004444117020338315
2024-06-20,-0.005472780681849865,0.012484336566575216,0.0049005835861613885
2024-06-21,-0.0027123552999565037,-0.015493215988265474,-0.010095529433330383
2024-06-24,-0.006540940551674201,0.003957537945805001,-0.00047623984233363887
2024-06-25,0.007661979397973306,-0.004962203774984908,0.0003693138310277527
2024-06-26,0.0024565089327677203,-0.009228187919463005,-0.004293439576929982
2024-06-27,0.0031133302376085137,0.0113369084579924,0.007863879631833109
2024-06-28,-0.007909807180572659,9.302758267826228e-05,-0.0032867755977507383
2024-07-01,0.004076299967150865,0.0026045300218593415,0.0032260963654252607
2024-07-02,0.013419810620890038,-4.638864405992482e-05,0.005640734038138273
2024-07-03,0.00888547365025949,0.011272963444052708,0.010264665030175897
2024-07-05,0.011493338894354777,0.013486857195284196,0.01264494308696545
2024-07-08,0.0022681207202170928,-0.012402118318019406,-0.006206498637507105
2024-07-09,0.0019052821628140482,0.0016957697419679452,0.0017842522318934758
2024-07-10,0.019750897144185542,0.0036603221083457704,0.0104557862519752
2024-07-11,-0.017284747742928097,0.017733406272793406,0.0029443381717534156
2024-07-12,0.012575326085807914,-0.0006270996640536097,0.004948624670986074
2024-07-15,0.005460415676491026,0.0032271077047196783,0.004170291165226868
2024-07-16,0.011820770151914184,0.01992583657239866,0.016502858330821935
2024-07-17,-0.028082029315575796,-0.004643216960883101,-0.014542030929358523
2024-07-18,-0.015409381250771514,-0.006381199665536963,-0.01019403320989357
2024-07-19,-0.01332090426729493,-0.01793781557268148,-0.01598797505050065
2024-07-22,0.020580000878880123,0.00031569927389174524,0.0088738356143065
2024-07-23,-0.0031767960345020496,0.0035166816952207913,0.0006898537038531234
2024-07-24,-0.04536454078667618,-0.0035043579836462335,-0.021182991012619095
2024-07-25,-0.010460390926158358,-0.01564472497745717,-0.01345524721946979
2024-07-26,0.022359604249434506,0.010534511977281946,0.015528552920600434
2024-07-29,0.001135837260356487,-0.0014050673072564246,-0.0003319778842160112
2024-07-30,-0.010172585102300347,0.009985475671750343,0.0014722075697682349
2024-07-31,0.032469542552700625,0.018110731619629616,0.024174827192566098
2024-08-01,-0.028361608430702123,-0.0034429485764730927,-0.013966740247655833
2024-08-02,-0.03727656583859884,-0.02373493451681674,-0.02945391409886726
2024-08-05,-0.0572307687696435,-0.029816155988858117,-0.04139405284763184
2024-08-06,0.0,0.00955509107196173,0.005519730084302606
2024-08-07,0.0,-0.010829749960184598,-0.006256067703647032
2024-08-08,0.04462555262922696,0.030590887135726774,0.0365180877433175
2024-08-09,0.008779689928064771,0.005222398285982255,0.006724734140876255
2024-08-12,0.0010109938333624502,0.0021535933926866146,0.0016710441787138575
2024-08-13,0.03285172331476738,0.024812796313527397,0.028207842175375284
2024-08-14,0.006269814914204419,0.00032426823468378885,0.0028352256855496104
2024-08-15,0.034240777230381214,0.025263112398158816,0.029054611416994607
2024-08-16,0.0044443791524606535,0.0012857805320178883,0.0026197380581800952
2024-08-19,0.019083190942582595,0.01313601246237095,0.015647659064684787
2024-08-20,-0.0032919475098758255,-0.0020986140835705935,-0.002602589515883565
2024-08-21,0.006833415724158742,0.004664140257360616,0.005580281142285324
2024-08-22,-0.015736589535420564,-0.015854922279792683,-0.01580494731496968
2024-08-23,0.021210901761354206,0.010845530167421291,0.015223093482907235
2024-08-26,-0.004807262992491457,-0.00970833333333343,-0.007638485133849297
2024-08-27,0.0027064434608401466,0.002987335380990608,0.0028687074906034657
2024-08-28,-0.011650196108930144,-0.011347428475543153,-0.011475295042893923
2024-08-29,0.00013943263143434415,-0.0014638803436937131,-0.0007867599916099189
2024-08-30,0.01905228486437749,0.011919432286576104,0.014931819589471169
2024-09-03,-0.04119778642838001,-0.030360929724735808,-0.03493761334202339
2024-09-04,-0.0041332921615465645,0.012890025575447606,0.005700640172521431
2024-09-05,-0.004904007795944465,0.005655994344005544,0.0011962335375182978
2024-09-06,-0.0336999143404223,-0.0001004318569849394,-0.01429035844146933
2024-09-09,0.02235279654806477,0.004319003615909978,0.011935138711836327
2024-09-10,0.008671724645542556,0.007000700070007193,0.007706416774405974
2024-09-11,0.02047818403962487,-0.0007945178269938014,0.00818949190856513
2024-09-12,0.01680675157136924,-0.004671503826657486,0.004399316457882358
2024-09-13,0.010405862900373597,0.002696225284601672,0.00595220376030321
2024-09-16,0.0029140015585322754,0.009162434020515642,0.0065235601049022165
2024-09-17,0.0007776012355200645,-0.0048356853843875,-0.002465049911849467
2024-09-18,-0.00597144946038719,-0.012395874652915473,-0.009682674475667919
2024-09-19,0.03408928076616813,-0.003313585701375632,0.012482607870514816
2024-09-20,-0.0034880309929746778,-0.0038283296393312183,-0.0036846127588411968
2024-09-23,0.004958117724153999,-0.002123786407766892,0.0008670840545936757
2024-09-24,0.005682928796690634,-0.00020269585486976105,0.002282954980694223
2024-09-25,-0.004450675012973471,-0.008312214901165738,-0.006681387178044789
2024-09-26,0.007889585581830394,0.002351017070428396,0.00469009716187542
2024-09-27,-0.0029402591601846995,0.00520089740974905,0.001762677368797566
2024-09-30,0.007974736414631645,-0.004768185046160167,0.0006134787961213609
2024-10-01,-0.017956581591240917,0.003975535168195821,-0.00528696245545533
2024-10-02,0.0008044664524413658,0.00020357477301424787,0.0004573468012144282
2024-10-03,-0.0036961182180211827,-0.0006920133517869242,-0.0019607241875853514
2024-10-04,0.018135091156056715,-0.001996007984031989,0.006505873525709989
2024-10-07,-0.018120592868156815,-0.0033877551020409236,-0.009609811837151566
2024-10-08,0.01887542841520573,-0.0073719130114262565,0.003713015099159952
2024-10-09,0.013813101102073455,-0.005446218591409813,0.0026874880111355582
2024-10-10,-0.0035396998663989043,0.007342874922215081,0.002746883380478837
2024-10-11,0.011936781105598149,0.01091343381929022,0.011345619727817202
2024-10-14,0.016316989533172288,-0.0016295270297795872,0.005949749008208589
2024-10-15,-0.01557911298886705,0.003468396784592098,-0.004575857034968019
2024-10-16,0.008653269959510768,0.005001626545217963,0.006543809582920208
2024-10-17,0.0001320502443327154,0.005988266235079864,0.0035150354342022377
2024-10-18,0.007653285606438187,0.01061818766842304,0.009366033186267237
2024-10-21,-0.0033240356760900758,-0.00019898913519322825,-0.0015187767542520138
2024-10-22,-0.0011019994183959492,0.010787357694451272,0.005766176054192872
2024-10-23,-0.018314385961470392,-0.012050565116370704,-0.014695937942399852
2024-10-24,0.004285651808742186,0.007693227568063232,0.006254120585398552
2024-10-25,-0.0007302425840881588,0.0020569620253165777,0.0008798537528041744
2024-10-28,0.006142964600283518,3.9475761882235005e-05,0.0026171362531956645
2024-10-29,0.0031970648737134066,0.01089488019579199,0.007643894579121879
2024-10-30,-0.006090183596957455,0.0055058768401734515,0.0006085619379798241
2024-10-31,-0.039245903122016035,-0.015495145631068019,-0.0255257020626612
2024-11-01,0.008401510482319852,-0.004102402272099792,0.0011783220393974305
2024-11-04,-0.0043476119315858375,0.0014259119895434491,-0.0010123958211489875
2024-11-05,0.024143817223337694,0.0022544792943877123,0.011498910316439376
2024-11-06,0.04969154686886168,-0.030386740331491913,0.003432382238160985
2024-11-07,0.01542458383840839,0.016076516076516167,0.015801188306174226
2024-11-08,0.008623704576146585,-0.00676947726817545,-0.0002685402260581976
2024-11-11,0.0018660664696932283,-0.023471527665752556,-0.012770809260739322
2024-11-12,-0.0062525224086583675,-0.008631370281655282,-0.00762672157344608
2024-11-13,0.0009320045101304242,-0.010081233076442486,-0.005430059270774813
2024-11-14,-0.012899911277688081,-0.0026090981778393862,-0.006955173521514268
2024-11-15,-0.025656940482098878,-0.0017720771275473446,-0.011859269918346975
2024-11-18,0.008154939739500877,0.019020245995181595,0.014431547399539554
2024-11-19,0.0072713775640018685,0.008959309801318982,0.008246452556005125
2024-11-20,0.0006379390088884218,0.0056320657759507675,0.0035229174516229703
2024-11-21,0.010696981304292974,0.008339465293107695,0.009335105006813286
2024-11-22,0.006159047394554085,0.012892240330819815,0.010048639585127462
2024-11-25,0.006744418483114467,-0.029458853666346374,-0.014169279662574339
2024-11-26,0.010403307770324721,0.0019383041900360443,0.005513293161991345
2024-11-27,-0.0060997840962701,0.0022226795636963725,-0.0012921111297370077
2024-11-29,0.012384544703267553,0.008624584171834426,0.010212512317093664
2024-12-02,0.003545082210407946,-0.008754428111893753,-0.0035600282105083068
2024-12-03,0.0008880380836877588,0.0004638603117803619,0.0006430015067408253
2024-12-04,0.012379386526791825,0.0062095345332913165,0.008815221893745869
2024-12-05,-0.003330996761445326,-0.0016456571108843798,-0.0023574194400562375
2024-12-06,0.0037515679135953217,0.0018956252266508766,0.0026794376108366857
2024-12-09,-0.010338953693306951,-0.0051496355769071744,-0.007341218233918217
2024-12-10,-0.006257847519575033,-0.0031090824899119296,-0.004438887037489003
2024-12-11,0.015421498614960116,0.0077305905773059624,0.010978659069912357
2024-12-12,-0.010344887820832871,-0.00515260264050299,-0.00734543836500876
2024-12-13,-0.00043681655578398093,-0.0001985670080916213,-0.00029918592661834893
2024-12-16,0.008500394585918558,0.0042700385627512105,0.006056626836084486
2024-12-17,-0.008279765599871758,-0.004120041530018548,-0.0058768001108099694
2024-12-18,-0.059646824805609566,-0.0298035711330652,-0.04240714557396015
2024-12-19,-0.0006537236122549084,-0.00030702053626252557,-0.00045344217229135287
2024-12-20,0.02390008200557303,0.008616277085821356,0.0150710214364156
2024-12-23,0.011936973131388973,0.005988327835575014,0.00850059391188581
2024-12-24,0.022190386908482074,0.011115034723973682,0.01579244112369883
2024-12-26,9.336252905955966e-05,6.652253450867285e-05,7.785775529348064e-05
2024-12-27,-0.021092664213724466,-0.01052649083713042,-0.014988857915751694
2024-12-30,-0.02286282836914999,-0.01141157291474082,-0.016247732944239552
2024-12-31,-0.007315871720717015,-0.003638094590459384,-0.0051913145693140254
2025-01-02,-0.004953687453555289,-0.002457002457002755,-0.003511416816602728
2025-01-03,0.024967159277277107,0.016365168649432604,0.01999801077876319
2025-01-06,0.011481560808548119,0.011492922981989118,0.011488124443587598
2025-01-07,-0.02264785238622158,-0.017844206352232383,-0.019872909758416005
2025-01-08,0.002882356771750638,0.00017469622267940466,0.0013182109903834942
2025-01-10,-0.030574551663624105,-0.015681099229529982,-0.021970987674492883
2025-01-13,0.0030611460705023408,-0.003213785760760257,-0.0005637204791847882
2025-01-14,0.0027123427788378063,-0.0009494422027059857,0.0005970238799751239
2025-01-15,0.03634019344597106,0.023006256434624506,0.028637521361589237
2025-01-16,-0.003885966152400999,-0.007005999612928249,-0.005688329146788166
2025-01-17,0.020040095703775185,0.016878459499493292,0.018213699875523577
2025-01-21,0.018267489721734753,0.005864990225016298,0.011102885106560764
2025-01-22,0.011203166311763324,0.012785823170731847,0.012117426428363436
2025-01-23,0.010876483940424508,0.002126018325149026,0.00582156526465984
2025-01-24,-0.00587814092449257,-0.005651096425352997,-0.005746983163364206
2025-01-27,-0.028330552154803956,-0.029114664954779657,-0.028783513929727576
2025-01-28,0.0171450280729315,0.014779953715407856,0.015778785513387197
2025-01-29,-0.009005473580242396,-0.0018780782277071362,-0.004888160803857691
2025-01-30,0.01069460236737707,0.004262427279534409,0.006978900437120355
2025-01-31,-0.010683606908420074,-0.0014530159640568918,-0.005351332192483517
2025-02-03,-0.013498856378991841,-0.008003216603802543,-0.010324166784602188
2025-02-04,0.013376848902068916,0.012275385535890138,0.012740561876307894
2025-02-05,0.008069593275472853,0.004537914466032467,0.006029433362213139
2025-02-06,0.0069114279830262415,0.005219702002467352,0.005934161443234895
2025-02-07,-0.018346847073349548,-0.012613293051359609,-0.015034720544485958
2025-02-10,0.013542886496976214,0.01210510211887117,0.01271231548234146
2025-02-11,0.0014813557341402106,-0.0023807274444970217,-0.000749670275832324
2025-02-12,-0.0064826621698584885,0.0005871323320516542,-0.002398623921752205
2025-02-13,0.021075406296010568,0.014385765663448735,0.01721097314988633
2025-02-14,-0.00013808675134552306,0.0041985445045717995,0.002367073464034757
2025-02-18,0.005832057660408507,0.0022670259221406752,0.003772630618948553
2025-02-19,0.0046701246524591955,0.0002781022303797176,0.0021329663866189856
2025-02-20,-0.008360371688350354,-0.004244513641755598,-0.00598274647144661
2025-02-21,-0.0342478807113088,-0.020754611618859498,-0.026453166586214452
2025-02-24,-0.009140592630623279,-0.011804288321167977,-0.010679341045242853
2025-02-25,-0.009985932602440628,-0.012599303672071849,-0.01149560977933518
2025-02-26,0.0009700105135881376,0.0024156471596663565,0.0018051175812479343
2025-02-27,-0.0369047267457695,-0.027771299751243705,-0.03162858114184118
2025-02-28,0.02962456807863134,0.01579147260479341,0.02163354500298239
2025-03-03,-0.005809356848639369,-0.02188244091544156,-0.015094363658400549
2025-03-04,0.0,0.008697608157756553,0.005024384283549076
2025-03-05,0.0,0.0020813201516389768,0.00120232506101151
2025-03-06,0.0,-0.005081225428380631,-0.0029352930967300257
2025-03-07,0.0,0.0005219012115562638,0.00030148889181331984
2025-03-10,0.0,-0.008755914899958861,-0.0050580665872160865
2025-03-11,0.0,0.011727559765448703,0.006774709311013806
2025-03-12,0.0,0.004346856888096218,0.0025110672997967214
2025-03-13,0.0,0.01775607590722439,0.010257227861685387
2025-03-14,0.0,0.0003998109984371112,0.00023096051931771936
2025-03-17,0.0,0.005413457346316042,0.0031272149212927237
2025-03-18,0.0,0.01167202688541158,0.006742629396097208
2025-03-19,0.0,0.0041077296756681925,0.002372929666311727
2025-03-20,0.0,-0.0012806374728755454,-0.0007397912937594994
2025-03-21,0.0,-0.008049866429207464,-0.0046502005652565275
2025-03-24,0.0,-0.004452583575711877,-0.002572142884942976
2025-03-25,0.0,0.0044003606853022514,0.0025419750658073636
2025-03-26,0.0,-0.0008259417531513158,-0.00047712528414603207
2025-03-27,0.0,0.013405692926969692,0.007744123629239819
2025-03-28,0.0,0.007412136042841411,0.0042818001415674285
2025-03-31,0.0,0.014363162712103028,0.008297229270830129
2025-04-01,0.0,-0.0019782050392169737,-0.00114275811561084
2025-04-02,0.0,0.0,0.0
2025-04-03,0.0,0.0,0.0
2025-04-04,0.0,0.0,0.0
2025-04-07,0.0,0.0,0.0
2025-04-08,0.0,0.0,0.0
2025-04-09,0.0,0.0,0.0
2025-04-10,0.0,0.0,0.0
2025-04-11,0.0,0.0,0.0
2025-04-14,0.0,0.0,0.0
2025-04-15,0.0,0.0,0.0
2025-04-16,0.0,0.0,0.0
2025-04-17,0.0,0.0,0.0
2025-04-21,0.0,0.0,0.0
2025-04-22,0.0,0.0,0.0
2025-04-23,0.0,0.0,0.0
2025-04-24,0.0,0.0,0.0
2025-04-25,0.0,0.0,0.0
2025-04-28,0.0,0.0,0.0
2025-04-29,0.0,0.0,0.0
2025-04-30,0.0,0.0,0.0
2025-05-01,0.0,0.0,0.0
2025-05-02,0.028104100013253586,0.0,0.011869085070213762
2025-05-05,-0.00559422701400647,0.0,-0.0023625861102123166
2025-05-06,0.0,0.0,0.0
2025-05-07,0.0,0.0,0.0
2025-05-08,0.012375141307183535,0.0,0.0052263408136752265
2025-05-09,-0.003330830009209973,0.0,-0.0014066952763152102
2025-05-12,0.06445614194849858,0.0,0.027221488385101144
2025-05-13,0.013168091178405339,0.0,0.00556122396145467
2025-05-14,0.002516380441692556,0.0,0.001062732253208109
2025-05-15,0.009729033742275961,0.0,0.004108821456072135
2025-05-16,0.012628406746387766,0.0,0.0053333013298220685
2025-05-19,0.0021481330106907226,0.0,0.0009072118813268805
2025-05-20,-0.006764066838200855,0.0,-0.002856639589432042
2025-05-21,-0.03374129340241849,0.0,-0.014249816986969383
2025-05-22,0.0007495292779153839,0.0,0.00031654551321686945
2025-05-23,-0.013691091413021605,0.0,-0.005782100426933899
2025-05-27,0.041541364239038314,0.0,0.017543987740342538
2025-05-28,-0.011610349882973159,0.0,-0.004903349703102674
2025-05-29,0.007855099077453298,0.0,0.003317410596364347
2025-05-30,-0.0022767810905283126,0.0,-0.0009615432779199727
2025-06-02,0.01122620252797879,0.0,0.004741114383922356
2025-06-03,0.011365557797081705,-0.008855520261815464,-0.0003156383378506546
2025-06-04,-0.0005765142260606426,0.00644200576219589,0.003477904055742828
2025-06-05,-0.009705247287236651,-0.005049855258925651,-0.007015947181213163
2025-06-06,0.02049821477080216,-0.013416092845827898,0.0009067924986361159
2025-06-09,0.001762901163586461,0.0047185267710858625,0.0034702899745127995
2025-06-10,0.011299698463510977,0.00029352292740192354,0.0049417142473224575
2025-06-11,-0.005743735070176559,0.005412278699749029,0.0007008068355982807
2025-06-12,0.007908967187792326,0.012420144631449137,0.010514958241550808
2025-06-13,-0.022399930987072825,0.013100576553491505,-0.0018922018609040846
2025-06-16,0.01898879317230162,-0.01425906604698235,-0.0002176390206739768
2025-06-17,-0.017130012399595107,0.0005131823721855611,-0.006937993063350913
2025-06-18,-0.0003409226448884972,-0.005385651086747378,-0.0032551323722426273
2025-06-20,-0.004722606348037228,-0.00041900341648926087,-0.002236525745219783
2025-06-23,0.01971531510452107,0.003063231548060319,0.010095835197874159
2025-06-24,0.022054793841446374,-0.015719429085765624,0.0002335978808642794
2025-06-25,0.0010809872252328656,0.003037329762565877,0.002211115936429012
2025-06-26,0.015607965371849497,-0.001107059129981769,0.0059521261016884566
2025-06-27,0.009897068730918113,-0.018123736879848695,-0.0062898291804997526
2025-06-30,0.00952269244212478,0.0119845959763627,0.010944870723863964
2025-07-01,-0.0006870888680176046,0.008923006265787459,0.004864415646547251
2025-07-02,0.009026940952371776,0.005527556494878905,0.007005436654705389
2025-07-03,0.015723070301067343,-0.006822958771220855,0.002698809829385594
2025-07-07,-0.01494357482211317,0.0007488441752947494,-0.005878468421438022
2025-07-08,-0.0011352551377311615,-0.010443439502879182,-0.006512353574951422
2025-07-09,0.01195374042200803,0.004471330878484947,0.007631345088524523
2025-07-10,0.005600800747094015,0.002225713537575391,0.0036510997691314787
2025-07-11,-0.007070458162038329,0.009601567602873784,0.0025605418449516767
2025-07-14,0.0037767441304767946,-0.0036553018050073938,-0.0005165574434231896
2025-07-15,-0.008586280705530469,-0.004155709230219573,-0.006026853644213551
2025-07-16,0.006646915332252812,0.004988100283636943,0.00568866059044227
2025-07-17,0.01219959207493182,-0.0021734899111141015,0.0038966326949499645
2025-07-18,-0.0015045573882458418,0.0026008647875417346,0.0008670392947992017
2025-07-21,0.0037526626590851375,0.015370148188981636,0.010463784918451997
2025-07-22,0.0002465906606199386,0.009484878484974368,0.005583311665945366
2025-07-23,0.016975233339740603,-0.012401138880101192,5.2595018835465204e-06
2025-07-24,0.0006225586736208211,-0.006118265103466136,-0.003271441657213307
2025-07-25,0.008408979230332791,-0.009250008057498205,-0.0017921630358022139
2025-07-28,-0.0005419584776046316,-0.0064736499674690196,-0.003968543919943506
2025-07-29,-0.00531490469549134,0.002750401100160449,-0.0006557852057783638
2025-07-30,-0.002558336319313459,-0.017273469387755203,-0.011058889802339364
2025-07-31,-0.00754212556223588,0.006645401382243454,0.0006536434479718408
2025-08-01,-0.03282034321541205,0.02029970953261162,-0.0021342564973699414
2025-08-04,0.030359854229373484,0.01845165017693362,0.023480791365059865
2025-08-05,-0.010179581457553155,-0.006789576316256096,-0.008221262774514564
2025-08-06,0.015279520606670927,0.012583218805219065,0.013721936481334317
2025-08-07,-0.0017148303003409193,0.0033843333568355227,0.0012308252492843892
2025-08-08,0.015555414336801077,0.0093282271098305,0.011958128615667963
2025-08-11,-0.003994608934331012,-0.002958837350970134,-0.003396270360047909
2025-08-12,0.0212523038739032,0.012568735271013098,0.01623602987970489
2025-08-13,0.006806541923094711,0.0004999569002672732,0.0031633901396584943
2025-08-14,0.00014639570617114295,-0.0007754075197299315,-0.00038610628250626344
2025-08-15,-0.004722216069325547,-0.004397385711083057,-0.00453456993521939
2025-08-18,-0.0004748435492455405,-0.0003983787716076437,-0.000430671816047109
2025-08-19,-0.010889985664365498,-0.01356760409627289,-0.012436776888182479
2025-08-20,-0.005353760156439624,-0.005937324339516548,-0.00569087015917975
2025-08-21,-0.008063377513894632,-0.004629793249690706,-0.006079884293643895
2025-08-22,0.03067387264878252,0.015427496094304827,0.02186643348252467
2025-08-25,-0.008841653685304096,-0.002884766683567297,-0.005400513444499758
2025-08-26,0.008334249317151654,0.004015289661944088,0.00583929753048658
2025-08-27,0.004517326574071445,0.0015368226192347123,0.00279556618246509
2025-08-28,0.00704319329369496,0.006259917348166555,0.006590714948037908
2025-08-29,-0.011967192864491882,-0.01157551812573665,-0.011740932452897002
2025-09-02,-0.014860239085737525,-0.008380084151472622,-0.011116820433605266
2025-09-03,0.010799494682192767,0.00786747286163858,0.009105741171225763
2025-09-04,0.016675140215034245,0.009051519988773293,0.012271171106077231
2025-09-05,-0.005832140020709198,0.001442901100429328,-0.001629536085439483
2025-09-08,0.004873487227279538,0.004877964100961751,0.0048760734019335766
2025-09-09,0.004584024748845783,0.002833105878694786,0.0035725640008571844
2025-09-10,0.005741997530565035,0.0003272984100188836,0.0026140652682732327
2025-09-11,0.0165807311308106,0.005820561391424173,0.01036485812914177
2025-09-12,-0.00070875177316998,0.004417203122859759,0.002252380385310289
2025-09-15,0.010608162792813625,0.00855691541949355,0.00942321000151208
2025-09-16,-0.002793461420404264,-0.00084505137912394,-0.0016679151079289534
2025-09-17,-0.0025245310243848795,-0.001996007984031767,-0.0022192168725768827
2025-09-18,0.00930526117804864,0.009016949152542475,0.009138710744476908
2025-09-19,0.009838957269644455,0.006769468521131472,0.008065792653944252
2025-09-22,0.009422423833650884,0.004755151414032044,0.006726260731469505
2025-09-23,-0.010926851875747823,-0.006642311524410416,-0.00845178323468775
2025-09-24,-0.00640267465386446,-0.0035105315947845384,-0.004731958076588246
2025-09-25,-0.009266728372243072,-0.004311357154839768,-0.0064041380126545235
2025-09-26,0.011418413349554735,0.004110996916752319,0.007197107030348122
2025-09-29,0.005581181139216129,0.0046311055925634115,0.005032346958806524
2025-09-30,0.007494068665680809,0.0027391311609572533,0.004747263701067019
2025-10-01,0.006775292392090959,0.004797041824208481,0.005632507975742346
2025-10-02,0.0022641546956869707,0.006309538537671688,0.004601068779183017
2025-10-03,-6.956807788294217e-05,0.007417424801245742,0.004255474930566523
2025-10-06,0.007132953852517998,0.003986494732131751,0.005315325434847816
2025-10-07,-0.007454700184000518,-0.01073700417325052,-0.009350802684630065
2025-10-08,0.011886429368443752,0.010484927916120546,0.01107681806580716
2025-10-09,-0.005833683519974153,-0.0064445525291829675,-0.00618656681771605
2025-10-10,-0.054095347358848134,-0.029943295394280534,-0.040143328814759724
2025-10-13,0.03064850465190383,0.027839690483199453,0.029025925029014906
2025-10-14,-0.0024829740452968485,0.014279284808313975,0.007200151293679926
2025-10-15,0.008839407806388921,0.009802339653085967,0.009395668740305431
2025-10-16,-0.013660260737467289,-0.021052211081372674,-0.017930400120508113
2025-10-17,0.011312945215164794,-0.006733044968579072,0.0008882413407526289
2025-10-20,0.02076135299651427,0.019514399572737373,0.020041020110609875
2025-10-21,-6.947547856883673e-05,-0.004714700193423571,-0.002752902189400334
2025-10-22,-0.010437573168189052,-0.014777926231831162,-0.012944883376061478
2025-10-23,0.011820155735159377,0.012657187474315545,0.012303687418671407
2025-10-24,0.016305440718669795,0.012214917620323007,0.013942450849035413
2025-10-27,0.023555740125515756,0.003487952531772587,0.01196309594532406
2025-10-28,0.00527232493195906,-0.005353575709149072,-0.0008659842688441095
2025-10-29,0.0009209322539003306,-0.008515424164524443,-0.004530207878277138
2025-10-30,-0.022035929211843497,-0.00806190244692917,-0.013963493758089994
2025-10-31,0.006520781105562756,0.005636103736981868,0.006009725768729107
2025-11-03,0.0037136529440184862,-0.0032083824066928557,-0.00028502864699676334
2025-11-04,-0.02374676832425915,-0.017517218938120194,-0.0201481180445962
2025-11-05,0.006891186484625722,0.01156436299403829,0.00959076022746028
2025-11-06,-0.02149840328114394,-0.001200512946440746,-0.00977283467226893
2025-11-07,0.0019295555742611104,0.0061190482694566395,0.004349717631689734
2025-11-10,0.031168866277446527,0.02734109853112865,0.028957663409158615
2025-11-11,0.0045388570237665515,0.003937840266398984,0.004191665118233968
2025-11-12,0.0010730553813338428,0.016110774738726352,0.00975995865741719
2025-11-13,-0.033227659946344135,-0.008083110961424,-0.018702301428773313
2025-11-14,-0.0003670440060018487,-0.018047901376446407,-0.010580820055743845
2025-11-17,-0.018672575847040185,-0.011463985530375531,-0.014508358830515478
2025-11-18,-0.0168347912271416,0.007264899771290301,-0.002913020264980532
2025-11-19,0.0076866536619146775,0.0016294911179375315,0.0041875868222893235
2025-11-20,-0.030524266696832503,-0.00029336462555984433,-0.0130606529665501
2025-11-21,0.019882773132878784,-0.001547285580899227,0.007503180002896582
2025-11-24,0.02939752062261447,0.015844176663905918,0.021568102794111723
2025-11-25,0.018772095008862566,-0.00031562335612844716,0.007745611586941054
2025-11-26,0.01376731577147372,0.007998316143969841,0.010434713228971104
2025-11-28,0.010877219531676419,0.012424305700563743,0.011770931376503722
2025-12-01,-0.009170632656061106,0.004821078684128954,-0.0010879812785197056
2025-12-02,0.003664728944086315,-0.006440025657472592,-0.002172527608327557
2025-12-03,0.006885911344553852,-0.0009296560272700205,0.0023710593119302464
2025-12-04,0.001422540917534354,0.0006461952026466378,0.0009740659876763223
2025-12-05,0.003759320952424483,-0.0017823470152145138,0.0005580420564073245
2025-12-08,-0.006048228675795464,-0.0026394783148742107,-0.004079081362038728
2025-12-09,-0.0017657624367487523,0.005137252867002173,0.00222193176287257
2025-12-10,0.013224547959295174,0.0042591636551370105,0.008045476290767763
2025-12-11,0.004614389045779932,0.010769823930086186,0.008170225286061351
2025-12-12,-0.021543810693912868,0.00559454785881397,-0.0058666797263560114
2025-12-15,-0.003061273715367574,0.0009103783127655252,-0.0007669526022599738
2025-12-16,-0.005504404235463389,0.00022738756947959793,-0.002193295694013617
2025-12-17,-0.022046841495154013,0.008588244209250195,-0.004349741287079105
2025-12-18,0.015063087791085339,-0.001803200681209205,0.00531986721998754
2025-12-19,0.0180346385684238,0.0011290363047895546,0.008268707432334894
2025-12-22,0.01242009500644703,0.02308154979700272,0.018578942923924847
2025-12-23,0.009101272149671713,0.013252333243514602,0.011499233260549803
2025-12-24,0.006995610209797887,-0.004134029590948662,0.0005663038669312006
2025-12-26,-0.00024246941057992633,0.011676741193892282,0.006642951655442059
2025-12-29,-0.0071669152322925145,-0.04352833901233377,-0.028171973502821763
2025-12-30,-0.002482075503211667,0.0007275464124434361,-0.0006279595650533549
2025-12-31,-0.014857516341168164,-0.006467948557246306,-0.010011079050047502
2026-01-02,0.0036264366529923375,0.004970856147964886,0.004403073178634509
2026-01-05,0.013280574497466668,0.026313146530079434,0.020809155793289357
2026-01-06,0.01185469307827769,0.010813191114590337,0.011253044210827904
2026-01-07,-0.006486539335469055,-0.009559998063797703,-0.00826199730628828
2026-01-08,-0.0002427046692841106,0.00552256677174201,0.0030877441958850078
2026-01-09,0.013187101698609593,0.007241974288561215,0.009752754671133401
2026-01-12,0.0031012110299240003,0.01872270610659399,0.012125346507763821
2026-01-13,-0.004038761888220943,-0.00142102645477582,-0.00252656353072633
2026-01-14,-0.009870029772961808,0.010222232763323236,0.0017367529513465816
2026-01-15,0.005406751205091487,-0.006127623608959021,-0.0012563601336961659
2026-01-16,-0.0017154019433486267,-0.0048189355821697255,-0.0035082334155795768
2026-01-20,-0.04075332797249909,0.037836169859241764,0.004645801373845657
2026-01-21,0.0230424627421153,0.014568991148823374,0.018147556380707433
2026-01-22,0.010406772085236993,0.018462578899909765,0.015060404258221617
2026-01-23,0.0006860279310052508,0.013745324155027827,0.00823004710410116
2026-01-26,0.010116578795305253,0.014628820960698619,0.0127231849113961
2026-01-27,0.007928790025543142,0.02453195610071024,0.017520011562791857
2026-01-28,-0.0002409794672167953,0.038773366939718334,0.022296603896449718
2026-01-29,-0.004008507134681039,0.002709479132966708,-0.0001276994450214201
2026-01-30,-0.0060047565989315155,-0.1027424884049204,-0.061887653424852265
2026-02-02,0.00990294503096334,-0.04004944375772557,-0.018953263779937956
2026-02-03,-0.016950569642461777,0.06358719827687143,0.029574025168716312
2026-02-04,-0.009727440867677406,-0.000704395870479213,-0.004515060101449323
2026-02-05,-0.025018187035407258,-0.026631715752142182,-0.025950281029339165
2026-02-06,0.03832990513464707,0.030732325518240122,0.0339409790154996
2026-02-09,0.009603826191640907,0.025402889386554328,0.018730538199301292
2026-02-10,-0.005313837738275207,-0.00991371004004038,-0.007971065527815336
2026-02-11,-0.0005020301094854629,0.01131055363321809,0.006321795363960095
2026-02-12,-0.030937422293401018,-0.034728310844043486,-0.03312732099992622
2026-02-13,0.0013694504032570887,0.024878707990872773,0.014950143186684422
2026-02-17,0.003187306826116343,-0.031170290951536894,-0.016660192758076058
2026-02-18,0.010035736659056438,0.02248995983935731,0.01723022071443572
2026-02-19,-0.005314420624036531,0.002793052282447306,-0.000630942280130029
2026-02-20,0.014423851822019662,0.01971450953085574,0.01748012855463006
2026-02-23,-0.02046235054068546,0.02701549229653022,0.006964376789561385
2026-02-24,0.01449745897759347,-0.013858876329787218,-0.0018832658002172374
2026-02-25,0.016836726858640683,-0.002507321801057727,0.005662168025552621
2026-02-26,-0.01114838916879013,0.008575894554518237,0.0002458216701143141
2026-02-27,-0.009643628571706864,0.013131440060316635,0.0035129421562398533
2026-03-02,0.0010973602742858635,0.012919896640826822,0.007926935122258503
2026-03-03,-0.0176684013252405,-0.04461224489795912,-0.03323316599728925
2026-03-04,0.014071116631252378,0.007818174050497895,0.010458952705396544
2026-03-05,-0.011190850930992813,-0.012017804154302758,-0.011668560515405782
2026-03-06,-0.04816017450607091,0.01583249308132939,-0.01119325814737307
2026-03-09,0.01595395204587713,-0.002069650060188888,0.0055421811874830675
2026-03-10,-0.0032537418376871186,0.011279707108543535,0.00514185740600648
2026-03-11,-0.003370737507969346,-0.003390114259406496,-0.003381930958354924
2026-03-12,0.0,-0.01965395598857722,-0.011353584317374422
2026-03-13,0.0,-0.012936943111720445,-0.007473338930511527
2026-03-16,0.0,-0.000889679715302405,-0.0005139450637324214
2026-03-17,0.0,-0.002519384054036511,-0.0014553832979974435
2026-03-18,0.0,-0.03163716332440614,-0.01827597464729
2026-03-19,0.0,-0.041215091963843875,-0.02380889740629348
2026-03-20,0.0,-0.03055744471283528,-0.0176522490063741
2026-03-23,0.0,-0.022594223232860644,-0.013052100997323627
2026-03-24,0.0,0.00022275022275008993,0.00012867706822875406
2026-03-25,0.0,0.030089327691584344,0.01738182985644522
2026-03-26,0.0,-0.03759398496240607,-0.02171707712914656
2026-03-27,0.0,0.03509384984025554,0.02027281344347113
2026-03-30,0.0,-0.0002893658066071003,-0.00016715917578060093
2026-03-31,0.0,0.037893772010227256,0.021890256387646616
2026-04-01,0.0,0.017499825698947147,0.010109198714387441
2026-04-02,0.0,0.0,0.0
2026-04-06,0.0,0.0,0.0
2026-04-07,0.0,0.0,0.0
2026-04-08,0.04932295700293721,0.0,0.02083035472782549
2026-04-09,0.011498608314002956,0.0,0.004856158361363886
2026-04-10,-0.0013633871476451676,0.0,-0.0005757934974400622
2026-04-13,0.01950525020102334,0.0,0.008237569388187942
2026-04-14,0.02432994287935286,0.0,0.010275161334193157
