rank,cfg_id,filter,lookback,threshold_pct,buy_leverage,sell_leverage,buy_ticker,pure_cagr,pure_sharpe,pure_max_drawdown,pure_calmar,pure_sortino,pure_volatility,pure_n_switches,tax15_cagr,tax15_sharpe,tax15_max_drawdown,tax15_calmar,tax15_sortino,tax15_volatility,tax15_n_switches,tax_drag_cagr,composite_pure,g1_pbo,g2_dsr,g3_walk_forward,g4_oos_sharpe,g5_fwd_stress,g6_bootstrap_ci,g7_cross_lib,gates_passed
1,SMA_N150_th0_bL2_sL0,SMA,150,0.0,2.0,0.0,QLD,0.25324014165179265,0.9099415195110357,0.4052976636643203,0.6248250714357282,1.267001543009164,0.29690855340239214,98,0.21028388314102453,0.7808750824082742,0.4095494799083703,0.5134517157440218,1.063822498613685,0.3044567846042981,98,0.04295625851076812,0.9635416666666667,True,False,False,True,True,True,True,5
2,SMA_N150_th0_bL3_sL0,SMA,150,0.0,3.0,0.0,TQQQ,0.35757243397729543,0.9147530016564427,0.5507692734609576,0.6492236426523215,1.2745224403340283,0.442582309135837,98,0.29845874758730195,0.8081299812837737,0.5533130782649747,0.5394030239140196,1.1071682769576963,0.4511508992203833,98,0.05911368638999348,0.9510416666666668,True,False,False,True,True,True,False,4
3,EMA_N150_th5_bL2_sL0,EMA,150,0.05,2.0,0.0,QLD,0.23823440141414287,0.8552141621839527,0.4144568489124369,0.5748111101053975,1.1801728764211943,0.3046195974866367,16,0.20824342424884468,0.7637688333204176,0.45906488581955734,0.45362525142186116,1.0309921110055715,0.31266307962905043,16,0.029990977165298194,0.9489583333333335,True,False,False,True,True,True,True,5
4,EMA_N150_th0_bL2_sL0,EMA,150,0.0,2.0,0.0,QLD,0.23109913582761088,0.8437351191504127,0.4104421643516564,0.5630492086325005,1.1685678774166324,0.30030236542793054,114,0.1866775245322696,0.7110658374592038,0.425933335849524,0.4382787371172564,0.9627715324691244,0.3084059849666164,114,0.04442161129534128,0.9447916666666667,True,False,False,True,True,True,True,5
5,EMA_N150_th0_bL3_sL0,EMA,150,0.0,3.0,0.0,TQQQ,0.3226446392860083,0.8513348737672027,0.5533371284575348,0.5830887223949752,1.180341915987584,0.4476693941871162,114,0.2615119024220771,0.7407189386679127,0.5690673587915653,0.4595447241560417,1.008839795196088,0.45703198077240914,114,0.06113273686393117,0.9416666666666667,True,False,False,True,True,True,False,4
6,EMA_N150_th5_bL3_sL0,EMA,150,0.05,3.0,0.0,TQQQ,0.3245355738681439,0.8487796301273809,0.5627906426063642,0.57665417528119,1.1714489671934005,0.45462910850672855,16,0.28666692237304514,0.7806334933922073,0.5965836325229045,0.48051422591121656,1.0605860979028925,0.463045756021456,16,0.03786865149509877,0.9390625,True,False,False,True,True,True,False,4
7,SMA_N150_th2_bL2_sL0,SMA,150,0.02,2.0,0.0,QLD,0.21925537688502805,0.8152337020176375,0.40706763396509066,0.5386214933114308,1.1230701927604454,0.29819058007418003,36,0.18426501172817678,0.7089235737965338,0.4456774302322318,0.41344927795011005,0.9582289107122474,0.30501866342954803,36,0.03499036515685128,0.9380208333333334,True,False,False,True,True,True,True,5
8,SMA_N150_th2_bL3_sL0,SMA,150,0.02,3.0,0.0,TQQQ,0.29748534707843466,0.8109953009211686,0.5529572215372617,0.5379898037164675,1.1175966834521311,0.4447237676515405,36,0.25188797262560203,0.7269401096890533,0.5826544453948961,0.4323110801203689,0.9878877796588548,0.4521016819487339,36,0.04559737445283263,0.9317708333333334,True,False,False,True,True,True,False,4
9,SMA_N200_th0_bL2_sL0,SMA,200,0.0,2.0,0.0,QLD,0.21704198969524624,0.801738780879666,0.4271686814118615,0.5080943410408446,1.1035642316979422,0.30262132845976003,86,0.1821243771490868,0.69642229893767,0.4766208509114889,0.3821158407165621,0.9385843741415698,0.31035898174313187,86,0.03491761254615944,0.9291666666666667,True,False,False,True,True,False,True,4
10,EMA_N150_th2_bL2_sL0,EMA,150,0.02,2.0,0.0,QLD,0.21565804646343367,0.8019351518868206,0.4353309179497178,0.49538876650232067,1.1067467964605373,0.3001714043469482,40,0.1825611225356314,0.7019835668342601,0.4690699456339771,0.3891980806591408,0.9513878252659647,0.3066603062411779,40,0.03309692392780228,0.9255208333333335,True,False,False,True,True,True,True,5
11,SMA_N200_th0_bL3_sL0,SMA,200,0.0,3.0,0.0,TQQQ,0.2958405241901898,0.8032742583598828,0.5695991406526417,0.5193837263364167,1.1066341284186143,0.4509353198768851,86,0.251014204112292,0.7216147488201882,0.6147908480843105,0.40829203117524077,0.9790910556902995,0.45912119503556365,86,0.044826320077897774,0.9255208333333333,True,False,False,True,True,False,False,3
12,SMA_N150_th0_bL1_sL0,SMA,150,0.0,1.0,0.0,QQQ,0.13848273938598066,0.943413925884599,0.2234334897730807,0.6197940135412282,1.3168025993550825,0.14933436895981522,98,0.11399546530247084,0.7747334752692142,0.22818819008781574,0.4995677701751389,1.0475818833811086,0.1549322069019746,98,0.024487274083509813,0.9203125000000001,True,False,True,True,True,True,True,6
13,EMA_N100_th0_bL3_sL0,EMA,100,0.0,3.0,0.0,TQQQ,0.26545063448864314,0.7664073952950481,0.474061473834298,0.5599498148238639,1.0589837818594552,0.4281978449608777,179,0.2024206253048899,0.643509877032151,0.5268555535048102,0.38420516583401987,0.8730527768164281,0.437533672255462,179,0.06303000918375323,0.9203125,True,False,False,True,True,False,True,4
14,EMA_N150_th2_bL3_sL0,EMA,150,0.02,3.0,0.0,TQQQ,0.29178895700409346,0.7985804216691762,0.5893462905806484,0.4951061229495666,1.1025403215509475,0.44777572825926987,40,0.2488107490572069,0.7197603189741487,0.6153857390088485,0.4043167289803401,0.9806625861255567,0.45474576151001544,40,0.04297820794688656,0.9177083333333333,True,False,False,True,True,True,False,4
15,EMA_N150_th5_bL1_sL0,EMA,150,0.05,1.0,0.0,QQQ,0.1369997076987528,0.9156699081880719,0.23113488707455812,0.5927262190175568,1.2676842062755198,0.15306122401748395,16,0.11810522992063666,0.7799550786920629,0.27432943980434915,0.43052335179508594,1.0426563979702375,0.15961653180363286,16,0.018894477778116148,0.9166666666666667,True,False,True,True,True,True,True,6
16,EMA_N200_th2_bL2_sL0,EMA,200,0.02,2.0,0.0,QLD,0.2155837290485263,0.7932039821093396,0.4610743866510582,0.4675682173854528,1.0938583327248856,0.30542448038631215,34,0.18406672559633197,0.6978947029997167,0.5123842715910466,0.3592357060937316,0.9412582245005395,0.3135820446489662,34,0.031517003452194325,0.9161458333333333,True,False,False,True,True,True,True,5
17,EMA_N150_th0_bL1_sL0,EMA,150,0.0,1.0,0.0,QQQ,0.12801407665311682,0.8734822358742804,0.22851260583134075,0.5602057540212932,1.2116056301943945,0.15100399048931631,114,0.10260445753471581,0.7015430438840901,0.24443120553019834,0.4197682424065102,0.9423359627194304,0.15688854888979878,114,0.025409619118401006,0.9067708333333334,True,False,True,True,True,True,True,6
18,EMA_N200_th2_bL3_sL0,EMA,200,0.02,3.0,0.0,TQQQ,0.2895072401696228,0.7888225301079446,0.6110796024376018,0.4737635473590935,1.0884537961856238,0.45564901948629355,34,0.24947406299091401,0.7163753747630645,0.654858917395395,0.38095848794906906,0.9727704095887021,0.46426120853187064,34,0.0400331771787088,0.9062500000000001,True,False,False,True,True,True,False,4
19,SMA_N150_th0_bL3_sL-1,SMA,150,0.0,3.0,-1.0,TQQQ,0.2899124614191415,0.7835440238377155,0.6157028372665329,0.470864260925341,1.0903254321591336,0.46356166362265205,98,0.23228576771560627,0.6820600058999357,0.6178789505886624,0.3759405745968595,0.934463413250415,0.47183949764754407,98,0.05762669370353524,0.9057291666666668,True,False,False,True,True,True,False,4
20,SMA_N150_th2_bL1_sL0,SMA,150,0.02,1.0,0.0,QQQ,0.12635688970926018,0.8693098609248431,0.22786618802944927,0.5545223308555541,1.2015955510539613,0.1498372117502486,36,0.10516284193850178,0.7224540093912492,0.2624754587991595,0.40065780785612454,0.969757629212603,0.1551928243482396,36,0.021194047770758395,0.9052083333333334,True,False,True,True,True,True,True,6
21,EMA_N200_th5_bL2_sL0,EMA,200,0.05,2.0,0.0,QLD,0.21173561329029433,0.7689663547295867,0.49829233177145826,0.42492247981734316,1.0499308425076652,0.31507218469410286,14,0.18715741684112408,0.6973730795558242,0.4982923317714583,0.3755976259473401,0.9373985560089071,0.3211486444442217,14,0.024578196449170253,0.8986979166666668,True,False,False,True,True,False,False,3
22,EMA_N100_th5_bL2_sL0,EMA,100,0.05,2.0,0.0,QLD,0.20152312788971516,0.7667585758882423,0.46522374033230635,0.43317464355058166,1.053863811875234,0.2977669896245449,23,0.17168536432007908,0.6735374890077896,0.5131536422035826,0.33456912355299356,0.9059294593030441,0.30559945041560416,23,0.029837763569636078,0.8979166666666667,True,False,False,True,True,True,True,5
23,EMA_N150_th2_bL1_sL0,EMA,150,0.02,1.0,0.0,QQQ,0.12479548825047027,0.8553472295908945,0.24839686796176902,0.5024036304261198,1.1842289243078319,0.15083449915356809,40,0.10463586641829914,0.7166597344174513,0.27432484149607994,0.38143051809543965,0.9647566881739433,0.15593841522951593,40,0.020159621832171126,0.8963541666666668,True,False,True,True,True,True,True,6
24,EMA_N100_th0_bL2_sL0,EMA,100,0.0,2.0,0.0,QLD,0.18879210450897044,0.7464929271576827,0.3480819275577536,0.5423783585479202,1.0299418735055421,0.2874120822095338,179,0.14385887950926635,0.6046187334785063,0.3890486353628985,0.36977093975686876,0.8159449777186928,0.2951004942982583,179,0.04493322499970409,0.8958333333333334,True,False,False,True,True,False,True,4
25,EMA_N200_th2_bL1_sL0,EMA,200,0.02,1.0,0.0,QQQ,0.12588398193788697,0.849502330662161,0.2577224821789812,0.4884478097276123,1.1751409532128116,0.15348888625410478,34,0.10629598942638796,0.7120925455118001,0.3054132773786681,0.3480398440392504,0.9515918194097827,0.1599927062718359,34,0.01958799251149901,0.8942708333333333,True,False,True,True,True,True,True,6
26,EMA_N100_th5_bL3_sL0,EMA,100,0.05,3.0,0.0,TQQQ,0.26925500781895395,0.7618765629288368,0.617520012967621,0.43602636702411135,1.047537601802058,0.44423533241174784,23,0.23126988757588451,0.6904864529680064,0.6584154438047223,0.3512522219094184,0.934627928505694,0.45255423104651205,23,0.03798512024306944,0.8927083333333334,True,False,False,True,True,True,False,4
27,EMA_N200_th0_bL3_sL0,EMA,200,0.0,3.0,0.0,TQQQ,0.26687079431281013,0.7477004193834249,0.6058041943551702,0.4405231868638226,1.0267907131648144,0.4594916598748688,98,0.21909708281307783,0.661685708793388,0.6519214076905673,0.33607898165091654,0.8953333571763938,0.46768718262137915,98,0.04777371149973231,0.8880208333333334,True,False,False,True,True,False,False,3
28,SMA_N200_th0_bL1_sL0,SMA,200,0.0,1.0,0.0,QQQ,0.12303759891682975,0.8389361996130128,0.24139808340770805,0.5096875550127133,1.1574890868188337,0.15216484378878753,86,0.10161223378632345,0.6908557215251836,0.28460583944483203,0.35702793022284407,0.9222346179901356,0.15838120853391652,86,0.021425365130506302,0.8880208333333334,True,False,True,True,True,False,True,5
29,EMA_N200_th0_bL2_sL0,EMA,200,0.0,2.0,0.0,QLD,0.19945579500735522,0.7454249560593613,0.46275063397909133,0.4310221971870217,1.022847952871694,0.30829941552355755,98,0.16256880366712356,0.6369008820379682,0.5162511977211006,0.3149025210687253,0.8565756945904326,0.3158801618784429,98,0.036886991340231656,0.8864583333333333,True,False,False,True,True,False,False,3
30,EMA_N200_th5_bL1_sL0,EMA,200,0.05,1.0,0.0,QQQ,0.12632735026290987,0.8310592108801552,0.27853717101464,0.4535385701044191,1.1386946146693033,0.1582975580300562,14,0.11068719083904077,0.7250282823713444,0.2796079719534049,0.3958656474125357,0.9682498769705753,0.16336325303317104,14,0.015640159423869093,0.8861979166666667,True,False,False,True,True,True,True,5
31,SMA_N200_th2_bL2_sL0,SMA,200,0.02,2.0,0.0,QLD,0.20167893634182077,0.7586367016570436,0.5482356556163086,0.3678690619184553,1.0318166432175884,0.3037078404469882,30,0.17068152480841414,0.6639427632731022,0.5564665392506413,0.30672378798958927,0.8838434258722337,0.31201300431360984,30,0.030997411533406627,0.8807291666666667,True,False,False,True,True,False,True,4
32,EMA_N200_th5_bL3_sL0,EMA,200,0.05,3.0,0.0,TQQQ,0.277069767922967,0.7596962618767557,0.660332936933704,0.4195910160252755,1.0373495015622771,0.47007082336210715,14,0.24618775198592857,0.7056147502901572,0.6603329369337041,0.3728236745680388,0.9528130839590612,0.4764613717449918,14,0.03088201593703843,0.8804687499999999,True,False,False,True,True,False,False,3
33,EMA_N100_th2_bL3_sL0,EMA,100,0.02,3.0,0.0,TQQQ,0.24586464523903784,0.7245502346153134,0.598625430874172,0.41071533643333863,0.9909214776954137,0.43723882096998745,55,0.1971126929771434,0.6308156489655362,0.6126178524519944,0.32175473207025,0.8508154122711387,0.44471201825390033,55,0.04875195226189444,0.8786458333333333,True,False,False,True,True,False,False,3
34,EMA_N100_th5_bL1_sL0,EMA,100,0.05,1.0,0.0,QQQ,0.11923148817097595,0.828179826735392,0.2577578191437306,0.46257176044964227,1.1426994019445134,0.1495652512410858,23,0.10057344612526609,0.6937391421946292,0.30224247981317576,0.3327574806408194,0.9255677352166101,0.15577930743233778,23,0.018658042045709866,0.8781250000000002,True,False,True,True,True,True,True,6
35,SMA_N100_th2_bL3_sL0,SMA,100,0.02,3.0,0.0,TQQQ,0.2292193460445502,0.699583026232367,0.5438418415585716,0.4214816303718759,0.953114919813489,0.4278183546665437,51,0.18504898046900298,0.6117729421017961,0.5466497981830715,0.3385146781066415,0.822253362861039,0.43505046245635853,51,0.04417036557554721,0.8765624999999999,True,False,False,True,True,True,False,4
36,EMA_N100_th2_bL2_sL0,EMA,100,0.02,2.0,0.0,QLD,0.18406601179878268,0.7240032597414768,0.4504258318585169,0.4086488801925543,0.9894236552919013,0.29334610517573045,55,0.14781263160153424,0.6115870481682727,0.46543102654399954,0.3175822477910393,0.8212373872042348,0.29975753614233763,55,0.03625338019724844,0.8739583333333334,True,False,False,True,True,True,True,5
37,SMA_N150_th5_bL2_sL0,SMA,150,0.05,2.0,0.0,QLD,0.19269263654058144,0.7373793965952955,0.5133546370407216,0.3753596882875652,1.0052378879128934,0.3012106567827046,21,0.16476984696338937,0.6519563096140727,0.5133546370407216,0.320966900996979,0.8735259195019492,0.3077223115433948,21,0.027922789577192075,0.8734375000000001,True,False,False,True,True,True,True,5
38,SMA_N100_th5_bL2_sL0,SMA,100,0.05,2.0,0.0,QLD,0.1839327686041372,0.7215644190532401,0.4526467366393383,0.40634948562700435,0.990340079451727,0.2947149805136492,25,0.1545173645428044,0.6291394779422667,0.5012557819047534,0.30826051313691416,0.8467520996986467,0.30174059532181713,25,0.029415404061332806,0.8708333333333335,True,False,False,True,True,True,True,5
39,SMA_N100_th2_bL2_sL0,SMA,100,0.02,2.0,0.0,QLD,0.17230841605605285,0.6987487880671808,0.3993618706108541,0.43145935738054847,0.9515487654558904,0.28705282717444564,51,0.13946873994827502,0.5936915468402416,0.4006992428361395,0.34806339777714246,0.7947735204245903,0.29323437481132014,51,0.032839676107777827,0.8708333333333335,True,False,False,True,True,True,True,5
40,SMA_N200_th2_bL1_sL0,SMA,200,0.02,1.0,0.0,QQQ,0.1192752542610247,0.8151571365642197,0.31784374431549983,0.37526380932207065,1.1121358514526023,0.15258800930638983,30,0.09998830148686033,0.6791716971012569,0.3268773956388224,0.3058893114693703,0.8963808439549448,0.1591617619131968,30,0.019286952774164368,0.8703124999999999,True,False,False,True,True,True,True,5
41,SMA_N100_th5_bL3_sL0,SMA,100,0.05,3.0,0.0,TQQQ,0.24189032522087306,0.7156634561361873,0.6087765695166903,0.3973384281410675,0.98247229516545,0.4395699376428733,25,0.2044819791850816,0.6439371401937323,0.6504160153108897,0.31438644555414597,0.8715272878081401,0.44707267896697317,25,0.03740834603579146,0.8697916666666667,True,False,False,True,True,True,False,4
42,SMA_N200_th5_bL2_sL0,SMA,200,0.05,2.0,0.0,QLD,0.18738842298575253,0.7131366631586774,0.49829233177145826,0.376061221571634,0.967777530600405,0.3083333018644753,16,0.16214818235481987,0.637249865790997,0.49829233177145815,0.3254077416330564,0.8501499979902114,0.3150177690427199,16,0.025240240630932664,0.8643229166666667,True,False,False,True,True,False,True,4
43,EMA_N200_th10_bL2_sL0,EMA,200,0.1,2.0,0.0,QLD,0.1947785654513703,0.7006876320626543,0.5260118723176596,0.37029309736519245,0.956285027000804,0.3349670202391957,8,0.17648476773854171,0.6512395745986748,0.5861893364612907,0.3010712695729769,0.8796237230891891,0.3391959303753339,8,0.018293797712828574,0.8630208333333333,True,False,False,True,True,False,True,4
44,SMA_N150_th0_bL2_sL-1,SMA,150,0.0,2.0,-1.0,QLD,0.1907799800643073,0.6982645959566535,0.4912582621284626,0.38834966202445037,0.9697080961443804,0.327292686772186,98,0.14860453353754832,0.5832663038531021,0.494895504245984,0.30027456758565657,0.7952449605394885,0.3342846968627999,98,0.042175446526758975,0.8619791666666667,True,False,False,True,True,False,True,4
45,SMA_N150_th5_bL3_sL0,SMA,150,0.05,3.0,0.0,TQQQ,0.25269125477076226,0.7303223607684292,0.6746872171348172,0.3745309653914327,0.9956286525825575,0.4490975275180007,21,0.21703540045536696,0.6638679649947917,0.6746872171348173,0.3216829887144557,0.8937819740862318,0.4560289717850107,21,0.03565585431539531,0.8609375,True,False,False,True,True,True,False,4
46,SMA_N200_th2_bL3_sL0,SMA,200,0.02,3.0,0.0,TQQQ,0.26713872760619894,0.753547036794143,0.7069606045242086,0.37786932665927814,1.0254912339976745,0.4528586109061684,30,0.22779672917093308,0.6812026210631503,0.7127821621779814,0.3195881452404421,0.9127380210713794,0.461662739334782,30,0.03934199843526587,0.8609375,True,False,False,True,True,False,False,3
47,EMA_N150_th0_bL3_sL-1,EMA,150,0.0,3.0,-1.0,TQQQ,0.24771858091086507,0.7096267174856308,0.651166983951116,0.38042251375794817,0.9824646415277901,0.46795236516313415,114,0.18911786875119718,0.6053650384408346,0.6856363536508262,0.2758282400636959,0.8244787320865127,0.4769475907579492,114,0.05860071215966789,0.8598958333333333,True,False,False,True,True,False,False,3
48,SMA_N150_th5_bL1_sL0,SMA,150,0.05,1.0,0.0,QQQ,0.11478038878170205,0.7945020552075579,0.2900315158679856,0.3957514356265577,1.086922329366541,0.1512219411832834,21,0.09743666497787795,0.6732752021164881,0.29003151586798537,0.33595199020450084,0.8963264697281043,0.15642384083572158,21,0.017343723803824096,0.8578125000000001,True,False,False,True,True,True,True,5
49,EMA_N150_th5_bL3_sL-1,EMA,150,0.05,3.0,-1.0,TQQQ,0.24888660833869314,0.7091480902995537,0.6581438206185531,0.378164468831111,0.9773998076978696,0.4736423895024023,16,0.21318077101643906,0.6465866050191287,0.6968501463921457,0.3059205370339029,0.8783576009119424,0.4817169009421632,16,0.035705837322254075,0.8572916666666668,True,False,False,True,True,False,False,3
50,SMA_N100_th5_bL1_sL0,SMA,100,0.05,1.0,0.0,QQQ,0.11045559860032661,0.7819152673018324,0.24632564159299633,0.448412913434454,1.0773394892154813,0.14805856222578498,25,0.09210852732548958,0.6511831773226883,0.29072537846188595,0.3168231401496481,0.8706228278526426,0.1535496828423598,25,0.018347071274837035,0.8572916666666668,True,False,False,True,True,True,True,5
51,EMA_N200_th0_bL1_sL0,EMA,200,0.0,1.0,0.0,QQQ,0.11488625767842064,0.7790009625609194,0.2644707120357668,0.4344006820040002,1.0708764080176594,0.15510159082300767,98,0.09247693305066651,0.6303668254308156,0.31421986248597206,0.29430645255531873,0.8404355624036228,0.16103494584565833,98,0.022409324627754135,0.8567708333333335,True,False,False,True,True,False,True,4
52,EMA_N200_th10_bL1_sL0,EMA,200,0.1,1.0,0.0,QQQ,0.12038060777495452,0.7597507429949634,0.29444852876076205,0.4088341289446997,1.0406675442245872,0.16835644842589223,8,0.10742248163256551,0.6781333678614738,0.3655410215528664,0.2938725759867406,0.9098712604945354,0.17263214703199561,8,0.012958126142389004,0.8531250000000001,True,False,False,True,True,True,True,5
53,SMA_N50_th0_bL3_sL0,SMA,50,0.0,3.0,0.0,TQQQ,0.1948728952258285,0.6501722546127473,0.548227017987817,0.35546021781465553,0.8975145539654872,0.39537417193063146,254,0.12828149766382602,0.5034006289581658,0.6109981291057865,0.2099539942152846,0.6807509900125146,0.40514449894454757,254,0.0665913975620025,0.8520833333333333,True,False,False,True,True,False,True,4
54,EMA_N100_th2_bL1_sL0,EMA,100,0.02,1.0,0.0,QQQ,0.1085243294625029,0.7732264879142492,0.2538938346491545,0.4274397982624046,1.05916962565555,0.14733805966755462,55,0.08727288716903692,0.6271422706881218,0.2667674342193603,0.32714970410246275,0.8379821603329441,0.15193271088388305,55,0.021251442293465983,0.8520833333333333,True,False,False,True,True,True,True,5
55,SMA_N200_th5_bL1_sL0,SMA,200,0.05,1.0,0.0,QQQ,0.11405295263631121,0.7753935511873719,0.27853717101464,0.40947121068561637,1.0556720089073206,0.154829364209696,16,0.0978638488633663,0.6634470806091382,0.2785371710146397,0.351349331605808,0.8789336739586259,0.16027420229837783,16,0.016189103772944913,0.85078125,True,False,False,True,True,False,True,4
56,SMA_N200_th5_bL3_sL0,SMA,200,0.05,3.0,0.0,TQQQ,0.2412098136702281,0.704379584277228,0.660332936933704,0.3652851465963526,0.9557357375706306,0.45979923221778385,16,0.20981163482116028,0.6471434410077521,0.6603329369337042,0.31773613443459786,0.8674177205311282,0.4668407863375709,16,0.031398178849067815,0.8502604166666667,True,False,False,True,True,False,False,3
57,EMA_N100_th0_bL1_sL0,EMA,100,0.0,1.0,0.0,QQQ,0.10366854960537841,0.7542999868239744,0.19289493089399243,0.5374353235977498,1.0413146738180994,0.14468600324235922,179,0.07857395215877583,0.5800350544230651,0.21680038958674994,0.3624253273185907,0.7777023102613558,0.1498711524023189,179,0.025094597446602585,0.8447916666666668,True,False,False,True,True,False,True,4
58,SMA_N100_th0_bL3_sL0,SMA,100,0.0,3.0,0.0,TQQQ,0.1992318068564256,0.6457523066048673,0.5939777887141685,0.33541962450770885,0.8811167542075866,0.4193579966646196,179,0.1421581944510224,0.528188672951918,0.6505376590857004,0.21852415838741596,0.7074226332931145,0.42912417905587147,179,0.05707361240540321,0.8390625,True,False,False,True,True,False,False,3
59,SMA_N100_th2_bL1_sL0,SMA,100,0.02,1.0,0.0,QQQ,0.10220381948479096,0.7467655828915751,0.21755428603285312,0.4697853641428928,1.0197371666497759,0.14430882532122338,51,0.0828659397505429,0.6099913899196832,0.21912382554693938,0.3781694644281932,0.8129446203374839,0.14876203230396118,51,0.019337879734248054,0.8385416666666667,True,False,False,True,True,True,True,5
60,SMA_N150_th2_bL3_sL-1,SMA,150,0.02,3.0,-1.0,TQQQ,0.2128694074004014,0.6502892444920114,0.6516174394976236,0.32667849952652733,0.8950261030290875,0.4652746007397732,36,0.1697538617849199,0.5719113957866865,0.6733696197231337,0.252096110089904,0.7771511202542272,0.47233177100626866,36,0.043115545615481476,0.8354166666666667,True,False,False,True,True,True,False,4
61,EMA_N200_th2_bL3_sL-1,EMA,200,0.02,3.0,-1.0,TQQQ,0.21410024807288552,0.6490321214476035,0.6570570036681738,0.3258472961670312,0.8944424941325849,0.4742629780499292,34,0.1764078143213632,0.5822845571307286,0.6956620320959787,0.2535826395323882,0.7906676928399676,0.48253168119629347,34,0.037692433751522314,0.8328125000000001,True,False,False,True,True,False,False,3
62,EMA_N200_th10_bL3_sL0,EMA,200,0.1,3.0,0.0,TQQQ,0.24498447054801553,0.6928835037475274,0.7096437782468329,0.3452217549955091,0.9459032382671,0.49975834400129654,8,0.2239873560787886,0.6583483072263269,0.7494449783522819,0.29887098125768186,0.8930841634926037,0.5035729570101057,8,0.02099711446922692,0.8322916666666668,True,False,False,True,True,False,False,3
63,SMA_N200_th0_bL3_sL-1,SMA,200,0.0,3.0,-1.0,TQQQ,0.2221368326033173,0.6646244488458554,0.6884013722722095,0.3226850519924288,0.9144001523644282,0.4703219472278338,86,0.17868740736831068,0.586975956625392,0.7282436771914931,0.24536760560342563,0.7962480365228894,0.4782237322524475,86,0.04344942523500661,0.8317708333333333,True,False,False,True,True,False,False,3
64,SMA_N100_th0_bL2_sL0,SMA,100,0.0,2.0,0.0,QLD,0.14595454090715565,0.6258566399141418,0.4402974091480116,0.3314908011600204,0.8527206321710417,0.2815680554537986,179,0.10472452405124688,0.4905850679553468,0.5005286748925583,0.20922782111080185,0.6538075486395287,0.28947440766014865,179,0.04123001685590877,0.8276041666666667,True,False,False,True,True,False,True,4
65,EMA_N150_th5_bL2_sL-1,EMA,150,0.05,2.0,-1.0,QLD,0.16751440461073197,0.6336042567396366,0.5503460433415636,0.30438013798305225,0.8717609535222627,0.3322541808189242,16,0.13923631945266468,0.555911839995245,0.5935107896075645,0.23459778978024842,0.7508041089153716,0.3396311634401016,16,0.02827808515806729,0.8255208333333334,True,False,False,True,True,False,True,4
66,SMA_N50_th0_bL2_sL0,SMA,50,0.0,2.0,0.0,QLD,0.13659803939288961,0.6155077531523678,0.39611192385243277,0.34484707772588474,0.8479916827822775,0.26581691672710406,254,0.08971543169511942,0.4522545901499941,0.45992704099677906,0.19506448566425497,0.6086351835999191,0.2734072001589585,254,0.046882607697770196,0.8239583333333333,True,False,False,True,True,False,True,4
67,EMA_N150_th0_bL2_sL-1,EMA,150,0.0,2.0,-1.0,QLD,0.16135900837629324,0.6197435001638427,0.5496687276926918,0.29355682840757436,0.8558420447628229,0.32970186159611187,114,0.1185779905504476,0.5027251213840915,0.5825342510927165,0.20355539666211772,0.6811719976294457,0.33714669437940986,114,0.042781017825845646,0.815625,True,False,False,True,True,False,True,4
68,EMA_N150_th2_bL3_sL-1,EMA,150,0.02,3.0,-1.0,TQQQ,0.20683763037030478,0.6385070226701399,0.719495672633356,0.2874758504290631,0.8804247258495297,0.4678865124945609,40,0.1664579625275524,0.5653311273284599,0.7372823814802792,0.22577233188910104,0.7701214003364358,0.4745532591382215,40,0.040379667842752376,0.8088541666666668,True,False,False,True,True,False,False,3
69,EMA_N150_th10_bL2_sL0,EMA,150,0.1,2.0,0.0,QLD,0.14977807147800504,0.5922396154446485,0.5063332186466938,0.2958092930942307,0.8050120303990076,0.3269438865016835,11,0.13297389085324562,0.5451759859860273,0.5132944816352059,0.25905965407933035,0.7343099662401569,0.33062113204271987,11,0.016804180624759413,0.8083333333333335,True,False,False,True,True,False,True,4
70,SMA_N150_th0_bL3_sL-2,SMA,150,0.0,3.0,-2.0,TQQQ,0.2043394035845465,0.6203447396046209,0.6905154081783518,0.29592301803027704,0.8610959329462707,0.5208633040619146,98,0.14990727862460096,0.5323025264238381,0.6922678893532489,0.2165451856573209,0.7296403330708976,0.5283836738378634,98,0.05443212495994554,0.8052083333333334,True,False,False,True,True,False,False,3
71,EMA_N150_th10_bL1_sL0,EMA,150,0.1,1.0,0.0,QQQ,0.09739721638085608,0.648106211701559,0.2723076678251198,0.35767342564663324,0.8840942191060868,0.16433700588803282,11,0.08562766509245656,0.5743255005088819,0.2822207133049423,0.303406734713816,0.7705493037558325,0.16771259918074877,11,0.011769551288399516,0.8020833333333334,True,False,False,True,True,False,True,4
72,SMA_N200_th10_bL2_sL0,SMA,200,0.1,2.0,0.0,QLD,0.14210760815391232,0.5790354097250539,0.4794784279887665,0.29637956549995553,0.7830427391469471,0.31772008186538636,12,0.12388973795443525,0.5262008944610514,0.5017390561660287,0.24692065812281383,0.7043385866049432,0.32183714695522886,12,0.01821787019947707,0.8020833333333334,True,False,False,True,True,False,True,4
73,EMA_N50_th2_bL3_sL0,EMA,50,0.02,3.0,0.0,TQQQ,0.17620021207852687,0.6045208310626181,0.6268331280759489,0.28109588371528754,0.8288980282699759,0.4071837922269539,88,0.12805983649834163,0.5009955993956817,0.6471337925836559,0.19788772888380288,0.6748316054230218,0.4160154121563052,88,0.048140375580185246,0.8020833333333333,True,False,False,True,True,False,False,3
74,EMA_N50_th2_bL2_sL0,EMA,50,0.02,2.0,0.0,QLD,0.1341966659701488,0.5984265614685143,0.47447479921651864,0.28283202014467873,0.8201796350285231,0.2732774893129532,88,0.09904233236578253,0.4785064620384681,0.4954412635506418,0.19990731425150837,0.642038556855603,0.2804278084397605,88,0.03515433360436626,0.8,True,False,False,True,True,False,True,4
75,SMA_N200_th10_bL1_sL0,SMA,200,0.1,1.0,0.0,QQQ,0.09307389199794791,0.6376879025030495,0.2624894643531977,0.35458143902000794,0.8652259273777094,0.15964099748317181,12,0.08097391895102724,0.5593950185221229,0.284368341609793,0.2847501184296342,0.7459136748404149,0.16316617819786816,12,0.012099973046920676,0.7984375,True,False,False,True,True,False,True,4
76,EMA_N200_th2_bL2_sL-1,EMA,200,0.02,2.0,-1.0,QLD,0.1444995894688006,0.5734102567789986,0.5247851082117633,0.27535001890810434,0.7886465471578468,0.33248377788435607,34,0.11482534126005506,0.49189180746033695,0.5700309601449919,0.20143702586057488,0.6639234316841028,0.33997861809637075,34,0.029674248208745535,0.7979166666666666,True,False,False,True,True,False,True,4
77,SMA_N150_th10_bL2_sL0,SMA,150,0.1,2.0,0.0,QLD,0.13902720657754752,0.5732090636923989,0.4736444992059232,0.2935264883486034,0.7741994683975206,0.3143973408161585,13,0.12179000738384937,0.5225523696563825,0.4816120894825829,0.2528798799770449,0.6988176848125497,0.3183558039767766,13,0.01723719919369815,0.796875,True,False,False,True,True,False,True,4
78,EMA_N50_th0_bL3_sL0,EMA,50,0.0,3.0,0.0,TQQQ,0.16834351852276974,0.590882925022713,0.6171571970800939,0.2727725113135517,0.8080806974284485,0.4011464296855342,304,0.09829025166294647,0.43709912793426864,0.6797991757197465,0.14458718864858927,0.5845869723067918,0.41234801947667277,304,0.07005326685982327,0.7958333333333334,True,False,False,True,True,False,True,4
79,EMA_N200_th5_bL3_sL-1,EMA,200,0.05,3.0,-1.0,TQQQ,0.20233346978636102,0.6262404173225266,0.7307403737208634,0.27688831363743793,0.8536094635503455,0.48653047475269506,14,0.1732587220253472,0.5759547194429341,0.7307403737208633,0.23710024552650566,0.7769608403932928,0.4926987530286179,14,0.02907474776101382,0.7958333333333334,True,False,False,True,True,False,False,3
80,SMA_N50_th2_bL3_sL0,SMA,50,0.02,3.0,0.0,TQQQ,0.15857664318905518,0.5724473298322497,0.5594322859203655,0.28345994176608597,0.7857637131639144,0.3948547548935608,86,0.11192344204915328,0.46781539856951215,0.5962047520379322,0.1877265178893314,0.6309857029816652,0.40323952882353015,86,0.0466532011399019,0.7953125000000001,True,False,False,True,True,False,True,4
81,SMA_N150_th10_bL1_sL0,SMA,150,0.1,1.0,0.0,QQQ,0.09109479671480236,0.6313400295142396,0.26211879310715686,0.34753248950586263,0.85546956331815,0.15795016606162704,13,0.07956237647459607,0.5557526329291612,0.2699353982423372,0.2947459910506741,0.7404370158780873,0.1613525408914867,13,0.011532420240206287,0.79375,True,False,False,True,True,False,True,4
82,EMA_N200_th0_bL3_sL-1,EMA,200,0.0,3.0,-1.0,TQQQ,0.18866723615928538,0.6036695746536507,0.6828393264396636,0.2762981405054681,0.8276993403302338,0.4776707366662287,98,0.14322964662686677,0.5225439509762566,0.7260586789392484,0.19727007028704804,0.7067174419739217,0.4855636914563393,98,0.04543758953241861,0.7932291666666668,True,False,False,True,True,False,False,3
83,SMA_N100_th0_bL1_sL0,SMA,100,0.0,1.0,0.0,QQQ,0.0829324045624471,0.6331653084222975,0.24019687095166448,0.345268463464438,0.8632374868243862,0.1417531402959243,179,0.05959618017965873,0.4677709345781942,0.2869077341160409,0.20771897405719578,0.6197482446489532,0.14698563073575174,179,0.023336224382788373,0.7916666666666666,True,False,False,True,True,False,True,4
84,SMA_N200_th0_bL2_sL-1,SMA,200,0.0,2.0,-1.0,QLD,0.1478201326979678,0.5834877640563242,0.577312001343254,0.25604895161373575,0.8009302639815785,0.3307455565476281,86,0.11378041329070898,0.48989046902100436,0.6223358962340998,0.18282797759091338,0.660524604879819,0.3379084365093893,86,0.034039719407258806,0.7885416666666668,True,False,False,True,True,False,True,4
85,SMA_N100_th10_bL1_sL0,SMA,100,0.1,1.0,0.0,QQQ,0.08493934572472428,0.6236088206193023,0.2590915333539278,0.3278352813200355,0.8472001447444256,0.1484984022054715,13,0.07443405746106646,0.5503162745969947,0.28510725208116755,0.2610738833113783,0.7359062637605145,0.1514493605036674,13,0.01050528826365782,0.7869791666666666,True,False,False,True,True,False,True,4
86,EMA_N100_th5_bL3_sL-1,EMA,100,0.05,3.0,-1.0,TQQQ,0.17022978291229252,0.5733433432827572,0.6445831735073838,0.2640928120819811,0.7873051721258324,0.46532442945910263,23,0.13520820037599268,0.5088580865253588,0.6825849637682166,0.1980825941866263,0.6888381309481606,0.4732571773069007,23,0.03502158253629983,0.7843750000000002,True,False,False,True,True,False,False,3
87,SMA_N50_th2_bL2_sL0,SMA,50,0.02,2.0,0.0,QLD,0.12093590202246607,0.5641495110790226,0.41247481935201563,0.29319584214244254,0.7738237778401753,0.2650866850509241,86,0.086945537605299,0.44401198662299834,0.43955747853573557,0.19780243051473964,0.5964781070496915,0.2718534911844073,86,0.033990364417167074,0.7828125000000001,True,False,False,True,True,False,True,4
88,EMA_N50_th2_bL1_sL0,EMA,50,0.02,1.0,0.0,QQQ,0.08073605879830281,0.6339822286910055,0.2737932980351399,0.2948796021586356,0.8703586747225804,0.13739502347225657,88,0.06064526449377006,0.48577631084177886,0.2900851506929758,0.20906021679805528,0.6488243401160948,0.14209217368094004,88,0.020090794304532755,0.7828125,True,False,False,True,True,False,True,4
89,SMA_N100_th10_bL2_sL0,SMA,100,0.1,2.0,0.0,QLD,0.13040230287840426,0.5640980488033123,0.4707932944562187,0.2769841975532449,0.7636972676358805,0.29580703544335085,13,0.11429126009729895,0.5133815861704548,0.5136833233671506,0.22249361600475842,0.6884760008174104,0.29932985315190486,13,0.01611104278110531,0.7817708333333335,True,False,False,True,True,False,True,4
90,SMA_N150_th2_bL2_sL-1,SMA,150,0.02,2.0,-1.0,QLD,0.13974123080628664,0.564042230915702,0.5379249909945888,0.2597782834887706,0.7749471535422665,0.3279704660116835,36,0.10656752132572334,0.47192964589075154,0.5661662385966586,0.18822655619640877,0.6382216775506597,0.334193875062899,36,0.03317370948056331,0.7812500000000001,True,False,False,True,True,False,True,4
91,EMA_N100_th0_bL3_sL-1,EMA,100,0.0,3.0,-1.0,TQQQ,0.16547791140493096,0.5670457876591377,0.6264961635107243,0.26413236192482814,0.7824391267893854,0.45220337330956595,179,0.10604688893501879,0.4523772681248386,0.684036437101551,0.15503105270878315,0.6139334598527103,0.46110337565904697,179,0.059431022469912165,0.7786458333333334,True,False,False,True,True,False,True,4
92,EMA_N150_th10_bL3_sL0,EMA,150,0.1,3.0,0.0,TQQQ,0.17868498076659534,0.5854218411799047,0.6910537642531053,0.2585688552897459,0.7959093698586213,0.4877002278025241,11,0.1597109911613308,0.5522219110708861,0.693613477772064,0.2302593537748631,0.7463859961108894,0.49119519921591126,11,0.01897398960526453,0.7765625,True,False,False,True,True,False,True,4
93,SMA_N200_th10_bL3_sL0,SMA,200,0.1,3.0,0.0,TQQQ,0.16812114680701118,0.5695847695461496,0.6667861517698264,0.25213653037150413,0.7700942268952986,0.4736781762388679,12,0.14635938926830905,0.5300477868759573,0.6834160664766943,0.21415854330562503,0.7116092285374568,0.4778696478281751,12,0.02176175753870213,0.7713541666666667,True,False,False,True,True,False,False,3
94,SMA_N150_th10_bL3_sL0,SMA,150,0.1,3.0,0.0,TQQQ,0.16532234161381787,0.5654349175954639,0.6508205569038183,0.2540213886302458,0.7635628382659312,0.46885757122033944,13,0.14486995005230008,0.5278167977677749,0.6634362622080666,0.21836302641965932,0.707946438225091,0.4728687474791624,13,0.02045239156151779,0.7708333333333334,True,False,False,True,True,False,False,3
95,SMA_N50_th2_bL1_sL0,SMA,50,0.02,1.0,0.0,QQQ,0.07331191223176803,0.5975092038471643,0.23238443282361823,0.31547686452565604,0.8207340016280877,0.1333170914842053,86,0.05383993645098095,0.4498556739503025,0.25246577912124835,0.213256373352382,0.601472372810399,0.1377720720482555,86,0.019471975780787076,0.7703125000000001,True,False,False,True,True,False,True,4
96,SMA_N50_th0_bL1_sL0,SMA,50,0.0,1.0,0.0,QQQ,0.07241625102148697,0.5889571554915409,0.2100523941333308,0.34475327605892814,0.8104987903213146,0.13398584367651606,254,0.046776173578276126,0.3990856807672958,0.26015428146772474,0.17980166735821826,0.5335447920023867,0.138789259439548,254,0.02564007744321084,0.7692708333333333,True,False,False,True,True,False,True,4
97,EMA_N200_th5_bL2_sL-1,EMA,200,0.05,2.0,-1.0,QLD,0.14082278117079694,0.5599264796957459,0.6022881405424121,0.2338129737105133,0.7615932806449046,0.3390693536548008,14,0.11768294264350687,0.4976165931668866,0.6022881405424125,0.19539309297626747,0.6678224466817148,0.3447120167422765,14,0.02313983852729007,0.7651041666666667,True,False,False,True,True,False,True,4
98,SMA_N200_th2_bL3_sL-1,SMA,200,0.02,3.0,-1.0,TQQQ,0.18493569453449177,0.5996747357100823,0.7966326869513697,0.23214675667178736,0.8148758247475162,0.47189094533049053,30,0.14777779627508147,0.5327446008085353,0.8200106525630695,0.18021448357186487,0.7136214597503157,0.4803506696177644,30,0.037157898259410294,0.759375,True,False,False,True,True,False,False,3
99,EMA_N50_th0_bL2_sL0,EMA,50,0.0,2.0,0.0,QLD,0.11787335583864533,0.5491045031536487,0.4647965259373971,0.2536020586662508,0.7490700415327033,0.2696506753080039,304,0.06860243595135418,0.37916529886809885,0.5312450143036944,0.1291352089981903,0.5041811301622107,0.2784438646133391,304,0.049270919887291154,0.7588541666666666,True,False,False,True,True,False,True,4
100,SMA_N100_th10_bL3_sL0,SMA,100,0.1,3.0,0.0,TQQQ,0.15749272973828776,0.5564479476902989,0.6678130594428886,0.2358335577768924,0.7531519959775916,0.4412244252254433,13,0.137756922241139,0.5174159265186696,0.702568666022263,0.19607609747397098,0.6958931925988241,0.44472313629078253,13,0.01973580749714876,0.7541666666666668,True,False,False,True,True,False,False,3
101,EMA_N150_th2_bL2_sL-1,EMA,150,0.02,2.0,-1.0,QLD,0.13571328209602762,0.5522664886944649,0.6097765773679816,0.2225623074631953,0.7601001876229921,0.3293371924863997,40,0.1045771655942227,0.46604168694664566,0.6281660101349094,0.16648014045166654,0.6317996236228208,0.33525385081907993,40,0.031136116501804922,0.7526041666666666,True,False,False,True,True,False,True,4
102,EMA_N200_th0_bL2_sL-1,EMA,200,0.0,2.0,-1.0,QLD,0.1254137447536665,0.521656464372367,0.5684367759615637,0.22062918878096424,0.7134536210197916,0.33471695230697046,98,0.09021926254545165,0.42564207972413454,0.6172360494072662,0.14616654784193098,0.5722859584391937,0.3417209094334542,98,0.03519448220821486,0.7458333333333333,True,False,False,True,True,False,True,4
103,EMA_N100_th2_bL3_sL-1,EMA,100,0.02,3.0,-1.0,TQQQ,0.14046086655904144,0.5187528392844482,0.6814512988590596,0.20612018319462047,0.7085173685848495,0.4595300040569817,55,0.09531795854749237,0.4321331689277406,0.6997820965739532,0.13621091338883537,0.5827809474155092,0.4666512388402842,55,0.04514290801154908,0.7302083333333333,True,False,False,True,True,False,False,3
104,SMA_N100_th5_bL3_sL-1,SMA,100,0.05,3.0,-1.0,TQQQ,0.13556108262834754,0.5090817550591824,0.6541547905379442,0.2072308948725559,0.6980527614193867,0.4613725644109542,25,0.10117294108070851,0.44399053883046946,0.6690747486363924,0.15121321091089449,0.6009683072886745,0.4685162741772079,25,0.03438814154763903,0.7296875,True,False,False,True,True,False,False,3
105,SMA_N150_th5_bL3_sL-1,SMA,150,0.05,3.0,-1.0,TQQQ,0.15746740421513583,0.5502332730914101,0.7463976631315369,0.21096985158618525,0.7490222680211785,0.4689622969068298,21,0.12452194460380794,0.48948867736585344,0.7463976631315368,0.1668305660033445,0.6587320651182718,0.4755895883060151,21,0.03294545961132789,0.728125,True,False,False,True,True,False,False,3
106,EMA_N150_th5_bL3_sL-2,EMA,150,0.05,3.0,-2.0,TQQQ,0.15848789755952897,0.5461916300627335,0.7486673864628399,0.211693337288702,0.7502907546508839,0.5262147777212227,16,0.1253665716249952,0.4929904577546136,0.7771242715620056,0.16132113770299658,0.6693380910995064,0.533485390294404,16,0.03312132593453376,0.7276041666666667,True,False,False,True,True,False,False,3
107,SMA_N200_th5_bL3_sL-1,SMA,200,0.05,3.0,-1.0,TQQQ,0.1545464238787475,0.5440351248647309,0.7307403737208632,0.21149293160279517,0.736921678327731,0.47778252016289896,16,0.12534051952056058,0.49152726332023333,0.7407243087459026,0.16921345504749363,0.6583267173146113,0.4845514208894415,16,0.02920590435818693,0.7276041666666667,True,False,False,True,True,False,False,3
108,SMA_N50_th5_bL1_sL0,SMA,50,0.05,1.0,0.0,QQQ,0.06811913273092896,0.533080705506445,0.3325595707888592,0.2048328742106103,0.7238036595799066,0.1428103472499015,44,0.05268192049503684,0.42450127773604673,0.3409797276506065,0.15450162054507444,0.5655243054879505,0.14626829219800638,44,0.015437212235892117,0.7265625,True,False,False,True,True,False,True,4
109,EMA_N200_th10_bL3_sL-1,EMA,200,0.1,3.0,-1.0,TQQQ,0.1694798217092568,0.5662268645093657,0.8342085990382451,0.20316240075282038,0.7711359598146668,0.5120351083657763,8,0.1497561205171678,0.5335506982218047,0.8569348099167264,0.1747578914803572,0.7222972532996959,0.5157525353066807,8,0.019723701192088994,0.7260416666666667,True,False,False,True,True,False,False,3
110,SMA_N150_th0_bL1_sL-1,SMA,150,0.0,1.0,-1.0,QQQ,0.08174196520930321,0.48883606493109577,0.36189028508792853,0.22587499188999327,0.6765655239166654,0.2030365716850698,98,0.057223234656256006,0.3725362197014152,0.3734956889125971,0.1532098933266322,0.5062071614656802,0.20740385982443213,98,0.024518730553047208,0.7244791666666668,True,False,False,True,True,False,True,4
111,EMA_N50_th0_bL1_sL0,EMA,50,0.0,1.0,0.0,QQQ,0.06151076864049876,0.5066576692531898,0.26406191577168947,0.23294070430694586,0.6897592592641846,0.13617028582286098,304,0.03456842476859845,0.3110840715347408,0.3182160006635681,0.10863195029952534,0.4104860123060256,0.1417156694318129,304,0.02694234387190031,0.721875,True,False,False,True,True,False,True,4
112,EMA_N150_th0_bL3_sL-2,EMA,150,0.0,3.0,-2.0,TQQQ,0.1569698146976426,0.5433689251149039,0.7571566001438437,0.20731486018588713,0.7500827858989689,0.5234891443457137,114,0.10254870484097145,0.45347198059370464,0.7811527775228887,0.13127867914156735,0.6177871529661906,0.5315718742980329,114,0.054421109856671146,0.7203125000000001,True,False,False,True,True,False,False,3
113,SMA_N50_th10_bL1_sL0,SMA,50,0.1,1.0,0.0,QQQ,0.05498922427417319,0.5579396149918863,0.34254235372319664,0.16053262808665453,0.7730165930506578,0.10604275576396008,7,0.04815375823919821,0.48419600681493186,0.3783915216244129,0.1272590834817781,0.651981460791662,0.1096264286371875,7,0.00683546603497498,0.71875,True,False,False,True,True,False,True,4
114,EMA_N100_th5_bL2_sL-1,EMA,100,0.05,2.0,-1.0,QLD,0.10778223481710358,0.4771582875938216,0.5384788666000848,0.20016056618457942,0.6539957362944511,0.32830524564252705,23,0.0802723653506956,0.4000248630422069,0.5565595862027397,0.1442295979454292,0.5385688340517886,0.33540630790427206,23,0.027509869466407988,0.7182291666666668,True,False,False,True,True,False,True,4
115,SMA_N200_th2_bL2_sL-1,SMA,200,0.02,2.0,-1.0,QLD,0.12372247333299669,0.5195081656702654,0.6884785755115544,0.17970417342481312,0.7043588772454075,0.33134171762630144,30,0.09438494887657156,0.43830829137853805,0.7183097058944631,0.13139868235393018,0.5836066760322521,0.3389786066912097,30,0.029337524456425124,0.7093750000000001,True,False,False,True,True,False,True,4
116,SMA_N50_th5_bL2_sL0,SMA,50,0.05,2.0,0.0,QLD,0.10063066685636302,0.48052122807275627,0.5764412388727652,0.1745722895418568,0.6505464036612344,0.2844270448560294,44,0.075537171005438,0.3979266341221735,0.5850071791876853,0.12912178464258425,0.5317795318004612,0.28911189534195036,44,0.02509349585092502,0.7026041666666667,True,False,False,True,True,False,True,4
117,SMA_N150_th0_bL2_sL-2,SMA,150,0.0,2.0,-2.0,QLD,0.11178339141966886,0.4660262699538298,0.6016110041331316,0.18580675993574763,0.6449113693704074,0.4043350071731121,98,0.07182014754946064,0.3764381991059721,0.6197641421142129,0.11588303141330385,0.514431495065471,0.41019777986465145,98,0.03996324387020822,0.7000000000000001,True,False,False,True,True,False,True,4
118,SMA_N50_th10_bL2_sL0,SMA,50,0.1,2.0,0.0,QLD,0.08590463614193489,0.49551912994477565,0.5834525848794505,0.14723499109989202,0.6834366391753045,0.21202263608640057,7,0.07573616274431605,0.44699848822456506,0.6178440390696456,0.12258136027072489,0.6059151498434939,0.2163292503719151,7,0.010168473397618838,0.6979166666666667,True,False,False,True,True,False,True,4
119,EMA_N100_th0_bL2_sL-1,EMA,100,0.0,2.0,-1.0,QLD,0.09487553389837267,0.4434874719285855,0.5360319426823301,0.17699604509315403,0.6102261636098352,0.32198679457871243,179,0.05217885358638297,0.32059630191605265,0.5908695131954058,0.0883085900035715,0.4332420531838461,0.3289455687868518,179,0.0426966803119897,0.6973958333333334,True,False,False,True,True,False,True,4
120,EMA_N150_th5_bL1_sL-1,EMA,150,0.05,1.0,-1.0,QQQ,0.07206158644957439,0.44536002505021255,0.4165220879643864,0.17300783927630706,0.610461135856706,0.20243448291108526,16,0.054246239897779436,0.35915661693056317,0.45469013697533844,0.1193037532299093,0.4824401748379352,0.20742035799642103,16,0.017815346551794953,0.6973958333333333,True,False,False,True,True,False,True,4
121,SMA_N200_th5_bL2_sL-1,SMA,200,0.05,2.0,-1.0,QLD,0.10448293464545122,0.4662181763853942,0.6022881405424122,0.17347665944634966,0.6303453820701476,0.33448087377416885,16,0.0810050107382001,0.401605680388098,0.6198112303871238,0.13069303485773517,0.5351989626259489,0.34063838909476746,16,0.02347792390725112,0.69375,True,False,False,True,True,False,True,4
122,SMA_N100_th2_bL3_sL-1,SMA,100,0.02,3.0,-1.0,TQQQ,0.11699974687701986,0.4738795918582828,0.662348527417473,0.17664377896816227,0.6449625336690443,0.4515408555288305,51,0.07621633758308755,0.3932096903162098,0.6965106334706339,0.10942594975658898,0.5286235129718253,0.4584175051425348,51,0.040783409293932316,0.6932291666666668,True,False,False,True,True,False,False,3
123,EMA_N200_th2_bL3_sL-2,EMA,200,0.02,3.0,-2.0,TQQQ,0.1247375606440011,0.489719435455126,0.724406063183016,0.17219287217987717,0.6728684162723609,0.5257588413043827,34,0.08981971245969267,0.432529922223714,0.7554286421888732,0.11889900308709216,0.5871916362865189,0.5332195437970758,34,0.03491784818430843,0.6932291666666667,True,False,False,True,True,False,False,3
124,EMA_N200_th10_bL2_sL-1,EMA,200,0.1,2.0,-1.0,QLD,0.12231875718984808,0.5053417030786399,0.7293560466753211,0.16770788114724344,0.686087968310709,0.3529512182625372,8,0.10513442453856059,0.4609822734259747,0.7637169638496043,0.13766150225159104,0.6201354937325573,0.35695848712422207,8,0.017184332651287493,0.6921875,True,False,False,True,True,False,True,4
125,SMA_N200_th0_bL3_sL-2,SMA,200,0.0,3.0,-2.0,TQQQ,0.13369383346178254,0.50482214034286,0.801395209291724,0.16682634474436356,0.6925427509659555,0.5236508365868514,86,0.09304419088136284,0.4374249184581704,0.8267896492080075,0.11253671471394336,0.5932353399031852,0.5308141598467715,86,0.0406496425804197,0.6833333333333333,True,False,False,True,True,False,False,3
126,SMA_N150_th5_bL2_sL-1,SMA,150,0.05,2.0,-1.0,QLD,0.10202960608658529,0.46107558752392946,0.6206284911840668,0.16439723205734236,0.6265476724908097,0.33000928597180645,21,0.07622937905756211,0.38897441688372414,0.6206284911840668,0.12282610312028665,0.5210036102828918,0.3359454761522411,21,0.02580022702902318,0.6807291666666667,True,False,False,True,True,False,True,4
127,EMA_N150_th0_bL1_sL-1,EMA,150,0.0,1.0,-1.0,QQQ,0.06411358059778971,0.4078139628430162,0.43370206869841726,0.1478286252823301,0.5606662119976704,0.20316674863598003,114,0.03932960133147789,0.2901760630626435,0.4574620886067704,0.08597346602263517,0.39164626752908693,0.20766434826195332,114,0.024783979266311817,0.6802083333333333,True,False,False,True,True,False,True,4
128,EMA_N50_th5_bL1_sL0,EMA,50,0.05,1.0,0.0,QQQ,0.05199700391506168,0.4355685510287845,0.2789171267969865,0.18642456457293274,0.5887981581988918,0.13845325294293281,40,0.03815891846984498,0.3350332573772754,0.2885371826330167,0.13224957047694738,0.44388689752630617,0.14206146685620508,40,0.013838085445216697,0.6802083333333333,True,False,False,True,True,False,True,4
129,SMA_N100_th5_bL2_sL-1,SMA,100,0.05,2.0,-1.0,QLD,0.08256578634363843,0.407510726650429,0.545072466441477,0.15147671443151733,0.5578486114568308,0.3262443146780801,25,0.055493817103423826,0.330634404340604,0.5590550146523904,0.09926360670949139,0.4453930574717222,0.33259397643178495,25,0.0270719692402146,0.6781250000000001,True,False,False,True,True,False,True,4
130,EMA_N100_th2_bL2_sL-1,EMA,100,0.02,2.0,-1.0,QLD,0.08389057755151108,0.4115134849303658,0.5679092042369328,0.1477182918072794,0.5607912226488679,0.32554107048664543,55,0.05021005609270701,0.3152380914565526,0.5863339337088803,0.08563389087017556,0.4234368190098528,0.3313432220052096,55,0.03368052145880407,0.6765625000000001,True,False,False,True,True,False,True,4
131,SMA_N50_th5_bL3_sL0,SMA,50,0.05,3.0,0.0,TQQQ,0.11879770568747983,0.4795834754492986,0.7370212060189952,0.1611862789256271,0.6495617561295872,0.4239995467615983,44,0.08652209416256973,0.4112594338959771,0.743784977855727,0.11632675670864724,0.5514173881714466,0.42939299718213647,44,0.0322756115249101,0.6760416666666667,True,False,False,True,True,False,True,4
132,EMA_N200_th2_bL1_sL-1,EMA,200,0.02,1.0,-1.0,QQQ,0.06004524766550956,0.39011627770632307,0.3454730642394522,0.17380587339767642,0.5347708166824992,0.20192661901261091,34,0.04160245135320606,0.3011885309000086,0.3875283982409625,0.10735329731200226,0.4045930813440013,0.2068971959960823,34,0.0184427963123035,0.6755208333333333,True,False,False,True,True,False,True,4
133,EMA_N200_th5_bL1_sL-1,EMA,200,0.05,1.0,-1.0,QQQ,0.060412755177341904,0.39217991774573796,0.42808463689936527,0.1411233900261266,0.5305834899801025,0.20176618002084662,14,0.04568788452387951,0.3208582362845739,0.4888758052537529,0.09345499211229125,0.42740656756154083,0.20575123686218003,14,0.014724870653462396,0.6734375,True,False,False,True,True,False,True,4
134,SMA_N150_th2_bL3_sL-2,SMA,150,0.02,3.0,-2.0,TQQQ,0.11436565433571966,0.47168214448346085,0.7364507127229355,0.15529301874509263,0.6472927474826128,0.5216516068534336,36,0.07509018425583713,0.4052281730147847,0.749753444744402,0.10015317006170753,0.5504819633217125,0.527936074840986,36,0.039275470079882524,0.6661458333333334,True,False,False,True,True,False,False,3
135,SMA_N50_th10_bL3_sL0,SMA,50,0.1,3.0,0.0,TQQQ,0.10762904739149781,0.48370620428253996,0.739821837331467,0.14547968437876227,0.6660998374283998,0.31563818580652137,7,0.0953575215008875,0.4474417722499339,0.7656766152796785,0.12454020352450791,0.6087193183054755,0.3200984391914559,7,0.012271525890610313,0.6640625,True,False,False,True,True,False,True,4
136,EMA_N50_th5_bL2_sL0,EMA,50,0.05,2.0,0.0,QLD,0.07066349831753183,0.38670115966022556,0.4977750865838581,0.14195868821495838,0.521492560408333,0.2755830920558364,40,0.04840412832607521,0.3103224201600616,0.5085120444546074,0.0951877715659418,0.4126279750419584,0.28059164402123105,40,0.022259369991456612,0.6630208333333334,True,False,False,True,True,False,True,4
137,SMA_N200_th0_bL1_sL-1,SMA,200,0.0,1.0,-1.0,QQQ,0.05916244199290577,0.38567795058362087,0.4429596193497763,0.1335617049692944,0.527380777750486,0.20229138315747258,86,0.037923041559857706,0.28396137769765056,0.4827357320457319,0.07855859643774013,0.38081109187592554,0.207125953046287,86,0.02123940043304806,0.659375,True,False,False,True,True,False,True,4
138,EMA_N200_th5_bL3_sL-2,EMA,200,0.05,3.0,-2.0,TQQQ,0.11552358411302466,0.476337583803941,0.8054805541420826,0.14342194050366472,0.6464327984728222,0.5325155711772511,14,0.08854806721644226,0.43249032176550084,0.8396771075899019,0.1054549021475635,0.5819237203648758,0.5381491638556691,14,0.026975516896582397,0.6541666666666667,True,False,False,True,True,False,False,3
139,SMA_N150_th2_bL1_sL-1,SMA,150,0.02,1.0,-1.0,QQQ,0.052901149457409424,0.3561188450691784,0.3982724530529856,0.13282653382600762,0.4877475944424589,0.20259851319295372,36,0.032655102155361604,0.2594359225485087,0.42278546231577485,0.07723799672887471,0.3495675684453497,0.2066049829059053,36,0.02024604730204782,0.6494791666666667,True,False,False,True,True,False,True,4
140,SMA_N50_th0_bL3_sL-1,SMA,50,0.0,3.0,-1.0,TQQQ,0.08034991633254873,0.39643265505963216,0.6410015840297482,0.12535057374962708,0.5468322836784689,0.42631378907772505,254,0.01645439441132779,0.2579966096532587,0.6988528993442175,0.023544861052688052,0.34940511951416703,0.4355846569945201,254,0.06389552192122094,0.6442708333333335,True,False,False,True,True,False,True,4
141,EMA_N150_th5_bL2_sL-2,EMA,150,0.05,2.0,-2.0,QLD,0.08300569398142343,0.4014889745524323,0.6694144762315702,0.12399745886688789,0.5495137654289006,0.40362048465506734,16,0.05677447394667845,0.34253116041725756,0.7011491914306108,0.0809734570624505,0.4629639688112078,0.40970432010585056,16,0.026231220034744984,0.6442708333333335,True,False,False,True,True,False,True,4
142,SMA_N150_th0_bL3_sL-3,SMA,150,0.0,3.0,-3.0,TQQQ,0.1024537239929697,0.4683674664408123,0.7937625649061879,0.129073514578101,0.648614622830075,0.6042448942805589,98,0.05273297457261683,0.3950711863129431,0.807195229982294,0.06532864989027938,0.5419514338091345,0.6107943410826152,98,0.04972074942035287,0.6416666666666666,True,False,False,True,True,False,False,3
143,SMA_N100_th2_bL2_sL-1,SMA,100,0.02,2.0,-1.0,QLD,0.0652844085232549,0.3587987194651034,0.5617806432664912,0.11620978633876855,0.4875211582888492,0.32123679917587106,51,0.03482209959981031,0.2698641148501548,0.5971841759976518,0.058310486110313864,0.36161498388159147,0.3268047456787138,51,0.030462308923444592,0.6375,True,False,False,True,True,False,True,4
144,EMA_N150_th2_bL3_sL-2,EMA,150,0.02,3.0,-2.0,TQQQ,0.10835030172922422,0.46137207051610885,0.8140736911368537,0.13309642960935522,0.6342600343525918,0.5231551163386686,40,0.07147515313205144,0.39895953516546573,0.8258632316183776,0.08654599259975207,0.5431787960865625,0.5291067516629203,40,0.03687514859717278,0.6369791666666667,True,False,False,True,True,False,False,3
145,EMA_N200_th0_bL3_sL-2,EMA,200,0.0,3.0,-2.0,TQQQ,0.09772262455625458,0.44403107231934136,0.7958399073998542,0.12279181233262251,0.6067233203304853,0.5278686248717648,98,0.05590882847280354,0.3736451884206672,0.8236607179353539,0.06787846895618448,0.5048748658943019,0.5350086348437318,98,0.04181379608345104,0.6307291666666668,True,False,False,True,True,False,False,3
146,EMA_N50_th5_bL3_sL0,EMA,50,0.05,3.0,0.0,TQQQ,0.07438661443266859,0.3828130493443671,0.6562247522575234,0.11335539261017835,0.5163639030684508,0.4111629225846772,40,0.04614647451356557,0.32008298598741325,0.665589547199528,0.06933172960381835,0.4270422466682226,0.41691522351265425,40,0.028240139919103013,0.6291666666666668,True,False,False,True,True,False,True,4
147,EMA_N100_th10_bL1_sL0,EMA,100,0.1,1.0,0.0,QQQ,0.0418981364536386,0.349417335960949,0.4036995980029985,0.10378543020824955,0.4682621123087336,0.14971222704520706,13,0.03350021526665348,0.293207498385151,0.43595986911162116,0.07684242894860636,0.38812142831369373,0.15213839534273363,13,0.008397921186985124,0.6276041666666667,True,False,False,True,True,False,True,4
148,EMA_N50_th10_bL1_sL0,EMA,50,0.1,1.0,0.0,QQQ,0.03220238124068464,0.3498290581096697,0.31947520018743614,0.10079774962748751,0.4779907792934507,0.10702827167585205,4,0.0277851742200117,0.30517551443680146,0.3378990073967276,0.08222922711160585,0.40875491440193085,0.10964028377942399,4,0.004417207020672942,0.6270833333333333,True,False,False,True,True,False,True,4
149,EMA_N150_th0_bL2_sL-2,EMA,150,0.0,2.0,-2.0,QLD,0.07689132571677826,0.3872947970680489,0.6864976301058324,0.1120052311104475,0.5326134258227138,0.4046189614333358,114,0.03714421181829586,0.29657649941159636,0.7093772747303986,0.0523617165949003,0.40266352373617964,0.4107461890952459,114,0.0397471138984824,0.6255208333333334,True,False,False,True,True,False,True,4
150,EMA_N150_th2_bL1_sL-1,EMA,150,0.02,1.0,-1.0,QQQ,0.05082607676069939,0.34634404284089004,0.4789020974434062,0.10613041168963706,0.4750919421606474,0.20263020710849225,40,0.03179068810058805,0.2553923857970724,0.4930177472837035,0.06448183310994346,0.3448606501432713,0.20645313167312931,40,0.01903538866011134,0.6203125,True,False,False,True,True,False,True,4
151,EMA_N200_th0_bL1_sL-1,EMA,200,0.0,1.0,-1.0,QQQ,0.046064659865667545,0.3240787566026443,0.43353887233445204,0.10625266338316054,0.4409518946013168,0.2024738457710151,98,0.024489382943603033,0.2210647917430878,0.47665612940638713,0.05137746361113903,0.29536556526334534,0.20707744590623633,98,0.021575276922064512,0.6192708333333334,True,False,False,True,True,False,True,4
152,SMA_N100_th0_bL3_sL-1,SMA,100,0.0,3.0,-1.0,TQQQ,0.08255871197783149,0.40339358628652866,0.7673740199628124,0.1075860138994963,0.5498069346543129,0.44479510183747595,179,0.030073811312200993,0.29595463845602415,0.7997793783649697,0.03760263408351743,0.396681339643252,0.454027895302568,179,0.052484900665630496,0.6135416666666667,True,False,False,True,True,False,True,4
153,EMA_N200_th10_bL1_sL-1,EMA,200,0.1,1.0,-1.0,QQQ,0.05243281697354263,0.3548633655683272,0.5833747572934364,0.08987844660403951,0.4776014330711198,0.2016625699723643,8,0.04026056309473214,0.29586424763884395,0.625354581971716,0.06438037595853591,0.3927840943777403,0.20523378969422607,8,0.01217225387881049,0.6119791666666667,True,False,False,True,True,False,True,4
154,EMA_N200_th2_bL2_sL-2,EMA,200,0.02,2.0,-2.0,QLD,0.060259791940938445,0.34861271644383357,0.6254432502989964,0.0963473375276349,0.47726606989025416,0.40248682281056897,34,0.03276994428644464,0.2860255714591583,0.6595693743354625,0.04968384761566806,0.3865760508763381,0.4086884885037864,34,0.027489847654493804,0.6083333333333333,True,False,False,True,True,False,True,4
155,SMA_N200_th2_bL1_sL-1,SMA,200,0.02,1.0,-1.0,QQQ,0.04666456157374621,0.32738156668878327,0.5418321024676823,0.08612365594659377,0.4420387549981973,0.20194789523097653,30,0.028298999836468663,0.23923316713315246,0.5713762088630482,0.04952778816741315,0.31686562181203143,0.20698017000390614,30,0.018365561737277547,0.6041666666666667,True,False,False,True,True,False,True,4
156,SMA_N200_th2_bL3_sL-2,SMA,200,0.02,3.0,-2.0,TQQQ,0.09012987081236767,0.4314215465595973,0.883655639770045,0.10199659998302314,0.5841570128917795,0.5244454053028127,30,0.05628362593217395,0.3749556379905227,0.8970299348413511,0.06274442328630682,0.501877443511186,0.5320433442684991,30,0.03384624488019372,0.5973958333333333,True,False,False,True,True,False,False,3
157,SMA_N200_th0_bL2_sL-2,SMA,200,0.0,2.0,-2.0,QLD,0.06475524806095123,0.3592393012989017,0.7305897586254486,0.088634212697949,0.4910294442379301,0.40293212880624546,86,0.03285332740001201,0.2861876457551089,0.7592868080536623,0.04326866613714447,0.3864045111107976,0.40890524818617385,86,0.03190192066093922,0.5927083333333334,True,False,False,True,True,False,True,4
158,EMA_N200_th10_bL3_sL-2,EMA,200,0.1,3.0,-2.0,TQQQ,0.08585538102831802,0.4291380014130249,0.9115912277886993,0.09418188592773374,0.5807231318890308,0.5469044118131596,8,0.06754203634664346,0.39963181288839006,0.9269040376810831,0.07286842391540259,0.5380291136284893,0.5503805016263108,8,0.01831334468167456,0.5843750000000001,True,False,False,True,True,False,False,3
159,EMA_N150_th10_bL3_sL-1,EMA,150,0.1,3.0,-1.0,TQQQ,0.0755522483124007,0.40043647419616807,0.8597128978854427,0.08788078961968544,0.5430335935683814,0.5019322361380871,11,0.05823844732876071,0.36952943215633804,0.8771578122615014,0.06639449197700181,0.4983739964570552,0.5053193196296635,11,0.017313800983639993,0.584375,True,False,False,True,True,False,False,3
160,EMA_N100_th5_bL3_sL-2,EMA,100,0.05,3.0,-2.0,TQQQ,0.06034684144499369,0.37682742864001056,0.7619534224908284,0.07920017111770383,0.5158104908156794,0.5230727494573068,23,0.028613736573611215,0.3228240388215974,0.7736025399564056,0.0369876455876472,0.43692591094476124,0.5301285411579644,23,0.03173310487138248,0.5833333333333334,True,False,False,True,True,False,True,4
161,SMA_N200_th5_bL1_sL-1,SMA,200,0.05,1.0,-1.0,QQQ,0.036267872129107426,0.27803101759394006,0.45192261675761974,0.08025239451239728,0.37396925655940916,0.20181550966031347,16,0.021209119240595653,0.20577486059734648,0.5107711875234656,0.0415237189541379,0.27240867349204534,0.2060054005781743,16,0.015058752888511773,0.5828125000000001,True,False,False,True,True,False,True,4
162,SMA_N200_th10_bL3_sL-1,SMA,200,0.1,3.0,-1.0,TQQQ,0.06698250380848259,0.3817762193212035,0.8013942565580366,0.08358246051845986,0.5150177619861382,0.4895856127160747,12,0.047104929800524165,0.3452092885246484,0.8113061992677301,0.05806060627053041,0.46264370763829343,0.4936310357682968,12,0.01987757400795842,0.5817708333333333,True,False,False,True,True,False,False,3
163,EMA_N50_th10_bL2_sL0,EMA,50,0.1,2.0,0.0,QLD,0.04272009795187248,0.3034713474170567,0.5650980797059266,0.07559766965427266,0.41322641924470016,0.2140174594599856,4,0.03705863466819248,0.27765067049297787,0.580022125741171,0.06389176037179231,0.3740364174167442,0.21679719907120476,4,0.005661463283680002,0.5802083333333334,True,False,False,True,True,False,True,4
164,EMA_N100_th5_bL1_sL-1,EMA,100,0.05,1.0,-1.0,QQQ,0.03191085586620557,0.2564826606793378,0.43190534094816524,0.0738839112203415,0.35045024622750376,0.20354241346380192,23,0.014708484114102527,0.17493123230528557,0.4458142348803233,0.03299240572264578,0.23465507131918892,0.2081296663711633,23,0.01720237175210304,0.5770833333333334,True,False,False,True,True,False,True,4
165,SMA_N150_th2_bL2_sL-2,SMA,150,0.02,2.0,-2.0,QLD,0.047176616617847555,0.318082012307448,0.6504430671951251,0.0725299707187057,0.4350805415828331,0.40392058761559196,36,0.017017271119159405,0.24823143289223853,0.6881149953784704,0.024730272168825108,0.33601255965800625,0.4089677305580363,36,0.03015934549868815,0.5755208333333333,True,False,False,True,True,False,True,4
166,EMA_N50_th2_bL3_sL-1,EMA,50,0.02,3.0,-1.0,TQQQ,0.056682875623845996,0.3465779389211064,0.7283594982009948,0.07782266279749131,0.4750608807859621,0.43570207095560953,88,0.012170767132455795,0.25237949946985305,0.7431370229724035,0.01637755455080827,0.34051300780420074,0.44399508881176547,88,0.0445121084913902,0.5739583333333333,True,False,False,True,True,False,True,4
167,SMA_N150_th5_bL1_sL-1,SMA,150,0.05,1.0,-1.0,QQQ,0.030039890483007037,0.24794539849869832,0.4465336864630495,0.06727351461644503,0.3355710959254938,0.20245923674263508,21,0.01401455711041133,0.17139980970766225,0.47124756546938307,0.02973926686804678,0.2284728777150007,0.2063537070789778,21,0.016025333372595707,0.5682291666666667,True,False,False,True,True,False,True,4
168,EMA_N150_th5_bL3_sL-3,EMA,150,0.05,3.0,-3.0,TQQQ,0.05482414672312608,0.3958381097008374,0.8340751143914346,0.06573046692938125,0.5418679697728722,0.6036448046736776,16,0.024666581468596682,0.3517046100843918,0.8687680138407835,0.028392598571334204,0.4772120695735335,0.60998551574648,16,0.030157565254529395,0.5661458333333333,True,False,False,True,True,False,True,4
169,EMA_N200_th5_bL2_sL-2,EMA,200,0.05,2.0,-2.0,QLD,0.0584540393070514,0.3451479005623834,0.7551311930630814,0.07740911757325368,0.46609827341309246,0.40222189473479075,14,0.03698492424170641,0.29609885472447883,0.7940160132941123,0.04657956970951766,0.39612675729998464,0.4069808121021022,14,0.02146911506534499,0.565625,True,False,False,True,True,False,True,4
170,EMA_N100_th0_bL3_sL-2,EMA,100,0.0,3.0,-2.0,TQQQ,0.05298190744322406,0.3609495134113152,0.7768918850568766,0.06819727231330938,0.496869270583589,0.5166679163124254,179,-0.0010516137292156946,0.2637970327163855,0.8112564739092907,-0.0012962777654619729,0.35846774378557494,0.5245294828179832,179,0.05403352117243976,0.5651041666666666,True,False,False,True,True,False,True,4
171,SMA_N200_th5_bL3_sL-2,SMA,200,0.05,3.0,-2.0,TQQQ,0.05735207314014512,0.37443682142544626,0.8229993947899333,0.06968665287388694,0.5050739907231903,0.5276839105299923,16,0.030604839003542494,0.32937549531721105,0.8565561054307992,0.03573010432066209,0.44023839943188653,0.5338103456651458,16,0.026747234136602627,0.5619791666666667,True,False,False,True,True,False,False,3
172,EMA_N50_th0_bL3_sL-1,EMA,50,0.0,3.0,-1.0,TQQQ,0.05120995440852516,0.3337017194783585,0.7149710949440156,0.07162520942547343,0.45605856043946813,0.43120980186605845,304,-0.015298423440906261,0.1893908727033616,0.779395118117612,-0.019628585149282018,0.25372509220119915,0.44182484532258615,304,0.06650837784943142,0.5614583333333333,True,False,False,True,True,False,True,4
173,SMA_N150_th10_bL3_sL-1,SMA,150,0.1,3.0,-1.0,TQQQ,0.055134643293129004,0.35791725760347937,0.7984448896135925,0.06905253450843855,0.4822219727772924,0.4857846236038753,13,0.03661613892388438,0.3233977803041405,0.8254121330444268,0.04436103790821495,0.4329836360968222,0.4896456804040031,13,0.018518504369244626,0.5609375,True,False,False,True,True,False,False,3
174,EMA_N150_th0_bL3_sL-3,EMA,150,0.0,3.0,-3.0,TQQQ,0.05226650523216958,0.3916736171312433,0.8366977123018511,0.06246760862818478,0.5391353316995487,0.6046462058106742,114,0.003386298380416708,0.31722625149643274,0.8773397934770829,0.0038597341709488545,0.4323867559014453,0.6116000832300066,114,0.04888020685175287,0.5588541666666668,True,False,False,True,True,False,False,3
175,SMA_N50_th0_bL2_sL-1,SMA,50,0.0,2.0,-1.0,QLD,0.027660432894640374,0.24383481396212509,0.5330630602730392,0.051889607358034676,0.33551594554188857,0.3098645449749181,254,-0.018289281976361038,0.10129851950900456,0.6481550745575075,-0.028217447790325558,0.13683242071244464,0.31667817596320563,254,0.04594971487100141,0.5541666666666667,True,False,False,True,True,False,True,4
176,SMA_N150_th5_bL3_sL-2,SMA,150,0.05,3.0,-2.0,TQQQ,0.051917741011505036,0.3628879633865757,0.8124208712932637,0.06390498182162534,0.4922027600807538,0.5236501223488653,21,0.02197658385690371,0.3111582552258709,0.8241886543503456,0.026664506652577524,0.4181952809614774,0.5295806317980075,21,0.029941157154601328,0.5536458333333334,True,False,False,True,True,False,False,3
177,EMA_N100_th10_bL2_sL0,EMA,100,0.1,2.0,0.0,QLD,0.04595151746905057,0.3017113343231156,0.6856299923394553,0.06702086837283511,0.4032072004677329,0.2979249947686478,13,0.03402183411953552,0.2638096024023809,0.7105746563728681,0.04787932388863986,0.35013289902488964,0.3006192965761273,13,0.011929683349515052,0.5510416666666667,True,False,False,True,True,False,True,4
178,EMA_N100_th0_bL1_sL-1,EMA,100,0.0,1.0,-1.0,QQQ,0.016476882638071677,0.1825309320785758,0.4314775622289567,0.038187113491960634,0.2500583018216564,0.20480185405646972,179,-0.007873501862900256,0.06693917655032437,0.49069189004078967,-0.01604571427142551,0.09028226117198751,0.20863668382401235,179,0.024350384500971933,0.5453125,True,False,False,True,True,False,True,4
179,SMA_N200_th10_bL2_sL-1,SMA,200,0.1,2.0,-1.0,QLD,0.04322127777394735,0.2965195608746554,0.6897530689797152,0.06266195790600888,0.3990391789048678,0.34089976016210755,12,0.026580753105226895,0.2508172377719114,0.7066035437083542,0.03761763345500277,0.33458111076740227,0.3447261630478707,12,0.016640524668720458,0.5432291666666667,True,False,False,True,True,False,True,4
180,SMA_N100_th5_bL1_sL-1,SMA,100,0.05,1.0,-1.0,QQQ,0.015379648386444122,0.17715011853313767,0.43107603437183734,0.0356773449696764,0.24183233318154582,0.2035644378740343,25,-0.001562182085965369,0.09691919454803549,0.44440122629973505,-0.003515251519382003,0.13017765422434507,0.2075859288146103,25,0.01694183047240949,0.540625,True,False,False,True,True,False,True,4
181,EMA_N150_th2_bL2_sL-2,EMA,150,0.02,2.0,-2.0,QLD,0.043030252961851145,0.3082047568410993,0.7413487296861488,0.05804320050574319,0.4222530791811379,0.4039594695191443,40,0.014633210687419629,0.24232056959233114,0.753537772858994,0.019419345936567765,0.3286714126107009,0.4087755533427087,40,0.028397042274431517,0.5375000000000001,True,False,False,True,True,False,True,4
182,EMA_N150_th10_bL2_sL-1,EMA,150,0.1,2.0,-1.0,QLD,0.049174639549722565,0.3137813609853386,0.7745462637775131,0.06348831806365525,0.42417473235187264,0.34772852948188837,11,0.03384079331690404,0.27259399007716395,0.8006329797253993,0.042267548519561035,0.36558361818238794,0.3511754284921319,11,0.015333846232818527,0.5369791666666667,True,False,False,True,True,False,False,3
183,SMA_N50_th2_bL3_sL-1,SMA,50,0.02,3.0,-1.0,TQQQ,0.03199514722724128,0.2888321143604419,0.6655924814744412,0.04807017524651817,0.3964157899653644,0.4254959807796915,86,-0.010928706725746196,0.19422595200452342,0.7129515721485614,-0.015328820571657178,0.26247638104092114,0.4333550175287877,86,0.04292385395298748,0.5333333333333334,True,False,False,True,True,False,True,4
184,EMA_N100_th2_bL1_sL-1,EMA,100,0.02,1.0,-1.0,QQQ,0.014739941623454156,0.1741439271365833,0.4361605779582415,0.03379475901388175,0.2364006446299163,0.20389280878695773,55,-0.0051817793391608635,0.07915930661635771,0.4909946225615639,-0.010553637659262023,0.1060318712169044,0.2072732092202342,55,0.01992172096261502,0.5333333333333334,True,False,False,True,True,False,True,4
185,EMA_N200_th0_bL2_sL-2,EMA,200,0.0,2.0,-2.0,QLD,0.03930864082227492,0.29931045433233844,0.7221976268575968,0.05442920242387589,0.4072176557432442,0.403066586139824,98,0.006947421009785293,0.22408562095534948,0.7536102987808047,0.009218850937977988,0.3013101967725929,0.4088875965111286,98,0.03236121981248963,0.53125,True,False,False,True,True,False,True,4
186,SMA_N100_th0_bL2_sL-1,SMA,100,0.0,2.0,-1.0,QLD,0.034464783786476216,0.26672383195364247,0.6793245292813856,0.05073390154619373,0.36260812728265157,0.3181093122632808,179,-0.0036863488192377947,0.15292588713466976,0.7138333734609504,-0.0051641586906547915,0.20425260446297555,0.3251571975228653,179,0.03815113260571401,0.5307291666666667,True,False,False,True,True,False,True,4
187,EMA_N50_th10_bL3_sL0,EMA,50,0.1,3.0,0.0,TQQQ,0.04289975881752861,0.29358585774336504,0.73343008598371,0.058491953953578944,0.3993561786314623,0.31822415948747307,4,0.0372606081681881,0.2774574805543983,0.7415366553852587,0.05024783049845282,0.37496480559588985,0.32071966707721855,4,0.0056391506493405075,0.5265625,True,False,False,True,True,False,True,4
188,EMA_N50_th2_bL2_sL-1,EMA,50,0.02,2.0,-1.0,QLD,0.018947439571028957,0.21773694237165647,0.6174528341360866,0.03068645655751082,0.2981726681375533,0.3140952967124422,88,-0.013865679222457739,0.11804555366679709,0.6664844939992741,-0.020804203769627144,0.15898988838849978,0.3203838247966583,88,0.032813118793486695,0.5223958333333334,True,False,False,True,True,False,True,4
189,SMA_N150_th10_bL2_sL-1,SMA,150,0.1,2.0,-1.0,QLD,0.031325859288853675,0.2624452995566758,0.7061246843940677,0.044363070688761844,0.35270242367377197,0.33903317615582085,13,0.01571853299540238,0.21920475340302267,0.740109615341812,0.021238114827278574,0.29212075032326723,0.34269255896595463,13,0.015607326293451296,0.5135416666666667,True,False,False,True,True,False,True,4
190,EMA_N100_th2_bL3_sL-2,EMA,100,0.02,3.0,-2.0,TQQQ,0.02497583620564625,0.3109261965070053,0.7675156746892035,0.032541141541845287,0.4233638305497293,0.5201342087207811,55,-0.015430954674234831,0.23777049342718523,0.8063105367117884,-0.019137731645134815,0.32056429575270057,0.5264204193331827,55,0.04040679087988108,0.5119791666666668,True,False,False,True,True,False,False,3
191,SMA_N150_th0_bL1_sL-2,SMA,150,0.0,1.0,-2.0,QQQ,0.009978980883124766,0.18936942453403385,0.5865995674812695,0.01701157218027339,0.26101365185412556,0.3123283412898192,98,-0.013452297744266706,0.11635820856072406,0.6497432882729857,-0.020704019552126262,0.15900029653029482,0.31542737121996406,98,0.023431278627391472,0.5119791666666667,True,False,False,True,True,False,True,4
192,SMA_N200_th0_bL3_sL-3,SMA,200,0.0,3.0,-3.0,TQQQ,0.03216903826476547,0.3590098276794551,0.8845208933383711,0.03636888456456086,0.4910868771525118,0.6019712849553386,86,-0.004468993334208249,0.30306706974048914,0.8992865353213596,-0.004969487653466597,0.4109861698314002,0.6081952928556059,86,0.03663803159897372,0.509375,True,False,False,True,True,False,False,3
193,EMA_N200_th2_bL3_sL-3,EMA,200,0.02,3.0,-3.0,TQQQ,0.023156429743909523,0.3442202382615595,0.8134098295775081,0.028468342650760894,0.4714753342274559,0.601756422506008,34,-0.008607798759440732,0.2964041917040696,0.8336089862252721,-0.010325942860115216,0.4022836459287559,0.6082769037491872,34,0.031764228503350256,0.509375,True,False,False,True,True,False,True,4
194,SMA_N100_th5_bL3_sL-2,SMA,100,0.05,3.0,-2.0,TQQQ,0.020103965406924607,0.30193334287562185,0.7630580596917069,0.026346573699840184,0.4127865796990469,0.5208895687288373,25,-0.010623709457309838,0.24767699317353534,0.7743563136437497,-0.013719407035399186,0.33519346655032195,0.5272047623314223,25,0.030727674864234444,0.5057291666666667,True,False,False,True,True,False,False,3
195,EMA_N200_th10_bL2_sL-2,EMA,200,0.1,2.0,-2.0,QLD,0.04206660012521746,0.3064404434255533,0.8647382196930831,0.04864662989008157,0.41143993334064305,0.40180858859507357,8,0.02611104473007697,0.269711441924718,0.8945677728499483,0.029188447787350313,0.35966535552799866,0.40532565638996115,8,0.015955555395140486,0.5020833333333334,True,False,False,False,False,False,True,2
196,SMA_N100_th2_bL1_sL-1,SMA,100,0.02,1.0,-1.0,QQQ,0.0015798981142747248,0.11011085446342396,0.497133057746544,0.003178018620278945,0.14921457565503926,0.20385275599534292,51,-0.016582407158755252,0.02339828037057166,0.5618449879594976,-0.02951420323064384,0.03130490994480114,0.20709482186634376,51,0.018162305273029977,0.5,True,False,False,True,True,False,True,4
197,SMA_N150_th0_bL2_sL-3,SMA,150,0.0,2.0,-3.0,QLD,0.017727840255044036,0.29243497327539003,0.7495540524515527,0.02365118325631342,0.4037645320006306,0.5072053217829469,98,-0.01875530913569967,0.22357514281154736,0.8032166328876019,-0.023350249942252124,0.3061746561432382,0.5119593909674254,98,0.03648314939074371,0.4989583333333334,True,False,False,True,True,False,True,4
198,SMA_N200_th2_bL2_sL-2,SMA,200,0.02,2.0,-2.0,QLD,0.033814273916951354,0.2866522991340928,0.8217817785625867,0.041147509958297364,0.38653874109309916,0.40261563643296805,30,0.00714694579079822,0.22540377236234435,0.8471433824088536,0.0084365243702617,0.30025948265831626,0.40889093736958587,30,0.026667328126153134,0.49375,True,False,False,True,True,False,True,4
199,SMA_N50_th2_bL2_sL-1,SMA,50,0.02,2.0,-1.0,QLD,-0.0015331156203794993,0.1503074168463056,0.5975247447639358,-0.0025657776247997688,0.20609638534836425,0.30877968904606423,86,-0.03314689848005914,0.05158188042868826,0.6846714243889673,-0.048412855129219064,0.06959804890410319,0.3147100977354402,86,0.03161378285967964,0.4906250000000001,True,False,False,True,True,False,True,4
200,EMA_N50_th0_bL2_sL-1,EMA,50,0.0,2.0,-1.0,QLD,0.005799733379310279,0.17576846546231598,0.6373731114436052,0.0090994321460695,0.23954563020147593,0.31252065920461547,304,-0.04191583071693228,0.028143145709660186,0.7752169409940404,-0.054069807431174954,0.03758458514328286,0.32039362465459803,304,0.04771556409624256,0.48854166666666665,True,False,False,True,True,False,True,4
201,EMA_N100_th10_bL3_sL0,EMA,100,0.1,3.0,0.0,TQQQ,0.030835286910276816,0.2952516963262044,0.8492413485918778,0.036309215232400806,0.39451077353830666,0.4444537388133614,13,0.017414960453734363,0.2671684251719387,0.8634578201517625,0.020168860652247593,0.35539942336429486,0.44703824341062093,13,0.013420326456542453,0.48437500000000006,True,False,False,True,True,False,True,4
202,EMA_N100_th5_bL2_sL-2,EMA,100,0.05,2.0,-2.0,QLD,0.0037630308587257577,0.21423673329276957,0.6983489641266656,0.005388467731790355,0.2922316752154579,0.40595775782502647,23,-0.021163700303999722,0.15663668607490425,0.7101665547043658,-0.02980103774784202,0.21117202025598658,0.41170659997552445,23,0.02492673116272548,0.484375,True,False,False,True,True,False,True,4
203,SMA_N150_th2_bL3_sL-3,SMA,150,0.02,3.0,-3.0,TQQQ,0.0039837730581946396,0.3138635433252702,0.8448335432704323,0.004715453227357746,0.42944767053840904,0.603907120219176,36,-0.03129911021118803,0.2585260313518347,0.8873975720115445,-0.03527067370743364,0.35107016988644074,0.6093250581409723,36,0.03528288326938267,0.4828125000000001,True,False,False,True,True,False,True,4
204,SMA_N100_th10_bL3_sL-1,SMA,100,0.1,3.0,-1.0,TQQQ,0.03220500596168252,0.3040583214180461,0.8952320163629824,0.035973921143392866,0.4109545757865864,0.462784031302367,13,0.014605414385967297,0.26882602423114543,0.9061935394598744,0.01611732345241909,0.36124492003876013,0.466107192619825,13,0.017599591575715223,0.4807291666666667,True,False,False,True,True,False,True,4
205,SMA_N200_th5_bL2_sL-2,SMA,200,0.05,2.0,-2.0,QLD,0.01150312931715014,0.2325382154662636,0.776721367156007,0.014809853061296946,0.31228936026486204,0.4024924504572697,16,-0.009998328747185203,0.18266409354211216,0.8121078185963561,-0.012311577992767359,0.24290300996190312,0.4076122665166028,16,0.021501458064335344,0.47500000000000003,True,False,False,True,True,False,True,4
206,SMA_N200_th10_bL1_sL-1,SMA,200,0.1,1.0,-1.0,QQQ,-0.0015669853082972418,0.09375280033321523,0.5759777255531922,-0.0027205658114508617,0.12521756492706737,0.20173693133494064,12,-0.012619314574750518,0.04100615004328052,0.6125496682697733,-0.02060129199056694,0.05419833463545297,0.20452094798147297,12,0.011052329266453276,0.47395833333333337,True,False,False,True,True,False,True,4
207,EMA_N200_th5_bL3_sL-3,EMA,200,0.05,3.0,-3.0,TQQQ,0.017704879169038623,0.33698923794493707,0.9145561753382798,0.01935898487863785,0.45512281207438765,0.6012931294528366,14,-0.006905192329887289,0.29972312992146477,0.9306789242290979,-0.007419521545098932,0.40211879274338974,0.6062809968809488,14,0.02461007149892591,0.47291666666666676,True,False,False,True,True,False,False,3
208,EMA_N200_th2_bL1_sL-2,EMA,200,0.02,1.0,-2.0,QQQ,-0.017978368817533563,0.09366342273451173,0.5471836270503296,-0.03285618927314856,0.1275711186469771,0.3036113386647017,34,-0.03506346165687113,0.03902442457526419,0.5990784524169819,-0.058528998189481866,0.05267128068404066,0.3069289082296201,34,0.017085092839337568,0.4671875000000001,True,False,False,True,True,False,True,4
209,EMA_N150_th5_bL1_sL-2,EMA,150,0.05,1.0,-2.0,QQQ,-0.0055379206984947915,0.13636989260688032,0.6308784763135533,-0.00877811005830287,0.18558312267243712,0.3056960505688047,16,-0.022063731155008703,0.08422982004918572,0.6765518107061629,-0.032612034741255506,0.11360334045390387,0.3090105766749769,16,0.016525810456513912,0.46718750000000003,True,False,False,True,True,False,True,4
210,SMA_N150_th5_bL2_sL-2,SMA,150,0.05,2.0,-2.0,QLD,0.0015353257817818378,0.20833749915588673,0.760990089344037,0.002017537157553875,0.281508614951017,0.4038970065472542,21,-0.021912173849844674,0.15330217163283805,0.8040010640699607,-0.02725391150469668,0.2051690883223102,0.4087473899842744,21,0.02344749963162651,0.46406250000000004,True,False,False,True,True,False,True,4
211,EMA_N150_th2_bL3_sL-3,EMA,150,0.02,3.0,-3.0,TQQQ,-0.0015555586041365865,0.3046134068245354,0.8809703970481071,-0.0017657331158332239,0.41748147660928986,0.6040098376828772,40,-0.03477410610220799,0.2523349182845426,0.8885180342334073,-0.03913719785351378,0.3433374149672322,0.6091607135753773,40,0.033218547498071405,0.46093750000000006,True,False,False,True,True,False,True,4
212,SMA_N100_th2_bL3_sL-2,SMA,100,0.02,3.0,-2.0,TQQQ,-0.003975605165581597,0.25360812498138974,0.8161714313690207,-0.004871041809087878,0.3443377311430317,0.5156558708836538,51,-0.0404169582978422,0.18592146454078873,0.863230359620731,-0.046820594117658,0.2500421680451463,0.5217041199135719,51,0.0364413531322606,0.4557291666666667,True,False,False,True,True,False,True,4
213,EMA_N150_th10_bL1_sL-1,EMA,150,0.1,1.0,-1.0,QQQ,0.0013770113559505859,0.10863650032699751,0.6761960559455048,0.0020364084407815007,0.14554422108764747,0.202413036896466,11,-0.009362726196005644,0.0575356367573855,0.7046403069992128,-0.013287241877884945,0.07628634451324127,0.20514645794956565,11,0.01073973755195623,0.4541666666666667,True,False,False,True,True,False,False,3
214,EMA_N100_th0_bL2_sL-2,EMA,100,0.0,2.0,-2.0,QLD,-0.01080568167312812,0.17880992930629575,0.722854148875816,-0.014948633399881754,0.24531266949443448,0.4075172155850919,179,-0.0497036080717983,0.08529227283073886,0.7909522591324418,-0.06284021253863772,0.11565954031988274,0.41311325693623624,179,0.03889792639867018,0.4536458333333333,True,False,False,True,True,False,True,4
215,EMA_N200_th0_bL3_sL-3,EMA,200,0.0,3.0,-3.0,TQQQ,-0.0042121528940287645,0.29964283183228624,0.8798567437697606,-0.004787316712470404,0.4079766377258299,0.6021330514066086,98,-0.041814224171655034,0.24043207368763342,0.896228615109209,-0.046655756652625745,0.3245771102337592,0.6083766128532561,98,0.03760207127762627,0.45312500000000006,True,False,False,True,True,False,False,3
216,SMA_N100_th10_bL2_sL-1,SMA,100,0.1,2.0,-1.0,QLD,0.008046863538850202,0.18978539095306687,0.8320472148473663,0.009671162159140628,0.25611481005142006,0.32699609307956673,13,-0.006320310079320213,0.14800069475492597,0.8466212502682073,-0.007465333615613777,0.19818536540194678,0.3301696977136126,13,0.014367173618170415,0.44583333333333336,True,False,False,True,True,False,True,4
217,SMA_N50_th5_bL3_sL-1,SMA,50,0.05,3.0,-1.0,TQQQ,-0.009050991809163134,0.2072680021242507,0.8071403333413902,-0.01121365323387315,0.2805544980711429,0.44959118878043863,44,-0.03780962777418939,0.14573402498491148,0.83471013333456,-0.045296715906808,0.1954817303076532,0.45466219996621277,44,0.028758635965026258,0.4421875,True,False,False,False,True,False,True,3
218,EMA_N150_th5_bL2_sL-3,EMA,150,0.05,2.0,-3.0,QLD,-0.01390376243309821,0.22700418938689276,0.8263467201551067,-0.016825579498262484,0.30950370483811734,0.5003462094923921,16,-0.037787761868003034,0.18182378855995113,0.8573209839779412,-0.044076562424343164,0.24588430926769106,0.5052584600041795,16,0.023883999434904823,0.44166666666666665,True,False,False,True,True,False,True,4
219,EMA_N150_th0_bL1_sL-2,EMA,150,0.0,1.0,-2.0,QQQ,-0.013281271115877735,0.11356162566907917,0.695442639759642,-0.019097579522112693,0.1553879557465881,0.3102321714196956,114,-0.03633480249158827,0.04017443151378173,0.7509321523823644,-0.04838626549191502,0.05451889717348141,0.3132533951399864,114,0.023053531375710534,0.43802083333333336,True,False,False,True,True,False,True,4
220,SMA_N150_th10_bL1_sL-1,SMA,150,0.1,1.0,-1.0,QQQ,-0.012074275057380679,0.0418984306214095,0.6178086069454445,-0.01954371454466787,0.055876988313462016,0.20245437589367543,13,-0.02251624092547222,-0.007633477093228269,0.6488309689897735,-0.034702783932354354,-0.010080126661886981,0.20510213515660505,13,0.01044196586809154,0.43750000000000006,True,False,False,True,True,False,True,4
221,SMA_N200_th0_bL1_sL-2,SMA,200,0.0,1.0,-2.0,QQQ,-0.017486506348159403,0.09722252220255559,0.6725095788247886,-0.026001869562537826,0.13223334549556826,0.3063322835478962,86,-0.0374922612502161,0.033267780429476944,0.7202039750900155,-0.0520578371502741,0.04484514032200223,0.3096473139640438,86,0.020005754902056694,0.43750000000000006,True,False,False,True,True,False,True,4
222,SMA_N100_th5_bL2_sL-2,SMA,100,0.05,2.0,-2.0,QLD,-0.02750308340353591,0.1363201682602902,0.697709797463505,-0.03941908728173551,0.18578176783298656,0.4059973837709212,25,-0.051665257564668665,0.07912288137304466,0.7092237379930058,-0.07284761464819749,0.10671528079989506,0.4110910525322404,25,0.024162174161132755,0.4317708333333334,True,False,False,True,True,False,True,4
223,EMA_N150_th0_bL2_sL-3,EMA,150,0.0,2.0,-3.0,QLD,-0.02056505067682257,0.21592165780560643,0.8530957818741768,-0.024106379510683965,0.29610606148983065,0.5051973595836017,114,-0.056135763423588614,0.14661287747209645,0.8952117576009765,-0.06270668693407629,0.19941981253489463,0.5100528640458496,114,0.03557071274676604,0.4260416666666667,True,False,False,True,True,False,True,4
224,EMA_N200_th5_bL1_sL-2,EMA,200,0.05,1.0,-2.0,QQQ,-0.016150288567792437,0.09500927092914548,0.7239689705425897,-0.02230798449233032,0.12719174909727968,0.2957687873291457,14,-0.02981200630228198,0.05021602147433801,0.7542707061544066,-0.03952427962405737,0.06674857165187843,0.29849262239783114,14,0.013661717734489542,0.4229166666666667,True,False,False,True,True,False,True,4
225,EMA_N100_th2_bL2_sL-2,EMA,100,0.02,2.0,-2.0,QLD,-0.025866047965998784,0.14095435661446082,0.7588148871953899,-0.03408742817579756,0.19124474897325644,0.4065528631402549,55,-0.05597794298021552,0.06800548379069113,0.81538120933254,-0.0686524809984747,0.09141418619730003,0.41119873860383677,55,0.03011189501421674,0.4197916666666667,True,False,False,True,True,False,True,4
226,SMA_N50_th5_bL2_sL-1,SMA,50,0.05,2.0,-1.0,QLD,-0.02514202329764581,0.08254163504076557,0.6956814888479654,-0.036140135537141425,0.11159045716381863,0.3212430202595602,44,-0.047537536077406295,0.014485145600148085,0.7373313515243494,-0.06447241932562314,0.01938178762931815,0.3253784944767725,44,0.022395512779760485,0.4197916666666667,True,False,False,False,True,False,True,3
227,EMA_N200_th2_bL2_sL-3,EMA,200,0.02,2.0,-3.0,QLD,-0.03549800301665906,0.1808052986745453,0.7668221556641995,-0.04629235443244555,0.24668986246717553,0.4976316594355728,34,-0.06050509388350167,0.1324133557373039,0.810015138565629,-0.07469625072766393,0.17914642263457586,0.5026515209420277,34,0.025007090866842607,0.4182291666666667,True,False,False,True,True,False,True,4
228,SMA_N100_th0_bL1_sL-1,SMA,100,0.0,1.0,-1.0,QQQ,-0.02242593772153556,-0.007913617739787058,0.6286185760566168,-0.035674952309261314,-0.010720605882592984,0.20480286064696587,179,-0.04438607447532994,-0.11284596588516439,0.6921014285045438,-0.06413232605405399,-0.15065586835602424,0.20852551547123024,179,0.02196013675379438,0.4140625,True,False,False,True,True,False,True,4
229,SMA_N200_th0_bL2_sL-3,SMA,200,0.0,2.0,-3.0,QLD,-0.030595944036699962,0.1928439369353028,0.843350938874756,-0.03627901817186889,0.26280888915526746,0.5004675237329687,86,-0.05929008054510598,0.13686994972477817,0.871691883328317,-0.06801724517466312,0.18504474138517654,0.5052698207507309,86,0.02869413650840602,0.4130208333333333,True,False,False,True,True,False,True,4
230,EMA_N200_th10_bL3_sL-3,EMA,200,0.1,3.0,-3.0,TQQQ,-0.005341476077065477,0.2988894951738522,0.9766649565149876,-0.005469097709950964,0.4013552213368671,0.6004456545582972,8,-0.022116752699921083,0.2728906064414933,0.9822690513774797,-0.022515982427529172,0.36493304139984617,0.6036081348203406,8,0.016775276622855606,0.4119791666666667,True,False,False,False,False,False,True,2
231,EMA_N50_th2_bL1_sL-1,EMA,50,0.02,1.0,-1.0,QQQ,-0.029080870183409657,-0.038866819944443166,0.5988406386173658,-0.048561951724841304,-0.05317016900032055,0.2068693954461026,88,-0.04831809777881002,-0.13012976936469234,0.6595962896860926,-0.07325404726246262,-0.17568083361183998,0.21011042049003287,88,0.019237227595400364,0.40937500000000004,True,False,False,True,True,False,True,4
232,SMA_N200_th2_bL3_sL-3,SMA,200,0.02,3.0,-3.0,TQQQ,-0.015651414401361974,0.2817068754576668,0.9427271168868244,-0.016602274529927356,0.38003581052226004,0.6018064610001321,30,-0.0462133723548821,0.23465116235443606,0.9545743698684471,-0.048412542609174505,0.31380759725217816,0.6084292107188758,30,0.030561957953520125,0.4083333333333333,True,False,False,True,True,False,True,4
233,SMA_N50_th0_bL1_sL-1,SMA,50,0.0,1.0,-1.0,QQQ,-0.030369831223128974,-0.043971750686730815,0.6005726848381993,-0.050568119379773215,-0.06034429830113789,0.20796734213443582,254,-0.056972711329761894,-0.1710453685456409,0.7040743034874907,-0.0809186062430613,-0.2313186710444233,0.2115334959787992,254,0.02660288010663292,0.4046875,True,False,False,True,True,False,True,4
234,SMA_N150_th2_bL1_sL-2,SMA,150,0.02,1.0,-2.0,QQQ,-0.03261070713230285,0.05032481308052927,0.7128369949141067,-0.0457477759501417,0.06851886138537662,0.31077767747417406,36,-0.05091370046439048,-0.008285726364620976,0.7560997902305457,-0.06733727627257528,-0.01120250982677184,0.3133819410158583,36,0.018302993332087625,0.3984375,True,False,False,True,True,False,True,4
235,EMA_N150_th2_bL1_sL-2,EMA,150,0.02,1.0,-2.0,QQQ,-0.0349294967830196,0.04137071011794214,0.6865523396439647,-0.050876669943523155,0.056403794814720826,0.3094000630156094,40,-0.052226380162680885,-0.014302869865429654,0.7306826976404492,-0.0714761418757177,-0.019368231878146087,0.3118945678980227,40,0.017296883379661288,0.39583333333333337,True,False,False,True,True,False,True,4
236,EMA_N200_th0_bL1_sL-2,EMA,200,0.0,1.0,-2.0,QQQ,-0.03396946685135038,0.03854724454724313,0.7038326656891043,-0.048263555397918,0.05210093548875612,0.3022849865570191,98,-0.0537619564725319,-0.026352563861540525,0.7487183209430178,-0.07180531712489446,-0.035325624546706874,0.3053757956785888,98,0.01979248962118152,0.39114583333333336,True,False,False,True,True,False,True,4
237,EMA_N100_th5_bL3_sL-3,EMA,100,0.05,3.0,-3.0,TQQQ,-0.058342001099510155,0.2098881187826118,0.8611374063870078,-0.06774993243446495,0.28638494045692353,0.6071122795381662,23,-0.08652309323287666,0.1654555872073582,0.8934716581506199,-0.09683921414135192,0.2238764978794436,0.6131901227155111,23,0.028181092133366503,0.3880208333333333,True,False,False,True,True,False,True,4
238,SMA_N50_th0_bL3_sL-2,SMA,50,0.0,3.0,-2.0,TQQQ,-0.04498997386275261,0.16497991676926552,0.8376273930121746,-0.05371120170863215,0.2274537250688791,0.5068511320015832,254,-0.10323699755477866,0.04898153870186727,0.9243055266367421,-0.11169142083400249,0.06660216667760414,0.514984095683016,254,0.058247023692026056,0.3875,True,False,False,True,True,False,True,4
239,SMA_N200_th10_bL3_sL-2,SMA,200,0.1,3.0,-2.0,TQQQ,-0.03869820661347034,0.1983496230111283,0.9038991116099695,-0.04281252865106093,0.26605559532947715,0.5341110817970474,12,-0.056606979694395876,0.16629348897905954,0.9179469324462,-0.06166694140318788,0.22185342605010633,0.5378118329469507,12,0.017908773080925533,0.38385416666666666,True,False,False,True,True,False,True,4
240,EMA_N200_th5_bL2_sL-3,EMA,200,0.05,2.0,-3.0,QLD,-0.03436031696679698,0.17932320364429863,0.8941226117840706,-0.038429088487357196,0.24078361899305764,0.48960855989045526,14,-0.053946835319805486,0.14078246443489809,0.9109357912935708,-0.05922133682243234,0.18785511147807785,0.49351803578982373,14,0.01958651835300851,0.38333333333333336,True,False,False,True,True,False,True,4
241,EMA_N150_th10_bL3_sL-2,EMA,150,0.1,3.0,-2.0,TQQQ,-0.030693034808598085,0.21847922688772003,0.9500773466120979,-0.03230582743399479,0.2943349662808373,0.5419992553367893,11,-0.046296542600723134,0.19106301135071105,0.9562853044403695,-0.04841289768414508,0.2562171474773108,0.5451288758574079,11,0.015603507792125049,0.3822916666666667,True,False,False,True,True,False,False,3
242,SMA_N100_th0_bL3_sL-2,SMA,100,0.0,3.0,-2.0,TQQQ,-0.041985375209800724,0.17577513091348504,0.8901283794247677,-0.047167775098838155,0.2391223722694613,0.5126682590341826,179,-0.0889184520961126,0.08558149537793476,0.9290150134073198,-0.09571261046685255,0.11493891085733968,0.5207426083273415,179,0.046933076886311875,0.3770833333333333,True,False,False,True,True,False,True,4
243,SMA_N200_th5_bL3_sL-3,SMA,200,0.05,3.0,-3.0,TQQQ,-0.04891460292071903,0.22479131618046352,0.9253697807299239,-0.05285952052825369,0.3018735864258471,0.6016162084696336,16,-0.07297366938098904,0.18695238492017438,0.9395185723125185,-0.07767134310221524,0.24931389191503908,0.6069880318379003,16,0.024059066460270007,0.3765625,True,False,False,True,True,False,True,4
244,EMA_N200_th10_bL1_sL-2,EMA,200,0.1,1.0,-2.0,QQQ,-0.022822098964252135,0.05866790423874376,0.8493864016115131,-0.026868924344623967,0.07748367072616567,0.27838203566788244,8,-0.03412396764825498,0.019542107476589927,0.8751793532520817,-0.03899082801879823,0.025635413947529422,0.28097138987324344,8,0.011301868684002847,0.3734375,True,False,False,False,False,False,True,2
245,SMA_N150_th2_bL2_sL-3,SMA,150,0.02,2.0,-3.0,QLD,-0.05654995151747,0.14233257981917144,0.8738398180440502,-0.06471432217868942,0.19408192569890878,0.5056505925072791,36,-0.08362521592023298,0.08850893953925504,0.9024502877325916,-0.09266462325624775,0.11988755563211269,0.5096712716923195,36,0.027075264402762977,0.36614583333333334,True,False,False,True,True,False,True,4
246,EMA_N200_th0_bL2_sL-3,EMA,200,0.0,2.0,-3.0,QLD,-0.05720180055375179,0.13434258860451714,0.8618377985580139,-0.06637188650748334,0.1820762130711528,0.49631933427847874,98,-0.08624431409092714,0.07583517126822116,0.8931734083018618,-0.09655942876187772,0.10198921537267473,0.5010297829914138,98,0.029042513537175352,0.36250000000000004,True,False,False,True,True,False,True,4
247,SMA_N100_th2_bL2_sL-2,SMA,100,0.02,2.0,-2.0,QLD,-0.05008997424353345,0.0788876356453515,0.8290971587995026,-0.06041508369907045,0.10682212389198123,0.40637387788623536,51,-0.07732515919185623,0.012011879780201951,0.8636387458479845,-0.08953414788718478,0.01612182749053293,0.41081515219773734,51,0.027235184948322777,0.36197916666666674,True,False,False,True,True,False,True,4
248,SMA_N200_th2_bL1_sL-2,SMA,200,0.02,1.0,-2.0,QQQ,-0.03707829162786769,0.03078316722852444,0.7878864923782374,-0.047060448410464265,0.041260079114603276,0.30503645636209153,30,-0.05367101575349209,-0.022360886251436295,0.8152553430719911,-0.06583338117264283,-0.02971916701603941,0.3083532764979708,30,0.016592724125624403,0.3619791666666667,True,False,False,True,True,False,True,4
249,SMA_N50_th2_bL1_sL-1,SMA,50,0.02,1.0,-1.0,QQQ,-0.043953896882047205,-0.11350042189666397,0.6296139300722193,-0.06981087104760454,-0.15554513369655568,0.20685788427594126,86,-0.06259478896430004,-0.20242622145095018,0.7067171790777521,-0.08857120049916523,-0.27391167055708426,0.2099299262353515,86,0.018640892082252836,0.3604166666666667,True,False,False,True,True,False,True,4
250,EMA_N150_th2_bL2_sL-3,EMA,150,0.02,2.0,-3.0,QLD,-0.06039836263616327,0.13311403653145495,0.8537054873277445,-0.07074847653283953,0.18178079238782294,0.5042485902438593,40,-0.08597950694293466,0.0820207953975319,0.8847335117910712,-0.09718124813524484,0.11128703977927344,0.5081035840397147,40,0.025581144306771386,0.35989583333333336,True,False,False,True,True,False,True,4
251,EMA_N100_th0_bL3_sL-3,EMA,100,0.0,3.0,-3.0,TQQQ,-0.06913433804964408,0.1914374572303764,0.8931422530860763,-0.07740574114679276,0.2629786676008935,0.6088779576491239,179,-0.11666247961216403,0.11164623570176106,0.9332562679332252,-0.1250058356109656,0.1519342031119391,0.6155592296468217,179,0.04752814156251994,0.35937500000000006,True,False,False,True,True,False,True,4
252,EMA_N50_th5_bL3_sL-1,EMA,50,0.05,3.0,-1.0,TQQQ,-0.06472946003017055,0.06957733716244473,0.7996985369293397,-0.08094232644055714,0.09383213811204963,0.43886511766213476,40,-0.08931294846548554,0.014821101852413483,0.838262603926349,-0.10654530936624332,0.019794434387212796,0.44423173118539616,40,0.024583488435314993,0.35416666666666674,True,False,False,True,True,False,True,4
253,SMA_N150_th5_bL3_sL-3,SMA,150,0.05,3.0,-3.0,TQQQ,-0.062273210854355776,0.20208493812328152,0.929927581713591,-0.06696565633595256,0.27307937396335125,0.6037757905276191,21,-0.08896410508235053,0.15892368136449653,0.9453308952858174,-0.09410895753645347,0.21329087941536384,0.6089152441198067,21,0.026690894227994755,0.353125,True,False,False,True,True,False,True,4
254,SMA_N200_th5_bL1_sL-2,SMA,200,0.05,1.0,-2.0,QQQ,-0.05096931551423667,-0.02069196741796963,0.7428374878812768,-0.068614355556572,-0.027573739616541585,0.3013350637840768,16,-0.06476036215927405,-0.065611442374338,0.7704497316181231,-0.08405527252668682,-0.0868140828359746,0.304145946657914,16,0.013791046645037386,0.35260416666666666,True,False,False,True,True,False,True,4
255,SMA_N100_th10_bL1_sL-1,SMA,100,0.1,1.0,-1.0,QQQ,-0.032495155217898475,-0.05994999084516939,0.7514049830017645,-0.04324586069164006,-0.08058263927548133,0.20350589742305672,13,-0.04186334462956798,-0.10435206406309637,0.7658046926015015,-0.05466582411156917,-0.13910334127961793,0.20565038632301913,13,0.009368189411669503,0.35052083333333334,True,False,False,True,True,False,True,4
256,SMA_N50_th5_bL1_sL-1,SMA,50,0.05,1.0,-1.0,QQQ,-0.053938357373576884,-0.1647878293530844,0.6177513588400418,-0.08731402465039899,-0.2225070045284207,0.2064950319550493,44,-0.06777743926397362,-0.23094416790834899,0.6941715628508165,-0.09763787929546687,-0.30892456349808184,0.20888638166118476,44,0.013839081890396732,0.34635416666666674,True,False,False,False,False,False,True,2
257,SMA_N150_th10_bL3_sL-2,SMA,150,0.1,3.0,-2.0,TQQQ,-0.058323633613231896,0.15890313096874817,0.9238461023191759,-0.06313133049630154,0.21285845797102226,0.5329472579593484,13,-0.07485084937303388,0.1289318411915301,0.934035180100575,-0.08013707724046765,0.17182725849937214,0.5364587459829229,13,0.016527215759801983,0.34635416666666663,True,False,False,True,True,False,True,4
258,EMA_N50_th2_bL3_sL-2,EMA,50,0.02,3.0,-2.0,TQQQ,-0.07097089517781296,0.11419421270979482,0.8767559315442364,-0.08094715145275543,0.15642407220459367,0.5111855301209782,88,-0.11042966030844181,0.036847779034803026,0.923150450586295,-0.11962260348603815,0.04988290886782015,0.5183135091301893,88,0.03945876513062885,0.340625,True,False,False,True,True,False,True,4
259,EMA_N50_th0_bL1_sL-1,EMA,50,0.0,1.0,-1.0,QQQ,-0.04491216066519432,-0.11583657977333951,0.6934100090688341,-0.06476999189196292,-0.1574356818581175,0.20842642114495366,304,-0.07242993608893755,-0.24693303998363728,0.7849130615147074,-0.09227765422728972,-0.330280490683819,0.21250246316718965,304,0.02751777542374323,0.340625,True,False,False,True,True,False,True,4
260,EMA_N200_th10_bL2_sL-3,EMA,200,0.1,2.0,-3.0,QLD,-0.045452604076648306,0.1438401555943621,0.9671894369931303,-0.0469945207610566,0.19115631731881047,0.4720506182817899,8,-0.060068113153622704,0.11386456405109456,0.9744252166132071,-0.061644662032044294,0.1506017749809971,0.47504155489977146,8,0.014615509076974398,0.3380208333333333,True,False,False,False,False,False,True,2
261,SMA_N200_th10_bL2_sL-2,SMA,200,0.1,2.0,-2.0,QLD,-0.0601059702070913,0.050009197547169905,0.8634222270690983,-0.06961364709259577,0.06666657379506225,0.40216671403866544,12,-0.07509831183390847,0.013546624286691336,0.8804217242273679,-0.08529811312846981,0.01794837813067457,0.4054036895733547,12,0.014992341626817174,0.3338541666666667,True,False,False,True,True,False,True,4
262,SMA_N50_th10_bL3_sL-1,SMA,50,0.1,3.0,-1.0,TQQQ,-0.046899884534236325,0.050049486712813465,0.8946227688287242,-0.05242420176231321,0.06905771340335186,0.3619006898396231,7,-0.05745936992406597,0.023681243440462636,0.8956470073090648,-0.06415403552421878,0.03236790903793126,0.3657834915817363,7,0.010559485389829648,0.3322916666666667,True,False,False,True,True,False,True,4
263,EMA_N100_th5_bL1_sL-2,EMA,100,0.05,1.0,-2.0,QQQ,-0.06498413162285888,-0.055719013967263066,0.7355842992728179,-0.08834355448736567,-0.07564172914689671,0.3136703957386145,23,-0.08057122470410816,-0.10508087801033313,0.767616820220961,-0.10496281814267107,-0.14153522333240248,0.3166525303176354,23,0.015587093081249281,0.3302083333333333,True,False,False,True,True,False,True,4
264,SMA_N100_th5_bL3_sL-3,SMA,100,0.05,3.0,-3.0,TQQQ,-0.10227406998945243,0.13122568257847708,0.8713801573435924,-0.11737020762698515,0.17887781999423624,0.6071334598434592,25,-0.12931546128877203,0.08648166812477177,0.9215070397593675,-0.14033041063098126,0.11700978028645032,0.6125467442815563,25,0.027041391299319595,0.3260416666666667,True,False,False,False,True,False,True,3
265,SMA_N200_th2_bL2_sL-3,SMA,200,0.02,2.0,-3.0,QLD,-0.06650239980719863,0.11756689663689884,0.926857138242206,-0.07175043171520598,0.15790412619071792,0.4991768044100645,30,-0.09058205070522551,0.07028681976810268,0.9394520880919877,-0.09642008555135177,0.09365566405527001,0.5042414751667756,30,0.024079650898026883,0.3229166666666667,True,False,False,True,True,False,True,4
266,EMA_N150_th10_bL2_sL-2,EMA,150,0.1,2.0,-2.0,QLD,-0.05446500863774084,0.0657867249370986,0.9225765454246704,-0.05903576121444763,0.0879456143758613,0.40333873763734607,11,-0.06828414571821839,0.032369692215576264,0.9389581328289761,-0.07272331250008547,0.043027722002046895,0.4063033573907975,11,0.01381913708047755,0.3229166666666667,True,False,False,False,False,False,False,1
267,SMA_N150_th0_bL1_sL-3,SMA,150,0.0,1.0,-3.0,QQQ,-0.07546403836395021,0.04353290404671172,0.8566487910997096,-0.08809215532432425,0.059930479593721026,0.43735372561830227,98,-0.09682170340230478,-0.007392499021070161,0.8785445802618189,-0.11020693266749255,-0.01012985625592317,0.43965588968294705,98,0.021357665038354567,0.321875,True,False,False,True,True,False,True,4
268,EMA_N50_th0_bL3_sL-2,EMA,50,0.0,3.0,-2.0,TQQQ,-0.07505440515148254,0.10444615938751513,0.9121926653103434,-0.08227911493450538,0.14272363331684293,0.5096341525355461,304,-0.13515437384497708,-0.016630996563828753,0.9617954256038574,-0.1405229950642791,-0.022384811370437012,0.5189277142582925,304,0.06009996869349454,0.32135416666666666,True,False,False,True,True,False,True,4
269,EMA_N50_th5_bL2_sL-1,EMA,50,0.05,2.0,-1.0,QLD,-0.0679704914918412,-0.0643585945396456,0.7637269966089795,-0.088998414084662,-0.08674115478744636,0.31534505649160444,40,-0.08734762511546745,-0.1244588888050132,0.8030871910340249,-0.10876480921455356,-0.16591323889765414,0.31970065171114975,40,0.019377133623626253,0.3125,True,False,False,False,True,False,True,3
270,SMA_N150_th5_bL1_sL-2,SMA,150,0.05,1.0,-2.0,QQQ,-0.06388963455662688,-0.057745592799229285,0.8073783482417703,-0.07913221192487944,-0.07756024162672359,0.3084823647968845,21,-0.07845361486299962,-0.10494925323795175,0.8284322686431491,-0.09470130248728138,-0.14003858739974523,0.3110393454385002,21,0.014563980306372737,0.3114583333333334,True,False,False,True,True,False,True,4
271,EMA_N100_th2_bL3_sL-3,EMA,100,0.02,3.0,-3.0,TQQQ,-0.09787609832530753,0.13997759224366593,0.9269992625084653,-0.10558379308787608,0.19003223371570643,0.6076987514718573,55,-0.13317712525212888,0.07959310553649435,0.9484657012577827,-0.14041322219192487,0.10727769139390199,0.6130432754507854,55,0.035301026926821355,0.3098958333333333,True,False,False,True,True,False,False,3
272,SMA_N200_th5_bL2_sL-3,SMA,200,0.05,2.0,-3.0,QLD,-0.09015560679188483,0.06307521201865593,0.9058571957553827,-0.09952518698789518,0.0842753471862824,0.4954194893538229,16,-0.10949611153045358,0.024240315642754983,0.9207774759829502,-0.11891701783165805,0.03217928681018384,0.49957840976834084,16,0.019340504738568742,0.3041666666666667,True,False,False,True,True,False,True,4
273,SMA_N150_th10_bL2_sL-2,SMA,150,0.1,2.0,-2.0,QLD,-0.07957226700020814,-0.0005104701731931133,0.8889646078798542,-0.08951117546736184,-0.0006795931768708509,0.4036452475436865,13,-0.09350134269348553,-0.034579472170597716,0.9027824621925438,-0.10357018064618068,-0.04577097538486455,0.4067116578506656,13,0.013929075693277393,0.2989583333333333,True,False,False,True,True,False,True,4
274,EMA_N150_th5_bL1_sL-3,EMA,150,0.05,1.0,-3.0,QQQ,-0.0945243222156199,-0.01594519478301686,0.8440013963998895,-0.11199545713883405,-0.021641804635607324,0.4252535826467878,16,-0.10957137100259684,-0.05247597093498647,0.8809828964250073,-0.12437400481579496,-0.07089215693834486,0.42763541345557043,16,0.015047048786976935,0.2989583333333333,True,False,False,True,True,False,True,4
275,EMA_N100_th0_bL1_sL-2,EMA,100,0.0,1.0,-2.0,QQQ,-0.08163702093509217,-0.10078620690054607,0.804291660677831,-0.10150176226655283,-0.13775034633242134,0.3229242641505665,179,-0.10394109489804182,-0.17284569264980446,0.862446428863297,-0.12051889997971933,-0.23463493049075332,0.32547757244230496,179,0.022304073962949644,0.2921875,True,False,False,True,True,False,True,4
276,SMA_N50_th2_bL3_sL-2,SMA,50,0.02,3.0,-2.0,TQQQ,-0.10106589056977544,0.04474385658135293,0.9113144197704287,-0.11090123054920516,0.06139492883290111,0.5057926606658727,86,-0.13905186251020418,-0.032586670171942,0.9475371661299353,-0.14675082675452128,-0.044205698212832385,0.5125475727226307,86,0.03798597194042874,0.2890625,True,False,False,True,True,False,True,4
277,SMA_N50_th0_bL2_sL-2,SMA,50,0.0,2.0,-2.0,QLD,-0.0915665359510921,-0.023760805050647007,0.8779348404486728,-0.1042976445772406,-0.03269888173757315,0.4136512219269355,254,-0.13388947318449307,-0.1313918399314626,0.9331558132301779,-0.14348029695172362,-0.17872857528131847,0.41917078679211633,254,0.04232293723340097,0.2890625,True,False,False,True,True,False,True,4
278,SMA_N100_th0_bL2_sL-2,SMA,100,0.0,2.0,-2.0,QLD,-0.08454628766761074,-0.010957225241922141,0.8945337917784381,-0.09451435870245081,-0.014863849320876364,0.4075690788844302,179,-0.11877869959706722,-0.09701109474691638,0.9236745130935342,-0.12859367440946085,-0.1301340068450135,0.41315663626636523,179,0.034232411929456474,0.28802083333333334,True,False,False,True,True,False,True,4
279,SMA_N100_th5_bL1_sL-2,SMA,100,0.05,1.0,-2.0,QQQ,-0.087858133254202,-0.1315105533250619,0.7784530196071529,-0.11286247344578315,-0.1784556154174371,0.3158754998920108,25,-0.10292864292882742,-0.17999774634089438,0.8301017397318947,-0.12399521408312093,-0.24259637131807343,0.31845532984057345,25,0.01507050967462542,0.2791666666666667,True,False,False,False,False,False,True,2
280,SMA_N100_th10_bL3_sL-2,SMA,100,0.1,3.0,-2.0,TQQQ,-0.09490398441847236,0.0744434841128601,0.9703180440864758,-0.09780709015652853,0.10025934486531567,0.5217055961285193,13,-0.11033630660160398,0.04465122754380651,0.9734235676826373,-0.11334871094632942,0.059864867297336546,0.5246438063691427,13,0.01543232218313162,0.27864583333333337,True,False,False,True,True,False,True,4
281,EMA_N100_th5_bL2_sL-3,EMA,100,0.05,2.0,-3.0,QLD,-0.10859216054188503,0.03392385934045885,0.8886827737724344,-0.12219451501339926,0.04611962955418282,0.5096283058544347,23,-0.13072874346774654,-0.010101270359541331,0.9102347248769282,-0.14362091435857077,-0.013630649356907963,0.5142073508932479,23,0.022136582925861514,0.27760416666666665,True,False,False,True,True,False,True,4
282,EMA_N100_th2_bL1_sL-2,EMA,100,0.02,1.0,-2.0,QQQ,-0.08801437147521507,-0.12960477626677586,0.8141288456137739,-0.10810865128953981,-0.17502983861637328,0.31752262454003266,55,-0.10576904345876315,-0.1879311759430236,0.8491583634556507,-0.12455750070968616,-0.2523779617043461,0.3196948667277296,55,0.017754671983548076,0.27187500000000003,True,False,False,True,True,False,True,4
283,SMA_N50_th10_bL2_sL-1,SMA,50,0.1,2.0,-1.0,QLD,-0.06559345249288284,-0.10684100698248485,0.8933255953345669,-0.07342614253464537,-0.14771467752079923,0.27612930359518667,7,-0.07434328908502075,-0.13550389037748226,0.893355122381084,-0.08321806997297058,-0.18536234142102637,0.27943372721722093,7,0.008749836592137905,0.2682291666666667,True,False,False,True,True,False,True,4
284,EMA_N150_th0_bL1_sL-3,EMA,150,0.0,1.0,-3.0,QQQ,-0.10257721912877504,-0.028605388342885434,0.900290549252359,-0.11393790506182665,-0.03908365366583442,0.43325045226017395,114,-0.12300613010518624,-0.079137894892573,0.9178070861553251,-0.1340217698911613,-0.1076764512095459,0.4353486003782707,114,0.020428910976411196,0.2666666666666667,True,False,False,True,True,False,True,4
285,EMA_N200_th5_bL1_sL-3,EMA,200,0.05,1.0,-3.0,QQQ,-0.1024226955365205,-0.056379685238568504,0.8814533832963644,-0.1161975181869416,-0.07515786123589109,0.40665516474514674,14,-0.11488643632535878,-0.08819322693261994,0.9041474233398816,-0.12706604405393673,-0.11712665119089416,0.4086340454237153,14,0.012463740788838273,0.265625,True,False,False,True,True,False,True,4
286,EMA_N200_th2_bL1_sL-3,EMA,200,0.02,1.0,-3.0,QQQ,-0.10667005241948468,-0.05194128415546732,0.8746108606737664,-0.12196287196492187,-0.07057818132767901,0.42163583389252285,34,-0.12221209814020406,-0.0904664082319631,0.9051955072226806,-0.13501182580454363,-0.12234393952632902,0.42402324287208204,34,0.015542045720719377,0.265625,True,False,False,False,True,False,True,3
287,SMA_N200_th0_bL1_sL-3,SMA,200,0.0,1.0,-3.0,QQQ,-0.10547276708022946,-0.04326892013755905,0.8880079605345301,-0.1187745738413661,-0.05874510568845927,0.42650779222227203,86,-0.12335996469772259,-0.08759188559935305,0.9043180336342242,-0.13641214717566813,-0.11837025242819076,0.4288764449255551,86,0.017887197617493134,0.2651041666666667,True,False,False,True,True,False,True,4
288,EMA_N50_th2_bL2_sL-2,EMA,50,0.02,2.0,-2.0,QLD,-0.10414765916722402,-0.05877898312765273,0.8892628373954601,-0.11711684643458116,-0.0804285944509878,0.41239480108936266,88,-0.13331241011746742,-0.13213894104458482,0.9252621164592395,-0.14408069642754062,-0.17899745352943747,0.41726284626113697,88,0.0291647509502434,0.2578125,True,False,False,True,True,False,True,4
289,SMA_N150_th5_bL2_sL-3,SMA,150,0.05,2.0,-3.0,QLD,-0.10718636196951914,0.032051180693508395,0.9337049174441304,-0.11479682709921338,0.04313154843152769,0.503399835958911,21,-0.12808851779960895,-0.01054719863405361,0.9456350341176935,-0.13545238192144549,-0.014106420625693844,0.5072883150301927,21,0.020902155830089808,0.2572916666666667,True,False,False,True,True,False,True,4
290,SMA_N100_th2_bL3_sL-3,SMA,100,0.02,3.0,-3.0,TQQQ,-0.13099550368341883,0.07830814596201842,0.956074991562644,-0.1370138376586077,0.1060814431215023,0.6075107537168278,51,-0.16238963974579768,0.02325766709099839,0.9682100965181424,-0.16772148971569292,0.03129170163269169,0.6125964951967235,51,0.03139413606237884,0.25364583333333335,True,False,False,True,True,False,True,4
291,EMA_N50_th5_bL1_sL-1,EMA,50,0.05,1.0,-1.0,QQQ,-0.08421997009164739,-0.322399944733381,0.7691868188167477,-0.1094922170158926,-0.43441322085954553,0.20644415183456175,40,-0.09626624232981218,-0.37954486801323123,0.8136172810064002,-0.11831882701745972,-0.506623995817376,0.20885053811391743,40,0.01204627223816479,0.2520833333333333,True,False,False,False,False,False,True,2
292,EMA_N100_th0_bL2_sL-3,EMA,100,0.0,2.0,-3.0,QLD,-0.1255243633172075,0.005658537182969635,0.9260377199624634,-0.13554994641286922,0.007750179209304354,0.5194168391221542,179,-0.15968385352411962,-0.06568873306311872,0.9592955895367785,-0.1664594888852009,-0.08931623868560666,0.5238201449925606,179,0.03415949020691211,0.24947916666666667,True,False,False,True,True,False,True,4
293,SMA_N200_th10_bL1_sL-2,SMA,200,0.1,1.0,-2.0,QQQ,-0.10045811981586994,-0.21140671739293856,0.8658101547567546,-0.11602788355386429,-0.27849089463131027,0.2935479584485546,12,-0.11041575633475997,-0.24566981651722336,0.8878857120258944,-0.12435807316104192,-0.32208698376274086,0.29545671049612493,12,0.009957636518890034,0.2328125,True,False,False,False,False,False,True,2
294,SMA_N100_th2_bL1_sL-2,SMA,100,0.02,1.0,-2.0,QQQ,-0.10689504211013678,-0.18890157299641713,0.8590830904082931,-0.12442922378943949,-0.25492624933488545,0.3216229259704194,51,-0.12315878132712255,-0.24221608656378366,0.89175002426733,-0.13810908660003787,-0.32512049328567,0.32372973078879624,51,0.016263739216985762,0.23177083333333331,True,False,False,True,True,False,True,4
295,SMA_N50_th5_bL3_sL-2,SMA,50,0.05,3.0,-2.0,TQQQ,-0.13974321107622079,-0.02796282963563006,0.9259618584487034,-0.15091681131481757,-0.03779324856461869,0.5183660906941056,44,-0.16462314470201544,-0.07904229676881044,0.9537226088569244,-0.17261113784365772,-0.10609830041922837,0.5227469266414029,44,0.02487993362579466,0.23020833333333335,True,False,False,False,False,False,True,2
296,EMA_N100_th10_bL3_sL-1,EMA,100,0.1,3.0,-1.0,TQQQ,-0.11739377253577343,-0.030975679662600928,0.9645873249573583,-0.12170362340285062,-0.041305472118919495,0.4654058739947097,13,-0.12888432185587861,-0.056015635216683304,0.9713407638085829,-0.13268703081144156,-0.07439293793216001,0.4678600894928519,13,0.011490549320105181,0.22916666666666669,True,False,False,False,True,False,True,3
297,EMA_N150_th10_bL3_sL-3,EMA,150,0.1,3.0,-3.0,TQQQ,-0.13960882879293424,0.05945698236268643,0.99100409107689,-0.1408761376970968,0.07949141928843594,0.6027749847149676,11,-0.15345905459994058,0.035631072777031036,0.993077824510859,-0.1545287295842367,0.047464993209727926,0.6055828878837136,11,0.013850225807006344,0.22864583333333335,True,False,False,False,False,False,False,1
298,EMA_N50_th0_bL2_sL-2,EMA,50,0.0,2.0,-2.0,QLD,-0.1150102519601276,-0.08631750729980563,0.9277060840970525,-0.12397272577129691,-0.11773304324999077,0.41399302224742246,304,-0.15853196235529332,-0.19815796306343256,0.9611520301240437,-0.1649395281772787,-0.2668357714740441,0.4203262504298895,304,0.043521710395165725,0.22656250000000003,True,False,False,True,True,False,True,4
299,SMA_N150_th2_bL1_sL-3,SMA,150,0.02,1.0,-3.0,QQQ,-0.12843405708840372,-0.09399313766449835,0.9150044098961858,-0.14036441321957732,-0.12771125037469774,0.43481356713414765,36,-0.14483384156009316,-0.13512755534344603,0.9374554898282853,-0.1544967661201947,-0.18294348641234487,0.43665985707282085,36,0.016399784471689438,0.22552083333333334,True,False,False,True,True,False,True,4
300,SMA_N200_th10_bL3_sL-3,SMA,200,0.1,3.0,-3.0,TQQQ,-0.14806517846380662,0.041551123164795485,0.9733797437881735,-0.15211450557576892,0.055382410809818136,0.6009300659621029,12,-0.16393647663842237,0.014006972130106154,0.9803510388195228,-0.16722221953865055,0.018591562233052566,0.604212923397707,12,0.015871298174615744,0.2234375,True,False,False,True,True,False,True,4
301,EMA_N200_th0_bL1_sL-3,EMA,200,0.0,1.0,-3.0,QQQ,-0.12367528615747314,-0.10108965947320486,0.9154373123415104,-0.13509967803380862,-0.13631398851551793,0.4185686825238179,98,-0.14133511397284892,-0.14658003925766216,0.9328481149109311,-0.15150924541059257,-0.19680589369783197,0.420777528995427,98,0.017659827815375784,0.22291666666666665,True,False,False,True,True,False,True,4
302,EMA_N100_th2_bL2_sL-3,EMA,100,0.02,2.0,-3.0,QLD,-0.14262415705731346,-0.037668612331374994,0.9358286948373994,-0.15240412892243538,-0.050959391103264265,0.5137897230262262,55,-0.16887503504587953,-0.0935583217228448,0.9587912547450207,-0.17613326593262457,-0.12583623541027145,0.5174254378368938,55,0.026250877988566068,0.22031250000000002,True,False,False,True,True,False,True,4
303,SMA_N100_th5_bL2_sL-3,SMA,100,0.05,2.0,-3.0,QLD,-0.1441698802379492,-0.043477583654542164,0.9276341119532779,-0.15541675147583467,-0.059071503961237525,0.511914244800334,25,-0.16543340925602024,-0.08736455390174687,0.9517936277086357,-0.17381226816393744,-0.11792208702429689,0.5159497241731817,25,0.021263529018071048,0.21875000000000006,True,False,False,False,False,False,True,2
304,EMA_N100_th10_bL2_sL-1,EMA,100,0.1,2.0,-1.0,QLD,-0.10445118180728952,-0.16983293881851505,0.9251959080645232,-0.11289628596152966,-0.22598821740917666,0.3282910622470327,13,-0.11466543518962924,-0.20057997064164393,0.9378438117573965,-0.12226495899648922,-0.26539866032792847,0.33071959414833807,13,0.010214253382339722,0.21666666666666667,True,False,False,False,False,False,True,2
305,SMA_N100_th10_bL2_sL-2,SMA,100,0.1,2.0,-2.0,QLD,-0.116087216745839,-0.09806035378674287,0.9524170744592565,-0.12188695463250548,-0.1316093731675271,0.4060425093025008,13,-0.12868517114624245,-0.1297399953808097,0.9565460636964863,-0.13453107595148128,-0.17326229470038051,0.40858956928167706,13,0.012597954400403455,0.21614583333333337,True,False,False,True,True,False,True,4
306,EMA_N200_th10_bL1_sL-3,EMA,200,0.1,1.0,-3.0,QQQ,-0.10489154851001237,-0.10439717937625533,0.9634655336607004,-0.10886902005874097,-0.13664236130188329,0.372600843253244,8,-0.11524421629543635,-0.13280482322199247,0.9697221514799822,-0.1188425118674989,-0.1731859060517381,0.37453304310574503,8,0.010352667785423986,0.215625,True,False,False,False,False,False,True,2
307,EMA_N150_th10_bL1_sL-2,EMA,150,0.1,1.0,-2.0,QQQ,-0.09754108792681959,-0.21070574922440624,0.9206270821412608,-0.10595070449149889,-0.27743885703019583,0.28754294991407686,11,-0.10721993191582435,-0.2444989031548267,0.9333104890589794,-0.1148813103171379,-0.3203676376926508,0.28946209428745673,11,0.00967884398900476,0.215625,True,False,False,False,False,False,False,1
308,EMA_N150_th2_bL1_sL-3,EMA,150,0.02,1.0,-3.0,QQQ,-0.13062749386293937,-0.10315560279125177,0.9213155602273502,-0.14178366186576163,-0.14033717139571475,0.43215844113549634,40,-0.14620918950280248,-0.14251007874946928,0.9412422954593237,-0.1553363997858307,-0.19319790480840712,0.4339387976849438,40,0.015581695639863113,0.21406250000000002,True,False,False,True,True,False,True,4
309,EMA_N50_th10_bL3_sL-1,EMA,50,0.1,3.0,-1.0,TQQQ,-0.12248042104071455,-0.17492176718503907,0.9165406814783935,-0.1336333711266933,-0.23870695506888798,0.3637786776208619,4,-0.12722533066568953,-0.18601369854692307,0.9190787351829837,-0.13842702022733627,-0.25255093087035263,0.3659561188866254,4,0.00474490962497498,0.20625,True,False,False,False,True,False,True,3
310,SMA_N50_th2_bL2_sL-2,SMA,50,0.02,2.0,-2.0,QLD,-0.13027116269207895,-0.13059056610879005,0.9201267738138602,-0.14157958055292122,-0.17903866405063132,0.41238746167736057,86,-0.15839193530307893,-0.20296365758013707,0.9463146301907513,-0.16737766726818057,-0.27557791600544845,0.41700899517293744,86,0.02812077261099999,0.20572916666666669,True,False,False,True,True,False,True,4
311,SMA_N100_th0_bL3_sL-3,SMA,100,0.0,3.0,-3.0,TQQQ,-0.17122718249559032,0.001315649435760922,0.9773088492746211,-0.17520273414353987,0.001786963625205207,0.6089535549237398,179,-0.21194416332912236,-0.07285020008462584,0.9879989269498652,-0.21451861692141008,-0.09803590189497556,0.6157891931745488,179,0.040716980833532035,0.20468750000000002,True,False,False,True,True,False,True,4
312,SMA_N50_th10_bL1_sL-1,SMA,50,0.1,1.0,-1.0,QQQ,-0.09219575467178243,-0.36577651329108607,0.8920001081856253,-0.10335845682722326,-0.5069988662221583,0.20613065069049075,7,-0.09807758260193633,-0.3917780748148061,0.8968183841954096,-0.10936169945928094,-0.5386165306385152,0.20798133245874353,7,0.0058818279301539045,0.2026041666666667,True,False,False,True,True,False,True,4
313,SMA_N200_th2_bL1_sL-3,SMA,200,0.02,1.0,-3.0,QQQ,-0.13051587057972125,-0.11154335248060272,0.9414191565005386,-0.13863736432226145,-0.14910504073897132,0.42435556026945903,30,-0.14549851160405625,-0.14908250776265805,0.9489777998760932,-0.1533213017449447,-0.19841127468266914,0.42673740587689696,30,0.014982641024334997,0.2015625,True,False,False,True,True,False,True,4
314,SMA_N150_th10_bL1_sL-2,SMA,150,0.1,1.0,-2.0,QQQ,-0.11830559934943818,-0.27063755334389344,0.888657150544195,-0.1331285066203432,-0.35620016315354464,0.2981891859270552,13,-0.12762474410418712,-0.3025166899926563,0.906211656447055,-0.14083326251238032,-0.39640679686235486,0.2999813160324511,13,0.009319144754748931,0.20104166666666667,True,False,False,False,False,False,True,2
315,SMA_N50_th0_bL3_sL-3,SMA,50,0.0,3.0,-3.0,TQQQ,-0.17742611173011102,-0.0028551769683625365,0.9766011653993315,-0.18167714520140021,-0.0039355466005924575,0.617892399702986,254,-0.22789593472663539,-0.09664224882675441,0.9904244552643701,-0.23009926048908397,-0.13191070692973522,0.6247813206430585,254,0.05046982299652436,0.20104166666666667,True,False,False,True,True,False,True,4
316,SMA_N150_th10_bL3_sL-3,SMA,150,0.1,3.0,-3.0,TQQQ,-0.17401664192662736,-0.007453554349213587,0.9818521644079616,-0.17723303796102147,-0.009921893424395114,0.60329933796143,13,-0.18851334765288974,-0.03301002545388741,0.9863649386064279,-0.19111927064158243,-0.04376985995443002,0.6063945185493689,13,0.014496705726262382,0.19739583333333335,True,False,False,True,True,False,True,4
317,SMA_N200_th5_bL1_sL-3,SMA,200,0.05,1.0,-3.0,QQQ,-0.14634940591360657,-0.16431988088897162,0.9335471702567031,-0.15676701786088001,-0.21818867972325737,0.41736521344524413,16,-0.15875441594548811,-0.19624080528836096,0.9475358708693905,-0.16754449179831737,-0.2596106192123183,0.41939106889828065,16,0.012405010031881547,0.18385416666666665,True,False,False,False,False,False,True,2
318,EMA_N50_th10_bL2_sL-1,EMA,50,0.1,2.0,-1.0,QLD,-0.12263159177965954,-0.33229756679184197,0.9116673437492695,-0.13451352910737382,-0.4547041537910765,0.27719358907034014,4,-0.12739527576269283,-0.3467704190445155,0.9116673437492695,-0.13973877274003751,-0.4713585910299437,0.2793347672366323,4,0.0047636839830332844,0.18072916666666666,True,False,False,False,True,False,True,3
319,EMA_N100_th10_bL1_sL-1,EMA,100,0.1,1.0,-1.0,QQQ,-0.10792170650887523,-0.45876898190323623,0.8753148564533915,-0.12329472727808295,-0.6068796299264181,0.20343558465312653,13,-0.11511204780928141,-0.4923535424939384,0.8905883351051838,-0.1292539361586024,-0.6470724539809344,0.2052059273719784,13,0.007190341300406189,0.18072916666666666,True,False,False,False,False,False,True,2
320,SMA_N100_th2_bL2_sL-3,SMA,100,0.02,2.0,-3.0,QLD,-0.1712290504533296,-0.0987477525710262,0.9644224230954849,-0.17754569611077642,-0.13341996494217345,0.5179216947102847,51,-0.1946064361080294,-0.14925379903968825,0.976751340124069,-0.1992384633772912,-0.20056759875851374,0.521351998846744,51,0.023377385654699823,0.1796875,True,False,False,True,True,False,True,4
321,SMA_N100_th0_bL1_sL-2,SMA,100,0.0,1.0,-2.0,QQQ,-0.13489195725255765,-0.2782506654847435,0.9156895241635896,-0.1473118930521465,-0.3763759068402065,0.32680566042398257,179,-0.15477686656607237,-0.34423361697162586,0.9394175227302473,-0.16475833462871906,-0.4627327710925093,0.3292444087178035,179,0.01988490931351472,0.17447916666666669,True,False,False,True,False,False,True,3
322,SMA_N200_th10_bL2_sL-3,SMA,200,0.1,2.0,-3.0,QLD,-0.16703738821322445,-0.12487418209787045,0.969065977233953,-0.17236946930074512,-0.16519570681516252,0.4873655776126379,12,-0.1803240563294427,-0.15403033115791673,0.9761395862136262,-0.18473183433622078,-0.2029366084905289,0.49003050569187856,12,0.013286668116218259,0.17083333333333334,True,False,False,False,False,False,True,2
323,EMA_N50_th2_bL3_sL-3,EMA,50,0.02,3.0,-3.0,TQQQ,-0.2032600084518963,-0.05555376525658853,0.9822842233850305,-0.20692586077728697,-0.07605554030697961,0.6166254844406754,88,-0.23676234589963552,-0.1174076905026762,0.9906372299705197,-0.23900004838974334,-0.15942116231123918,0.6225229978143283,88,0.03350233744773923,0.16927083333333337,True,False,False,True,True,False,True,4
324,SMA_N50_th5_bL2_sL-2,SMA,50,0.05,2.0,-2.0,QLD,-0.1537120621112763,-0.1970212443560913,0.9368330738688033,-0.16407625477663543,-0.26581096495978196,0.41196027505440774,44,-0.17306894678187823,-0.24776833031065526,0.9565256879334167,-0.180934970137389,-0.3321578823030642,0.41516894077429983,44,0.019356884670601926,0.16874999999999998,True,False,False,False,False,False,True,2
325,SMA_N50_th0_bL1_sL-2,SMA,50,0.0,1.0,-2.0,QQQ,-0.1428642527501024,-0.2748540352665429,0.9313597149492705,-0.15339320614472138,-0.3778067941641184,0.3439248681513141,254,-0.16801778080219287,-0.35586639129876724,0.9559515050500605,-0.17575973249123578,-0.4857822700997918,0.34658084917019877,254,0.02515352805209048,0.1635416666666667,True,False,False,True,False,False,True,3
326,EMA_N150_th10_bL2_sL-3,EMA,150,0.1,2.0,-3.0,QLD,-0.160709674179639,-0.11630177839646419,0.9877529275764058,-0.16270230104401043,-0.1539919761906854,0.4818676277190448,11,-0.17297602938466428,-0.14333749975357632,0.9903442158165704,-0.1746625331092988,-0.18906010894488376,0.4843427724028474,11,0.012266355205025281,0.16249999999999998,True,False,False,False,False,False,False,1
327,EMA_N100_th5_bL1_sL-3,EMA,100,0.05,1.0,-3.0,QQQ,-0.16964417948719168,-0.19826966735096563,0.9511115670123605,-0.17836412190851528,-0.26855035374493363,0.4396028462314415,23,-0.1834865471973297,-0.23307817561909416,0.9627333868429733,-0.190589159683165,-0.31442428589267274,0.44172574529584097,23,0.013842367710138026,0.15885416666666669,True,False,False,False,False,False,True,2
328,SMA_N150_th5_bL1_sL-3,SMA,150,0.05,1.0,-3.0,QQQ,-0.1655091144017803,-0.19933372938932042,0.9564243285714452,-0.17304987907301722,-0.2669904072079263,0.430563509966138,21,-0.17849210152845674,-0.2327891500744773,0.965666566144321,-0.18483823276716893,-0.31074646714986087,0.43238991231503043,21,0.012982987126676448,0.15729166666666666,True,False,False,True,False,False,True,3
329,EMA_N50_th2_bL1_sL-2,EMA,50,0.02,1.0,-2.0,QQQ,-0.14637385460068864,-0.29796167488060554,0.9307799234442959,-0.15725935950470532,-0.4072913687526383,0.33786443226232943,88,-0.16359173715750575,-0.35387816795613825,0.9501870276704836,-0.1721679336736198,-0.4811188608686407,0.3399423532694479,88,0.01721788255681711,0.15677083333333336,True,False,False,True,True,False,True,4
330,EMA_N50_th0_bL3_sL-3,EMA,50,0.0,3.0,-3.0,TQQQ,-0.20668030162744122,-0.06054916362314246,0.988766985382671,-0.20902831979918113,-0.08275135574150232,0.6182875245236601,304,-0.258531443602099,-0.15898385596836803,0.9955397678542428,-0.25968972003934115,-0.21494753078337944,0.6261512939361583,304,0.05185114197465779,0.15677083333333336,True,False,False,True,True,False,True,4
331,SMA_N150_th10_bL2_sL-3,SMA,150,0.1,2.0,-3.0,QLD,-0.19265469867938212,-0.18140841775968594,0.9776583229074197,-0.1970572889989356,-0.23972840818951602,0.4927542078732403,13,-0.20487246810279613,-0.20847177226802724,0.9825344234783443,-0.20851429039759406,-0.27445040346558325,0.49525931336474616,13,0.012217769423414016,0.14427083333333335,True,False,False,False,False,False,True,2
332,EMA_N50_th0_bL1_sL-2,EMA,50,0.0,1.0,-2.0,QQQ,-0.1596309700252273,-0.33549715828056326,0.9518768519962101,-0.16770128372221713,-0.4571966729683321,0.3422071494191188,304,-0.18533195048898565,-0.4194646616944724,0.969258881905372,-0.19120995840106159,-0.5673622798253648,0.3451584138682882,304,0.02570098046375835,0.1416666666666667,True,False,False,True,False,False,True,3
333,EMA_N50_th10_bL1_sL-1,EMA,50,0.1,1.0,-1.0,QQQ,-0.13148143785736854,-0.5805463960805224,0.911947203463393,-0.14417658978286063,-0.7980143251961191,0.20604265792980433,4,-0.1351981763187443,-0.5959483497778585,0.9178382722454682,-0.14730065242102552,-0.8144072283724111,0.2073995036854423,4,0.003716738461375768,0.14166666666666666,True,False,False,False,False,False,True,2
334,EMA_N100_th0_bL1_sL-3,EMA,100,0.0,1.0,-3.0,QQQ,-0.18814126209091575,-0.2247215847077339,0.972432669521996,-0.1934748471412396,-0.3070146057946204,0.4560100305691469,179,-0.20764429650958438,-0.2749957861426884,0.9808907673681695,-0.21168952080843345,-0.37437782290677596,0.45783191268080164,179,0.01950303441866863,0.1390625,True,False,False,True,False,False,True,3
335,SMA_N100_th10_bL1_sL-2,SMA,100,0.1,1.0,-2.0,QQQ,-0.15163676303599372,-0.3620114222363781,0.9475693992623552,-0.16002707891795245,-0.4831975249191127,0.3151169359867727,13,-0.15985132396211021,-0.38969360475346665,0.9506064087482179,-0.16815721258665445,-0.5183501888294462,0.3164942772055423,13,0.008214560926116499,0.1390625,True,False,False,True,False,False,True,3
336,EMA_N50_th5_bL3_sL-2,EMA,50,0.05,3.0,-2.0,TQQQ,-0.20259548816195794,-0.18208376458038655,0.9773728655111502,-0.20728577118416702,-0.24542112462310633,0.5126381753774092,40,-0.22355518245070438,-0.22677931134780993,0.9852822446621715,-0.22689456108828576,-0.30346678879331584,0.5172171600207716,40,0.020959694288746444,0.13854166666666667,True,False,False,False,True,False,True,3
337,SMA_N100_th10_bL3_sL-3,SMA,100,0.1,3.0,-3.0,TQQQ,-0.22254652836914945,-0.10381555315718338,0.9926909820264228,-0.22418510130398853,-0.1393259932623507,0.6072131709154126,13,-0.2358024838148186,-0.12866327540486153,0.9934557000877206,-0.23735581143074383,-0.1721025299391806,0.6097292584492423,13,0.013255955445669154,0.13593750000000002,True,False,False,True,True,False,True,4
338,SMA_N100_th5_bL1_sL-3,SMA,100,0.05,1.0,-3.0,QQQ,-0.19728436179611952,-0.2684744753956925,0.971562331924442,-0.20305888290805232,-0.363554180888759,0.44377919974767255,25,-0.21054691911594003,-0.30278538053694776,0.9782697240110947,-0.21522379150471613,-0.4085933046100416,0.44560826389117314,25,0.013262557319820512,0.13333333333333333,True,False,False,False,False,False,True,2
339,SMA_N100_th0_bL2_sL-3,SMA,100,0.0,2.0,-3.0,QLD,-0.20804637754800648,-0.1791420777823914,0.9827786752290361,-0.211691994130338,-0.24273575265197417,0.5234894465100319,179,-0.23777230394035886,-0.24533232670436944,0.9903422314805133,-0.2400910477026723,-0.3301085918713318,0.5278842637097265,179,0.029725926392352386,0.1322916666666667,True,False,False,True,True,False,True,4
340,EMA_N100_th2_bL1_sL-3,EMA,100,0.02,1.0,-3.0,QQQ,-0.19732348372068487,-0.26379415246975496,0.972797230436004,-0.2028413296697455,-0.35564910453275184,0.44660425851129815,55,-0.212711539005228,-0.3045146249920696,0.9799234867467735,-0.21706953847121713,-0.40939789557405704,0.4481028028924658,55,0.015388055284543123,0.13229166666666667,True,False,False,True,False,False,True,3
341,SMA_N50_th2_bL1_sL-2,SMA,50,0.02,1.0,-2.0,QQQ,-0.16722238996019967,-0.36107115205428475,0.9530180347001589,-0.17546613376819425,-0.49478477938513576,0.3427142986795579,86,-0.18402517998201473,-0.41581210797245827,0.9661939125843907,-0.19046402340683485,-0.5667322355443808,0.3447863314312205,86,0.01680279002181506,0.13125,True,False,False,True,False,False,True,3
342,SMA_N50_th0_bL2_sL-3,SMA,50,0.0,2.0,-3.0,QLD,-0.21754366309678452,-0.17502386424410085,0.985757150241864,-0.2206868730735641,-0.24095717593272695,0.5440008776801097,254,-0.2542874127201098,-0.2565078173644837,0.9930967143222366,-0.25605503376743577,-0.3505659669874263,0.5484456872816244,254,0.03674374962332527,0.13020833333333334,True,False,False,True,True,False,True,4
343,SMA_N50_th2_bL3_sL-3,SMA,50,0.02,3.0,-3.0,TQQQ,-0.23703384112714498,-0.12589801043655896,0.9890151342158028,-0.23966654596756076,-0.17271629688342244,0.6166473558541422,86,-0.2693723971106855,-0.18806125607915442,0.9945413419197177,-0.2708508794523597,-0.2559521139958,0.6222782007248249,86,0.03233855598354052,0.12916666666666665,True,False,False,True,True,False,True,4
344,SMA_N50_th10_bL3_sL-2,SMA,50,0.1,3.0,-2.0,TQQQ,-0.20016082614713437,-0.23198548065252259,0.9926780303070529,-0.2016372076706695,-0.3208813101074791,0.4739606756659236,7,-0.20902231921954406,-0.25036114368398144,0.993405639029526,-0.21040983764068555,-0.3443450126625538,0.4769219746108314,7,0.008861493072409687,0.11770833333333335,True,False,False,True,True,False,True,4
345,SMA_N50_th5_bL1_sL-2,SMA,50,0.05,1.0,-2.0,QQQ,-0.17871056524330198,-0.4290213706659685,0.9589763390220105,-0.18635555223975156,-0.5777412007471368,0.33030689828399384,44,-0.19064129749706693,-0.4696390088533444,0.9676094601432201,-0.1970229781226501,-0.6300760176892793,0.3317866675954315,44,0.011930732253764953,0.11197916666666667,True,False,False,False,False,False,True,2
346,EMA_N50_th2_bL2_sL-3,EMA,50,0.02,2.0,-3.0,QLD,-0.23171256663690099,-0.2174262984831496,0.987654616046067,-0.23460890363123993,-0.2973927947338768,0.5375175148781379,88,-0.2563953928936056,-0.2721982038586369,0.9927135523445824,-0.2582773170448345,-0.37006968201151447,0.5412392795658304,88,0.024682826256704593,0.11197916666666667,True,False,False,True,True,False,True,4
347,EMA_N50_th5_bL2_sL-2,EMA,50,0.05,2.0,-2.0,QLD,-0.2053587668071173,-0.3500963211213008,0.9766818874915488,-0.2102616721341566,-0.47149348302917354,0.4118104391094861,40,-0.22187956278821075,-0.39425459193274065,0.9833901645714702,-0.22562719333775189,-0.5274883106765196,0.4151321159269682,40,0.01652079598109346,0.11041666666666668,True,False,False,False,False,False,True,2
348,SMA_N200_th10_bL1_sL-3,SMA,200,0.1,1.0,-3.0,QQQ,-0.20279868774690135,-0.3554639849541139,0.9809118412333855,-0.2067450704763692,-0.4655973245482974,0.40237388000857793,12,-0.21162344741031303,-0.38031543724654565,0.9840520322161754,-0.21505310743957065,-0.49689884949964935,0.4037601247648277,12,0.008824759663411674,0.10833333333333334,True,False,False,False,False,False,True,2
349,SMA_N100_th2_bL1_sL-3,SMA,100,0.02,1.0,-3.0,QQQ,-0.2207899443889173,-0.31680287267841134,0.9829299937089232,-0.22462428230092266,-0.4269704662858754,0.4544041952187382,51,-0.23461414266396852,-0.35355157455344877,0.9870630358083436,-0.23768911827584954,-0.47524137585494836,0.4558344207191243,51,0.013824198275051214,0.10364583333333335,True,False,False,False,False,False,True,2
350,EMA_N150_th10_bL1_sL-3,EMA,150,0.1,1.0,-3.0,QQQ,-0.1989455268470346,-0.3670395135527644,0.9874445556734726,-0.20147513670916603,-0.47960776664391647,0.39004887499693014,11,-0.2075368113571855,-0.39174021660556724,0.9894508547200758,-0.2097494891910518,-0.5105544576176968,0.39145728394136425,11,0.008591284510150898,0.10104166666666667,True,False,False,False,False,False,False,1
351,EMA_N50_th0_bL2_sL-3,EMA,50,0.0,2.0,-3.0,QLD,-0.24095016627136756,-0.23316660293836938,0.9917677351423954,-0.2429501966372929,-0.31829940391433886,0.542105801347977,304,-0.27857403418774107,-0.31837870339715546,0.9961119705177071,-0.2796613658231197,-0.4311287749247642,0.5471743362394821,304,0.03762386791637351,0.10052083333333334,True,False,False,True,True,False,True,4
352,SMA_N100_th10_bL2_sL-3,SMA,100,0.1,2.0,-3.0,QLD,-0.24074236309801222,-0.27716942964930524,0.9915013087026161,-0.24280589544861486,-0.3705927521100852,0.5112123143372381,13,-0.25156367179391725,-0.3017886168957432,0.9930509949092784,-0.25332402171038476,-0.40224929699820466,0.5132273175321705,13,0.01082130869590503,0.09687499999999999,True,False,False,True,False,False,True,3
353,SMA_N50_th5_bL3_sL-3,SMA,50,0.05,3.0,-3.0,TQQQ,-0.2704397834107548,-0.19832763414885196,0.9941622386117133,-0.27202781689677474,-0.2676798533171817,0.6160303044074372,44,-0.291486485611663,-0.24032162050035413,0.9963610870502141,-0.29255105342845733,-0.32277491157279303,0.6196990841352005,44,0.021046702200908207,0.09531250000000001,True,False,False,False,False,False,True,2
354,SMA_N50_th10_bL2_sL-2,SMA,50,0.1,2.0,-2.0,QLD,-0.21584842046150443,-0.3823069397778996,0.9926543266218717,-0.21744570559226184,-0.5296316847854915,0.4121475583656947,7,-0.22319126090149688,-0.40044868307192416,0.9932608083339403,-0.2247055949744658,-0.5520377615576757,0.41435845110034075,7,0.0073428404399924485,0.0859375,True,False,False,True,True,False,True,4
355,SMA_N50_th2_bL2_sL-3,SMA,50,0.02,2.0,-3.0,QLD,-0.26182168047625387,-0.284031762144323,0.9933758476428581,-0.26356759236448124,-0.38940509197514894,0.5426143204013858,86,-0.2857849897037328,-0.33861517349837167,0.9961121547806233,-0.2869004141071565,-0.46150777162804024,0.5462303131677333,86,0.023963309227478913,0.08385416666666667,True,False,False,True,False,False,True,3
356,SMA_N150_th10_bL1_sL-3,SMA,150,0.1,1.0,-3.0,QQQ,-0.2266293093473204,-0.41357052311491854,0.9865903473612251,-0.22970963577078615,-0.5414573000262974,0.4107761422856283,13,-0.23480351733815574,-0.43665624586531193,0.9887045363509376,-0.23748603218182562,-0.5703659856696113,0.41207029287878083,13,0.008174207990835347,0.08281250000000001,True,False,False,False,False,False,True,2
357,EMA_N100_th10_bL3_sL-2,EMA,100,0.1,3.0,-2.0,TQQQ,-0.25631114175255343,-0.29945245450579944,0.9962141683775991,-0.25728518012343987,-0.3974632322520083,0.5229123504805118,13,-0.26599314176410604,-0.32066911550250116,0.9969361523094011,-0.26681060883180263,-0.42427108587415907,0.5250851907532591,13,0.009682000011552616,0.08020833333333335,True,False,False,False,False,False,True,2
358,EMA_N50_th5_bL1_sL-2,EMA,50,0.05,1.0,-2.0,QQQ,-0.2192129480271514,-0.5672177565821264,0.981870264749354,-0.2232606036634695,-0.763382687783812,0.33573655978305594,40,-0.2294835076385472,-0.6024450307772363,0.9853601543320584,-0.2328930255903296,-0.8078265648870596,0.33720305529220934,40,0.01027055961139578,0.075,True,False,False,False,False,False,True,2
359,SMA_N100_th0_bL1_sL-3,SMA,100,0.0,1.0,-3.0,QQQ,-0.2516001202063717,-0.3890301039443757,0.9912463245972514,-0.2538219955656311,-0.5261415209116581,0.4633241788118996,179,-0.26890954478849627,-0.4359611018234905,0.993998399016676,-0.2705331769694177,-0.5876796819455399,0.4650949130390164,179,0.01730942458212459,0.07291666666666667,True,False,False,True,False,False,True,3
360,SMA_N50_th0_bL1_sL-3,SMA,50,0.0,1.0,-3.0,QQQ,-0.26172766243907586,-0.36493062347651006,0.9933972086971309,-0.26346728191670604,-0.5021033561901649,0.4930076458000263,254,-0.28367154763722335,-0.4219873567656195,0.9958785980239456,-0.28484551048701473,-0.5782955592770485,0.4951367807660417,254,0.021943885198147495,0.07083333333333333,True,False,False,True,False,False,True,3
361,EMA_N100_th10_bL2_sL-2,EMA,100,0.1,2.0,-2.0,QLD,-0.24540564366958162,-0.48790595766479666,0.9920996975952405,-0.24735986137726138,-0.6446507628218374,0.4056637480169457,13,-0.2540122297091868,-0.5115264654536349,0.9934354836648871,-0.25569071558840356,-0.6734031865557469,0.40761693508235913,13,0.00860658603960518,0.06458333333333334,True,False,False,False,False,False,True,2
362,SMA_N50_th5_bL2_sL-3,SMA,50,0.05,2.0,-3.0,QLD,-0.28228638330726674,-0.35660220659770525,0.995412331626484,-0.2835873881992364,-0.4805010619024241,0.5295698475127435,44,-0.29864967773924167,-0.3955913839591545,0.9968387239122068,-0.29959678589446953,-0.5309698546193518,0.5320482047849813,44,0.01636329443197493,0.06354166666666668,True,False,False,False,False,False,True,2
363,EMA_N50_th2_bL1_sL-3,EMA,50,0.02,1.0,-3.0,QQQ,-0.2679259623401572,-0.4004985582637056,0.9944784084223517,-0.2694135539505549,-0.5474052262354745,0.48265079787588777,88,-0.2823745892613594,-0.438937195378154,0.9959979912483714,-0.28350919554309,-0.5983281485188546,0.4840917300617333,88,0.01444862692120219,0.06145833333333334,True,False,False,True,False,False,True,3
364,SMA_N50_th10_bL1_sL-2,SMA,50,0.1,1.0,-2.0,QQQ,-0.23817300426134747,-0.5515911506632571,0.9931036231754413,-0.2398269412206866,-0.7650128285979013,0.3688650359411643,7,-0.243109019183662,-0.5665066959884427,0.9934796616504576,-0.24470457581364824,-0.7836367057861141,0.36989406556744303,7,0.004936014922314547,0.059375000000000004,True,False,False,False,True,False,True,3
365,EMA_N50_th5_bL3_sL-3,EMA,50,0.05,3.0,-3.0,TQQQ,-0.3366505594072946,-0.352544187471147,0.9987319286543118,-0.3370779983582747,-0.4749334965398027,0.6161532416666883,40,-0.35408663015310193,-0.38901949053743756,0.9991751865961663,-0.3543789266418323,-0.521431048284365,0.6199491602190766,40,0.01743607074580733,0.057291666666666664,True,False,False,False,False,False,True,2
366,EMA_N50_th0_bL1_sL-3,EMA,50,0.0,1.0,-3.0,QQQ,-0.2792210600339018,-0.4198302962663047,0.9955265066296809,-0.280475766515946,-0.5729105424482508,0.4894254902858407,304,-0.3015507920182857,-0.47930989290139453,0.9971936087106549,-0.30239944318153317,-0.6513057125079222,0.49174745377016404,304,0.022329731984383927,0.0546875,True,False,False,True,False,False,True,3
367,EMA_N50_th10_bL3_sL-2,EMA,50,0.1,3.0,-2.0,TQQQ,-0.2794228837010754,-0.4502482501283147,0.996239911661381,-0.2804775038927073,-0.617148055013609,0.47463435111239555,4,-0.28331917658917083,-0.45799590868475354,0.9965550937272407,-0.2842985584766033,-0.6258313370341784,0.4762997309122185,4,0.003896292888095454,0.05052083333333334,True,False,False,False,True,False,True,3
368,SMA_N100_th10_bL1_sL-3,SMA,100,0.1,1.0,-3.0,QQQ,-0.2712784804848788,-0.48815119229118625,0.9949229885641465,-0.27266279260104603,-0.649962508667641,0.4423868814775287,13,-0.2783345704465934,-0.507964748893149,0.9956611302620821,-0.2795474905938419,-0.6751508507629401,0.44336058700667547,13,0.0070560899617145845,0.05052083333333334,True,False,False,True,False,False,True,3
369,EMA_N100_th10_bL1_sL-2,EMA,100,0.1,1.0,-2.0,QQQ,-0.2483299268578576,-0.7517755847885267,0.9914539439915229,-0.25047046144987734,-0.985988234968649,0.3132597870909621,13,-0.2543885479571808,-0.7735563748929479,0.9925008049108731,-0.2563106716875912,-1.0117952995284325,0.31439853222441316,13,0.006058621099323203,0.0484375,True,False,False,False,False,False,True,2
370,SMA_N50_th2_bL1_sL-3,SMA,50,0.02,1.0,-3.0,QQQ,-0.29318386335333413,-0.4555870171539665,0.9968308476288485,-0.2941159616505926,-0.6243862048273909,0.4916953901821474,86,-0.30753816541609447,-0.49404430961754275,0.9977245620680117,-0.30823954536976766,-0.6751263435971837,0.4932564304209888,86,0.014354302062760338,0.043750000000000004,True,False,False,False,False,False,True,2
371,SMA_N50_th10_bL3_sL-3,SMA,50,0.1,3.0,-3.0,TQQQ,-0.35009853559393733,-0.3857921050168442,0.9997098220716639,-0.3502001559496938,-0.5343725922444812,0.6169564669204636,7,-0.35729885474915135,-0.3996399518663632,0.999738658027094,-0.35739225634652627,-0.5516773422105236,0.619226553246581,7,0.007200319155214019,0.04270833333333334,True,False,False,True,True,False,True,4
372,EMA_N50_th10_bL2_sL-2,EMA,50,0.1,2.0,-2.0,QLD,-0.2795470178830921,-0.5878164318678106,0.9962503571700895,-0.2805991645284451,-0.8078030428683896,0.4120014666726779,4,-0.28345872737625744,-0.5972730423732515,0.996565908832129,-0.28443550483122726,-0.818238820396482,0.41343823286017206,4,0.003911709493165327,0.036458333333333336,True,False,False,False,False,False,True,2
373,SMA_N50_th5_bL1_sL-3,SMA,50,0.05,1.0,-3.0,QQQ,-0.30348692899807606,-0.5319617235688666,0.9971551351298918,-0.3043527715058531,-0.7157964347502617,0.4688111143096094,44,-0.31355342792375185,-0.5606788967244812,0.9977510859950158,-0.31426017202582945,-0.7530188989856098,0.46983743042696485,44,0.010066498925675793,0.034895833333333334,True,False,False,False,False,False,True,2
374,EMA_N50_th5_bL2_sL-3,EMA,50,0.05,2.0,-3.0,QLD,-0.3389492915015526,-0.5008910052118382,0.9987841349722738,-0.33936190977939573,-0.6742858274767126,0.5351493080195562,40,-0.3526927060540279,-0.5347783025087018,0.9991339214095258,-0.3529984304371005,-0.7170657061718577,0.5376917812761107,40,0.013743414552475297,0.0328125,True,False,False,False,False,False,True,2
375,SMA_N50_th10_bL2_sL-3,SMA,50,0.1,2.0,-3.0,QLD,-0.36284533626488424,-0.5004052441085018,0.9997088826678494,-0.36295099759100435,-0.6938044428595371,0.5708009939161152,7,-0.36881168914037976,-0.5136239493701401,0.9997382734323131,-0.3689082422284096,-0.7102759228510533,0.5723919909607552,7,0.0059663528754955175,0.028645833333333336,True,False,False,False,True,False,True,3
376,EMA_N50_th10_bL1_sL-2,EMA,50,0.1,1.0,-2.0,QQQ,-0.2868140882929944,-0.7331024628440546,0.9968165558108151,-0.28773006088336733,-1.0098912781478564,0.3678719047528753,4,-0.28986609618746406,-0.7424029180347456,0.9970295403998347,-0.29072969700699164,-1.020768424890122,0.3686271459923661,4,0.0030520078944696882,0.027604166666666666,True,False,False,False,False,False,True,2
377,EMA_N100_th10_bL3_sL-3,EMA,100,0.1,3.0,-3.0,TQQQ,-0.38597492896626817,-0.4924573941715325,0.9997525088522001,-0.38607047799199806,-0.6506507480278767,0.6066687472978824,13,-0.39396885099281587,-0.5103263176078437,0.9997997071034158,-0.39404777596325613,-0.6726832072600478,0.6085316718817277,13,0.007993922026547695,0.02447916666666667,True,False,False,False,False,False,True,2
378,EMA_N50_th5_bL1_sL-3,EMA,50,0.05,1.0,-3.0,QQQ,-0.35047438726630575,-0.6561454911019419,0.9990789564739377,-0.3507974870206851,-0.8828083220691132,0.47903079058828657,40,-0.35901831932544204,-0.6812346349739679,0.9992562530622435,-0.3592855368432494,-0.9148826184734106,0.48004673182382457,40,0.008543932059136283,0.021875000000000006,True,False,False,False,False,False,True,2
379,EMA_N100_th10_bL2_sL-3,EMA,100,0.1,2.0,-3.0,QLD,-0.3769708284465495,-0.66810864760308,0.9996403460286681,-0.3771064562811659,-0.8784423390686177,0.5090442763509716,13,-0.3840768372911356,-0.6868086969064499,0.9997011564559385,-0.3841916504855656,-0.900960007645973,0.5105904675029561,13,0.00710600884458612,0.017708333333333333,True,False,False,False,False,False,True,2
380,SMA_N50_th10_bL1_sL-3,SMA,50,0.1,1.0,-3.0,QQQ,-0.3809849575513541,-0.6135583477042491,0.9997732681053167,-0.381071358582495,-0.851149375749267,0.5403359432349903,7,-0.38499566799316687,-0.6240141776963872,0.9997958592626858,-0.38507427734006383,-0.8645794255131648,0.5410332263906613,7,0.0040107104418127815,0.015625,True,False,False,False,False,False,True,2
381,EMA_N50_th10_bL3_sL-3,EMA,50,0.1,3.0,-3.0,TQQQ,-0.42700025827350996,-0.5900410224508787,0.999917650858426,-0.4270354242741206,-0.8108608163038523,0.6165228332999554,4,-0.4300985731770369,-0.5960065848748867,0.9999245536144854,-0.43013102500817146,-0.8175323020201402,0.6178015718202416,4,0.0030983149035269664,0.0140625,True,False,False,False,False,False,True,2
382,EMA_N100_th10_bL1_sL-3,EMA,100,0.1,1.0,-3.0,QQQ,-0.37938525643278453,-0.8604544897687154,0.9996109486921891,-0.379532914209415,-1.1251299647295852,0.4389217415895992,13,-0.3843875436253682,-0.8764019411414383,0.9996586060688042,-0.3845188160155865,-1.1443828694963165,0.43972530678571814,13,0.005002287192583665,0.011979166666666667,True,False,False,False,False,False,True,2
383,EMA_N50_th10_bL2_sL-3,EMA,50,0.1,2.0,-3.0,QLD,-0.4270989692270305,-0.6885489048824619,0.9999178796239756,-0.4271340456354709,-0.9478978871272968,0.5696787928466334,4,-0.430209543346849,-0.6956306226997919,0.9999247904745064,-0.43024190163611853,-0.9560562180719517,0.5707137884736606,4,0.003110574119818521,0.008333333333333333,True,False,False,False,False,False,True,2
384,EMA_N50_th10_bL1_sL-3,EMA,50,0.1,1.0,-3.0,QQQ,-0.4328777115348209,-0.7793564085902636,0.9999302798571151,-0.43290789393504203,-1.0742821048231261,0.5385960410978319,4,-0.43530465473870805,-0.7860030400135184,0.9999349444012681,-0.4353329755860826,-1.0824728839482989,0.5391077695192362,4,0.002426943203887144,0.0036458333333333334,True,False,False,False,False,False,True,2
