date,LETF_vs_QQQ,LETF_vs_GLD,QQQ_vs_GLD
2004-11-18,,,
2004-11-19,,,
2004-11-22,,,
2004-11-23,,,
2004-11-24,,,
2004-11-26,,,
2004-11-29,,,
2004-11-30,,,
2004-12-01,,,
2004-12-02,,,
2004-12-03,,,
2004-12-06,,,
2004-12-07,,,
2004-12-08,,,
2004-12-09,,,
2004-12-10,,,
2004-12-13,,,
2004-12-14,,,
2004-12-15,,,
2004-12-16,,,
2004-12-17,,,
2004-12-20,,,
2004-12-21,,,
2004-12-22,,,
2004-12-23,,,
2004-12-27,,,
2004-12-28,,,
2004-12-29,,,
2004-12-30,,,
2004-12-31,,,
2005-01-03,,,
2005-01-04,,,
2005-01-05,,,
2005-01-06,,,
2005-01-07,,,
2005-01-10,,,
2005-01-11,,,
2005-01-12,,,
2005-01-13,,,
2005-01-14,,,
2005-01-18,,,
2005-01-19,,,
2005-01-20,,,
2005-01-21,,,
2005-01-24,,,
2005-01-25,,,
2005-01-26,,,
2005-01-27,,,
2005-01-28,,,
2005-01-31,,,
2005-02-01,,,
2005-02-02,,,
2005-02-03,,,
2005-02-04,,,
2005-02-07,,,
2005-02-08,,,
2005-02-09,,,
2005-02-10,,,
2005-02-11,,,
2005-02-14,,,
2005-02-15,,,
2005-02-16,,,
2005-02-17,0.6102416584844077,,
2005-02-18,0.610794472275034,,
2005-02-22,0.5407013406832208,,
2005-02-23,0.5270613792422648,,
2005-02-24,0.5232049237281824,,
2005-02-25,0.5143259674515892,,
2005-02-28,0.5078203323362558,,
2005-03-01,0.5078809446625941,,
2005-03-02,0.5084812861862633,,
2005-03-03,0.4636979330525887,,
2005-03-04,0.4521946950038088,,
2005-03-07,0.4542213533427164,,
2005-03-08,0.45582347641879895,-0.09159044503955872,0.01232230870016573
2005-03-09,0.39889248892186785,-0.08518388643955342,0.005374660703120049
2005-03-10,0.3869185237352618,-0.06662621925868922,0.010724121421262181
2005-03-11,0.37562252337558005,-0.11867449286963856,0.018366415228719367
2005-03-14,0.37666272251625216,-0.1680057440424391,0.0072886726479630855
2005-03-15,0.33721640038549205,-0.17139420095064162,0.011588279645530225
2005-03-16,0.3221565246657369,-0.21576320678943428,0.019138541656172153
2005-03-17,0.32629541408562196,-0.203442989690654,0.0053926541208340305
2005-03-18,0.3382675018056901,-0.2069807689772348,0.004828783148064935
2005-03-21,0.3303626671809365,-0.10475428412589917,-0.003762495140259057
2005-03-22,0.331221770437367,-0.09048507728501334,-0.0027585527043960637
2005-03-23,0.2927344709934532,-0.09274555407145994,-0.006472346622645358
2005-03-24,0.29003607155748834,-0.09322333963850397,-0.006833601207561861
2005-03-28,0.2894076167085118,-0.09334586937560385,-0.007034112104637812
2005-03-29,0.28803860480237,-0.09310934120026841,-0.005945496264824155
2005-03-30,0.2589881913881255,-0.08916830268973243,-0.009510660970122964
2005-03-31,0.256174760896139,-0.08962602795287504,-0.00992596382313689
2005-04-01,0.2547236606553882,-0.08966083740862953,-0.009692437960474051
2005-04-04,0.25318876295329296,-0.08943035234704705,-0.009130296126605927
2005-04-05,0.24131190387243884,-0.08831019460779008,-0.006683269627270054
2005-04-06,,-0.0886468653709928,
2005-04-07,,-0.08738921432867863,
2005-04-08,,-0.08790959371020086,
2005-04-11,,-0.08764410789233343,
2005-04-12,,-0.08750911461252067,
2005-04-13,,-0.08764580593297053,
2005-04-14,,-0.0882755850499059,
2005-04-15,,-0.088420964456666,
2005-04-18,,-0.08964300471024964,
2005-04-19,,-0.09326968538091837,
2005-04-20,,-0.09417785743194632,
2005-04-21,,-0.09417858049596207,
2005-04-22,,-0.09422143478274286,
2005-04-25,,-0.09404916551719335,
2005-04-26,,-0.09461098963081249,
2005-04-27,,-0.09522568881066892,
2005-04-28,,-0.09552609537351038,
2005-04-29,,-0.09552335790968453,
2005-05-02,,-0.09733762385173468,
2005-05-03,,-0.09928818404611925,
2005-05-04,,-0.09770981440495784,
2005-05-05,,-0.0975496646650377,
2005-05-06,,-0.10235014192639227,
2005-05-09,,-0.10052398442758834,
2005-05-10,,-0.10090886317756609,
2005-05-11,,-0.10000386107431626,
2005-05-12,,-0.1010437791262394,
2005-05-13,0.0010271594989690544,-0.10449980748562399,0.006683269627270057
2005-05-16,0.0010330109787776908,-0.10439428773201392,0.009400055384855636
2005-05-17,0.06540560656896252,-0.10342463678829505,0.011527120066216994
2005-05-18,0.21422930171374024,-0.09904767039209951,0.012939208376103661
2005-05-19,0.23005971635635203,-0.09860726344548575,0.014720079830380756
2005-05-20,0.2212772786168374,-0.09897623481329827,0.015842904381384915
2005-05-23,0.24147814730549252,-0.10187489799399232,0.01714362058899333
2005-05-24,0.24160484294193868,-0.10458741213151751,0.018071146289984772
2005-05-25,0.2512442743223622,-0.10707212863971456,0.016245026445721532
2005-05-26,0.2975359024234831,-0.11023347296109266,0.017815871793688046
2005-05-27,0.2940080060997542,-0.11058228925616523,0.01797914900844424
2005-05-31,0.3247390835178236,-0.11163271964913758,0.01671843203102166
2005-06-01,0.36454340289224674,-0.10761428503321908,0.018211030721921904
2005-06-02,0.3648366251954879,-0.10721035177105348,0.019573139903912233
2005-06-03,0.4104401706727694,-0.11479169846243377,0.013415472277752022
2005-06-06,0.4113505112507396,-0.11499927355101291,0.013477640503491256
2005-06-07,0.3870472610096403,-0.07807658280979732,0.024416429423605508
2005-06-08,0.40148546599408724,-0.08100724180848481,0.023086274106823075
2005-06-09,0.4158358498696228,-0.08947752916311781,0.030817470197378814
2005-06-10,0.42034718171206775,-0.04439490693436118,0.028865210645394365
2005-06-13,0.43512634841112313,0.018331114829920055,0.02442018814071211
2005-06-14,0.4314450695189524,0.03226882283112826,0.02296160950420222
2005-06-15,0.4435181101843884,0.11718028574784321,0.03163145307715002
2005-06-16,0.447713058195634,0.15952567539592874,0.024994244951644397
2005-06-17,0.4441610087912622,0.17484618143749378,0.02747674094994432
2005-06-20,0.4454972970697376,0.3987589546930638,0.025444121614774613
2005-06-21,0.4751701566208255,,
2005-06-22,0.4745468985172138,,
2005-06-23,0.5474830380144391,-0.4585722903179009,-0.3250377546505664
2005-06-24,0.571111161072191,-0.2819328907304551,-0.17915270863633845
2005-06-27,0.5705605958969505,-0.2814421486890001,-0.1796295511411574
2005-06-28,0.599650236635854,-0.35181845595863553,-0.07675458915800736
2005-06-29,0.5986445322322723,-0.3653033209827483,-0.07717505798607445
2005-06-30,0.5922267085239008,-0.2823023933504479,-0.06845102292468387
2005-07-01,0.5896945880500487,-0.228899171711183,-0.031214621967576392
2005-07-05,0.5767659128102955,-0.29432281972842333,-0.022474474082124222
2005-07-06,0.563589301326919,-0.28530712489198884,-0.022036532946642325
2005-07-07,0.5670220017397669,-0.2745639220191658,-0.023460938528720984
2005-07-08,0.5602230096920198,-0.29149813756218124,-0.021937870506837254
2005-07-11,0.5543483164157377,-0.24253065172569363,-0.024936983712418263
2005-07-12,0.5617392503491078,-0.23931320444462234,-0.016587880832262966
2005-07-13,0.5623515010619011,-0.23419487474315742,-0.027124928276774936
2005-07-14,0.5640396429540178,-0.2358886214981693,-0.03486678222142104
2005-07-15,0.5593835550855275,-0.23609633040669492,-0.03311103453985089
2005-07-18,0.56692568464156,-0.23618251888770045,-0.03506619767670794
2005-07-19,0.5755972647705101,-0.2310621215341469,-0.027750578721427503
2005-07-20,0.5773955786097705,-0.22861354961216485,-0.023721617032512795
2005-07-21,0.5699317804096736,-0.22787902332936813,-0.023592960029882818
2005-07-22,0.5530227427248093,-0.22132220721890408,-0.024221925048550055
2005-07-25,0.5583810788037467,-0.22178103712671118,-0.026029730980384476
2005-07-26,0.5569734421185139,-0.22117837329475615,-0.02400711410171276
2005-07-27,0.5592058047479032,-0.21864194281185406,-0.019843151543620076
2005-07-28,0.5631701212979463,-0.21302861747625504,-0.017347961234836944
2005-07-29,0.583197456954728,-0.2121800417815774,-0.021078937788646817
2005-08-01,0.5811466635092002,-0.21243270984052642,-0.020143389047557796
2005-08-02,0.5897599864571179,-0.2074888555511361,-0.014415981615150173
2005-08-03,0.5989776027288,-0.212202325733119,-0.014651608267112
2005-08-04,0.6214702057847472,-0.21054467405386124,-0.01876653494140796
2005-08-05,0.6298593929660807,-0.20960627985986213,-0.02087725261950278
2005-08-08,0.6385370949400548,-0.21449302383622681,-0.02357173438989467
2005-08-09,0.630303848142592,-0.20900159188848183,-0.02357173438989467
2005-08-10,0.6356506256259108,-0.21267228697082502,-0.02357173438989467
2005-08-11,0.6319976247966826,-0.1327924221161208,-0.03113871405522803
2005-08-12,0.6404595955399327,-0.1371592497560214,-0.03404213623209511
2005-08-15,0.6413336585072946,-0.16339714028752478,-0.030451958955309576
2005-08-16,0.6057262102477231,-0.24652994843427664,-0.034896024578468444
2005-08-17,0.5787845512567005,-0.22937748897937021,-0.03190696870623774
2005-08-18,0.5743501826464869,-0.23086738542177987,-0.034712219040484944
2005-08-19,0.5804678548408959,-0.23398418254609846,-0.035082848293961
2005-08-22,0.5743869901699631,-0.2379341228494332,-0.03736081796514656
2005-08-23,0.5815133844569073,-0.2397727743084254,-0.038636384877772344
2005-08-24,0.5679950225854898,-0.21228401676109238,-0.03683098090424831
2005-08-25,0.5571756441815596,-0.20573449476123165,-0.04173135500940752
2005-08-26,0.5492044128419432,-0.1932564793591058,-0.04187037954041655
2005-08-29,0.5358747125452514,-0.1917348155574094,-0.04066709458070794
2005-08-30,0.511887784149154,-0.14648040140692292,-0.04334793986324361
2005-08-31,0.4922926241036412,-0.06753311735093433,-0.04526216547788166
2005-09-01,0.4842163774852921,-0.070804046858212,-0.038429986968203995
2005-09-02,0.48406813495213785,-0.071654746834534,-0.038493434511235256
2005-09-06,0.48318763567928696,-0.06490827659119024,-0.037808000088695774
2005-09-07,0.48107800242496085,-0.06359267582991812,-0.03757703290051745
2005-09-08,0.4724632891053344,-0.0757417729117591,-0.039509874939967514
2005-09-09,0.4682510430840283,-0.05121718367481178,-0.04074083056930123
2005-09-12,0.4627435591761225,-0.05292665277251082,-0.040623465950129334
2005-09-13,0.47800137573859325,-0.0312941272497241,-0.02641679732603002
2005-09-14,0.4771008166543374,-0.04790326180365342,-0.09109528433516442
2005-09-15,0.47608663901578235,-0.050680707162392855,-0.09315224235617904
2005-09-16,0.4906796718228239,-0.023264405410613132,-0.05773135583309632
2005-09-19,0.49439675195236915,-0.03728680523478273,-0.09650820094875591
2005-09-20,0.5037656450496677,-0.03365017910862638,-0.09416865089929186
2005-09-21,0.501609155911907,-0.0961721080994849,-0.10156552255368506
2005-09-22,0.44928408976090667,-0.09010993832369936,-0.07434376430775656
2005-09-23,0.42805495198917676,-0.10137392815479354,-0.08963929811270328
2005-09-26,0.4281272654256931,-0.09896893082740667,-0.08950570316602463
2005-09-27,0.43572529196511883,-0.06346554844372626,-0.09073021812527093
2005-09-28,0.43635263344458763,-0.05486943909056723,-0.08948673238310417
2005-09-29,0.4325520547670108,-0.04862658301662438,-0.09005776865038395
2005-09-30,0.43245308939792765,-0.042609754935097194,-0.09423144399497735
2005-10-03,0.43789991990833405,0.003525263172677435,-0.09563560972788407
2005-10-04,0.4317364192472839,-0.0011120988935885683,-0.09577296628724194
2005-10-05,0.4289949010212321,0.0047190885562322805,-0.09537437064384728
2005-10-06,0.4440999239093287,0.020590920036586517,-0.09211698986738127
2005-10-07,0.44765061578109927,0.009218924765425662,-0.09228315463705372
2005-10-10,0.44446732724747334,0.007826182106042813,-0.09474248890152172
2005-10-11,0.4433068000940266,0.01314473602195335,-0.08537268096055584
2005-10-12,0.43725773248255545,0.016301094477945307,-0.07220035882086029
2005-10-13,0.4406321093727066,0.016394234174385156,-0.0701115547460219
2005-10-14,0.43464570083547976,0.014046807542249046,-0.07348714086835612
2005-10-17,0.41981060843217133,0.017619991336935332,-0.06891843947580557
2005-10-18,0.41335422108589676,0.018585719222066515,-0.06669095924863144
2005-10-19,0.42046195484563964,0.014033846793426107,-0.06805587906354113
2005-10-20,0.431975418000472,0.015565606853335521,-0.07008361738352781
2005-10-21,0.4285336794676239,0.015792095843947196,-0.06903978510133688
2005-10-24,0.42854471806175315,0.015905844897455664,-0.06804804519181112
2005-10-25,0.42150938143109656,0.01908215438678241,-0.060243488872933584
2005-10-26,0.40120146177682425,0.021757412185674622,-0.05885108334585768
2005-10-27,0.37595452827065523,0.019678151872429234,-0.06717459120685605
2005-10-28,0.37910569549632955,0.019432758654670913,-0.06558719456212382
2005-10-31,0.35105265053824986,0.018748387063424826,-0.07111383935581578
2005-11-01,0.35275449102254,0.008279734971717767,-0.07558939781610752
2005-11-02,0.3906911848747036,0.002474881329383289,-0.08270492442596326
2005-11-03,0.35832485687279986,-0.0009223769799069193,-0.07785791190197373
2005-11-04,0.3502005840984374,-0.0010970175202910202,-0.08466200230098064
2005-11-07,0.35587973264969114,0.0004697374797128386,-0.08520096130303481
2005-11-08,0.35583269878857493,0.00031773643932134747,-0.08532581251605897
2005-11-09,0.35859999891145866,-0.025701457380808396,-0.08627482690580902
2005-11-10,0.40245388867205995,-0.026317267661721974,-0.08261859272408234
2005-11-11,0.41360365814359656,-0.0065413867438798325,-0.08580158504518676
2005-11-14,0.43395530098541196,0.043687421071371677,-0.08446430903377103
2005-11-15,0.4434317234319863,0.043486998761524474,-0.08681077740727669
2005-11-16,0.44329793183565175,0.05637104290455887,-0.013582187174296684
2005-11-17,0.49049885486444217,0.10665690512668773,0.06898388442369259
2005-11-18,0.494572191733004,0.10378684641511153,0.0664810936091677
2005-11-21,0.49642263866340897,0.11877768029864273,0.0733339986921207
2005-11-22,0.5106951069916682,0.10833501837744919,0.07811322981783575
2005-11-23,0.5158119176896787,0.09555252904616925,0.07452791293526115
2005-11-25,0.5208730361027953,0.08374058340515828,0.07514308686990187
2005-11-28,0.5612062019264257,0.07590241162754074,0.051496510259754665
2005-11-29,0.5651009230262573,0.042344510054290595,0.04932176738284233
2005-11-30,0.6090016946683804,0.047247383630153975,0.07248133181790967
2005-12-01,0.6420362246827529,0.13242671035653564,0.2087737891507459
2005-12-02,0.6421011426306266,0.13189030097447563,0.20896313964098093
2005-12-05,0.6806681802438195,0.13560143215935253,0.1799832498119323
2005-12-06,0.6826731911417003,0.13601407856368283,0.17969421693095844
2005-12-07,0.6841550702456437,0.1237273086281507,0.17359808532282037
2005-12-08,0.7015121016044846,0.11034583946289972,0.14262151960146677
2005-12-09,0.7055891983615818,0.11597232309013035,0.14968635692310076
2005-12-12,0.7034115378820853,0.09409668791386623,0.14018137557816862
2005-12-13,0.7062598942384626,0.051159054313009704,0.14966589065339478
2005-12-14,0.6860949008040389,0.0175911701307207,0.18765639350615723
2005-12-15,0.6734569750443187,0.00360100594626124,0.17574792257538166
2005-12-16,0.6739349404878947,0.022437081943124347,0.21547265698998375
2005-12-19,0.6788846489744731,0.013889455856194423,0.19703889093021007
2005-12-20,0.6937466194856408,0.08306755689083456,0.21364990399660103
2005-12-21,0.697769359533211,0.10558146440915857,0.2106358676574328
2005-12-22,0.6874680570401238,0.12988002905657237,0.20147386996539265
2005-12-23,0.6879419295793944,0.12951942489563942,0.20398931690364958
2005-12-27,0.6578650774450889,0.07974252273265812,0.19824251024671732
2005-12-28,0.656278120156785,0.08677322995821873,0.19492282750146797
2005-12-29,0.6750300112406,0.07521420148280203,0.19730718966508556
2005-12-30,0.6730394013901416,0.08332571705526011,0.19560706761682184
2006-01-03,0.5891959624005477,0.2196560049118749,0.17383362452691933
2006-01-04,0.6079190163056213,0.22717867864754276,0.1730281185486543
2006-01-05,0.617367981009705,0.2184793825954342,0.17279610269038317
2006-01-06,0.6367514737158656,0.2737264521581053,0.268241561252735
2006-01-09,0.6371365434846343,0.2768963367429662,0.2753859317116395
2006-01-10,0.636786112888315,0.2745926470711424,0.2741803061990785
2006-01-11,0.6365114472020047,0.27720148289871666,0.28143884274727426
2006-01-12,0.6436909121011037,0.2787900109446895,0.28337298207739586
2006-01-13,0.6441023664809125,0.2632957049990579,0.271301306919177
2006-01-17,0.6489618716434545,0.2665845575884811,0.2765365526821898
2006-01-18,0.655879442127225,0.28815997567862794,0.3137397038722131
2006-01-19,0.6579087952456283,0.2950739343615147,0.33063028924502047
2006-01-20,0.6245243255633086,0.30942072457548053,0.33884659301703174
2006-01-23,0.6213095649403725,0.312994015797548,0.3352065827394149
2006-01-24,0.6208791368987243,0.3164824631657581,0.3399446378153231
2006-01-25,0.6205456449873176,0.31531788105054687,0.337470792811252
2006-01-26,0.6138670901922773,0.3091996988939199,0.3443671936451711
2006-01-27,0.5973923690861108,0.2863093442495725,0.3443577380971594
2006-01-30,0.5974247853075981,0.2740517143606199,0.3352918921698458
2006-01-31,0.5901370566341871,0.27343088803012244,0.3353775088046535
2006-02-01,0.5811527313372459,0.2679386383960382,0.3393755906803129
2006-02-02,0.565463088049991,0.25849242106510906,0.33917601549546944
2006-02-03,0.5414468181663205,0.28510538960391874,0.35685007815746767
2006-02-06,0.5444187320581176,0.2892116822465016,0.388384924323844
2006-02-07,0.5401215199569893,0.34291762757933403,0.36183594386575946
2006-02-08,0.5283186410572362,0.34052962386962327,0.36210191074284387
2006-02-09,0.5282517918698018,0.3203936800029369,0.34998707572037485
2006-02-10,0.5277797696716318,0.3021136164675955,0.340700145832225
2006-02-13,0.511169538805156,0.3124933754881414,0.349587899600752
2006-02-14,0.4956146098689293,0.3025504383436095,0.3515366953288916
2006-02-15,0.49414958500549266,0.30022776572145293,0.35158128032404906
2006-02-16,0.4820236935029446,0.293467626492001,0.3518781134483822
2006-02-17,0.48269578592723483,0.2947387308285818,0.33431482814236824
2006-02-21,0.4547858345311917,0.27930401467056265,0.31323746934039465
2006-02-22,0.44802755049587045,0.27767363204173734,0.3163019679656989
2006-02-23,0.44465543185504347,0.2717091813888338,0.3125622339599241
2006-02-24,0.43992503473895384,0.2678327596881077,0.3093977991457603
2006-02-27,0.4362911497238834,0.2753915475137021,0.31343321317055567
2006-02-28,0.4264823067788964,0.2720202438138598,0.31178497414819933
2006-03-01,0.4002836794595602,0.2770172665621366,0.33155620858149454
2006-03-02,0.3994992440376331,0.2772750555204198,0.33439326713096923
2006-03-03,0.39267224958856833,0.2633557128226492,0.32817086140415913
2006-03-06,0.3391516494394159,0.23091281587329762,0.26606571332844237
2006-03-07,0.33812967336989525,0.2308287836519935,0.2653346020161729
2006-03-08,0.3356112579823547,0.2356398610478989,0.29316122900226976
2006-03-09,0.329794096739611,0.23409553006471748,0.2935038081524267
2006-03-10,0.32028495758933256,0.24081516165561984,0.29924605066791254
2006-03-13,0.32412034327243777,0.2444629874109663,0.33639950243027184
2006-03-14,0.31467987737368047,0.23545541905442674,0.32853890430241245
2006-03-15,0.31559792206962584,0.2343089554540143,0.3278153737392236
2006-03-16,0.30214351857041116,0.26407159745495784,0.3663000251985411
2006-03-17,0.3133221658552174,0.2950971880816247,0.34982680378699466
2006-03-20,0.3188437034798994,0.2937159649643385,0.3529817213854039
2006-03-21,0.30681702415430384,0.29021223920471667,0.3529491326221887
2006-03-22,0.2834230237631034,0.29094127510020007,0.39725467106437407
2006-03-23,0.28337214975266584,0.30438091490501074,0.4109891144482349
2006-03-24,0.2835329810212686,0.30368122038826423,0.4121682258981904
2006-03-27,0.28547506482477153,0.2934680858723385,0.41887521613776235
2006-03-28,0.28370512203112086,0.2925414811531088,0.41887559046975475
2006-03-29,0.2865617703551064,0.32221718504283753,0.4220543256114378
2006-03-30,0.28688411014452864,0.29507420289140257,0.4117672078479656
2006-03-31,0.2878871342470801,0.29470227700086804,0.40999919709482185
2006-04-03,0.28954415925630783,0.2963147689288809,0.40898357965351884
2006-04-04,0.3090371689218575,0.19629654426027268,0.43494035091535277
2006-04-05,0.31589323415803067,0.19726420598460775,0.43313867992597815
2006-04-06,0.3108218642767526,0.19710428744169717,0.4480015757559936
2006-04-07,0.32860546323148493,0.1815663782030267,0.3710832754148233
2006-04-10,0.32251504261529024,0.17707430601784627,0.3262324931296754
2006-04-11,0.36082746409511496,0.2007305159730431,0.3561949728639878
2006-04-12,0.3607621854225105,0.19761945039994971,0.3439958502009519
2006-04-13,0.33824601334250737,0.1956054901532064,0.3406136833868226
2006-04-17,0.33820455792347587,0.1918890550035813,0.3148810992700806
2006-04-18,0.3201244131848991,0.2237016663732644,0.31310999496449904
2006-04-19,0.32306098432657115,0.2094446132856451,0.24807476443152932
2006-04-20,0.32400740862308625,0.16686906272182092,0.15380075567842091
2006-04-21,0.2708728743426615,0.1339409542428225,0.13394939285163918
2006-04-24,0.2703416786630376,0.13848264025348256,0.12862653926321183
2006-04-25,0.268164318170143,0.1182315688409427,0.12785269536632662
2006-04-26,0.2680847126660937,0.11627300154523648,0.12748167896283472
2006-04-27,0.2684423964563661,0.1110816980201965,0.1265551848484542
2006-04-28,0.272572561108091,0.1380981923944295,0.12310938773129992
2006-05-01,0.26662015468073286,0.14196367471867719,0.12375330983155194
2006-05-02,0.26917269683128997,0.16696454939043096,0.12282465219659329
2006-05-03,0.2695566702235964,0.17262271930785622,0.12272804606242359
2006-05-04,0.28177074272135655,0.19517347741837884,0.12238314793231134
2006-05-05,0.28097576496768556,0.19131627081391936,0.12352279749407226
2006-05-08,0.2804132970499914,0.19351741798271316,0.1227115660309487
2006-05-09,0.28937340528365446,0.1265474041875845,0.12991026325969196
2006-05-10,0.293741032713941,0.12423996583044476,0.12994172692831601
2006-05-11,0.27926319411416467,0.11444573184572304,0.13154983481396984
2006-05-12,0.26429925645563784,0.12561072851798702,0.13749856202786884
2006-05-15,0.2649435899546172,0.08534086750472966,0.12332637804213978
2006-05-16,0.2704327366045542,0.08729198197087965,0.12318329894482447
2006-05-17,0.260148681393626,0.10777947498945961,0.12247656229120121
2006-05-18,0.2629477735633526,0.11267944662342168,0.12127765269569832
2006-05-19,0.26376152428792454,0.10753165958124163,0.1161147462792473
2006-05-22,0.2644870049637111,0.1064594708957489,0.11576963403740227
2006-05-23,0.26631099785625484,0.10970656149781555,0.11575381494853049
2006-05-24,0.26663289532786816,0.10371188756381461,0.10919281934881521
2006-05-25,0.26680429897196895,0.10484512124817373,0.1094260292778652
2006-05-26,0.26595563781520537,0.10765601690290828,0.10965491809593637
2006-05-30,0.27338563845844,0.10691582073301621,0.10966378485327148
2006-05-31,0.27832340160936947,0.11193576708543597,0.108282081523321
2006-06-01,0.2735025647188805,0.07675006900876855,0.10625541640569736
2006-06-02,0.27580468095508415,0.07507425944704119,0.10625541640569736
2006-06-05,0.2773678695033701,0.07472149992257343,0.10625541640569736
2006-06-06,0.2778205224043945,0.07429805436165253,0.10625541640569736
2006-06-07,0.2778196058415618,0.07501931955365367,0.10625541640569736
2006-06-08,0.28257592112105845,0.07394714136034274,0.10625541640569736
2006-06-09,0.2885369452996209,0.07890266755644247,0.10625541640569736
2006-06-12,0.28854127732720447,0.07956887455612728,0.10625541640569736
2006-06-13,0.2970992878012672,0.08582985767352054,0.10625541640569736
2006-06-14,0.2984637516852409,0.08789778308631159,0.10625541640569736
2006-06-15,0.2986400728321642,0.08872423926457207,0.10625541640569736
2006-06-16,0.2986151946190606,0.08902613438696583,0.10625541640569736
2006-06-19,0.299060540152174,0.08854104732184269,0.10625541640569736
2006-06-20,0.30388248992514283,0.08754453286087875,0.10625541640569736
2006-06-21,0.30699992616911415,0.09080151802612786,0.10625541640569736
2006-06-22,0.30772289052168206,0.09020025599289164,0.10625541640569736
2006-06-23,0.30769105104398864,0.09048262702669621,0.10625541640569736
2006-06-26,0.3081115668921943,0.09002950979466373,0.10625541640569736
2006-06-27,0.31317735677495945,0.08907184504973248,0.10625541640569736
2006-06-28,0.3168009228861979,0.09259887655514847,0.10625541640569736
2006-06-29,0.2834382418993878,0.0863363124923275,0.10698094737803653
2006-06-30,0.28341514004976476,0.08657676157330943,0.1076684223548498
2006-07-03,0.2829798246600638,0.08632853284152889,0.1074680117301828
2006-07-05,0.28156549979615236,0.09230749721940872,0.10761267540426772
2006-07-06,0.28169826567248657,0.08903625891400395,0.10499466951541384
2006-07-07,0.29298355801122017,0.09190872679666878,0.09073807915630361
2006-07-10,0.17088090903565079,0.06900537837071177,0.026062137276702823
2006-07-11,0.17735910317347162,0.0643622992279379,0.04512154307081694
2006-07-12,-0.032313256660888634,0.04683039503004731,-0.06866736951358943
2006-07-13,-0.03392779326488576,0.045243444781282394,-0.07091364685542752
2006-07-14,0.020707215254749976,0.04540939173167658,-0.20797447087808738
2006-07-17,,0.05088907791836188,
2006-07-18,,0.013624868061574138,
2006-07-19,,0.0015804464775591343,
2006-07-20,,0.015502461277909612,
2006-07-21,,0.016217784707915642,
2006-07-24,,0.003199349944376051,
2006-07-25,,0.02521568962792159,
2006-07-26,,0.025624193902473662,
2006-07-27,,0.0404672525966494,
2006-07-28,,0.010572765616070935,
2006-07-31,,0.014646817905178265,
2006-08-01,,-0.036589867324494596,
2006-08-02,,-0.035360268501276666,
2006-08-03,,-0.05235206204640421,
2006-08-04,,-0.07950910398068124,
2006-08-07,,-0.08287761473026782,
2006-08-08,,-0.11273057610010007,
2006-08-09,,-0.11295090166508293,
2006-08-10,,-0.06668257238222462,
2006-08-11,,-0.05727490598359473,
2006-08-14,,-0.03094131275119278,
2006-08-15,0.348813221699516,-0.0020059189753037416,0.024225209718157076
2006-08-16,0.4231913515395116,-0.035896239353511085,0.03188423551996587
2006-08-17,0.4251084438380417,-0.040430022323748815,0.030195749156560918
2006-08-18,0.42387998715946146,-0.06300555527017661,0.020766032791569373
2006-08-21,0.4482592304749117,-0.06696792380659164,0.014439951305277443
2006-08-22,0.4480745474374319,-0.060305648866458575,0.02337016548878328
2006-08-23,0.4596425161167704,-0.1441801047466211,0.00959921724725171
2006-08-24,0.45412429133036997,-0.1455361791065029,0.018794281404313204
2006-08-25,0.4586962350218945,-0.1844256991467765,0.02557860133353916
2006-08-28,0.46963237779402073,-0.178821544567517,0.029971876430784413
2006-08-29,0.4686225232925977,-0.24436561432389792,0.02257441744963212
2006-08-30,0.4855026659880781,,
2006-08-31,0.4877593697609877,,
2006-09-01,0.49767252234858184,,
2006-09-05,0.49032584401319323,,
2006-09-06,0.5530681075672034,,
2006-09-07,0.5620820441079063,,
2006-09-08,0.5640827427918833,,
2006-09-11,0.5602870442223721,,
2006-09-12,0.5978719870140202,,
2006-09-13,0.6013938756475643,,
2006-09-14,0.6011120176077915,,
2006-09-15,0.6013998186884849,,
2006-09-18,0.6005661667480025,,
2006-09-19,0.6059046980153546,,
2006-09-20,0.6114654573480062,,
2006-09-21,0.6208698160052611,,
2006-09-22,0.627077271819687,,
2006-09-25,0.6423418203021485,,
2006-09-26,0.6407017642574651,,
2006-09-27,0.6395899623819302,,
2006-09-28,0.7515271702622028,,
2006-09-29,0.7517558695065466,,
2006-10-02,0.7627213428866316,,
2006-10-03,0.774558040649608,,
2006-10-04,0.8031147095146053,,
2006-10-05,0.8075541859152062,,
2006-10-06,0.8088408569740377,,
2006-10-09,0.8155800244026687,,
2006-10-10,0.816042383263599,,
2006-10-11,0.8166538649809302,,
2006-10-12,0.8257747256668654,,
2006-10-13,0.8257929790569607,,
2006-10-16,0.8250092781287296,,
2006-10-17,0.8273651103266477,,
2006-10-18,0.8223981224490459,,
2006-10-19,0.8221952218918361,,
2006-10-20,0.8213742507111562,,
2006-10-23,0.8258096703529242,,
2006-10-24,0.8102226812039965,,
2006-10-25,0.8109865059607259,,
2006-10-26,0.8478215166277026,,
2006-10-27,0.8561652379908812,,
2006-10-30,0.8583813485049037,,
2006-10-31,0.8756330267530626,,
2006-11-01,0.8850174650963821,,
2006-11-02,0.8855674579157743,,
2006-11-03,0.8880402992214897,-0.08612574564810911,-0.06848233389040796
2006-11-06,0.8930136559574657,-0.2855501515931285,-0.18184910061120563
2006-11-07,0.8978521920712115,-0.254659094715664,-0.1556318010930547
2006-11-08,0.9010417382732625,-0.14335627146238025,-0.10319454843832584
2006-11-09,0.903112551169865,-0.23719654113352284,-0.14639783167648
2006-11-10,0.9009288243449621,-0.2259034555481681,-0.15184753515955104
2006-11-13,0.8887022758747782,-0.23863364860416317,-0.17109154783160482
2006-11-14,0.8869439826022331,-0.2788207611044924,-0.20518845881443054
2006-11-15,0.8869035650817428,-0.2729654890861439,-0.20146722867482916
2006-11-16,0.8941586101687259,-0.2770827313229366,-0.20367584776964534
2006-11-17,0.8910138914647864,-0.2807737667195998,-0.2091381794351589
2006-11-20,0.8907832703625902,-0.2808354753135921,-0.20918853757069786
2006-11-21,0.8889689643621183,-0.27928295224482386,-0.2106692389637318
2006-11-22,0.8909431260187307,-0.2772318796159628,-0.2040592344960382
2006-11-24,0.8877197230002637,-0.31544357412342305,-0.214072740901515
2006-11-27,0.9019709052484948,-0.31332777571607145,-0.22227344486044578
2006-11-28,0.8989043799329156,-0.31675655320008483,-0.222220867653926
2006-11-29,0.8869766925232635,-0.34234716366177514,-0.22988670792770124
2006-11-30,0.886767343776355,-0.3229428746075204,-0.22698540842199028
2006-12-01,0.8887333749952663,-0.3119037142212666,-0.20758517189105383
2006-12-04,0.8956197240540339,-0.3089937167769085,-0.20653972197426204
2006-12-05,0.8855244257673575,-0.3302447457455007,-0.2225536265816966
2006-12-06,0.8853887250481864,-0.2918967537398596,-0.17859626059242042
2006-12-07,0.8877840968968712,-0.2895599993862086,-0.17624214827715143
2006-12-08,0.8899933768187619,-0.28595530169021965,-0.18055725935551128
2006-12-11,0.8832477057813866,-0.28283514569711954,-0.17915696900192946
2006-12-12,0.8817625065273745,-0.2819711770517989,-0.1762560304213905
2006-12-13,0.881865297831645,-0.28211474491645916,-0.1763508798209277
2006-12-14,0.8833589342530986,-0.2973737151299032,-0.1893793480080403
2006-12-15,0.8826379601520721,-0.2959087241390824,-0.18979859822684328
2006-12-18,0.8818613472047845,-0.2956876347973132,-0.18833370374515293
2006-12-19,0.8786311357970488,-0.2975205739152077,-0.1914648631022827
2006-12-20,0.8778298522361919,-0.30161640493906916,-0.1921947541134429
2006-12-21,0.8780424698685227,-0.3009027514673983,-0.1924450107203596
2006-12-22,0.8706910342411137,-0.29940664452160853,-0.18424219158728997
2006-12-26,0.8683064468500968,-0.3029375550426525,-0.18456225742309373
2006-12-27,0.8566029503508806,-0.299306697407722,-0.1846322417000552
2006-12-28,0.856314558771899,-0.2983241118136413,-0.1846921114216405
2006-12-29,0.8482436180144174,-0.29553253175325517,-0.18522824239257318
2007-01-03,0.8441874632073695,-0.2973027374103709,-0.18900523439307415
2007-01-04,0.8433114268129367,-0.2972984572977131,-0.18920804019967613
2007-01-05,0.801393629428662,-0.30159767082477024,-0.202739163529689
2007-01-08,0.7959837491636691,-0.2999809494643913,-0.20322925476744594
2007-01-09,0.7950116041062308,-0.300167608508523,-0.20341386466611427
2007-01-10,0.793829723855017,-0.2994433688518036,-0.20363160450632198
2007-01-11,0.7960347514560386,-0.29802981069863904,-0.20184934321188094
2007-01-12,0.7935767551999521,-0.29355974924280415,-0.20149927837351472
2007-01-16,0.7810499298845439,-0.2993970978925525,-0.2085429419561364
2007-01-17,0.7746083869618955,-0.2997094949356913,-0.20704435082459172
2007-01-18,0.7699159813939624,-0.29767560731988213,-0.19793333226087886
2007-01-19,0.7671000053538024,-0.2994072239850779,-0.2006820583770863
2007-01-22,0.7732692192413612,-0.29760434415545756,-0.19824118199326252
2007-01-23,0.7688555298741229,-0.2971432732141725,-0.19823023076789095
2007-01-24,0.7805970768586006,-0.2913508725451174,-0.1919317546903084
2007-01-25,0.7846542665881655,-0.27664669134687947,-0.1905797056128263
2007-01-26,0.7971999719245625,-0.2769168075583287,-0.19137071012447593
2007-01-29,0.7950253742816841,-0.2775355748893993,-0.19255133406562594
2007-01-30,0.7912868052830165,-0.2761112782662995,-0.1946329061160548
2007-01-31,0.7889498902844324,-0.27730561744099663,-0.1968449241484131
2007-02-01,0.7887055401327117,-0.26292433114970837,-0.1983382886935143
2007-02-02,0.7902287783753204,-0.257390355029423,-0.2054742476576757
2007-02-05,0.7809811342887244,-0.26236028560651353,-0.20990362114843575
2007-02-06,0.7825640394178847,-0.26272022926738675,-0.2113208519113655
2007-02-07,0.7778039037661455,-0.2590722528137697,-0.21255563139532946
2007-02-08,0.7620787735885979,-0.2450155725805153,-0.18677713061102683
2007-02-09,0.7717360999834193,-0.27445619333991483,-0.21935875541782013
2007-02-12,0.7710874055567852,-0.2558361769259098,-0.19770632048360864
2007-02-13,0.7664896826668358,-0.1889193683022561,-0.18063279548259542
2007-02-14,0.7744271655490935,-0.16331834311700616,-0.11544189599254231
2007-02-15,0.7759929817051487,-0.15993539698533965,-0.09898154512436597
2007-02-16,0.7690927607181129,-0.12860017140423083,-0.06476246909766789
2007-02-20,0.7676910248376991,-0.13731354525767905,-0.06569393024242667
2007-02-21,0.7469023829427184,-0.12747424148685954,0.05588547352852736
2007-02-22,0.740152080836357,-0.12496536610200105,0.05105035811272206
2007-02-23,0.7403539550768662,-0.13964278731880675,0.044488849600697364
2007-02-26,0.7408477519913136,-0.1449787774369784,0.034842937452537914
2007-02-27,0.8045366680556828,0.16439051522671086,0.32952318720768325
2007-02-28,0.8014842060736959,0.2346079312041386,0.3443596862582859
2007-03-01,0.7826225450576025,0.27373103197098847,0.3755663591336328
2007-03-02,0.7773218396009647,0.2793273710354299,0.3793274087717748
2007-03-05,0.7781827902760396,0.3119015378952722,0.3935193493041644
2007-03-06,0.7778564866476947,0.32485690191023825,0.407423835550271
2007-03-07,0.7765192311360561,0.32224657869249346,0.4043986892692229
2007-03-08,0.7582949302489768,0.3221624440973002,0.41248341126025906
2007-03-09,0.7565917170313893,0.33131937830251523,0.41948745023849593
2007-03-12,0.7564977889425082,0.3350261753557714,0.4267580280437785
2007-03-13,0.7492788219960232,0.33803416546026305,0.4338252679545413
2007-03-14,0.7490130437189498,0.34961114506823343,0.45643967565258436
2007-03-15,0.7474999975177093,0.3448507048737803,0.4519022667446697
2007-03-16,0.7471808163012631,0.3446269205319239,0.4519176383320716
2007-03-19,0.7251178093312317,0.33201590069866416,0.4528296554845752
2007-03-20,0.7115062967043179,0.35741922707885504,0.4799663870268908
2007-03-21,0.671620821132215,0.3310183545246447,0.48278232492520323
2007-03-22,0.6675567679736195,0.3317632506875737,0.48598351435550396
2007-03-23,0.6688550684800456,0.33186702475727253,0.48591087000193617
2007-03-26,0.6666450709985118,0.33168880290434133,0.4859403082753705
2007-03-27,0.6604739496070867,0.3324719265649182,0.48738645802708597
2007-03-28,0.638778793217067,0.33102386821471425,0.5188286864050702
2007-03-29,0.6420204745933793,0.33379696391661295,0.5188286864050702
2007-03-30,0.6464091488644248,0.3375321670451181,0.5188286864050702
2007-04-02,0.6486507554015937,0.3379601416918029,0.5188286864050702
2007-04-03,0.639521662321053,0.3298542051693512,0.5188286864050702
2007-04-04,0.6415690642924906,0.3302667914581872,0.5188286864050702
2007-04-05,0.6423312943375041,0.3300661408680532,0.5175283945184115
2007-04-09,0.6588252813579659,0.3367675908090959,0.5174961136378741
2007-04-10,0.657695917931512,0.33825111883007053,0.5150093593668201
2007-04-11,0.6647902387206912,0.3363663204191985,0.509545854364116
2007-04-12,0.6679717524689448,0.3356729149986915,0.5045349107851202
2007-04-13,0.6662206183547906,0.33554023459122667,0.5100289744465202
2007-04-16,0.6724814796828812,0.3523772553983752,0.5197522779940403
2007-04-17,0.6748050675437043,0.34737769509101757,0.5122888782131798
2007-04-18,0.6769407300596164,0.34639304537872834,0.5095776960032925
2007-04-19,0.6748962534535994,0.3474894808107959,0.5074396011265662
2007-04-20,0.6774317582134555,0.3787903530600583,0.5129454375724722
2007-04-23,0.6654824473435641,0.3874174187668331,0.514333772677987
2007-04-24,0.6642264943037786,0.3873166320775787,0.4994882557984087
2007-04-25,0.6672701858712418,0.3917515130662019,0.5135371185855436
2007-04-26,0.6440745104732065,0.40165746330082464,0.4926216548184942
2007-04-27,0.6417108338103205,0.3893795084951306,0.48860700323600986
2007-04-30,0.6609305083962101,0.40035030345123085,0.4962341455174647
2007-05-01,0.6623057004387882,0.397883024350989,0.4959377120352746
2007-05-02,0.6604556939024736,0.3981347713545012,0.49352063241722366
2007-05-03,0.6685601872131886,0.40353469746576864,0.49767526871695383
2007-05-04,0.6686611101613715,0.4164510433759056,0.5155813079440817
2007-05-07,0.6683826376740434,0.41627212589106644,0.5156431449918742
2007-05-08,0.6646026381082188,0.42372576775073234,0.5169394851448056
2007-05-09,0.6693853523405174,0.41974044298360974,0.5234736829439673
2007-05-10,0.6891710357381668,0.4302232092163509,0.5257961955064564
2007-05-11,0.6856452411556568,0.4640679635982004,0.5638535648314038
2007-05-14,0.6872469160778616,0.45660933444178786,0.5577822421269338
2007-05-15,0.6856779685796573,0.4564185576800906,0.5520141598148552
2007-05-16,0.6890823075860943,0.44478487501944264,0.5369164835803123
2007-05-17,0.6940478990523345,0.443224328422543,0.5363460531573703
2007-05-18,0.7001513841911106,0.4375612114752113,0.5323359588166495
2007-05-21,0.6916232004001467,0.4534732287360869,0.5415482300552883
2007-05-22,0.7104653008137537,0.530779176429117,0.5225251719743855
2007-05-23,0.717872699862113,0.5299290601724306,0.5246257753358622
2007-05-24,0.7325430520519527,0.5413239873869876,0.5237235860845563
2007-05-25,0.733008664335705,0.5500570804062156,0.5344905467341796
2007-05-29,0.6356140701655821,0.3544482748848608,0.14859929282080217
2007-05-30,0.6476229190965923,0.3035849197626721,0.13669645598503408
2007-05-31,0.6330318185263031,0.28365889299873737,0.11304999429787559
2007-06-01,0.6411122246993891,0.2773682016770989,0.08826150377209674
2007-06-04,0.6371730071328097,0.27741285618396055,0.08867490693818698
2007-06-05,0.6335344976758505,0.27436825714609386,0.08867463841798577
2007-06-06,0.6611349980675411,0.2609088469636945,0.08490734135539968
2007-06-07,0.7162130891717309,0.23629668128813477,0.07885972343964366
2007-06-08,0.7325265233078079,0.22962696133766575,0.0775697185535782
2007-06-11,0.7310925363647278,0.2296379636461922,0.07732916599714282
2007-06-12,0.7357624336974081,0.2220598042338403,0.07622736219595154
2007-06-13,0.7476543954013648,0.21471571778467574,0.07546776556148835
2007-06-14,0.7501641595434704,0.21422775968670202,0.0754691619688759
2007-06-15,0.7514186387108952,0.21402063462178894,0.07526383127080973
2007-06-18,0.7697866550496245,0.21695922051306893,0.07533620880905911
2007-06-19,0.7734585835391702,0.21743850793159283,0.07531505503444934
2007-06-20,0.8266628835196844,0.21563081793144917,0.07323552997134328
2007-06-21,0.8277113862165199,0.2152724025210108,0.07301334519231095
2007-06-22,0.8348786370586961,0.2099510405449074,0.07107962113590133
2007-06-25,0.836637854286636,0.20861568823080845,0.0705082536809096
2007-06-26,0.837762715477125,0.20369323843959591,0.06965581051624745
2007-06-27,0.8554101920861331,0.20091088711579275,0.06834150236309233
2007-06-28,0.8556630057449806,0.20078721010017603,0.06830490563038105
2007-06-29,0.8553961945750433,0.2008013747157568,0.06841473111198924
2007-07-02,0.8581883108720555,0.19905451732957433,0.06837004139621838
2007-07-03,0.8770575376237851,0.20171373406016263,0.06850647351868018
2007-07-05,0.8684300237000168,0.20142151702732378,0.06860689795414886
2007-07-06,0.8682092939098648,0.20103559280306255,0.0686147271541772
2007-07-09,0.8707190776281787,0.20099978464601362,0.06894878911202466
2007-07-10,0.8727067397713042,0.19226422489952447,0.06733467087531327
2007-07-11,0.8773771924174775,0.1924934194502301,0.0695068225717017
2007-07-12,0.8845269920012501,0.18693685190398274,0.06843650210161455
2007-07-13,0.8849727501883925,0.18708586836419788,0.06846079362288152
2007-07-16,0.8828373299474936,0.16417256343690262,0.046232012725552676
2007-07-17,0.8756901866874179,0.17077745929030771,0.0484502434849787
2007-07-18,0.8797620890835021,0.17150603613719878,0.06263806800698724
2007-07-19,0.8803138291888182,0.18019380665095788,0.07697119774739114
2007-07-20,0.8828937242890349,0.05980660521939253,0.015663271398658266
2007-07-23,0.8837313499663751,0.042526897043266905,0.016875450486931853
2007-07-24,0.8940166028385084,0.04154679337992862,0.03306423989766902
2007-07-25,0.8917433339554686,0.020830022465452375,0.015544732865111047
2007-07-26,0.8947050789638843,0.15311209677773024,0.136455251826598
2007-07-27,0.86445489292339,0.16640332410124542,0.16909805427905264
2007-07-30,0.8629558892869147,0.13736776556491187,0.12276384636032044
2007-07-31,0.8651057119081801,0.1477350059492098,0.11922686461689641
2007-08-01,0.8651673260509667,0.14919749253004302,0.12207187763335248
2007-08-02,0.8652105934549068,0.12309188569345524,0.11148602117887418
2007-08-03,0.8666770939916776,0.09585964961699257,0.10255119290258831
2007-08-06,0.866712586232684,0.09536042931645222,0.1034380457704182
2007-08-07,0.8677563025607551,0.09289404288174394,0.11040320870599327
2007-08-08,0.8450413316816785,0.1377169137599549,0.11660743752966811
2007-08-09,0.8393816878774806,0.13450348944812604,0.09388607580897673
2007-08-10,0.8364994335931921,0.11889296463435135,0.07958008494914197
2007-08-13,0.8390277229264387,0.1184428476246226,0.08108974975327804
2007-08-14,0.848626428267092,0.11839003800509963,0.0821808012809641
2007-08-15,0.8466952788239894,0.11871417466786748,0.08337398674731596
2007-08-16,0.8477341302331189,0.1188761087751013,0.08447813432443223
2007-08-17,0.8445546476113506,0.11961298108704972,0.08467618101484645
2007-08-20,0.8504475284108926,0.1196552207632356,0.08469698568442617
2007-08-21,0.8506112719309274,0.11972196907011308,0.08463360549212756
2007-08-22,0.8546531265234725,0.11971456863424125,0.08535902505087854
2007-08-23,0.854467758899923,0.12187843158347425,0.08989442423232948
2007-08-24,0.8345764444349483,0.12030230145945595,0.08992105389682693
2007-08-27,0.8354716323916618,0.1199700693560536,0.09018206133134637
2007-08-28,0.8319837048265051,0.12058138584243824,0.09055859292879549
2007-08-29,0.8367258815406448,0.12067695221591038,0.0905142762247
2007-08-30,0.8393143014369795,0.12078407334449061,0.0904641057238009
2007-08-31,0.8291375980593443,0.11991400505492877,0.09035416890727395
2007-09-04,0.8334829768544814,0.11946395290747264,0.08791712747118031
2007-09-05,0.8311856475864858,0.12035124224483958,0.08819496086318421
2007-09-06,0.8111981127305515,0.12887767504804432,0.07195193837272783
2007-09-07,0.7653095501874593,0.12079275508467825,0.004467198925098678
2007-09-10,0.7672127338717293,0.12016757509225562,0.002999275196630209
2007-09-11,0.7324740960434342,0.11353109302124309,0.07895466269051395
2007-09-12,0.7195331096159148,0.12045040648732865,0.08287105040930332
2007-09-13,0.7179920713944192,0.10324497768066168,0.07245836797224556
2007-09-14,0.7140967671116334,0.10498599630942491,0.0743872073032317
2007-09-17,0.7189598618280268,0.06766663958065543,0.02363931424137523
2007-09-18,0.7785230505073902,0.1579395016839365,0.10773120301343495
2007-09-19,0.7701796129166615,0.14935540246403645,0.1035822719337191
2007-09-20,0.7684880123323556,0.09442185599303378,0.08067995776087601
2007-09-21,0.7592105870516854,0.0879006432761177,0.06374528975410809
2007-09-24,0.7511168910981167,0.08809607901381869,0.0600091798338646
2007-09-25,0.729777073136703,0.08641292993638884,0.05702074721026661
2007-09-26,0.7139001260494847,0.0841104220446867,0.05560180753666028
2007-09-27,0.7155303307007823,0.09754171047696328,0.06649418096532597
2007-09-28,0.7176192707926102,0.07987137470242565,0.050456731520791324
2007-10-01,0.7220043395019258,0.09692868594131102,0.06735708169242663
2007-10-02,0.7213832985810117,0.10729036263961894,0.07000260089567098
2007-10-03,0.7304855313225058,0.11255498743819033,0.08805682783323478
2007-10-04,0.729283971517898,0.11410506605408666,0.09323641278069945
2007-10-05,0.7400987206017843,0.13159190249635547,0.1214875803694225
2007-10-08,0.71427006321844,0.15360085128387294,0.09842162849336984
2007-10-09,0.7101049213855393,0.1702453109544415,0.10555685712460287
2007-10-10,0.687052166300288,0.17954818478954396,0.11437026137324126
2007-10-11,0.6860229262116602,0.16730574642634782,0.08260955044229776
2007-10-12,0.6827450254785364,0.1761553397462932,0.11130705094716409
2007-10-15,0.6975793097456251,0.15552942097783307,0.09995914888249748
2007-10-16,0.6996274292922933,0.1571048355049385,0.10138688430873238
2007-10-17,0.6934819850323602,0.14614658996201177,0.06680548047107718
2007-10-18,0.6827915604899238,0.1420331986702576,0.09135893800484954
2007-10-19,0.736827506850734,0.16589146998972343,0.11561805132321767
2007-10-22,0.7213132837744313,0.140205091088456,0.06915880230577094
2007-10-23,0.7223111019165845,0.15661115582936835,0.09732371396095718
2007-10-24,0.7159697541021788,0.0874599117948645,0.05282686364659935
2007-10-25,0.7114118168458176,0.08782680230174575,0.015580694989427093
2007-10-26,0.7227943319210198,0.13888149247632217,0.07903776890949135
2007-10-29,0.7230433880759806,0.13983289251849307,0.08004699403580705
2007-10-30,0.7150578471265676,0.16169906228535436,0.07829047196295584
2007-10-31,0.7227379176037927,0.18784700514402494,0.1098666838726487
2007-11-01,0.7473798894947793,0.23711742220054416,0.1526457146165984
2007-11-02,0.7449998110441826,0.22645773423477378,0.16876792783364938
2007-11-05,0.7484366516849278,0.23030979681831618,0.17208588449268222
2007-11-06,0.7717740065914274,0.2676223105842478,0.19718514846666932
2007-11-07,0.7580538232590375,0.25184796456664177,0.15695528084335947
2007-11-08,0.7466871464398228,0.25930738573593337,0.16876451643831686
2007-11-09,0.7466871464398228,0.25979047300016017,0.1686860274135156
2007-11-12,0.7466871464398228,0.21899635619721594,0.14598567522615108
2007-11-13,0.7466871464398228,0.21654739616318783,0.14336384919431905
2007-11-14,0.7466871464398228,0.2124456906429209,0.13940747704095982
2007-11-15,0.7466871464398228,0.2037467690285988,0.13581839059719825
2007-11-16,0.7466871464398228,0.20387201761904902,0.1360854657080356
2007-11-19,0.7466871464398228,0.2038960167707227,0.13656809511637494
2007-11-20,0.7466871464398228,0.19253431600192952,0.1269900953341747
2007-11-21,0.7466871464398228,0.1926172756073863,0.1271409265156896
2007-11-23,0.7606484229226825,0.19371256945419502,0.1207317013868389
2007-11-26,0.7609444574832838,0.19272574825900515,0.12065949103878176
2007-11-27,0.7609444574832838,0.19133284138477372,0.12103009091821625
2007-11-28,0.7609444574832838,0.19125825301703875,0.12153343487796664
2007-11-29,0.7609444574832838,0.1897327588155411,0.12188612118128475
2007-11-30,0.7702750657481461,0.1940108640496761,0.12247205568721521
2007-12-03,0.7640121841777541,0.198384340989693,0.12632027631409076
2007-12-04,0.7590522854493865,0.19503737732711462,0.12191640068895206
2007-12-05,0.7331236553973163,0.15722908554295126,0.127704530053217
2007-12-06,0.7236661567203252,0.1711477387158367,0.1442158497386628
2007-12-07,0.7237015920050826,0.17231413567936446,0.14576168031108222
2007-12-10,0.7328308598152388,0.18765190709520813,0.12581472342862546
2007-12-11,0.7302650768135037,0.2017586406624422,0.12646603428022626
2007-12-12,0.7218889089903201,0.22676713080726613,0.12573957359625362
2007-12-13,0.7217384535930638,0.2309146161550492,0.12555559423777918
2007-12-14,0.7184328031144231,0.2446726058171596,0.1415341186225876
2007-12-17,0.6762108003396166,0.23537589611688045,0.12356900003758765
2007-12-18,0.6775014319129067,0.23866487343719356,0.12253839954150271
2007-12-19,0.6775599177325385,0.2633759191279474,0.13189362253751152
2007-12-20,0.6774570031018339,0.2662218796882002,0.13860685807886952
2007-12-21,0.6624102934988554,0.2890387935440667,0.13702033292077892
2007-12-24,0.6696989071686231,0.2858646155258149,0.1394290363814915
2007-12-26,0.6678446005388069,0.29159507628205716,0.14139571635789133
2007-12-27,0.6641317154012706,0.2874612504643008,0.13745356544453075
2007-12-28,0.6629751805115429,0.29025438639926526,0.14033754799678652
2007-12-31,0.6528777342124362,0.2898357614812226,0.13734126742931113
2008-01-02,0.6532467312756908,0.2785033970377849,0.13553266976214873
2008-01-03,0.6527095404498728,0.27512666766342425,0.1279640938823018
2008-01-04,0.6526091569919567,0.274952563644323,0.12577776091170062
2008-01-07,0.6343260767191035,0.27229454475120796,0.1186204796625579
2008-01-08,0.6512042167616352,0.25661716178952476,0.13094397525025508
2008-01-09,0.6499345510968694,0.2534199573078781,0.12814106386759902
2008-01-10,0.6524526353111266,0.2502225115256559,0.12712783434381403
2008-01-11,0.651918125564986,0.25520134511327514,0.14113281333961825
2008-01-14,0.6536216690312646,0.25057098070316375,0.13161416238809628
2008-01-15,0.6468314321967031,0.2582445730354006,0.13515081276412358
2008-01-16,0.6445073960991435,0.2566761841576011,0.13213791455225593
2008-01-17,0.6510331240124559,0.26235757979899715,0.15620144913528666
2008-01-18,0.6615594775213894,0.2768997894086199,0.14638952478784703
2008-01-22,0.5684963818895977,0.2888618559001608,0.13642345507263987
2008-01-23,0.5623354870573454,0.3099042675530657,0.17684547963879235
2008-01-24,0.5529802815093409,0.29726811453649554,0.17093099407383744
2008-01-25,0.55097969940465,0.29831625267213585,0.17423690029372135
2008-01-28,0.5864846400310836,0.29363027664310287,0.19128742909139695
2008-01-29,0.5493667239649637,0.26632793458207793,0.1410346879569237
2008-01-30,0.5466698381154326,0.263989531139244,0.13957047691928742
2008-01-31,0.5665858586967378,0.25084000065542594,0.1453915725163452
2008-02-01,0.5321178811614308,0.22938749467972322,0.1038012150086598
2008-02-04,0.34239382200530805,0.2181675449565495,0.06649314145286567
2008-02-05,0.3523900873835611,0.22244062484792476,0.015842329661727692
2008-02-06,0.31848855751697674,0.21951737826486187,0.01322854340653683
2008-02-07,0.1956844037097996,0.16958354718192883,-0.05423268334921649
2008-02-08,0.0305264863523178,0.18515279889574768,0.015734887649790103
2008-02-11,,0.18418982023798683,
2008-02-12,,0.1860287522535603,
2008-02-13,,0.1903876391004695,
2008-02-14,,0.19299451335647477,
2008-02-15,,0.1995775233503558,
2008-02-19,,0.18669124858278052,
2008-02-20,,0.1792655337121056,
2008-02-21,,0.17803610681734544,
2008-02-22,,0.19133303927599987,
2008-02-25,,0.19228361617310957,
2008-02-26,,0.19970542960082865,
2008-02-27,,0.1958279590949846,
2008-02-28,,0.1896094756684642,
2008-02-29,,0.1878946956672165,
2008-03-03,,0.1826604590815995,
2008-03-04,,0.18213365888691233,
2008-03-05,,0.17414605051181717,
2008-03-06,,0.18080505040549338,
2008-03-07,,0.28959547983665085,
2008-03-10,,0.3089636921789062,
2008-03-11,,0.3080015370678739,
2008-03-12,,0.2768438627501476,
2008-03-13,,0.23310377751006342,
2008-03-14,,0.1749641987332196,
2008-03-17,,0.14115850143324682,
2008-03-18,,0.1369558997404203,
2008-03-19,,0.13355987834148378,
2008-03-20,,0.13324916213854135,
2008-03-24,-0.01906135573843181,0.13323118598774442,-0.017070977896267946
2008-03-25,-0.022043277997381646,0.13245875681739144,-0.020947720692229697
2008-03-26,-0.01063971067090119,0.02851713875152386,-0.016768001236836395
2008-03-27,0.00229277913683311,0.07197223415079758,-0.0052575201521401155
2008-03-28,0.0033744155314304053,0.00907171909699473,-0.0028065970583568568
2008-03-31,,,-0.004482817720234946
2008-04-01,,,-0.01049164221988367
2008-04-02,,,-0.010945335013266099
2008-04-03,,,-0.007674624876450123
2008-04-04,,,-0.007174018466538087
2008-04-07,,,-0.007693032567646593
2008-04-08,,,-0.007203485427078043
2008-04-09,,,-0.003268335667709767
2008-04-10,,,-0.004644993567673866
2008-04-11,,,-0.0009391021532261589
2008-04-14,,,-0.0005908341948753653
2008-04-15,,,-2.5572512948542906e-05
2008-04-16,,,-0.0019746161374219013
2008-04-17,,,-0.003488806026508563
2008-04-18,0.3839022898650308,-0.005510566578531909,-0.005623227319650854
2008-04-21,0.3849733889611536,-0.004034609189041371,-0.004247726570390442
2008-04-22,0.42555847089047166,-0.001327533637434795,-0.0022436372811744294
2008-04-23,0.3986296792960628,-0.001133320997017684,-0.00308184204300979
2008-04-24,0.40259095537883066,0.0007452599733496198,0.0011645572982984763
2008-04-25,0.28667622712505747,0.0017133326808925064,0.001577216252206579
2008-04-28,0.28639196306171016,0.005016055380529464,0.004661785247655052
2008-04-29,0.2540919783079686,0.0027659224865751804,0.00370530603278312
2008-04-30,0.27742784793311315,0.002299824408137964,0.005273249471713485
2008-05-01,0.4254685608160288,0.0038672355424214638,0.004967830873021538
2008-05-02,0.4230986942194049,-0.00029706336176792044,-0.00035361118984514995
2008-05-05,0.4247204055575528,-0.0007271832659190027,-0.001018179349160844
2008-05-06,0.41925880059478854,-0.004463881148981166,-0.005171154630873879
2008-05-07,0.46286082171825704,-0.0005270829310767329,-0.0012382801379124022
2008-05-08,0.4549597380098896,0.0003504897704115178,0.001035264631554272
2008-05-09,0.4570924174524787,0.0011990209847717369,0.003926760724582166
2008-05-12,0.48210042741506187,0.0025828190490880974,0.005428893627592632
2008-05-13,0.4819452849681875,-0.0001336215063192269,-0.00028505799045385323
2008-05-14,0.47860023375830146,2.6647723594040217e-05,5.1571653420625385e-05
2008-05-15,0.49912628866466663,0.000624833926257997,0.0009661164508719424
2008-05-16,0.4987231216090892,-0.0006054708513805263,-0.0009200053764201168
2008-05-19,0.4896399087080515,0.005457180014983333,0.007368067332137472
2008-05-20,0.4976999296616403,0.007721640683176223,0.012482299708955166
2008-05-21,0.5408235457402611,0.003565091705568483,0.010175120655469456
2008-05-22,0.5406639349008414,0.0037188793285048063,0.01086234377867254
2008-05-23,0.5422647783327181,0.0025813936135814478,0.008922783441690375
2008-05-27,0.5529522278354748,0.004835469425657716,0.013167694678099227
2008-05-28,0.5520384344324856,0.007371222792626284,0.017055931934154438
2008-05-29,0.55473927039321,0.010845523377793098,0.022436746993426165
2008-05-30,0.5554805733246454,0.012046045334846985,0.024078238758212123
2008-06-02,0.5681855654551192,0.009359334573274111,0.025557124031146215
2008-06-03,0.5696964938564549,0.006654900777427998,0.01908877159144623
2008-06-04,0.565796789120723,0.010292396256603584,0.03216125438433203
2008-06-05,0.5678485057965049,0.01597031637525223,0.03088508568876086
2008-06-06,0.5649466752426984,0.013731753109386352,0.022742373415688074
2008-06-09,0.5643085346412782,0.013303483218080886,0.021111928078740773
2008-06-10,0.5638309714122853,0.013544978047731129,0.020667714892945447
2008-06-11,0.5564700325451711,0.01580697936475243,0.020239692819308153
2008-06-12,0.5564700325451711,0.01897590791249736,0.02429727642795849
2008-06-13,0.5564700325451711,0.019783756025137718,0.025331667456579596
2008-06-16,0.5564700325451711,0.02080641331042027,0.026641106080868615
2008-06-17,0.5564700325451711,0.01707355545417591,0.02186145181517139
2008-06-18,0.5564700325451711,0.012017680989905863,0.01538777055523431
2008-06-19,0.5564700325451711,,
2008-06-20,0.5848961704497179,,
2008-06-23,0.5860423082434912,,
2008-06-24,0.5861043370413553,,
2008-06-25,0.5987071918866437,,
2008-06-26,0.5992819056599903,,
2008-06-27,0.6002522667019955,,
2008-06-30,0.6632491256425083,,
2008-07-01,0.6632858324048809,-0.012017680989905861,-0.00877406364062891
2008-07-02,0.6636200603030048,-0.015981163608585158,-0.0111651164609889
2008-07-03,0.6654017288835542,-0.0038893863132078935,-0.0023907750882729917
2008-07-07,0.665422996543842,0.001875225690978783,0.001211939839297686
2008-07-08,0.6671762435169141,0.004200157949838838,0.003189019879189344
2008-07-09,0.671538935787405,9.489986300075326e-05,8.818871546547856e-05
2008-07-10,0.6806465201495666,-0.008494469008478589,-0.006198307786834982
2008-07-11,0.71369444070736,-0.013346367009217626,-0.015990748318522287
2008-07-14,0.7146097690567588,-0.015692602936181525,-0.019943643550012227
2008-07-15,0.7147187049881524,-0.016571317544684185,-0.02070765073706698
2008-07-16,0.7564936371459966,-0.009425726291548609,-0.008104517049863723
2008-07-17,0.7566626936770479,-0.008720061312632817,-0.007817144035413516
2008-07-18,0.7545560797747869,-0.006409959316225833,-0.0034851600195742382
2008-07-21,0.75750336483943,-0.008245343945068517,-0.003174789587450423
2008-07-22,0.7564170684310901,-0.003837727614349464,-0.0024876431040269766
2008-07-23,0.7717617939011254,0.001824528796139957,0.0007289998811840292
2008-07-24,0.7700861798138742,0.00012855894972329382,3.257233736610484e-05
2008-07-25,0.7918399838871663,-0.00037217325612804125,-0.00017071341175546186
2008-07-28,0.7921166414776372,-0.00041863645140265463,-0.0001663662918828261
2008-07-29,0.8096045634006832,0.0012070992920109,0.0001324262467911074
2008-07-30,0.8066829268681907,0.0018000466090128564,0.0004897685775353873
2008-07-31,0.7588344642139949,0.0005503673295115905,-0.0008887999044320309
2008-08-01,0.7588963657575616,0.00035724422432379147,-0.000954540344646559
2008-08-04,0.760193256511749,0.0007040493969358442,-0.0008245635389719978
2008-08-05,0.7595605569065946,8.957122300527454e-05,-0.001111353576576344
2008-08-06,0.7180350206579582,0.0015604720866172076,0.0003555109123698944
2008-08-07,0.73129737712305,0.0017793938326859436,-0.0003529078976650819
2008-08-08,0.6825263784089506,0.0019383790005616847,0.000834441955613054
2008-08-11,0.646174275201063,0.001068334156985552,0.00044544485814718664
2008-08-12,0.6465963414587426,0.0010577115747220172,0.00037344366548426686
2008-08-13,0.6499033607469326,0.0008820003001635737,0.00037992278748167886
2008-08-14,0.6036183610267761,-0.00021634811494075195,0.00011219862052043457
2008-08-15,0.6032495958007575,-0.00029988032801851674,-1.0702303584048612e-05
2008-08-18,0.6091935613595929,-0.0005559041694850312,-0.00021285123039778715
2008-08-19,0.5919088351602625,0.00021484580700908683,-0.00042432943224975035
2008-08-20,0.5117472192770338,0.002276977769634845,0.0006930624390487096
2008-08-21,0.5122818063189555,0.002262177554275925,0.000298436834020877
2008-08-22,0.49593544926582495,0.002651407591150551,0.001059265346932268
2008-08-25,0.4328933100765116,0.00192260237951516,-0.0007449754112298649
2008-08-26,0.4285184370708734,0.0013752353144656669,-0.0009950245584711332
2008-08-27,0.40758763961099487,0.0007583342880375194,-0.00111510133526858
2008-08-28,0.39633299571447805,0.0004391509736175265,-0.0010329864974558556
2008-08-29,0.3534785823259465,0.0020313103988354514,-0.0007118974029824968
2008-09-02,0.3472539305397865,0.002336421494383148,-0.0004563262653368475
2008-09-03,0.3581940495754864,0.002336421494383148,-0.0010871561307592076
2008-09-04,0.5159105732921906,-0.002916799155227729,-0.0019282402738814942
2008-09-05,,,-0.0004864457617352672
2008-09-08,,,-0.000176258654026588
2008-09-09,,,0.0001025112695515772
2008-09-10,,,0.0012689986350796411
2008-09-11,,,0.0012689986350796411
2008-09-12,,,0.0012689986350796411
2008-09-15,,,0.0012689986350796411
2008-09-16,,,0.0012689986350796411
2008-09-17,,,0.0012689986350796411
2008-09-18,,,0.0012689986350796411
2008-09-19,,,0.0012689986350796411
2008-09-22,,,0.0012689986350796411
2008-09-23,,,0.0012689986350796411
2008-09-24,,,0.0012689986350796411
2008-09-25,,,0.0012689986350796411
2008-09-26,,,0.0012689986350796411
2008-09-29,,,0.0012689986350796411
2008-09-30,,,0.0028509558448905513
2008-10-01,,,0.003566805507990789
2008-10-02,,,0.002100170427247856
2008-10-03,,,0.0009410006303368146
2008-10-06,,,0.00040760716862450557
2008-10-07,,,0.0013511379692640333
2008-10-08,,,0.0047789923200294805
2008-10-09,,,0.007966702919066421
2008-10-10,,,0.009419301453420858
2008-10-13,,,0.009896395480053622
2008-10-14,,,0.007593712143056995
2008-10-15,,,0.007181630299590236
2008-10-16,,,0.0070854743999889565
2008-10-17,,,0.009259964915147844
2008-10-20,,,0.006316752961521846
2008-10-21,,,0.0005175271189028633
2008-10-22,,,0.005084043876589307
2008-10-23,,,0.007568122290122622
2008-10-24,,,0.007822501611823227
2008-10-27,,,0.007017185219611214
2008-10-28,,,
2008-10-29,,,
2008-10-30,,,
2008-10-31,,,
2008-11-03,,,
2008-11-04,,,
2008-11-05,,,
2008-11-06,,,
2008-11-07,,,
2008-11-10,,,
2008-11-11,,,
2008-11-12,,,
2008-11-13,,,
2008-11-14,,,
2008-11-17,,,
2008-11-18,,,
2008-11-19,,,
2008-11-20,,,
2008-11-21,,,
2008-11-24,,,
2008-11-25,,,
2008-11-26,,,
2008-11-28,,,
2008-12-01,,,
2008-12-02,,,
2008-12-03,,,
2008-12-04,,,
2008-12-05,,,
2008-12-08,,,
2008-12-09,,,
2008-12-10,,,
2008-12-11,,,
2008-12-12,,,
2008-12-15,,,
2008-12-16,,,
2008-12-17,,,
2008-12-18,,,
2008-12-19,,,
2008-12-22,,,
2008-12-23,,,
2008-12-24,,,
2008-12-26,,,
2008-12-29,,,
2008-12-30,,,
2008-12-31,,,
2009-01-02,,,-0.08536862696335402
2009-01-05,,,-0.07027742675016223
2009-01-06,,,-0.04152496079254222
2009-01-07,,,0.22435673376612347
2009-01-08,,,0.2680224075687605
2009-01-09,,,0.28659445458851845
2009-01-12,,,0.3882612387787598
2009-01-13,,,0.3883237909766866
2009-01-14,,,0.3886028930978186
2009-01-15,,,0.3886028930978186
2009-01-16,,,0.3886028930978186
2009-01-20,,,0.3886028930978186
2009-01-21,,,0.3886028930978186
2009-01-22,,,0.3886028930978186
2009-01-23,,,0.33676052337854057
2009-01-26,,,0.3365529522901915
2009-01-27,,,0.33532044192118043
2009-01-28,,,0.33229182755065406
2009-01-29,,,0.32238729484434686
2009-01-30,,,0.3162265020127736
2009-02-02,,,0.30263331615561534
2009-02-03,,,0.30217424508399215
2009-02-04,,,0.301558909710033
2009-02-05,,,0.30040444091502266
2009-02-06,,,0.25136940602579594
2009-02-09,,,0.23932388494940104
2009-02-10,,,0.1058237866409252
2009-02-11,,,0.09146075400498757
2009-02-12,,,0.1025328828801435
2009-02-13,,,0.10656735492407775
2009-02-17,,,-0.03221487180569709
2009-02-18,,,-0.029682306051861968
2009-02-19,,,-0.028317907768563234
2009-02-20,,,-0.026049842167649304
2009-02-23,,,-0.026109091806411275
2009-02-24,,,-0.02768599226002323
2009-02-25,,,-0.028755288233172742
2009-02-26,,,-0.02883474409170463
2009-02-27,,,-0.029183191357862064
2009-03-02,,,-0.03031125209190546
2009-03-03,,,-0.03099499983159508
2009-03-04,,,-0.031784151506398794
2009-03-05,,,-0.02805275332638351
2009-03-06,,,-0.02779111102539492
2009-03-09,,,-0.028908592059793882
2009-03-10,,,-0.03029955489296759
2009-03-11,,,-0.029254037452456333
2009-03-12,,,-0.027339266769782662
2009-03-13,,,-0.0271748588729419
2009-03-16,,,-0.02755248528469128
2009-03-17,,,-0.02811025583970291
2009-03-18,,,0.00442285704647939
2009-03-19,,,0.003219978208193039
2009-03-20,,,0.013485223831385224
2009-03-23,,,-0.05908889571331549
2009-03-24,,,-0.042177137543826966
2009-03-25,,,-0.03895572309706993
2009-03-26,,,-0.040775953364560025
2009-03-27,,,-0.02213673161029338
2009-03-30,,,-0.009168929997112694
2009-03-31,,,-0.007474943497850692
2009-04-01,,,0.0005064771005920363
2009-04-02,,,-0.04753016469406098
2009-04-03,,,-0.057183708265700704
2009-04-06,,,-0.05725486172844762
2009-04-07,,,-0.06162621250390793
2009-04-08,,,-0.1163428219659763
2009-04-09,0.25669248268197997,0.0011895527767423603,-0.12799192814971683
2009-04-13,0.25864158608136767,0.00039655149594203704,-0.14026165505042681
2009-04-14,0.2735954591342454,-0.0037508576140214706,-0.19856053653749375
2009-04-15,0.25871554828264076,-0.0045411922140578065,-0.19828810937685362
2009-04-16,0.30667875827379903,-0.006026452904426025,-0.19529595050054344
2009-04-17,0.30460913331885875,-0.0066693009227811306,-0.19538390015399842
2009-04-20,0.32873778923192604,-0.006063819522610855,-0.18704076320981303
2009-04-21,0.3420743027378621,-0.007404680303333576,-0.18652681438916355
2009-04-22,0.33869922144073583,-0.0070427533937217094,-0.186621421025766
2009-04-23,0.34443239841238205,-0.007796804361683267,-0.1865414276460492
2009-04-24,0.3634716869716836,0.00293217795325228,-0.1945581547860243
2009-04-27,0.3553759264816638,0.0037467142843567677,-0.19421408368898452
2009-04-28,0.35923332609471215,0.0021024185570889843,-0.1948115634325782
2009-04-29,0.36794409255011573,-0.0005364018416790239,-0.19596788596504944
2009-04-30,0.36518778633147375,0.006165840839040907,-0.1969888954826345
2009-05-01,0.36452957496888294,0.012655537297269431,-0.1977047967056785
2009-05-04,0.3813080742158725,0.0052514623096764895,-0.20539012107900617
2009-05-05,0.3814833765265735,0.0037010388109511728,-0.20619845444217771
2009-05-06,0.36760652801411453,0.007037717066023199,-0.2055259107554693
2009-05-07,0.3968666079326412,0.009765262582344036,-0.20181363761601628
2009-05-08,0.3893248929539596,0.008671301605474933,-0.19596704323294709
2009-05-11,0.3689335386261153,0.002974867607934601,-0.1948786461851016
2009-05-12,0.3815067077856037,0.00974224876391629,-0.14101106679399564
2009-05-13,0.4158377812808874,0.01363474988082954,-0.1318211573916718
2009-05-14,0.41730683755706394,0.017207151418788768,-0.14240714813904642
2009-05-15,0.4146388727680484,0.014351602205696984,-0.14570094726231933
2009-05-18,0.4036723662892244,0.027596439743644684,-0.039617467294921556
2009-05-19,0.40384792475606407,0.03265437093185976,-0.038413719975891436
2009-05-20,0.4028229362541232,0.027670116545416595,-0.04240506527047654
2009-05-21,0.3983115134805611,-0.003718400577973543,-0.0419116221170673
2009-05-22,0.3983907203795506,-0.006084827727388865,-0.04263056014090176
2009-05-26,0.3793756419453548,-0.02402065354910505,-0.0507289630664163
2009-05-27,0.3735342054863845,-0.022303184701475243,-0.05448114037028663
2009-05-28,0.36793508934539526,-0.007924447592604219,-0.05615215578523638
2009-05-29,0.37366290401046653,0.031771662732934296,-0.03701858239493346
2009-06-01,0.40356894981647023,0.012621266510853997,-0.053489006304504295
2009-06-02,0.403283896227723,0.007102126477590641,-0.05721904387590695
2009-06-03,0.4047839561594433,0.041354905133243226,-0.04785107485254656
2009-06-04,0.40718123618962776,0.07236327947498167,-0.024015385844327764
2009-06-05,0.40696835427251843,0.07918540417864461,-0.017391335681387045
2009-06-08,0.40851717086321615,0.07514059122435689,-0.02231463484479218
2009-06-09,0.4085393863046338,0.0697498112578402,-0.03015883661931469
2009-06-10,0.40989880625664626,0.07519934094457413,-0.026908196903627044
2009-06-11,0.4089641816813053,0.08691008401229718,-0.020689109865435436
2009-06-12,0.40797923247911105,0.08700630757914173,-0.006602248749532897
2009-06-15,0.4350439941744397,0.11815222798301343,0.018690358023076677
2009-06-16,0.43826314932527516,0.09327218359866288,0.008666806636902915
2009-06-17,0.4415463173562578,0.1139895706418905,-0.02767746313260686
2009-06-18,0.43981591357544586,0.11678533166347883,-0.02121206579552016
2009-06-19,0.44045495057043854,0.11520949176173308,-0.03723708140729637
2009-06-22,0.4914984660060323,0.16717973717894682,0.07905609274228978
2009-06-23,0.4965284904625326,0.16446899396642323,0.04946077958860126
2009-06-24,0.4954213180720171,0.17593364016994997,0.04350361474224237
2009-06-25,0.5112100924614726,0.19887285558428622,0.04071717004572466
2009-06-26,0.5167100274035541,0.1972858982273075,0.002745076598913721
2009-06-29,0.5267475698457165,0.19332094949592626,-0.027059373538598386
2009-06-30,0.5291731797360535,0.20583386068877527,-0.028590093363640212
2009-07-01,0.5372840132498344,0.2092962283128074,-0.051010295717335945
2009-07-02,0.5588812696529301,0.25391060758178097,0.07586491370402551
2009-07-06,0.5739252153313799,0.2562880453018205,0.12235524693470592
2009-07-07,0.5717541460233388,0.25479575328448345,0.11938519894916501
2009-07-08,0.5950064343940353,0.2552090136327266,0.12713131978554704
2009-07-09,0.6093453894041445,0.2552090136327266,0.12843319448448376
2009-07-10,0.5573349942941928,0.2682430767092655,0.1359989975611284
2009-07-13,0.544790658202127,0.2639003793175868,0.1361337089998161
2009-07-14,0.5408137289922651,0.2649931026351691,0.13875962776870554
2009-07-15,0.5816361875829489,0.25867943611521915,0.1306514371693174
2009-07-16,0.5776818666320988,0.25942643846442126,0.1356167474390515
2009-07-17,0.5807009647837472,0.25901942908926623,0.13431025956868128
2009-07-20,0.6129301063194759,0.25955992331006067,0.14976144515481973
2009-07-21,0.6030991200446462,0.26173251424310223,0.15107817169942567
2009-07-22,0.6001675518307271,0.262149397908988,0.1507987628928068
2009-07-23,0.6144489103161954,0.25910377370125576,0.14679505482083435
2009-07-24,0.6012148330135078,0.2602836569106192,0.1473862740900717
2009-07-27,0.6024201651852026,0.26229013956414765,0.14729257901319823
2009-07-28,0.6036791857954774,0.262016744521237,0.1474578733964569
2009-07-29,0.5871858500628838,0.2646537906771646,0.14868917394797848
2009-07-30,0.5951031414689125,0.26437533498044935,0.14917868663444891
2009-07-31,0.5942849407051374,0.26430653072345206,0.14855806739646035
2009-08-03,0.5728338232794434,0.2729071738243638,0.1504719118690561
2009-08-04,0.5721034994515514,0.27352141207573444,0.1505708971049318
2009-08-05,0.5808315910145996,0.2752962643063014,0.14889460960007123
2009-08-06,0.5725241903559839,0.2781874891369914,0.15773339488859917
2009-08-07,0.5947127376507448,0.28214977971643035,0.15649605474561606
2009-08-10,0.6129027092097915,0.288563913814137,0.15468858617480255
2009-08-11,0.6239599632652096,0.28554236901947894,0.15631855901994787
2009-08-12,0.5911155866563982,0.2970475191180166,0.1652950672319923
2009-08-13,0.5957394501096592,0.29716882245994086,0.16555046243501972
2009-08-14,0.6015598412034509,0.2973460170391667,0.1615205261246059
2009-08-17,0.6581086727810722,0.2947397627693705,0.1551668891676232
2009-08-18,0.6547097724057576,0.2946794548563303,0.1551668891676232
2009-08-19,0.6516192110714479,0.29577522640966986,0.1551668891676232
2009-08-20,0.6524245022794805,0.3576358949737741,0.16755322212255053
2009-08-21,0.6603106098221145,0.35793095129432356,0.16925864795811552
2009-08-24,0.6865205636043181,0.3834578085078557,0.1674588711633442
2009-08-25,0.6967326403897791,0.3823624168841037,0.16651506166220933
2009-08-26,0.705860007824853,0.37026957074642414,0.1720869595816049
2009-08-27,0.7001454850435538,0.3365536485608303,0.1361499779057966
2009-08-28,0.6771520386339994,0.3662544253440496,0.17846716363384293
2009-08-31,0.6827426550432285,0.3664821174263604,0.1743151950935429
2009-09-01,0.706104913189131,0.3201321799917012,0.15191990027034855
2009-09-02,0.7035320467883099,0.3105678913373444,0.09941077156154758
2009-09-03,0.7055802908170176,0.37342406620879676,0.1440353187187094
2009-09-04,0.7076862373074853,0.3723126579116445,0.1439662551313371
2009-09-08,0.7096751100431039,0.3682951764186625,0.1346586245228503
2009-09-09,0.7103256478764733,0.36238368294688905,0.12683012054312487
2009-09-10,0.7140765978634672,0.37226935657077176,0.14246353106175208
2009-09-11,0.7175807768753244,0.3871384669059544,0.10992660139025881
2009-09-14,0.6926242700133749,0.3153293401545975,0.007866753525486884
2009-09-15,0.6884899522390502,0.3682745735302368,0.03765734164358256
2009-09-16,0.6953561609245401,0.3960682515620368,0.0863250266955018
2009-09-17,0.6990171562074908,0.4196275972571096,0.08571570568922528
2009-09-18,0.6999042041402906,0.41713241761707787,0.08925484249765267
2009-09-21,0.7378043555279743,0.32186679523874145,0.08064630271155958
2009-09-22,0.7368387931652801,0.31801596485805245,0.07676878399812966
2009-09-23,0.7447002659340656,0.33251925862588605,0.10418069272816644
2009-09-24,0.779897916098586,0.32774879471949975,0.16182502206285174
2009-09-25,0.7815051144363152,0.33664907166622227,0.17994122434586435
2009-09-28,0.795405578104263,0.3411515013990509,0.177988312779214
2009-09-29,0.7991035502624264,0.3135260171669111,0.1638883211197922
2009-09-30,0.7995033888682337,0.2738690209073062,0.16452479623081415
2009-10-01,0.8417185035018304,0.2495957512293209,0.19902656255259293
2009-10-02,0.8406447757370903,0.23450725461202723,0.1916197911786286
2009-10-05,0.830911181472315,0.2684679300150633,0.16825787804042105
2009-10-06,0.8184004196869669,0.29767098562726296,0.12875671631055255
2009-10-07,0.8179502197138,0.2971906257983409,0.1282807539902529
2009-10-08,0.8145522730997741,0.3007015295061381,0.1170069950681129
2009-10-09,0.8463130278519084,0.30406812324753135,0.11982918201070843
2009-10-12,0.8473916927891989,0.3044391268134809,0.11479283718654511
2009-10-13,0.8269199554060457,0.32176019381015836,0.132708057609424
2009-10-14,0.8088443427086075,0.30717881831142707,0.13391108377426345
2009-10-15,0.8075459029350265,0.29662953724900765,0.14242073287989454
2009-10-16,0.8009527366815941,0.2929518129900033,0.14527192508887443
2009-10-19,0.7977578674084159,0.30181423150503456,0.14246570183247267
2009-10-20,0.8045271762309215,0.3119619470052377,0.14672778915776932
2009-10-21,0.7824655660497467,0.3198494590305673,0.1623138786446194
2009-10-22,0.7882257110102313,0.3197983092131607,0.1606327556045888
2009-10-23,0.7822311012257004,0.3309364460828795,0.16470102519365643
2009-10-26,0.7728530456126319,0.3587321934578858,0.15976975359533277
2009-10-27,0.7812285025169633,0.35867236949042147,0.1623721746677052
2009-10-28,0.7571346746485952,0.3953621487115744,0.1629721617609468
2009-10-29,0.7332176559173387,0.4399913395197203,0.15130234903346243
2009-10-30,0.6805640043360287,0.43781719523417534,0.16056676734720246
2009-11-02,0.6783495604231021,0.4435454825998081,0.15558888732837517
2009-11-03,0.6794528161581027,0.42522104585825427,0.14161629699813744
2009-11-04,0.6785724162380251,0.4249206035258032,0.13837336427120067
2009-11-05,0.655186759706164,0.4154028753561235,0.14783685637866542
2009-11-06,0.6566647535403951,0.4151923546436756,0.14518728061144995
2009-11-09,0.6254096352241331,0.42182320984047883,0.1412052602853146
2009-11-10,0.6248398632297296,0.42716960247451263,0.15550295467354056
2009-11-11,0.62320939734208,0.43175279761874463,0.16918300464738292
2009-11-12,0.6256765464828464,0.4454807381426322,0.18828938517511226
2009-11-13,0.5843778473762081,0.4576688920226949,0.21177116796595222
2009-11-16,0.5983806417468525,0.4770811858167343,0.24271485426467368
2009-11-17,0.6014025147264797,0.4815126322862099,0.24229741386765424
2009-11-18,0.6048474951250083,0.4874902623530472,0.23942196731349782
2009-11-19,0.6008159769411663,0.5042004173687744,0.2492258540029037
2009-11-20,0.6022451546068225,0.500290058660562,0.24168261926480375
2009-11-23,0.6104659055676402,0.5097734901090875,0.2691454291953783
2009-11-24,0.6084618493257887,0.5096539335325077,0.2658215312595937
2009-11-25,0.6086340190869435,0.5062722273624207,0.2747117424090899
2009-11-27,0.6288139458839166,0.5277805909817883,0.31987642919569537
2009-11-30,0.6223259472292418,0.527535724370429,0.31868356503685336
2009-12-01,0.5929324522128657,0.5463536377367058,0.3452858410060685
2009-12-02,0.5918540912336758,0.5337912309526326,0.3404880782927236
2009-12-03,0.5932523234967308,0.5350610102217668,0.33909322197338493
2009-12-04,0.5901870810977332,0.44450474211931834,0.2819139894571323
2009-12-07,0.5861899987930981,0.4510565523230455,0.3017875675280329
2009-12-08,0.5916227262795702,0.4755764242239583,0.3396245964810596
2009-12-09,0.5787439687025335,0.4721084910309681,0.32271152244739154
2009-12-10,0.5808476752575351,0.47367995943941094,0.31900895048028133
2009-12-11,0.5735251599537176,0.4685622920115096,0.33926723932404657
2009-12-14,0.5741108164958258,0.4700667653565443,0.3428452519055947
2009-12-15,0.5590059682695107,0.4631879869566891,0.3314470154641687
2009-12-16,0.559081060876971,0.46055682084144,0.3329883729989776
2009-12-17,0.5734879074834771,0.4808757971572239,0.38082669986630513
2009-12-18,0.5647171491435935,0.4778666261079107,0.35858949885177294
2009-12-21,0.5715111917407644,0.46976440713349754,0.3450703741568565
2009-12-22,0.5668617404239794,0.46253761182041686,0.3342071290319804
2009-12-23,0.5520548884311341,0.4495341517894245,0.30895721547576227
2009-12-24,0.5475201177878265,0.4444867057141101,0.29214946172161116
2009-12-28,0.5191082361233582,0.456886703794527,0.31000748831986286
2009-12-29,0.5175866431929421,0.4590496540445023,0.3147142782809328
2009-12-30,0.5170135877538106,0.47367023418879195,0.3166711231753342
2009-12-31,0.49546896932415746,0.45884424830099496,0.2955931209346446
2010-01-04,0.5213591297899712,0.45042941834231376,0.2798126749476442
2010-01-05,0.532263049745431,0.43600504790206196,0.28623216850977173
2010-01-06,0.5393982625794193,0.41195540708351,0.3013745965882393
2010-01-07,0.5393167496407733,0.4112750190816412,0.3014031136316809
2010-01-08,0.5411137727392962,0.4045883760742065,0.3022278554103128
2010-01-11,0.5407516374460059,0.41421073767301686,0.3014477437620125
2010-01-12,0.5539427946804223,0.41050799118154774,0.2966205428055494
2010-01-13,0.5591514617848904,0.41188211268468217,0.2896848728603998
2010-01-14,0.5759871380270934,0.42522476079632404,0.2894516311312095
2010-01-15,0.5909569584153175,0.4337437942383882,0.28566873130882364
2010-01-19,0.6054612717487023,0.4324049740097523,0.27313381268415177
2010-01-20,0.620494680074481,0.4231682542773497,0.2703225746356238
2010-01-21,0.634936610857882,0.4077311839791688,0.26843243704851416
2010-01-22,0.6451219903277776,0.4007584193395872,0.2678172097097171
2010-01-25,0.6493658897980139,0.4011292345909083,0.26801293956622246
2010-01-26,0.6543838307726358,0.39709221429450947,0.26802770549752925
2010-01-27,0.6581111108973784,0.3786413503015274,0.27207881055295985
2010-01-28,0.6528899749127416,0.37634369983280613,0.2720722377546263
2010-01-29,0.6369627251561524,0.3396371580084653,0.27401996186706656
2010-02-01,0.6492039497035844,0.2900086809207291,0.28417940975007283
2010-02-02,0.684114900988586,0.2929193811131697,0.2841246849957301
2010-02-03,0.686209449521241,0.2835745456067753,0.2900321241944216
2010-02-04,0.6862593713245525,0.28783382582408296,0.3086371888178995
2010-02-05,0.6868007320751802,0.286759094944371,0.31039794530977444
2010-02-08,0.7091063332990216,0.3002128971655199,0.31031209871607573
2010-02-09,0.7098061286851758,0.29905378947729394,0.311333402474749
2010-02-10,0.7489092014130863,0.2844068906607846,0.3137375039228242
2010-02-11,0.74054256907938,0.2813779363804165,0.3140730983975247
2010-02-12,0.7392182745080562,0.27407064026699296,0.30746068446025604
2010-02-16,0.7164572364664084,0.24819559123797566,0.2952945154206915
2010-02-17,0.7130899555341534,0.23878432133822872,0.27732848214791816
2010-02-18,0.7011844788570781,0.19736787784144794,0.24659510332474033
2010-02-19,0.7010025752187172,0.19698616485762535,0.2446527207372307
2010-02-22,0.7032986640290727,0.1977064085197781,0.25045556463337443
2010-02-23,0.6809240664568157,0.19954466855208744,0.2639486564676756
2010-02-24,0.6731014538634326,0.205290365973137,0.27595189282452165
2010-02-25,0.6602807940927169,0.17692650208010274,0.23558097889498877
2010-02-26,0.663322236405286,0.17607113922510736,0.24180756158895717
2010-03-01,0.6710799241584678,0.1701905870644215,0.22954960372253064
2010-03-02,0.6486945435656074,0.12816073271519118,0.18243749074641927
2010-03-03,0.6490560486132101,0.12484644612391653,0.1829001305337359
2010-03-04,0.6385065120878916,0.08233128525666901,0.1425963439628616
2010-03-05,0.656293778099467,0.0932326150747441,0.14730696357897147
2010-03-08,0.6523208252166229,0.08767004582554516,0.1437958597962132
2010-03-09,0.6492311051245734,0.21756221333405484,0.3080043900154334
2010-03-10,0.6505616127569329,0.2157304942095644,0.29694212020321126
2010-03-11,0.6431963656259696,0.14733178375582534,0.2671719019270172
2010-03-12,0.6456225840595847,0.14838968219542495,0.2745595166291906
2010-03-15,0.6429192427254538,0.1485315463256549,0.27384617505571807
2010-03-16,0.6549211413727568,0.19095903859425914,0.2588785282853082
2010-03-17,0.651677275119255,0.17243581956364404,0.22388748028715194
2010-03-18,0.6470833114648119,0.17246530225163215,0.2252757509255346
2010-03-19,0.6506200826135174,0.192955932158662,0.2565399155877004
2010-03-22,0.6350821753934484,,
2010-03-23,0.6477022988470775,,
2010-03-24,0.642755179753724,,
2010-03-25,0.6430728343364067,,
2010-03-26,0.6461532665679227,,
2010-03-29,0.649040146077564,,
2010-03-30,0.6490906841544153,,
2010-03-31,0.6511555557360659,,
2010-04-01,0.6484548289003892,,
2010-04-05,0.6424099068441513,,
2010-04-06,0.6168173985676866,,
2010-04-07,0.6203433012580765,-0.10233208556530848,-0.07384174226044027
2010-04-08,0.6277839312423722,-0.09743099143593902,-0.07381585131654436
2010-04-09,0.6325085256088046,-0.02534746450999113,0.004421578090915169
2010-04-12,0.6348975987811034,-0.02683837216807084,0.009157216926335912
2010-04-13,0.6372734904781299,-0.025849554576523378,-0.010229320274744807
2010-04-14,0.6383306362210347,-0.0001827868259483095,0.027060319537076057
2010-04-15,0.6322730163379021,0.000404106839808419,0.0525613551348721
2010-04-16,0.6599259884806455,0.19984014686081375,0.2645966714899558
2010-04-19,0.6418349367572931,0.2016249971045217,0.2773243156853858
2010-04-20,0.6330572637156335,0.21478867028695434,0.3028352814042962
2010-04-21,0.61383659036703,0.19762747980264053,0.34416202134863777
2010-04-22,0.5730004347847438,0.20043515127736103,0.33581038065197333
2010-04-23,0.5309564801974209,0.23163139825352388,0.34537498309251874
2010-04-26,0.5413740316995161,0.24260495585987887,0.3555857336485962
2010-04-27,0.6381286608720403,0.005094477014844101,0.008665704534689782
2010-04-28,0.6358580592783007,-0.003416969002201988,0.010238316001941443
2010-04-29,0.653982982709929,-0.009683233757329993,0.0020418808882644206
2010-04-30,0.7556783865270347,-0.09801369970489109,-0.10478751383828105
2010-05-03,0.7926065985212981,-0.08099201897342244,-0.08473065935003307
2010-05-04,0.8368955427695436,0.017466909141385458,-0.00497685748532667
2010-05-05,0.835831104991633,0.011510742313836184,-0.006369954689712812
2010-05-06,0.8210692681216182,-0.1297739588128018,-0.022151991923028885
2010-05-07,0.8210692681216182,-0.12879976041417474,-0.02106314361775555
2010-05-10,0.6682904235663842,-0.18610216839416113,-0.01746130350650427
2010-05-11,0.6682009403294762,-0.19455127512161308,-0.028764332128519823
2010-05-12,0.655136942957238,-0.1782969755309427,-0.03177473678757221
2010-05-13,0.6548428624628224,-0.14346024166294238,-0.027964969054543556
2010-05-14,0.6535264373045623,-0.13784065112508656,-0.027148354326791833
2010-05-17,0.6702077807315311,-0.13054424898274564,-0.022624514826008985
2010-05-18,0.6724312391616165,-0.1297444203515494,-0.02316478848829838
2010-05-19,0.675658972608745,-0.11068819311056513,-0.010407091883590609
2010-05-20,0.6763465631701935,-0.10773866012955859,-0.007312412400528183
2010-05-21,0.6763827790447648,-0.10581689997223535,-0.004905102407722422
2010-05-24,0.6827046593446079,-0.11081622568548657,-0.010888595306099877
2010-05-25,0.6897314823805754,-0.11084716736130162,-0.012798003049260527
2010-05-26,0.6895625675897938,-0.1127559478227145,-0.01674286109556605
2010-05-27,0.6897130984087737,-0.11311739007194675,-0.017540449776322787
2010-05-28,0.6844374667378048,-0.11201661877191643,-0.014448490102463792
2010-06-01,0.6843284114740507,-0.11261177415915245,-0.01649000550801211
2010-06-02,0.6844063519944207,-0.11208056828060378,-0.015694636491352026
2010-06-03,0.6842056822241601,-0.10480433961935919,-0.009067174174622017
2010-06-04,0.6709788174370719,-0.10435362258403308,-0.007815717481462568
2010-06-07,0.6713663927814427,-0.10375694587728952,-0.011769108981934541
2010-06-08,0.6732725780500949,-0.10239225968218568,-0.008588375130545613
2010-06-09,0.673931909442102,-0.10056782278380395,-0.004753325650952758
2010-06-10,0.6730433471004834,-0.09597302254277602,-0.0010045545273965233
2010-06-11,0.6730533289070575,-0.096480715182339,-0.0024020604250874563
2010-06-14,0.6741048472762338,-0.09582690290329833,-0.002672364191753611
2010-06-15,0.6703172679325292,-0.09462525682822996,-0.0023064422746780187
2010-06-16,0.6695439884842009,-0.09252190754069828,-0.0004935935181173723
2010-06-17,0.6715010765565378,-0.09250868028183978,-0.0008969231583592017
2010-06-18,0.669215415214157,-0.09462049826834784,-0.00454509434378909
2010-06-21,0.6691626372559547,-0.08810987733366638,0.0016577070266808754
2010-06-22,0.6655508585243977,-0.08689322953600855,0.003432263549764289
2010-06-23,0.6633137686735286,-0.08792559480045264,0.001958923993800543
2010-06-24,0.6629888071708937,-0.08857947970044733,0.0011071332734094053
2010-06-25,0.6633338327574849,-0.0888324810732195,0.00029173176171139404
2010-06-28,0.6607003409780771,-0.08498565812589971,0.003418661633804494
2010-06-29,0.6617558979302605,-0.0849114701734592,0.004569019217430486
2010-06-30,0.6608059866433121,-0.08609810486123831,0.0024904700258104305
2010-07-01,0.6642932812525015,-0.0824547404694289,0.0036498913698040495
2010-07-02,0.6590205014610456,-0.08118986465841846,0.006851289300746303
2010-07-06,0.6586131404675868,-0.08071480837581564,0.007830098409718841
2010-07-07,0.657232163702792,-0.07070938909689595,0.015339008716968167
2010-07-08,0.6564832197808353,-0.07097448953971641,0.015186289267053291
2010-07-09,0.6527345069847649,-0.08076019849348513,0.0028211638620652753
2010-07-12,0.652607046376518,-0.07918930486893297,0.004247820507262685
2010-07-13,0.655565869278161,-0.07875600422914066,0.00973386339645114
2010-07-14,0.643306459675797,-0.08411312505441833,0.003071794350582597
2010-07-15,0.6455207596619317,-0.08514644666163658,-0.0031627174854708564
2010-07-16,0.6222849709854992,-0.16075903304036498,-0.08564221277487348
2010-07-19,0.623971102430279,-0.1595295476180153,-0.08602647331319356
2010-07-20,0.6175143516612424,-0.163861861576914,-0.08934415461601038
2010-07-21,0.6277065339360791,-0.16234516176631913,-0.1028718200059524
2010-07-22,0.6281262335357928,-0.15960895744418402,-0.09409800288203388
2010-07-23,0.6297635240011722,-0.17756503906821092,-0.11313671834143235
2010-07-26,0.6400607559010062,-0.18174727813727426,-0.11676038173534581
2010-07-27,0.5688436309518349,-0.11611253204650829,-0.010730711876189094
2010-07-28,0.5778061177243684,-0.10945255119694994,-0.007398590421559913
2010-07-29,0.563850080653268,-0.10746455829892838,0.0020194992795064147
2010-07-30,0.5124873811503449,-0.07772329613744988,0.09019922108217664
2010-08-02,0.5766675039648328,-0.08470150255614672,0.05898315309470257
2010-08-03,0.4728702563734545,-0.13897943853141873,-0.005818616624055916
2010-08-04,0.47689856337387093,-0.13825805796517868,-0.00889432981281091
2010-08-05,0.489143082065394,-0.04499038990029715,-0.0028498889579074084
2010-08-06,0.49219942006720285,-0.04505834890007461,-0.0029872593720192027
2010-08-09,0.7931156653432886,0.04268059159785921,-0.00533195167317205
2010-08-10,0.7955949322180297,0.08540156121460164,0.0007209204616593005
2010-08-11,0.7122262498246138,0.04851979567138733,-0.0006156518628590531
2010-08-12,0.7708481744506085,0.006010753997060914,-0.00024240281815221843
2010-08-13,0.7910221863817523,0.00036100402285852904,-0.0001326508217616479
2010-08-16,0.7910221863817523,-0.0012429037695999255,0.0004567046236841811
2010-08-17,0.7910221863817523,-0.001034383407819358,0.0003800838782276463
2010-08-18,0.7910221863817523,-0.006163723668409565,0.002264858444656888
2010-08-19,0.7910221863817523,-0.007657378276371043,0.002813701389966136
2010-08-20,0.7910221863817523,-0.008847498441065206,0.0032510106935903092
2010-08-23,0.7910221863817523,-0.006046837844473418,0.002221908783113938
2010-08-24,0.7910221863817523,-0.005080388607199566,0.00186678729582366
2010-08-25,0.7910221863817523,-0.0030358446388003327,0.0011155202174446986
2010-08-26,0.7910221863817523,-0.002619354332457848,0.0009624809771763385
2010-08-27,0.7910221863817523,-0.002257934645266485,0.0008296774196781443
2010-08-30,0.7910221863817523,-0.00031283250727751023,0.00011495021256419779
2010-08-31,0.7910221863817523,-0.0005608149510807645,0.00020607128842504584
2010-09-01,0.7910221863817523,-0.004245196257183613,0.0015598961130567743
2010-09-02,0.7910221863817523,-0.0017794846846463563,0.0006538711227135268
2010-09-03,0.7382339084033055,0.004800099839451466,-0.0012062297137519441
2010-09-07,0.734729539057318,0.0029633766004082346,-0.0008089265780700517
2010-09-08,0.7244754000708756,0.0019233940536053885,-0.0004437438003000319
2010-09-09,0.7199468354382875,-0.004489868247139964,0.0009285846057005523
2010-09-10,0.7146607006459769,-2.3543100358253664e-05,4.3829128852769874e-06
2010-09-13,0.7402093773422306,-0.0024014444232514738,-7.304839356233428e-05
2010-09-14,0.7315146887969343,-0.014758235498425644,0.04521805175302645
2010-09-15,0.7333269902019842,-0.020424492854754877,0.04145524142334651
2010-09-16,0.7269359269073526,-0.017098408248246693,0.05748354358454446
2010-09-17,0.7235532839724408,-0.011513735715789914,0.05834711226631283
2010-09-20,0.7621169919789758,-0.0017262434544856953,0.08624119614930276
2010-09-21,0.7607478208028196,-0.016775789557397367,0.08464702046009673
2010-09-22,0.7604896413131342,-0.026544829015558533,0.08097504715088082
2010-09-23,0.7443437939259745,-0.02658459749651851,0.08189366740248766
2010-09-24,0.7879088738719807,0.02612150824014638,0.12316681050998451
2010-09-27,0.7914324280419178,0.014770989050824497,0.13061705962217726
2010-09-28,0.7890072722489161,0.030458367019151757,0.11765981496579662
2010-09-29,0.7894980569088448,0.03299095458816928,0.1193720119432535
2010-09-30,0.7914998411875469,0.025218178233191918,0.13775826485708592
2010-10-01,0.7867690091562897,0.04254980676849321,0.12008868490928166
2010-10-04,0.7954620410870679,0.0750435563870803,0.15491625678023785
2010-10-05,0.8273660599691733,0.28851945782150384,0.36642204677208773
2010-10-06,0.8210230776805968,0.27840085057254466,0.32944799633703814
2010-10-07,0.8160900060433763,0.27787749016706387,0.28765038317634456
2010-10-08,0.8175051823643712,0.288135491797926,0.3028457257850102
2010-10-11,0.8175302845068587,0.2844814910935033,0.30001959536618533
2010-10-12,0.8160439794151616,0.2784337103192066,0.28520005961272077
2010-10-13,0.8187407229338085,0.30127732934486373,0.3073726334167477
2010-10-14,0.818338531326933,0.2866646664782158,0.3002142087550135
2010-10-15,0.7771653424243381,0.27526949337035095,0.19643397225312675
2010-10-18,0.7676744288404233,0.2777672734370941,0.18824079328234472
2010-10-19,0.77339994013478,0.38537140728302716,0.2502330491136011
2010-10-20,0.7751962663171558,0.39998545630635773,0.26060725641675697
2010-10-21,0.7753032731124696,0.385860579292444,0.24861603991909634
2010-10-22,0.7699816504912483,0.39477334880466103,0.252880054572107
2010-10-25,0.7698340016322847,0.3942207813697713,0.2573436003171091
2010-10-26,0.7633652544442643,0.396062224570544,0.25662372447639487
2010-10-27,0.7536870801012913,0.40519382920729946,0.24589240689220285
2010-10-28,0.7539598853883777,0.38857921464842454,0.24167606759875065
2010-10-29,0.7300967476005243,0.42888907265609905,0.24400114428606529
2010-11-01,0.7271625402772777,0.42942166727432973,0.24257407057056604
2010-11-02,0.7289208902453923,0.43741339730791917,0.25334659382100166
2010-11-03,0.7287290850450998,0.4241060744751897,0.24236560382182307
2010-11-04,0.7327486408909362,0.5204073109882364,0.2929627867807159
2010-11-05,0.7292825413454596,0.5238316136913055,0.2959651567475768
2010-11-08,0.7207245227690098,0.5102210883340926,0.2921916077958248
2010-11-09,0.7674069486854859,0.5331117368309064,0.3429363819556594
2010-11-10,0.7676613265470877,0.5326915796852463,0.34554792885184626
2010-11-11,0.7708221793445379,0.526750142867169,0.3378217232045947
2010-11-12,0.7890891969008123,0.5717995661324914,0.4243205479429526
2010-11-15,0.7895229351745613,0.573396663988366,0.4318436086451184
2010-11-16,0.8115239775593348,0.5866340915809973,0.45416352201364624
2010-11-17,0.8114419294610741,0.5861455181257672,0.45456706909068445
2010-11-18,0.7814795678718276,0.5984039724743139,0.4450474150983409
2010-11-19,0.7803777795889766,0.598013450371162,0.444815322928786
2010-11-22,0.780330861282634,0.5892166967643971,0.439222472002296
2010-11-23,0.7565044066129386,0.5455232555858737,0.4359508957131242
2010-11-24,0.7311009259735161,0.5219018732657861,0.4362385449197825
2010-11-26,0.7188002860971828,0.5313269656942583,0.4359225768429571
2010-11-29,0.717484641183996,0.5313254104012419,0.43492177706555013
2010-11-30,0.7152389273954736,0.5026560395162931,0.4249496248564139
2010-12-01,0.6722695104394482,0.4704937931329729,0.4250114017046464
2010-12-02,0.6577838059203888,0.45693253308598647,0.42524633714706067
2010-12-03,0.6700578898781823,0.4565145568623601,0.4070047878714905
2010-12-06,0.6703199515044784,0.4515872784395411,0.40386610791841315
2010-12-07,0.6741644644016612,0.44583083014109776,0.39793132528313074
2010-12-08,0.6749345815334556,0.43629768038082856,0.396505158313106
2010-12-09,0.6759332700316778,0.43849535098828496,0.3950850298208695
2010-12-10,0.66413143830519,0.44429049725262415,0.4060475584792653
2010-12-13,0.6673200269429134,0.4589527643898334,0.40330288176014895
2010-12-14,0.6673585126876523,0.4602737193605699,0.4072537053996931
2010-12-15,0.6685414879768247,0.46945797559499797,0.40461323717506414
2010-12-16,0.6671840539243638,0.460403665121608,0.40598916483314035
2010-12-17,0.64722625611665,0.467667750730934,0.4181012287606468
2010-12-20,0.6469518266382346,0.4754762019322662,0.41974708786568526
2010-12-21,0.6468558263846971,0.4774906380057031,0.42024345858165363
2010-12-22,0.6508594448170425,0.48187091932942555,0.42060341146945507
2010-12-23,0.610141666288703,0.500575462344808,0.4424153539301856
2010-12-27,0.6050387319920736,0.502021955521637,0.4442553885110896
2010-12-28,0.6056131626828122,0.49334647821203487,0.43246719050997323
2010-12-29,0.6038687871597197,0.49325084726727847,0.4331303128611912
2010-12-30,0.6021381083792764,0.4954552598698299,0.43602844951705005
2010-12-31,0.6045642766560471,0.4869085396640224,0.42468762438272256
2011-01-03,0.6029627820736924,0.46780646472763165,0.38608426295343756
2011-01-04,0.5432535955097587,0.4265569221157635,0.3305693824664463
2011-01-05,0.5509249395653207,0.4259994704127174,0.34062596244038307
2011-01-06,0.5505612405848628,0.4252458099654153,0.3479562222678426
2011-01-07,0.5480429814590306,0.4215108990671885,0.33970216810985954
2011-01-10,0.5432035616691231,0.41955054431709304,0.3423675372345564
2011-01-11,0.5441232918402907,0.42216550056749996,0.3495707763900161
2011-01-12,0.5447557578309469,0.41259198826695087,0.3332522032990437
2011-01-13,0.5420401937917484,0.42404098327525414,0.3367955587206047
2011-01-14,0.6073125600403706,0.40056882920754466,0.38358483657189374
2011-01-18,0.6177080334780727,0.3986671710566545,0.3914494332778902
2011-01-19,0.6140740266073458,0.3305167292246567,0.32251626334575767
2011-01-20,0.603116712823827,0.31918307309179206,0.3061440889932908
2011-01-21,0.5891398258811916,0.32658015923363626,0.3123343816987631
2011-01-24,0.5889379752041072,0.32515016374619815,0.29689450890976177
2011-01-25,0.5886752767367053,0.3241434247965823,0.2894741756015513
2011-01-26,0.5916493563463311,0.3238236088579047,0.2878427656851462
2011-01-27,0.5967577224076471,0.31672645703465946,0.29581543205389693
2011-01-28,0.6552535267123827,0.3074556973769476,0.25580220735318676
2011-01-31,0.6588330993091868,0.3096970435134919,0.2633569444262952
2011-02-01,0.6844048574645157,0.29951365107826716,0.24904215822295342
2011-02-02,0.6807489930327946,0.29527468212533853,0.2432875962203443
2011-02-03,0.680138207114342,0.30055083270224087,0.2521269810791566
2011-02-04,0.6579031751327439,0.19516629583481748,0.17469796390841577
2011-02-07,0.6613909464449574,0.19339742248606864,0.17486556327514063
2011-02-08,0.6647883707534286,0.2050747931262536,0.1736754127522706
2011-02-09,0.6605288663947942,0.17662443818612455,0.1544544095719341
2011-02-10,0.6589075944516192,0.17083096180639087,0.1411137731206024
2011-02-11,0.6580395831559744,0.17724658225170228,0.14922448447900932
2011-02-14,0.6311786950421735,0.08306333197762217,0.012923861989948163
2011-02-15,0.6302626634433356,0.07440342355428956,-0.0013359291953707964
2011-02-16,0.5831124413466439,0.014698645132605303,-0.07927670859734393
2011-02-17,0.5817842821671024,0.01216954530553774,-0.08149714960674577
2011-02-18,0.6056946284201624,-0.04611223172258007,-0.07743151364063817
2011-02-22,0.6430781402296282,-0.042405388305996654,-0.07422147837330054
2011-02-23,0.6392614759568201,-0.03528983140674714,-0.07184085570682432
2011-02-24,0.6629974593982418,0.0026856369956851176,-0.06989585896578802
2011-02-25,0.6759079795210338,0.010308762007405511,-0.07054599032245659
2011-02-28,0.6902992267715851,-0.02758476515089249,-0.07421031595981618
2011-03-01,0.6548766011898697,-0.12239605977956329,-0.0759404086807393
2011-03-02,0.6581489308373827,-0.09153794335830143,-0.07292042799474942
2011-03-03,0.6774034116422455,-0.16028507918233206,-0.06644264161059393
2011-03-04,0.6916851396606138,-0.18460568121080861,-0.06924439426847907
2011-03-07,0.6851680524151568,-0.21732038144937557,-0.06757928892613042
2011-03-08,0.6748483542765392,-0.21637234037729336,-0.06443366390080282
2011-03-09,0.6747540042315884,-0.2367320602381436,-0.07659203105735025
2011-03-10,0.6399905260324467,-0.12852737849141255,-0.07719475545477075
2011-03-11,0.6361117264047155,-0.12530680317813558,-0.0769042797340516
2011-03-14,0.6379580000198478,-0.13770406305397018,-0.07830847051558007
2011-03-15,0.6276660054487483,-0.0525325215889095,-0.06473348389906393
2011-03-16,0.6023334123236329,-0.05270600037006059,-0.06430642898398735
2011-03-17,0.5853458859292627,-0.0450043451519897,-0.07155220801567296
2011-03-18,0.5874664016179406,-0.02410058391702434,-0.07714863123438812
2011-03-21,0.5663910319636151,0.0018408997780370892,-0.0778455277357003
2011-03-22,0.5672169285921581,-0.0010662506862185582,-0.07564236609027296
2011-03-23,0.5632250865170533,0.002287944048725843,-0.08056678410088093
2011-03-24,0.5563039714600152,-0.017021632083779634,-0.07769489988015715
2011-03-25,0.5544383909414728,-0.018519986120148164,-0.08192985797715718
2011-03-28,0.5545915813481983,-0.013393783077596635,-0.07936847332102424
2011-03-29,0.5517899763517711,-0.0208957929020149,-0.0637591752681068
2011-03-30,0.5476699688500881,-0.013406158701271497,-0.06743157149049807
2011-03-31,0.5469274082454841,-0.023024184516278065,-0.07637218607639246
2011-04-01,0.5465706954375459,-0.02500588450000493,-0.051988642732644266
2011-04-04,0.5328155301078826,-0.011613417323676907,-0.026317423717920816
2011-04-05,0.5326228917323284,-0.02890965240565706,-0.051618871931486204
2011-04-06,0.5290174014508361,-0.02290840388910094,-0.04176432943695139
2011-04-07,0.5329455775738161,-0.027767730525947987,-0.036791933638066904
2011-04-08,0.5319535408261268,-0.04040417097674443,-0.04022890856504586
2011-04-11,0.5356753883785393,-0.02811016934798036,-0.043334077987611
2011-04-12,0.5326057723158385,-0.013316918886755704,-0.04356699970298339
2011-04-13,0.5233786139966312,-0.02506331123242312,-0.05712514779187556
2011-04-14,0.5235422609318863,-0.03081915691293674,-0.059339172890949615
2011-04-15,0.5148539657112252,0.013025841659157177,-0.007733620740990673
2011-04-18,0.5073613225625428,-0.006869492285124358,-0.007319295314841314
2011-04-19,0.4862501230075541,-0.011748457992645329,-0.01299498779370422
2011-04-20,0.47675443752585756,0.0005993328985689141,-0.017716142451183657
2011-04-21,0.49540895308228716,0.0020239445027926723,-0.020290016338522763
2011-04-25,0.4968669280137899,0.0037714500224441407,-0.014115662621775462
2011-04-26,0.5048949588884308,-0.007471122326285507,-0.02547046972893197
2011-04-27,0.5090077173217378,0.025621592483494375,0.03591801058560114
2011-04-28,0.5076248922253574,0.02831307243444714,0.036770360395169434
2011-04-29,0.4472336147791536,0.026359294023673832,0.005250467787010892
2011-05-02,0.44115618667019224,0.03936375787203071,0.0346736153696877
2011-05-03,0.3894516711308073,0.05312594241502064,0.085840484416413
2011-05-04,0.39391655929976227,0.08237978322328741,0.10515522346302233
2011-05-05,0.41489498041006545,0.14396435000058086,0.2092367250790886
2011-05-06,0.42127281739162087,0.15349397020687336,0.2358103411398854
2011-05-09,0.4156968091975978,0.1632794806932558,0.26659094725192406
2011-05-10,0.43013324464859026,0.16794867422687906,0.27642880744155984
2011-05-11,0.45498593210336086,0.18932448586594244,0.306949698266027
2011-05-12,0.4581509446853814,0.18820366519219228,0.2975455032079597
2011-05-13,0.4582185727627232,0.20149731532518753,0.32893460714463724
2011-05-16,0.462565955082737,0.20490724965238724,0.3335287073238935
2011-05-17,0.46121365167703493,0.2042561148310694,0.3322298526504588
2011-05-18,0.449684719514957,0.21413838603237823,0.34543593209124357
2011-05-19,0.4504164384095559,0.21452942801772937,0.34530596097481414
2011-05-20,0.4505451796816331,0.18962594445860437,0.34117285578778433
2011-05-23,0.35744581987241797,0.18763092263419007,0.3762117012965485
2011-05-24,0.3589202731352065,0.18563662758834545,0.37538207356624514
2011-05-25,0.3582804035790154,0.18423525162281287,0.37537902895132463
2011-05-26,0.3628887015391922,0.18542733257112107,0.37505121407172376
2011-05-27,0.36413342927822423,0.1938105814896443,0.37166652126884114
2011-05-31,0.37195110664630215,0.259326141009792,0.38062646654256677
2011-06-01,0.34904054870984014,0.23961355766774134,0.38061596909859524
2011-06-02,0.3633842793975541,0.31420276650080003,0.38792211204933524
2011-06-03,0.3415890058980982,0.28970367582740264,0.3902973788992346
2011-06-06,0.34340533811054413,0.2942113490551677,0.39042856042374374
2011-06-07,0.3472533799096826,0.3053768681744446,0.3908306693425702
2011-06-08,0.3472102595203958,0.3037927965538509,0.38988927547686114
2011-06-09,0.3608599636899299,0.26395630163761186,0.396003668552546
2011-06-10,0.3636237422828546,0.2590180620247471,0.39221269435569484
2011-06-13,0.3649367129032823,0.2616537734494272,0.3882626001851598
2011-06-14,0.37076784990225103,0.2193550338978337,0.4038644346465418
2011-06-15,0.38891765895529967,0.22225852555897813,0.40369078901631955
2011-06-16,0.40010573833990054,0.21438504100677494,0.40452697173269675
2011-06-17,0.4011183844132504,0.20731324245780106,0.4073175059582184
2011-06-20,0.41865151772009546,0.19678786386906716,0.40850632659580266
2011-06-21,0.419243997015541,0.1951764729824584,0.40772513042677644
2011-06-22,0.4200803521530268,0.1900352063312186,0.4114329351084119
2011-06-23,0.4279457258775719,0.2119230351701281,0.3989649605780428
2011-06-24,0.4290240436872216,0.2077566491154823,0.3919875065936553
2011-06-27,0.4292040799542779,0.2049508935421964,0.3932936821003893
2011-06-28,0.42056817296552723,0.20443369664121439,0.3936164305419181
2011-06-29,0.41852333271282033,0.19653759284717287,0.3940177801560854
2011-06-30,0.4112916603004418,0.19530942435373602,0.39717858348935464
2011-07-01,0.4760541014562228,0.1926842213847978,0.3372899728405479
2011-07-05,0.4659089415438599,0.19251889222936286,0.3312933259954916
2011-07-06,0.46512785306393206,0.1990032289687098,0.3411178399441284
2011-07-07,0.4908910971678172,0.19329685104907085,0.30389728115188985
2011-07-08,0.4976600639952673,0.1932386272441668,0.3030888686332076
2011-07-11,0.562478325925416,0.19502213324451903,0.26511492301797224
2011-07-12,0.5635560689334354,0.1828061433493579,0.2388540615758055
2011-07-13,0.5689953960065046,0.1752912024161357,0.2506444263017145
2011-07-14,0.5734969717511318,0.17086723626445977,0.23001726315316154
2011-07-15,0.5709657484147406,0.1764302401918771,0.24115986186925475
2011-07-18,0.5802567670808759,0.14970577913541647,0.22157934090989465
2011-07-19,0.62340288619915,0.10831045304006698,0.09503992303478523
2011-07-20,0.6250278972383124,0.1064897991135613,0.0803009551490309
2011-07-21,0.6502265216660383,0.06624240466259153,0.06348209862412359
2011-07-22,0.6354766642615199,0.06532065461663963,0.08474088376052111
2011-07-25,0.638310565078823,0.054334140204991964,0.0777081609773271
2011-07-26,0.6292153487234848,0.061354230454169476,0.08595316945842721
2011-07-27,0.6701555615597014,0.050046810690208166,0.07501102668713261
2011-07-28,0.6709622542214967,0.046075537374052504,0.0772502829981386
2011-07-29,0.670630022575777,0.035646853510072254,0.07827419873793004
2011-08-01,0.6672081468224969,0.03267210620973279,0.07760186315252003
2011-08-02,0.6647713257587179,0.031024379332906776,0.04562054117855947
2011-08-03,0.6652939443347065,0.008332411377597796,0.03987116339104813
2011-08-04,0.6609187448419143,-0.06719144643694322,-0.01142929507130833
2011-08-05,0.6594840533517339,-0.08443264005454867,-0.024664650149910906
2011-08-08,0.6578535689095787,-0.08517366591581339,-0.03706416166253632
2011-08-09,0.6498740263413155,-0.08925487023511827,-0.04255822091810739
2011-08-10,0.6420949381301804,-0.10253213352044852,-0.060131185335192024
2011-08-11,0.6388411338394203,-0.09765235569909848,-0.05464158273204783
2011-08-12,0.6327658564313707,-0.11326537377039088,-0.08358966755804638
2011-08-15,0.6313807138714291,-0.11771438661406762,-0.08636334170187952
2011-08-16,0.6313672808445963,-0.11625637926057528,-0.08650890897288797
2011-08-17,0.6393004622483967,-0.12529851938485256,-0.08649679201589945
2011-08-18,0.6400942220663633,-0.11945794533032374,-0.08509859085439576
2011-08-19,0.6449134792666326,-0.10253358339961456,-0.08510837144368015
2011-08-22,0.6565954418155877,-0.09997780207883072,-0.0821840772613959
2011-08-23,0.6566025175291734,-0.08981218605300227,-0.07186158929821938
2011-08-24,0.6579323564079672,-0.08303208011260667,-0.06557879065139867
2011-08-25,0.6604165494720231,-0.07953425831663903,-0.06581251285606822
2011-08-26,0.6622584755066527,-0.08111352205015865,-0.06394278363497051
2011-08-29,0.6746463219635799,-0.07750700735643991,-0.06186845303989233
2011-08-30,0.7318732238873344,-0.08092717675645028,-0.06037096577813531
2011-08-31,0.731938650157775,-0.08177379475373822,-0.06003903925649775
2011-09-01,0.8263804951341798,-0.07955068817754268,-0.05995002068017868
2011-09-02,0.8263804951341798,-0.07845221437046296,-0.058671894793070535
2011-09-06,0.8263804951341798,-0.07833822360459261,-0.05860907394297601
2011-09-07,0.8263804951341798,-0.07341775384937627,-0.05533972216772912
2011-09-08,0.8263804951341798,-0.07290622877997682,-0.054633053701271764
2011-09-09,0.8263804951341798,-0.0731840405507165,-0.05480236685561795
2011-09-12,0.8263804951341798,-0.07134504071347693,-0.053603722839014545
2011-09-13,0.8263804951341798,-0.07143192881294302,-0.053604164896746416
2011-09-14,0.8263804951341798,-0.07067176291289315,-0.05318387944046951
2011-09-15,0.7987412654124213,-0.0691717237113902,-0.08853344449624083
2011-09-16,0.7868297487378381,-0.06923042066968543,-0.07697229651935109
2011-09-19,0.7868222430710994,-0.06774527257030664,-0.07590601271494495
2011-09-20,0.7840238620567931,-0.06786892361291083,-0.08427509229505362
2011-09-21,0.7458691330623576,-0.0667392898603344,-0.04265857430992316
2011-09-22,0.6487716899882688,-0.06545812478473828,0.07569223253758353
2011-09-23,0.6388013135797636,-0.06492340303267441,0.05034817281865628
2011-09-26,0.6278172130235308,-0.06492340303267441,0.0473844246371218
2011-09-27,0.6426004540366614,-0.06383391386389982,0.044900706922825
2011-09-28,0.6396094003299904,-0.06259797859409345,0.04652937845686658
2011-09-29,0.6455440115534148,-0.06139469790701722,0.047995819200835725
2011-09-30,0.6272793360085995,-0.06102011025310374,0.051703259694444274
2011-10-03,0.6302197922816132,-0.06128332323852056,0.05278463543994834
2011-10-04,0.629484036738696,-0.060961099447709555,0.05346359686139615
2011-10-05,0.6081453148854837,-0.05999409369985663,0.05725493642813091
2011-10-06,0.6127095373405397,-0.0632407119554726,0.05676754555371508
2011-10-07,0.5750998184945245,-0.0784441299519917,0.05529598367722247
2011-10-10,0.5692354247748729,-0.07439122577895611,0.059810384308160346
2011-10-11,0.5662754535950376,-0.08146970117395465,0.0556197912954118
2011-10-12,0.5502839917308173,-0.08112168628870348,0.05827836770112934
2011-10-13,0.5318390812935334,-0.08713493683883974,0.054256523878807486
2011-10-14,0.5786571090579034,-0.06939790184090312,0.054856325523130495
2011-10-17,0.5035010086593953,-0.02082590772591587,0.10071895638104938
2011-10-18,0.5288204171064953,-0.021700639829305667,0.10041556965584648
2011-10-19,0.5325992448209731,0.007069902755251331,0.10796817199248468
2011-10-20,0.5266281894251376,0.00480539863916875,0.0998981280427246
2011-10-21,0.5551539362676027,0.008351488497492315,0.09691958683872576
2011-10-24,0.6052358988276372,0.007228444937130009,0.08900178745016131
2011-10-25,0.5750108586221578,-0.009057964997302478,0.07969599919009122
2011-10-26,0.5636518167299853,-0.010914889144901683,0.07986577380977826
2011-10-27,0.6463675276551252,-0.012391095831073562,0.07254415372783639
2011-10-28,0.6450381835890162,-0.013151260944191478,0.0701930768705028
2011-10-31,0.6638068631669787,-0.005248820847808077,0.07886918183443827
2011-11-01,0.6600202854422639,-0.0047913075568536126,0.07609784798636952
2011-11-02,0.6642983909768092,-0.006743471471147124,0.07543584870034188
2011-11-03,0.687906014155985,-0.00674311314930613,0.07148180768217505
2011-11-04,0.6892108560272509,-0.00023781978423210158,0.07367164920574261
2011-11-07,0.6914626698043791,0.0015502414829298963,0.0734765678018333
2011-11-08,0.6987637014934063,0.010277791806850735,0.07695528558985003
2011-11-09,0.7522700152552748,0.0028680165504182164,0.07092806286560525
2011-11-10,0.7478804597499608,0.0025432146294360886,0.07120475202567488
2011-11-11,0.7598693018167214,0.005102566146190364,0.07029175892061432
2011-11-14,0.7600367713400037,0.0066627829543736165,0.06999998839131366
2011-11-15,0.7592333265880586,0.007546527322444175,0.0701887612177007
2011-11-16,0.7676242767493484,0.00896898159922664,0.06848063571190563
2011-11-17,0.7673271376275452,0.01047018585809451,0.06838554386754339
2011-11-18,0.7673271376275452,0.01463321815909725,0.06974968256108453
2011-11-21,0.7673271376275452,0.009807484299344488,0.07664079054700515
2011-11-22,0.7673271376275452,0.004787820703601399,0.08378962057249727
2011-11-23,0.7673271376275452,0.005496860786525958,0.08369891137641115
2011-11-25,0.7673271376275452,0.011217975480293607,0.08780734260110895
2011-11-28,0.7673271376275452,0.007806338079045722,0.09154654198986711
2011-11-29,0.7673271376275452,0.014538047817355263,0.09773124059517355
2011-11-30,0.6921241640568704,0.018164925376573528,0.09860107472140368
2011-12-01,0.6920854092800192,0.01837782937175584,0.09857312563049347
2011-12-02,0.69186377590932,0.029651052553653565,0.10754345340932665
2011-12-05,0.6890229959592576,0.03172056462972959,0.10764065673339454
2011-12-06,0.6890841757587612,0.02379271775581934,0.12454439056163359
2011-12-07,0.6893113359969579,0.04025314641229881,0.14039062059374807
2011-12-08,0.665108249360884,0.030103022345503033,0.14151940097623852
2011-12-09,0.6572863054513424,0.02778185525491674,0.15862899566106348
2011-12-12,0.6468051630923853,0.029349917877499604,0.16312336116525264
2011-12-13,0.6421776520024556,0.024072727621397408,0.16563445173668812
2011-12-14,0.6502193116995131,0.018416403737862994,0.23404380978099024
2011-12-15,0.6554135587443559,0.02279811442233243,0.21557164312297789
2011-12-16,0.6554988786076101,0.017892007262046535,0.2378757713526234
2011-12-19,0.6552478757088206,0.02650018358611166,0.2802624970539981
2011-12-20,0.6386583095839966,0.027695128965717155,0.23459059999361873
2011-12-21,0.675774686593866,0.02021054762047864,-0.12496088072356104
2011-12-22,0.6822957942889695,,
2011-12-23,0.690935986520317,,
2011-12-27,0.6997182734562606,,
2011-12-28,0.6982079376108664,,
2011-12-29,0.7005023372195694,,
2011-12-30,0.6986595894884989,,
2012-01-03,0.6926129916359972,,
2012-01-04,0.6927787725961803,,
2012-01-05,0.6907665286976907,,
2012-01-06,0.687482706443205,,
2012-01-09,0.6870427283237057,,
2012-01-10,0.6885515152864609,,
2012-01-11,0.687930480349924,,
2012-01-12,0.6872593940615946,,
2012-01-13,0.688254892455044,,
2012-01-17,0.6785068783331668,,
2012-01-18,0.6842378912274933,,
2012-01-19,0.6766387113896429,,
2012-01-20,0.6844719253585977,,
2012-01-23,0.6867572801528983,,
2012-01-24,0.678984771557096,,
2012-01-25,0.6797210057375284,,
2012-01-26,0.6619349134612056,,
2012-01-27,0.6653940544460086,,
2012-01-30,0.6151438121476004,,
2012-01-31,0.615190904473247,,
2012-02-01,0.5875650713198526,,
2012-02-02,0.6098786999248417,-0.006353057056722187,0.03199399673914621
2012-02-03,0.6122823518085724,-0.1306991616346686,-0.18791562455339345
2012-02-06,0.5943260370070507,-0.1303959765441741,-0.1971660033353182
2012-02-07,0.5901693169512525,-0.10176695478506707,-0.1502142662419672
2012-02-08,0.5881023204717353,-0.101702880872602,-0.16551975161159244
2012-02-09,0.5743977235648979,-0.10208080933022178,-0.17890682617297174
2012-02-10,0.4174307502524499,-0.08594946495667805,-0.18973566867683325
2012-02-13,0.42940007279705456,-0.08045505292457059,-0.16957022094205662
2012-02-14,0.3781141535127892,-0.08077978685885297,-0.19158421027214878
2012-02-15,0.3682212487550142,-0.09759167588619097,-0.23176483738029852
2012-02-16,0.3878336718152837,-0.09923289032348143,-0.2341126771963595
2012-02-17,0.31551779325689094,-0.10068400936462729,-0.2390828183089623
2012-02-21,0.3098350068819639,-0.09617918089365575,-0.16982893581218644
2012-02-22,0.3167664734015611,-0.11460661831001889,-0.21177772824304475
2012-02-23,0.3165795740901554,-0.11476090477130911,-0.2097318299284044
2012-02-24,0.31500682388645684,-0.11379774429894343,-0.21448790245612123
2012-02-27,0.3139642203704953,-0.11273004922119818,-0.21330825126137307
2012-02-28,0.30603973651825145,-0.10759788315390197,-0.1430893910571686
2012-02-29,0.31450181680428785,-0.095527058032208,-0.11869660569820081
2012-03-01,0.3151574878397538,-0.0960161033284408,-0.11881142722741893
2012-03-02,0.41120985520394515,-0.10817620206214672,-0.11851031845840901
2012-03-05,0.41801797911337785,-0.10728192883595869,-0.11090287565602229
2012-03-06,0.4594259566171038,-0.10221359158405048,-0.10479754575275577
2012-03-07,0.4774123510062555,-0.10253596255506038,-0.10509340032457036
2012-03-08,0.49031466780420263,-0.1027044464497963,-0.10462443818846864
2012-03-09,0.49360319309254524,-0.10271231829615987,-0.10529478405868639
2012-03-12,0.5141642517347906,-0.11343025391426056,-0.10542066045553541
2012-03-13,0.5889314710502154,-0.11300541100386215,-0.10122984020590539
2012-03-14,0.5970161502579985,-0.1193452451185163,-0.10187554299666687
2012-03-15,0.5991089434008423,-0.12364356341479327,-0.10245967013304726
2012-03-16,0.5975823823604526,-0.12515965242851268,-0.10225087985593721
2012-03-19,0.5958480630706219,-0.1257497691400265,-0.1029701640706341
2012-03-20,0.5934785535513507,-0.12489179664128243,-0.10339636770541628
2012-03-21,0.5939707686548633,-0.1244558185627064,-0.10343819689733284
2012-03-22,0.718732750291156,-0.13517657703302133,-0.10273944259778121
2012-03-23,0.716041690179177,-0.13531421543922414,-0.10255868895885853
2012-03-26,0.750865422342347,-0.13335715042291615,-0.10020589222245978
2012-03-27,0.7666840566914921,-0.13230136846970764,-0.10055614420074588
2012-03-28,0.7713996961108779,-0.1303237711998419,-0.09914002496247981
2012-03-29,0.7922430182782777,-0.13782507824417684,-0.09784426602972322
2012-03-30,0.8068823831419552,-0.13893811491911026,-0.09727633626716078
2012-04-02,0.8111567052631027,-0.14130735854463944,-0.09772998851018763
2012-04-03,0.8685673512215569,-0.14369466023469343,-0.09765280329716414
2012-04-04,0.8776640664125589,-0.1375581870398886,-0.09092818232914626
2012-04-05,0.8727650663012024,-0.13700343982351887,-0.09092656068177443
2012-04-09,0.8815007686044286,-0.1314733197419434,-0.08780329520936625
2012-04-10,0.9014720293541009,-0.12067466962840905,-0.07645296168357013
2012-04-11,0.8878347310057549,-0.1207892640943633,-0.07584180674435759
2012-04-12,0.8567982070531758,-0.11932730626714778,-0.0755511597608648
2012-04-13,0.8393721993198577,-0.11407536475453432,-0.07508258998193969
2012-04-16,0.8379434674692364,-0.115351215687686,-0.07581160514783183
2012-04-17,0.8052158352155844,-0.1133437865444078,-0.07526283719878883
2012-04-18,0.7976433035091678,-0.1129692778181462,-0.07515317043854527
2012-04-19,0.7926335042593057,-0.11084831100035011,-0.07461272403939964
2012-04-20,0.7969031267306456,-0.11072946150889112,-0.07487904351982774
2012-04-23,0.7906339968296274,-0.10870510957915723,-0.07482689765024463
2012-04-24,0.7875143276157185,-0.10921987872385752,-0.07516182923466809
2012-04-25,0.756854254054082,-0.1080253920680616,-0.07505954538972456
2012-04-26,0.7475782953928323,-0.10952492358337615,-0.07576923083407479
2012-04-27,0.7484304986308465,-0.10981596118087662,-0.07539833342504326
2012-04-30,0.749243805405736,-0.1097346825675631,-0.07527391778644046
2012-05-01,0.7441537665526851,-0.11014460036694163,-0.0750838697935116
2012-05-02,0.7394079221876482,-0.10941738413250107,-0.0746164400391229
2012-05-03,0.7342891293596228,-0.11112107743850035,-0.08209659880696717
2012-05-04,0.6941149370787499,0.01326093253369932,0.04547172467978562
2012-05-07,0.6937835771058478,0.011470628017476893,0.042777106383393916
2012-05-08,0.6928751880948898,-0.004389616090286613,0.037089389765737314
2012-05-09,0.6899457052875025,0.008537875545295155,0.05989017906868006
2012-05-10,0.6920460924517337,0.01021184992641323,0.07471132504122262
2012-05-11,0.6858914154381556,-0.014752385766719283,0.04753854896397334
2012-05-14,0.6572827065126532,-0.016777388855873487,0.038607039404460364
2012-05-15,0.6584440997609889,-0.018785807716846688,0.04272901180513067
2012-05-16,0.6562339617340157,-0.004283726714011766,0.0738332875479347
2012-05-17,0.6405211816963318,0.002993486185782645,0.08705732306943516
2012-05-18,0.6467539431287871,0.010723520574785365,0.0765656881328429
2012-05-21,0.6468439351750331,0.002025725250122098,0.06476211346643465
2012-05-22,0.6458183288720661,0.04733471171779877,0.1799190223502236
2012-05-23,0.6428531658201805,0.044459818113419564,0.17657400836320558
2012-05-24,0.6419316599757332,0.064177987730864,0.21359044523549875
2012-05-25,0.6416535453931927,0.07609087004714836,0.22727189631870248
2012-05-29,0.6446994556110192,0.06100199246030612,0.10187644414090322
2012-05-30,0.642949587338301,,
2012-05-31,0.6387740935889257,,
2012-06-01,0.6385561084369169,,
2012-06-04,0.6422064562524673,,
2012-06-05,0.6205534538122963,,
2012-06-06,0.612836886474515,,
2012-06-07,0.5958545733603373,,
2012-06-08,0.592897459995796,,
2012-06-11,0.5928194063719914,,
2012-06-12,0.5237067084446403,,
2012-06-13,0.5269851427915977,,
2012-06-14,0.5225156539330422,,
2012-06-15,0.5145964031319362,,
2012-06-18,0.5072172642473394,,
2012-06-19,0.5351366947489933,,
2012-06-20,0.53464819416443,,
2012-06-21,0.48040815712481777,,
2012-06-22,0.4965325663764929,,
2012-06-25,0.41395754289523606,,
2012-06-26,0.4144455931910332,,
2012-06-27,0.4247399771039446,,
2012-06-28,0.42076863835184924,,
2012-06-29,0.5567078345446032,,
2012-07-02,0.5480709783638261,,
2012-07-03,0.5569900085146783,,
2012-07-05,0.5357502254747151,,
2012-07-06,0.5566202241279409,,
2012-07-09,0.5468332418069313,,
2012-07-10,0.49960196893547676,,
2012-07-11,0.5026669141582502,,
2012-07-12,0.5247749263965712,,
2012-07-13,0.5788672019150701,,
2012-07-16,0.5800670817471606,,
2012-07-17,0.6082705488724561,,
2012-07-18,0.6193525650634355,,
2012-07-19,0.6209118437556828,,
2012-07-20,0.6365786799027692,,
2012-07-23,0.6593491394304679,,
2012-07-24,0.667675964148298,,
2012-07-25,0.6867573125912154,,
2012-07-26,0.7091007166460713,,
2012-07-27,0.7417563310988571,,
2012-07-30,0.7431935832432368,,
2012-07-31,0.743276133634437,,
2012-08-01,0.744011839510123,,
2012-08-02,0.750610619024648,,
2012-08-03,0.8003713033599616,,
2012-08-06,0.7984037247425874,,
2012-08-07,0.8015175723363848,,
2012-08-08,0.805855158418218,,
2012-08-09,0.8058357442403007,,
2012-08-10,0.8069729219350755,,
2012-08-13,0.845011538807823,,
2012-08-14,0.8449392028580909,,
2012-08-15,0.8446396318839235,,
2012-08-16,0.8465475950816715,,
2012-08-17,0.845567290699493,,
2012-08-20,0.8451586701104056,,
2012-08-21,0.8460054515269237,-0.08455827750099998,-0.07246052854282874
2012-08-22,0.8444007988128591,-0.06866192595238238,-0.015159947727005551
2012-08-23,0.8469511868017686,-0.14883970292668716,-0.07948128227628119
2012-08-24,0.8476580749620937,-0.14885186300289321,-0.07960526897523507
2012-08-27,0.847297049179594,-0.13868828880356643,-0.07845548469234567
2012-08-28,0.8470785533155086,-0.1424710924110805,-0.08014491607438018
2012-08-29,0.8470531619765336,-0.12711889643938376,-0.06721322809900329
2012-08-30,0.8506421211409144,-0.1194250963285001,-0.060248342672891184
2012-08-31,0.8512140696793254,-0.025901847417630155,0.02009621228671644
2012-09-04,0.8513174804598457,-0.027796107701404515,0.01871284580642778
2012-09-05,0.851425499352881,-0.02590965008924114,0.02011035086169574
2012-09-06,0.8629611570539526,0.006205652189449366,0.04516983091533024
2012-09-07,0.8602394641650477,0.025660697340134108,0.013479758646081925
2012-09-10,0.8619898654779027,0.05118195542484681,0.05174585794262624
2012-09-11,0.8605323384982396,0.05163138294932538,0.048386912651883454
2012-09-12,0.8605797502596102,0.05014214628679151,0.047394472348894184
2012-09-13,0.8630806731737151,0.14455313829893268,0.11104401005089683
2012-09-14,0.8718331693814642,0.15113137484515043,0.11319103843136757
2012-09-17,0.8723007092397297,0.16653514682097556,0.11666025436608374
2012-09-18,0.8701380842755747,0.16356597319420685,0.11823509848728372
2012-09-19,0.8707691509422496,0.16256665915059065,0.11782554909811759
2012-09-20,0.8964669309175967,0.16192209128350277,0.11574447429489373
2012-09-21,0.8957616930542255,0.16404741326048733,0.11965378950536804
2012-09-24,0.9178760160640476,0.16862842548995646,0.13000222613619608
2012-09-25,0.9250134927370288,0.1778983726156068,0.14356114100366288
2012-09-26,0.9266798639448403,0.19713959718669902,0.16328519705431835
2012-09-27,0.933543569081144,0.22450618761252017,0.2004787988117025
2012-09-28,0.9226409982645787,0.26162837239961084,0.24310944468087253
2012-10-01,0.9204637073775411,0.26343706411134515,0.24317858665926156
2012-10-02,0.9193181795586967,0.26747790023222884,0.24611213954796812
2012-10-03,0.9231457933677857,0.26584603305095095,0.24588508312719404
2012-10-04,0.9179983050914164,0.2738492693659084,0.24662516795014716
2012-10-05,0.9152475717638239,0.272900203532791,0.2567220549214445
2012-10-08,0.9116331771273094,0.27830837557020244,0.26666912080477767
2012-10-09,0.9179618828726454,0.30048256201419743,0.2899372028388825
2012-10-10,0.9115393963097733,0.302529103249308,0.28977530321072953
2012-10-11,0.9084199110536364,0.32272781954647856,0.301765762562608
2012-10-12,0.9064669443157929,0.32963921900446097,0.2988716540887734
2012-10-15,0.8960598009286836,0.2920949042295804,0.2969748822220242
2012-10-16,0.8812997164827808,0.3086247617104021,0.3040648051512403
2012-10-17,0.8860584132779957,0.30827432461103077,0.31214766865625004
2012-10-18,0.8803927200101906,0.3144855092414519,0.3143441455025241
2012-10-19,0.8340712232602753,0.36907599748232733,0.31155084007682643
2012-10-22,0.8299555190993764,0.37187540064474417,0.3126361586043537
2012-10-23,0.8112072984162249,0.3633092568142196,0.31331054031999417
2012-10-24,0.8014760269077271,0.3835200782183322,0.3242612211445849
2012-10-25,0.772780400818217,0.4107840181500154,0.36112665620027157
2012-10-26,0.7729214568900172,0.4109214981726278,0.3609695583367297
2012-10-31,0.778447963170289,0.4127567284503255,0.3608978006427177
2012-11-01,0.7619657459084396,0.40156239128134263,0.36072197915099036
2012-11-02,0.7505100499262086,0.39975860851681866,0.36067935128623924
2012-11-05,0.7133159145687562,0.43621626177813316,0.3916152805613915
2012-11-06,0.7073562565322704,0.42935394237685537,0.3986425976105864
2012-11-07,0.6878080421673457,0.42591039765197275,0.4072366526171142
2012-11-08,0.6883088732502644,0.4264176954758184,0.40710506538064667
2012-11-09,0.6887656847063004,0.42675026923768977,0.4089070028695353
2012-11-12,0.6888422571525312,0.42750578556791213,0.4091427340404908
2012-11-13,0.6902472732137854,0.4273557700738519,0.41047703360717935
2012-11-14,0.6902669186641787,0.4273977417693648,0.41065120209758577
2012-11-15,0.690297604354669,0.427876269743397,0.4121220043081849
2012-11-16,0.6827512770150519,0.4350732133644399,0.43002648410353306
2012-11-19,0.6836739470593085,0.4357015938320709,0.4338034279300963
2012-11-20,0.6840534846384995,0.4357201678133123,0.434641375343179
2012-11-21,0.6825939387070317,0.45041648356406205,0.45307790615222054
2012-11-23,0.6645782448184413,0.4405651738314418,0.4454128931939512
2012-11-26,0.6537031289821827,0.4787364916191329,0.48638628131687106
2012-11-27,0.644484042217814,0.4801822329758047,0.4911145754625002
2012-11-28,0.6380125373878431,0.4746907570269485,0.4967057826832694
2012-11-29,0.6363900482751494,0.4730149170247918,0.4966930183712995
2012-11-30,0.6363633926521106,0.47904781301597366,0.5023235986779346
2012-12-03,0.6222386533999199,0.4799153742256963,0.5104576401516122
2012-12-04,0.6182247483098701,0.4983910334148067,0.5013627890012101
2012-12-05,0.6178484051171945,0.49917572749398675,0.5023511194768155
2012-12-06,0.6167021427194659,0.4976167215098057,0.5020219807544393
2012-12-07,0.524905195392549,0.5086252221011827,0.5434973065226288
2012-12-10,0.5290444772846772,0.5424503108737696,0.6430187993514268
2012-12-11,0.5175051213095898,0.5277679758418071,0.6289575224307312
2012-12-12,0.5208723025955649,0.5258282251761185,0.636862027968906
2012-12-13,0.5126306714117939,0.521574248790907,0.6390368888787533
2012-12-14,0.439070475591324,0.43256538128543587,0.5448151531559673
2012-12-17,0.4204694584428911,0.4156105598934734,0.540339500051639
2012-12-18,0.47268094928255633,0.4031089043312912,0.518460927340569
2012-12-19,0.4831511571130871,0.4180053051157186,0.5238218027045641
2012-12-20,0.48195397627928843,0.4168843560190315,0.5238938638897418
2012-12-21,0.5067244568653732,0.4070971270562617,0.4974241331378238
2012-12-24,0.5081858214658422,0.4090674647809908,0.496826739302073
2012-12-26,0.5137276055045673,0.4076275189070658,0.4668441921028628
2012-12-27,0.4786800314490986,0.40711805357203823,0.48560415808750595
2012-12-28,0.49902927383967605,0.3823030033070585,0.4403788749312919
2012-12-31,0.5540324463860073,0.3257631864511669,0.2220045628668145
2013-01-02,0.6628198590692447,0.29590456970686874,0.1693024292977301
2013-01-03,0.6654750524857297,0.29226259225553664,0.17168950028445404
2013-01-04,0.6580949671772411,0.29345850251697536,0.17165693663553336
2013-01-07,0.6554201496115398,0.28714398918706735,0.1600453042626294
2013-01-08,0.6536800598164453,0.26173451535218745,0.14226387877437455
2013-01-09,0.6577876611653423,0.2702022455218516,0.12091991855388164
2013-01-10,0.664279779532418,0.26493798712046146,0.09860714504789925
2013-01-11,0.6491496147424195,0.22429141198904218,0.014215940471346257
2013-01-14,0.651776057841399,0.22216235782071395,0.01165691384617713
2013-01-15,0.6474923860568167,0.2260469478108626,0.010700665309594242
2013-01-16,0.6451298407140403,0.21461948619232613,0.009874615133345041
2013-01-17,0.6558551275317287,0.3625692896421094,0.006714546171481565
2013-01-18,0.6643195099684651,0.3251077353774616,0.012084734427110427
2013-01-22,0.6662435203684854,0.32182316823903845,0.013419573184617315
2013-01-23,0.6638959001959943,0.32155592465712496,0.012359568073975858
2013-01-24,0.6704600395519184,,
2013-01-25,0.6732359179817957,,
2013-01-28,0.697790197155442,,
2013-01-29,0.6981693500601681,,
2013-01-30,0.69948658825889,,
2013-01-31,0.7007449375941068,,
2013-02-01,0.7118088812558634,,
2013-02-04,0.7318011492596685,,
2013-02-05,0.7315709407477817,,
2013-02-06,0.7318247881780051,,
2013-02-07,0.738628547441387,,
2013-02-08,0.7601149955844783,,
2013-02-11,0.7599098966917474,,
2013-02-12,0.7564674617453606,,
2013-02-13,0.7544627842375737,,
2013-02-14,0.7545427488162897,,
2013-02-15,0.7554335197948765,,
2013-02-19,0.7591524144099611,,
2013-02-20,0.7780674196167661,,
2013-02-21,0.7747285406921162,,
2013-02-22,0.7638309528603087,,
2013-02-25,0.7154820060261975,,
2013-02-26,0.7282855181518395,,
2013-02-27,0.7127598333252606,,
2013-02-28,0.7157508074965863,,
2013-03-01,0.7210725909596919,,
2013-03-04,0.7204260088015505,,
2013-03-05,0.7256911908114656,,
2013-03-06,0.728239511820179,,
2013-03-07,0.728413356534393,,
2013-03-08,0.7280979066190489,,
2013-03-11,0.7292893062862722,,
2013-03-12,0.7312489265264515,,
2013-03-13,0.7308800424465933,,
2013-03-14,0.7358937955280912,,
2013-03-15,0.7366275932095852,,
2013-03-18,0.7415459292031921,,
2013-03-19,0.7444292266618969,,
2013-03-20,0.761779692696852,,
2013-03-21,0.7616086014215913,,
2013-03-22,0.7647715457429105,,
2013-03-25,0.7692717661705819,,
2013-03-26,0.7626475719306081,,
2013-03-27,0.7615463259764947,,
2013-03-28,0.7588566914606962,,
2013-04-01,0.7613084102640488,,
2013-04-02,0.7514473234899911,,
2013-04-03,0.7360998059450644,,
2013-04-04,0.6436160542455194,,
2013-04-05,0.6478279928334355,,
2013-04-08,0.6623262793501542,,
2013-04-09,0.6638531996183251,,
2013-04-10,0.6827287192642755,,
2013-04-11,0.6814710073776844,,
2013-04-12,0.6762101226248132,,
2013-04-15,0.7332380965235612,,
2013-04-16,0.750175869557575,,
2013-04-17,0.774596132270095,,
2013-04-18,0.7770022334114746,,
2013-04-19,0.7679236336581992,,
2013-04-22,0.7682263606475266,,
2013-04-23,0.7585790750714391,,
2013-04-24,0.7620702936272289,,
2013-04-25,0.7827405978358838,,
2013-04-26,0.7804321643310852,,
2013-04-29,0.7853181481877265,,
2013-04-30,0.7824478760046888,,
2013-05-01,0.7833584356752222,,
2013-05-02,0.7866692370666661,,
2013-05-03,0.7864677361850941,,
2013-05-06,0.782668201208544,,
2013-05-07,0.7902347703050057,,
2013-05-08,0.7909544939454506,,
2013-05-09,0.7914008596933608,,
2013-05-10,0.790257419144467,,
2013-05-13,0.7902074337057552,,
2013-05-14,0.7941875326948893,,
2013-05-15,0.7952686098775558,,
2013-05-16,0.7940086521283308,,
2013-05-17,0.7979044949115072,,
2013-05-20,0.7957664183842025,,
2013-05-21,0.7819324424944548,,
2013-05-22,0.7894776706840145,,
2013-05-23,0.8010936837395212,,
2013-05-24,0.8521391516966009,,
2013-05-28,0.858860103879256,,
2013-05-29,0.8826309385375742,,
2013-05-30,0.8832436376353424,,
2013-05-31,0.8857471794068863,,
2013-06-03,0.887959025796595,,
2013-06-04,0.8888494234908814,,
2013-06-05,0.8907097742309918,,
2013-06-06,0.8802992863313612,,
2013-06-07,0.8613520802052895,,
2013-06-10,0.8610459272783221,,
2013-06-11,0.8467721232418859,,
2013-06-12,0.8393530749203578,,
2013-06-13,0.813532559845992,,
2013-06-14,0.8090704184298882,,
2013-06-17,0.8032351295356037,,
2013-06-18,0.796789805202173,,
2013-06-19,0.7751729661361847,,
2013-06-20,0.7181380597426684,,
2013-06-21,0.7130822926953783,,
2013-06-24,0.7005159250246176,,
2013-06-25,0.6897906955049381,,
2013-06-26,0.6824456156152773,,
2013-06-27,0.6793754555714809,,
2013-06-28,0.677474560578366,,
2013-07-01,0.6742907077587802,,
2013-07-02,0.6649198355474387,,
2013-07-03,0.6659342917029887,,
2013-07-05,0.6562496198423458,,
2013-07-08,0.6510073664997652,,
2013-07-09,0.648511572970189,,
2013-07-10,0.6413585167381746,,
2013-07-11,0.6518019922189654,,
2013-07-12,0.6488687446467456,,
2013-07-15,0.5909057436558931,,
2013-07-16,0.5689903114771278,,
2013-07-17,0.5303798035630072,,
2013-07-18,0.5149068369300346,,
2013-07-19,0.49764998650424586,,
2013-07-22,0.49932670646520666,,
2013-07-23,0.5081936015988925,,
2013-07-24,0.5009352911352424,,
2013-07-25,0.5010130561246923,,
2013-07-26,0.49752665360476916,,
2013-07-29,0.49362719616903217,,
2013-07-30,0.491490682254881,,
2013-07-31,0.47940366729013956,,
2013-08-01,0.48511381737843834,,
2013-08-02,0.4643958940844858,,
2013-08-05,0.4638000626800394,,
2013-08-06,0.47702086358293944,,
2013-08-07,0.47616657899147746,,
2013-08-08,0.4763769395371713,,
2013-08-09,0.4786260002611551,,
2013-08-12,0.47645629794039435,,
2013-08-13,0.46705837714521614,,
2013-08-14,0.47134297394533003,,
2013-08-15,0.4986446068523951,,
2013-08-16,0.48042241073616404,-0.05551826550106831,-0.006030759701081579
2013-08-19,0.47890040900327724,0.02492002296889765,-0.0009246208799062043
2013-08-20,0.4764637653823243,0.058348234497556085,-0.0034978034864813993
2013-08-21,0.46258313241978116,0.09039570423092806,-0.0017712086574068094
2013-08-22,0.45411292034916834,0.15709342855665911,-0.007987972059672659
2013-08-23,0.4526646611655978,0.12737295212180164,-0.014138203520070676
2013-08-26,0.4446915859957759,0.11469873517218553,-0.012458917315004672
2013-08-27,0.4244064128388228,-0.014360981838558946,-0.01905596633155628
2013-08-28,0.4196299398439746,-0.015104721087432025,-0.014944289379065799
2013-08-29,0.3811469950286907,-0.028088785635884416,-0.01815707596458138
2013-08-30,0.3795611676825938,-0.002611173026403532,-0.010810293301067647
2013-09-03,0.3705178250460495,0.030855694071084138,-0.018915947674948294
2013-09-04,0.3234631645827807,-0.03364703501107936,-0.013823563323201326
2013-09-05,0.32940233477203457,-0.035117663399049794,-0.001660326694682624
2013-09-06,0.34104749268630447,-0.03126278510810544,-0.009103788931914126
2013-09-09,0.3676186218964514,-0.0393509648545465,-0.02391765941076023
2013-09-10,0.37843448809338154,-0.08361981868870368,-0.0685861932015974
2013-09-11,0.3742529263791407,-0.08485116620551332,-0.06779261983759677
2013-09-12,0.39497353179913525,-0.03646065538258259,-0.0290912522872228
2013-09-13,0.3947430543349857,-0.03458798246396312,-0.029042018225573153
2013-09-16,0.38784241686360277,-0.053411876159340725,-0.008276742559126611
2013-09-17,0.39995722852342686,-0.053991453072645086,-0.004548904381324138
2013-09-18,0.4409530074920022,0.0875012209265478,0.1900902841581195
2013-09-19,0.4838572484324139,0.10127388071851041,0.18893800330950555
2013-09-20,0.4962893150610709,0.15863168665808766,0.22139397683443837
2013-09-23,0.5148419446424808,0.17098709745272744,0.22380899304332114
2013-09-24,0.5294361097210429,0.17068291133091085,0.2234456805204844
2013-09-25,0.5500611494960671,0.16003465588994084,0.2055207269701473
2013-09-26,0.5584013402689576,0.15291849848063824,0.18402973583361973
2013-09-27,0.561272231207494,0.13636474597170425,0.17443012256710724
2013-09-30,0.5732478346366764,0.14545330132073034,0.18037765670637548
2013-10-01,0.5866694859451094,0.14171739221828514,0.17241441018834097
2013-10-02,0.5873634456434071,0.14143813508687325,0.17229921135777046
2013-10-03,0.6332915329729362,0.13905681841301082,0.1621129575317004
2013-10-04,0.6505714063833272,0.13852163295241215,0.16066295465790392
2013-10-07,0.6766678291590962,0.13534927464337318,0.1556506283767984
2013-10-08,0.6858115389596263,0.1296061513986144,0.15327844245521527
2013-10-09,0.6501221192260016,0.1336698148159804,0.1682392075075368
2013-10-10,0.5840282950640151,0.12322968708560877,0.1684270989833322
2013-10-11,0.5768776775116777,0.12290646943846624,0.1682604559551978
2013-10-14,0.5731496935845964,0.12386262181501284,0.16863075001123146
2013-10-15,0.5675547179601468,0.12150816612186333,0.16848822275121655
2013-10-16,0.6064717743951321,0.11885836427365384,0.16590533501749438
2013-10-17,0.6459884897036529,0.1185896585415984,0.17383255973802517
2013-10-18,0.6398525373213889,0.11832595915350269,0.16387577690845115
2013-10-21,0.6439128344304932,0.11870469795285464,0.16891517718591953
2013-10-22,0.6489723683003102,0.11955175215173833,0.16889660714567128
2013-10-23,0.6549505909251893,0.11822477415777974,0.16571235759644462
2013-10-24,0.6588686372919197,0.11831871121916467,0.16583961632674724
2013-10-25,0.6590176214772298,0.11911821760730068,0.16589005265417717
2013-10-28,0.6629207462451542,0.11928626423415226,0.16580883459705265
2013-10-29,0.663715297012412,0.11935592295788953,0.16582169869562136
2013-10-30,0.650231326729194,0.11936918582178081,0.16810991573223247
2013-10-31,0.6543489078015668,0.11866377810343252,0.16774470598404415
2013-11-01,0.6540654432970341,0.11909304616187144,0.16771687676611388
2013-11-04,0.6476581367588256,0.12077296181930773,0.17140481901709168
2013-11-05,0.6428657307589857,0.12079350560775352,0.17231045417090612
2013-11-06,0.6367029481556843,0.12072175508390272,0.17244099200245988
2013-11-07,0.6541199558595477,0.11628305627543707,0.1690979564938107
2013-11-08,0.6343839534688315,0.11476367359303986,0.16885902623277224
2013-11-11,0.6351805057091416,0.11455594297084053,0.16936591679644147
2013-11-12,0.6306229451719984,0.11537926143841346,0.17104934410812103
2013-11-13,0.6126544721186186,0.12114755456884477,0.17367590261409926
2013-11-14,0.6139999677226438,0.1284848368945877,0.17641100658204925
2013-11-15,0.6170715311369501,0.12278559864905338,0.17536604983557205
2013-11-18,0.6195857452383057,0.11882690511534252,0.16864818827602507
2013-11-19,0.6248704026656672,0.11487849022447798,0.16665030668320066
2013-11-20,0.6377420767720512,0.10357875853000155,0.1679307423699569
2013-11-21,0.6466686306119811,0.09770245537993222,0.17496522697463987
2013-11-22,0.6494513998429129,0.10535398182246544,0.17737055355520512
2013-11-25,0.6766348982005934,0.16334769456977039,0.18360057485280734
2013-11-26,0.6723312212627374,0.16263532064555802,0.18443331956567746
2013-11-27,0.6684565056333627,0.1631306466893498,0.18283247907855227
2013-11-29,0.6588917523506301,0.15295405549598873,0.18043985700224677
2013-12-02,0.6651930228019292,0.14302582364404381,0.18875026452722543
2013-12-03,0.6769344108768339,0.16764564853324002,0.18500162233583403
2013-12-04,0.6772202532120676,0.17239069629382006,0.1825575903086476
2013-12-05,0.6785847503652387,0.17882277386098844,0.19437496586065994
2013-12-06,0.6759370534101561,0.18263725283766968,0.20178060732808095
2013-12-09,0.6730225998505709,0.21977197120357042,0.22958014362354995
2013-12-10,0.6794174448018628,0.21823681017440377,0.2298252352804348
2013-12-11,0.7006979321314256,0.20198691910772112,0.22365658875776662
2013-12-12,0.7033064132448041,0.2009841085780065,0.2232260732342205
2013-12-13,0.7172808953079551,0.2247987962329764,0.21108883673141718
2013-12-16,0.7188601323851298,0.22348135607522843,0.2108970919037015
2013-12-17,0.7054552281890019,0.09412201642135849,0.018470730407709492
2013-12-18,0.72850372827058,0.09202320930173508,0.022873512335315708
2013-12-19,0.725202367043916,-0.07418523645310779,-0.1333552918513284
2013-12-20,0.7239442119971555,-0.09757344535787126,-0.1477107526852538
2013-12-23,0.7226656973260588,-0.09445525054463869,-0.14407784051581413
2013-12-24,0.7199088962931632,-0.06061589205975444,-0.1030479091556709
2013-12-26,0.7217239068835161,-0.04075670855415875,-0.0286816270141116
2013-12-27,0.7204219600085755,0.09801031813867236,0.03555304439531274
2013-12-30,0.7183296950158058,-0.12439087521867843,-0.19649130355342087
2013-12-31,0.7143168249400228,,
2014-01-02,0.7259040623641233,,
2014-01-03,0.7042174146363802,,
2014-01-06,0.7015318771113135,,
2014-01-07,0.690751165272192,,
2014-01-08,0.6816593307899685,,
2014-01-09,0.6796313274916257,,
2014-01-10,0.7606939566916076,,
2014-01-13,0.7945950085497558,,
2014-01-14,0.8028623998778137,,
2014-01-15,0.8120987791813761,,
2014-01-16,0.8079284178849246,,
2014-01-17,0.809145764999762,,
2014-01-21,0.8117894595920722,,
2014-01-22,0.8119782477457652,,
2014-01-23,0.8147053533334551,,
2014-01-24,0.844039319036215,,
2014-01-27,0.8430702769136741,,
2014-01-28,0.8340419712870383,,
2014-01-29,0.8391970689861119,,
2014-01-30,0.8214222034423913,,
2014-01-31,0.817167750205408,,
2014-02-03,0.7070716851872557,,
2014-02-04,0.7076414035822807,,
2014-02-05,0.7077823808638031,,
2014-02-06,0.6932254512748451,,
2014-02-07,0.6814314207899472,,
2014-02-10,0.6713609905017882,0.024684828432725004,-0.010729132403018158
2014-02-11,0.6772554913205037,0.17408094657906595,-0.01399896413595935
2014-02-12,0.6771964109017226,0.17410576058839414,-0.014480137396415396
2014-02-13,0.6797059856482673,0.18750734134679592,0.04351831525666751
2014-02-14,0.673108274819036,0.20120384379641432,0.0567603663422611
2014-02-18,0.6708832408811989,0.20482721157466094,0.06384384738805277
2014-02-19,0.6754091530246435,0.23439148000771942,0.11921613887398606
2014-02-20,0.6803970027552254,0.2499433965403858,0.13927389037148383
2014-02-21,0.6799967160234703,0.24970706020660344,0.13887390160660534
2014-02-24,0.6813194070430874,0.260810697255629,0.16130022503628302
2014-02-25,0.6749295358242596,0.2666570077276518,0.16907848329480896
2014-02-26,0.6724044930791118,0.2553796009078577,0.17238196186440105
2014-02-27,0.6764971086959476,0.25399158826220114,0.17218218369352215
2014-02-28,0.6776266347492373,0.24273549959687543,0.1782567625886584
2014-03-03,0.6848197694895048,0.1275390140992221,0.058204621188789156
2014-03-04,0.7072988747025514,0.03724305522869849,-0.030631425400294694
2014-03-05,0.7060143445527296,0.03634600832998916,-0.031086365243162783
2014-03-06,0.7052712565437459,0.04013171916806367,-0.03680615241586111
2014-03-07,0.7020410079704786,0.03943573288405093,-0.011093063949825076
2014-03-10,0.70177239143952,0.03804066403502312,-0.01194560242584476
2014-03-11,0.6976275681464652,0.031461538058183705,-0.019483256931289855
2014-03-12,0.6955664137463238,0.029968550447126308,0.006162588514757022
2014-03-13,0.7085943134970077,0.017929537558170457,-0.008508572584271628
2014-03-14,0.6969097528339129,0.005678231276923777,-0.022507227111747016
2014-03-17,0.6888735912017496,-0.034932965160232,-0.022341725486884945
2014-03-18,0.6847305851817763,-0.05505583537344553,-0.021916066464960804
2014-03-19,0.6789819831767909,-0.009022536400056267,-0.016927839629226015
2014-03-20,0.6757085288904041,-0.014226348073145245,-0.017411412661986255
2014-03-21,0.6540652854033152,-0.016349590083951242,-0.014343053129619296
2014-03-24,0.6521111423504444,-0.002655136077148846,-0.014998616918708421
2014-03-25,0.6482072367074192,-0.0024330081343480474,-0.012606019207604624
2014-03-26,0.6421112869118841,0.00028583063937233344,-0.01003734394348388
2014-03-27,0.6413532401275981,0.0012153633933281094,-0.009913002317749895
2014-03-28,0.6375245477426362,0.0012488729575863998,-0.009030277664001394
2014-03-31,0.6334300608654102,-0.0005299769125213333,-0.00972929615064581
2014-04-01,0.6307254450652726,-0.0019750190795864617,-0.010140853122098937
2014-04-02,0.6279906185673733,-0.0016819169499767805,-0.008433782674622508
2014-04-03,0.6178115248404307,-0.0034889269967545524,-0.01075262217370182
2014-04-04,0.61075973894652,-0.000950292339927953,-0.012933070448203998
2014-04-07,0.5992270246364918,0.0007667786611174007,-0.014027234605641394
2014-04-08,0.5936853639500054,0.0011915938688603618,-0.011628467324665494
2014-04-09,0.5871249680359206,-0.0009998163984892906,-0.011007783085119465
2014-04-10,0.5573686668204206,0.0032962549915633837,-0.012007091640658895
2014-04-11,0.5505850452572734,0.005553960375491711,-0.011097293315905083
2014-04-14,0.5219915975254984,0.0014499209358912618,-0.01634461864089508
2014-04-15,0.5072118819239873,0.0022577888030600596,-0.011710329539402393
2014-04-16,0.49905834637185964,0.0012364770516133739,-0.009078614149109763
2014-04-17,0.4997009914660581,0.0007061359150998791,-0.009038309336120869
2014-04-21,0.49653079303728076,-0.0008121340395334599,-0.011188701334117462
2014-04-22,0.5001979676947723,-0.001126373775556956,-0.008636056857420372
2014-04-23,0.5005617803772172,-0.0005376126047107822,-0.007696749090436902
2014-04-24,0.49614090058687615,-0.002564768007817476,-0.008991259717336539
2014-04-25,0.39420665804247956,-0.005417193850973533,-0.019667290187083887
2014-04-28,0.38847969573585533,-0.007116834372381086,-0.02544967031241626
2014-04-29,0.3909011231327065,-0.006856829146834848,-0.025732366320277714
2014-04-30,0.3643413163620459,-0.009605802295997631,-0.03050272769635748
2014-05-01,0.36943731361911786,-0.007483697930491969,-0.03050272769635748
2014-05-02,0.37116125019591706,-0.008473834601292557,-0.03050272769635748
2014-05-05,0.43394569881960815,-0.018225777281299912,-0.03050272769635748
2014-05-06,0.42681399808064474,-0.015746247983940708,-0.03050272769635748
2014-05-07,0.42493381178712175,-0.017136692430153366,-0.03050272769635748
2014-05-08,0.43522455109040703,-0.014120157394994504,-0.03050272769635748
2014-05-09,0.44682535187008404,-0.011654661693573855,-0.03050272769635748
2014-05-12,0.4685660527822711,-0.015174075376651141,-0.032278375741451974
2014-05-13,0.4799167775153826,-0.0621058182230457,-0.030908081562153838
2014-05-14,0.48870130756934027,-0.0608542406575151,-0.02894176655200919
2014-05-15,0.5051078588997894,-0.07499726138304393,-0.0588392447677585
2014-05-16,0.5028785192420915,-0.1064584609295912,-0.0780810642915992
2014-05-19,0.5073100017171616,-0.10699902389554876,-0.08363212447072185
2014-05-20,0.5015644177427795,-0.13635450839242885,-0.13031176522524726
2014-05-21,0.5120437537835337,-0.16442425578297765,-0.16267482260969193
2014-05-22,0.5115569611469301,-0.16449939600934696,-0.16173180573335708
2014-05-23,0.5068440480534234,-0.1956885277592055,-0.20417665186439107
2014-05-27,0.5101690427093724,-0.1934312550003242,-0.18884904389963134
2014-05-28,0.5100181272946511,-0.19962581713991642,-0.2003014421083914
2014-05-29,0.5098366167217556,-0.2011898068483311,-0.2032141270655864
2014-05-30,0.5120879592441421,-0.19847687136225667,-0.20966508404298032
2014-06-02,0.495607557553851,-0.1437571760247809,-0.112644026442161
2014-06-03,0.44686204847387084,-0.06044850562001201,0.007218224490696453
2014-06-04,0.4480235280859653,-0.060762899427240266,0.0039305530078159396
2014-06-05,0.46263990660846793,-0.07339038031996936,0.01955492277754238
2014-06-06,0.4742366523942,-0.07596982981843371,-0.022488832805848975
2014-06-09,0.4736410647588951,-0.07554327327147972,-0.022831830185994176
2014-06-10,0.46404445562971264,-0.05520254713618373,0.0069627835256065515
2014-06-11,0.4675900494664888,-0.05907601225774961,-0.04361043704852115
2014-06-12,0.4386170106325542,-0.026837182818950096,0.020250877918184827
2014-06-13,0.43589361264559506,-0.004824802598420157,0.05483741021570336
2014-06-16,0.4478564036646925,0.07249703146388473,0.04579294740926638
2014-06-17,0.4553531011813533,0.12352861640290436,0.037239698224315526
2014-06-18,0.46612463250132175,0.024674794312163007,0.019603568931541606
2014-06-19,0.47155450487747863,0.018769002491474535,-0.04928594165470962
2014-06-20,0.47066274830754284,0.028803484291561068,-0.045373267336061465
2014-06-23,0.47029985582802347,-0.0012462388173398672,-0.05840729963448426
2014-06-24,0.4785775666598092,-0.0021383434508099966,-0.059853885618162794
2014-06-25,0.48456471165248793,-0.005991751249697112,-0.06190514986522387
2014-06-26,0.4838089031606331,-0.00420770913783446,-0.06077671865887919
2014-06-27,0.488698501300203,-0.0036088762419409005,-0.06422381622755206
2014-06-30,0.5008881435907269,-0.009805887351497377,-0.05793773536888892
2014-07-01,0.5219669453967516,-0.019448692378880666,-0.08338389439976787
2014-07-02,0.5257666161066996,-0.01857661382271697,-0.08437355284785358
2014-07-03,0.5299930712952797,-0.031203225275717394,-0.10314495548441323
2014-07-07,0.5445965688140654,-0.032090880587859284,-0.09654837226094007
2014-07-08,0.5708159156730599,-0.03639000036985887,-0.08869374589962051
2014-07-09,0.5786269243156658,-0.02289125866290153,-0.06206046410902882
2014-07-10,0.6090073989791704,-0.034093699686582435,-0.07832349559534862
2014-07-11,0.6829449156660795,-0.05190817566683432,-0.07429313691644818
2014-07-14,0.703959053605125,-0.10727736736168107,-0.1278986514968148
2014-07-15,0.7277272319419946,-0.08447384124066327,-0.09496684507792841
2014-07-16,0.7461376688124957,-0.07901825955814232,-0.09020333289046013
2014-07-17,0.8149163161240701,-0.1915298152463189,-0.20547260067357118
2014-07-18,0.8287352871158356,-0.22474058061024021,-0.24699852504152536
2014-07-21,0.8347628255133224,-0.22584495304797486,-0.24859546703087676
2014-07-22,0.8448880406427686,-0.23376963555950425,-0.2577583851903514
2014-07-23,0.8437215281427953,-0.23616497555691318,-0.2596588297022476
2014-07-24,0.8455484801222972,-0.23198851876927012,-0.2511141905088603
2014-07-25,0.8663562001900611,-0.23730580364389084,-0.24865077449472142
2014-07-28,0.8710377415489565,-0.23723807101982794,-0.2487580023428169
2014-07-29,0.8802413709317396,-0.234503186554981,-0.24792027697352986
2014-07-30,0.8828280683063351,-0.23441125597552395,-0.24835899903930708
2014-07-31,0.9074046244975674,-0.20072108842664016,-0.22000463005378826
2014-08-01,0.8860964827417065,-0.19996336627490086,-0.2075370380834066
2014-08-04,0.8720132453331125,-0.19824357832414727,-0.2075370380834066
2014-08-05,0.8677963518122784,-0.19701275825428227,-0.2075370380834066
2014-08-06,0.8782905547759033,-0.19785385542815606,-0.2075370380834066
2014-08-07,0.8392470372381537,-0.18574168564662202,-0.2075370380834066
2014-08-08,0.8116429866580384,-0.18197652503896053,-0.2075370380834066
2014-08-11,0.7992642093917802,-0.18480539426600048,-0.21355743446072817
2014-08-12,0.7994890470543848,-0.1843837784320194,-0.21343589585798547
2014-08-13,0.7850080937071202,-0.18521200777615693,-0.21573409457299825
2014-08-14,0.7706350090124402,-0.19040294527137977,-0.22039232248049362
2014-08-15,0.7698879293777003,-0.19027024963742195,-0.22090719177160292
2014-08-18,0.7713508962606044,-0.18841521352971988,-0.22121155742247822
2014-08-19,0.7712433614526975,-0.19145282229396665,-0.22252081553019337
2014-08-20,0.7620596702386327,-0.19343357375272355,-0.22470446375368544
2014-08-21,0.7616909382295557,-0.19340482379661633,-0.22491250617671696
2014-08-22,0.7588256266662613,-0.1929253346834557,-0.226173811059655
2014-08-25,0.7575735557706782,-0.1933283016726382,-0.23185708549531683
2014-08-26,0.7580102286528458,-0.1936229616209224,-0.23327469614202825
2014-08-27,0.7549828875421036,-0.19387110383154307,-0.2342043139574287
2014-08-28,0.7558208312900596,-0.19355851022852572,-0.23386288373576164
2014-08-29,0.7578139466600186,-0.19354094689783286,-0.23418300076515677
2014-09-02,0.7554817541542389,-0.1935460920856891,-0.2344867413783536
2014-09-03,0.7505753689837906,-0.19323319387823346,-0.2311300048192674
2014-09-04,0.7451162305245236,-0.19385732646814197,-0.23317125547235307
2014-09-05,0.7445777534740351,-0.1939474158195725,-0.23347372876914563
2014-09-08,0.7413055515776674,-0.19298711888666606,-0.23383884264350832
2014-09-09,0.7487940378091941,-0.18978555850563003,-0.22816184416148158
2014-09-10,0.7508487279267418,-0.19091926010395513,-0.22607928236212543
2014-09-11,0.7408366720224474,-0.19503731683710704,-0.23220914098754714
2014-09-12,0.7447418233344086,-0.19205062880731816,-0.22956987885371544
2014-09-15,0.742861340800851,-0.19177802461218094,-0.22752637157830785
2014-09-16,0.7318283478908634,-0.1900898846138156,-0.22744114891270095
2014-09-17,0.7272769708864831,-0.1917181744361628,-0.22814463695702272
2014-09-18,0.7220064451911378,-0.2760078279953459,-0.288864856473001
2014-09-19,0.7219347059668875,-0.27386441283662316,-0.2886123192673211
2014-09-22,0.7113905721604493,-0.2701323671179671,-0.2892978065148222
2014-09-23,0.709263561527906,-0.2664153402446982,-0.2885849866049292
2014-09-24,0.6939301580260504,-0.26343486407216044,-0.29235688704592633
2014-09-25,0.6536409760589146,-0.25060475723146464,-0.29251809845560284
2014-09-26,0.6432364376093058,-0.24603897702454247,-0.2928834916811951
2014-09-29,0.6437365528232823,-0.25496921474563233,-0.3195033654767476
2014-09-30,0.6339479186881098,-0.2486340004701977,-0.31305099644607276
2014-10-01,0.629526894816131,-0.24839468651848265,-0.31365502380703947
2014-10-02,0.6240940441571691,-0.23883057513120917,-0.3019145210661712
2014-10-03,0.6080836205469389,-0.23406454508510074,-0.30445435490593187
2014-10-06,0.5997764155900775,-0.23375773205313213,-0.31178523682832116
2014-10-07,0.594759264597791,-0.25733268259261893,-0.35759905980087414
2014-10-08,0.5585276379110403,-0.22921195592329888,-0.35015104160736094
2014-10-09,0.5610279886699306,-0.2318329127720839,-0.3670289310612288
2014-10-10,0.5553939251140496,-0.23656841412602583,-0.37781650595348665
2014-10-13,0.55441555948086,-0.2804336258619797,-0.45888719955479684
2014-10-14,0.5514028673190511,-0.2979981993646739,-0.48682566983666925
2014-10-15,0.516876531518843,-0.2003807343578597,-0.40784302762868924
2014-10-16,0.4850464180543469,-0.07581171719717694,-0.15035082774980876
2014-10-17,0.4843309476849287,-0.06718185952707456,-0.1467843284787053
2014-10-20,0.47802351778575003,-0.008068699913802097,-0.014240111211866713
2014-10-21,0.44965247747086284,0.006024050109685172,0.02384178353035059
2014-10-22,0.44759443787325404,,
2014-10-23,0.43419514690856875,,
2014-10-24,0.43149901807004837,,
2014-10-27,0.42874460719036867,,
2014-10-28,0.46989459089219054,,
2014-10-29,0.32561649002370363,,
2014-10-30,0.3367947078252138,,
2014-10-31,0.3909736327041236,,
2014-11-03,0.39241227617093494,,
2014-11-04,0.4007635839639003,,
2014-11-05,0.4104060118556721,,
2014-11-06,0.425528249469991,,
2014-11-07,0.4266630488007443,,
2014-11-10,0.42679077816568184,,
2014-11-11,0.4296917226048167,,
2014-11-12,0.4298237659941415,,
2014-11-13,0.42463638595304737,,
2014-11-14,0.40403201581120934,,
2014-11-17,0.39528826313660315,,
2014-11-18,0.40630481098311455,,
2014-11-19,0.40988673686954613,,
2014-11-20,0.4102904775301537,,
2014-11-21,0.4073624114832198,,
2014-11-24,0.402992322393727,,
2014-11-25,0.4008439790067972,,
2014-11-26,0.3965550755457121,,
2014-11-28,0.38177932246350027,,
2014-12-01,0.4198477874229515,,
2014-12-02,0.4270130915076515,,
2014-12-03,0.4255562472514002,,
2014-12-04,0.42290506173919806,,
2014-12-05,0.4274195579051124,,
2014-12-08,0.42677069480153484,,
2014-12-09,0.42231397007468974,,
2014-12-10,0.5157532624205456,,
2014-12-11,0.5082560506919056,,
2014-12-12,0.5508351917401827,,
2014-12-15,0.5541299690516301,,
2014-12-16,0.5525831433688821,,
2014-12-17,0.5195772038033147,,
2014-12-18,0.46986458156532196,,
2014-12-19,0.47123862611384004,,
2014-12-22,0.4710698415323567,,
2014-12-23,0.4757308420873285,,
2014-12-24,0.49407839124629643,,
2014-12-26,0.4985097237715449,,
2014-12-29,0.49851210754698144,,
2014-12-30,0.49684132290438193,,
2014-12-31,0.49173996242073537,,
2015-01-02,0.4917513426053963,,
2015-01-05,0.47845866578833923,,
2015-01-06,0.4737818372303942,,
2015-01-07,0.46195485839583433,,
2015-01-08,0.4596095387760408,,
2015-01-09,0.45696563110688965,,
2015-01-12,0.454496570107491,,
2015-01-13,0.4544878494715451,,
2015-01-14,0.45339537459787294,,
2015-01-15,0.4533408098900529,-0.07006817733835635,-0.018597544560719607
2015-01-16,0.4427467832866382,0.022281249971749482,-0.02544735217273313
2015-01-20,0.44216455026571816,0.026020700648508383,-0.03140569832962255
2015-01-21,0.4400194343056348,0.024339329180980293,-0.031562092175633244
2015-01-22,0.44842688985349133,0.08306905288264461,-0.03556138617961708
2015-01-23,0.4477257120969144,0.1071498699584579,-0.02951397265035905
2015-01-26,0.45557000551564303,0.0999121688809081,-0.022464888096844462
2015-01-27,0.4529754725785887,0.027964457389656076,-0.027418356269950424
2015-01-28,0.4528797290915523,0.04141610975328264,-0.022611412922849353
2015-01-29,0.42078600845383696,-0.026561631110507408,-0.007131625139403057
2015-01-30,0.4202821066251003,-0.04295214470543372,-0.01436367582472405
2015-02-02,0.4092776277538752,-0.07227516911381521,-0.010733821426111031
2015-02-03,0.3677699775072904,-0.11780607841393838,-0.004170107362653197
2015-02-04,0.369249106097075,-0.12272086750124724,-0.003935475565987135
2015-02-05,0.3599065459816136,-0.11882217205605147,-0.0053439087028380105
2015-02-06,0.3615032502819831,-0.07930584255513343,-0.0008564233926211068
2015-02-09,0.3581434986004272,-0.08490921193492715,-0.0012123250410115347
2015-02-10,0.3533747633726762,-0.09931639043088038,-0.0005502568823661956
2015-02-11,0.3508079053440815,-0.09918431042462282,-0.0027554240739372728
2015-02-12,0.3733873577450404,-0.0984022258198655,-0.002761411365742001
2015-02-13,0.37455212930669785,-0.09838783593834315,-0.0028166577080817514
2015-02-17,0.377175701676974,-0.09838872130141531,-0.002765317861148296
2015-02-18,0.37891067522978306,-0.09838449042951744,-0.002737481730458905
2015-02-19,0.3729639229685811,-0.09834043727134628,-0.0028957967192120735
2015-02-20,0.37368360405946077,-0.09831797581999766,-0.0028939066087090666
2015-02-23,0.3721769660672183,-0.09839298291604918,-0.003052242358929197
2015-02-24,0.3737937590851512,-0.09837265191783093,-0.00299495254533647
2015-02-25,0.3726431139629312,-0.09848808900035401,-0.0028879956998773756
2015-02-26,0.3673492692486682,-0.09844183807172245,-0.0028778911675744192
2015-02-27,0.37329074837647114,-0.09824229236281894,-0.0027148499175780544
2015-03-02,0.38264161727316015,-0.09798161201560851,-0.0027172704944284525
2015-03-03,0.3987418942174974,-0.09778933879060579,-0.002509759041263902
2015-03-04,0.3909727724588575,-0.0982039735178472,-0.0028431975860594223
2015-03-05,0.38446281323467624,-0.0985014459276083,-0.0028102565644357747
2015-03-06,0.42690846277184735,-0.09609766349247018,-0.002338214638063988
2015-03-09,0.4290954405084053,-0.09604354955671744,-0.00240158697501868
2015-03-10,0.45364536685825463,-0.09312246745435365,-0.002233542884523587
2015-03-11,0.4444193483991822,-0.09356743336327089,-0.0024455305375967245
2015-03-12,0.4409237879408376,-0.09229834277103363,-0.0023885162252955507
2015-03-13,0.38239758097813775,-0.0946170203886595,-0.003173707051536608
2015-03-16,0.3700476895081778,-0.09334482807985409,-0.003096395190563984
2015-03-17,0.3150287194682796,-0.09623659759012664,-0.0035266246940752425
2015-03-18,0.30906374552519517,-0.09590070010752362,-0.0035266246940752425
2015-03-19,0.30924015789896103,-0.09602681106463455,-0.0035266246940752425
2015-03-20,0.320212039597803,-0.09860922121238615,-0.0035266246940752425
2015-03-23,0.34893783241113985,-0.10512955687940348,-0.0035266246940752425
2015-03-24,0.3501069031607515,-0.1046423223777419,-0.0035266246940752425
2015-03-25,0.3455443866823946,-0.10169194465298227,-0.0035266246940752425
2015-03-26,0.3461781075908563,-0.1015753194967163,-0.0035266246940752425
2015-03-27,0.3454887140084605,-0.10155069609720202,-0.0035266246940752425
2015-03-30,0.33799204633158175,-0.10006390811489183,-0.0035266246940752425
2015-03-31,0.33712307733097785,-0.0990041448414477,-0.0035266246940752425
2015-04-01,0.3373755182429859,-0.0992231838025349,-0.0035266246940752425
2015-04-02,0.33804646868402427,-0.10050492654019479,-0.0035266246940752425
2015-04-06,0.3348897670296529,-0.10015238983579897,-0.0035266246940752425
2015-04-07,0.3454857095970274,-0.10462390160451245,-0.0035266246940752425
2015-04-08,0.346942873504855,-0.10617325744212948,-0.0035266246940752425
2015-04-09,0.35452229411648994,-0.1077790960517544,-0.0035266246940752425
2015-04-10,0.37112004290290457,-0.11169937157626178,-0.0035266246940752425
2015-04-13,0.3729036328063084,-0.11255548677807586,-0.0035266246940752425
2015-04-14,0.3745432828247944,-0.11395432030594833,-0.0035266246940752425
2015-04-15,0.3727702065504891,-0.11409693037699487,-0.0035266246940752425
2015-04-16,0.3740593374799455,-0.11503590112886665,-0.0035266246940752425
2015-04-17,0.3684286172412989,-0.08882161834207664,0.0031539126047997515
2015-04-20,0.37271106548407307,-0.14454283807675528,0.007294628876283061
2015-04-21,0.37340017269888587,-0.15721677737871073,0.012028843019058042
2015-04-22,0.3734960700835604,-0.15765012955801422,0.012107715190399408
2015-04-23,0.3900103778297685,-0.21195075939394376,0.016638602930233896
2015-04-24,0.3581512391487743,-0.23273124620840763,0.020300396303218508
2015-04-27,0.365246426516744,-0.23253461229337521,0.014492781267933713
2015-04-28,0.36664052687110066,-0.17617054005814892,0.019176760664188743
2015-04-29,0.3769366597956007,-0.19308805867397694,0.01211887687355334
2015-04-30,0.42442989095292777,-0.14420932000136577,0.0002285819430555249
2015-05-01,0.4543124450039783,-0.136481064020455,0.01292221120726545
2015-05-04,0.46611537417852733,-0.09101411770908678,0.010836889237874946
2015-05-05,0.522039579641145,-0.0013895837903391529,0.0003214011623567878
2015-05-06,0.5245275892936394,0.01120705497383493,0.0005006225122261892
2015-05-07,0.5324755082909286,-0.002320953292527252,0.0007766258184034486
2015-05-08,0.5175896505552965,-0.19621508892104145,-0.011696097673106714
2015-05-11,0.5173478565810986,-0.17765490706403406,-0.01148940325517192
2015-05-12,0.5265650747419396,-0.004585406451878127,-0.05018208185440724
2015-05-13,0.5270084644393931,,
2015-05-14,0.496938914092283,,
2015-05-15,0.4952928674820618,,
2015-05-18,0.4945439997036161,,
2015-05-19,0.49509420439568075,,
2015-05-20,0.5027497140054639,,
2015-05-21,0.4942248741485203,,
2015-05-22,0.493728639352446,,
2015-05-26,0.4807670052501424,,
2015-05-27,0.5021928904991246,,
2015-05-28,0.5109514340790696,,
2015-05-29,0.5160286002023932,,
2015-06-01,0.507953727362714,,
2015-06-02,0.5040145541535159,,
2015-06-03,0.5018318705108821,,
2015-06-04,0.5160264708278319,,
2015-06-05,0.4787911859432712,,
2015-06-08,0.47570370348996144,,
2015-06-09,0.45538707434947356,,
2015-06-10,0.4469811774847193,,
2015-06-11,0.457349240328588,,
2015-06-12,0.45453711648684786,,
2015-06-15,0.46562499623196785,,
2015-06-16,0.4651418994587479,,
2015-06-17,0.47668468120056884,,
2015-06-18,0.47160312158725765,,
2015-06-19,0.47501769261729987,,
2015-06-22,0.4740912129338139,,
2015-06-23,0.47833888432594157,,
2015-06-24,0.49675301744972367,,
2015-06-25,0.49602737664454755,,
2015-06-26,0.4961202936932152,,
2015-06-29,0.5003059607176977,,
2015-06-30,0.5108081446712778,,
2015-07-01,0.5130623652551853,,
2015-07-02,0.5138795857389963,,
2015-07-06,0.5181932537837587,,
2015-07-07,0.5166308960490527,,
2015-07-08,0.5167311418841571,,
2015-07-09,0.5183596889263345,,
2015-07-10,0.5212328087706946,,
2015-07-13,0.5134591626740648,,
2015-07-14,0.5119418387316654,,
2015-07-15,0.513319011687643,,
2015-07-16,0.5314350357527113,,
2015-07-17,0.5163886462969622,,
2015-07-20,0.5260554061220238,,
2015-07-21,0.5255310557129186,,
2015-07-22,0.5236641335650983,,
2015-07-23,0.5272313988226724,,
2015-07-24,0.538487364166527,,
2015-07-27,0.5276697821329799,,
2015-07-28,0.556145547822906,,
2015-07-29,0.5559649060092963,,
2015-07-30,0.5166699921875579,,
2015-07-31,0.48018709769324247,,
2015-08-03,0.48236087417011875,,
2015-08-04,0.42283101915776566,,
2015-08-05,0.4261048028057247,,
2015-08-06,0.4220184988707672,,
2015-08-07,0.4428967938435502,,
2015-08-10,0.49161886663356635,,
2015-08-11,0.5276331487471777,,
2015-08-12,0.527357392020813,,
2015-08-13,0.5433722736861255,,
2015-08-14,0.5443596095218414,,
2015-08-17,0.556063040983167,,
2015-08-18,0.5598292206278814,,
2015-08-19,0.5610316796236731,,
2015-08-20,0.5619326001771078,,
2015-08-21,0.5631747671859821,,
2015-08-24,0.5849915094977822,,
2015-08-25,0.5541250271353894,,
2015-08-26,0.5533243756458457,,
2015-08-27,0.5428940138060121,,
2015-08-28,0.5415980498796581,,
2015-08-31,0.5407141910462443,,
2015-09-01,0.5385421140809048,,
2015-09-02,0.5187963427805142,,
2015-09-03,0.5171147128573961,,
2015-09-04,0.5199299086949354,,
2015-09-08,0.5198991757226551,,
2015-09-09,0.5473743497150647,,
2015-09-10,0.5491033481114008,,
2015-09-11,0.5671237366099882,,
2015-09-14,0.5723940412684475,,
2015-09-15,0.5786700408956961,,
2015-09-16,0.5789087090097318,,
2015-09-17,0.6056158293837965,,
2015-09-18,0.6118859206434246,,
2015-09-21,0.6191459681037972,,
2015-09-22,0.6191715597074648,,
2015-09-23,0.6394180932759062,,
2015-09-24,0.6443705790603372,,
2015-09-25,0.6442980799941446,,
2015-09-28,0.6775622521537866,,
2015-09-29,0.6775622521537866,,
2015-09-30,0.6775622521537866,,
2015-10-01,0.6775622521537866,,
2015-10-02,0.6775622521537866,,
2015-10-05,0.6892290303768271,,
2015-10-06,0.6911396461314916,,
2015-10-07,0.6911396461314916,,
2015-10-08,0.665910616831826,,
2015-10-09,0.7074925879205748,,
2015-10-12,0.7157612952589257,,
2015-10-13,0.7126874024528078,,
2015-10-14,0.6847297897977225,-0.008850846246577502,0.007244000224989743
2015-10-15,0.6494967190058111,-0.14850987501484322,0.010045880233634591
2015-10-16,0.6566652708356622,-0.18974998866533735,-0.026857234508056643
2015-10-19,0.6532675783274602,-0.18682526071587355,-0.06609241880650019
2015-10-20,0.6601014310628881,-0.19842461411528783,-0.11186954504479146
2015-10-21,0.6689692355366953,-0.08311606976956383,-0.030512852675790667
2015-10-22,0.7526667316767588,-0.08024177791857552,-0.0343134254934595
2015-10-23,0.7650103910547954,-0.09900710324732648,-0.07306408959450966
2015-10-26,0.7555881351120985,-0.10189323562056188,-0.0747519441035674
2015-10-27,0.7516551541428049,-0.11246805614641217,-0.07122760407417858
2015-10-28,0.7609690382477571,-0.20734407900613747,-0.12439241895279039
2015-10-29,0.7611535695612649,-0.17949146924812825,-0.09726555797401461
2015-10-30,0.7627388664334585,-0.1530776520693134,-0.0798307313136739
2015-11-02,0.7755475678683772,-0.21163091969229308,-0.12731947110686012
2015-11-03,0.775844631691837,-0.2151544849489571,-0.13347839997762542
2015-11-04,0.7892612434178592,-0.2151571635219513,-0.1356197339338652
2015-11-05,0.7899792036828662,-0.21547042108501546,-0.13596974980282198
2015-11-06,0.7748039282786776,-0.23410880084336003,-0.14503118651645536
2015-11-09,0.7711132972526963,-0.23414002815698437,-0.14622114483518242
2015-11-10,0.7657413428397704,-0.2333362609752088,-0.14889255685230798
2015-11-11,0.7632016498599424,-0.23308807134212173,-0.14877829561362857
2015-11-12,0.769935239987315,-0.22405785555421043,-0.15004596613114793
2015-11-13,0.759359992460958,-0.2296935624492328,-0.15646789058607588
2015-11-16,0.7051957133724908,-0.2074841474682442,-0.15541694465741113
2015-11-17,0.7054658456255728,-0.20719353725437784,-0.15454252888929923
2015-11-18,0.6542503307794346,-0.18636826218247945,-0.15400916310236384
2015-11-19,0.6541299543070086,-0.18665524823271212,-0.15400916310236384
2015-11-20,0.6516908389264958,-0.1846422472139525,-0.15400916310236384
2015-11-23,0.6514588296704621,-0.18500080657219153,-0.15400916310236384
2015-11-24,0.6511310858659677,-0.18442800337077128,-0.15400916310236384
2015-11-25,0.6511275720190685,-0.18448636308727473,-0.15400916310236384
2015-11-27,0.6508934857700476,-0.18401003417642536,-0.15400916310236384
2015-11-30,0.6478582918731243,-0.18466025657549723,-0.15400916310236384
2015-12-01,0.6322639448101376,-0.1768474195067545,-0.15400916310236384
2015-12-02,0.6159786904326238,-0.1758166547724951,-0.15400916310236384
2015-12-03,0.5897371820279065,-0.1728919721029099,-0.15400916310236384
2015-12-04,0.5431196284442698,-0.15336567499716108,-0.15400916310236384
2015-12-07,0.539925727056893,-0.15429468905104182,-0.15400916310236384
2015-12-08,0.5361993933329132,-0.15523143131622072,-0.15400916310236384
2015-12-09,0.5314369681047951,-0.15613017163166276,-0.15400916310236384
2015-12-10,0.5304044768606195,-0.15508256352890548,-0.15400916310236384
2015-12-11,0.5300686183948896,-0.1558232617179305,-0.15400916310236384
2015-12-14,0.5300686183948896,-0.1558232617179305,-0.15400916310236384
2015-12-15,0.5198635664878029,-0.15004712437312953,-0.15400916310236384
2015-12-16,0.49973129439578423,-0.14016663935496962,-0.15400916310236384
2015-12-17,0.4837119906026045,-0.1397854141873945,-0.15400916310236384
2015-12-18,0.4837192795771039,-0.14032566711374161,-0.15400916310236384
2015-12-21,0.4837192795771039,-0.14032566711374161,-0.15400916310236384
2015-12-22,0.4775977891266274,-0.13635726650648108,-0.15400916310236384
2015-12-23,0.4656023378782637,-0.12970804316198978,-0.15400916310236384
2015-12-24,0.46560780144029934,-0.13014776895364,-0.15400916310236384
2015-12-28,0.4655289039634837,-0.13072901821265634,-0.15400916310236384
2015-12-29,0.45700984518811905,-0.12558673684611332,-0.15400916310236384
2015-12-30,0.4546320325713381,-0.12676230097626792,-0.15400916310236384
2015-12-31,0.4498385595184719,-0.1279534475732487,-0.15400916310236384
2016-01-04,0.4498612709204453,-0.1285084994559633,-0.15400916310236384
2016-01-05,0.4498612709204453,-0.1285084994559633,-0.15400916310236384
2016-01-06,0.4498612709204453,-0.12085255356584332,-0.14375752551265417
2016-01-07,0.4498612709204453,-0.11490575474115658,-0.13568496822836282
2016-01-08,0.4551549417886966,-0.1133144277226036,-0.13240709140662363
2016-01-11,0.4552657078235964,-0.106212090542514,-0.12391776500098883
2016-01-12,0.4554639555230423,-0.10346402227872217,-0.12043959910929547
2016-01-13,0.45540974749889024,-0.10385517864670679,-0.12124898012602162
2016-01-14,0.45540974749889024,-0.09265022475785571,-0.10799190631468072
2016-01-15,0.4713212269088645,-0.06935165926520089,-0.1098654519093284
2016-01-19,0.46969319048951125,-0.058085858121631494,-0.10243136763315171
2016-01-20,0.4735274670503844,-0.05746936559128219,-0.08864366241677471
2016-01-21,0.4741909318431116,-0.05328449088233344,-0.06637552129532857
2016-01-22,0.4647724804479893,-0.0809687118372452,-0.106864221766431
2016-01-25,0.39430291174569393,-0.08147607977895524,-0.1188705977399825
2016-01-26,0.40719174958884535,-0.07208802268366739,-0.13192669077350094
2016-01-27,0.4095847721233318,-0.07324613485469439,-0.13041794873641033
2016-01-28,0.416294954341364,-0.06760471787597284,-0.13332847680630044
2016-01-29,0.37291342934094535,-0.02818851647968307,-0.05623621028207143
2016-02-01,0.3733859561451693,-0.02993326674373798,-0.0706770779523456
2016-02-02,0.364555227578309,-0.039778070879401835,-0.09864111123381317
2016-02-03,0.30063089089032163,-0.0007265225392933427,0.02305530139482336
2016-02-04,0.29695924155537107,0.002962450515822205,0.04661352768033529
2016-02-05,0.29940157222569247,0.0017598671904942532,0.05439526692667073
2016-02-08,0.3002173529519457,0.0012589157755818923,0.055082263973705595
2016-02-09,0.30180105671860497,0.000888591525971766,0.05552972552931307
2016-02-10,0.2602852138174338,-0.005384756760514353,0.04915122110539156
2016-02-11,0.2820574228523841,-0.004114268204941144,0.04339053362935021
2016-02-12,0.2750494784665807,-0.006675861711303214,0.036339632490457824
2016-02-16,,-0.011750321471869735,
2016-02-17,,-0.014842631942578899,
2016-02-18,,-0.008699304550648424,
2016-02-19,,-0.008727775142447762,
2016-02-22,,0.0007759394709642257,
2016-02-23,,0.00033739670137606303,
2016-02-24,,0.002580175469354395,
2016-02-25,,0.001899883790177285,
2016-02-26,,0.0025751941787206284,
2016-02-29,,0.0027048379469867883,
2016-03-01,0.45202126691362415,-0.052048737827874066,-0.12198705157080211
2016-03-02,0.45062623453953804,-0.04865561054717278,-0.12245013494097849
2016-03-03,0.45318665862850066,-0.029568896802831448,-0.13501051492219746
2016-03-04,0.45990324712190045,-0.04015034493954406,-0.13525239385611218
2016-03-07,0.4671295261056122,-0.05225029420395268,-0.13910901397107567
2016-03-08,0.5513923833703614,-0.017567120172731102,-0.11009031746691886
2016-03-09,0.5631435141438138,-0.036056863492807276,-0.13238634375395006
2016-03-10,0.5683795915923557,-0.04030716659370299,-0.14006716559503204
2016-03-11,0.6402999116007009,-0.1242972021309736,-0.22903338430242196
2016-03-14,0.6388577278998567,-0.11239955325646461,-0.2310385545161773
2016-03-15,0.6401201937320756,-0.11386989305766045,-0.23101462539255158
2016-03-16,0.6444879381238096,-0.08634743961756537,-0.1708650946541283
2016-03-17,0.6518559174028878,-0.09030406194082831,-0.16851373794242436
2016-03-18,0.6924623668202988,-0.08985362006677373,-0.17007806888913057
2016-03-21,0.7404915476788003,-0.10934399917579093,-0.17786292394654285
2016-03-22,0.7369158873418331,-0.11202501438669904,-0.1778537437010042
2016-03-23,0.7480886661533582,-0.053955613826428994,-0.10482665157280571
2016-03-24,0.7653902333714964,-0.04907444502042097,-0.10458075588893737
2016-03-28,0.8077901925685236,-0.04473160407140818,-0.10508345180486012
2016-03-29,0.8156940613773036,-0.0048842882601698645,-0.03349927052568127
2016-03-30,0.8183249840321856,-0.02253463897177025,-0.048970484341151414
2016-03-31,0.8549712919854066,-0.01967477115156692,-0.051027814775374374
2016-04-01,0.8735438943445474,-0.038690002526823086,-0.06893548840104284
2016-04-04,0.9098647589757726,-0.03564810649437286,-0.05842530003582086
2016-04-05,0.9160737182105168,-0.07033191604494786,-0.08418592937374342
2016-04-06,0.9213430349277338,-0.09063670898452211,-0.10746578085801431
2016-04-07,0.9291655337549343,-0.12410223814325066,-0.1388439615538115
2016-04-08,0.9261073781548602,-0.12356590070786595,-0.135930383032455
2016-04-11,0.9265937512337996,-0.13400023267105257,-0.14716729652323637
2016-04-12,0.9271023282434896,-0.13912610890248533,-0.15196521151740663
2016-04-13,0.9305127941337863,-0.1658058478482204,-0.17883554450849895
2016-04-14,0.930503574130774,-0.1581124555655736,-0.17195125101379902
2016-04-15,0.9306073261821955,-0.1689183041676587,-0.1828107003537809
2016-04-18,0.9296524301324528,-0.17057318365986565,-0.18367534788800582
2016-04-19,0.9135457107841816,-0.16399735434837953,-0.2006372440905817
2016-04-20,0.9135188040875235,-0.16016453097720812,-0.19807930686030445
2016-04-21,0.9053291878108463,-0.16139297700739466,-0.19868849093945984
2016-04-22,0.8737460735065009,-0.15727320354899937,-0.14465114261911619
2016-04-25,0.8727125195900384,-0.15568995054925663,-0.14377387782347503
2016-04-26,0.8673485651313099,-0.15340346962833706,-0.14434828509548528
2016-04-27,0.847956880599711,-0.1526103733173856,-0.1437672186086753
2016-04-28,0.8273862638083825,-0.19231314887853787,-0.14701326686102645
2016-04-29,0.8203168247435094,-0.21272990596543073,-0.14697910100629555
2016-05-02,0.8087325751705311,-0.21722597915240963,-0.14530124153274454
2016-05-03,0.7927912718784834,-0.20286051320486997,-0.14480388755782256
2016-05-04,0.786552754197135,-0.18722588580786967,-0.14250037213248953
2016-05-05,0.7865317501745002,-0.1851655523429031,-0.14134718957439427
2016-05-06,0.784369818568255,-0.17878800912319895,-0.14147560095388273
2016-05-09,0.7843160930440508,-0.1718891348789629,-0.13427950521803023
2016-05-10,0.7588734796178752,-0.16391216007736886,-0.13502822064829906
2016-05-11,0.7439414940219571,-0.1764627138007089,-0.13509052969299376
2016-05-12,0.7439457114459876,-0.1802866551636019,-0.13934921345286475
2016-05-13,0.7321570915710548,-0.18738692272392687,-0.14113792809283407
2016-05-16,0.7184788742474493,-0.20398346515762675,-0.15528431049512742
2016-05-17,0.7064679047466543,-0.20473595504339293,-0.15506140604149826
2016-05-18,0.7064548930195295,-0.1999579098835216,-0.15075112919051342
2016-05-19,0.7049243541900493,-0.1988513015518669,-0.15180983889611938
2016-05-20,0.6996823229728408,-0.20915902471085518,-0.1583386030251962
2016-05-23,0.6994465178777323,-0.20678630047082658,-0.15767432173233864
2016-05-24,0.6789004187543458,-0.25192285168884776,-0.1481265178198646
2016-05-25,0.6815344792678256,-0.24994395634926964,-0.14711868185297083
2016-05-26,0.6801705956380555,-0.2528428691839001,-0.1488293251637975
2016-05-27,0.6812148040456827,-0.25169560321648915,-0.14753064181429842
2016-05-31,0.6015031714645587,-0.23678460974444526,-0.11949543889531727
2016-06-01,0.6028992757230037,-0.2452779631840617,-0.11972727728270675
2016-06-02,0.6083023302863662,-0.26463635069306385,-0.11127108099078924
2016-06-03,0.6122577183770233,-0.2639288090151879,-0.11131613694275154
2016-06-06,0.6198503429921844,-0.26294536608240293,-0.10236779720636151
2016-06-07,0.6006957961281095,-0.28420908890852087,-0.11444932976931263
2016-06-08,0.5975594814215969,-0.2780201341876663,-0.10358347757282149
2016-06-09,0.5989681442491352,-0.2830519747052345,-0.09608834180843742
2016-06-10,0.5527754488072605,-0.22649405550636623,-0.019852406443525126
2016-06-13,0.5474789752903432,-0.2337903272542999,-0.014963171513986868
2016-06-14,0.5470051940043096,-0.2332577451578423,-0.014786034570453483
2016-06-15,0.538712011905027,-0.28257473406618866,-0.07988678917711353
2016-06-16,0.5442433028995123,-0.27829889428829324,-0.08086531162774432
2016-06-17,0.5420774331492172,-0.2761414146556374,-0.07991584357482376
2016-06-20,0.5371705362584419,-0.27231057820312854,-0.07224778572495621
2016-06-21,0.5390068272337712,-0.27118587281437734,-0.07567791635797072
2016-06-22,0.5255199857453553,-0.3407332874977025,-0.14906386111028996
2016-06-23,0.5068706283980655,-0.3307500318331202,-0.14909352148009627
2016-06-24,0.4891245031372601,-0.4184881833618498,-0.1234886982066225
2016-06-27,0.4638712049965667,-0.4755575349751804,-0.22848131851252976
2016-06-28,0.45865622500064734,-0.46424416871246066,-0.20849336137386193
2016-06-29,0.43657383129466587,-0.4265766428453182,-0.20679481726811483
2016-06-30,0.41110292761620404,-0.3940201421274909,-0.19051168226009088
2016-07-01,0.4069838604122731,-0.39276154480341813,-0.19739356316626275
2016-07-05,0.3701498520961506,-0.3821921206510927,-0.16540023487797625
2016-07-06,0.3214130153237258,-0.36425089557178775,-0.13813649640723913
2016-07-07,0.2433922054216532,-0.335491342033617,-0.07224018119683853
2016-07-08,0.32907465853999346,-0.3049404615520534,-0.03762834479120546
2016-07-11,0.3267760043124135,-0.3018897484913504,-0.0406408974498124
2016-07-12,0.312822604533229,-0.32096685386225887,-0.07216986313170143
2016-07-13,0.26979617267910044,-0.3044683081450687,-0.02529917992488577
2016-07-14,0.2820802326490918,-0.3203698065345759,-0.050062387361802296
2016-07-15,0.28162445920092904,-0.31455775139078274,-0.039620862035194285
2016-07-18,0.2674247118227411,-0.3128873581704073,-0.03185096495690608
2016-07-19,0.2857746706748283,-0.32762218197327503,0.008136565279009533
2016-07-20,0.2885820717081228,-0.333843281514937,-0.060709633543416304
2016-07-21,0.2954422722801433,-0.34174213760436895,-0.07482544921103679
2016-07-22,0.333901482415824,-0.35475825635381103,-0.19729528193023732
2016-07-25,0.3337157845585222,-0.344057975545453,-0.19388875069676428
2016-07-26,0.3421925891603846,-0.34491734488273723,-0.18805961300937232
2016-07-27,0.36121698140785286,-0.3468094590201905,-0.1375865248596342
2016-07-28,0.3591551266024165,-0.31548001327904,-0.13547830596686156
2016-07-29,0.3570549324175641,-0.29087726385445545,-0.12232984980625747
2016-08-01,0.35510838178233356,-0.2879869192518156,-0.11970699633144101
2016-08-02,0.3810020689713525,-0.31185401508023886,-0.1466532516477624
2016-08-03,0.38084847993861887,-0.32980861064377287,-0.15549917780181022
2016-08-04,0.3789682040560569,-0.330776193829925,-0.15528617286941146
2016-08-05,0.402652516093498,-0.35894857020776977,-0.20895533156188922
2016-08-08,0.4042363557436639,-0.3746541078598315,-0.22744275700096453
2016-08-09,0.4256418514196891,-0.39241959587189523,-0.224301867982486
2016-08-10,0.43225761776272487,-0.38066124133130097,-0.22595452873835178
2016-08-11,0.4357377699031341,-0.3897321785635138,-0.2403284470146438
2016-08-12,0.4370366942240132,-0.38508515376744407,-0.2373881829927354
2016-08-15,0.4551806614283527,-0.3910687779701273,-0.23189512591054096
2016-08-16,0.47496414768811035,-0.39700283544494175,-0.23784166224589554
2016-08-17,0.4744833101538951,-0.41546893502148585,-0.2563244454128624
2016-08-18,0.47179627584307104,-0.42092868640319675,-0.2599146443212183
2016-08-19,0.48225033934286843,-0.40720069447660506,-0.25190208028109656
2016-08-22,0.4811000484845687,-0.41018945281320923,-0.2538956997834074
2016-08-23,0.5130685914467623,-0.3579240032967235,-0.28217656190086315
2016-08-24,0.5196034047771647,-0.32458963124397183,-0.2266748095904485
2016-08-25,0.5228862852592426,-0.3161464725037028,-0.21141148663509957
2016-08-26,0.5165692379778934,-0.3149361161471771,-0.2121394378730838
2016-08-29,0.5185855454096877,-0.31590511970141666,-0.21203985112042734
2016-08-30,0.5225859647069072,-0.3144930674815571,-0.20899274870093354
2016-08-31,0.5245239686878485,-0.3122320955980156,-0.20769536875729985
2016-09-01,0.5164309648294942,-0.3142329716016582,-0.21346820452626716
2016-09-02,0.5153555472547842,-0.3144987667319959,-0.2135592388793366
2016-09-06,0.5211837371518728,-0.31448897500526185,-0.2148908535493409
2016-09-07,0.5213567063619988,-0.3140941396389447,-0.21452064970438992
2016-09-08,0.521682519189351,-0.31343099819038217,-0.20852447353156758
2016-09-09,0.6039581374062577,-0.2731735479908175,-0.19085554512527367
2016-09-12,0.5764789043932667,-0.2712070018443264,-0.19085554512527367
2016-09-13,0.5580432148895861,-0.2567787934265387,-0.19085554512527367
2016-09-14,0.5578268426163274,-0.25714585752404284,-0.19085554512527367
2016-09-15,0.5455522678718409,-0.25465397260417977,-0.19085554512527367
2016-09-16,0.5454961905875834,-0.25456269306556023,-0.19085554512527367
2016-09-19,0.5522129266899627,-0.2548364124045899,-0.19085554512527367
2016-09-20,0.5541833420767055,-0.2544760707548197,-0.19085554512527367
2016-09-21,0.572170873729304,-0.25214549935996733,-0.1889185127712138
2016-09-22,0.6022241235375378,-0.25644486466465377,-0.1876071150109716
2016-09-23,0.6258417773886702,-0.09866739658736493,-0.21328964870002431
2016-09-26,0.6410927592324391,-0.09599354391826107,-0.20482839587163604
2016-09-27,0.6440452666265546,-0.10117603796217563,-0.2090397825180052
2016-09-28,0.6846708151684959,-0.13136665383580476,-0.2072608826091816
2016-09-29,0.7317566329440178,-0.16125521826198244,-0.2008631202312253
2016-09-30,0.7396221696669655,-0.17688357441875208,-0.19784826194917038
2016-10-03,0.7459251571498262,-0.15302856505888396,-0.1957631840238509
2016-10-04,0.7556453710950138,-0.17082248484623536,-0.19390723323586223
2016-10-05,0.7564971127159579,-0.17126139875634971,-0.19535728759942078
2016-10-06,0.729211016011214,-0.22513919911137828,-0.2565562357250718
2016-10-07,0.7297638598086834,-0.21642863302833099,-0.23896962728878887
2016-10-10,0.7296088546462323,-0.1737896757442907,-0.21111740871990028
2016-10-11,0.7545574947017697,-0.17217408357599404,-0.18598404553690587
2016-10-12,0.74847477706516,-0.15470217578506482,-0.1638793032386639
2016-10-13,0.7496865249191293,-0.15760821115881468,-0.16906585519487102
2016-10-14,0.7507734991906845,-0.16048826002755115,-0.17770105503354897
2016-10-17,0.7541146436069144,-0.15878591069085604,-0.17475262685619816
2016-10-18,0.7650827108907678,-0.1346061184826338,-0.08398869182414302
2016-10-19,0.7615402277217556,-0.11410264276691284,-0.06141508128504158
2016-10-20,0.7595899531678723,-0.09707493108762058,-0.04333977506708463
2016-10-21,0.7585408343166146,-0.10945257582295824,-0.045454085916197234
2016-10-24,0.7501309195700208,-0.11124149211189269,-0.04534152673201434
2016-10-25,0.7644642322251918,-0.11575779115168303,-0.13776667801022302
2016-10-26,0.7590063623223323,-0.11416559665126333,-0.13181341519191192
2016-10-27,0.758313637092133,-0.13689972777214596,-0.15917669588193478
2016-10-28,0.759497566273636,-0.13667359448654579,-0.17202351928794155
2016-10-31,0.7544380839461152,-0.10291803323865051,-0.12350206206169385
2016-11-01,0.752426535043157,-0.0939996184866094,-0.11353854739714876
2016-11-02,0.7526651329316343,-0.09652922710151099,-0.12020887762449872
2016-11-03,0.742922281747638,0.026803702324349355,0.050478860383943176
2016-11-04,0.743036110729965,0.02678108940382262,0.04986925148597996
2016-11-07,0.6763599786733139,0.02786347528941829,0.037113373479732224
2016-11-08,0.6732155973232616,0.043105827712936785,0.05471488147290078
2016-11-09,0.6573232088799654,0.08000057261073566,0.10058605277753016
2016-11-10,0.6577479187646168,0.07895499898513458,0.10358302537872666
2016-11-11,0.6560187416452788,0.06901149480591953,0.08157806133511619
2016-11-14,0.6514836326549043,0.10490802733377733,0.1299374007662401
2016-11-15,0.6451624751334917,0.10616987065192109,0.12830769042048348
2016-11-16,0.6443294090074733,0.09839819001719545,0.1305918727087856
2016-11-17,0.6425423197431676,0.09668366967443329,0.15251830082755125
2016-11-18,0.6418827431786982,0.09506849731501668,0.1554665249580093
2016-11-21,0.6365015742779073,0.09694388600554696,0.15519915976867926
2016-11-22,0.631120044278067,0.0234864083643125,0.039697429487876947
2016-11-23,0.6308522777481921,,
2016-11-25,0.6333982664804497,,
2016-11-28,0.6289695668253412,,
2016-11-29,0.6281516951725448,,
2016-11-30,0.6268721995143841,,
2016-12-01,0.6270110000029625,,
2016-12-02,0.6244003239035185,,
2016-12-05,0.623884328237585,,
2016-12-06,0.624066017369298,,
2016-12-07,0.6093295349166558,,
2016-12-08,0.5410230653919292,,
2016-12-09,0.559075546036718,,
2016-12-12,0.5922550579277214,,
2016-12-13,0.596122458350577,,
2016-12-14,0.6069119581830325,,
2016-12-15,0.6112917555295277,,
2016-12-16,0.6139295225125837,,
2016-12-19,0.612460627620905,,
2016-12-20,0.5931493082468156,,
2016-12-21,0.5846957607999933,,
2016-12-22,0.5753155427438471,,
2016-12-23,0.5515017836319092,,
2016-12-27,0.5420509893579164,,
2016-12-28,0.5642185980056432,,
2016-12-29,0.540415563112239,,
2016-12-30,0.528221190030175,,
2017-01-03,0.5209230813537806,,
2017-01-04,0.5174389254607576,,
2017-01-05,0.5124043912318016,,
2017-01-06,0.5108043599613665,,
2017-01-09,0.490108860693782,,
2017-01-10,0.47896166127745177,,
2017-01-11,0.3876462793836244,,
2017-01-12,0.39168732837376286,,
2017-01-13,0.3816603581022906,,
2017-01-17,0.39199311807422765,,
2017-01-18,0.37923991200024904,,
2017-01-19,0.3661526459863338,,
2017-01-20,0.369805731781342,,
2017-01-23,0.362711613114162,,
2017-01-24,0.3871394910395196,,
2017-01-25,0.43135111292444916,,
2017-01-26,0.41859465710607513,,
2017-01-27,0.4044140768558921,,
2017-01-30,0.4282660112927883,,
2017-01-31,0.4284885542347645,,
2017-02-01,0.40628181666212854,,
2017-02-02,0.40529500570104915,,
2017-02-03,0.411349349098372,,
2017-02-06,0.4074572330334792,-0.08554073237892118,0.019769809072966046
2017-02-07,0.39929872184399423,-0.07760863867553307,-0.002248465109511163
2017-02-08,0.4788790810287216,-0.0728373371339691,0.013175926249069238
2017-02-09,0.4919142839083588,-0.1293044077657552,-0.04458000228113417
2017-02-10,0.52483245751505,-0.11661470449795086,-0.029167187672316325
2017-02-13,0.5370800329586056,-0.15657980706984045,-0.0994222053282954
2017-02-14,0.539769790625459,-0.1522906594703577,-0.09370557377625602
2017-02-15,0.5479818065699085,-0.11904532808028354,-0.04546842669886781
2017-02-16,0.5688259163981672,-0.13245596526099038,-0.059236317990079085
2017-02-17,0.5647785443092621,-0.13342258676824004,-0.08099418743512861
2017-02-21,0.5828624780736676,-0.12881373322607723,-0.07785428349527768
2017-02-22,0.582385373930295,-0.13434382717337512,-0.08030738163532002
2017-02-23,0.5960217342036555,-0.12997497123666257,-0.14755046928920512
2017-02-24,0.5976370547063425,-0.12417904830804163,-0.1357718102352303
2017-02-27,0.5973824895523778,-0.12350501667833406,-0.13265675922033413
2017-02-28,0.6104559809672724,-0.12447826690852334,-0.1356919547607143
2017-03-01,0.6595582166462812,-0.15043314088747892,-0.15545936258547585
2017-03-02,0.6769447363975624,-0.01935250889127447,-0.026534417900335137
2017-03-03,0.6761254247848885,-0.01957193472570207,-0.027356214358241426
2017-03-06,0.682151564964117,0.0124187527383243,0.003967472719554623
2017-03-07,0.6856245307642015,0.021852133249600617,0.01159689418223542
2017-03-08,0.6943358068457717,0.022221331934711784,0.011540394189384857
2017-03-09,0.6984785734621214,0.0223187861376051,0.011520909398229844
2017-03-10,0.7626425935653409,0.024030548948492055,0.011324339700512446
2017-03-13,0.7660567639703741,0.02411832019829538,0.011273658195412177
2017-03-14,0.7876569432073967,0.024504154761493615,0.011285626927751513
2017-03-15,0.7923577680153663,0.02356092189749345,0.01093588599377296
2017-03-16,0.790944204551695,0.02411908168801485,0.011954257316021587
2017-03-17,0.7955632395705888,0.024772692191368795,0.011948860917179324
2017-03-20,0.797937381527746,0.025033665300585546,0.01197418401460687
2017-03-21,0.8323225538603004,0.023458749666495603,0.011080378371914501
2017-03-22,0.8295432886361119,0.023447610151594817,0.011263952292804183
2017-03-23,0.828343081024732,0.023680458953839877,0.011433975611170839
2017-03-24,0.828394079536973,0.023710811200244267,0.011419388271064684
2017-03-27,0.8282524049109298,0.02371629775771772,0.011397600324743358
2017-03-28,0.8072544463086472,0.023111614729571538,0.0114155759738666
2017-03-29,0.8079597260898372,0.0231900293016598,0.011689624823109507
2017-03-30,0.7888198015944695,0.023573914891438504,0.011872843000183217
2017-03-31,0.7899293422270668,0.02355059671990108,0.011866024154246093
2017-04-03,0.7871980083036967,0.02362804448728983,0.011863220315153111
2017-04-04,0.8120897030186532,0.024362344410429986,0.011811738369340326
2017-04-05,0.8309781728929384,0.024823379792730412,0.011796808724970572
2017-04-06,0.8275730041056039,0.02467216387097095,0.011783001312562116
2017-04-07,0.8304894320598744,0.024894632206616203,0.012307503861681028
2017-04-10,0.8483388471982836,0.024943367094219446,0.012450671319719794
2017-04-11,0.846067648571996,-0.002523800105698238,-0.0633488823158885
2017-04-12,0.8491001224202308,-0.03467033442959401,-0.09469297698351571
2017-04-13,0.8424662903222365,-0.06475842347479537,-0.10511122857843982
2017-04-17,0.8115781639406494,-0.08803811080656078,-0.10121107555046797
2017-04-18,0.8066205697661596,-0.1034473590763948,-0.10583643373374498
2017-04-19,0.8056826915310393,-0.07849927699642562,-0.09424170953722336
2017-04-20,0.7837914224563813,-0.06808433105419093,-0.09569952775286708
2017-04-21,0.7809380228216118,-0.0752584140875734,-0.0967253437106274
2017-04-24,0.8030858403161012,-0.13201109622633225,-0.15568930803513686
2017-04-25,0.8016914878972909,-0.1661753742354509,-0.20656690561621333
2017-04-26,0.7909240865407687,-0.1728499913491843,-0.2216479984627228
2017-04-27,0.7815006650009965,-0.17268958241457533,-0.23579905513776328
2017-04-28,0.7803765171361665,-0.17899996936253057,-0.2320158091681364
2017-05-01,0.756189551569876,-0.18972006711131179,-0.29199414548959474
2017-05-02,0.7569765110789756,-0.18972095911565431,-0.2935580085524444
2017-05-03,0.7734014598845405,-0.18679735128719302,-0.29022179827188077
2017-05-04,0.7741220849443464,-0.18679492259835853,-0.290687759036254
2017-05-05,0.778225266373251,-0.188893543681058,-0.29012665903160484
2017-05-08,0.7789808038305078,-0.17445556365905732,-0.3098285367486377
2017-05-09,0.7763781546092001,-0.17595377099443588,-0.3052137237235907
2017-05-10,0.7756136750974052,-0.1816379111638417,-0.3152299171023211
2017-05-11,0.7747320040727573,-0.15409572747573372,-0.3039060386509335
2017-05-12,0.7673538387214449,-0.16350907090958952,-0.3123044875157749
2017-05-15,0.7630708077327302,-0.13700046942752994,-0.28850243772330564
2017-05-16,0.7508140329681292,-0.1414553074210412,-0.2907823066744004
2017-05-17,0.769579680709113,-0.14702616097689,-0.3087210198383358
2017-05-18,0.7635272260831448,-0.14325081390164415,-0.30862962309174924
2017-05-19,0.7525536231468577,-0.13770559723362283,-0.30017995920292273
2017-05-22,0.7395008727622256,-0.1410676441570804,-0.3070962821748577
2017-05-23,0.7381517287507,-0.1392951828685533,-0.307451923401364
2017-05-24,0.7472172533939339,-0.1473135920440092,-0.2803473262038339
2017-05-25,0.7467591029737894,-0.15398802058056765,-0.28512408956453594
2017-05-26,0.7455311737905047,-0.15147364968011656,-0.284920983605179
2017-05-30,0.7431095758926038,-0.14885620619500659,-0.2817555493880001
2017-05-31,0.7095538683851014,-0.14564049748547164,-0.28623557791001053
2017-06-01,0.7029933866875869,-0.24105448292234444,-0.4077528257664534
2017-06-02,0.6853062598710727,-0.2397674979952268,-0.38039891675850085
2017-06-05,0.6827272354269679,-0.2734833972302285,-0.42074933786231067
2017-06-06,0.6842813498086232,-0.2994266288475009,-0.4523255734226495
2017-06-07,0.687747292031686,-0.3014370442793545,-0.46080658766012156
2017-06-08,0.6879218962665139,-0.293082861345545,-0.4498259630454479
2017-06-09,0.6806099035352486,-0.2635528849892445,-0.3586434796920215
2017-06-12,0.6810149708153315,-0.26250491734521997,-0.3576953916235809
2017-06-13,0.6697241080336834,-0.2565714305642858,-0.3592500614574165
2017-06-14,0.6573094925362709,-0.25221298117729735,-0.3570511904933462
2017-06-15,0.656309440719462,-0.24119713526213632,-0.35151670869993384
2017-06-16,0.6559302237850597,-0.241022692926702,-0.35157035505861467
2017-06-19,0.6374003767720081,-0.24294469243355976,-0.3506686831571052
2017-06-20,0.556798780191961,-0.25339365184064844,-0.39167896074078173
2017-06-21,0.5595435088420322,-0.2545278845313664,-0.39167896074078173
2017-06-22,0.5594126859074111,-0.25449542370235445,-0.39167896074078173
2017-06-23,0.5581242424916899,-0.25399397687194114,-0.39167896074078173
2017-06-26,0.5573463139732527,-0.2537145609880702,-0.39167896074078173
2017-06-27,0.5636965948236036,-0.2559329534502559,-0.39167896074078173
2017-06-28,0.5412414593999084,-0.2460713487775102,-0.39167896074078173
2017-06-29,0.5346059061154724,-0.24280347250664958,-0.39168822703214873
2017-06-30,0.5309569192030369,-0.24191417425672967,-0.39179960012950266
2017-07-03,0.5279286197715255,-0.24109237844930406,-0.3918905934739207
2017-07-05,0.5257592656351509,-0.24025911567519273,-0.39256733337596794
2017-07-06,0.5102407919489667,-0.23539757009780268,-0.39703829918582006
2017-07-07,0.5003573123365042,-0.2317653562301914,-0.39710043774580395
2017-07-10,0.4985420474253308,-0.2312627744124033,-0.39719225063348795
2017-07-11,0.49921314848705645,-0.23156153709459856,-0.39722058273525807
2017-07-12,0.48575931513110127,-0.22821708647988342,-0.35413302627539
2017-07-13,0.4720396017828348,-0.20100748569312202,-0.3206677541692824
2017-07-14,0.457480234235554,-0.16437262497956662,-0.30934837963154604
2017-07-17,0.4774124443122445,-0.15113878685083076,-0.314937532805128
2017-07-18,0.46887037248982494,-0.1331462357159263,-0.3047955296692378
2017-07-19,0.4778931786088984,-0.16174849307062522,-0.32694505083652897
2017-07-20,0.4967234589028718,-0.18745750952521573,-0.3239663806846684
2017-07-21,0.4966329093253034,-0.17489398689136815,-0.32206347532342466
2017-07-24,0.43447456331269857,-0.11069017583916155,-0.2482746515445247
2017-07-25,0.40303987197562247,-0.052745445032009446,-0.16623795818437162
2017-07-26,0.3981750139916765,-0.04487221685578097,-0.1431210006430263
2017-07-27,0.40140329411592285,-0.045778224952184685,-0.11637295623969694
2017-07-28,0.40813388419716207,-0.032407474899066945,-0.12702470536871954
2017-07-31,0.41168545698892217,-0.009773232904803765,0.01710002120214402
2017-08-01,0.41418564038659217,-0.008628431131440862,0.01807542885811969
2017-08-02,0.4094702086043742,-0.012388771770475024,0.009421318232520168
2017-08-03,0.415399116395701,-0.01424913458624427,0.005610561449877139
2017-08-04,0.4095150541640866,-0.015598157786429097,0.004063921997934236
2017-08-07,0.40905519480041197,-0.01435512270269886,0.007460418684794698
2017-08-08,0.42212900291331257,-0.015251321958770872,0.0030808299676848773
2017-08-09,0.4224818223580313,-0.01637618038810783,0.0014788191944189412
2017-08-10,0.44175366807118494,-0.14624631021172013,-0.049574186752799586
2017-08-11,0.4464033869049771,-0.13299534126595813,-0.054147801113892155
2017-08-14,0.4200418548065152,-0.20818540474191347,-0.04610778955870008
2017-08-15,0.43092244937298746,-0.18940995541225186,-0.040637838353971334
2017-08-16,0.30676570370483697,-0.1833965589637909,-0.04136977272900821
2017-08-17,0.2891054291266921,-0.2629071872218056,-0.04521977963393031
2017-08-18,0.29762324128667844,-0.26432740550590883,-0.04364417092564
2017-08-21,0.3028100138861942,-0.26196897131602753,-0.0466286040587672
2017-08-22,0.2871340003844936,-0.29649178722539926,-0.04167557580919925
2017-08-23,0.2841528303711107,-0.3089970136375196,-0.046027371143553625
2017-08-24,0.2613246640859451,-0.3013215313947718,-0.05021789856499593
2017-08-25,0.26151211177048245,-0.28839965367292525,-0.05270401468751129
2017-08-28,0.26256467553286217,-0.24631928995292013,-0.05211930699750418
2017-08-29,0.2618622299533765,-0.2472895927096572,-0.05099142658193417
2017-08-30,0.23224681628471036,-0.25261757736365936,-0.051407378298607705
2017-08-31,0.26630844966893635,-0.17701484333658585,0.11626662713068583
2017-09-01,0.26267151465443517,-0.1754076207676123,0.11147828937221771
2017-09-05,0.3052492722584719,-0.20951293006386698,0.015758566395526502
2017-09-06,0.31040013139565376,-0.2157472202254001,0.023681774141508714
2017-09-07,0.30763292581021323,-0.21271875365425646,0.06370762238894721
2017-09-08,0.29735959312900595,-0.2345304613006894,0.004476287439296952
2017-09-11,0.37377363994643276,-0.3155788547201631,-0.18450155634048646
2017-09-12,0.38127507121994997,-0.31243265068482573,-0.177290447575989
2017-09-13,0.3808292798634066,-0.3166955587745223,-0.18668904566506977
2017-09-14,0.37488556510906074,-0.32856992383009365,-0.2092311550837278
2017-09-15,0.3745527464248416,-0.32790415716293403,-0.22422601352952212
2017-09-18,0.38074820377446217,-0.3235948001786423,-0.20084926536518835
2017-09-19,0.38585308803589796,-0.3305116974250956,-0.19792638723694353
2017-09-20,0.383269594583648,-0.32151913014928407,-0.1636252844484843
2017-09-21,0.39107635671296315,-0.29682740740677344,-0.10893355062455622
2017-09-22,0.3912231058400689,-0.29580252533354867,-0.11269899138112513
2017-09-25,0.3936178437987145,-0.3023106156494184,-0.12376941309168223
2017-09-26,0.40324088487650966,-0.30075079356747497,-0.11808591174995328
2017-09-27,0.41276111060312837,-0.3133405089192193,-0.11733600381581405
2017-09-28,0.42629890827627553,-0.32554264533080257,-0.11733600381581405
2017-09-29,0.42498486382024486,-0.32485718039605316,-0.11733600381581405
2017-10-02,0.4226376530346583,-0.32356988346111526,-0.11733600381581405
2017-10-03,0.4227418157142632,-0.32361663592569023,-0.11733600381581405
2017-10-04,0.4396417207417729,-0.3386209866523028,-0.11733600381581405
2017-10-05,0.4659994674271815,-0.3394382933927337,-0.11365408172837137
2017-10-06,0.46254414913693254,-0.3385727197879196,-0.1137655242876139
2017-10-09,0.46446853766635915,-0.3379121649457346,-0.11346854502644914
2017-10-10,0.4757738978458548,-0.3436428413793212,-0.11356151648722693
2017-10-11,0.4762568125636411,-0.34365876769946496,-0.11348137239080773
2017-10-12,0.48335770414506607,-0.34458571508451447,-0.11292267545549776
2017-10-13,0.48155436713551436,-0.34480570111407605,-0.11261359879564636
2017-10-16,0.4884575087962077,-0.34484449966766717,-0.11330974599520004
2017-10-17,0.4740500079524301,-0.3478810456442099,-0.11479660230832947
2017-10-18,0.47349545784680913,-0.34793323215097655,-0.11437577219619251
2017-10-19,0.470296698115157,-0.34843970860064,-0.11287238014294065
2017-10-20,0.48695136219715135,-0.34603543588895574,-0.11353728741417904
2017-10-23,0.508513514325597,-0.34243899550288387,-0.11044885488717517
2017-10-24,0.5146764288496282,-0.3425178820394137,-0.1107379103948623
2017-10-25,0.5281291069230172,-0.3376595815958182,-0.11284104803714923
2017-10-26,0.5217213875010488,-0.33837173093296075,-0.1118276381010801
2017-10-27,0.5113658378705693,-0.3315855322073194,-0.08238095502114959
2017-10-30,0.5002977695782843,-0.3284449123080007,-0.08238018858184533
2017-10-31,0.5015958995295439,-0.328474834310223,-0.08234399182721214
2017-11-01,0.4970036032632533,-0.3297869210977337,-0.08319945631427739
2017-11-02,0.4961679770060243,-0.3297614678548228,-0.08269774946629332
2017-11-03,0.4998100271719396,-0.3291801529030229,-0.08180938760728702
2017-11-06,0.4976140236312763,-0.3310287171817919,-0.08227862656084936
2017-11-07,0.49680634083506336,-0.3307365390553595,-0.08257124442257884
2017-11-08,0.5064052696339972,-0.3036117054557985,-0.06984891649366003
2017-11-09,0.5175585363487349,-0.30378297308211233,-0.06720364990407901
2017-11-10,0.5461187870456845,-0.26906965359306384,-0.07141672316206162
2017-11-13,0.5459017350520974,-0.28061191474638386,-0.07651961754699235
2017-11-14,0.5517851273533694,-0.2891368490390649,-0.0735908972451739
2017-11-15,0.6539534304170268,-0.25679012912648563,-0.07123188245746974
2017-11-16,0.6820550813168942,-0.2524489096638539,-0.06957625113789351
2017-11-17,0.6864042811604738,-0.24976659038484222,-0.06762690536647688
2017-11-20,0.7370161266582108,-0.224547840477888,-0.07011143897150994
2017-11-21,0.7578495711667406,-0.20695716298846745,-0.06708560188398754
2017-11-22,0.7591728919744232,-0.21969539114703257,-0.06908219849784866
2017-11-24,0.7619926661128267,-0.2254692085078972,-0.06723068606622504
2017-11-27,0.7620573952719034,-0.22988835203183894,-0.06370270417821268
2017-11-28,0.7301856702946478,-0.21507232572627524,-0.06485368444748335
2017-11-29,0.707684834263117,-0.21581597427587745,-0.06245800650585274
2017-11-30,0.7062905971980571,-0.2884532711396702,-0.13070632332222587
2017-12-01,0.7108528636578706,-0.2894077605931773,-0.1286299747142392
2017-12-04,0.693987895467147,-0.20418336683772836,-0.06412663134995504
2017-12-05,0.6823614238369328,-0.19450106322659322,-0.057474704546495906
2017-12-06,0.679867908923939,-0.19214951534576752,-0.0737919542822234
2017-12-07,0.6796413534919031,-0.1922898626602481,-0.07786236280087383
2017-12-08,0.6607119918514318,-0.02071572170409689,0.036695839394209374
2017-12-11,0.6627609856013382,-0.03223013745240133,0.034719930574092055
2017-12-12,0.6611804343359929,-0.04075166463436535,0.0390874080197449
2017-12-13,0.6589265780957787,-0.03054542386274461,0.07139423581392418
2017-12-14,0.6526178010454124,-0.03199299354203307,0.08383174668995581
2017-12-15,0.6747011305631933,-0.012231630127549648,0.07184330537595712
2017-12-18,0.6834020753941963,-0.009242508658211772,0.0717669726597935
2017-12-19,0.6914006030548812,-0.024343648529309907,0.03893985572271101
2017-12-20,0.6858476910497255,-0.09106401712448967,-0.025829104735956957
2017-12-21,0.6841749889499891,-0.08442545788310092,-0.013912927773220885
2017-12-22,0.6842275687467356,-0.007338486574249747,0.03172934490352919
2017-12-26,0.6869884537175164,-0.09809756354798962,0.023212121200141392
2017-12-27,0.6929415718193915,,
2017-12-28,0.6928439113022533,,
2017-12-29,0.7051577346379138,-0.17406155741120036,-0.1472477975236505
2018-01-02,0.7286915070945974,0.13430640164096963,0.23518870807707226
2018-01-03,0.737848396286315,0.09037778000457054,0.19204786212793293
2018-01-04,0.7345797766046063,0.12045022693189565,0.18152215626518495
2018-01-05,0.7372706941974924,0.10516596321470516,0.16744279400045473
2018-01-08,0.739460809717008,0.10311845174538754,0.1657511621725562
2018-01-09,0.7373267975234014,0.08529216409786917,0.16539083584908057
2018-01-10,0.7406094707002002,0.07091982923253116,0.1525194189464853
2018-01-11,0.7417272767784098,0.10759131595071192,0.1685557340491814
2018-01-12,0.7435246698440919,0.18609975191835815,0.19632994107607657
2018-01-16,0.7457637242697525,0.1738256739292002,0.19159040793480586
2018-01-17,0.753960188674888,0.049706459658983904,0.10637493153809795
2018-01-18,0.7527438087911669,0.06100655037211179,0.10892854305110038
2018-01-19,0.7517289095100221,0.07718956703375941,0.11077746076323923
2018-01-22,0.7593543498419737,0.08738418672015298,0.11768572958831476
2018-01-23,0.7594951629952904,0.09154090632697866,0.13734019432598826
2018-01-24,0.7521867714041754,0.04809379505279867,0.045915445719756365
2018-01-25,0.7526599026200913,0.05732117047497628,0.056468368959876
2018-01-26,0.7663896667421523,0.052567308735836815,0.0539627062118488
2018-01-29,0.7697917432833765,0.10784531917934609,0.07983097159653633
2018-01-30,0.7922030854497917,0.16576055754891564,0.13372992469351297
2018-01-31,0.8000750388806932,0.15389368718537666,0.14066360521353283
2018-02-01,0.7979098767132637,0.14539147381277218,0.11949445817264767
2018-02-02,0.830597254881384,0.3515435321240698,0.27297462668044964
2018-02-05,0.6529305394125431,0.22662231174451697,0.2703973642776003
2018-02-06,0.6127033388437915,0.09917496832415468,0.2672691858742589
2018-02-07,0.6112202524038399,0.1137263350174581,0.26784021063031055
2018-02-08,0.611191280354275,0.11104814810034254,0.2667813897320683
2018-02-09,0.6113032388331443,0.11169112548175565,0.26816636621024187
2018-02-12,0.5886421917335988,0.13740591639595445,0.26388803755457285
2018-02-13,0.5876219754491546,0.13942596973164867,0.25733758796940936
2018-02-14,0.5708313628912904,0.21213309840726263,0.22301715378269338
2018-02-15,0.5547998697602716,0.2101588806514168,0.22201130447174144
2018-02-16,0.5498790080882388,0.21042262504679998,0.22248313653413374
2018-02-20,0.5393570480987411,0.242240086600592,0.22388869522476995
2018-02-21,0.5356658991596739,0.2515788113751289,0.22469251824675027
2018-02-22,0.5361393625487572,0.2500611059484612,0.22063726623123192
2018-02-23,0.5121725026216116,0.2351917106723945,0.226941123885081
2018-02-26,0.5033317836682922,0.2395167787690595,0.225837111325035
2018-02-27,0.4951538255762933,0.28093045340208805,0.22352099893914032
2018-02-28,0.49008407087012185,0.281804067935652,0.22380575396877764
2018-03-01,0.48082905691718625,0.2905804361848277,0.22465034739443362
2018-03-02,0.5028413023834948,0.2954094035501329,0.23345714281472837
2018-03-05,0.48475689951556555,0.2870541309927681,0.2378499828021266
2018-03-06,0.48245395609169156,0.2841846326361893,0.22674414953708705
2018-03-07,0.4913151109189334,0.28389471261053795,0.2333630086236927
2018-03-08,0.489366549529279,0.27978573407151947,0.23436789448642198
2018-03-09,0.528405282769844,0.2752988225851149,0.22645233906180942
2018-03-12,0.5229574564681407,0.2756510726868463,0.22564468527723544
2018-03-13,0.5280457970961562,0.2708660021835231,0.20677296868229222
2018-03-14,0.5291294797678966,0.2720144623278334,0.20999406459257278
2018-03-15,0.5307365592729676,0.27353990108214704,0.21299386965374698
2018-03-16,0.5295510028716987,0.2730088832668751,0.2166136903020092
2018-03-19,0.5562687393854387,0.2587634855253954,0.18196913343547258
2018-03-20,0.5492829926533994,0.258066682962419,0.18011576115465275
2018-03-21,0.5460749250995173,0.22972576922389568,0.14022147909331734
2018-03-22,0.5439922710284985,0.2359128137773933,0.1425588349352434
2018-03-23,0.5438480334710616,0.22642197226972807,0.1362035733667192
2018-03-26,0.5440972578919961,0.2250227775060004,0.1349174152047157
2018-03-27,0.5440361166367846,0.22403366679018705,0.1344418685389901
2018-03-28,0.5446599090894859,0.21799099688879311,0.13162237814190428
2018-03-29,0.5446966888344167,0.21795622494118183,0.13155541495023268
2018-04-02,0.5446208975863934,0.21177497318870872,0.12697378733442888
2018-04-03,0.5421825435711669,0.21705064077929762,0.13890641957919672
2018-04-04,0.5432735953354003,0.2024636755042808,0.07533043523355427
2018-04-05,0.5391274464743673,0.20744797917372365,0.08681313073647624
2018-04-06,0.5384484932105132,0.20238849803773362,0.08368012590690443
2018-04-09,0.5332792132282637,0.20469100844826252,0.08986310911122432
2018-04-10,0.5333395449649814,0.20461377414156462,0.09073928201899828
2018-04-11,0.5334638687493192,0.20591191479551207,0.0908523267606681
2018-04-12,0.5303701629961918,0.1790086889199928,0.09024301554484274
2018-04-13,0.5237064575874405,0.17004527998089183,0.08312547143922289
2018-04-16,0.5157159652522366,0.156338899536724,0.051216917882921986
2018-04-17,0.5095098389899483,0.15869519634555562,0.05295760573135187
2018-04-18,0.4970018905209704,0.18212963628746362,0.09236464739467941
2018-04-19,0.49510997237082466,0.1837247170736863,0.09261266589513316
2018-04-20,0.48777929071204684,0.1939408503527553,0.08464827050224875
2018-04-23,0.4770030926593503,0.1896085660871247,0.07608070008315501
2018-04-24,0.4802319834781532,0.18510545464779596,0.06000650908109799
2018-04-25,0.4840186352011955,0.18932084080706718,0.09081986059711863
2018-04-26,0.48161787199625417,0.1792968859406873,0.09089174749149188
2018-04-27,0.4591253669099109,0.17829256608635047,0.08940457610003708
2018-04-30,0.45308593176109585,0.1703584523745337,0.08044495546215548
2018-05-01,0.4378267246306368,0.16130233777343553,0.06758494575035073
2018-05-02,0.44038023932479203,0.16187218274224865,0.052125012609938993
2018-05-03,0.4459324776801187,0.16349792301050575,0.06771186394069569
2018-05-04,0.3378329010862385,0.09150405629350927,-0.08015513301405883
2018-05-07,0.403366206793611,0.14128920575030576,-0.08072321650452363
2018-05-08,0.42220049899690576,0.22233056432424025,-0.08054666058418647
2018-05-09,0.4492353237906434,0.21060940214499393,-0.07683801660918253
2018-05-10,0.4699811282206115,0.21102500785142544,-0.07353887063098871
2018-05-11,0.46884941570719146,0.21024607740729503,-0.07356006308810621
2018-05-14,0.48103715708990924,0.19366583265895954,-0.0737595675801382
2018-05-15,0.4988935496227108,0.1894899952074003,-0.07157109843730856
2018-05-16,0.5148452863571905,0.11634422080329364,-0.07515089719401105
2018-05-17,0.5291382520988052,0.11103458805119545,-0.07578845078961272
2018-05-18,0.5317376843983872,0.11006508516630213,-0.07619689053378223
2018-05-21,0.5467160769221439,0.07391539572155113,-0.07673449113572191
2018-05-22,0.5512741646459375,0.06242197275366661,-0.07692391702648682
2018-05-23,0.5459381205871404,0.0619380774544816,-0.07515554512725811
2018-05-24,0.5724461563857461,0.0728721210176882,-0.07522111352965279
2018-05-25,0.5858375857839634,0.06011682972557842,-0.07519964411721897
2018-05-29,0.6140759440010849,-0.0071653275567603964,-0.07727124124512004
2018-05-30,0.6458612098839193,-0.012645358044130915,-0.07602754681122362
2018-05-31,0.6773305050067738,-0.03175927661810604,-0.07622006511812138
2018-06-01,0.6930732979726371,-0.04357790128327811,-0.07103378472519839
2018-06-04,0.7152774974465949,-0.03511131905888376,-0.06986432796986007
2018-06-05,0.714809477166072,-0.046804860143679884,-0.06912745569791616
2018-06-06,0.7196378209111141,-0.05066477606260361,-0.07106463022874951
2018-06-07,0.7142743265829812,-0.04585560745668245,-0.07094877542568988
2018-06-08,0.6651218818700421,-0.059611489006320136,-0.08809666051445084
2018-06-11,0.676408649000975,-0.05955341975839545,-0.08873150934003309
2018-06-12,0.6626278589198187,-0.051505302743567696,-0.07516275235580056
2018-06-13,0.6654520111667012,-0.05407174293896128,-0.07542411980734134
2018-06-14,0.6548146121604981,-0.062735782038349,-0.07975731613203718
2018-06-15,0.6588844343443359,-0.06246779977581885,-0.08535882007277569
2018-06-18,0.5947910385192048,-0.04560641846960482,-0.06568772710486548
2018-06-19,0.6006313551489161,-0.04334260620498548,-0.057416117923897926
2018-06-20,0.5911660544257848,-0.009660021728140152,0.016039132024300136
2018-06-21,0.6081849064231915,-0.03055584792935454,0.006385565013203409
2018-06-22,0.6036866330168191,-0.021771921209500163,0.016993622799562277
2018-06-25,0.6405830629657,-0.02093677586043557,0.0171600211971203
2018-06-26,0.6393233849694259,-0.024845430016632912,0.013415013372613025
2018-06-27,0.6283479308837971,-0.03850415381680858,0.004838258025312802
2018-06-28,0.621588150525392,-0.037396635678894216,0.005192608657273514
2018-06-29,0.6209872580346294,-0.031964183693471655,0.015462321389772698
2018-07-02,0.6198579097083199,-0.03972178856647553,0.009689197623296085
2018-07-03,0.6183378965779888,-0.03923848887672172,0.010739790049763616
2018-07-05,0.6060568565570819,-0.04306466085193488,0.006424635401888689
2018-07-06,0.5937469547432173,-0.037168463031648835,0.010869236345718722
2018-07-09,0.5807850085394778,-0.030976485964552013,0.014177342456035231
2018-07-10,0.5786461507471103,-0.02706313232951881,0.01649430623886378
2018-07-11,0.5717290611391262,-0.02091996699719661,0.025741539981099765
2018-07-12,0.5948164110849266,0.07524809690935405,0.021353580591696505
2018-07-13,0.5946775468010129,0.11507960942546543,0.03532763262724502
2018-07-16,0.6050285697406896,0.09886014818860427,0.03647222073021509
2018-07-17,0.6269455564618607,0.08324518353870546,0.04173100295754974
2018-07-18,0.6234061805758367,0.08461466014966885,0.041966177995823147
2018-07-19,0.632467624236389,0.06585880930140094,0.03532506990887918
2018-07-20,0.6433638029754459,-0.05761831942989796,0.02664779828047952
2018-07-23,0.6429299943914917,-0.1020721653489613,0.01579085000136447
2018-07-24,0.645120509718635,-0.0803116976452933,0.03627440925150543
2018-07-25,0.6558623712311359,-0.18316668512047,0.029998092980889218
2018-07-26,0.6568187915521929,,
2018-07-27,0.6706503301975845,,
2018-07-30,0.6723320245122939,,
2018-07-31,0.6682720026080692,,
2018-08-01,0.6677593336732692,,
2018-08-02,0.662956500687823,,
2018-08-03,0.6852768896147176,,
2018-08-06,0.6849202261875247,,
2018-08-07,0.6830599277663059,,
2018-08-08,0.6715142866086299,,
2018-08-09,0.6571310264409285,,
2018-08-10,0.6516463801107399,,
2018-08-13,0.6495501415131886,,
2018-08-14,0.6276018858790159,,
2018-08-15,0.615323704052909,,
2018-08-16,0.6040883659032452,,
2018-08-17,0.5989084964440605,,
2018-08-20,0.5914942835663762,,
2018-08-21,0.5895660413715753,,
2018-08-22,0.5919410799583622,,
2018-08-23,0.5919353422188607,,
2018-08-24,0.5891034690693531,,
2018-08-27,0.5969226987513638,,
2018-08-28,0.5841811636003315,,
2018-08-29,0.593675435789954,,
2018-08-30,0.5672816885178377,,
2018-08-31,0.5611670548917624,,
2018-09-04,0.5656690640655749,,
2018-09-05,0.553625172951866,,
2018-09-06,0.5652355101554546,,
2018-09-07,0.5685176311787883,,
2018-09-10,0.5688740857308136,,
2018-09-11,0.57305602388734,,
2018-09-12,0.5755139291252694,,
2018-09-13,0.5916038537100066,,
2018-09-14,0.5897874321462065,,
2018-09-17,0.6029965934352022,,
2018-09-18,0.6088587823643195,,
2018-09-19,0.6131599320310817,,
2018-09-20,0.6158171645772107,,
2018-09-21,0.6184953466645458,,
2018-09-24,0.5841680237098376,,
2018-09-25,0.5818763625160636,,
2018-09-26,0.5959448048534536,,
2018-09-27,0.5995359797084043,,
2018-09-28,0.5996707536261868,,
2018-10-01,0.6008075593411834,,
2018-10-02,0.6064645594987342,,
2018-10-03,0.6200688745264517,,
2018-10-04,0.6662259389291977,,
2018-10-05,0.6797802206408905,,
2018-10-08,0.6823803297912348,,
2018-10-09,0.7002870485052792,,
2018-10-10,0.6164876801202578,,
2018-10-11,0.6163286133409112,-0.008097665800515302,0.004687079144857169
2018-10-12,0.6157027383289132,-0.00669572050554599,0.0030582232668721725
2018-10-15,0.6102885252989995,-0.0068711790545824955,0.006114941598124516
2018-10-16,0.613313032456552,-0.005489329653546671,0.005088776476155422
2018-10-17,0.6087538222922211,-0.007176705893851204,0.003487216116193835
2018-10-18,0.6091821499729495,-0.00804889499094501,0.0035722404037461285
2018-10-19,0.6080457861484292,-0.00742852712511498,0.004798207585573601
2018-10-22,0.6035173094985069,-0.004559698896248971,0.005601946359701719
2018-10-23,0.5722221073300349,-0.0011383293598632154,0.012798528462789102
2018-10-24,0.5821130689494655,-0.002620550451955588,0.007663514248435289
2018-10-25,0.5558989772638038,-0.006242652600134759,0.001450744829254616
2018-10-26,0.5552247664501277,-0.010227306434541724,0.00047394501268839746
2018-10-29,0.5613130748404901,-0.006305834184686413,0.00041125792868374356
2018-10-30,0.5623422045923456,-0.006039546096748369,0.00034320440669258966
2018-10-31,0.5703719934656364,-0.0027279934343519773,0.0002582045613334542
2018-11-01,0.5756031786213152,-0.001939492491137681,0.00039702007986077656
2018-11-02,0.5796295109971548,2.252613260101794e-05,0.00039920191780769596
2018-11-05,0.5830598706034857,0.0016765607780705298,0.0003674968965710979
2018-11-06,0.5831135326007303,0.0013071901013378593,0.00033022519270092885
2018-11-07,0.4831983770009083,-0.00873035690686235,0.0003291408708606429
2018-11-08,0.4916754938049531,-0.006400031073971653,0.00030136868884425024
2018-11-09,0.4921595493545061,0.010751211240172465,0.0002355549380579041
2018-11-12,0.4991965052898321,0.012666307932070497,0.0002355549380579041
2018-11-13,0.512030432642524,0.010865418956819172,0.0002355549380579041
2018-11-14,0.5253584290481049,0.013500432259612963,0.0002355549380579041
2018-11-15,0.5277948981096048,0.014588147755696987,0.0002355549380579041
2018-11-16,0.5286340177226239,0.015233245408186127,0.0002355549380579041
2018-11-19,0.5297130850196627,0.015947974411046617,0.0002355549380579041
2018-11-20,0.5298558631932346,0.01577185485687492,0.0002355549380579041
2018-11-21,0.530417944331823,0.015391870360389734,0.0002355549380579041
2018-11-23,0.5388228091828918,0.01742966300381491,0.0002355549380579041
2018-11-26,0.5132179495645831,0.020379543832240145,0.002419443989478201
2018-11-27,0.5130653605652742,0.020524711349923196,0.002789488443605535
2018-11-28,0.49102298784093057,0.022509558711096247,0.00597001625673033
2018-11-29,0.4904823025974339,0.021411934626119542,0.00550789638116362
2018-11-30,0.49084144873637275,0.02141655945532069,0.0058530299463810526
2018-12-03,0.45639272014042415,0.01575432024048732,0.004748366071686658
2018-12-04,0.45445424946301516,0.015718462082792654,0.0014052647139819283
2018-12-06,0.4467225781441585,0.01490016366243954,-0.0011659729066998356
2018-12-07,0.4429952057362105,0.012590400954505695,-0.0030413577739301896
2018-12-10,0.44115031260476145,0.013866212975804433,-0.0014971358832108182
2018-12-11,0.4331306175190033,0.015189518323051992,0.0010600723610202118
2018-12-12,0.4351189777743044,0.014925600262892092,0.00010673856740557694
2018-12-13,0.40549931133801254,0.01732813190147768,0.003794476255270583
2018-12-14,0.40749521093927255,0.017453907121623403,0.002247222525906668
2018-12-17,0.3784553987727068,0.015057633270971166,-0.0027843227769613994
2018-12-18,0.34848397024516925,0.01707440950518501,0.0009718930177969513
2018-12-19,0.3497562521670105,0.017422730709906308,0.00044161798124035367
2018-12-20,0.27106003675162005,0.01998994853437221,0.008420408586509574
2018-12-21,0.27241897499259277,0.019092487691824138,0.004170253323784467
2018-12-24,0.2914335942175903,0.01726701997946912,0.007722656288524497
2018-12-26,0.2945332747586729,0.016654132961160098,0.008187068794640673
2018-12-27,0.30046805843871327,0.014622334983449219,0.010253121860678636
2018-12-28,0.2894926634950365,0.01637095463631009,0.021077106792074318
2018-12-31,0.2894445752940509,0.016429373981745283,0.021490176952060465
2019-01-02,0.27913739785533676,0.019014055899519933,0.024188080190301425
2019-01-03,0.27871699114738513,0.01855929883968584,0.024998300398817546
2019-01-04,0.2780784485437893,0.01819340751061269,0.022466555898500454
2019-01-07,0.19990903748087208,0.012978237708857285,0.022169341252474554
2019-01-08,,0.00918471923166697,
2019-01-09,,0.008230163058273692,
2019-01-10,,0.00783511614533884,
2019-01-11,,-0.003249922972196021,
2019-01-14,,0.006142637588599245,
2019-01-15,,0.004790867756707126,
2019-01-16,,0.006488313267771272,
2019-01-17,,0.006297252465764444,
2019-01-18,0.443041962157133,-0.1102026235272345,-0.2604406621794201
2019-01-22,0.2758332897677945,-0.11861808096100131,-0.17879247813230595
2019-01-23,0.27398798711827277,-0.11724739648153422,-0.18167460731699703
2019-01-24,0.25635753371463255,-0.1180491169399551,-0.18978664652118152
2019-01-25,0.21744356783530408,-0.11572012591905749,0.012118958891477209
2019-01-28,0.20465788987427758,-0.11613193771337046,-0.021821089336824855
2019-01-29,0.2009853224360093,-0.1196318829608409,-0.05973145465038566
2019-01-30,0.43714520647871946,-0.044517333336989394,0.03731636874800084
2019-01-31,0.48346974935146886,-0.04882445217376041,0.03146239956130818
2019-02-01,0.4821168862908971,-0.052056112051421494,0.038325283886557995
2019-02-04,0.506397470348928,-0.0819695769750481,-0.0018376380278958724
2019-02-05,0.5128337935740604,-0.07022712711952497,0.011669375792308121
2019-02-06,0.5156561504545382,-0.05410075578926255,0.0275015443444422
2019-02-07,0.5601377980044518,-0.06881357427511506,0.011139372242539988
2019-02-08,0.5600396303955464,-0.07104599849680016,0.012873927547247315
2019-02-11,0.6936481978085182,-0.0685692592690751,0.017039474266467455
2019-02-12,0.7261269888735578,-0.055665320487668826,0.02587050866700387
2019-02-13,0.7297526134046757,-0.0889070480957878,0.023743197823497344
2019-02-14,0.724447045410364,-0.10189717010953014,0.024578701351614347
2019-02-15,0.708872921603796,-0.055860894033296186,0.03325533265499055
2019-02-19,0.708953399277321,-0.047072218428395964,0.0391071596039023
2019-02-20,0.7080140956262535,-0.05000106255230753,0.039985327917782386
2019-02-21,0.7106785652290397,-0.004970635859070266,0.06407308991187664
2019-02-22,0.7163853909727721,0.003443987247937937,0.07095424521562477
2019-02-25,0.715424082208225,0.0023123414765181863,0.06759305068563078
2019-02-26,0.7139030826704126,0.0004843537904534831,0.0671695945421892
2019-02-27,0.7141497225245369,0.009302415652568617,0.07145078078719933
2019-02-28,0.7154984422831067,0.022613803069591973,0.07980363557635232
2019-03-01,0.7201521937957942,-0.013874849337860347,0.04928638280910774
2019-03-04,0.7144977943399833,-0.011915441232281507,0.04923291939873248
2019-03-05,0.712610936828056,-0.01120320354314287,0.04899717360866599
2019-03-06,0.7180840334046553,-0.008009650210135177,0.05043266350522252
2019-03-07,0.7845052067567322,0.0021296630003875628,0.05270890263463799
2019-03-08,0.7872630420791971,0.0018607124571005916,0.053144156803477983
2019-03-11,0.8154685713869764,-0.00491888682599732,0.04354995278352357
2019-03-12,0.8164769832297092,-0.0022203511276018377,0.04515258803861337
2019-03-13,0.8188751782478353,-0.00736209173591971,0.04142789245176116
2019-03-14,0.8192658551670842,-0.007948558117527772,0.04130252400511416
2019-03-15,0.8210579693626162,-0.00841304389073347,0.039467931922718205
2019-03-18,0.8202874799557199,-0.011712885742743926,0.037684530419668245
2019-03-19,0.8183472517909196,-0.015152406467330126,0.03460715338195401
2019-03-20,0.8067872822776545,-0.00827401663334226,0.03793489031840299
2019-03-21,0.8183071461409589,-0.010447378776535203,0.034465007854712154
2019-03-22,0.8449878930123893,-0.0065661710734912825,0.03428400866979577
2019-03-25,0.8452315707991133,0.0033003677572947965,0.045423310490776164
2019-03-26,0.8426948651157337,-0.0018507635655484781,0.042309296821294785
2019-03-27,0.8451875701178855,0.007256322354655347,0.05100336546846323
2019-03-28,0.8444350271288745,0.004288225560158898,0.04914483716073455
2019-03-29,0.8458821126278772,0.00874474990674195,0.05327343974948264
2019-04-01,0.850941765278316,0.01005588793640824,0.05394004728429966
2019-04-02,0.8494808012774697,0.011388354860061543,0.054746385785700416
2019-04-03,0.8478577027920123,0.01179608410350305,0.054680168591628206
2019-04-04,0.8461784596809618,0.020454704232947405,0.0634573491147773
2019-04-05,0.8463980833537325,0.01251937794620111,0.05813032780386046
2019-04-08,0.8458647295521705,0.01606914655867827,0.06118914618744855
2019-04-09,0.8459065904530173,0.013730520494198147,0.05912829006828567
2019-04-10,0.8459810987435998,0.020167905947695648,0.06534371735881642
2019-04-11,0.8459966401692498,0.014372262915332215,0.06109097522562374
2019-04-12,0.8441250081756168,0.015506085482564136,0.06240985338314251
2019-04-15,0.8439670976853574,0.018200009850196493,0.06473300736407979
2019-04-16,0.8428865457023532,0.01629271979898553,0.0630610313518412
2019-04-17,0.8372951350559641,0.019966038718614864,0.06626411678911687
2019-04-18,0.8369477586962948,0.018457442365021552,0.0650151830504575
2019-04-22,0.8413075327984147,0.08654821641338027,0.09433543205004429
2019-04-23,0.8687955440319077,0.0947175445301287,0.1354375529490028
2019-04-24,0.8698406121961375,0.09321882077139958,0.1345927690589906
2019-04-25,0.8718733491705465,0.09160525581137974,0.13833789499478014
2019-04-26,0.88498975898523,0.12096308663735189,0.0793539254088225
2019-04-29,0.9026810443880895,0.1267171877689255,0.11269068988610335
2019-04-30,0.9048384595278126,0.13714897326875006,0.15578619933594567
2019-05-01,0.8951519592878894,0.0779340347412988,0.08143877891861756
2019-05-02,0.8936592882497971,0.07372730427778189,0.07592240159834918
2019-05-03,0.9002971360861478,0.0728856134573829,0.06896923462119973
2019-05-06,0.9011568585053532,0.09228854616201383,0.09825903576436554
2019-05-07,0.915855480497301,0.07777748846796219,0.07653371762944777
2019-05-08,0.915723060868429,0.0682570618427227,0.060422825731121274
2019-05-09,0.9101378486021454,0.09115728976996805,0.0877584281925422
2019-05-10,0.9043180992013545,0.09185271249503772,0.08765681538674557
2019-05-13,0.807374724125748,0.07831992619550532,0.08075066270557713
2019-05-14,0.7825930559755214,0.060339927571216624,0.06229349902503397
2019-05-15,0.7778605363390133,0.06873599289907613,0.061083816633378946
2019-05-16,0.7653409882448667,0.08345988269340732,0.06315225889363756
2019-05-17,0.7663807974965343,0.0361160962428851,0.05157682211837251
2019-05-20,0.7625043895817802,0.02506264870076083,0.05723680791551581
2019-05-21,0.7508955794663534,0.031079926051321677,0.05493054082705375
2019-05-22,0.7489944614923669,-0.022042153066363073,-0.0009000995587027093
2019-05-23,0.7317701875804983,-0.05900140773723979,-0.0347550543664597
2019-05-24,0.7304038848485962,-0.05707817966216228,-0.03294939504164061
2019-05-28,0.7209037507921999,-0.059220859354373705,-0.033626413854936546
2019-05-29,0.7208798802207323,-0.07579732330402664,-0.05977691990596142
2019-05-30,0.7204234222397214,-0.10743326250078265,-0.10490119338175269
2019-05-31,0.7171197651668294,,
2019-06-03,0.7176047845988441,-0.0017354775076986627,-0.019177291805545123
2019-06-04,0.6678029219640029,0.0009239557020319757,-0.019429103823948263
2019-06-05,0.6545907197981158,0.022843541409966098,-0.02497805374594399
2019-06-06,0.6390068577698274,0.04046393371309387,-0.03555692919824457
2019-06-07,0.6270696213816698,0.09062502206649165,-0.043680078950784754
2019-06-10,0.5989073159094699,0.044755856029040954,-0.017229723681855307
2019-06-11,0.597883891412873,0.046871676688331684,-0.01448452774006901
2019-06-12,0.5930429201117202,0.034796792308503285,-0.016977200340750773
2019-06-13,0.5907688592883301,0.049545455295600595,-0.02223064130453114
2019-06-14,0.589214610758223,0.0522310655232519,-0.018355289915086854
2019-06-17,0.5885599758845399,0.0535269669620339,-0.016891409588814358
2019-06-18,0.604278785931355,0.08918711740698823,0.0435291075262809
2019-06-19,0.6111864186227965,0.09055957590257359,0.059686300615098456
2019-06-20,0.6052677323989145,0.1741116186579811,0.18411918447528167
2019-06-21,0.5359473742786968,0.16326305354586143,0.17964261938420534
2019-06-24,0.5355197447819009,0.1323347975682409,0.15422446978507534
2019-06-25,0.5546046060916923,0.13156765996267714,0.13818064922589773
2019-06-26,0.5420585320381776,0.13304609066301779,0.10393607437488077
2019-06-27,0.5426926182932764,0.1318370335872725,0.10083739843855051
2019-06-28,0.5361309800873294,0.1381959134730379,0.10720401343613119
2019-07-01,0.5267385719252211,0.05545382508363926,-0.03760437050077865
2019-07-02,0.5290330855636535,0.06276575044741409,-0.0016623861005916093
2019-07-03,0.5397364356118936,0.063627299300925,0.0025549950145232797
2019-07-05,0.5419091777916246,0.07213589880307769,0.01812430605360796
2019-07-08,0.5470348266958666,0.08999284408088472,0.045926380977053254
2019-07-09,0.545737570589424,0.09023214959236013,0.05145142667645863
2019-07-10,0.5427896337976118,0.10403958842055105,0.10338603073443307
2019-07-11,0.5403868042856443,0.09882607696877894,0.11066003361905376
2019-07-12,0.5426973630128086,0.10366041228464948,0.11850440871174385
2019-07-15,0.5381097143996778,0.10699571746814071,0.1192687618372641
2019-07-16,0.5415941180563486,0.11792382811581349,0.13949843420860966
2019-07-17,0.5501641988281555,0.074710367134837,0.10129084964540627
2019-07-18,0.5554469872188973,0.08248126100670192,0.10287505889122178
2019-07-19,0.5628373945075053,0.11043271957191217,0.1439160689041066
2019-07-22,0.5609547544827426,0.10964585105205915,0.13944363151023084
2019-07-23,0.5542410287540684,0.09933511714827736,0.13269934814139628
2019-07-24,0.5553875098325689,0.10221160562250615,0.1385678620230395
2019-07-25,0.5647394234618998,0.11406943336262457,0.16544521679938026
2019-07-26,0.5717156655228982,0.11582336099309111,0.1635898419159501
2019-07-29,0.5728862728323715,0.1114603566742757,0.15597876679231223
2019-07-30,0.5822275971950881,0.10933199014033586,0.15021553048926045
2019-07-31,0.6010288310240507,0.14940246513346292,0.20510301516389323
2019-08-01,0.6056826782737751,0.08263024420383931,0.1540774287467423
2019-08-02,0.6004813935539568,0.09771896525487977,0.17931046282469792
2019-08-05,0.5885460077616134,0.06106960513308295,0.17434343080653758
2019-08-06,0.535729724049247,0.05473982462065768,0.18142134339946808
2019-08-07,0.5357380716395275,0.051158914462148014,0.1757118597244248
2019-08-08,0.5069508014898519,0.059543700622169425,0.17484935757835474
2019-08-09,0.5063015763485532,0.07154672256272147,0.17490146300564044
2019-08-12,0.5571415829902553,0.05658782888789696,0.17244782298737557
2019-08-13,0.5443309012229461,0.030185583502497716,0.17226163837577724
2019-08-14,0.5467696386177383,0.02836072625274587,0.170916488407824
2019-08-15,0.5550500710841115,0.03294816359163079,0.16965900153538532
2019-08-16,0.5405776850964078,-0.002006674904145639,0.16941722828247274
2019-08-19,0.5322897196507801,-0.04405620121791814,0.16804003180841637
2019-08-20,0.5337002080375265,-0.052041974731967,0.1664307729701239
2019-08-21,0.5291265804739199,-0.06333557333259453,0.16651920865304706
2019-08-22,0.5429780402555652,-0.07073823248247105,0.1666196367117535
2019-08-23,0.541119552434927,-0.09342584420722229,0.15925261196142895
2019-08-26,0.5526561809176008,-0.10260252397271956,0.15924200457527304
2019-08-27,0.5526561809176008,-0.1060702140327904,0.15723169675287516
2019-08-28,0.5495863025695825,-0.11290098042851626,0.15732093733024013
2019-08-29,0.5361598538990546,-0.13688482064904334,0.15712981172576343
2019-08-30,0.5360745730086992,-0.13012018974943776,0.1606112809985903
2019-09-03,0.5722621534153356,-0.14829046622928924,0.1568108989102857
2019-09-04,0.5668613960451345,-0.1375893977962485,0.15608580384347823
2019-09-05,0.5968576976849522,-0.1985648600547228,0.021022993913558285
2019-09-06,0.607270142187291,-0.20503823680986016,0.02641381885258636
2019-09-09,0.6092233688598434,-0.19686637138077762,0.028740192614668942
2019-09-10,0.6094578877489184,-0.19245453959072917,0.03791578472655076
2019-09-11,0.6155725783821605,-0.18346304015979964,0.04759573681768117
2019-09-12,0.6178782775319214,-0.1863312004637442,0.04868246462900645
2019-09-13,0.618571345856472,-0.16986333294292233,0.0710782698137212
2019-09-16,0.6219876431633241,-0.16826796645736217,0.07222655630563873
2019-09-17,0.6062126552873303,-0.17880825351391172,0.06130727774037151
2019-09-18,0.6066918247382863,-0.17980620805321382,0.05793151356672833
2019-09-19,0.5934094374077798,-0.2386888833306113,0.0016976957341953381
2019-09-20,0.5990057143854631,-0.23311480003925283,0.007090719377825706
2019-09-23,0.5990916452527214,-0.22845324896192434,0.008096703876090688
2019-09-24,0.5772360835332292,-0.22512499100293645,0.01660004103975172
2019-09-25,0.5815120762435384,-0.23243213459506745,0.029343667503449525
2019-09-26,0.5797128514763713,-0.23066710489741002,0.03127493295433547
2019-09-27,0.5762479913047356,-0.23051689722321392,0.030780337644765177
2019-09-30,0.5602581749749522,-0.1992483622799721,0.12248445033873082
2019-10-01,0.5437056252575009,-0.2079328917255702,0.10037855028204537
2019-10-02,0.5296037737105711,-0.21023569043258333,0.09945540262214778
2019-10-03,0.5288777097661691,-0.21855172545884216,0.09249958983305619
2019-10-04,0.506041984771339,-0.23017669635729146,0.07579810122173634
2019-10-07,0.5069872889596181,-0.2284150177567102,0.07162971547657698
2019-10-08,0.5054427067108398,-0.25032897984030716,0.016588337027674163
2019-10-09,0.5012099569522358,-0.24722465926603843,0.014629818693299691
2019-10-10,0.49537826865481405,-0.2537800146036762,0.0014239245475738088
2019-10-11,0.4923787960374433,-0.2516308897244751,0.0022193562894185434
2019-10-14,0.4873303076288345,-0.26445659724023873,-0.016228457630139605
2019-10-15,0.47207121782825645,-0.2381043583186415,0.015237392044997196
2019-10-16,0.47042746270832025,-0.25264893685657724,0.007879324051176678
2019-10-17,0.4582162340646577,-0.292148802269676,-0.04188333061142535
2019-10-18,0.4630348697066082,-0.2896490719461711,-0.04062149405319039
2019-10-21,0.45145365544582583,-0.2813483408627876,-0.02149651854980921
2019-10-22,0.4468462018235625,-0.28584593436952166,-0.03871856802784038
2019-10-23,0.43675768929092385,-0.30328281363993204,-0.07729682690561594
2019-10-24,0.4299718193673679,-0.30669801078175846,-0.0884167780336911
2019-10-25,0.4277506297495125,-0.3032231924750436,-0.07859728155379285
2019-10-28,0.42552944394718856,-0.30065355179885506,-0.07137464963498824
2019-10-29,0.36715348173352097,-0.36972812205186667,-0.18555302717878272
2019-10-30,0.34469266850127833,-0.32516182174962754,-0.12758964870504855
2019-10-31,0.31462572569284125,-0.3432519925127661,-0.1503699448210346
2019-11-01,0.34505727608085546,-0.2998054900169757,-0.14593168813464277
2019-11-04,0.34538322108714886,-0.2970655259260318,-0.14233627722641098
2019-11-05,0.3443314944225829,-0.29787979871907966,-0.1427332727016637
2019-11-06,0.3738242636464005,-0.3560084756790026,-0.14141173512955976
2019-11-07,0.3779011971605815,-0.3735383429008578,-0.14172080326655156
2019-11-08,0.37637529511910467,-0.3632759095709866,-0.13854039744885702
2019-11-11,0.40126906551137,-0.3467227752326688,-0.14234478104091816
2019-11-12,0.4005778372269642,-0.33654732777174884,-0.13955612846489168
2019-11-13,0.40030361865057373,-0.3345749657224584,-0.137757649469983
2019-11-14,0.4225422019504867,-0.3147928606361444,-0.14222806852153394
2019-11-15,0.45583983762657165,-0.2686549591026003,-0.14779316439642223
2019-11-18,0.4614181704580217,-0.23863228597364086,-0.14543299329002307
2019-11-19,0.4700665138304871,-0.2322837760443486,-0.14727147584447733
2019-11-20,0.48237416711392767,-0.2341444004557735,-0.1470221322684894
2019-11-21,0.4880066356497631,-0.19024898604624402,-0.15352090925646733
2019-11-22,0.48751048950342485,-0.18938114923698499,-0.15316815801846184
2019-11-25,0.5033880661723256,-0.18043679819149677,-0.1374292635652496
2019-11-26,0.5099260740029724,-0.1754859339324259,-0.13853562868956074
2019-11-27,0.5415967458261369,-0.13445037540967494,-0.1404462341256142
2019-11-29,0.5504943220298678,-0.13835175472807154,-0.14301511663438124
2019-12-02,0.5878846410085488,-0.0760568227280304,-0.14349654561808453
2019-12-03,0.6300975126371512,-0.13655794259472925,-0.1442064216088031
2019-12-04,0.5907751458288215,0.09879962042076967,0.23492092147917984
2019-12-05,0.5911903447311697,0.10201754637979818,0.23373394534067804
2019-12-06,0.6132279658748805,0.10171055560926272,0.22012853739719362
2019-12-09,0.6189649870547452,0.09300846525122747,0.19340503538617435
2019-12-10,0.6080108856370108,0.05014031703496916,0.13025124258339119
2019-12-11,0.606042994142886,0.04397815140080773,0.12072633423520182
2019-12-12,0.6199350600658309,,
2019-12-13,0.6115174582244116,,
2019-12-16,0.6217553677491278,,
2019-12-17,0.6216774604014255,,
2019-12-18,0.6226803337584642,,
2019-12-19,0.6151947052351131,,
2019-12-20,0.61710917281413,,
2019-12-23,0.6073765345434153,,
2019-12-24,0.6167083582294349,,
2019-12-26,0.6196554395111881,,
2019-12-27,0.6241756343633942,,
2019-12-30,0.6452965285639756,,
2019-12-31,0.6758707703565666,,
2020-01-02,0.6925775051543664,0.20475598863109043,0.38900421002738195
2020-01-03,0.7132551283607377,-0.15654861810441975,-0.0946436574511465
2020-01-06,0.7592976063934694,-0.09518788996138446,-0.009196357018848097
2020-01-07,0.7627692980498465,-0.12417795032753307,-0.018898944009268073
2020-01-08,0.7658486821397351,-0.15611335177537655,-0.07581010722939113
2020-01-09,0.794906167832108,-0.18807229503586043,-0.11946149013289371
2020-01-10,0.8129183969529038,-0.2149936457645972,-0.1441826927574473
2020-01-13,0.8548998189094893,-0.2538458162714473,-0.2100869752990593
2020-01-14,0.8558351689709495,-0.2493798786306652,-0.2013098253729828
2020-01-15,0.8931873354412684,-0.24165098056478465,-0.20527919491502053
2020-01-16,0.8970572972741735,-0.2551668870536316,-0.21681932166080053
2020-01-17,0.9007002975203557,-0.2514862481293966,-0.21312009118997216
2020-01-21,0.9071319810756122,-0.2604878066105855,-0.21565303918065526
2020-01-22,0.925482584905024,-0.2604857699432784,-0.21689639569363622
2020-01-23,0.9286634510373627,-0.2667637889139697,-0.2158993030754026
2020-01-24,0.9352963202253209,-0.3154051298570313,-0.25900440720999013
2020-01-27,0.9496255101843413,-0.3858876244444357,-0.3385312161068972
2020-01-28,0.952123232784486,-0.4330372518208093,-0.39751796174637066
2020-01-29,0.9511573459410476,-0.43559222092958627,-0.3937917001956073
2020-01-30,0.9617312579498932,-0.4372747278325989,-0.4057936016119016
2020-01-31,0.960828926620536,-0.46773155386891285,-0.4378321164463623
2020-02-03,0.9589699955597518,-0.4879046448468649,-0.4727725328570798
2020-02-04,0.9626980653622453,-0.5562242043599478,-0.5538207327681735
2020-02-05,0.9430797313246333,-0.5367613934456719,-0.5535181345065657
2020-02-06,0.9413767501331408,-0.5247088915529192,-0.5269926508203404
2020-02-07,0.9430321019747945,-0.5283773436867025,-0.532866324723043
2020-02-10,0.9439247438591855,-0.5146052333093027,-0.5139172379307028
2020-02-11,0.9429817983754323,-0.5113557525803389,-0.5049161130679428
2020-02-12,0.9433385579877106,-0.5148306225437029,-0.5077120021428374
2020-02-13,0.9435052877551818,-0.5160567612102028,-0.5102176391330545
2020-02-14,0.9435192984254626,-0.5134436608130348,-0.5075747781208203
2020-02-18,0.9439342497550468,-0.5095192333312367,-0.4902467848197062
2020-02-19,0.9435973351484751,-0.4941666544876544,-0.4652366213823711
2020-02-20,0.9419856559460805,-0.4996499886645911,-0.4727658299209812
2020-02-21,0.9418992326912761,-0.5392712929825114,-0.5368091308377649
2020-02-24,0.9337523378655527,-0.5516004126967309,-0.5695047570264999
2020-02-25,0.9073056993442438,-0.3624979111740328,-0.502132783996802
2020-02-26,0.9081247264194006,-0.36151811310159027,-0.5031340871004542
2020-02-27,0.906682051943601,-0.3607606064784688,-0.5039406624077096
2020-02-28,0.9068595218962627,-0.26987871500005883,-0.3665731852805645
2020-03-02,0.906258421902051,-0.2690869660202259,-0.3672992339130637
2020-03-03,0.9058345840582399,-0.24073295836517447,-0.33694702269276544
2020-03-04,0.9036540797090507,-0.2460686559476529,-0.34549150217729285
2020-03-05,0.9021174807878554,-0.24125135740695172,-0.34385539936778714
2020-03-06,0.9024622392057611,-0.24005328812968788,-0.3426047823439034
2020-03-09,0.9024713512720477,-0.2396402908579071,-0.3425192834694268
2020-03-10,0.9003670972325583,-0.22557262304234033,-0.31787212195119663
2020-03-11,0.9002111990817929,-0.22619389457939887,-0.31848731714891254
2020-03-12,0.9000378660014752,-0.19471714688294262,-0.26552939067528747
2020-03-13,0.899715325259011,-0.19362286247846514,-0.2627220166089946
2020-03-16,0.8994660614242599,-0.1948114377326734,-0.2631214601928624
2020-03-17,0.8994791064945151,-0.19476187515093552,-0.2628947439600436
2020-03-18,0.8978531130556607,-0.1954434164828181,-0.264370676040085
2020-03-19,0.897779720561308,-0.19542539787453014,-0.2642888456292856
2020-03-20,0.8976527032193459,-0.1954213416584245,-0.26418491951893996
2020-03-23,0.8969482090748189,-0.19552457881509946,-0.26443506322999655
2020-03-24,0.8968623827344104,-0.19568759674578637,-0.264335603618064
2020-03-25,0.8966407225492997,-0.19562219520403365,-0.26416295934290945
2020-03-26,0.8965404428361985,-0.19562121279404554,-0.26409499559567945
2020-03-27,0.8954892660178863,-0.19600860229143113,-0.2653159193913731
2020-03-30,0.8956454734111245,-0.19603289181122754,-0.2654569210672598
2020-03-31,0.894605206847788,-0.19743156383169416,-0.2678099323798789
2020-04-01,0.8948002024053496,-0.19739817862712025,-0.2676474454233378
2020-04-02,0.8932256365158597,-0.21197073704403047,-0.29387933543080286
2020-04-03,0.8912352258205472,-0.19559256398458413,-0.27560104465283514
2020-04-06,0.890548775098987,-0.20715418370876512,-0.29120340054113525
2020-04-07,0.8908370946932157,-0.20535256334082494,-0.29090798703961535
2020-04-08,0.8895242772614601,-0.19783378293416548,-0.2833969314668717
2020-04-09,0.8874829183351461,-0.19066533742753522,-0.27705726044897105
2020-04-13,0.8871288499182636,-0.18323198055014608,-0.270946407023715
2020-04-14,0.7290319562181655,-0.17122208912294606,-0.1583882377521774
2020-04-15,0.7172793831180105,-0.1718269802228579,-0.14553795872531267
2020-04-16,0.7011889799127661,-0.17591311304495047,-0.14502558456316988
2020-04-17,0.6931407917118276,-0.17241125327795565,-0.16516078747132132
2020-04-20,0.6798544735170196,-0.17266242937716203,-0.1776647230949383
2020-04-21,0.6033463240650109,-0.17289644105350915,-0.122093918172358
2020-04-22,0.5740904938727632,-0.1656744756568645,-0.038915753041972
2020-04-23,0.5729588367559948,-0.16411649160023803,-0.04271224066662102
2020-04-24,0.5607951090507017,-0.1569492083934584,-0.044876054181125585
2020-04-27,0.5264611952173105,-0.14129398869012708,-0.033236542421944966
2020-04-28,0.4951984736937767,-0.12257829508373232,-0.004329126165071166
2020-04-29,0.5765519612207806,-0.0792066280383975,0.017981966886999705
2020-04-30,0.5715802742263228,-0.04297136027870723,0.02150842768001177
2020-05-01,0.5416272137817131,-0.026458441144077863,0.011184793080908115
2020-05-04,0.5292691298432034,-0.016334461145054675,0.02599150283762517
2020-05-05,0.4950549862830568,0.02942346699709763,0.06614630059134605
2020-05-06,0.5037436686096164,0.025761181844926467,0.05708324016915434
2020-05-07,0.4981501205265827,0.02280053641375955,0.07234681512317936
2020-05-08,0.5070852467288585,0.002424871661130738,0.06438129399881443
2020-05-11,0.49823506448835053,-0.002580024453794383,0.05582307570485651
2020-05-12,0.4976592900825414,-0.003207151267964054,0.04451154085600634
2020-05-13,0.48611993776899093,-0.0006595261023188258,0.031103013572213362
2020-05-14,0.4844022139289084,0.0010212778340362375,0.042065949932549355
2020-05-15,0.48389691805073365,-0.00015194427354871105,0.04442010502077459
2020-05-18,0.49778062128919653,-0.03875711889983322,0.030058328839485032
2020-05-19,0.4925319411418699,-0.06182959147655244,0.020944576791782965
2020-05-20,0.5129413200608103,-0.04943388222535024,0.02994046496835212
2020-05-21,0.5029942401261243,-0.002635365371578006,0.08417131925228388
2020-05-22,0.4437330894637834,0.0686389653062553,0.1175644595458764
2020-05-26,0.4383611196219663,-0.03049716900614417,0.12169738007940634
2020-05-27,0.4311893100478821,-0.02139163539823097,0.12377404199763023
2020-05-28,0.431929152444101,-0.023805563719850903,0.12232254058311968
2020-05-29,0.43502412983069894,-0.032133219172492025,0.13410727397261799
2020-06-01,0.43445280524355273,-0.027655881094961223,0.13609203688196747
2020-06-02,0.435658647028642,-0.028577913557001663,0.15291234725533157
2020-06-03,0.4289906071408026,-0.07687082556443678,0.14485554567792092
2020-06-04,0.43305119095713424,-0.08166389158811387,0.1419133462689785
2020-06-05,0.45914175000084956,-0.08921795805707233,0.13377741436502857
2020-06-08,0.4598852164185228,-0.08477082412339029,0.1352484031812851
2020-06-09,0.4455213023214672,-0.09928425926536896,0.13281574407683366
2020-06-10,0.42787848391923705,-0.10108134596365774,0.1319028418813239
2020-06-11,0.5931279745207635,-0.10095945779758529,0.12255138992917614
2020-06-12,0.5937365108167144,-0.1026722509307284,0.12076808568409926
2020-06-15,0.5967053136474677,-0.10262035313467169,0.1200134398705707
2020-06-16,0.6048714418083655,-0.10128248150666548,0.1186085078545714
2020-06-17,0.6031019157462173,-0.10090436192104293,0.11855491937487893
2020-06-18,0.6028559091983752,-0.1009262257383395,0.11851584356056803
2020-06-19,0.6025925244851302,-0.10036026894323402,0.11851607004419808
2020-06-22,0.6038319820997309,-0.09593810111788051,0.12368102233610628
2020-06-23,0.6041111540943234,-0.09111051748015889,0.12832611613850692
2020-06-24,0.6247684853436671,-0.06834654987302988,0.13800569097027648
2020-06-25,0.6260292490171507,-0.06965247959651195,0.1368344081220286
2020-06-26,0.6469930026610652,-0.08456044785702237,0.11855736324982404
2020-06-29,0.648454722934832,-0.08361099331562732,0.11829089675820031
2020-06-30,0.6536630298540266,-0.07562815717623227,0.12548087427924556
2020-07-01,0.6547145619844671,-0.0797068269031558,0.1192347116565278
2020-07-02,0.6548620218448069,-0.0787481798036149,0.11972913866985857
2020-07-06,0.6622394575535263,-0.06592485365292225,0.13212308091176272
2020-07-07,0.6652238966855446,-0.07676529087847354,0.12294949078357512
2020-07-08,0.6663352334956912,-0.0716717265169933,0.12832136239043382
2020-07-09,0.6610277395853351,-0.06733081532223507,0.12586265787814824
2020-07-10,0.6601959246052268,-0.07150461265486406,0.12429042058671004
2020-07-13,0.6645730796941133,-0.06924193868342797,0.1314647143361808
2020-07-14,0.7024029630073013,-0.05914335991900491,0.10186983604754184
2020-07-15,0.7026397652504632,-0.06087635749373994,0.09158801070341854
2020-07-16,0.7121905736343561,-0.05148457461471646,0.10712303706557194
2020-07-17,0.7144511907036316,-0.061297462889396206,0.12848505139940536
2020-07-20,0.7124213322443886,-0.05496247574579013,0.15516470249263362
2020-07-21,0.7425644650422535,-0.058534104118814455,0.09180602818787482
2020-07-22,0.767446186897186,-0.044039467024867496,0.021179121342475474
2020-07-23,0.7706316620054301,-0.05920415321986728,-0.006716644094525519
2020-07-24,0.7798855195828127,-0.07214600266102165,-0.010814210276039318
2020-07-27,0.7806717981402369,-0.05791278505242576,0.0341506038766897
2020-07-28,0.7919845702458524,-0.06947659779673628,-0.00020815845339394997
2020-07-29,0.7808747530890656,-0.07551862355050153,-0.010983538034104175
2020-07-30,0.78027483258889,-0.11000891101165453,-0.02518359698213846
2020-07-31,0.7978119951856292,-0.09888625623286358,0.011515225996446206
2020-08-03,0.8019963722222493,-0.09889233944705947,0.008210496763155979
2020-08-04,0.8060665400583423,-0.08906519738374478,0.005592945310894749
2020-08-05,0.8063252557354579,-0.09406613328317241,0.010867204246960516
2020-08-06,0.8116566689813256,-0.08173017021841092,0.008497567923039556
2020-08-07,0.8046409427565153,-0.05519222348934644,0.06278243037676852
2020-08-10,0.805294956259017,-0.059318736808512296,0.07742585212053053
2020-08-11,0.814477499160371,0.030794116078346416,0.19912487006967
2020-08-12,0.8204587221577436,0.024916713653094398,0.19699381604383295
2020-08-13,0.8244748880113038,0.014706350300843959,0.182271117175512
2020-08-14,0.8260049732249026,0.017826005015715896,0.18339273630040165
2020-08-17,0.8244347973373802,0.04937023011333943,0.21385201393348768
2020-08-18,0.8241219306408647,0.06142445722892483,0.2235404516671488
2020-08-19,0.8207495284178431,0.08097701743461654,0.2420430640843854
2020-08-20,0.8157101791664473,0.06607661857658824,0.22912303733571446
2020-08-21,0.8156266258442215,0.0646811847850881,0.22448057471632635
2020-08-24,0.826700465776879,0.07732755661201358,0.21539943138331868
2020-08-25,0.8316839100239758,0.07763832091629795,0.21504989607504862
2020-08-26,0.8309261645529658,0.08698919326450667,0.23008360312862078
2020-08-27,0.8314459403014075,0.08504520513592455,0.2316480544337147
2020-08-28,0.8314175543330405,0.09066487108850117,0.23086264053454814
2020-08-31,0.8268577974386059,0.09617802634205444,0.23440435112129004
2020-09-01,0.8327832711848445,0.1250834847342368,0.23888831467651073
2020-09-02,0.8313906350175544,0.10668399982567153,0.2390382441328173
2020-09-03,0.8544515463235376,0.1551292503756542,0.270505465572256
2020-09-04,0.8571072935908824,0.15618947916857923,0.2674198082899678
2020-09-08,0.8748150113225768,0.15980446257391065,0.26432551809823873
2020-09-09,0.8671081289054379,0.17144840189011284,0.26444900427268264
2020-09-10,0.8326002855130066,0.2025667031120562,0.28076825038478503
2020-09-11,0.8338602180542296,0.20647947047216203,0.28228558940391385
2020-09-14,0.8225183197141487,0.2155115785022216,0.283048480078417
2020-09-15,0.8186838853626938,0.22203727480586158,0.2884918677073033
2020-09-16,0.8205063269445625,0.2201069518584285,0.28856774897487925
2020-09-17,0.8165823118264659,0.22704399206399958,0.28907388653447
2020-09-18,0.8112290131529282,0.22454318877072396,0.28888721643797177
2020-09-21,0.8043786746785287,0.24682715834033317,0.28281857467899796
2020-09-22,0.7980706178136553,0.2359565231269701,0.27988161987265997
2020-09-23,0.7635590790115219,0.26324669767923364,0.2750298063654083
2020-09-24,0.761957175771232,0.26661047866803417,0.2769939725823185
2020-09-25,0.7323276828159275,0.2831871661355631,0.292689462553985
2020-09-28,0.7160174154762423,0.28098925318407897,0.2941289751322296
2020-09-29,0.7086872922976003,0.2786402032675188,0.29238343175263143
2020-09-30,0.7039962291177461,0.28203319909798835,0.2995122601236254
2020-10-01,0.7011611505892452,0.2806405662028154,0.2993633116690173
2020-10-02,0.6859658363738608,0.27491108394662733,0.29535822598204853
2020-10-05,0.668993725334758,0.2788025553347767,0.3009414328763809
2020-10-06,0.6569358450587404,0.27236882558273917,0.2967869267721304
2020-10-07,0.6538548489683017,0.2644768372801037,0.3004038811422616
2020-10-08,0.6493865026624543,0.26790571178879136,0.3032085221990818
2020-10-09,0.6465841335104517,0.26880285830101247,0.3074849713118097
2020-10-12,0.6580315193644951,0.2609586186987759,0.29203787716454976
2020-10-13,0.6583898928165254,0.2611821283279019,0.29208290032669737
2020-10-14,0.659882287021721,0.25682231719691107,0.285881778353781
2020-10-15,0.6601251656257959,0.2563768351645478,0.28664221318857475
2020-10-16,0.663899818187198,0.2539836791082435,0.2847901824583648
2020-10-19,0.6787603379576576,0.25092221017449295,0.29858059327702996
2020-10-20,0.6785394879057333,0.24552965530057114,0.2980068199250976
2020-10-21,0.6703301721774962,0.26334524716681756,0.3348233937081474
2020-10-22,0.6659746949067568,0.2735059605478664,0.3479670953738045
2020-10-23,0.6652148521481874,0.26526341060584696,0.32387643984179654
2020-10-26,0.6541020147647072,0.26794917580437977,0.341856958661914
2020-10-27,0.6490778624490774,0.25869684389342856,0.33529798887206996
2020-10-28,0.634719600297998,0.24645827028645115,0.33993466449898396
2020-10-29,0.6284702140676655,0.23926112778683006,0.3276083699166421
2020-10-30,0.6259518653947324,0.2380518299653826,0.32776369538400624
2020-11-02,0.6212975873384915,0.23592268527910248,0.3294547157660065
2020-11-03,0.610008318754955,0.22900547472550303,0.3290573994980605
2020-11-04,0.5919211265076875,0.21950795726336034,0.3128591065157406
2020-11-05,0.5848143398624855,0.2212961189378092,0.2981990120772951
2020-11-06,0.5864590852075936,0.22169839975450423,0.2972684354745896
2020-11-09,0.5768377846496572,0.20737067644784934,0.21987445739806802
2020-11-10,0.5671930194025474,0.21872918174400793,0.24866599046334295
2020-11-11,0.5672028971536601,0.25036892810551165,0.2591620508542154
2020-11-12,0.5635698757577436,0.2473136355645328,0.25877030640720006
2020-11-13,0.5612368832068084,0.2596803743801909,0.2275090845272632
2020-11-16,0.5605654261927847,0.2633095762509614,0.21167131936004172
2020-11-17,0.5571863104930457,0.2819305645633271,0.2076482613227084
2020-11-18,0.5563178368900144,0.27883560522484324,0.1842062097398241
2020-11-19,0.5564302190522604,0.28791575822421395,0.20358125389024745
2020-11-20,0.550969751347911,0.3012412552209962,0.2160962598283987
2020-11-23,0.5510546497024561,0.3007017427395142,0.21337205337520324
2020-11-24,0.5440180352111149,0.2867814382575281,0.1455401367505651
2020-11-25,0.5439543271260585,0.3019263956253947,0.14428491307756358
2020-11-27,0.5423142635029403,0.31593575263118,0.12422361646260106
2020-11-30,0.5500092762120391,0.3204762852309064,0.11495437790824159
2020-12-01,0.5531647420458525,0.31777643001556277,0.10654904568569938
2020-12-02,0.544882712499125,0.40551522677080215,0.17457019786812472
2020-12-03,0.43835921079986123,0.3470053679580864,0.01861289455471017
2020-12-04,0.4314351144744949,0.36315514295870166,0.044315763515995255
2020-12-07,0.29919984425783186,0.36505588411906875,0.011847803075810211
2020-12-08,0.30836438256335896,0.3194871323312033,0.01889140620019712
2020-12-09,0.33530306471288884,0.3009700374215703,0.0054022650012267295
2020-12-10,0.33198013512693625,0.30065233878717007,0.007105945255347456
2020-12-11,0.33694167889477006,0.2729734450744694,0.00797762439570593
2020-12-14,0.322554404589873,0.2740135434429121,0.011252645321250818
2020-12-15,0.34175845342347266,0.2876768771477802,0.01781119626022763
2020-12-16,0.3410420867192672,0.2699397090040881,0.018429849857960454
2020-12-17,0.3458002480639715,0.28817434332768854,0.022295170878862767
2020-12-18,0.3519902513689565,0.26641553253930605,0.016895952382397716
2020-12-21,0.3571647035324648,0.3140600753129727,0.012539649200576748
2020-12-22,0.3689783680258529,,
2020-12-23,0.3689238800823642,,
2020-12-24,0.37757746981808116,,
2020-12-28,0.39501070962711227,,
2020-12-29,0.3948165020685687,,
2020-12-30,0.39717809759502426,,
2020-12-31,0.3996053894624963,,
2021-01-04,0.43568386539995996,,
2021-01-05,0.45253007708387466,,
2021-01-06,0.43045767160293863,,
2021-01-07,0.47118079384185324,,
2021-01-08,0.47534013480812426,,
2021-01-11,0.47954528888225095,,
2021-01-12,0.4462570832568491,,
2021-01-13,0.4473299968313691,,
2021-01-14,0.4417469249944169,,
2021-01-15,0.4510939162591463,,
2021-01-19,0.45624890772016136,,
2021-01-20,0.44128051571671806,,
2021-01-21,0.4359287053885854,,
2021-01-22,0.4381922912293631,,
2021-01-25,0.4398569104904994,,
2021-01-26,0.4391547140811606,,
2021-01-27,0.5300563034326776,,
2021-01-28,0.5334915420356702,,
2021-01-29,0.6046117611091061,,
2021-02-01,0.6296808588251591,,
2021-02-02,0.6413461266463043,,
2021-02-03,0.647313989587273,,
2021-02-04,0.6725672695594433,,
2021-02-05,0.7081360070108423,,
2021-02-08,0.7404218385356579,,
2021-02-09,0.740460336924478,,
2021-02-10,0.7549258754348214,,
2021-02-11,0.7539475789914549,,
2021-02-12,0.7599251878729655,,
2021-02-16,0.7681567619377982,,
2021-02-17,0.7861194920727106,,
2021-02-18,0.8042457716442994,,
2021-02-19,0.8072101994053226,,
2021-02-22,0.8263499914742587,,
2021-02-23,0.8280941329701502,,
2021-02-24,0.8206643170648648,,
2021-02-25,0.7672388058044108,,
2021-02-26,0.7903149396981085,,
2021-03-01,0.7377683116423001,,
2021-03-02,0.7344488052971124,,
2021-03-03,0.7236872720557525,,
2021-03-04,0.7091950568976989,,
2021-03-05,0.6844041142711608,,
2021-03-08,0.683507587810606,,
2021-03-09,0.6697638012538889,,
2021-03-10,0.6710655323136228,,
2021-03-11,0.6642309395790768,,
2021-03-12,0.6600195684142338,,
2021-03-15,0.6589411699603746,,
2021-03-16,0.6585505525597034,,
2021-03-17,0.6685202950297131,,
2021-03-18,0.6497605265386747,,
2021-03-19,0.6505263529005524,,
2021-03-22,0.644952900760167,,
2021-03-23,0.6406043719850399,,
2021-03-24,0.6388211776186122,,
2021-03-25,0.6383404592955073,,
2021-03-26,0.6255618956807752,,
2021-03-29,0.6250696145332272,,
2021-03-30,0.6203910088129215,,
2021-03-31,0.6201129050486388,,
2021-04-01,0.627790289650994,,
2021-04-05,0.6408743072190438,,
2021-04-06,0.6264584369678504,,
2021-04-07,0.6240787051287341,,
2021-04-08,0.6511399073229208,,
2021-04-09,0.6394322773355412,,
2021-04-12,0.6398216467327752,,
2021-04-13,0.6313806477848185,,
2021-04-14,0.6304309628592506,,
2021-04-15,0.6382059295848704,,
2021-04-16,0.6357645635487856,,
2021-04-19,0.6333696748549177,,
2021-04-20,0.6365908022448483,,
2021-04-21,0.6294043897397646,,
2021-04-22,0.6424025192567472,,
2021-04-23,0.6481116288454146,,
2021-04-26,0.6471859713498431,,
2021-04-27,0.6475698066605152,,
2021-04-28,0.5901353454533462,,
2021-04-29,0.5880759538608241,,
2021-04-30,0.5448883612280037,,
2021-05-03,0.5080482042912803,,
2021-05-04,0.492623037621423,,
2021-05-05,0.4938423192676422,,
2021-05-06,0.4741453535942783,0.10131813592639474,-0.009438165119489968
2021-05-07,0.47036274475585377,0.13269953923856018,-0.011542374904936325
2021-05-10,0.4591495924761096,0.10681356688247641,-0.009614034824052877
2021-05-11,0.45485819725866317,0.10722727044455989,-0.009783224825918414
2021-05-12,0.4338993085808789,0.24552572429654862,-0.0060123149751238805
2021-05-13,0.42878618854802414,0.2673335070301362,-0.0054900008471118165
2021-05-14,0.4166740968804032,0.3194839840010779,-0.004759105986515585
2021-05-17,0.41570597079858757,0.26422857453869686,-0.00739584981004698
2021-05-18,0.41412638478190067,0.25499533018864856,-0.010555966328390747
2021-05-19,0.4101362157229961,0.2534982856424302,-0.013364524823697885
2021-05-20,0.40407235673813974,0.26745820851449,-0.01746116622972046
2021-05-21,0.389556829921313,0.2659987707300165,-0.029716207853260748
2021-05-24,0.3849140667876906,0.2685259897471157,-0.030757827460077047
2021-05-25,0.3905741905046068,0.24762197461002736,-0.03442107728345715
2021-05-26,0.41046407484720643,0.24861029418917838,-0.0332851019548926
2021-05-27,0.4111395404772069,0.24673855388206695,-0.0335210765758049
2021-05-28,0.44088802641876,0.273475977475831,-0.03547688165666572
2021-06-01,0.44343455348151756,0.2732082760383069,-0.033674101315280175
2021-06-02,0.4520108788732481,0.2695346974081479,-0.036048955259631886
2021-06-03,0.45992878815054916,0.2675443305989931,-0.02021722020712826
2021-06-04,0.47660630568831397,0.3065172684741846,-0.023978526169271257
2021-06-07,0.478107151916097,0.30034220146943424,-0.02558929802677996
2021-06-08,0.49328336533528766,0.31400064093364016,-0.021580826491115875
2021-06-09,0.4961338985289974,0.3198574734802689,-0.02115067795017354
2021-06-10,0.5049896514772205,0.331269674872649,-0.0013600569054556435
2021-06-11,0.5049952092179363,0.3119313524688749,-0.013887038578224957
2021-06-14,0.5030802263796486,0.3069578091855838,-0.045244226958008185
2021-06-15,0.5041409091110094,0.3101901920655446,-0.026741343916708453
2021-06-16,0.5107981083522007,0.3257496531957064,-0.007912520343850562
2021-06-17,0.5036552112277208,0.33533777497231754,-0.010988597737618561
2021-06-18,0.5243840153257292,0.3271571114386773,-0.008806470760316138
2021-06-21,0.5377058165152045,0.3195291049389543,-0.010341861381930892
2021-06-22,0.5441059637444379,0.31984244033419296,-0.012552677804520402
2021-06-23,0.5451193462750453,0.320709516674584,-0.012677960867382895
2021-06-24,0.5518528704118489,0.3205214230358764,-0.014170489729832335
2021-06-25,0.5750541633635314,0.3344357445791971,-0.013850308672718392
2021-06-28,0.5649612988463653,0.33399756054561447,-0.016533473475173012
2021-06-29,0.5634875917511133,0.3340944718259214,-0.017412337627481143
2021-06-30,0.5653633836905062,0.3352387463458955,-0.017003558419516215
2021-07-01,0.5434427075838076,0.340583964233495,-0.01381955249315884
2021-07-02,0.5139385336753601,0.3500839108506696,-0.012278825657321331
2021-07-06,0.507823896007905,0.35002759719388815,-0.013600073419142095
2021-07-07,0.5082128469499596,0.34909312383942165,-0.013519752400437929
2021-07-08,0.5180178607319829,0.3478926933058307,-0.009198085847831317
2021-07-09,0.5204407667531888,0.3438610671765877,-0.009243985974378822
2021-07-12,0.5218617065740959,0.3427430477719257,-0.010637787823918563
2021-07-13,0.527416758278269,0.3433526654175345,-0.007698088651104851
2021-07-14,0.5277222048472975,0.3432969316553174,-0.01198236237517966
2021-07-15,0.5087127779957549,0.35131453801358553,-0.00582227367717609
2021-07-16,0.5237116224974395,0.34999768366367806,-0.002996731375019815
2021-07-19,0.5420187231632636,0.34069446451336866,-0.0032920152780261574
2021-07-20,0.5580561795437154,0.3292939350371599,-0.008716969416381658
2021-07-21,0.5550525075466886,0.330704541048382,-0.00850043492007231
2021-07-22,0.5331472795941167,0.333265660831163,-0.014448686025967458
2021-07-23,0.530762815873419,0.3339573083112727,-0.014253577565277342
2021-07-26,0.5322555255114707,0.3338217439153922,-0.012623382215740435
2021-07-27,0.5376467969103991,0.33329686903397715,-0.01024563545438371
2021-07-28,0.5356294317427837,0.3333089200428677,-0.012420085344482974
2021-07-29,0.5333191422301338,0.3348497894954063,-0.011898557564362248
2021-07-30,0.5293010886700231,0.33566002639103576,-0.012360199938309054
2021-08-02,0.5394825906832982,0.33626502313395146,-0.014132374718683954
2021-08-03,0.5357432055108887,0.33289356661527175,-0.01907955318662165
2021-08-04,0.532580537845025,0.3322714457343045,-0.019537155208827133
2021-08-05,0.5466377665743704,0.30772976273622904,-0.00817588424149963
2021-08-06,0.5471972075135424,0.2906001243758078,0.0010085396727453953
2021-08-09,0.5506922413742537,0.31339606544208654,0.0038198407326942804
2021-08-10,0.5469282867408952,0.3192462041864255,0.004188614214798689
2021-08-11,0.5844169638663476,0.2300787702098364,-0.00479099254049689
2021-08-12,0.6066335181649839,0.21136274032171964,-0.0013893261885331864
2021-08-13,0.6454688504028834,0.14415958558744058,0.007721449524828428
2021-08-16,0.6441752350620927,0.1864390915451302,0.02143009171275426
2021-08-17,0.6656699087156233,0.2028025434615737,0.02174899335514059
2021-08-18,0.6924096664726447,0.19723394882867845,0.01931901474857796
2021-08-19,0.7128091641634635,0.17018196247478912,0.02324483887296356
2021-08-20,0.7007179083958419,0.17085286809444922,0.02361727291127716
2021-08-23,0.7294684108907572,0.16023236758332346,0.027224462337541038
2021-08-24,0.7294964471274719,0.1938368709340191,0.0386101725073835
2021-08-25,0.7301836159606477,0.19515163801048194,0.03725472827088481
2021-08-26,0.7366875416783635,0.19101127436516369,0.03517908483184318
2021-08-27,0.7449551010776307,0.19106423229415037,0.042130613982198466
2021-08-30,0.7419820320537116,0.18900075106381245,0.04233106195414918
2021-08-31,0.7433254595975045,0.18979075972657272,0.04858555929345532
2021-09-01,0.744335727906652,0.16285685221752363,0.03608820770215911
2021-09-02,0.758329282150549,0.08333548287664716,0.06526816035147323
2021-09-03,0.7564706013960024,0.09906783731428681,0.07801399070267356
2021-09-07,0.7532388275867894,0.09358912556283028,0.06964567914821558
2021-09-08,0.75336886672956,0.0871110848960466,0.06409744549656185
2021-09-09,0.756576427608614,0.06305912217171035,0.007541697767341292
2021-09-10,0.7645548354019464,0.10356574043878455,0.03255066719802313
2021-09-13,0.7683037787930649,0.1489428342833808,0.15941149720312117
2021-09-14,0.7715672571929459,0.13498368731795912,0.0988959351508736
2021-09-15,0.773071356221047,,
2021-09-16,0.8011121693662169,,
2021-09-17,0.8070966434025871,,
2021-09-20,0.7915048309072158,,
2021-09-21,0.7900181383077469,,
2021-09-22,0.7728923421937469,,
2021-09-23,0.7457677907680723,,
2021-09-24,0.7493994008888442,,
2021-09-27,0.76474476312864,,
2021-09-28,0.7121028916169602,,
2021-09-29,0.7127476450447197,,
2021-09-30,0.613724624606584,,
2021-10-01,0.594665341418233,,
2021-10-04,0.5993842769992752,,
2021-10-05,0.5906973499943148,,
2021-10-06,0.5817851066198871,,
2021-10-07,0.5663733736173808,,
2021-10-08,0.564359161219926,,
2021-10-11,0.5617694106305267,,
2021-10-12,0.5611008035622432,,
2021-10-13,0.5599025930846842,,
2021-10-14,0.5306513334252723,,
2021-10-15,0.5033541788432927,,
2021-10-18,0.4727670357423248,,
2021-10-19,0.4704230751527721,,
2021-10-20,0.46949943545087003,,
2021-10-21,0.4480158233280873,,
2021-10-22,0.44169967353831935,,
2021-10-25,0.44278517309469434,,
2021-10-26,0.44537146846720554,,
2021-10-27,0.4378219225037019,,
2021-10-28,0.4506594674825068,,
2021-10-29,0.4502372046461524,,
2021-11-01,0.44101975545920713,,
2021-11-02,0.4474619484979088,,
2021-11-03,0.4470025283459892,,
2021-11-04,0.4511787595263955,,
2021-11-05,0.45164663076524136,0.04327563473871039,0.0014620588412121922
2021-11-08,0.45676378592096045,0.04188420176556194,-0.01673751032440147
2021-11-09,0.46280234215529664,0.015913558914766705,-0.08395300889020471
2021-11-10,0.4767341892149699,-0.07413585924773913,-0.2777174545765568
2021-11-11,0.4757713488383436,-0.07119485086087335,-0.24944562191981906
2021-11-12,0.48595745590163214,-0.061316271503898234,-0.22699314431585446
2021-11-15,0.475629879325921,-0.0646290107480233,-0.23501213095683676
2021-11-16,0.4486552646764782,-0.08605056764414841,-0.29175483262465446
2021-11-17,0.4492789063084404,-0.10026844330485425,-0.2733037216554878
2021-11-18,0.45431259878593894,-0.10350511322884366,-0.3011886509974197
2021-11-19,0.43190798372544115,-0.07978111328536058,-0.32116085314430215
2021-11-22,0.4287725494047883,-0.016815489747637743,-0.013666678569994407
2021-11-23,0.42387777394117815,-0.019517717991942376,0.019284167502094048
2021-11-24,0.41519449413524995,-0.02033914334244722,0.018438929895836946
2021-11-26,0.48702652550736536,-0.003171624597787162,0.03595356309593772
2021-11-29,0.5109220687261236,-0.010366755261154546,0.017032039664254626
2021-11-30,0.5514969110247283,0.04597161398576485,0.07209511909272809
2021-12-01,0.5644112173298844,0.025474334059279555,0.04802825232619468
2021-12-02,0.5506322723035636,-0.009195934619221245,0.04866342580577716
2021-12-03,0.548192702565934,-0.0381713816008507,0.04540011595529848
2021-12-06,0.541553140054405,-0.048127396978624906,0.045640973967813116
2021-12-07,0.5193140041116316,-0.018238662780787156,0.04509624430126087
2021-12-08,0.5166612917321488,-0.0176165811530839,0.045250700195208424
2021-12-09,0.5069783395868098,-0.0007976299636419868,0.047235350342769794
2021-12-10,0.5031729012035759,0.012950956944614457,0.04575433068065512
2021-12-13,0.49794082008768104,0.0040561946390866846,0.04511242772924761
2021-12-14,0.489868364613977,0.027426415085282155,0.04616650779486456
2021-12-15,0.4788586413138297,0.04982445713544172,0.04474392964121592
2021-12-16,0.46185642578441943,0.010081624742150347,0.040836945568902674
2021-12-17,0.4525292632228251,0.018203184768701582,0.041624620668964614
2021-12-20,0.44941408804816413,0.03341221557786395,0.04289991740589525
2021-12-21,0.4401231554470838,0.0307295614646299,0.043046974803004345
2021-12-22,0.4421420970086119,0.057029994128636526,0.03867884539548971
2021-12-23,0.44024433800916024,0.06047389460828449,0.037848900212609136
2021-12-27,0.4629065242123496,0.06845424023671202,0.05083170845523662
2021-12-28,0.47619792946109385,0.07281271612227573,0.06137283637723571
2021-12-29,0.47627030331415987,0.07283244644374036,0.06151206916861441
2021-12-30,0.5310658895767295,0.0682971369102305,0.04837470094444602
2021-12-31,0.5410872849892294,0.05892811379217237,0.027096865967226165
2022-01-03,0.5429088644550587,0.03446230314796749,-0.030414544224347535
2022-01-04,0.5390409618656332,0.029692834532743212,-0.0678095734867519
2022-01-05,0.5950561232062929,0.04871722231526633,-0.025882351419772583
2022-01-06,0.5991523957477126,0.055329921732103826,-0.018255099384426998
2022-01-07,0.5981717003277941,0.048049233754001,-0.01843225312018919
2022-01-10,0.6020015889460371,0.0460487748026316,-0.018569675205364573
2022-01-11,0.5985392908281517,0.07153276684829246,-0.018695714962757713
2022-01-12,0.5987761458610964,0.07258030663147026,-0.018820754658185154
2022-01-13,0.601591683811519,0.08961270427451624,-0.01858300800286659
2022-01-14,0.6048332158360419,0.09065690919122464,-0.0183891045479353
2022-01-18,0.585484635246385,0.09710850559463526,-0.01828619300508776
2022-01-19,0.5763282812988243,0.05241169538270607,-0.017622282233720154
2022-01-20,0.5784687420468357,0.05288729139601679,-0.017685930801934396
2022-01-21,0.5780568867795666,0.053080540633098645,-0.017039062725183483
2022-01-24,0.581282742245262,0.05268059788888095,-0.018150901837266767
2022-01-25,0.5783542097212422,0.05337555905787196,-0.0170715800272435
2022-01-26,0.5784991283196309,0.05084256692450034,-0.01625421653289707
2022-01-27,0.5825264648027298,0.049427584820913466,-0.016115006457350173
2022-01-28,0.5724208931491638,0.04972356456047651,-0.016626157272233308
2022-01-31,0.5721635214446471,0.04970289943145176,-0.0160439459151606
2022-02-01,0.5702262467219439,0.05073838021939235,-0.01592949530335596
2022-02-02,0.5640008731569437,0.058827568245853716,-0.01536630426837255
2022-02-03,0.5587116174502236,0.06025132322003055,-0.01554774758427794
2022-02-04,0.5590059230217308,0.06057159286959431,-0.015210096378657464
2022-02-07,0.5583843212033652,0.051206039255017155,-0.01983521977358245
2022-02-08,0.5586068383937713,0.05045950182998525,-0.018517963990322905
2022-02-09,0.5494219648783223,0.06509787976024421,-0.008652073635882692
2022-02-10,0.5407384632211713,0.09152799204815139,0.039967703084985054
2022-02-11,0.5414603044591335,0.0863560025341107,0.0353716272870263
2022-02-14,0.5339887882100897,0.08315603314787522,0.030517773460828804
2022-02-15,0.5339345076280105,0.082113503034921,0.02826175422491153
2022-02-16,0.5321093807479481,0.08886290511057063,0.04866452995534505
2022-02-17,0.5333698100667285,0.0928791939073561,0.047724100239190805
2022-02-18,0.5354822713686272,0.09596843199341679,0.06096030970256398
2022-02-22,0.5428714103721017,0.09369003874267287,0.07946247372525415
2022-02-23,0.5467118404342131,0.08527118011086937,0.002986839530077548
2022-02-24,0.5496111350603109,0.08905379338501931,-0.011742388364453288
2022-02-25,0.5485991509733621,0.09011101369885248,-0.010340504076476882
2022-02-28,0.49104094553857847,0.07818247525240843,-0.026133339545236084
2022-03-01,0.46746847910276956,0.08392827220054282,0.0007612107216108737
2022-03-02,0.4088552333531471,0.044801558306380336,-0.051224517273806634
2022-03-03,0.3838673908337898,0.05327777811566528,-0.041123070750911365
2022-03-04,0.3919910027085647,0.08127863716412911,-0.03520063015868516
2022-03-07,0.3986794951081981,0.096157191120721,-0.03311957611536754
2022-03-08,0.4035691007256355,0.10234821667625198,-0.02433582083061613
2022-03-09,0.426424780290531,0.09143371439289373,-0.028402473357562016
2022-03-10,0.42628595457650537,0.09245233122878357,-0.027902858606876274
2022-03-11,0.4313750365660487,0.07950007416675532,-0.028040503379379834
2022-03-14,0.43579156626269294,0.07217266315862156,-0.030999554834422984
2022-03-15,0.44434900395247123,0.07276199819715792,-0.033838450644717494
2022-03-16,0.4502178387248242,0.055676585139485764,-0.03122112360335383
2022-03-17,0.46804067760177626,0.046593020337353484,-0.0311017982740655
2022-03-18,0.4710061203963679,0.0447498701856659,-0.03498251504834338
2022-03-21,0.4857443731424143,0.035397983664194686,-0.03310027073535993
2022-03-22,0.5406155206130803,-0.005936182324270139,-0.07597201718426448
2022-03-23,0.6131730173914215,-0.04236336180951593,-0.11986888087368515
2022-03-24,0.67012624380207,-0.03897139181750961,-0.07463703488158231
2022-03-25,0.6704428520443068,-0.04710365359830603,-0.07355469518033106
2022-03-28,0.6468697756078953,-0.08740554834838361,-0.1493987816497047
2022-03-29,0.674809399071109,-0.08780024200807038,-0.15008531886713103
2022-03-30,0.6820898404941808,-0.09771672857245069,-0.1640227101545321
2022-03-31,0.7001996892955521,-0.08663286912342322,-0.15470242118653146
2022-04-01,0.6965662142007548,-0.0877612023281775,-0.14431964325007565
2022-04-04,0.6967626971448828,-0.05807139453883512,-0.08886871090295104
2022-04-05,0.7322495571973394,-0.03382551533953056,-0.03442568229283915
2022-04-06,0.693947943031356,-0.058158408308989766,-0.0704627777400873
2022-04-07,0.6937604968247959,-0.05902344137890609,-0.07503830651569666
2022-04-08,0.6882401212030476,-0.05924268091425029,-0.08787385480960709
2022-04-11,0.688492082562593,-0.06145707841610301,-0.08893623712206367
2022-04-12,0.6995878188401514,-0.0879569008523964,-0.08953912317820896
2022-04-13,0.7005723507911364,-0.08894693139447081,-0.08943369944070856
2022-04-14,0.7301125016371435,-0.1100310525917418,-0.08943873199889692
2022-04-18,0.7301061752390425,-0.11000358857007542,-0.08946453069239864
2022-04-19,0.7489019260032675,-0.19068798871169548,-0.0878066684937143
2022-04-20,0.7651172040469936,-0.15986872784312636,-0.0893919426602751
2022-04-21,0.7651172040469936,-0.15952228083247638,-0.0893449424910572
2022-04-22,0.7651172040469936,-0.15686984561360806,-0.0887490350617381
2022-04-25,0.7651172040469936,-0.14789193937999745,-0.08685000825897186
2022-04-26,0.7651172040469936,-0.1475996576172692,-0.08691287599592466
2022-04-27,0.7651172040469936,-0.15111138873218286,-0.08802414706836498
2022-04-28,0.7651172040469936,-0.1561920140980056,-0.08913654048465158
2022-04-29,0.7651172040469936,-0.15702929923499234,-0.08919453010486932
2022-05-02,0.7651172040469936,-0.15603009919879243,-0.08945891997805015
2022-05-03,0.7699881727976571,-0.1570242074641016,-0.08946631865528562
2022-05-04,0.7857240224694368,-0.16786408584712892,-0.08957333842009371
2022-05-05,0.7883769468032463,-0.17055451550282888,-0.08958275472047703
2022-05-06,0.7883769468032463,-0.17029181150580452,-0.08960554472206879
2022-05-09,0.7883769468032463,-0.16963926492223688,-0.09003801086585952
2022-05-10,0.7883769468032463,-0.16919311817327098,-0.09012416880609944
2022-05-11,0.8269342754572012,-0.18943643878238278,-0.0902312007936713
2022-05-12,0.829334456294003,-0.19433304586555283,-0.09031253627496787
2022-05-13,0.829334456294003,-0.19758593929291035,-0.09327006026281934
2022-05-16,0.829334456294003,-0.1973326042471065,-0.09356262607348555
2022-05-17,0.829334456294003,-0.20024450463129062,-0.09420278129406845
2022-05-18,0.829334456294003,-0.20067457077538428,-0.09520887658636396
2022-05-19,0.829334456294003,-0.20224724378946607,-0.09704923000410177
2022-05-20,0.829334456294003,-0.20235594165530618,-0.0970421243111952
2022-05-23,0.829334456294003,-0.20215825285748254,-0.09711611224568244
2022-05-24,0.829334456294003,-0.20194589792003795,-0.09737955377388348
2022-05-25,0.829334456294003,-0.20359735219811667,-0.0976493311809457
2022-05-26,0.829334456294003,-0.20426522849668186,-0.0976986776432465
2022-05-27,0.829334456294003,-0.20496580494927055,-0.0988840375381567
2022-05-31,0.829334456294003,-0.20945814912108746,-0.10260410150759067
2022-06-01,0.829334456294003,-0.2131802579162301,-0.10351712275988456
2022-06-02,0.829334456294003,-0.21320546374891283,-0.10404857773400664
2022-06-03,0.829334456294003,-0.21721847814389383,-0.10744406935155887
2022-06-06,0.829334456294003,-0.2211528089518285,-0.11078498585300789
2022-06-07,0.829334456294003,-0.2415274834634786,-0.1238810497624783
2022-06-08,0.829334456294003,-0.28339968807657495,-0.14168175214799117
2022-06-09,0.829334456294003,-0.28362844234436535,-0.1421753204792403
2022-06-10,0.829334456294003,-0.28714899542448924,-0.14307804074605227
2022-06-13,0.829334456294003,-0.30295342038315143,-0.14903225083020386
2022-06-14,0.829334456294003,-0.3319937954439663,-0.16076687933486747
2022-06-15,0.829334456294003,-0.33426999250901684,-0.16272150401425753
2022-06-16,0.829334456294003,-0.3355933683845356,-0.16403907822195166
2022-06-17,0.8527094205844754,-0.304447911216693,-0.1669665208743975
2022-06-21,0.8527853320207678,-0.3073220212675832,-0.17017953600142707
2022-06-22,0.8389213752384731,-0.27579983075278547,-0.1268449410545242
2022-06-23,0.8271744116023437,-0.18246290274483426,-0.04431991038557849
2022-06-24,0.7919822084990575,-0.2951421034796434,-0.14468795517992397
2022-06-27,0.8014464844050858,-0.2861034869966672,-0.14580262407814035
2022-06-28,0.7920953416791894,-0.21441091861626987,0.009670528757110133
2022-06-29,0.7549811250087025,-0.24194515558428145,0.0012213092179568245
2022-06-30,0.7435848542802876,-0.20266774914083288,0.06521301264686431
2022-07-01,0.7282250788037812,-0.22194941082492128,0.0757071388571937
2022-07-05,0.7370093393996558,-0.20591468419052086,0.07103713599882298
2022-07-06,0.6958019057804155,-0.28411330992404304,-0.020348794954439586
2022-07-07,0.541450442538437,-0.46542631256379213,-0.18695202730662075
2022-07-08,0.23716652324525034,-0.49274082304149835,-0.20794753970930088
2022-07-11,0.19536230050757863,-0.5608146744297183,-0.23883286941445162
2022-07-12,0.20525983147066243,-0.5438730974556577,-0.1853855312656504
2022-07-13,,-0.5260494992828562,
2022-07-14,,-0.5451780909767838,
2022-07-15,,-0.553734389046628,
2022-07-18,,-0.5574254548655772,
2022-07-19,-0.012720474533698798,-0.561376136666992,0.02914493001314747
2022-07-20,0.02201972077548221,-0.2388009071150114,0.03261978718811665
2022-07-21,0.0,0.0,0.04677627614641012
2022-07-22,-0.0,0.0,0.02685523143744795
2022-07-25,-0.0,0.0,0.018334934591144166
2022-07-26,-0.0,0.0,0.004848329705390561
2022-07-27,0.0,0.0,0.015327458338555129
2022-07-28,0.14129013471450722,,
2022-07-29,0.29078994832110505,,
2022-08-01,0.29111053264351994,,
2022-08-02,0.2954575366131699,,
2022-08-03,0.4428176142211116,,
2022-08-04,0.43965178330192284,,
2022-08-05,0.4456451751964329,,
2022-08-08,0.447925836073175,,
2022-08-09,0.4648580668618877,,
2022-08-10,0.5560182790614644,,
2022-08-11,0.5551654839424235,,
2022-08-12,0.5839816413917486,,
2022-08-15,0.5862518653191828,,
2022-08-16,0.5833717646701219,,
2022-08-17,0.5977543670925471,,
2022-08-18,0.5969350793296812,,
2022-08-19,0.6309736702767978,,
2022-08-22,0.645823797195969,,
2022-08-23,0.6455016831162873,,
2022-08-24,0.6431599423000239,,
2022-08-25,0.611648653363336,,
2022-08-26,0.6067230626932645,,
2022-08-29,0.6067230626932645,,
2022-08-30,0.6067230626932645,,
2022-08-31,0.6067230626932645,,
2022-09-01,0.6067230626932645,,
2022-09-02,0.6067230626932645,,
2022-09-06,0.6067230626932645,,
2022-09-07,0.6067230626932645,,
2022-09-08,0.6067230626932645,,
2022-09-09,0.6067230626932645,,
2022-09-12,0.5922696911226696,,
2022-09-13,0.5920649395974863,,
2022-09-14,0.5920649395974863,,
2022-09-15,0.5920649395974863,,
2022-09-16,0.5920649395974863,,
2022-09-19,0.5920649395974863,,
2022-09-20,0.5920649395974863,,
2022-09-21,0.5920649395974863,,
2022-09-22,0.5920649395974863,,
2022-09-23,0.5920649395974863,,
2022-09-26,0.5920649395974863,,
2022-09-27,0.5920649395974863,,
2022-09-28,0.5920649395974863,,
2022-09-29,0.5920649395974863,,
2022-09-30,0.5920649395974863,,
2022-10-03,0.5920649395974863,,
2022-10-04,0.5920649395974863,,
2022-10-05,0.5920649395974863,,
2022-10-06,0.5920649395974863,,
2022-10-07,0.5920649395974863,,
2022-10-10,0.5920649395974863,,
2022-10-11,0.5920649395974863,,
2022-10-12,0.5920649395974863,,
2022-10-13,0.5920649395974863,,
2022-10-14,0.5920649395974863,,
2022-10-17,0.63264576848685,,
2022-10-18,0.6469902684731723,,
2022-10-19,0.6598036334465521,,
2022-10-20,0.6755279457867399,,
2022-10-21,0.6769648437545857,,
2022-10-24,0.7004950634623303,,
2022-10-25,0.823060471648861,,
2022-10-26,0.7723091501243551,,
2022-10-27,0.7241621463148952,,
2022-10-28,0.653253081788181,,
2022-10-31,0.6475475911351576,,
2022-11-01,0.5911561551060351,,
2022-11-02,0.5946542585289315,,
2022-11-03,0.5938343373113399,,
2022-11-04,0.5932144468431059,,
2022-11-07,0.5874949429728943,,
2022-11-08,0.4795055285806061,,
2022-11-09,0.4811577322945552,,
2022-11-10,0.21407159291744235,0.856471608030779,0.015150037757132402
2022-11-11,0.23949239176909634,0.8611294608871021,0.07978845959546214
2022-11-14,0.2548256018714096,0.8440850974430836,0.07103609137650323
2022-11-15,0.2592768130796187,0.8494844630299563,0.0896478934689008
2022-11-16,0.27755560838732385,0.8524463634652776,0.10951711776582283
2022-11-17,0.22733710835371343,0.8543130388671377,0.11276444174134302
2022-11-18,0.14356668353143298,0.864408347573188,0.10896415138043836
2022-11-21,0.15566221242532496,0.8625735025860501,0.13839113129189515
2022-11-22,0.19774301207251035,0.8508663692173821,0.14070062690777474
2022-11-23,0.21305433506693292,0.8710435661088624,0.16676765231491608
2022-11-25,0.21632667613003878,0.8768235718636574,0.16426211321911735
2022-11-28,0.2679212533055566,0.8847786335989782,0.2129982275373046
2022-11-29,0.27118261207365846,0.8696919345720496,0.19373684559289814
2022-11-30,0.45749995971271235,0.8840811843139691,0.348681850048874
2022-12-01,0.4568684418754685,0.7792179354301046,0.3180278919423744
2022-12-02,0.4579953057934495,0.7782183477589453,0.32170163167698945
2022-12-05,0.4889376059431016,0.7947286830952984,0.3743886830756328
2022-12-06,0.516086088993791,0.765184323079053,0.34946753001410796
2022-12-07,0.5169763239730851,0.7444741261764106,0.33447502635746734
2022-12-08,0.5229013187543272,0.7413781878502866,0.3312655626512963
2022-12-09,0.5302653759873989,0.7359752005803691,0.32523529050756433
2022-12-12,0.5435041247142858,0.674220847323019,0.2855310276231174
2022-12-13,0.5481112628652677,0.6619240908837497,0.3094092307797727
2022-12-14,0.5521233647714715,0.6638440755626404,0.31359628485332697
2022-12-15,0.5517698082055296,0.6658356799367408,0.3083051014569502
2022-12-16,0.5517698082055296,0.6561034565447472,0.3048220108071598
2022-12-19,0.5517698082055296,0.655285678369999,0.3041107058675937
2022-12-20,0.5517698082055296,0.6241627362689036,0.29153465805388995
2022-12-21,0.5517698082055296,0.6238984429184115,0.2912239201762279
2022-12-22,0.5517698082055296,0.609787912367317,0.28330793075935945
2022-12-23,0.5517698082055296,0.6087539676883631,0.28315578393544877
2022-12-27,0.5517698082055296,0.6016935382881441,0.28078749152544613
2022-12-28,0.5517698082055296,0.5999854139480264,0.2795015971182386
2022-12-29,0.5517698082055296,0.596909627958715,0.2786731470364041
2022-12-30,0.5517698082055296,0.5948152501776163,0.2782005421268387
2023-01-03,0.5517698082055296,0.5885100769325493,0.2761499144114839
2023-01-04,0.5517698082055296,0.580965796679006,0.2736133257768493
2023-01-05,0.5517698082055296,0.5682317700861361,0.2663190399500431
2023-01-06,0.5517698082055296,0.5422106566507016,0.2559870582584632
2023-01-09,0.5517698082055296,0.5418842912110549,0.25605816378926555
2023-01-10,0.5505289124245161,0.5425532650226865,0.25601314405484116
2023-01-11,0.5444488333950273,0.530595264806106,0.2559221469607145
2023-01-12,0.544285147819471,0.5284450123404303,0.2529257233168981
2023-01-13,0.5440895197048324,0.526530159152311,0.24990869873962637
2023-01-17,0.5436933678086602,0.5267759607017779,0.24782979054547633
2023-01-18,0.5308334749401254,0.5283921407823401,0.24725705226733738
2023-01-19,0.5304791260771456,0.5078965555620643,0.24190535826946769
2023-01-20,0.5191615489246441,0.47853581586367766,0.24120668290473313
2023-01-23,0.531007402909402,0.4740790987123366,0.23420761693037395
2023-01-24,0.531429022917927,0.47267580997838954,0.2334342708403572
2023-01-25,0.531598799609485,0.47150115588515784,0.23213686503596584
2023-01-26,0.5572720479830817,0.4426590862557212,0.1989932718978932
2023-01-27,0.5687432451804887,0.44141149617479175,0.19121867387153435
2023-01-30,0.5950096558680283,0.4450637385319527,0.19983110180743083
2023-01-31,0.6527451614357644,0.44313199996731834,0.2252090897652399
2023-02-01,0.6590210897536694,0.4511947525675861,0.2521320240680193
2023-02-02,0.6608547179041594,0.37641148081718334,0.09616413407248077
2023-02-03,0.6697743648224299,0.3999503774150639,0.16124245659751185
2023-02-06,0.6729033504843664,0.39720866970068647,0.1591986387342611
2023-02-07,0.6792335806562303,0.3927788461525212,0.15403313190124146
2023-02-08,0.6875679186961136,0.3863841412738769,0.14805126068734903
2023-02-09,0.691339439996013,0.39966331316657605,0.16569072624472708
2023-02-10,0.6885569096458135,0.39930492901307346,0.16629375923969325
2023-02-13,0.8677781884439612,0.24553399851711477,0.17851558034275833
2023-02-14,0.8626779020720818,0.23863533058836092,0.16743795399513325
2023-02-15,0.8608490492037493,0.24315061791232465,0.16951425133601422
2023-02-16,0.8650697558207587,0.23731916762930452,0.16427483093139006
2023-02-17,0.8630755276370914,0.234527936401396,0.160313882444231
2023-02-21,0.8558897191136303,0.22406985844366226,0.15779161592546825
2023-02-22,0.8575472668442317,0.2316227501284302,0.15781117904580977
2023-02-23,0.8557055774056762,0.22646161274171853,0.14898909273930291
2023-02-24,0.8444954557924961,0.2289164809654335,0.15018559690017474
2023-02-27,0.8422255292317522,0.22347784743009907,0.1441713547303944
2023-02-28,0.8435232417736692,0.22379105954001774,0.14467812304631034
2023-03-01,0.8384887548143881,0.2035797239070257,0.12717806702873954
2023-03-02,0.8351513561785177,0.20363269789337118,0.13332262809446832
2023-03-03,0.7704582747311159,0.14070465433318702,0.06029853379517518
2023-03-06,0.7706760197623986,0.14950813241446081,0.059836875305259975
2023-03-07,0.752559459690075,0.14631382870701728,0.05691922382345961
2023-03-08,0.7385499001485073,0.08255333220446243,0.0008364655278945607
2023-03-09,0.722554070123884,0.0921966978777753,0.009778980919901774
2023-03-10,0.72229809381234,0.0977196698349165,0.01888634853401418
2023-03-13,0.7181978743863298,0.09787519298191809,0.018529583190233727
2023-03-14,0.7150392388892773,0.10467948324235844,0.02335794808213929
2023-03-15,0.7067550365464506,0.13891729014282964,0.04543847388524013
2023-03-16,0.6768706639419062,0.10837643529961978,0.011153544660712944
2023-03-17,0.6724200471918813,0.07171523642000792,0.0012209496532441656
2023-03-20,0.6730785656055089,0.033037390236827134,-0.013451674840549651
2023-03-21,0.6821757799532059,-0.01967053628138219,-0.05783551765722877
2023-03-22,0.6786778095424922,-0.03230100851351795,-0.10096801367940593
2023-03-23,0.6697155421676616,-0.03189168540803606,-0.07406492632411166
2023-03-24,0.6699359053831804,-0.044937975745390775,-0.07939537666582626
2023-03-27,0.6648782857138984,-0.050009268224687424,-0.06712454464632289
2023-03-28,0.6658456660520725,-0.05451822026570942,-0.07478761942367754
2023-03-29,0.680474019693769,-0.06859192341782068,-0.08975374569499175
2023-03-30,0.68228719621307,-0.0612518393456764,-0.07780244359387244
2023-03-31,0.6933627811845059,-0.07490454388490282,-0.0912570934284354
2023-04-03,0.6903246499275683,-0.0702717136346795,-0.09441587306761529
2023-04-04,0.6914884324539234,-0.0917164023998389,-0.10490842637018624
2023-04-05,0.6918053452938676,-0.08828390644775062,-0.09938966456700289
2023-04-06,0.6921156905493205,-0.09729401095394442,-0.11088115398281963
2023-04-10,0.6919499628589945,-0.09338350073351602,-0.10636203592809532
2023-04-11,0.6903526221681332,-0.09407664453574419,-0.11323009009121031
2023-04-12,0.6957130338143165,-0.10239282374279884,-0.1193848555794434
2023-04-13,0.7186753110502229,-0.06509883106986122,-0.07529556048071794
2023-04-14,0.7203365918835032,-0.054901400340303885,-0.060782812845485014
2023-04-17,0.720951747775992,-0.06422700828187543,-0.05806057096141677
2023-04-18,0.7210328108520594,-0.06930004550491983,-0.06081789261081146
2023-04-19,0.7408442472946426,-0.08098418698509063,-0.05985269691131982
2023-04-20,0.7439797344694306,-0.07653287285400825,-0.06314639970347795
2023-04-21,0.772388219368136,-0.06506467598923,-0.06278288557637741
2023-04-24,0.7641511620397977,-0.07112565131252722,-0.07312584927883375
2023-04-25,0.757197637959274,-0.08634503862820671,-0.07716134182890133
2023-04-26,0.7561614081170444,-0.07985876852082836,-0.07363302865891679
2023-04-27,0.7157885660599328,-0.057759493634707226,-0.04676674111774962
2023-04-28,0.7191435509560605,-0.05640865817475424,-0.044551467510708986
2023-05-01,0.7053250204599198,-0.06272246440369542,-0.05399097430841845
2023-05-02,0.6995472417144216,-0.1210090119748039,-0.094879217000997
2023-05-03,0.6952512756687882,-0.16287559340316793,-0.1595049655168823
2023-05-04,0.6913860552069501,-0.11617393301346833,-0.024885174227032087
2023-05-05,0.7074643082035331,-0.2512068176050193,-0.20818954670355524
2023-05-08,0.7032086350781951,-0.2503390900027059,-0.20664488313433246
2023-05-09,0.6926040820634765,-0.2611891114923808,-0.2264521308005652
2023-05-10,0.6800812767535609,-0.2619510670972403,-0.2300809429339142
2023-05-11,0.6698690063345764,-0.29962686172865227,-0.2800112609354423
2023-05-12,0.6777933090611314,-0.29784367205820406,-0.27985017305598564
2023-05-15,0.6659211561493534,-0.29911022031995094,-0.2835249330340129
2023-05-16,0.6666766572634013,-0.2683638095602771,-0.2813391896893275
2023-05-17,0.6790407372092739,-0.27434408979769287,-0.28848740992498256
2023-05-18,0.6622644986757442,-0.2927253753139396,-0.32092620121894816
2023-05-19,0.6625080602211766,-0.293058966328278,-0.3239651262185856
2023-05-22,0.6444440017094637,-0.3134378493691014,-0.3317874311263634
2023-05-23,0.661252975870612,-0.3059820388054228,-0.32129128934722795
2023-05-24,0.6684926143053306,-0.3025632319381824,-0.3190817308360826
2023-05-25,0.6716766994451986,-0.3080204542474934,-0.2995781265612182
2023-05-26,0.6850364351928174,-0.3036277452778769,-0.28270259911628254
2023-05-30,0.684107745417571,-0.3050823862207727,-0.28298152685749417
2023-05-31,0.6882990915707378,-0.3037254243939258,-0.280875316134534
2023-06-01,0.6992979031185588,-0.3026302062354037,-0.2792101416426934
2023-06-02,0.7249730104028518,-0.3042114872382562,-0.27910444895873804
2023-06-05,0.7247860106194189,-0.3035067594381334,-0.279236597314738
2023-06-06,0.7451934025385368,-0.3175813756705776,-0.279200556358884
2023-06-07,0.739362878672113,-0.315843544005471,-0.26801336967881695
2023-06-08,0.7403035769393806,-0.3165214802836869,-0.2663167855912839
2023-06-09,0.7398572533659227,-0.31685008219885014,-0.266660543984338
2023-06-12,0.7435303104355898,-0.31563723351337225,-0.2628492971073658
2023-06-13,0.7446722418312325,-0.3155646782907117,-0.2629461595797242
2023-06-14,0.7418001994120856,-0.3158378770934293,-0.2631518221569342
2023-06-15,0.7787609074176587,-0.32034230008925985,-0.2622664508045751
2023-06-16,0.781247352509692,-0.3116546261843194,-0.26982884409806235
2023-06-20,0.7806404796889079,-0.3093881941142336,-0.26939965842869307
2023-06-21,0.7779242970729362,-0.26882969173721477,-0.23455731983974057
2023-06-22,0.779703844989496,-0.25976725548207413,-0.18362987008570472
2023-06-23,0.7951553648175315,-0.25753176229465236,-0.2178920631013545
2023-06-26,0.7951807740095543,-0.24767547895554368,-0.21438800694927268
2023-06-27,0.8068021408664087,-0.24778562823006553,-0.2365548624125432
2023-06-28,0.806001710618128,-0.24103677656212316,-0.22476501415616718
2023-06-29,0.7928463687776429,-0.22585338283854836,-0.20951020378949586
2023-06-30,0.7977660807166951,-0.24016920156807953,-0.2281744807336865
2023-07-03,0.7895353505682119,-0.22412980798783189,-0.21331465417656362
2023-07-05,0.7942494398707987,-0.2330224687346115,-0.20718990100391493
2023-07-06,0.7971113212846537,-0.20312015908304135,-0.19446830152560304
2023-07-07,0.7992320039407825,-0.20431371293406606,-0.19846880028595312
2023-07-10,0.7978703028741446,-0.1996744194919762,-0.1916230067177259
2023-07-11,0.7979606099560868,-0.20187118327454603,-0.19968468773663503
2023-07-12,0.804105344346192,-0.19951578648856755,-0.183308398198642
2023-07-13,0.8039020965830117,-0.188414301557331,-0.1638409659349377
2023-07-14,0.7952800087459994,-0.274123462282811,-0.2575426769388833
2023-07-17,0.793853681444511,-0.3355994095246338,-0.31175144260216026
2023-07-18,0.7967197843780235,-0.3315394561245097,-0.31553342802827206
2023-07-19,0.7956234197655941,-0.33182623788375243,-0.3136504231773715
2023-07-20,0.7900818850607634,-0.3359630073086178,-0.3060966272299283
2023-07-21,0.7865091867088005,-0.3266575947290239,-0.2953254149552565
2023-07-24,0.784905950852371,-0.343104056131064,-0.31240582697656244
2023-07-25,0.785440639351481,-0.3435217348275798,-0.30815689409848523
2023-07-26,0.7934665994961981,-0.31496490103126806,-0.29588823276653475
2023-07-27,0.7939226418726281,-0.3353745115808721,-0.30487221565506845
2023-07-28,0.8555308736774441,-0.3518761815537617,-0.2982791562913391
2023-07-31,0.8585073714597303,-0.3564143653055012,-0.2988225922958459
2023-08-01,0.858770403842445,-0.3655721538037643,-0.3081149827782268
2023-08-02,0.8702129714447971,-0.27508763567892397,-0.2694023488185566
2023-08-03,0.8689628584142385,-0.23954009062813014,-0.24830051585767188
2023-08-04,0.871794549742188,-0.20318524411686384,-0.23828518576690944
2023-08-07,0.865415934070576,0.006794787887774045,-0.12110664193123888
2023-08-08,0.8675447238583629,0.006460504163692837,-0.12336937685809492
2023-08-09,0.8640248975950559,0.054387282721049195,-0.09208967653439844
2023-08-10,0.8638781291456997,0.05772336325648826,-0.08726715887238186
2023-08-11,0.8665791487006834,0.031241957148579667,-0.09140010844663492
2023-08-14,0.8613626166579663,0.028068208353506586,-0.09882262866601345
2023-08-15,0.8399267342436209,0.014689225628931941,-0.10853308682691491
2023-08-16,0.8404298356405873,-0.24648913979793094,-0.24018196262959854
2023-08-17,0.830986573142946,-0.16854186462772103,-0.20706572550218327
2023-08-18,0.8254943228800153,,
2023-08-21,0.8182822383747244,,
2023-08-22,0.8178702894050109,,
2023-08-23,0.7924506327417581,,
2023-08-24,0.7652250438404047,,
2023-08-25,0.7568526398569619,,
2023-08-28,0.7362721609117164,,
2023-08-29,0.7119151218586169,,
2023-08-30,0.7074968286070497,,
2023-08-31,0.6999462544759637,,
2023-09-01,0.7011079812214173,,
2023-09-05,0.6993463420926177,,
2023-09-06,0.6932715300002863,,
2023-09-07,0.695909632523611,,
2023-09-08,0.6918324672354568,,
2023-09-11,0.6864483189459102,,
2023-09-12,0.6715689988538305,,
2023-09-13,0.6668678012246306,,
2023-09-14,0.6611964331886064,,
2023-09-15,0.6270547479925819,,
2023-09-18,0.6247622911012959,,
2023-09-19,0.6254634596641951,,
2023-09-20,0.6104945287909108,,
2023-09-21,0.5841207184377739,,
2023-09-22,0.574530045724357,,
2023-09-25,0.5737255390078662,,
2023-09-26,0.5487038663628111,,
2023-09-27,0.548681912244517,,
2023-09-28,0.5535587223460584,,
2023-09-29,0.5231431633139644,,
2023-10-02,0.5225636482983325,,
2023-10-03,0.5228190114650255,,
2023-10-04,0.5126058396904621,,
2023-10-05,0.5112616556753602,,
2023-10-06,0.5116004054674743,,
2023-10-09,0.5055344645591872,,
2023-10-10,0.48363690891125777,,
2023-10-11,0.4584244138577745,,
2023-10-12,0.4538044650741136,,
2023-10-13,0.4477827922233328,,
2023-10-16,0.42388070687119966,,
2023-10-17,0.42385969591735845,,
2023-10-18,0.4193196530482564,,
2023-10-19,0.4209293441763288,0.011014794070196118,0.01285585495745667
2023-10-20,0.4182969479255351,0.015304135939131037,0.016503579543253613
2023-10-23,0.4137987418291958,0.011718065061809108,0.014435191475444075
2023-10-24,0.4161647226075947,0.011627971758833573,0.013115768968667188
2023-10-25,0.4140360236297674,0.013162378555640678,0.016468580593803756
2023-10-26,0.36171381079111875,0.01915791650133659,0.03207957679683681
2023-10-27,0.36053337299174165,0.02558926488455097,0.04145664336864255
2023-10-30,0.3594095288345577,0.017931878632286395,0.02963425251715423
2023-10-31,0.23927258377606767,0.009008458805371553,0.015568995471197446
2023-11-01,0.2375044204056667,0.006449684750995975,0.011679727212243175
2023-11-02,0.21399623660329445,0.06696495575032979,0.012105274524944956
2023-11-03,0.1631879707828573,0.10120253577759292,0.021463559286420388
2023-11-06,0.14186412825236475,0.074654947366448,0.009368856294566512
2023-11-07,,0.06139237903726158,
2023-11-08,,0.0512541646004792,
2023-11-09,,0.022546537808827455,
2023-11-10,0.3061691534843727,-0.10610901090569341,-0.41134897919069474
2023-11-13,0.31177361062708325,-0.11159301497321521,-0.43096508761734875
2023-11-14,0.46156265074091074,0.012814999497822334,-0.06794413910347118
2023-11-15,0.46453041295761793,0.010362888378099282,-0.06809371534765729
2023-11-16,0.46444183966165775,0.0109152323338658,-0.06095143489567724
2023-11-17,0.4695181921262595,0.011732575513595895,-0.06096639590513599
2023-11-20,0.48082846081874886,0.003303003063340203,-0.07856245610880376
2023-11-21,0.4973652232661012,-0.01566251840385764,-0.13879652868922293
2023-11-22,0.5158742405011375,-0.027618153786181352,-0.1512025963524234
2023-11-24,0.5225540702064783,-0.027860863794785293,-0.15946005980871295
2023-11-27,0.5300867322720529,-0.03716080734434123,-0.166297416916351
2023-11-28,0.5600528854237211,-0.03028319465140743,-0.1362835233773513
2023-11-29,0.5642612125826051,-0.0295166758797965,-0.13776603979665128
2023-11-30,0.5525994109374652,-0.039614565192035045,-0.12298759649652376
2023-12-01,0.5559068395162392,0.010834207762281101,-0.08663448751014179
2023-12-04,0.566808460637649,0.07228595518875955,0.06914189518914063
2023-12-05,0.5693215167888849,0.07310507031709097,0.06353210740798003
2023-12-06,0.5769251149306842,0.06433082886138831,0.04968468159575581
2023-12-07,0.5859614724587666,0.06710384838324471,0.05423004570481897
2023-12-08,0.59607686116476,0.04489793664029936,0.024135989141083357
2023-12-11,0.5983023239051868,0.028600564384041596,-0.02230481899644327
2023-12-12,0.6008787301325551,0.027334538724282587,-0.024839177127947264
2023-12-13,0.6441181779682293,0.13636621429069837,0.0930151414483514
2023-12-14,0.659035306896266,0.14213429443526435,0.0868470140425068
2023-12-15,0.649090592161117,0.1516826363188278,0.07000048574888773
2023-12-18,0.652272051625021,0.1569377622580723,0.07740679426009617
2023-12-19,0.6662368773581762,0.168204816959369,0.08572476495089582
2023-12-20,0.7502881969259351,0.20479363206703388,0.11905963538884827
2023-12-21,0.7587179331660366,0.21974673315369678,0.14028751216024332
2023-12-22,0.7583799013290135,0.21891435837703552,0.13950176982306176
2023-12-26,0.7583053579153421,0.2225574409534115,0.14905912851400005
2023-12-27,0.7578280090515244,0.22116461089537945,0.14871366559957389
2023-12-28,0.7578763257584374,0.2236647389932358,0.1526891928970587
2023-12-29,0.7610210927037347,0.22643128686886085,0.15638516767576266
2024-01-02,0.7596651846306559,0.23190448638640962,0.16535558713588
2024-01-03,0.7731766707526964,0.2577632310329891,0.201386623975449
2024-01-04,0.7706153014755764,0.2553646788685157,0.20101473941383616
2024-01-05,0.7705164770794479,0.25516146007553026,0.2009601271163238
2024-01-08,0.7376291467899273,0.20582374973781323,0.20184048775692776
2024-01-09,0.7369371152286932,0.20536436042558884,0.20172775030921797
2024-01-10,0.7351699401908449,0.2015762701860103,0.2023634832333718
2024-01-11,0.7370319498993186,0.20068061419433716,0.20157088741487159
2024-01-12,0.7445777238080247,0.19486880620141794,0.19555658007217888
2024-01-16,0.7419065070653296,0.2108924472453765,0.1962870283395751
2024-01-17,0.7501098293771463,0.2306096885712048,0.19734916293193772
2024-01-18,0.7562001871426509,0.2266980093661451,0.19079555041665736
2024-01-19,0.7690077017142949,0.21976144442176426,0.1774663293186825
2024-01-22,0.7687742462237106,0.23096610046221278,0.18535787714796909
2024-01-23,0.7683515801019346,0.23314755469926401,0.18643821592194187
2024-01-24,0.7645204304939751,0.23102917637918274,0.18414020517608806
2024-01-25,0.761842444136315,0.23007954136802575,0.18404667903296662
2024-01-26,0.76251728047278,0.23371540370049307,0.18558742204429907
2024-01-29,0.7657819392524277,0.23311225142779363,0.18378492614027164
2024-01-30,0.765255975785918,0.2472760823060464,0.19206675961858954
2024-01-31,0.7940760978486279,0.22854612121167964,0.17918015086051683
2024-02-01,0.8001239433386975,0.22016618526447745,0.17460651008262135
2024-02-02,0.8040320436553331,0.21488336939316802,0.16731550535717524
2024-02-05,0.8513746082101088,0.20805937615209924,0.1692538772238689
2024-02-06,0.8611474427106389,0.20220084196989263,0.17131501216567263
2024-02-07,0.8637502230626334,0.2025597856231113,0.16677306628975228
2024-02-08,0.8643053483515203,0.20427594231060936,0.16484930139219495
2024-02-09,0.864270402293968,0.20145405497986174,0.1594128718050282
2024-02-12,0.8749890475664787,0.21842945215693452,0.16206273188797668
2024-02-13,0.8753360675998226,0.27800887577669386,0.2305394692868941
2024-02-14,0.8773356646228936,0.2806246149358812,0.23507038718400464
2024-02-15,0.8614934732419379,0.24357910655675158,0.19974846479972214
2024-02-16,0.8644311277014469,0.24310883817344575,0.19796224219394035
2024-02-20,0.8671298291442152,0.24863221371951205,0.20268852175289223
2024-02-21,0.8653551534243948,0.24863479326718899,0.20234947040161358
2024-02-22,0.8822481876744254,0.23620895994602817,0.1913891781266241
2024-02-23,0.8810639576535573,0.2575041237908891,0.21803720058364942
2024-02-26,0.8788141383905202,0.26085923287127855,0.22226278855742554
2024-02-27,0.878814283465906,0.26434068874000577,0.22759701502270693
2024-02-28,0.8790365577875664,0.27573038506898645,0.23314178379812575
2024-02-29,0.8778413458525473,0.2901242067383887,0.23619797173323856
2024-03-01,0.8797501711860545,0.31929740741816975,0.28354160082305596
2024-03-04,0.8845463341475697,0.29226793598799,0.24453121578164078
2024-03-05,0.8912342353330184,0.2511162291282937,0.21156093026273728
2024-03-06,0.8897567765013196,0.22582582518093175,0.1741812176554926
2024-03-07,0.8931633421351194,0.2348749746708222,0.1909249715814913
2024-03-08,0.892992373502712,0.2148664670997177,0.15724479289426346
2024-03-11,0.8930079372096452,0.21312560249685403,0.1549794917562068
2024-03-12,0.895682968954962,0.18672972902439125,0.12422746133800348
2024-03-13,0.8960122247755652,0.19275768791685058,0.1359027371130537
2024-03-14,0.8964434314469492,0.20104952966000567,0.14455255024809868
2024-03-15,0.8973513891053242,0.12845376444633247,0.09832220253311198
2024-03-18,0.8992822069220947,0.12679681808009702,0.10377308752242971
2024-03-19,0.903711901655039,0.11274198431568735,0.11863172380755152
2024-03-20,0.9051006662055459,0.13865772513491514,0.1456981880040191
2024-03-21,0.9050209510578827,0.1272126760342404,0.13709276530624878
2024-03-22,0.8996802364714337,0.10114718468953628,0.10642924320935318
2024-03-25,0.8979858826985639,0.07511382654318585,0.08266929763102669
2024-03-26,0.8983280350548494,0.07036495310270487,0.07857294408359573
2024-03-27,0.8945222280682769,0.0820799952080399,0.07231870204352042
2024-03-28,0.8946903547846493,0.06910906981732613,0.05766590228690887
2024-04-01,0.8918345340864552,0.05162463989875112,0.05779395740197151
2024-04-02,0.8931268288109466,6.357088678801048e-06,0.012282630489262569
2024-04-03,0.8948809239864706,-0.012297437458816923,-0.00509257662382348
2024-04-04,0.895204299032149,-0.01057238964189377,-0.018030183949978986
2024-04-05,0.8831980616286939,0.041215717428790856,-0.022345846241188225
2024-04-08,0.8832495279225159,0.03889317584306138,-0.02425379087209335
2024-04-09,0.9114777221869204,0.08989717628869164,-0.0291628454921878
2024-04-10,0.8950186787431368,0.13374071843984567,-0.025161433659165157
2024-04-11,0.891534485025256,0.17090433647525466,-0.03041566217610023
2024-04-12,0.8635917758611776,0.23467374093548096,-0.024648895067838242
2024-04-15,0.8433833461394513,0.15079878330429197,-0.026277782309531646
2024-04-16,0.8446009459158931,0.13812734064116677,-0.02998912594900489
2024-04-17,0.8440955608764034,0.1399126168148942,-0.02980611175026207
2024-04-18,0.8403873586965781,0.14627884459783713,-0.0233131438132477
2024-04-19,0.8235926455429692,0.15473738774363235,-0.011880566733808117
2024-04-22,0.8131043695894987,0.0711724507984557,-0.006326914791695016
2024-04-23,0.796510672788307,0.05691987250311462,-0.003947231034217026
2024-04-24,0.7981871095739581,0.058336165725860735,-0.001046495187037491
2024-04-25,0.7981326475334569,0.0561519136362594,-0.001062290072301273
2024-04-26,0.7892080603332767,0.05719483695975807,-0.004481779045541296
2024-04-29,0.784482707275108,0.0584441136053748,0.00100221038307282
2024-04-30,0.7597819862985584,0.14291763255806375,-0.00018299540398907673
2024-05-01,0.73766684157708,0.13215618297037987,-0.010310774609639238
2024-05-02,0.718577489759814,0.12812600347353967,-0.004450144167869725
2024-05-03,0.6929804681280362,0.12394628003202629,0.0034979145991179184
2024-05-06,0.6832266399887525,0.14051736241711782,0.0019775530589327722
2024-05-07,0.6854565415815395,0.14054663209872395,0.0013693594511088294
2024-05-08,0.6792112763973991,0.14598069406251404,0.006639604952713037
2024-05-09,0.6768685151952873,0.15967105475331256,0.0067048444435764175
2024-05-10,0.6743280946631457,0.16340093906334732,0.012064951311604974
2024-05-13,0.6746513721229663,0.1615998979278588,0.009880575265914408
2024-05-14,0.6535624770840106,0.1636543767966781,0.008804231432539222
2024-05-15,0.6617637117899335,0.19450307109452125,0.05355372223243235
2024-05-16,0.6621360990606292,0.202893418938707,0.058696930572367086
2024-05-17,0.657357755362254,0.19815816593919924,0.04926410580902867
2024-05-20,0.648193317478616,0.19525619536417807,0.04613954787381541
2024-05-21,0.650335060226429,0.19349651559973338,0.04187871503508895
2024-05-22,0.5868992815172976,0.2302969255790299,0.07101404718602752
2024-05-23,0.5934606515173896,0.26054878526117586,0.09404161232442797
2024-05-24,0.600320123551348,0.25608472629195805,0.08934175953523121
2024-05-28,0.5987860794240607,0.25516892695301824,0.0966068025788377
2024-05-29,0.607291370666396,0.26972415358976065,0.11374860015646461
2024-05-30,0.6161856899475907,0.2697914293223708,0.11762331842061237
2024-05-31,0.5891073266238981,0.22635144583004208,0.06824511974781973
2024-06-03,0.5858805492773694,0.23540263635409428,0.09278564868960251
2024-06-04,0.5641021797273532,0.24816255546892374,0.11444771171891195
2024-06-05,0.583789231081989,0.2627424949037005,0.14819362880893613
2024-06-06,0.567618313191056,0.25592772895678684,0.13690987798445756
2024-06-07,0.5618540531876297,0.2692572442733242,0.17700417147159572
2024-06-10,0.5629349738019191,0.2688848977282892,0.17735937500109528
2024-06-11,0.5397560099321093,0.30453652415537913,0.2319807735118731
2024-06-12,0.5544263886139666,0.3038680331927483,0.23791217600695383
2024-06-13,0.5519802787735723,0.3010371597471529,0.23128985286113574
2024-06-14,0.5354299054932989,0.2967097359082621,0.22308715969774814
2024-06-17,0.5410853903313554,0.2929976731074933,0.21514880561576882
2024-06-18,0.539922276073666,0.29612570885069633,0.2163575838387049
2024-06-20,0.5252122067396333,0.2810226479653027,0.18894186933673723
2024-06-21,0.524704900310483,0.2829643753470727,0.19241468905384398
2024-06-24,0.5248668203144778,0.27961683738878085,0.1908774714256203
2024-06-25,0.5203263632954706,0.28078724305278546,0.1858760767365159
2024-06-26,0.5185023816961604,0.28255239476586747,0.18898161914787115
2024-06-27,0.5172075053065978,0.2744851021560177,0.18507804208606723
2024-06-28,0.5225254430043579,0.28049840880422144,0.19725044314686263
2024-07-01,0.5240004532918451,0.2886537185359699,0.1937901959970681
2024-07-02,0.5200481126798598,0.32081163287718095,0.237713044786995
2024-07-03,0.523070693425292,0.321730152843403,0.2339402138716677
2024-07-05,0.4875924269904153,0.31103579398862086,0.21560221604184607
2024-07-08,0.5039612504516435,0.2813368537826301,0.23129232524179866
2024-07-09,0.50388566519529,0.2834822900636537,0.2359427567597824
2024-07-10,0.5202272509088658,0.2805711355088586,0.2364399520002983
2024-07-11,0.5477481681892075,0.2545832604878927,0.20570632407994283
2024-07-12,0.5601016988121782,0.23005811247686428,0.22332416137061215
2024-07-15,0.5774891280107219,0.18401022150116417,0.2208324516686357
2024-07-16,0.5891274535969047,0.3057753130264954,0.22342013564550844
2024-07-17,0.6458714440461207,0.31249262091242136,0.22577131993678842
2024-07-18,0.6662933423264561,0.3119915068021933,0.23941122715201363
2024-07-19,0.6603946624279295,0.34564363576584667,0.23770094313535617
2024-07-22,0.6580470763348886,0.3624986844525435,0.23877882342946205
2024-07-23,0.6684139159309127,0.44384156145553566,0.24652303102325318
2024-07-24,0.6214206926965822,0.43481638934635486,0.24664976009211234
2024-07-25,0.6189387666164238,0.4471436463232562,0.24392770972560485
2024-07-26,0.6056887841513698,0.4762135147941775,0.24053861201333696
2024-07-29,0.615947397595029,0.4743990982068192,0.24213774338611477
2024-07-30,0.6154678581649751,0.4501853371921772,0.23614696078348943
2024-07-31,0.6118111201268854,0.43884663681395486,0.22765852739330553
2024-08-01,0.5925691028139697,0.4524970820056977,0.23271633857544438
2024-08-02,0.5721231081998741,0.44820954912531386,0.23255458021188288
2024-08-05,0.5312871364592896,0.48853907793091544,0.23166146327673204
2024-08-06,0.541188680962208,0.4726086092923271,0.23802042922988767
2024-08-07,0.5415766956213017,0.47468359570850027,0.23743513591038212
2024-08-08,0.5048098324937773,0.5116523160205403,0.22645708656706953
2024-08-09,0.5059041198768156,0.50932486380823,0.2360757719033952
2024-08-12,0.5061594446987749,0.4959075780032746,0.22794526589135253
2024-08-13,0.4878616650225967,0.4821565257411345,0.22835375389987417
2024-08-14,0.48498245612261054,0.4713461444315172,0.2233555737900238
2024-08-15,0.44710545270354385,0.4517808452191115,0.18559053098108266
2024-08-16,0.4455896289455437,0.43396917119301165,0.16941530644747713
2024-08-19,0.44059386971425935,0.43761197259914597,0.1799151220859166
2024-08-20,0.4427674563093214,0.43525484645926305,0.1739344391991685
2024-08-21,0.4417331059730372,0.4348827375113402,0.17459683237616894
2024-08-22,0.43965964957541986,0.4487609422297819,0.17623830964295242
2024-08-23,0.4280560108611283,0.4495822238494197,0.15287185595207142
2024-08-26,0.4223600716212333,0.44761062345499303,0.15299519217903057
2024-08-27,0.4231016132527166,0.45352614285965814,0.14615297694143184
2024-08-28,0.4135115833349877,0.4504768627079247,0.12925087836503757
2024-08-29,0.4022748498516079,0.4534828071148605,0.1350275379716877
2024-08-30,0.4060685855351945,0.4492025808518642,0.13194754446053972
2024-09-03,0.39384094207628323,0.453755255892329,0.12360350953502586
2024-09-04,0.39410971410292417,0.4589051264457657,0.13002160445959252
2024-09-05,0.36767992506437547,0.43432413532385666,0.07103690317324503
2024-09-06,0.3596301602510859,0.45084509585175736,0.07370099143398763
2024-09-09,0.3542488942173537,0.4776362597916876,0.06851156128239443
2024-09-10,0.3519542447538978,0.48003388645168266,0.06867088462175418
2024-09-11,0.34784091700915626,0.4713700196900632,0.07066741460114678
2024-09-12,0.33276617543059245,0.48284741130645176,0.07214748394135069
2024-09-13,0.3320435162911723,0.48612731516229474,0.07331276612788674
2024-09-16,0.33384834910004,0.48588144402581007,0.07541004201992224
2024-09-17,0.3212253619726557,0.48735836682833183,0.08104410141388635
2024-09-18,0.3204360394345716,0.4891140137759528,0.07968025743115663
2024-09-19,0.31149434735153914,0.5135183349093824,0.07736163907498934
2024-09-20,0.31037250798263744,0.49948241173194846,0.07585876871239111
2024-09-23,0.3071062299710217,0.4993159284116502,0.07335443461855098
2024-09-24,0.3070125973121582,0.49655420201067907,0.07980357587281006
2024-09-25,0.3067393253620415,0.497658739901908,0.08080972597564609
2024-09-26,0.30919072508860235,0.49911951710536256,0.08863024333464221
2024-09-27,0.3059918044036699,0.49779174235437607,0.10193400541177075
2024-09-30,0.3083416290439496,0.48751920251123065,0.09572744400698519
2024-10-01,0.32064318129964775,0.46614087049047576,0.059227271682743166
2024-10-02,0.3169611314211708,0.46787250272348296,0.06377564576681989
2024-10-03,0.31033702637114646,0.4710417401864652,0.07132269575077399
2024-10-04,0.32717069908651214,0.46233899406624696,0.056082715352045405
2024-10-07,0.3431721911171812,0.4664895614245897,0.07031411823530603
2024-10-08,0.3437002617782881,0.45109419174254217,0.03113330993097724
2024-10-09,0.3368915022997689,0.4407520594783123,0.006849627046060545
2024-10-10,0.3309850957076883,0.4388827372510414,0.007945160451582663
2024-10-11,0.3320127360291917,0.44404545206805207,0.015573653545654155
2024-10-14,0.34280535981007604,0.434892021409063,0.0027943435676995813
2024-10-15,0.3149448662945188,0.4217103269858965,-0.07932002824373073
2024-10-16,0.29715143211239226,0.41588374110521925,-0.13359595152801465
2024-10-17,0.29789084001631594,0.40499720913761067,-0.13948568134656608
2024-10-18,0.3024980673938869,0.41238616188482213,-0.11086285843458053
2024-10-21,0.30022016225395226,0.41410301814430317,-0.11213703473171693
2024-10-22,0.3122901022762714,0.40308388548669605,-0.10920912137775005
2024-10-23,0.34086598640251803,0.41281616149820566,-0.00980016366040451
2024-10-24,0.3399323127476435,0.4021057770486846,0.008633892027707398
2024-10-25,0.3328811346585682,0.4023734687831578,0.00778912652557285
2024-10-28,0.33320917693219565,0.415798717740337,0.008899209897555818
2024-10-29,0.33536299176143936,0.3810420163358854,0.044277144151061244
2024-10-30,0.3455364560604917,0.3680706938931244,0.0317551124163608
2024-10-31,0.3750890633845618,0.4169573506219085,0.06167832199535091
2024-11-01,0.4124501423349228,0.3577315330883754,0.06213740787335239
2024-11-04,0.41206395012090485,0.35837083333206465,0.06196197548033759
2024-11-05,0.405312154890732,0.3528583179836176,0.06172747891933026
2024-11-06,0.533357785365867,0.08528282202332724,-0.19638982919110745
2024-11-07,0.5353027580680615,0.1014575298707513,-0.12205457776455927
2024-11-08,0.5349125182006617,0.10336420808813102,-0.1206632338486071
2024-11-11,0.5539645291290565,0.11534133098557134,-0.1107312420781668
2024-11-12,0.556389545488427,0.12048411548776779,-0.11300567271044847
2024-11-13,0.5794346934255127,0.11776220280913122,-0.1117147247647963
2024-11-14,0.5877145748203095,0.1191479815549491,-0.10828571688462277
2024-11-15,0.6190374544707661,0.12524999712533771,-0.09244422870785576
2024-11-18,0.6202813892211008,0.12629535986775245,-0.09299715366922756
2024-11-19,0.6216902204362678,0.12709029562787397,-0.09411465485465106
2024-11-20,0.6265773930450667,0.10319877615958571,-0.09760551153471889
2024-11-21,0.6374191541816935,0.07902301846047072,-0.09768818676711892
2024-11-22,0.6378902232386018,0.08071802224214532,-0.09751601092194542
2024-11-25,0.6380634159520021,0.08008555467539467,-0.09736843639684203
2024-11-26,0.6426857453805628,0.06644643734240002,-0.10030885246001871
2024-11-27,0.6442760900042097,0.068548768701857,-0.09670117243884725
2024-11-29,0.6553184594854445,0.08546297000542818,-0.09982095991483113
2024-12-02,0.6884380752895171,0.06026155552685726,-0.10234972515948017
2024-12-03,0.6876486968546668,0.06030585231826882,-0.10289597400854932
2024-12-04,0.689073405756513,0.06787504439797659,-0.10215794681959799
2024-12-05,0.7244092859619725,0.02771400632577137,-0.10450342736135249
2024-12-06,0.7338812611634442,0.018853922860582954,-0.1045287687446445
2024-12-09,0.7409580845492671,0.01758369508425688,-0.10048120941801196
2024-12-10,0.7562152781387267,0.0252289946898221,-0.1000588250982961
2024-12-11,0.765806666861222,-0.012414711000761752,-0.09756391819560156
2024-12-12,0.7732279744838231,-0.02332245368548282,-0.09374258866846628
2024-12-13,0.7669794428999205,-0.023105544344809457,-0.09410242321192293
2024-12-16,0.7621904851837971,-0.025142017509486022,-0.09651715899268384
2024-12-17,0.7650542774897188,-0.03552757931952862,-0.09969145607479545
2024-12-18,0.7906038277959472,-0.1010072704089462,-0.09291474286519652
2024-12-19,0.7906020815331876,-0.09502865934689654,-0.09052068385719803
2024-12-20,0.7733138830022982,-0.09485670763679442,-0.089855449390246
2024-12-23,0.7697308756750154,-0.10693764042990833,-0.08749037660651954
2024-12-24,0.7550854086931136,-0.10643203029272227,-0.08803866380682476
2024-12-26,0.7544135716279912,-0.11196222857985484,-0.09535256476266846
2024-12-27,0.745799223892187,-0.11701068246307705,-0.11195335832254022
2024-12-30,0.7359288186260918,-0.1080273412590014,-0.11017796021274327
2024-12-31,0.7285311322597183,-0.08036576070080823,-0.06778349337205516
2025-01-02,0.7286223565219863,-0.08034052621196697,-0.06779186687213491
2025-01-03,0.7107253388306778,-0.07915791803996276,-0.06827063577142364
2025-01-06,0.7005287100373734,-0.07458983702539182,-0.06315401242990246
2025-01-07,0.6836694247713974,-0.08436228355585122,-0.07695923417633659
2025-01-08,0.6753282934505896,-0.06553071383611653,-0.047764840182739216
2025-01-10,0.6562900059773821,-0.05218413088812148,-0.0363435171569698
2025-01-13,0.6552498811813384,-0.04845006269804433,-0.03129785930597633
2025-01-14,0.6567854935397651,-0.06992779030978472,-0.03344557325814362
2025-01-15,0.6221998620209989,-0.06366933736520841,-0.029905028885114638
2025-01-16,0.6152811234101342,-0.055356516905740664,-0.013206948281091238
2025-01-17,0.6079281702227054,-0.06097110078133391,-0.011348986310695346
2025-01-21,0.6000559313006001,-0.021593584840063965,-0.015691059986828498
2025-01-22,0.6012366246517428,-0.024424174191031097,-0.01726463872840176
2025-01-23,0.6014125715033545,-0.026207567122180486,-0.0175971432281693
2025-01-24,0.6029099012377196,-0.02949701336269633,-0.03224210612983153
2025-01-27,0.6129058422041577,-0.018708710093728514,0.005907234174636845
2025-01-28,0.6208674168003588,-0.0008967800550836176,0.026241752013846254
2025-01-29,0.6248735990694435,0.005504183640440517,0.025878802784202876
2025-01-30,0.626862987588707,0.025471188017048868,0.03949158488583118
2025-01-31,0.6308646209984523,0.0192931957397006,0.01009690279347174
2025-02-03,0.6351500110430157,0.01344136981495445,0.009773085266398834
2025-02-04,0.64471998748705,-0.06603540943279522,0.018275706181306507
2025-02-05,0.6472347708884797,-0.055743534768833286,0.02284219704125672
2025-02-06,0.6478155645154283,-0.056879274231508514,0.019491738040107398
2025-02-07,0.6698101789013005,-0.06849210346614465,0.013634650524689984
2025-02-10,0.624506580750587,0.2530356763856673,0.37819777235000723
2025-02-11,0.6170926516652461,0.22429709737828957,0.3260859771391995
2025-02-12,0.6167970604943498,0.24213339417475327,0.3348086107291111
2025-02-13,0.6298195689496311,0.307119555741796,0.40057707204356563
2025-02-14,0.6277971664464739,0.2798631921870319,0.3391724795670193
2025-02-18,0.6283845363098177,0.2741535514376362,0.3211702465038607
2025-02-19,0.6226020356627364,0.2717103953024936,0.31995442605707036
2025-02-20,0.6012487752848958,0.2719729442343438,0.334382291438999
2025-02-21,0.6369866563344124,0.27842700396329223,0.3367126390879436
2025-02-24,0.6364210328932283,0.27074115761326123,0.33565923373339507
2025-02-25,0.6354610851203842,0.2819143958711844,0.32020884454852744
2025-02-26,0.6344187429438815,0.2852848079195792,0.32176510291012744
2025-02-27,0.6125102069457583,0.3564109230409357,0.30565487285806187
2025-02-28,0.5947939523791491,0.31086329441195276,0.3041170330873493
2025-03-03,0.5922563358884738,0.2927376005974583,0.29402758470285956
2025-03-04,0.5924503294746554,0.28898354033406,0.28843572767071746
2025-03-05,0.5876048102478539,0.2927987531482731,0.294113615305088
2025-03-06,0.5911904342572782,0.29087412128061546,0.3013286905226317
2025-03-07,0.5912758625207627,0.2911469964469567,0.30280519852992605
2025-03-10,0.5862921256791719,0.288103414694871,0.30853081451101494
2025-03-11,0.5861331582033646,0.2827493112548541,0.30055088168725264
2025-03-12,0.5879608135897462,0.28363935371156546,0.30699049229294
2025-03-13,0.5850232511618727,0.2708238452804462,0.291094787185685
2025-03-14,0.5839867669682381,0.2697783468282674,0.2899776238693558
2025-03-17,0.5788022657972614,0.2752291174978848,0.3137189774084412
2025-03-18,0.5756771678724013,0.27015866719339526,0.30703089269525063
2025-03-19,0.5812372510056312,0.2703133831160726,0.31483375623958026
2025-03-20,0.5854568310880888,0.27281153085216264,0.3360749647485977
2025-03-21,0.583659005770686,0.2663221040431929,0.3285853317511498
2025-03-24,0.5419420207978995,0.28177559613370223,0.32978141504276415
2025-03-25,0.5419591792570452,0.2811811933472679,0.3295499124178759
2025-03-26,0.5536873983119949,0.29366932176640465,0.3293660365585789
2025-03-27,0.5568440581434991,0.2930817990337324,0.32276184946233266
2025-03-28,0.5683346429805451,0.30544817984096667,0.3215214803317951
2025-03-31,0.5683373920175817,0.30031439187363035,0.3147549543452425
2025-04-01,0.5785151481790702,0.29748226585001025,0.31417283952187075
2025-04-02,0.5916639839625298,0.29613820607333563,0.31440160640545567
2025-04-03,0.593135893015511,0.2917622333126221,0.3115713969409867
2025-04-04,0.59385440329605,0.26828789029704153,0.28669109519326563
2025-04-07,0.6109211610797951,0.2662091371652479,0.27002523361577524
2025-04-08,0.6148768020895821,0.27019470431176407,0.26964395440934225
2025-04-09,0.6303985150257545,0.24153367256256048,0.24010552190890663
2025-04-10,0.6306492882858387,0.23297998939120657,0.23090298050652563
2025-04-11,0.6632102205755,0.2287439045589217,0.2263194675881578
2025-04-14,0.6634409687380773,0.2292216174430426,0.22524547036237808
2025-04-15,0.6636198460148123,0.2299687240969278,0.22526882622774072
2025-04-16,0.7180175640350066,0.24843318914090207,0.21215697577753487
2025-04-17,0.7186885347314818,0.24613975252647882,0.21149201151602143
2025-04-21,0.7387719983136131,0.25157607431946816,0.2019339520549292
2025-04-22,0.7574506915394343,0.22828420191175247,0.19953657881558579
2025-04-23,0.7520118950152017,0.2158915449739631,0.1913651212374022
2025-04-24,0.7538420606683041,0.2247687243115024,0.193039886179347
2025-04-25,0.7531776202292789,0.2233522645383572,0.19569298579416416
2025-04-28,0.7305386626748583,0.18942870175921708,0.14162012891223497
2025-04-29,0.713580793382021,0.17890560971812774,0.12977967948059818
2025-04-30,0.71283958394306,0.1707600417882474,0.12609169253223157
2025-05-01,0.6774685172707685,0.14793302371537612,0.034315039889468685
2025-05-02,0.7209518947183039,0.13631237029638507,0.02974151543612926
2025-05-05,0.711252707324764,0.1191598123479638,-0.008041979839472843
2025-05-06,0.6787283784327696,0.1066779463228556,-0.08628368412574346
2025-05-07,0.6719776101642201,0.10182430740905006,-0.1044967102229865
2025-05-08,0.6797407371857201,0.0697261067261464,-0.1449728433890022
2025-05-09,0.6556933470732655,0.068341476716367,-0.15641824762965667
2025-05-12,0.8142012230397324,-0.14353798281725363,-0.3323090819650799
2025-05-13,0.8151553763695146,-0.13953675238353816,-0.31980982737087865
2025-05-14,0.814964765332896,-0.13995062556640572,-0.3298763178074909
2025-05-15,0.8023475961655148,-0.15911025707398174,-0.3580803730458341
2025-05-16,0.8044013590541477,-0.16268675064917063,-0.35415573638169906
2025-05-19,0.8044125321107237,-0.17091478235121887,-0.36017508978761426
2025-05-20,0.8068785688294541,-0.16934514850630347,-0.35822086966066424
2025-05-21,0.8201754077264288,-0.15693213457720728,-0.34470106135662054
2025-05-22,0.7934208673988253,-0.17412165948531885,-0.3823828856960014
2025-05-23,0.7987186084493824,-0.16766925221552795,-0.37152455946795404
2025-05-27,0.8316346821640497,-0.17526541014683455,-0.35226788173934376
2025-05-28,0.8336623434601307,-0.1722722780120428,-0.3492332219165496
2025-05-29,0.8873116905478022,-0.2474142071623143,-0.35690151360456535
2025-05-30,0.9330353086858897,-0.23679080144533837,-0.3583351262665643
2025-06-02,0.9351015878481883,-0.23054865203751754,-0.35707857817008354
2025-06-03,0.9357147675158215,-0.22974446448379787,-0.35548387017486827
2025-06-04,0.934513924768965,-0.2291766225306199,-0.3555936681813508
2025-06-05,0.9353171344019657,-0.22756115241213853,-0.3516285279543954
2025-06-06,0.9356425292514167,-0.22608554854045881,-0.350396985124593
2025-06-09,0.9356034357679962,-0.2293132138139329,-0.35464918265634476
2025-06-10,0.935988862228199,-0.22818940393867637,-0.3533931889482456
2025-06-11,0.9364219098996421,-0.22574805918244797,-0.35043323569571083
2025-06-12,0.9354155692429814,-0.22461372931309379,-0.35004498266074197
2025-06-13,0.9390057769510254,-0.21549855441918447,-0.3385206406996525
2025-06-16,0.9404199157193013,-0.21331298119129874,-0.3330186954143106
2025-06-17,0.9424106303678403,-0.20673811124948732,-0.3250352834312032
2025-06-18,0.9424221147424205,-0.20595168235373554,-0.32413031495357547
2025-06-20,0.9425021672419654,-0.20553337806013294,-0.3228709877267927
2025-06-23,0.9432467273814089,-0.2064445676682041,-0.3242766658542315
2025-06-24,0.9450536656920745,-0.20602531153779602,-0.3210416351214923
2025-06-25,0.9447219960845327,-0.20514711902607272,-0.32038096647077396
2025-06-26,0.9453554507020518,-0.20516846868343527,-0.32000752015311
2025-06-27,0.9444413294287778,-0.20315055766168078,-0.31843530361944716
2025-06-30,0.9445688235986393,-0.20161694791155774,-0.3167170649689173
2025-07-01,0.937713138732049,-0.1989346777393384,-0.3103164564974702
2025-07-02,0.9377032946181488,-0.19966826583920314,-0.3107503199315167
2025-07-03,0.9383843387169183,-0.19832013804831175,-0.30881471205685307
2025-07-07,0.9395969916849694,-0.19742918646203814,-0.3079442321133485
2025-07-08,0.939481106329493,-0.20998459425812052,-0.3242986960006029
2025-07-09,0.939693575129315,-0.2227604915418005,-0.3403555371980761
2025-07-10,0.9369868751528765,-0.22171159860656045,-0.3381092256369287
2025-07-11,0.9369401537637806,-0.22262670084995745,-0.3473117299225841
2025-07-14,0.9367321389804546,-0.22140978456686264,-0.3499620876197344
2025-07-15,0.9332373085308545,-0.21813263903303143,-0.3502419634754795
2025-07-16,0.9320248302006293,-0.2206096618321773,-0.3534386643687453
2025-07-17,0.9323311976187039,-0.21819261192431155,-0.3506543368010528
2025-07-18,0.932411657796216,-0.22113509753438723,-0.362536125155964
2025-07-21,0.9316315043319252,-0.2230996707703693,-0.36435299344666927
2025-07-22,0.9287549396533681,-0.2274661034345536,-0.37823097914558873
2025-07-23,0.9253139036405521,-0.23448178524319252,-0.39076547349043844
2025-07-24,0.9249634059495467,-0.2599383673622652,-0.4250537412593513
2025-07-25,0.9240279208678163,-0.25725215118475553,-0.42678816139206904
2025-07-28,0.9227989814383212,-0.2663747462914155,-0.4379062879613386
2025-07-29,0.9228727978125624,-0.2644718760671508,-0.43980488670507867
2025-07-30,0.9221471670031911,-0.27256514875955923,-0.4500033420841426
2025-07-31,0.9229045372128577,-0.27772079101478925,-0.4551283761791906
2025-08-01,0.9412358792403259,-0.291135819570993,-0.41044722908037534
2025-08-04,0.9090734179032515,-0.29578692382274585,-0.4227185131331221
2025-08-05,0.9055161532344407,-0.2958184279841744,-0.42633503891419183
2025-08-06,0.9050069661729983,-0.327207929716919,-0.41041658944485204
2025-08-07,0.9065520924638829,-0.3546135557520529,-0.42355458178781197
2025-08-08,0.8992671007445491,-0.3565756070704104,-0.4175387214385396
2025-08-11,0.8988272744793062,-0.35284070898632214,-0.41938387002938127
2025-08-12,0.8651320242127463,0.02150161403864937,-0.037492581278890914
2025-08-13,0.8693575397470774,0.005545191482401241,-0.0813203141800132
2025-08-14,0.8728172475087911,,
2025-08-15,0.8753236027353551,,
2025-08-18,0.8753610185831555,,
2025-08-19,0.8733653341948626,,
2025-08-20,0.8732094906378588,,
2025-08-21,0.868164853747008,,
2025-08-22,0.8767931903266533,,
2025-08-25,0.8730788033836796,,
2025-08-26,0.8527981423491514,,
2025-08-27,0.852007321056278,,
2025-08-28,0.8517372778724054,,
2025-08-29,0.8547980501987504,-0.15779335908808015,-0.22077000037986888
2025-09-02,0.8577802300115102,-0.22213498529056222,-0.22126331851025696
2025-09-03,0.8574693066089628,-0.18707006849387908,-0.17381136814623593
2025-09-04,0.8626899038006454,-0.2100996545705182,-0.19583991573814882
2025-09-05,0.855713144974686,-0.23186316654335398,-0.17663654250355212
2025-09-08,0.8509953534880996,-0.20904224518442616,-0.1391285413942292
2025-09-09,0.8512049455953931,-0.21036116437569108,-0.14170156649125326
2025-09-10,0.849120711995709,-0.2049096967055119,-0.13953704635945113
2025-09-11,0.8488588253250524,-0.21709586114314677,-0.1482516103678167
2025-09-12,0.8443683536193684,-0.21681392725364051,-0.1451905399165552
2025-09-15,0.8346214527715005,-0.20048956017438338,-0.11135463318072111
2025-09-16,0.8294867358962248,-0.19863594573954388,-0.10690371015033477
2025-09-17,0.8223963419965636,-0.187355573863073,-0.0968439754299944
2025-09-18,0.8214591065222546,-0.19626943472357514,-0.11716214305686953
2025-09-19,0.8207503871658681,-0.17302541502136076,-0.08871601656709788
2025-09-22,0.8162180650085239,-0.12618743106017843,-0.04101157254992259
2025-09-23,0.8110040021545696,-0.13002220883975063,-0.0419277609840897
2025-09-24,0.8137442089646078,-0.09813529006482238,-0.016711693904285185
2025-09-25,0.8112394523202856,-0.10236004915616922,-0.017991974247738015
2025-09-26,0.8115593245418238,-0.08763974958303868,-0.008958222090329766
2025-09-29,0.8100889403816789,-0.06683553242540478,0.022248734102036757
2025-09-30,0.8178079193382786,-0.05860921172482148,0.020601179812466754
2025-10-01,0.8173825935310236,-0.05583310211216968,0.025459472592667478
2025-10-02,0.8106040806101459,-0.04927154610699053,0.02535924014580137
2025-10-03,0.8028794931498904,-0.06277411304816366,0.003943518637303654
2025-10-06,0.802225640062798,-0.04152286233128584,0.05095607206533017
2025-10-07,0.8023193162878502,-0.042858953425710555,0.04994101650182608
2025-10-08,0.8060903018768969,-0.007106555542479243,0.10449116352380726
2025-10-09,0.8052731677519381,0.026240593238969653,0.10999139586692923
2025-10-10,0.7783772244086589,-0.055733892080177164,0.07710693627931091
2025-10-13,0.7491593523108512,0.04729980966588846,0.06683564617472934
2025-10-14,0.7494129879573239,0.04637510566856652,0.06613275006643304
2025-10-15,0.7442365658697765,0.0659934146904343,0.06991413158846715
2025-10-16,0.7375634841099437,0.014090954740649468,0.061390077865162644
2025-10-17,0.7351593209256513,-0.015788100250660998,0.06641896145962836
2025-10-20,0.7250233544343591,0.061880195210435335,0.04997466362925504
2025-10-21,0.7232480298116175,0.06418311579147869,0.04678862148710339
2025-10-22,0.7203854853023735,0.06664268533059985,0.048032840338816114
2025-10-23,0.7159269748303129,0.06929453341103443,0.049149000373921836
2025-10-24,0.7241173281736057,0.059631283482488466,0.03925404504787351
2025-10-27,0.7342767331034489,-0.001567568462065624,-0.05813829736365312
2025-10-28,0.732518081068032,-0.00486204327946272,-0.06871000198878188
2025-10-29,0.7271438096162378,-0.006006764024958455,-0.07530129607634427
2025-10-30,0.7094299174754616,-0.05108298359206832,-0.14553105328155047
2025-10-31,0.741470250032017,-0.04899470755998145,-0.15077282022220861
2025-11-03,0.743046504026664,-0.052440126213610674,-0.1516427874116959
2025-11-04,0.767575387573646,-0.0020624173500068113,-0.0652946181342609
2025-11-05,0.7673912760889753,0.0008488199247920016,-0.05695571762055673
2025-11-06,0.787041502843578,0.011051317411434078,-0.04267496429149417
2025-11-07,0.786730135170343,0.009888251977758987,-0.04433028742032231
2025-11-10,0.747497413086444,0.07265676781600873,-0.042411936737821294
2025-11-11,0.7478341347789207,0.07413107640081383,-0.04259684168502945
2025-11-12,0.7477774702939496,0.0723218429163394,-0.04439261926613937
2025-11-13,0.7148515847616606,0.09760702117424554,-0.04567981495220007
2025-11-14,0.714813829480656,0.09850145325147718,-0.043059376010829445
2025-11-17,0.7065489018799078,0.11567822364020132,-0.04856969065585231
2025-11-18,0.700300627315227,0.10704950997307779,-0.05266937308210534
2025-11-19,0.6956819674406421,0.10472194553405413,-0.055322104275655176
2025-11-20,0.653913647278037,0.11784119228303049,-0.05009540645257805
2025-11-21,0.640306424277648,0.10850839839453487,-0.05130930100329587
2025-11-24,0.617207128080589,0.13239867300772945,-0.051498285336785514
2025-11-25,0.6084476285188966,0.1276416111019316,-0.05067561441418217
2025-11-26,0.6030627668640673,0.13242191547473262,-0.04874724377806048
2025-11-28,0.5943189225840029,0.14312845805810073,-0.04110131211279463
2025-12-01,0.5836825529479125,0.169401361615652,-0.009198574322070305
2025-12-02,0.5802985472530532,0.16519288324695208,-0.013632624473232317
2025-12-03,0.5708600863402558,0.1728399443621423,-0.0027836274662970495
2025-12-04,0.5728981170262456,0.1798474298635078,-0.0037633318160578445
2025-12-05,0.5731414138018899,0.17777836450928616,-0.011784109154807071
2025-12-08,0.574286980736802,0.18121016094684803,-0.007627609240976729
2025-12-09,0.5742785429016466,0.1801702688039069,-0.007272631146481112
2025-12-10,0.5714379143526158,0.18663891101131147,-0.0025086042920794724
2025-12-11,0.570852824885984,0.18785227405628335,-0.007739518265588021
2025-12-12,0.5871297380693388,0.17537634973225685,-0.028083510110877532
2025-12-15,0.5873773554849734,0.17568295552609015,-0.027718282714868724
2025-12-16,0.5861696142556159,0.17464721980605563,-0.03147916243798792
2025-12-17,0.5745439605727832,0.16684586614160649,-0.0215034174314381
2025-12-18,0.5676207917104387,0.1566756030050916,-0.031208692813670186
2025-12-19,0.559777127697405,0.14605994408513595,-0.047759653364869925
2025-12-22,0.55266866522289,0.16134767244092946,-0.044999141150624006
2025-12-23,0.5498448696482728,0.1608355748117832,-0.05218756480409038
2025-12-24,0.5459777346553129,0.1591246273272702,-0.05145724654037203
2025-12-26,0.5428688877149074,0.15620198776728353,-0.05350457530482984
2025-12-29,0.5410335341739525,0.16734988362686842,-0.06207801075284481
2025-12-30,0.5393304447639449,0.16534261975046183,-0.06547769988561415
2025-12-31,0.5331072487945745,0.17245235212387638,-0.06573270598745641
2026-01-02,0.5342753463617382,0.1736192674514443,-0.0619026364383138
2026-01-05,0.5334638179389198,0.1890142064059205,-0.05596902777100181
2026-01-06,0.5319597869387571,0.18923888800793884,-0.07873261444126858
2026-01-07,0.5276357788210541,0.19578261743277925,-0.0768810411645939
2026-01-08,0.5246176096346322,0.18728658695990144,-0.1104222683420366
2026-01-09,0.5231212790304213,0.1842397912454359,-0.11407700209234876
2026-01-12,0.48381189879333725,0.2368341563109631,-0.10027850772712596
2026-01-13,0.497406088479305,0.2021218083652132,-0.10328392519855209
2026-01-14,0.4946604879052232,0.19542367380050465,-0.10297235215385372
2026-01-15,0.49525360226689263,0.18591276480025556,-0.10488062225052436
2026-01-16,0.500473436554756,0.21761109439385348,-0.10807701959236984
2026-01-20,0.46621062130506763,0.10631635345603424,-0.10177930570828914
2026-01-21,0.4646957243204553,0.08044773183925276,-0.10664778854956482
2026-01-22,0.46375646134640863,0.10347585672152046,-0.12159207706700825
2026-01-23,0.46660065575053133,0.10023603366568215,-0.12005830721018189
2026-01-26,0.4670796536933874,0.10774428019965945,-0.11860386032061916
2026-01-27,0.455960628201503,0.1274583391264743,-0.06637097996069664
2026-01-28,0.4170577863450703,0.1882883804428417,0.09953537934270908
2026-01-29,0.4190141045360678,0.19532706166567887,0.1290180015228932
2026-01-30,0.42095461480386803,0.17606844438830735,0.2902982370794966
2026-02-02,0.3902678724577896,0.17155863389118628,0.2786982449448092
2026-02-03,0.4127531444456867,0.10362163175604583,0.12307068974057349
2026-02-04,0.41220939386956473,0.10583204108182456,0.1260809426858216
2026-02-05,0.34786472519957035,0.11824610424032433,0.06931196071191012
2026-02-06,0.33381208291265657,0.15954284259840948,0.0637730929495957
2026-02-09,0.28295659042707194,0.16431471141104181,0.05876480346277493
2026-02-10,0.28182379775027994,0.1679218058920909,0.05746799381272298
2026-02-11,0.28648230925279233,0.13754113821703015,0.056230451399003935
2026-02-12,0.2710340707400463,0.18743066593864152,0.05075583709852304
2026-02-13,0.27107307270420655,0.1872321361929197,0.05142214297669342
2026-02-17,0.28843118782812655,0.16858356403754182,0.04816344361878798
2026-02-18,0.2891442366581334,0.17611312993048306,0.052423337805495664
2026-02-19,0.2952239033803911,0.1645506054020459,0.05409741496539468
2026-02-20,0.3021409615762743,0.17883321820433803,0.055177264493043006
2026-02-23,0.2925334533070398,0.15045385735224384,0.05733142156337905
2026-02-24,0.31011652004322404,0.13574741674258162,0.05566970296139606
2026-02-25,0.31091577108558155,0.13641854161471761,0.05556135778521806
2026-02-26,0.31243136573665753,0.11981480546073757,0.05492068749239336
2026-02-27,0.3104605639772325,0.11983943973243696,0.056242309360986086
2026-03-02,0.31071942191979374,0.11821757191055345,0.05669127619612535
2026-03-03,0.30291987711873386,0.15254950469222842,0.04914756465000116
2026-03-04,0.30548084771761264,0.15571320924213222,0.04943092325302604
2026-03-05,0.3013476967678462,0.16508673438551225,0.04878023297014387
2026-03-06,0.2669125228635192,0.12459973859680493,0.050334221655968424
2026-03-09,0.26654465358340174,0.11940185231641605,0.0500502849793714
2026-03-10,0.26376380208250805,0.11953201470161576,0.054072502901203884
2026-03-11,0.26170060408108264,0.11893310676466769,0.051879643033021824
2026-03-12,0.2628226123209853,0.11748601876145083,0.04867284949285028
2026-03-13,0.2491747789618644,0.11664977041891822,0.04635539508197123
2026-03-16,0.2546146892716759,0.11474946157134126,0.049823781586019904
2026-03-17,0.1862116565351182,0.11917621017671388,0.07592814456416244
2026-03-18,0.18538368640332498,0.11633379038367496,0.0722030676150867
2026-03-19,0.18612929717386809,0.11183547673373645,0.06741364897567813
2026-03-20,0.19189914253656618,0.12108817706286683,0.06694116410582515
2026-03-23,0.19208152738364476,0.12437072637673668,0.06705649127192632
2026-03-24,0.19282601570965544,0.12623460624298616,0.06698713585788804
2026-03-25,0.192857208698524,0.11443819231241358,0.06601111536511135
2026-03-26,0.19266612698712887,0.10929240398412216,0.06534075651218489
2026-03-27,0.19241477156447476,0.11142269656876203,0.06561157072789159
2026-03-30,0.19243758549184597,0.1111555217293975,0.0650060845144496
2026-03-31,0.1935255674361987,0.10089391493931901,0.06948812524505131
2026-04-01,0.19381050515034406,0.10079958205475943,0.0694414227996634
2026-04-02,0.19710034425788017,0.0962864689767393,0.06990257429468544
2026-04-06,0.1968546314210421,0.09556849686628983,0.06960312281550314
2026-04-07,0.19708752029760757,0.07945489198993735,0.0685692858714576
2026-04-08,0.1832475625347718,0.06492146546510055,0.0679839911132135
2026-04-09,0.18441872480281937,0.06138848545780249,0.06869167867704638
2026-04-10,0.18432872202248213,0.06149841734273446,0.06837632976982057
2026-04-13,0.23416787344977902,0.05655331414307888,0.06031906793268681
2026-04-14,0.3029482375862337,0.052802442439439844,0.047743596267466035
