date,LETF_vs_QQQ,LETF_vs_GLD,QQQ_vs_GLD
2004-11-18,,,
2004-11-19,,,
2004-11-22,,,
2004-11-23,,,
2004-11-24,,,
2004-11-26,,,
2004-11-29,,,
2004-11-30,,,
2004-12-01,,,
2004-12-02,,,
2004-12-03,,,
2004-12-06,,,
2004-12-07,,,
2004-12-08,,,
2004-12-09,,,
2004-12-10,,,
2004-12-13,,,
2004-12-14,,,
2004-12-15,,,
2004-12-16,,,
2004-12-17,,,
2004-12-20,,,
2004-12-21,,,
2004-12-22,,,
2004-12-23,,,
2004-12-27,,,
2004-12-28,,,
2004-12-29,,,
2004-12-30,,,
2004-12-31,,,
2005-01-03,,,
2005-01-04,,,
2005-01-05,,,
2005-01-06,,,
2005-01-07,,,
2005-01-10,,,
2005-01-11,,,
2005-01-12,,,
2005-01-13,,,
2005-01-14,,,
2005-01-18,,,
2005-01-19,,,
2005-01-20,,,
2005-01-21,,,
2005-01-24,,,
2005-01-25,,,
2005-01-26,,,
2005-01-27,,,
2005-01-28,,,
2005-01-31,,,
2005-02-01,,,
2005-02-02,,,
2005-02-03,,,
2005-02-04,,,
2005-02-07,,,
2005-02-08,,,
2005-02-09,,,
2005-02-10,,,
2005-02-11,,,
2005-02-14,,,
2005-02-15,,,
2005-02-16,,,
2005-02-17,,,
2005-02-18,,,
2005-02-22,,,
2005-02-23,,,
2005-02-24,,,
2005-02-25,,,
2005-02-28,,,
2005-03-01,,,
2005-03-02,,,
2005-03-03,,,
2005-03-04,,,
2005-03-07,,,
2005-03-08,,,
2005-03-09,,,
2005-03-10,,,
2005-03-11,,,
2005-03-14,,,
2005-03-15,,,
2005-03-16,,,
2005-03-17,,,
2005-03-18,,,
2005-03-21,,,
2005-03-22,,,
2005-03-23,,,
2005-03-24,,,
2005-03-28,,,
2005-03-29,,,
2005-03-30,,,
2005-03-31,,,
2005-04-01,,,
2005-04-04,,,
2005-04-05,,,
2005-04-06,,,
2005-04-07,,,
2005-04-08,,,
2005-04-11,,,
2005-04-12,,,
2005-04-13,,,
2005-04-14,,,
2005-04-15,,,
2005-04-18,,,
2005-04-19,,,
2005-04-20,,,
2005-04-21,,,
2005-04-22,,,
2005-04-25,,,
2005-04-26,,,
2005-04-27,,,
2005-04-28,,,
2005-04-29,,,
2005-05-02,,,
2005-05-03,,,
2005-05-04,,,
2005-05-05,,,
2005-05-06,,,
2005-05-09,,,
2005-05-10,,,
2005-05-11,,,
2005-05-12,,,
2005-05-13,,,
2005-05-16,,,
2005-05-17,,,
2005-05-18,,,
2005-05-19,,,
2005-05-20,,,
2005-05-23,,,
2005-05-24,,,
2005-05-25,,,
2005-05-26,,,
2005-05-27,,,
2005-05-31,,,
2005-06-01,,,
2005-06-02,,,
2005-06-03,,,
2005-06-06,,,
2005-06-07,,,
2005-06-08,,,
2005-06-09,,,
2005-06-10,,,
2005-06-13,,,
2005-06-14,,,
2005-06-15,,,
2005-06-16,,,
2005-06-17,,,
2005-06-20,,,
2005-06-21,,,
2005-06-22,,,
2005-06-23,,,
2005-06-24,,,
2005-06-27,,,
2005-06-28,,,
2005-06-29,,,
2005-06-30,,,
2005-07-01,,,
2005-07-05,,,
2005-07-06,,,
2005-07-07,,,
2005-07-08,,,
2005-07-11,,,
2005-07-12,,,
2005-07-13,,,
2005-07-14,,,
2005-07-15,,,
2005-07-18,,,
2005-07-19,,,
2005-07-20,,,
2005-07-21,,,
2005-07-22,,,
2005-07-25,,,
2005-07-26,,,
2005-07-27,,,
2005-07-28,,,
2005-07-29,,,
2005-08-01,,,
2005-08-02,,,
2005-08-03,,,
2005-08-04,,,
2005-08-05,,,
2005-08-08,,,
2005-08-09,,,
2005-08-10,,,
2005-08-11,,,
2005-08-12,,,
2005-08-15,,,
2005-08-16,,,
2005-08-17,,,
2005-08-18,,,
2005-08-19,,,
2005-08-22,,,
2005-08-23,,,
2005-08-24,,,
2005-08-25,,,
2005-08-26,,,
2005-08-29,,,
2005-08-30,,,
2005-08-31,,,
2005-09-01,,,
2005-09-02,,,
2005-09-06,,,
2005-09-07,,,
2005-09-08,,,
2005-09-09,,,
2005-09-12,,,
2005-09-13,,,
2005-09-14,,,
2005-09-15,,,
2005-09-16,,,
2005-09-19,,,
2005-09-20,,,
2005-09-21,,,
2005-09-22,,,
2005-09-23,,,
2005-09-26,,,
2005-09-27,,,
2005-09-28,,,
2005-09-29,,,
2005-09-30,,,
2005-10-03,,,
2005-10-04,,,
2005-10-05,,,
2005-10-06,,,
2005-10-07,,,
2005-10-10,,,
2005-10-11,,,
2005-10-12,,,
2005-10-13,,,
2005-10-14,,,
2005-10-17,,,
2005-10-18,,,
2005-10-19,,,
2005-10-20,,,
2005-10-21,,,
2005-10-24,,,
2005-10-25,,,
2005-10-26,,,
2005-10-27,,,
2005-10-28,,,
2005-10-31,,,
2005-11-01,,,
2005-11-02,,,
2005-11-03,,,
2005-11-04,,,
2005-11-07,,,
2005-11-08,,,
2005-11-09,,,
2005-11-10,,,
2005-11-11,,,
2005-11-14,,,
2005-11-15,,,
2005-11-16,0.48815030913366503,-0.05041673397153166,-0.011573391324512112
2005-11-17,0.4969077621515355,-0.029879513417740918,0.020192502636368233
2005-11-18,0.4836516570320497,-0.030749643539330924,0.019899814730215157
2005-11-21,0.48209447129074545,-0.022976246719973472,0.023751362769424293
2005-11-22,0.4837716998327526,-0.019117686519524266,0.027135425039311517
2005-11-23,0.4850590570710039,-0.021902819596259587,0.026376594833418046
2005-11-25,0.48490978788635,-0.021659441583007935,0.02774983045404346
2005-11-28,0.49083000600318594,-0.028663748038446363,0.018131377765221453
2005-11-29,0.49122265351023053,-0.028864341415546377,0.017163007699320516
2005-11-30,0.4784883752973089,-0.016048603910699937,0.025595438790082047
2005-12-01,0.49003021932079394,0.014232139822886666,0.08823160630833358
2005-12-02,0.49041016364158707,0.014488803830343903,0.08909508891832274
2005-12-05,0.49158709404330975,0.011217270740461752,0.07750448103480745
2005-12-06,0.48071195273300626,0.011164697375570394,0.07968254851596913
2005-12-07,0.4788717039547313,0.004293301926728382,0.07691325247040526
2005-12-08,0.47624500344789106,0.0028479747058950803,0.06309139627364692
2005-12-09,0.4777373327057495,0.005662101620358554,0.06752688539089693
2005-12-12,0.47107557102152053,0.006445810781994587,0.06998743000104728
2005-12-13,0.47218570338847093,-0.008967466088151473,0.05778909263533305
2005-12-14,0.4696586983690148,-0.020342910155713947,0.07051090271181275
2005-12-15,0.47152429030905213,-0.01928220725621906,0.07018588827144093
2005-12-16,0.47172215246610116,-0.01805137992976114,0.07340117088253433
2005-12-19,0.4777917965619641,-0.01966567530454107,0.06816868208051508
2005-12-20,0.4712206136159442,-0.020613081237222962,0.06876056497139992
2005-12-21,0.47093758619634785,-0.019506738937819738,0.06835072609454977
2005-12-22,0.46982043503346393,-0.009924343159355949,0.06685186887500613
2005-12-23,0.4690501621322223,-0.010037902850287442,0.06682113430542984
2005-12-27,0.4624460479512626,-0.022792842044324885,0.06712684514051652
2005-12-28,0.4621150220766378,-0.018741580174489885,0.06567761757181032
2005-12-29,0.46137224368676266,-0.018587653183758057,0.06563843449416365
2005-12-30,0.46001019645663044,-0.019873913244981473,0.06545781444256947
2006-01-03,0.4462119300451595,0.03886333974020428,0.06160104844104519
2006-01-04,0.4244517662871097,0.0398557632513479,0.06265194541689795
2006-01-05,0.4255685818545701,0.038655690254138175,0.06275227128552555
2006-01-06,0.43481276372322913,0.06002901447983374,0.1176607868722823
2006-01-09,0.4353416510851396,0.06281169405367835,0.12392086733322814
2006-01-10,0.43629654299870946,0.06233698025352718,0.12299874642476559
2006-01-11,0.43804771497018175,0.0642107922458151,0.12984636870752256
2006-01-12,0.44087291835205766,0.06554194315912823,0.13115979435210176
2006-01-13,0.4426311672353401,0.06157878663900228,0.1271359524236561
2006-01-17,0.4451554910541452,0.0633517779265239,0.1300125612259143
2006-01-18,0.45118325829756384,0.07081034163905776,0.14910969347079445
2006-01-19,0.45589032821259445,0.0764551489470646,0.1631801466463675
2006-01-20,0.45710480993217767,0.08922076665302636,0.16630328628052282
2006-01-23,0.45749991414477337,0.09173505728623287,0.16516032797487953
2006-01-24,0.4574658887353982,0.09149951061359016,0.16519030931411569
2006-01-25,0.45779309378963023,0.09181122075767362,0.16451857009995255
2006-01-26,0.45696298807770147,0.08897014280848771,0.1646000533608804
2006-01-27,0.4539047403276566,0.08377928834458342,0.1646840684516995
2006-01-30,0.45391652454061454,0.0802618240506802,0.1616917313673149
2006-01-31,0.4540036777014264,0.08092509401111393,0.16167510630487092
2006-02-01,0.4537002859599575,0.0808276046506014,0.16167510630487092
2006-02-02,0.4503359662940478,0.07516566661090118,0.16131067713406724
2006-02-03,0.4498832896680837,0.07959916599699522,0.16127653085004265
2006-02-06,0.4537084034756064,0.08165973645469181,0.1610134511638471
2006-02-07,0.45164116635303964,0.11082869919417034,0.15514796712233012
2006-02-08,0.4486731489951602,0.11318945135387436,0.1548693746342035
2006-02-09,0.4500602624678938,0.10641201699475454,0.15082601356294464
2006-02-10,0.45045452270929287,0.10130913018391079,0.14908144358473266
2006-02-13,0.4532403534427904,0.1053464189004586,0.1476775623584865
2006-02-14,0.4491110986748108,0.10399025179779608,0.1476775623584865
2006-02-15,0.44916828534568254,0.10401071783986461,0.1476775623584865
2006-02-16,0.44709883026196345,0.10329330422240808,0.1476775623584865
2006-02-17,0.4486607705545464,0.10346559028171584,0.1476775623584865
2006-02-21,0.4487006114414394,0.10360865841732657,0.1476775623584865
2006-02-22,0.4536753149248314,0.10401224011366805,0.1476775623584865
2006-02-23,0.4556623228835995,0.10477712405355719,0.1476775623584865
2006-02-24,0.45707648880286494,0.10524774936721695,0.1476775623584865
2006-02-27,0.46080623539155613,0.10644951525370928,0.1476775623584865
2006-02-28,0.4593586079070432,0.10621959147508452,0.1476775623584865
2006-03-01,0.4573550914078019,0.10561641605070254,0.1476775623584865
2006-03-02,0.45734342566833613,0.10559879051741335,0.1476775623584865
2006-03-03,0.4568751837935929,0.10567089858414265,0.1476775623584865
2006-03-06,0.4622437608776812,0.10752542428704104,0.1476775623584865
2006-03-07,0.46227740074405144,0.10760672278281312,0.1476775623584865
2006-03-08,0.46229727155866407,0.11213337532225877,0.1487372511890125
2006-03-09,0.4647814884564596,0.1123539285931174,0.14872741068869852
2006-03-10,0.46148585081013194,0.11068406485374545,0.14898187533265786
2006-03-13,0.4626316409905589,0.114401856917833,0.14933226138706687
2006-03-14,0.4600094799152023,0.11877019220279869,0.14928742226819408
2006-03-15,0.4611067412234444,0.11923050724229194,0.149319763275692
2006-03-16,0.4630303946735315,0.1243576204538723,0.14971493449648413
2006-03-17,0.4631933513399122,0.126445217901958,0.14976552184061162
2006-03-20,0.4633562796410484,0.1270011351743241,0.14985067061236337
2006-03-21,0.46255855260488027,0.12075259657820325,0.15055016011653047
2006-03-22,0.46542104814525964,0.11902742771209808,0.15049412969775905
2006-03-23,0.46534010433532436,0.11909098491991628,0.15049412969775905
2006-03-24,0.4652932831784854,0.1190488358524948,0.15049412969775905
2006-03-27,0.46526875050577654,0.11910213508288658,0.15049412969775905
2006-03-28,0.4641499599770606,0.11906345996433544,0.15049412969775905
2006-03-29,0.46942286274552925,0.12070438385684773,0.15049412969775905
2006-03-30,0.46943156398730196,0.1129019480500194,0.14655902661050244
2006-03-31,0.46954044252988586,0.11279988177028792,0.14661233828699746
2006-04-03,0.4695484775573971,0.11191811397803748,0.14616592029962605
2006-04-04,0.4685552997663959,0.11021311195373233,0.1462439427110393
2006-04-05,0.46987308786279314,0.11167327282631838,0.14936447639349673
2006-04-06,0.470067987130323,0.11035566086601356,0.1513869541644053
2006-04-07,0.4837880015542635,0.1216768327567814,0.1627389573060312
2006-04-10,0.48327752476785346,0.12225806918327747,0.15807451771941577
2006-04-11,0.4914184815480732,0.13058312068007932,0.16609239911661516
2006-04-12,0.4913689168812398,0.1310975233810646,0.16576479071830863
2006-04-13,0.4893573766257399,0.13096390630989466,0.16566144445015604
2006-04-17,0.4894324317464003,0.12638709608622556,0.15732173945154745
2006-04-18,0.4797238763665204,0.13941696999365763,0.15622505343193932
2006-04-19,0.4795362881248218,0.1396019125895219,0.15135513555728042
2006-04-20,0.47942859392949877,0.13000374162159356,0.14591467972778285
2006-04-21,0.47942384275477784,0.12498150649207232,0.14032316734976572
2006-04-24,0.479360286108937,0.128054859658222,0.13931305693254623
2006-04-25,0.4788850495995475,0.12055681307343316,0.13772637302502574
2006-04-26,0.4788765852996836,0.11975597815098647,0.13672542622856484
2006-04-27,0.47790500518294887,0.11525210557651573,0.1367401090822058
2006-04-28,0.47740935688149055,0.11957310856497197,0.1325326409126102
2006-05-01,0.47534930687680366,0.11892215276767328,0.13249602596798596
2006-05-02,0.47317571212684756,0.12800841745295782,0.13065452330732827
2006-05-03,0.4728150482380096,0.12861652275453717,0.13069131349573412
2006-05-04,0.4741351786266691,0.13220388531432786,0.12962525792845933
2006-05-05,0.47120192822207274,0.13521342629459093,0.1292530643828641
2006-05-08,0.47123593834078203,0.13589361335701122,0.12934400582391178
2006-05-09,0.4722260144951403,0.13728028894731087,0.12601495111761857
2006-05-10,0.47226652174687217,0.13618995757531518,0.125482992744153
2006-05-11,0.46867698498919586,0.12802551229143458,0.1250144550421336
2006-05-12,0.46363083222713025,0.12646093930115415,0.12497387382464625
2006-05-15,0.4680542286167266,0.11461101824005143,0.12261556940488673
2006-05-16,0.4705635496545864,0.11183730797557319,0.12280118981216398
2006-05-17,0.4640262273297346,0.1178245989999898,0.1239446710428914
2006-05-18,0.4532807945335003,0.11954120613584722,0.12788346927290636
2006-05-19,0.4516223654982504,0.11902568202535048,0.12855334494369475
2006-05-22,0.4535990032349278,0.11898094241223557,0.12917638156257008
2006-05-23,0.451224086232301,0.11882711255118145,0.12925497246443401
2006-05-24,0.4533215321195758,0.11706382564801038,0.12765217886825267
2006-05-25,0.45349649134877307,0.11665603323274268,0.12721919326210013
2006-05-26,0.4499085744206228,0.11836284752889346,0.1294880260153192
2006-05-30,0.4498421461794298,0.11856855214783384,0.12953998313771323
2006-05-31,0.4475973091070246,0.11837507804850926,0.12917575482494745
2006-06-01,0.43875213846562994,0.1078609355831744,0.13042314809233485
2006-06-02,0.43895904198185165,0.10786662233489161,0.13178973495686008
2006-06-05,0.4365113678656167,0.10784765618605766,0.1339686506144384
2006-06-06,0.43659089485602925,0.10779563114686895,0.13399228680165143
2006-06-07,0.4413041951948392,0.10784537164447734,0.1344773945840114
2006-06-08,0.4407923749527525,0.10775522402594592,0.1343745438732413
2006-06-09,0.43842353259461425,0.10822155090988865,0.13562499271631803
2006-06-12,0.4398191460476309,0.10811582519453765,0.13673412218556408
2006-06-13,0.4388281923933402,0.10838844480814663,0.13759169886955222
2006-06-14,0.4415992906726678,0.10857407804494205,0.13754097295808704
2006-06-15,0.4413131666969432,0.10872020621901894,0.13800758715532313
2006-06-16,0.44082635987086854,0.10893052622080457,0.13900109651343853
2006-06-19,0.44122783514806063,0.10926690083226981,0.13901243315011458
2006-06-20,0.44123675434738346,0.1092873754921565,0.13901243315011458
2006-06-21,0.44131246044388334,0.10932524807356502,0.13897132548410937
2006-06-22,0.44154509216810783,0.10938145706502884,0.13889977292423306
2006-06-23,0.42313286005351697,0.11517165361274462,0.1459638865646703
2006-06-26,0.41628634205380205,0.11379124687348924,0.14455715690569085
2006-06-27,0.4163936159127145,0.11387990089539124,0.14456208691100778
2006-06-28,0.4188334581502171,0.12084159740790276,0.14458040580879286
2006-06-29,0.4071311455747507,0.11711794057605476,0.14470503580440713
2006-06-30,0.4078163730115077,0.11539151093281533,0.14465488373284097
2006-07-03,0.4075522902072552,0.11857314382307385,0.144937363573984
2006-07-05,0.40887488729267535,0.12491694575623939,0.14494821881591866
2006-07-06,0.41033811707091794,0.12425638523475559,0.14493470249504997
2006-07-07,0.41061210411381155,0.12421247374147443,0.14500350224166741
2006-07-10,0.4147674200609792,0.12786229320492598,0.14496715267777582
2006-07-11,0.4149895909956864,0.125944737310276,0.14520187406209498
2006-07-12,0.41430093543933433,0.12592896937759998,0.14508182231719077
2006-07-13,0.4141712138179956,0.12662441376550548,0.14691095848747307
2006-07-14,0.41313376643870214,0.12741706273961653,0.1514553780412074
2006-07-17,0.41424119243383917,0.1273771203467448,0.15199450860659333
2006-07-18,0.412071007991059,0.12723319835754793,0.1519427618192523
2006-07-19,0.40867860975149317,0.1279107985722544,0.1563004490897007
2006-07-20,0.40749994707687703,0.1282690444615254,0.15834026822655986
2006-07-21,0.40880363844671497,0.12816111531976362,0.1583697744475955
2006-07-24,0.41208969708506143,0.12907589487564786,0.1582706096307522
2006-07-25,0.4104150774829252,0.128661585040808,0.15821681602200643
2006-07-26,0.4105706472270626,0.12864938839821594,0.15900521936741027
2006-07-27,0.40918781169454965,0.12910659742924957,0.1613487651217085
2006-07-28,0.40254221835608595,0.12825376956501236,0.16249581099911103
2006-07-31,0.3955106743316758,0.12825212880859713,0.1634433087533258
2006-08-01,0.3955142147373158,0.12833360305928557,0.16375752047531492
2006-08-02,0.38927062580750943,0.12818313653358004,0.1683618705829539
2006-08-03,0.38955185526884156,0.128182939394324,0.16831010719144837
2006-08-04,0.37916093607447493,0.12830626285497643,0.16997331994126827
2006-08-07,0.3738176341745131,0.12837193770944216,0.17013210743295185
2006-08-08,0.37306621536727347,0.12840718502885823,0.17067964443321693
2006-08-09,0.3739342437427292,0.1293391838258785,0.17067964443321693
2006-08-10,0.37361066848630964,0.12898817429517856,0.17067964443321693
2006-08-11,0.3739568676916581,0.12590420990880813,0.17162232385285814
2006-08-14,0.3748730299823139,0.12617181812752323,0.17163519790390833
2006-08-15,0.39741417545096586,0.1281251821482559,0.15373225303024368
2006-08-16,0.40727701970356484,0.13654953749635412,0.1405671149166324
2006-08-17,0.40790000985123054,0.136243383402873,0.13998890225853497
2006-08-18,0.40822917392958574,0.13555748617101468,0.13975563261252463
2006-08-21,0.41192016447720153,0.13662200999567387,0.1389263604409142
2006-08-22,0.41189925644529063,0.1367048843291537,0.13896952187995887
2006-08-23,0.4133658999699539,0.13694666961840568,0.13871375034999328
2006-08-24,0.41449256227091424,0.13470436160568852,0.13823807087154255
2006-08-25,0.4150797251748868,0.1343095106305716,0.13810424094276727
2006-08-28,0.4190228518637235,0.13234729513832674,0.13635490122581476
2006-08-29,0.42111651874387107,0.13387934081180533,0.13587700098261302
2006-08-30,0.4208991038837375,0.12890750123219405,0.135059017187165
2006-08-31,0.4267893417872434,0.12384272078979322,0.13557840632352813
2006-09-01,0.4298209555208952,0.12530579162958824,0.1359337544886372
2006-09-05,0.4277388027613457,0.12515181408328427,0.13356500092705598
2006-09-06,0.4454022655548106,0.12683901441978215,0.12924836112218804
2006-09-07,0.4482449047665313,0.12698370339761927,0.12936191818608514
2006-09-08,0.44923589737876285,0.1282602260419827,0.12852868793642822
2006-09-11,0.45136484948016586,0.1263820133847912,0.1277065591412667
2006-09-12,0.46410625096726116,0.12484026308608945,0.12190718537291553
2006-09-13,0.46431196402344493,0.12128726119269151,0.1190271540152979
2006-09-14,0.4626433164158837,0.12396385740871128,0.12843423045271438
2006-09-15,0.4629706910905164,0.12464770792449208,0.1290367159599727
2006-09-18,0.4592835788173755,0.12145001675425561,0.126072572689173
2006-09-19,0.45848055307817764,0.12419036186507532,0.1328407675580303
2006-09-20,0.45701580695560673,0.12353575495445325,0.1289211241765104
2006-09-21,0.4605705458200145,0.13759507828890793,0.1323923621575878
2006-09-22,0.4630090372007689,0.1418139946578255,0.13191356990896125
2006-09-25,0.46962257333769936,0.1407956134994491,0.12699158049979295
2006-09-26,0.47235104658203564,0.13944686055653663,0.12679371419014904
2006-09-27,0.47194850262919935,0.139050700983817,0.12662162271618516
2006-09-28,0.4714411013313011,0.13909750960425862,0.12724464306024172
2006-09-29,0.47454591559590337,0.13682552420083888,0.1276514454969487
2006-10-02,0.4766670926308769,0.13892016175407235,0.12632585945784489
2006-10-03,0.47721865115529793,0.1369700651319747,0.1256979967969432
2006-10-04,0.4970936882329832,0.13614523713274912,0.11812353346736955
2006-10-05,0.49854206513593874,0.13508998805507652,0.11754404359329573
2006-10-06,0.49893284096346097,0.13677019863886006,0.11919569437200926
2006-10-09,0.4985613958402338,0.13691170446498233,0.11909684535921028
2006-10-10,0.4985635922142129,0.1368381982774946,0.1189973038911939
2006-10-11,0.49891057630104346,0.13690112107800279,0.11907890952118784
2006-10-12,0.5065297922054219,0.13538070556109,0.1153676557985157
2006-10-13,0.5068777351490787,0.13539118572359526,0.11515470285758622
2006-10-16,0.5067575742743143,0.13510172034541018,0.11491071764225101
2006-10-17,0.5080606566659254,0.13586926838721158,0.11518206060498226
2006-10-18,0.5063469482639036,0.13557956494224088,0.11499913773608807
2006-10-19,0.5063901692416526,0.13521433971820726,0.1144913761005109
2006-10-20,0.5061001475250566,0.13494832794804323,0.11402452919154232
2006-10-23,0.5077174615471304,0.1353919175953326,0.11347482328232317
2006-10-24,0.5024945225960421,0.13500719961732494,0.11330227876087183
2006-10-25,0.5032425106666314,0.13597513001572237,0.11370143034395476
2006-10-26,0.503375235851314,0.1355824485037146,0.11241263216620083
2006-10-27,0.5092448146328474,0.13581882169028753,0.11185040789754963
2006-10-30,0.5067404703111589,0.13589611809027533,0.11126934425365763
2006-10-31,0.5063647735083924,0.1356984922421275,0.11074835149138469
2006-11-01,0.5131305129697373,0.13718060644438967,0.10976331818708246
2006-11-02,0.5054290492350607,0.13902848248182406,0.1113591590004553
2006-11-03,0.5060928548947623,0.13866980307817706,0.11301256791843911
2006-11-06,0.5178373090784244,0.1311929448707605,0.10434804817780316
2006-11-07,0.5189025129566479,0.13144367235275017,0.10472931962387397
2006-11-08,0.5190692204803856,0.12910721676009324,0.09979607781133691
2006-11-09,0.5216696393567382,0.11412327843490885,0.08603700957494291
2006-11-10,0.5158436209790472,0.11514410515625581,0.08450197231564338
2006-11-13,0.5147495273945428,0.11456705179354046,0.08046664255671687
2006-11-14,0.5192805821780602,0.10892362312224599,0.0729907716654622
2006-11-15,0.5180546485846838,0.10910934221701526,0.07326153397035814
2006-11-16,0.5184810694077245,0.10649893172590713,0.06379338942616666
2006-11-17,0.5112377416546365,0.09836736650337438,0.05244781399005281
2006-11-20,0.5105398413335556,0.09875649406003871,0.052612735923158384
2006-11-21,0.5103582074477406,0.09588400320920516,0.051825700324148946
2006-11-22,0.5095665265264867,0.09470160346836981,0.051694999934488735
2006-11-24,0.510121858417786,0.09072043074636696,0.04934639005016543
2006-11-27,0.5312125875212025,0.0868244981363516,0.043799651016970025
2006-11-28,0.526878556538685,0.08954599605483736,0.04705382643232862
2006-11-29,0.529957063653589,0.08369242337139043,0.044156505024665664
2006-11-30,0.5290354179083399,0.07679185703768275,0.03914347693692045
2006-12-01,0.5198346593779266,0.06419581521792198,0.01783091755983914
2006-12-04,0.5250434404423084,0.06343540355440032,0.016655508173046542
2006-12-05,0.5250239509187169,0.06367432462304458,0.020112502809864836
2006-12-06,0.5250815777038859,0.0652397957974815,0.02501068528859289
2006-12-07,0.527245187176986,0.06913014018320301,0.02607279778436636
2006-12-08,0.5279728012475793,0.06919680955319227,0.02871975987710764
2006-12-11,0.5280383917089947,0.06920006469095193,0.028448381499533684
2006-12-12,0.5280556377771123,0.06929546251974629,0.028489397870685246
2006-12-13,0.5269271323185187,0.07794515261087005,0.03287291325591286
2006-12-14,0.5354450157294948,0.08081453059752662,0.02132963472161367
2006-12-15,0.5362241918152154,0.08023714628608966,0.021209482223294288
2006-12-18,0.5354751420020649,0.07938196537132346,0.019767702500519787
2006-12-19,0.530618710464577,0.0803605591465278,0.0216815524035663
2006-12-20,0.5307462573868197,0.08167901639970773,0.02091298235156429
2006-12-21,0.5328533543993416,0.08147865890376775,0.021541177603680524
2006-12-22,0.535423402771307,0.07690292380452025,0.022644668534617145
2006-12-26,0.5338571766362289,0.07645281761227339,0.02262950211055889
2006-12-27,0.5360575696319397,0.08482631338648935,0.023071201483110794
2006-12-28,0.5361573888853289,0.0835195041619016,0.023816337015338068
2006-12-29,0.5362625978409139,0.08352578907537782,0.023816337015338068
2007-01-03,0.5373191221989669,0.08458420440227168,0.02390061498657382
2007-01-04,0.5510638155050507,0.04846556182054393,0.025474316404534413
2007-01-05,0.5494706232128874,0.047615020380601475,0.02561276289269162
2007-01-08,0.5484283131210637,0.04768433525954391,0.02506308424843464
2007-01-09,0.5421702258109204,0.032444564043416634,-0.0030598739247706527
2007-01-10,0.5412400505870415,0.02997072541491848,-0.006934543155233286
2007-01-11,0.5427542209648273,0.030203790527810966,-0.007012590372639724
2007-01-12,0.5437918555728006,0.02820621668167286,-0.011322302013908108
2007-01-16,0.5422822381116189,0.02749402539196548,-0.012144967639391031
2007-01-17,0.5400225803594788,0.03008009180135156,-0.010690115087224561
2007-01-18,0.5372512149426941,0.029189419249775323,-0.011817092544355133
2007-01-19,0.5351047423650307,0.023975223916621966,-0.023632324618267364
2007-01-22,0.5352651851610445,0.01913067582307913,-0.03281084478409741
2007-01-23,0.5404023474900898,0.0077778170673008015,-0.034770464959225436
2007-01-24,0.5469923309053965,0.00515373905328084,-0.034320537528260475
2007-01-25,0.557246767467134,0.0053999558031692894,-0.0337614399664834
2007-01-26,0.5575303340167869,0.005342523765682407,-0.033467226335429714
2007-01-29,0.5587838034543089,0.007388212460549008,-0.03364539289841865
2007-01-30,0.5618745614943356,0.0107999504165351,-0.033811578080376326
2007-01-31,0.5652301347974878,0.013044548755235308,-0.033437776398788775
2007-02-01,0.5652102323625073,0.015115343413332297,-0.033897331430767244
2007-02-02,0.5675415756543566,0.014387634883347522,-0.03641550022431955
2007-02-05,0.5743078637422645,0.019711443736980066,-0.036293764124533605
2007-02-06,0.5755944538925339,0.015141488512131327,-0.037639387621255176
2007-02-07,0.5751127765548665,0.014226584598892209,-0.038957669215087615
2007-02-08,0.5791996369502992,-0.020717030695685035,-0.042162165523165186
2007-02-09,0.5898308024785481,-0.030060657006025143,-0.050144930436983065
2007-02-12,0.5907583350431368,-0.0223453019842178,-0.04808548406860646
2007-02-13,0.5908279873448663,-0.018514384972615393,-0.04910474116654816
2007-02-14,0.5938647697627101,-0.020438187975833515,-0.0410948533034693
2007-02-15,0.5992772753523532,-0.02013153571373826,-0.04102687177106985
2007-02-16,0.6000213266189621,-0.019858486776829762,-0.04066255440817641
2007-02-20,0.6026491363539687,-0.02161872227210692,-0.039009073231262084
2007-02-21,0.5976692851405996,-0.02448689087248179,-0.015999691893900526
2007-02-22,0.5963374120566857,-0.024326547970148542,-0.016772429402952555
2007-02-23,0.5992771159535086,-0.027388557337737422,-0.018990527293807877
2007-02-26,0.5995205729974745,-0.028238106827203357,-0.020835064560830358
2007-02-27,0.6356640161824629,0.0430439014606893,0.08242987220882966
2007-02-28,0.6342293280007709,0.05437734607057598,0.08463726171222653
2007-03-01,0.640115456316677,0.0574673538348455,0.08750387607821203
2007-03-02,0.6418167983739629,0.05890079874289634,0.09027584787637587
2007-03-05,0.6418431391473882,0.05889749686643156,0.09030594463461167
2007-03-06,0.6431818307281049,0.05884784034415255,0.09030594463461167
2007-03-07,0.6445093396595819,0.058798423002299864,0.09030594463461167
2007-03-08,0.6416621444160506,0.05819630300008348,0.09030594463461167
2007-03-09,0.6418383382669507,0.0582798894856329,0.09030594463461167
2007-03-12,0.6445499363672639,0.05822112613575837,0.09030594463461167
2007-03-13,0.6489822965468629,0.05905652101439073,0.09030594463461167
2007-03-14,0.649115229740062,0.05913772392828125,0.09030594463461167
2007-03-15,0.6551544695207403,0.06008266027767955,0.09030594463461167
2007-03-16,0.6561872622715046,0.060344873851730124,0.09030594463461167
2007-03-19,0.6492929850439574,0.059366149346691086,0.09030594463461167
2007-03-20,0.6477633321466099,0.05905248003583727,0.09030594463461167
2007-03-21,0.633584885542394,0.057099418834019325,0.09030594463461167
2007-03-22,0.6359091031793326,0.057105987236574986,0.09030594463461167
2007-03-23,0.6376240277725526,0.05743061379544492,0.09030594463461167
2007-03-26,0.637792967758588,0.05741834202752289,0.09030594463461167
2007-03-27,0.6373907069490445,0.057497870531456725,0.09030594463461167
2007-03-28,0.634415331122443,0.05744269322941158,0.09030594463461167
2007-03-29,0.6366761164187056,0.057382284641273616,0.09030594463461167
2007-03-30,0.6385847572118797,0.057777690399270096,0.09030594463461167
2007-04-02,0.6387982339654449,0.06393293167492202,0.09204281501621
2007-04-03,0.6329487457701317,0.06275493173159317,0.09201939747341002
2007-04-04,0.6329938217426986,0.06360300621244577,0.09222654560117526
2007-04-05,0.6351883991853968,0.06504338233494794,0.09207147988696224
2007-04-09,0.6342497551562648,0.06388640047549829,0.08995474430214445
2007-04-10,0.6347445122754621,0.06566277465967743,0.08845045326082662
2007-04-11,0.6327577775444805,0.05509610604869396,0.08165183087331403
2007-04-12,0.6340941085722185,0.05418496022739649,0.08364881182040688
2007-04-13,0.6311695609173056,0.046109713691019946,0.07875831008337052
2007-04-16,0.6342347508503209,0.05008262730256265,0.08201767528077997
2007-04-17,0.6359391493364546,0.04926043512520232,0.08112384096954385
2007-04-18,0.6353103773019346,0.05324951402757939,0.08427049235213034
2007-04-19,0.6481308102902501,0.038924258352439976,0.08246694302223519
2007-04-20,0.6486218224194932,0.04987467309901435,0.09000125561495946
2007-04-23,0.64679793441697,0.05721078153743728,0.09250676452447246
2007-04-24,0.6459612254126519,0.062173808025675625,0.09440205413526785
2007-04-25,0.650713785388355,0.05805449802492821,0.09649768090220197
2007-04-26,0.6513855857999002,0.06732736558621577,0.09257056599965756
2007-04-27,0.6512311849832443,0.06665396325739409,0.09324728046049134
2007-04-30,0.6575313365686231,0.07717799961682033,0.09888357626354098
2007-05-01,0.6575212472466256,0.07001342766407483,0.10413823345377694
2007-05-02,0.6634810455955861,0.07134313866659524,0.10349504574060257
2007-05-03,0.666682042717793,0.06315085957124539,0.1081132471330192
2007-05-04,0.6672684619517595,0.06559549717632451,0.10790561752247496
2007-05-07,0.6678798701522201,0.06166840357076358,0.1093302107636121
2007-05-08,0.6713745282652533,0.05669975172336959,0.10917065056656267
2007-05-09,0.671577780501095,0.05413019398260989,0.10822232343296188
2007-05-10,0.6777358516828895,0.0530926308024953,0.1135980787878003
2007-05-11,0.6812541428859061,0.05496134974279915,0.11413881758874102
2007-05-14,0.6911767008671698,0.0697765873004891,0.1144467290319395
2007-05-15,0.7014669763351348,0.07371858571625423,0.11395587125668494
2007-05-16,0.7035061084903482,0.08846165549406357,0.12405954153639914
2007-05-17,0.7042856575525229,0.09532071157922192,0.12643040447500614
2007-05-18,0.7152134087090657,0.08629982533488151,0.12626969901644008
2007-05-21,0.7130170212367474,0.08525087936957108,0.12630312483444608
2007-05-22,0.7127379797166656,0.08434784660518997,0.1294778246475128
2007-05-23,0.7125310441086592,0.08381324385705574,0.12918406527253792
2007-05-24,0.717552624254185,0.08633123931133671,0.13050869582694805
2007-05-25,0.7181330477334146,0.08688783903379446,0.137359729696924
2007-05-29,0.7184784750880961,0.08889271410404617,0.13846242828345104
2007-05-30,0.7207874065736025,0.08592547031138134,0.1389022985835427
2007-05-31,0.7192950522381112,0.0859969858199994,0.13887506855565662
2007-06-01,0.7183332829544177,0.0847232568497251,0.13954622869274977
2007-06-04,0.7223463463648119,0.10756765643356725,0.14115650917257452
2007-06-05,0.7212179445170844,0.10735072074366987,0.14115649917644948
2007-06-06,0.7246266633598842,0.10615492257597746,0.14051698503846635
2007-06-07,0.7293036973040563,0.10296349106631356,0.1392444622653696
2007-06-08,0.7322891343517302,0.10170965224529493,0.13854255928797096
2007-06-11,0.731905022365575,0.1017082256796651,0.13851718161860735
2007-06-12,0.7307884575327531,0.1005972312729736,0.13832054074478306
2007-06-13,0.7320360959106472,0.09903157003303172,0.137779293410784
2007-06-14,0.7328242437286221,0.09880237206115947,0.13759695452165654
2007-06-15,0.733802703634957,0.09863329060658997,0.13728045220236773
2007-06-18,0.7334812471367093,0.09860705780350228,0.13728082183786322
2007-06-19,0.7332203274396049,0.09859301195641816,0.13727968135932062
2007-06-20,0.7336836466027712,0.09699609687779402,0.13681855677348007
2007-06-21,0.7346260761765516,0.09684050261194628,0.13646811657615518
2007-06-22,0.736730972003358,0.09610527570996591,0.1360150703930258
2007-06-25,0.7371437308165617,0.0958931968524212,0.1359159686484222
2007-06-26,0.7364961274862633,0.09506297773069483,0.13574327504652184
2007-06-27,0.740987376109251,0.09386357050710868,0.1347233062707648
2007-06-28,0.7410082959750384,0.0938618954592864,0.13472083985709868
2007-06-29,0.7408912662609222,0.0938643777032662,0.1347147828252364
2007-07-02,0.7613631039128695,0.09573745934102905,0.13441731050277478
2007-07-03,0.7616339481372799,0.09568413440607519,0.1342701984039323
2007-07-05,0.7598304097785199,0.09573798895713707,0.13406980762972776
2007-07-06,0.7619215049667268,0.09588939752013591,0.1340144710780678
2007-07-09,0.7622836273173325,0.09592072852313245,0.13401579039510877
2007-07-10,0.7619602677897681,0.09452791824885183,0.13366527051432106
2007-07-11,0.7626282376371029,0.09426270866823694,0.1334932406307476
2007-07-12,0.7671300340827366,0.09289438376586835,0.1325442351473121
2007-07-13,0.7672949206921343,0.09289955921729416,0.1323784611916371
2007-07-16,0.7673320175022728,0.09289792350468236,0.13236880239525028
2007-07-17,0.7650845382899554,0.09289073188781821,0.1321621316759168
2007-07-18,0.7650991073997088,0.09285142973074409,0.1321494358068102
2007-07-19,0.7651193913592149,0.09428249308403838,0.13279031968487692
2007-07-20,0.764232601364164,0.08111691460273472,0.12739418200196248
2007-07-23,0.7639125690221698,0.08063275240253781,0.12743820169263856
2007-07-24,0.767284851071758,0.07903410624393978,0.1265391238883661
2007-07-25,0.7672674606367633,0.0775226243465314,0.12553354878634138
2007-07-26,0.7676479541773782,0.10627773217424719,0.1374447840547678
2007-07-27,0.7625366293437221,0.10656537530288994,0.14118237480620371
2007-07-30,0.7625996476579368,0.10583099852664894,0.14060141594275063
2007-07-31,0.7672133627005439,0.10631144330915733,0.14058219240907038
2007-08-01,0.7672827402319353,0.10609356102189367,0.14041659254647326
2007-08-02,0.7685597720391841,0.10638818843424327,0.14045040848186388
2007-08-03,0.7706529419700241,0.10451076242925686,0.1385530988304092
2007-08-06,0.7709488781680238,0.10474401605178583,0.13865387134602136
2007-08-07,0.7711248868762692,0.10483738206753061,0.13868684121089328
2007-08-08,0.763327233446224,0.11012678216435308,0.13827957045026865
2007-08-09,0.7637204680492248,0.11598238275749485,0.1365307087949678
2007-08-10,0.7643482584492839,0.11262331515569497,0.13348464374738278
2007-08-13,0.7647255280232017,0.11300064502389802,0.13360062965735192
2007-08-14,0.7651793170836297,0.11304747095207662,0.1335731924079785
2007-08-15,0.7651898244097046,0.11325489739821147,0.13367138879316331
2007-08-16,0.7611046416730866,0.1142494032246486,0.13597108060658916
2007-08-17,0.7611464967589002,0.11463666166721959,0.1382518113558076
2007-08-20,0.7610433787288374,0.11464853607098682,0.13829708037860128
2007-08-21,0.7615505693791164,0.11476796282498064,0.1382986716593002
2007-08-22,0.760637758821787,0.11496439356007514,0.13877750179221696
2007-08-23,0.760657242865663,0.11496580687777244,0.13877613810033065
2007-08-24,0.7540744066851497,0.11424237729808313,0.13909052545413547
2007-08-27,0.7543638026354198,0.11418167921669722,0.13910998021160267
2007-08-28,0.7543695476990984,0.11417500583583531,0.13911349088922553
2007-08-29,0.7538107593634001,0.11427239400389357,0.1393324362836009
2007-08-30,0.7539125822526026,0.11426586525496585,0.13935823019116717
2007-08-31,0.7508212173201272,0.1137923391109238,0.1394311110934211
2007-09-04,0.7537301165625621,0.11321573163282385,0.13848413178031377
2007-09-05,0.7553857123986291,0.11272765834653566,0.138057452789975
2007-09-06,0.7563986679496739,0.11377829081023111,0.13438522087756055
2007-09-07,0.7496249709948736,0.1109978729015618,0.12230304762471739
2007-09-10,0.7490834750042464,0.11077204404344368,0.12202537801638244
2007-09-11,0.7425228191148588,0.10866469275839985,0.13549824392236595
2007-09-12,0.7432001199493723,0.10855236027630012,0.13572813316281782
2007-09-13,0.7404565677867442,0.10502336328841529,0.13510945576596423
2007-09-14,0.740010186457104,0.10526403322115746,0.13531761332724793
2007-09-17,0.7413703196998209,0.09449473299190606,0.12397909868508773
2007-09-18,0.7531154195524781,0.11969346568598067,0.14088315480371782
2007-09-19,0.7527563010880286,0.11740010718065697,0.14021693697834658
2007-09-20,0.7516215750319357,0.10060923082717363,0.13367204644613384
2007-09-21,0.7517892460820991,0.09970383266954215,0.13161043139041265
2007-09-24,0.7492499836221037,0.10000563622558069,0.13125051265840273
2007-09-25,0.7441402460462828,0.09981126251318446,0.13134599334618371
2007-09-26,0.7436115436312626,0.09788918693397043,0.13106797731481937
2007-09-27,0.743973428814297,0.10265828584108402,0.1339753626911499
2007-09-28,0.7443757037219884,0.09730425651074578,0.12996501989421722
2007-10-01,0.7471535034153034,0.10176877022508961,0.13359083251584747
2007-10-02,0.7469674450936492,0.10460060410807467,0.13152274115119886
2007-10-03,0.7469827671362569,0.10628625907490802,0.1352287944821211
2007-10-04,0.7470094354168966,0.1062871201308576,0.13607428290451684
2007-10-05,0.7478519437504222,0.11381096305318364,0.14758659822050538
2007-10-08,0.7423538862468468,0.12030173617546078,0.14147045774702252
2007-10-09,0.7416488082454431,0.12559031392603076,0.14315000563294852
2007-10-10,0.7411452375863535,0.12460535059740424,0.14363572129787291
2007-10-11,0.7412641511214437,0.12014523122554063,0.13332983661389805
2007-10-12,0.7403121041882282,0.12343949578536144,0.1421032883345701
2007-10-15,0.7397657220965147,0.11702889535297983,0.1389568737828233
2007-10-16,0.7397819532484026,0.11716871110928799,0.13929743994336963
2007-10-17,0.7381794940796964,0.11502512204411082,0.13036597353325888
2007-10-18,0.735425114541493,0.1047829443852103,0.13383300889407904
2007-10-19,0.7489673233931213,0.11138155966051663,0.13880962175690267
2007-10-22,0.7494981950199545,0.10363335384430007,0.12510792259653997
2007-10-23,0.7497993910089978,0.10826682266742288,0.13452441163107356
2007-10-24,0.7495130988837228,0.10759663509624164,0.13293616942277178
2007-10-25,0.7460711884447759,0.10841358895166106,0.125957542541159
2007-10-26,0.7493315129539933,0.12614319740528648,0.14611491543861554
2007-10-29,0.7498582442326536,0.1272023354917627,0.1478132268203722
2007-10-30,0.745463710510227,0.13321807604100774,0.14676023798687643
2007-10-31,0.749528011441759,0.14414922041507697,0.15921587247182922
2007-11-01,0.7555940093462551,0.15820137101991086,0.16878487727371055
2007-11-02,0.7531485443773016,0.1557899819931719,0.17664655828569711
2007-11-05,0.7540668975656124,0.1563172643313262,0.17713038025226932
2007-11-06,0.7557766764491693,0.17418703385787587,0.18870629179852869
2007-11-07,0.7494624880215894,0.17615878300199064,0.17832182630326393
2007-11-08,0.7455454143315885,0.17589433970276727,0.17762614644628075
2007-11-09,0.7455626563924609,0.1792369374339591,0.18345181021902235
2007-11-12,0.7449987971576895,0.1875301193652842,0.18652495097778762
2007-11-13,0.7456514406715268,0.18655612530504476,0.1885428257463176
2007-11-14,0.7465414891652113,0.18553087490161427,0.1908747536272974
2007-11-15,0.7452904510165232,0.18799434081413569,0.19347799740711902
2007-11-16,0.7451585796332391,0.18773274307667054,0.19297411493699235
2007-11-19,0.745073433371125,0.189561465685734,0.1955136016696394
2007-11-20,0.7450685396827342,0.184352708335919,0.19103840397017408
2007-11-21,0.7451494712392409,0.18442349166028854,0.1911495251118559
2007-11-23,0.7451498437691835,0.18070734190725396,0.18783887277370906
2007-11-26,0.7454190174080916,0.18048840290271814,0.18706459327222144
2007-11-27,0.7455784433362183,0.18662669528910028,0.18903913996322527
2007-11-28,0.73968183894075,0.19133496542144549,0.19509599960415627
2007-11-29,0.7396429570764514,0.19157000498547,0.19431141078261085
2007-11-30,0.7391064814265618,0.19731440343939896,0.19675770486766916
2007-12-03,0.7391066471439641,0.1982592750602417,0.19877757416769787
2007-12-04,0.7392031817184229,0.19577779452567007,0.19573589544097983
2007-12-05,0.7293027155911812,0.18272192613440935,0.19681877104577464
2007-12-06,0.7225208952631886,0.19085762067316547,0.19750287436039987
2007-12-07,0.7224507173780775,0.1906345294338814,0.19491056052435898
2007-12-10,0.7202090544942331,0.19736725327329593,0.19412421542807162
2007-12-11,0.7188745514356026,0.20456698917139188,0.19679572451005328
2007-12-12,0.7162637281569344,0.21260529826229344,0.19325780156453667
2007-12-13,0.7162404933492995,0.21395401170365264,0.19030756320785044
2007-12-14,0.7161052416065116,0.21397047580996173,0.1904342487135143
2007-12-17,0.7142375417019023,0.21840142588116856,0.195129965344353
2007-12-18,0.7144899399771485,0.21659725661637932,0.19438551516620448
2007-12-19,0.7144866681911702,0.21660323327367775,0.19467044085079274
2007-12-20,0.7150970190198944,0.21673439498448466,0.19446165357338194
2007-12-21,0.7094402469163695,0.2284030616851582,0.1926564717846513
2007-12-24,0.7072194706155214,0.22788632818109528,0.19271900866805042
2007-12-26,0.7093739708162141,0.22793039095756795,0.19393424821275548
2007-12-27,0.7097312743590305,0.22827008813067445,0.1939243380177271
2007-12-28,0.7109989651765148,0.2264248022755515,0.19217868979582955
2007-12-31,0.7111887368773946,0.2264681699005356,0.1920992354505694
2008-01-02,0.7118449363975463,0.22075163240044457,0.1878727135465388
2008-01-03,0.711988091970825,0.2199728932612823,0.18743744784216013
2008-01-04,0.7120882404338459,0.220211563770992,0.1874085735031374
2008-01-07,0.7143821127541482,0.22064210212261773,0.1874020146299226
2008-01-08,0.7149806645578884,0.21719272883204604,0.18467835562597337
2008-01-09,0.715025688931061,0.21724787410823648,0.1846914105948598
2008-01-10,0.7153166789344725,0.2148022341694118,0.18283029131125159
2008-01-11,0.715074037429775,0.2149885249581517,0.18365144675129827
2008-01-14,0.7146196291771987,0.2149701182091798,0.18348301375385184
2008-01-15,0.7146738364642627,0.21423384633293613,0.18247995389968588
2008-01-16,0.7161541888411702,0.21388973968660108,0.18184655711394063
2008-01-17,0.7191245803993985,0.21392252516334317,0.18309645272655753
2008-01-18,0.7190902312229606,0.2130901296780531,0.18258626721131346
2008-01-22,0.719226661485603,0.21234095885647036,0.18233683117768207
2008-01-23,0.7201328901577876,0.21266231386221232,0.18227756615751664
2008-01-24,0.7189519225088516,0.20999908963140834,0.18206104711705304
2008-01-25,0.7150905813545312,0.21060167122406864,0.18234447600440773
2008-01-28,0.7150386440654947,0.20877868902434513,0.1809451815989624
2008-01-29,0.7151618439261735,0.20884063910636358,0.18097800714004378
2008-01-30,0.7158499491466302,0.2085848346961244,0.1804429655509799
2008-01-31,0.7147101159642586,0.20950789058678992,0.1816429561125501
2008-02-01,0.7164171416234005,0.20756491790870546,0.18060878034320718
2008-02-04,0.7164859512375829,0.20925902018046494,0.18380203043617646
2008-02-05,0.7164909919157628,0.2088360003066216,0.183154226318219
2008-02-06,0.7165288747184557,0.20783668241427064,0.18303551909375396
2008-02-07,0.7175613229601988,0.2074779390988829,0.18476858179477912
2008-02-08,0.7176084783342067,0.2086867574345949,0.18502988183573876
2008-02-11,0.7153986565831519,0.21356677146286768,0.1926435399807604
2008-02-12,0.7150618718233525,0.2108908341791638,0.1900769195593324
2008-02-13,0.7153333502894483,0.21077631847392655,0.189894336574945
2008-02-14,0.7155378371187358,0.20871498211816253,0.18575161072954116
2008-02-15,0.7160789268697594,0.20884489859159522,0.18605946646146634
2008-02-19,0.7161180685685147,0.20486218171265896,0.1827999496209141
2008-02-20,0.7163525376849726,0.20555898361334884,0.18142416456094976
2008-02-21,0.7207846649883651,0.21099231361671503,0.16794967990198986
2008-02-22,0.7220852113599693,0.21074636120464615,0.1689015278489247
2008-02-25,0.72170220825082,0.21341332606117908,0.17068626215607682
2008-02-26,0.7218033822589939,0.2131896383274942,0.1717261878277253
2008-02-27,0.7105342982380392,0.17010896781637902,0.08815423917718025
2008-02-28,0.7113105750523785,0.1619761179937453,0.08554045981579858
2008-02-29,0.7108118485691213,0.1596768766725448,0.08231817413487395
2008-03-03,0.7150778010299796,0.15818045043075196,0.07805057664994937
2008-03-04,0.7150942373582507,0.15766269996567228,0.07795146552848957
2008-03-05,0.7150942373582507,0.15428005944318893,0.07594488947850014
2008-03-06,0.7150942373582507,0.15434707535644138,0.07613500766173113
2008-03-07,0.7173115471566445,0.15552340518953278,0.07625217283606607
2008-03-10,0.7173151510967649,0.1556227162659202,0.0763220441302318
2008-03-11,0.7174021772337456,0.1556933274922549,0.07627723048999784
2008-03-12,0.7175651067175909,0.15478812597641395,0.07574994972338847
2008-03-13,0.7175651067175909,0.15366005551938774,0.07501288284396031
2008-03-14,0.7175651067175909,0.1534637466254724,0.07486605388784183
2008-03-17,0.7175651067175909,0.1532086852252124,0.07467839411332336
2008-03-18,0.722424539900181,0.1540660317662209,0.07454706462762414
2008-03-19,0.7236087979972439,0.1524404843656291,0.0739890431403125
2008-03-20,0.7343430002766121,0.1524077045075242,0.07309779661473097
2008-03-24,0.7000580170001535,0.15237021137889364,0.06802166200117479
2008-03-25,0.6991755489016955,0.15246594743071737,0.0676417068081259
2008-03-26,0.6990163043381467,0.15240810584167755,0.06776919091376947
2008-03-27,0.6859904776642676,0.15232624561496125,0.06758234102978286
2008-03-28,0.6873455695319813,0.1523773136003291,0.06777438503589046
2008-03-31,0.6865020161564249,0.15244204436139938,0.06742792131022626
2008-04-01,0.6409490248955021,0.15245263837060746,0.0609947214055654
2008-04-02,0.6409626203281727,0.1525224123264895,0.06108995507146941
2008-04-03,0.6452110199021925,0.1540812607483221,0.060974250093567064
2008-04-04,0.6444111636069123,0.15415130070393815,0.060617003533531784
2008-04-07,0.6441931040320809,0.15436082574581275,0.06090202055391966
2008-04-08,0.6435243306366625,0.15445192757371054,0.061040923527528296
2008-04-09,0.6412046835820069,0.15452707765727558,0.061620385513312656
2008-04-10,0.6354986889917085,0.15444613923496014,0.06024573277119285
2008-04-11,0.6194724891122271,0.15485801143456576,0.06053097047229832
2008-04-14,0.6193190385153388,0.15528777208876307,0.060806757729485884
2008-04-15,0.6170291173111502,0.15299025819494008,0.058706581049022225
2008-04-16,0.6015624185104477,0.15406726178425073,0.05656889306752848
2008-04-17,0.602075172508431,0.1539703187629961,0.057590245238565735
2008-04-18,0.6052931033916739,0.15242584649997057,0.05602248702560337
2008-04-21,0.6043117735390551,0.1448646784178016,0.05260221966326198
2008-04-22,0.6063255669988106,0.1432718817900643,0.0532230510292772
2008-04-23,0.6029915738376526,0.14348204402732953,0.05432359356368685
2008-04-24,0.6004006135219476,0.1430254405560349,0.05336783542956652
2008-04-25,0.5954239182226414,0.14304163709118664,0.05690550467423871
2008-04-28,0.5953910092384015,0.14407441548641872,0.05709184224563616
2008-04-29,0.587435417402339,0.14053831432133113,0.05201983808362254
2008-04-30,0.5898768794144995,0.14170146234180936,0.051813548888948485
2008-05-01,0.6076747442669737,0.13789474000743276,0.04977568796611404
2008-05-02,0.607476932092705,0.13484149752095959,0.04852845606884593
2008-05-05,0.608220988008438,0.13343186843643365,0.048795885448097084
2008-05-06,0.6088616180350966,0.13243507543470973,0.04851042740833357
2008-05-07,0.6187309750624533,0.1306556430921713,0.04929841748353234
2008-05-08,0.6161442570416029,0.13193236353789728,0.04938017018803264
2008-05-09,0.6118174642560817,0.1311615932139316,0.04821326450286835
2008-05-12,0.6143438563648733,0.13064048316828267,0.04774238015714737
2008-05-13,0.6138790112038496,0.13053459979322496,0.04735984279562745
2008-05-14,0.6143419089736449,0.1303994741540411,0.047178138574993186
2008-05-15,0.6184027648389603,0.12932794220817329,0.04655862085605371
2008-05-16,0.6180479771508346,0.12917894374182348,0.04633460759470841
2008-05-19,0.614092704818772,0.12999185668668742,0.047054242777583306
2008-05-20,0.6170119284686784,0.12999976325153811,0.0476734970625517
2008-05-21,0.6281245172783565,0.12907837340538153,0.048099869236697096
2008-05-22,0.6283018572479009,0.12907763638836747,0.04774100899295867
2008-05-23,0.6248006037534999,0.12919256793641284,0.04747714807092027
2008-05-27,0.6259595694576858,0.12887180401630108,0.04663115219841519
2008-05-28,0.6257253816305355,0.12876060324784053,0.046849104530595355
2008-05-29,0.6253683242347078,0.12921169355771955,0.046795440052114806
2008-05-30,0.6262572853264334,0.12896865830567097,0.046691504806251866
2008-06-02,0.6307406427873163,0.1293426184431415,0.047087987615129834
2008-06-03,0.6311198476125205,0.1294418093356392,0.047440194143446544
2008-06-04,0.6287832912670883,0.12930613607061936,0.0466678435708048
2008-06-05,0.6308669144698725,0.12595109302674645,0.04532314364273288
2008-06-06,0.6176451792706747,0.12708458536453218,0.045215471386332515
2008-06-09,0.6141291546600542,0.12894329863708257,0.04612685305911404
2008-06-10,0.6142588373427273,0.12906264053173153,0.046228864481066646
2008-06-11,0.6089401308213008,0.12921739710992547,0.046430735416847516
2008-06-12,0.6066742863258139,0.13163706873651673,0.04704788514181416
2008-06-13,0.6058508430496559,0.13230466173114502,0.04738777566160502
2008-06-16,0.6047231838376588,0.1328716073128123,0.04785263008449616
2008-06-17,0.6048391149252973,0.13280928685844973,0.04789047004555535
2008-06-18,0.605124458151029,0.13300213705015707,0.04788127430099494
2008-06-19,0.602763989188155,0.13355713765669092,0.047568842693994334
2008-06-20,0.6015767169106617,0.13411840014810408,0.04806853843297178
2008-06-23,0.598906932694251,0.13420484054318027,0.047755718573732245
2008-06-24,0.5982477850564853,0.1340864965965683,0.047589223893757804
2008-06-25,0.5975512666616687,0.13426439136921572,0.047373635364389766
2008-06-26,0.5920305027868705,0.13668830566505297,0.04834154719987232
2008-06-27,0.592017092076595,0.13667911983610223,0.04832295782055405
2008-06-30,0.5920645915064394,0.13669906523192515,0.048401663670763116
2008-07-01,0.5903702498986542,0.1371776601342996,0.04839239472622072
2008-07-02,0.5898624331300545,0.1372868734848933,0.048552885813725376
2008-07-03,0.5914094857574802,0.13722783063598765,0.04916245973470552
2008-07-07,0.5911190693395022,0.13783526195155732,0.04953772007677972
2008-07-08,0.5911329174769433,0.13795919620630967,0.04965689712444005
2008-07-09,0.5896238699592511,0.13842368739362781,0.04914418952043251
2008-07-10,0.588580778032497,0.1374581920993604,0.04851168793445717
2008-07-11,0.5823935380733837,0.13948774038805167,0.04888756799036867
2008-07-14,0.5819699472374377,0.13944381817433124,0.049071701315828734
2008-07-15,0.5819520099566773,0.13934982871250268,0.048953448606721274
2008-07-16,0.5833142122585192,0.13899690435839226,0.04954440343134245
2008-07-17,0.5832370832580599,0.13894132652390298,0.049531958536495946
2008-07-18,0.5830897208979651,0.13842437300350022,0.04926907917121959
2008-07-21,0.5826741289797198,0.14408735249431692,0.05088213505236026
2008-07-22,0.5829569250231915,0.1441159232966591,0.050970794905742495
2008-07-23,0.5759239247991779,0.14498198484477182,0.05065322288868693
2008-07-24,0.5759298960810483,0.14572785252151235,0.05080348120800381
2008-07-25,0.5738830715412538,0.1305094566155795,0.0436704139067293
2008-07-28,0.5771312961743854,0.13039467342996455,0.04073264888283607
2008-07-29,0.5771312961743854,0.1307592632080506,0.04115930942806577
2008-07-30,0.5771312961743854,0.13081792733989894,0.04120906826559643
2008-07-31,0.5771312961743854,0.1309020719700289,0.041272465510231914
2008-08-01,0.5771312961743854,0.13088156731592843,0.041255489212646164
2008-08-04,0.5771312961743854,0.1316206752838309,0.04169926860898072
2008-08-05,0.5771312961743854,0.13154452807650888,0.04163103989849497
2008-08-06,0.5738585037288103,0.13152408863303117,0.04081520820312666
2008-08-07,0.5801930804773558,0.13024665668487678,0.041223304426848
2008-08-08,0.5721398204778543,0.12679601704384516,0.03933227561903559
2008-08-11,0.5707230933194691,0.12796245562269853,0.03960675313824359
2008-08-12,0.57068422361917,0.12785281232202536,0.03941424371791114
2008-08-13,0.570665777884388,0.12786835301842644,0.03951591755964642
2008-08-14,0.5684813751305675,0.12780017069446423,0.038802536037582575
2008-08-15,0.568469784957006,0.12775493847729574,0.03882789492170327
2008-08-18,0.5667713631914597,0.12775493847729574,0.03920087231949457
2008-08-19,0.5648671861641094,0.12775493847729574,0.03958762509740491
2008-08-20,0.5647856973093935,0.12775493847729574,0.03951080605360841
2008-08-21,0.5645885101440477,0.12775493847729574,0.039692110194913616
2008-08-22,0.561817710225545,0.12775493847729574,0.0389472319312192
2008-08-25,0.5616742782062165,0.12970762959945747,0.03942656958080851
2008-08-26,0.5618619122011808,0.12960100502187658,0.03948030288123873
2008-08-27,0.5611486463380392,0.12960100502187658,0.03916367644298294
2008-08-28,0.5600753147742629,0.12960100502187658,0.03875362095507185
2008-08-29,0.5598406929565884,0.12960100502187658,0.038944745503543245
2008-09-02,0.5633313787128225,0.1309573803158619,0.038944745503543245
2008-09-03,0.558396122476934,0.13258903431137772,0.03980593507048828
2008-09-04,0.5550477788716192,0.13272473668146392,0.03947118942729017
2008-09-05,0.5554697728605535,0.13131043546751522,0.040761919716002924
2008-09-08,0.5559577391497567,0.1329636533887573,0.04648292910305829
2008-09-09,0.5559521256291009,0.13308582789593337,0.046663024822341956
2008-09-10,0.5594430020177461,0.13384307694654454,0.039992580610750096
2008-09-11,0.5596007207274996,0.13406057019183593,0.039981005364616906
2008-09-12,0.5592912082331886,0.13752050040118935,0.041132744156344055
2008-09-15,0.5593181174662142,0.1374764551893376,0.04116943236771546
2008-09-16,0.5573075783398355,0.14364894487289598,0.046342085678792416
2008-09-17,0.5373440970978898,0.1331398881650026,0.03733857680767933
2008-09-18,0.5379984522216592,0.13550534864768599,0.037672918230662086
2008-09-19,0.5382485701181849,0.14660789605033972,0.04045009281713794
2008-09-22,0.5376826764542829,0.14785729815285867,0.042194533728915774
2008-09-23,0.5389519598443065,0.14766227338638496,0.04251275482511332
2008-09-24,0.5423140564655098,0.1477256798338854,0.04267825600545988
2008-09-25,0.5417059911570326,0.15016819475373172,0.0437291346679639
2008-09-26,0.5410699872779063,0.14697702248165218,0.04213489256264826
2008-09-29,0.5405597536511793,0.15038645959050598,0.043970723868880304
2008-09-30,0.5364098323710699,0.14814953241582504,0.04201604342972752
2008-10-01,0.5364934130472567,0.14655780865812365,0.04204482311929911
2008-10-02,0.5358647410377245,0.14547207286322375,0.03986702029114721
2008-10-03,0.5357782421007375,0.1446766842546856,0.039039333799558755
2008-10-06,0.5252618469930825,0.14052141600204582,0.03387187202851709
2008-10-07,0.5305099751002246,0.13561080045324894,0.03726583521875285
2008-10-08,0.5312635959833887,0.13163989941237356,0.03614381041754522
2008-10-09,0.5318923461707425,0.1321723844929388,0.035911769547497335
2008-10-10,0.5286796563036539,0.1354010904809512,0.04113630204837239
2008-10-13,0.5252101809639684,0.13228152949984662,0.0353824652244009
2008-10-14,0.5226494175029726,0.13816724974694666,0.03793318871545754
2008-10-15,0.5220036057870882,0.13843118828855647,0.03775417510765978
2008-10-16,0.5211126498739586,0.1407941410396682,0.04303485616800528
2008-10-17,0.5237338235972838,0.1484600301698058,0.03991702289078718
2008-10-20,0.49654567240181857,0.14876748072965534,0.03526357147285193
2008-10-21,0.49293913330182565,0.15740278598535057,0.043814667857322055
2008-10-22,0.4839282206182254,0.15316572906368361,0.03686574217771506
2008-10-23,0.4830532782095718,0.15395105912677962,0.03816924462117722
2008-10-24,0.48945888676524774,0.1530211429862162,0.042496914772789766
2008-10-27,0.478509560109416,0.13387995315907703,0.026440031268048815
2008-10-28,0.4778307017336138,0.13268208577551122,0.02552807737928479
2008-10-29,0.4821923689213155,0.12660158524439272,0.026340166244587827
2008-10-30,0.4736607814169889,0.11329820525395726,0.01573294414728179
2008-10-31,0.4543655209134303,0.09918404895926561,0.007042297817704948
2008-11-03,0.4544828413633274,0.09845620085197312,-0.0018581943680825148
2008-11-04,0.45184655413345537,0.09815285596036762,-0.0023539030163041317
2008-11-05,0.4449646850759487,0.07173147176680918,-0.014022179584727925
2008-11-06,0.4358628229214766,0.07836961994509273,-0.0017934347330205653
2008-11-07,0.438289368741855,0.07836481721016533,-0.0021376082951801954
2008-11-10,0.438289368741855,0.07834126792353407,-0.0021537154922815554
2008-11-11,0.438289368741855,0.080154010073664,-0.0035680894462990498
2008-11-12,0.438289368741855,0.08077844541095558,-0.003284921099260578
2008-11-13,0.438289368741855,0.08177268146448628,-0.0028904720790733003
2008-11-14,0.438289368741855,0.08213865621975562,-0.0037747772418591876
2008-11-17,0.438289368741855,0.0820439630227876,-0.0038486668779612663
2008-11-18,0.438289368741855,0.08185214673993665,-0.004040206439505336
2008-11-19,0.438289368741855,0.08472488484266463,-0.003279140705153271
2008-11-20,0.438289368741855,0.0846694465643647,-0.0033196245119844546
2008-11-21,0.438289368741855,0.08689721547038287,-0.002663015776591904
2008-11-24,0.438289368741855,0.08692499200760234,-0.002644882504303539
2008-11-25,0.438289368741855,0.08675239554897525,-0.0030974543339136874
2008-11-26,0.438289368741855,0.08655849089799528,-0.003297616650749147
2008-11-28,0.438289368741855,0.08642753995593853,-0.0038054110678384994
2008-12-01,0.438289368741855,0.0862251843341128,-0.004189390899499412
2008-12-02,0.438289368741855,0.08711662310484143,-0.0038308554902184125
2008-12-03,0.438289368741855,0.08821970574117917,-0.0034170444632123835
2008-12-04,0.45692653640952785,0.11304689446105126,-0.0037206348948178136
2008-12-05,0.47377038137377353,0.09995952335029329,-0.0034423054449005427
2008-12-08,0.47376629083281774,0.09960083766609278,-0.0037476102711205246
2008-12-09,0.4791980106403488,0.08315991257914858,-0.0032305271468838926
2008-12-10,0.4822578836062822,0.07078548353666546,-0.0036987492832498037
2008-12-11,0.49013676165484144,0.04614276637552789,-0.0030872304687360624
2008-12-12,0.4904570438075696,0.038410995829579686,-0.003931486478539159
2008-12-15,0.4906792562883973,0.03727416018944583,-0.004527424581482542
2008-12-16,0.4906792562883973,0.035927896134564936,-0.005325604609389926
2008-12-17,0.4906792562883973,0.03608908393300395,-0.005247123312697313
2008-12-18,0.4906792562883973,0.036311696731791104,-0.004636178123200388
2008-12-19,0.4906792562883973,0.036378512391273043,-0.004380938530018696
2008-12-22,0.5094113231303249,0.0023832123349525483,-0.004156074298014772
2008-12-23,0.5156144839491982,0.0026561707032880045,-0.0038219543045991287
2008-12-24,0.516222241485812,-0.0025830689920727993,-0.0036195904292278054
2008-12-26,0.5178147548749621,-0.003077304382057443,-0.004323850114489883
2008-12-29,0.5178147548749621,-0.002902063087006013,-0.004077622572590082
2008-12-30,0.5178147548749621,-0.00293158569919084,-0.004119104120798212
2008-12-31,0.5178147548749621,-0.0025071515263090875,-0.0035227413567803087
2009-01-02,0.4883144268758579,-0.0022492306781545105,-0.012336443830061525
2009-01-05,0.48831386251622155,-0.0018902502699213218,-0.011216627065991604
2009-01-06,0.4867572593820832,-0.002151319963991831,-0.00735065677555294
2009-01-07,0.4750297891507635,-0.0010057403934648763,0.040390267646159585
2009-01-08,0.4734142659714502,-0.001499546149162312,0.051081866722624346
2009-01-09,0.46667217695743773,-0.0009442465687503064,0.0598686620057156
2009-01-12,0.462423686041043,-3.856540038203176e-05,0.09494075494076575
2009-01-13,0.4624187809945769,0.00015878069608744796,0.09547875941217882
2009-01-14,0.4624047280354858,-0.00017640272636923305,0.09591912104568535
2009-01-15,0.4624047280354858,-0.000491086750678757,0.09608960376191097
2009-01-16,0.4624047280354858,-0.0005405012982577852,0.09604617394961756
2009-01-20,0.4624047280354858,-0.00031382689599308996,0.09659236924173631
2009-01-21,0.4624047280354858,-0.00012996846509521953,0.09699265857111217
2009-01-22,0.4624047280354858,-0.00019828483405877632,0.09693880265518019
2009-01-23,0.4624047280354858,-0.0006108427931532355,0.09304504149887283
2009-01-26,0.4624047280354858,-0.0006583593266162959,0.09295283901812965
2009-01-27,0.4624047280354858,-0.00019329495108037913,0.09398846011176212
2009-01-28,0.4624047280354858,-0.00010177515589303577,0.09391805977392881
2009-01-29,0.4624047280354858,-0.00038601395572367614,0.09252317547765378
2009-01-30,0.4624047280354858,-0.0009418938903520774,0.09109976971558756
2009-02-02,0.4624047280354858,-0.000843019351695204,0.09071854773097336
2009-02-03,0.4624047280354858,-0.000815061935287332,0.0907299561806395
2009-02-04,0.4624047280354858,-0.0013074706439916704,0.09058317622709196
2009-02-05,0.4624047280354858,-0.0012298822729964664,0.09088464173657386
2009-02-06,0.4544867701520873,-0.0009042070733763004,0.08235792135631359
2009-02-09,0.4542419873829759,-0.00035177743159602574,0.08001709670665669
2009-02-10,0.4387217251142955,-0.0007077874307768985,0.037925878053702324
2009-02-11,0.43853987681113454,-0.0016162616771441445,0.031858089810947524
2009-02-12,0.4367464798967707,-0.001780704849650132,0.036934284300235
2009-02-13,0.4365678184855923,-0.0015839745511495094,0.038623093905354434
2009-02-17,0.42076200800623403,-0.0022937831473988117,-0.019933263735466514
2009-02-18,0.4207474359460415,-0.0020806005817638785,-0.019533500218718986
2009-02-19,0.42074746231692756,-0.001489372307257766,-0.01837909619718122
2009-02-20,0.42074746231692756,-0.0018934966226071667,-0.018471277687082496
2009-02-23,0.42074746231692756,-0.0018494864451100387,-0.018442755997111454
2009-02-24,0.42074746231692756,-0.001351105129240024,-0.017779642096265525
2009-02-25,0.42074746231692756,-0.0008197950519841745,-0.017369718867649202
2009-02-26,0.42074746231692756,-0.0005806476047274002,-0.0172598577662633
2009-02-27,0.42074746231692756,-0.00024402989859382602,-0.017091932047426397
2009-03-02,0.42074746231692756,0.0001512806071983303,-0.016715199750363122
2009-03-03,0.42074746231692756,0.0005544252730400472,-0.016463886026782778
2009-03-04,0.42074746231692756,0.0003724371006914406,-0.01669430187039759
2009-03-05,0.42074746231692756,0.00023398642098062408,-0.016631901844057776
2009-03-06,0.42074746231692756,-7.112830789987708e-05,-0.0168814045254613
2009-03-09,0.42074746231692756,0.00020631587455568565,-0.01658475569619982
2009-03-10,0.42074746231692756,0.0006687874231177987,-0.01604089306750155
2009-03-11,0.42074746231692756,0.0004587009758111472,-0.01612665672238766
2009-03-12,0.42074746231692756,0.00025943961503877743,-0.016146337321480443
2009-03-13,0.42074746231692756,0.00047749069750383703,-0.01606552045110588
2009-03-16,0.42074746231692756,0.0006514952744375975,-0.015948130333128255
2009-03-17,0.42074746231692756,0.0008962936149883548,-0.015774795181000185
2009-03-18,0.41939362251354273,-0.0002464783275174929,-0.00031645789040356487
2009-03-19,0.41939857901985644,-0.0011953109074113763,-0.0014194505241534234
2009-03-20,0.41740262613880624,-0.0019211070533807393,0.0038144280533245166
2009-03-23,0.3960533894262419,-0.0015916047099581358,-0.03704815516124011
2009-03-24,0.39389309817917423,-0.0013561382424226304,-0.02710875076583164
2009-03-25,0.3936821403330951,-0.0015639662666350395,-0.02517247447973854
2009-03-26,0.3893879991751422,-0.0015532906619097394,-0.026348242704315152
2009-03-27,0.38702208604315147,-0.0012836418746995355,-0.015182997245576858
2009-03-30,0.38305153784305546,-0.0011292480098663003,-0.006701919930591278
2009-03-31,0.39717328515360345,-0.0011939874439532506,-0.005419602373623058
2009-04-01,0.3951626890388849,-0.001353992065980239,-0.0004926532948337925
2009-04-02,0.3866879524394966,-0.0008659878114350026,-0.03235909441543874
2009-04-03,0.3842004230778966,-0.0006018510087340554,-0.04204979718544591
2009-04-06,0.38419377917016445,-0.00047840176897139653,-0.041259405741527685
2009-04-07,0.37977887116882403,-0.00047840176897139653,-0.04067511772112603
2009-04-08,0.3783018515659288,-0.00047840176897139653,-0.04068196269166282
2009-04-09,0.40717999900293156,-0.0007744417904274953,-0.04019162698724868
2009-04-13,0.412421800558092,-0.0007766419018420377,-0.040891980503456736
2009-04-14,0.4171224631070934,-0.0007092305948912236,-0.04075666980504537
2009-04-15,0.40910725237398654,-0.000800907873967255,-0.04073221110432819
2009-04-16,0.43497307887146897,-0.0009255155692167137,-0.04080279271638715
2009-04-17,0.4337799684593689,-0.0009867744248775224,-0.04082399778385159
2009-04-20,0.42570602075454983,-0.0008462729016610282,-0.0405110030271502
2009-04-21,0.4310763122648137,-0.0009875205240148363,-0.04043198755626945
2009-04-22,0.42562928386632004,-0.0009976383775346185,-0.04067494518658969
2009-04-23,0.43179965212553506,-0.0010904968612710565,-0.040689037674979146
2009-04-24,0.44014123032865754,-0.0011669703939064453,-0.04055583906577748
2009-04-27,0.44093445580038365,-0.0009918098185721308,-0.04057699277516418
2009-04-28,0.4423711021409291,-0.0009595657585861935,-0.04049496696675498
2009-04-29,0.44949469926659624,-0.0011436570918328653,-0.04042471317408452
2009-04-30,0.44625593933354774,-0.001203546939549074,-0.04048493206319136
2009-05-01,0.4170675595105276,-0.0011094521552137972,-0.04111199000802439
2009-05-04,0.42467117231465995,-0.0012591621922078279,-0.04089302527289496
2009-05-05,0.42419193330439886,-0.0012721556319673821,-0.04090841343829918
2009-05-06,0.41308917452508037,-0.001320517116923455,-0.040910079064551144
2009-05-07,0.415994690674043,-0.0013670400968998748,-0.040717835461628646
2009-05-08,0.4020177780520646,-0.0015188463298642782,-0.040728664766549245
2009-05-11,0.3858173890103507,-0.0013472531441678867,-0.04076559327139628
2009-05-12,0.3791239810043534,-0.001246745159488849,-0.0407677910848315
2009-05-13,0.39902040205046707,-0.001002098468789215,-0.04030170289205316
2009-05-14,0.3975318778166287,-0.0010459817922656295,-0.0403150870690711
2009-05-15,0.3869876323568392,-0.000897489627576848,-0.040472789165482234
2009-05-18,0.36785032462533884,-0.0010480064853663326,-0.040469895874452995
2009-05-19,0.36935994218751916,-0.0010202908098839024,-0.04054017188851007
2009-05-20,0.36574689973415236,-0.0010316962698335552,-0.04061816026915077
2009-05-21,0.34433541099780307,-0.01790156210079838,-0.041108846648179945
2009-05-22,0.3444136930676233,-0.018484570865390997,-0.04112858082762744
2009-05-26,0.3308252861862218,-0.025233575150350015,-0.041087154399099456
2009-05-27,0.3205960788532224,-0.020419484699746613,-0.04116970344904144
2009-05-28,0.3166380358599175,-0.012812984510073054,-0.041187027974216216
2009-05-29,0.32095137041411675,0.010371197950078424,-0.032152047670482714
2009-06-01,0.34767918055064284,0.002475934935972134,-0.03726861011883091
2009-06-02,0.3421904838315084,0.0023213767069742612,-0.037229942659302406
2009-06-03,0.3412186765967184,0.019486339821974306,-0.03426609742529797
2009-06-04,0.3465635415686243,0.029394741778481327,-0.025953375788523598
2009-06-05,0.336175173008546,0.030698132883434127,-0.02631617316684801
2009-06-08,0.33496801389096664,0.031178482975642158,-0.026747998706263605
2009-06-09,0.3362451440056074,0.03187127860854905,-0.02601252110832589
2009-06-10,0.33674360801916686,0.03181531170557455,-0.026076178273065933
2009-06-11,0.337862970415471,0.031358762541875466,-0.026337377367398145
2009-06-12,0.3369426012075347,0.029202441761481283,-0.022862232086638668
2009-06-15,0.3556094286240734,0.044869545023018445,-0.013160806295218454
2009-06-16,0.3569464089113007,0.03675451688604939,-0.015122049322701945
2009-06-17,0.3569371494499306,0.03630364940162704,-0.015198359216362867
2009-06-18,0.3559903270074382,0.03300075575886171,-0.015036421780579807
2009-06-19,0.35574401149827733,0.03352252263463933,-0.015090455199058229
2009-06-22,0.3418845427946566,0.05757683361302228,-0.014765426480526441
2009-06-23,0.3418673474920207,0.05760899904729797,-0.014835559641148466
2009-06-24,0.34068962795319846,0.06001270959994817,-0.014930361153564012
2009-06-25,0.33378351649637605,0.06960099883351953,-0.015073975685713281
2009-06-26,0.3337106736900966,0.06962485479191882,-0.015070096706213041
2009-06-29,0.33243707677325995,0.06806771023676535,-0.015019760152977499
2009-06-30,0.33160992346935597,0.07224806914248397,-0.014829634469236656
2009-07-01,0.3313465719244747,0.0751005156268747,-0.014840598518337763
2009-07-02,0.321994277559562,0.09101407367819105,-0.014491661247661538
2009-07-06,0.321995599509999,0.09104019524311771,-0.014637492459190705
2009-07-07,0.32109781222124445,0.09088563486696215,-0.014809617941359803
2009-07-08,0.32109781222124445,0.09083763083096384,-0.01485894764491182
2009-07-09,0.32109781222124445,0.09111724533464834,-0.014746902406508784
2009-07-10,0.32109781222124445,0.09257838106156085,-0.014482973567467736
2009-07-13,0.31426675170589113,0.09194895815401395,-0.014251575318538809
2009-07-14,0.31384230354453085,0.0922845506009663,-0.014126356390843937
2009-07-15,0.34523610436073043,0.09001982393132009,-0.013601495726573402
2009-07-16,0.3449055633093366,0.08983423479150356,-0.014082278681271893
2009-07-17,0.34971442987241497,0.08948700106686545,-0.014032096191537115
2009-07-20,0.35245406843226224,0.08922370239427273,-0.013992547046657209
2009-07-21,0.35318337602144295,0.08982564671088288,-0.013708033663320155
2009-07-22,0.35233745250220566,0.0896724294884882,-0.014408138705864425
2009-07-23,0.36641676535540774,0.08834259031786926,-0.015331322140439318
2009-07-24,0.36448785256171856,0.08884458919256304,-0.015048626703448795
2009-07-27,0.364765565894223,0.08905735464161012,-0.014920511028144864
2009-07-28,0.3661057574158216,0.08899164871438459,-0.014886570305565292
2009-07-29,0.36473197973365273,0.08863244165121972,-0.015334905715082123
2009-07-30,0.3657864554060859,0.08827021374880466,-0.015393532849165567
2009-07-31,0.3655794961650768,0.08826763064181194,-0.01538137579437877
2009-08-03,0.3719558106367192,0.08753281061051586,-0.015365538919903516
2009-08-04,0.3718280911725229,0.0875206370257596,-0.015365538919903516
2009-08-05,0.37276526883522587,0.08748978834841054,-0.015324342315414224
2009-08-06,0.37637795891178727,0.0874015771487953,-0.015284946923183608
2009-08-07,0.38062095717214484,0.0869565046150554,-0.015320219231123965
2009-08-10,0.3857993325105116,0.08693912804157321,-0.015358685318793273
2009-08-11,0.3899701589086323,0.08648297863311195,-0.015306787414386095
2009-08-12,0.3941394579825509,0.08619713387189261,-0.015283536395275075
2009-08-13,0.3948602078478701,0.08605964843680752,-0.015299692659933768
2009-08-14,0.3993664700383855,0.08588320760438167,-0.015229562654273616
2009-08-17,0.409353430764715,0.08427077764812,-0.015116313947437995
2009-08-18,0.40912400135207544,0.08412669919684379,-0.015188486028372946
2009-08-19,0.40881239861582075,0.08395092026592627,-0.015268974904754422
2009-08-20,0.4075442706243916,0.08370893763180144,-0.0152645772547106
2009-08-21,0.41194201230394983,0.08281969013266897,-0.015282346175121427
2009-08-24,0.41386261021217224,0.08281939698319307,-0.015287308617935582
2009-08-25,0.41640308966946415,0.08281488023339093,-0.015486119630782953
2009-08-26,0.416404006470602,0.0828150405001007,-0.015484330692429925
2009-08-27,0.4170232189418561,0.08280842550924983,-0.015482088660945538
2009-08-28,0.41782742633524506,0.0828078256774812,-0.015478534095236033
2009-08-31,0.42073965646321393,0.08259897710218371,-0.015440123432704653
2009-09-01,0.43191311196439336,0.08143002365579664,-0.015282203067348472
2009-09-02,0.4319155693724724,0.08139149436293136,-0.015279711235940538
2009-09-03,0.43293210534732923,0.08501551093430332,-0.012582984159068769
2009-09-04,0.43949499718221263,0.08498156672730649,-0.012018340304006763
2009-09-08,0.4410722880868554,0.08445060351053219,-0.012377153041285218
2009-09-09,0.442294722080894,0.08320417717066907,-0.013455955210851352
2009-09-10,0.444132608404907,0.08558888897619883,-0.011376876790283782
2009-09-11,0.44407908371288124,0.08464027191675769,-0.011329831755475946
2009-09-14,0.44429708338183677,0.08306499258922247,-0.012259192222950532
2009-09-15,0.44441258579708875,0.08416536487007127,-0.011459390977175243
2009-09-16,0.44888349618901796,0.08994556349242726,-0.006270034404385013
2009-09-17,0.44889832057236007,0.0906287548898224,-0.0060008438938297165
2009-09-18,0.4488391508602924,0.0907604910752896,-0.006177416406042189
2009-09-21,0.44824608025252477,0.0912872823262889,-0.006437070826790548
2009-09-22,0.4481392752936696,0.09362096581296125,-0.005995981088048659
2009-09-23,0.44913566857810816,0.09704559395109984,-0.004157997451845032
2009-09-24,0.45182582498872487,0.10364766572691932,0.0006911257850648661
2009-09-25,0.453304528238745,0.10517826913518884,0.0027608920022436064
2009-09-28,0.4593811195653067,0.10472845145574226,0.0029914921077548377
2009-09-29,0.4599016841663162,0.10390484351270687,0.0022178482845247468
2009-09-30,0.4596131582874658,0.10007113603012496,0.0020617952753765414
2009-10-01,0.4629265930674735,0.1094398102694991,0.00609357871217239
2009-10-02,0.4627282736948888,0.1080737908790332,0.0059225588352336475
2009-10-05,0.45999444221773755,0.11579604912115156,0.005394570341134657
2009-10-06,0.45752043919693164,0.12762750928649694,0.004501221929244216
2009-10-07,0.45740938028224937,0.12763820071624224,0.004474425872166605
2009-10-08,0.456680689695304,0.13042819256546997,0.004040766926029478
2009-10-09,0.45621189051693645,0.12855911446108995,0.0042959800576696456
2009-10-12,0.45600854837065014,0.12913850939900456,0.004056819677901674
2009-10-13,0.45597837573070626,0.12806179566870435,0.0038264304446359535
2009-10-14,0.4525631149004099,0.12649462438558157,0.00385215685582875
2009-10-15,0.45239128147071983,0.1248617020929963,0.004265081264715135
2009-10-16,0.4518327836832875,0.12355324163542811,0.004160189421507927
2009-10-19,0.45102989188715387,0.1259838372504232,0.003812330394242924
2009-10-20,0.4507641758542183,0.12796905419748394,0.004067537295425316
2009-10-21,0.4499634768258101,0.12640124483842388,0.00396194199647474
2009-10-22,0.44877517649144916,0.12662906935141582,0.003905449161713395
2009-10-23,0.44747511002766277,0.1284689697661207,0.004042270089470649
2009-10-26,0.4463386373744296,0.13546784854218724,0.004547274713116215
2009-10-27,0.4461637378678506,0.1354413224352078,0.004550533999095643
2009-10-28,0.44268629409586285,0.14307825871801005,0.004905071900497732
2009-10-29,0.43782084400928234,0.15623276506399814,0.004232505970318592
2009-10-30,0.43010372809357683,0.15528340362762932,0.0042829725821398185
2009-11-02,0.42950407431796245,0.1578554214996551,0.003814228285865667
2009-11-03,0.4293701934726963,0.158031004025645,0.002991519375327708
2009-11-04,0.4292755985359322,0.1582021469923515,0.0027944543491725516
2009-11-05,0.42593637367214715,0.15612872228579056,0.0028307784800327158
2009-11-06,0.42584387947430935,0.15624618845484542,0.002693362026815157
2009-11-09,0.42094189855943154,0.15991350653350447,0.0024615543040312823
2009-11-10,0.4209399463538081,0.15981838458732767,0.002401436514844986
2009-11-11,0.42123225030623285,0.16090449425591763,0.0038259887464959282
2009-11-12,0.4226381500909155,0.16574324559227388,0.0068190937859946245
2009-11-13,0.4231826153652047,0.16716791007220277,0.010163931239413976
2009-11-16,0.42559984273567597,0.17381943948624387,0.015297822458483804
2009-11-17,0.42550653042995745,0.17374372515894662,0.015444866926718906
2009-11-18,0.42565262163770684,0.1735435785106943,0.015004268024618177
2009-11-19,0.4308188792653086,0.1728915829628309,0.01504677049795167
2009-11-20,0.4314300777052574,0.1717751101491654,0.014000906859725387
2009-11-23,0.4349496727013403,0.17558077606296862,0.01961229943771431
2009-11-24,0.43477631305348796,0.1755239391717807,0.01912506618439276
2009-11-25,0.43487954872802886,0.17591216872717663,0.0207700648643872
2009-11-27,0.440729957378422,0.18332445134943673,0.02817974557638905
2009-11-30,0.4406882691115346,0.18351944692183023,0.028178833151706054
2009-12-01,0.4427106376520952,0.18802674927442645,0.03242286600709833
2009-12-02,0.44262031995227036,0.18631822402523004,0.032471023085414746
2009-12-03,0.4433607217645754,0.1875383046762946,0.033238106546625915
2009-12-04,0.44369999786878433,0.1759647074813382,0.02647334614110867
2009-12-07,0.4439848817092217,0.17647081996575537,0.02758905077417032
2009-12-08,0.4454281538321026,0.18344968591445707,0.03180903938962871
2009-12-09,0.4454955573806734,0.1832715253944257,0.031274625399337654
2009-12-10,0.44580214664497947,0.1830655593418365,0.031142249548427894
2009-12-11,0.44505456119665665,0.1811308909093299,0.03317424800491762
2009-12-14,0.44588381774996527,0.1822693162796533,0.03518071467813959
2009-12-15,0.44667777811559173,0.18446793869713757,0.036186530504634044
2009-12-16,0.44664972811352377,0.18658181663752552,0.03720990688946005
2009-12-17,0.4501484001302047,0.19584481704292422,0.04653183119416076
2009-12-18,0.45050584707547486,0.1958154656596267,0.04581909763389611
2009-12-21,0.45220556297065784,0.19529905052090202,0.04525048039369031
2009-12-22,0.45231964026672744,0.19604081466700224,0.045548660278853396
2009-12-23,0.45209494828275815,0.19581177664111038,0.0451388657566593
2009-12-24,0.45240530053599526,0.19652490521498772,0.04537794008372887
2009-12-28,0.45232731161381723,0.1998842836172167,0.04670943150560407
2009-12-29,0.4525752013544854,0.2005838640440226,0.0471139493807043
2009-12-30,0.45235274305567313,0.20039293483874504,0.046908201063716085
2009-12-31,0.4545154569188961,0.20056860126504075,0.047226535813905055
2010-01-04,0.47351391425361555,0.1993302769518199,0.05317593854936582
2010-01-05,0.47341741351417,0.1995226462558331,0.0526310863692872
2010-01-06,0.4744457238609279,0.20012692119198633,0.050619024612037725
2010-01-07,0.47976954867656213,0.20108367759008336,0.023605289232935804
2010-01-08,0.481094915497552,0.20361721471162716,0.017123220205219492
2010-01-11,0.48424904026379934,0.20338724550392337,0.01181344138923699
2010-01-12,0.4892155671643534,0.20600373993947407,-0.014071388603943425
2010-01-13,0.49048983598585943,0.20574270428730038,-0.014243347097915079
2010-01-14,0.4903894473908585,0.2056157044715018,-0.014439929650826674
2010-01-15,0.49345762597711873,0.20521510455117054,-0.014158210572303558
2010-01-19,0.49630853075239556,0.20450177871981,-0.014433568440254837
2010-01-20,0.49955628818984804,0.2041875647474424,-0.014078691820807817
2010-01-21,0.5024230503569931,0.20294980505807253,-0.013860931781106695
2010-01-22,0.5039908480435927,0.2013185267277092,-0.013685910292972494
2010-01-25,0.5036852915279854,0.2111228137477414,-0.012360766781929461
2010-01-26,0.5035776471716826,0.21140211986540391,-0.012172295863264859
2010-01-27,0.5033109128619723,0.21113663429931806,-0.012443769343328697
2010-01-28,0.5022610122379354,0.210618278526278,-0.01291981729955796
2010-01-29,0.4964589060149654,0.21158578889066662,-0.012074636150146954
2010-02-01,0.49433964943869213,0.21342637122450306,-0.01132899582693585
2010-02-02,0.49290547937928814,0.21467310885208044,-0.012642908723252593
2010-02-03,0.49276401071873704,0.2144685484308445,-0.01282402948536414
2010-02-04,0.4926921759828567,0.21510888182754037,-0.01250025439649495
2010-02-05,0.4926921759828567,0.21612486916412663,-0.012080654612512853
2010-02-08,0.4987206908453855,0.2159869165834183,-0.006578719242099612
2010-02-09,0.49900123914943806,0.21618745943461123,-0.004838231241630641
2010-02-10,0.5103857248710358,0.21935506752650671,0.026809909799562902
2010-02-11,0.509465888826505,0.2227196068244486,0.03244781550528573
2010-02-12,0.5112752699949852,0.223665814750797,0.028394564867161715
2010-02-16,0.5089269026576791,0.2226192534090155,0.02686058762235046
2010-02-17,0.5233260088724766,0.22930642846034702,0.08314358724261806
2010-02-18,0.5229188441988637,0.23137602439703492,0.08398828794590994
2010-02-19,0.5228176350892996,0.23140755076240282,0.08284563434429784
2010-02-22,0.5228141090676327,0.2351715427448843,0.08492251465140069
2010-02-23,0.521746911814703,0.23438583586178932,0.08488295663747449
2010-02-24,0.5208034581680712,0.2376678203608073,0.08507317451200941
2010-02-25,0.5208155279263756,0.2382872917634636,0.08470358276100476
2010-02-26,0.5207993329677253,0.23823376227876783,0.08464817730639515
2010-03-01,0.522451167624608,0.23768659759912555,0.08407929021089589
2010-03-02,0.5224452823024202,0.23855805550175424,0.08365862983866994
2010-03-03,0.5224091875405898,0.23853287091744607,0.08325924885502378
2010-03-04,0.522415017797883,0.23860473745315172,0.08278580733475753
2010-03-05,0.5253612803758838,0.24734857634479898,0.0869885929893333
2010-03-08,0.5252703775623112,0.247647819047554,0.08721628476813525
2010-03-09,0.5250488514945096,0.2487728444586898,0.08670996769206102
2010-03-10,0.5251521643508509,0.2520321096719381,0.08643929247692174
2010-03-11,0.5252072485854077,0.2539211988913996,0.08762054125178954
2010-03-12,0.5251991530633165,0.2588424139300452,0.09032786928201424
2010-03-15,0.5251806412700176,0.25904007675049595,0.09050840159294073
2010-03-16,0.5256498738253578,0.2586209358311479,0.09006862341461824
2010-03-17,0.5256169805767515,0.25841134498189794,0.08960340581828653
2010-03-18,0.5269776471301427,0.2706320176476334,0.07656407814636752
2010-03-19,0.5277836686467097,0.27319094266679494,0.07849380710135055
2010-03-22,0.5299762068863698,0.273058941681169,0.07186964653042652
2010-03-23,0.5733674239013586,0.2739877684409405,0.1302420735636286
2010-03-24,0.577968819286994,0.2742074513885889,0.11856770280897687
2010-03-25,0.5785220589346638,0.27614669190113156,0.11715366051348015
2010-03-26,0.5927657080087109,0.2761010178406134,0.12094204924415981
2010-03-29,0.5975526334162105,0.27661220788937,0.10653099977147043
2010-03-30,0.6058982821392701,0.27657887334311576,0.09581250848839273
2010-03-31,0.607726572713197,0.27689426527691624,0.09467861575958622
2010-04-01,0.6110052508313611,0.2780452211526381,0.08881533232743268
2010-04-05,0.6297505533240678,0.2818146537003269,0.14145909020000627
2010-04-06,0.6363421200868434,0.28260928745597624,0.15929379071746194
2010-04-07,0.6366825811741041,0.27669244738816834,0.15453318965132823
2010-04-08,0.648446641739271,0.2767202052920602,0.1570664279893041
2010-04-09,0.6546367961443053,0.2778284579004,0.16072860489724064
2010-04-12,0.6369492340850902,0.2851182053530111,0.16605912032760614
2010-04-13,0.6364464670506838,0.285135892986348,0.1649802151421866
2010-04-14,0.6372437116899236,0.28595145270120964,0.16664574437199664
2010-04-15,0.6395290363911826,0.28599599084034577,0.16742799184459256
2010-04-16,0.6425959785850142,0.2998383464881725,0.18703313324183468
2010-04-19,0.6423833400049638,0.29991305661680095,0.18718884192428875
2010-04-20,0.6562313106919565,0.30052300385693886,0.19365238925069778
2010-04-21,0.6512541578081918,0.30062399735964307,0.19683462668382629
2010-04-22,0.6519102188637296,0.30007742185200065,0.19523142774368393
2010-04-23,0.6512861617299678,0.30184416479991666,0.19736796234940418
2010-04-26,0.6487669420075226,0.3039873351924108,0.20063552274803562
2010-04-27,0.6593465421878032,0.27832398512024265,0.17059405656103946
2010-04-28,0.6587143439321961,0.27701343077083085,0.17074343835535288
2010-04-29,0.6559523633873307,0.2784342621484171,0.16968958067146475
2010-04-30,0.6632816344922814,0.2680301071532865,0.15505720565455586
2010-05-03,0.6651555481933087,0.2690070215202459,0.15651346342552694
2010-05-04,0.6630085840474405,0.28125467648712066,0.16673374104703478
2010-05-05,0.6626338514751787,0.2804916339565933,0.166584745167782
2010-05-06,0.6645453285274664,0.25442456211543896,0.16024427189590282
2010-05-07,0.662626417781701,0.2550186151410848,0.1624815042951842
2010-05-10,0.6464618572155809,0.23680624879601733,0.16268231074228126
2010-05-11,0.6534274808101014,0.22802496272055084,0.15782225363571248
2010-05-12,0.6523726598791171,0.23024950978594186,0.1575916276414891
2010-05-13,0.6407653295592024,0.23584695981812176,0.15962538179707073
2010-05-14,0.6415248265472558,0.2368765421225511,0.15972186531371588
2010-05-17,0.6420489422449714,0.2368794476064332,0.15995634187367394
2010-05-18,0.652085126270063,0.2408809381243159,0.15987525969514318
2010-05-19,0.6520668382264634,0.23789246241287254,0.15878647611911773
2010-05-20,0.6524011181397371,0.23797673998718136,0.15903913686009477
2010-05-21,0.6544424201424675,0.2518995120503297,0.16156259119597818
2010-05-24,0.6544392468867248,0.25023366649403206,0.15991290735407712
2010-05-25,0.6630693223668214,0.2581485747130501,0.15930487879876898
2010-05-26,0.6665355509801195,0.25536776626606955,0.15805925104743013
2010-05-27,0.6693602330051066,0.25184709983266945,0.15882973221780325
2010-05-28,0.6667398035297071,0.2401960814817976,0.14831681129434354
2010-06-01,0.6582234543315226,0.24807000204161114,0.1620379677131388
2010-06-02,0.6582525826831688,0.24847667713878693,0.16215066459391492
2010-06-03,0.6580940426010415,0.2376035405049006,0.15850812957975496
2010-06-04,0.6570009575008082,0.2315982993323679,0.1463723179676243
2010-06-07,0.657038021239069,0.23207720942709897,0.14709927903988412
2010-06-08,0.6566652306130194,0.23172086512689358,0.14677447357634724
2010-06-09,0.6565589550508923,0.23149299734370843,0.14623166422375222
2010-06-10,0.6563556093364216,0.2308511213048914,0.1462569095452553
2010-06-11,0.6567164770412204,0.23043059261785923,0.14530338671665918
2010-06-14,0.6580742361478468,0.23405008451877715,0.14032233440506342
2010-06-15,0.6484987998391551,0.2213009785388718,0.1231929120973512
2010-06-16,0.6470934933959753,0.22911816970356536,0.12774042141990716
2010-06-17,0.6470775807361,0.22781562711779313,0.12654433997394113
2010-06-18,0.6479961584685773,0.23053820942982292,0.12547847137200574
2010-06-21,0.6482815168040066,0.22848462417041768,0.1255711452144611
2010-06-22,0.6597088573017069,0.20883176941310108,0.12448542334155423
2010-06-23,0.6597370949588114,0.20916144988365962,0.12506287622355663
2010-06-24,0.661006359232165,0.20751033611643938,0.12536613783498332
2010-06-25,0.6683690204620342,0.19922103904982175,0.12496407899032608
2010-06-28,0.6683929266373858,0.19868649995754226,0.1251764605316591
2010-06-29,0.6699381105844516,0.2004833326948661,0.12490601949814105
2010-06-30,0.6706621458811334,0.19639543576116664,0.124318730420752
2010-07-01,0.6710299531435973,0.1949959572594634,0.1261138887006851
2010-07-02,0.6815161627100528,0.17980549833581516,0.12584833666295625
2010-07-06,0.68151310914859,0.17960981971750423,0.12558796107192105
2010-07-07,0.6825623822359563,0.17934835592706752,0.12555089991605575
2010-07-08,0.6825623822359563,0.1792699208316776,0.12545558409157856
2010-07-09,0.6825623822359563,0.1792699208316776,0.12545558409157856
2010-07-12,0.6825623822359563,0.1792699208316776,0.12545558409157856
2010-07-13,0.6919182038727201,0.18237016097512934,0.12545558409157856
2010-07-14,0.6925822546498012,0.1826990933080159,0.12545558409157856
2010-07-15,0.6781003065966476,0.1874796549328423,0.1326388636966326
2010-07-16,0.6785760985651582,0.18743372595252977,0.13279647218860574
2010-07-19,0.6770188153355078,0.18837054731706115,0.13486764259876544
2010-07-20,0.6753269057284834,0.18927213754183206,0.1359221846086822
2010-07-21,0.6752223323039281,0.1895383300473622,0.13656877677763363
2010-07-22,0.6776498719500614,0.18953020143949442,0.13744566121310586
2010-07-23,0.6693911436989868,0.1920530878283886,0.14137625006575294
2010-07-26,0.6751774958941182,0.19138206263131285,0.14045577724399091
2010-07-27,0.6758629292000495,0.1915358557000522,0.14128590755995674
2010-07-28,0.676385614168459,0.1915073378509442,0.14123483325882089
2010-07-29,0.6796686229006079,0.19151259968508796,0.14192701354511572
2010-07-30,0.6784627201655771,0.1924285328363118,0.1423258162371918
2010-08-02,0.6872804745372567,0.18926023349909488,0.13888337706298548
2010-08-03,0.6834402367330153,0.19120510469901428,0.14126003965497624
2010-08-04,0.6838784931384315,0.19087444128235884,0.1400469535838133
2010-08-05,0.6842807386130723,0.19084055569834854,0.14011287347223791
2010-08-06,0.684060654812521,0.1908475325640558,0.14021912860003574
2010-08-09,0.6815297003710847,0.19181399855725403,0.1412985489006475
2010-08-10,0.68257562033263,0.19182068341236,0.14121390548703938
2010-08-11,0.6650402547934978,0.1921676418681992,0.13790650180980082
2010-08-12,0.6634462297111178,0.19312245682780643,0.1403317744751503
2010-08-13,0.6626946038312475,0.19369353590721047,0.14083032117458955
2010-08-16,0.6613479959288894,0.1936885191651681,0.14105299093306278
2010-08-17,0.6513422377344908,0.19578049692475002,0.141888613951932
2010-08-18,0.6525302081606521,0.19639741409202358,0.141888613951932
2010-08-19,0.6539863795374828,0.19712358769547123,0.141888613951932
2010-08-20,0.6559873601187758,0.19806527509362312,0.141888613951932
2010-08-23,0.651080857582592,0.2008585013903455,0.14348876290568555
2010-08-24,0.6510859863348853,0.20085395434564982,0.1434406462494882
2010-08-25,0.6510991858157449,0.2009498646685327,0.14366712745643687
2010-08-26,0.6511777764940245,0.20095294845257042,0.14359182842423052
2010-08-27,0.6511406207978644,0.20106678528804575,0.14377200404410273
2010-08-30,0.6511986669756185,0.20105856923107523,0.14383377645167952
2010-08-31,0.6489761671438883,0.20113549123655758,0.14398850473065986
2010-09-01,0.6374944391321283,0.20296103101928326,0.14547729270049226
2010-09-02,0.6374478596075086,0.20289533731596948,0.14543965084447563
2010-09-03,0.6333993288550231,0.19796440284736877,0.1411501276446108
2010-09-07,0.6298678174465396,0.1990557980874776,0.14452903531478814
2010-09-08,0.6274750075763597,0.1998201639961015,0.1464729267613693
2010-09-09,0.6257877502901293,0.2017143811646039,0.14999355166935477
2010-09-10,0.622995615924164,0.1989846416790649,0.14667191923768566
2010-09-13,0.6259451154067561,0.19923948191028382,0.14494541126477817
2010-09-14,0.624658273454629,0.19856316276776229,0.15160960757558287
2010-09-15,0.6244745013415235,0.1970435096190176,0.14921114644447092
2010-09-16,0.6183062252736791,0.19022070241212582,0.14141395934310175
2010-09-17,0.6178911250848679,0.18964211902742475,0.14075300527587112
2010-09-20,0.6237726623141989,0.19033641821330832,0.14205769744767535
2010-09-21,0.6248224937813439,0.18783039177796254,0.14212450588295608
2010-09-22,0.6253249856438542,0.18477216375049887,0.14125994051591975
2010-09-23,0.6232607835205267,0.18026795700320838,0.13782355021267878
2010-09-24,0.6301790995327778,0.1728483014984651,0.12919708408850686
2010-09-27,0.630162006644981,0.1708926220284245,0.12495317271690201
2010-09-28,0.6223892317450419,0.1735965684076466,0.12634357322859957
2010-09-29,0.6221539812244246,0.17440381926819176,0.127810768047511
2010-09-30,0.6229643817496103,0.17971396779626764,0.1288757159549066
2010-10-01,0.6159087434594748,0.1678717431534301,0.11907601163777685
2010-10-04,0.6182511796572872,0.17137167441772438,0.12272142891651494
2010-10-05,0.6327701073657047,0.1798172497547965,0.1551599670127005
2010-10-06,0.6347334135089917,0.16379856299951692,0.15455379555612056
2010-10-07,0.6340661166953655,0.164617723801301,0.15092805626935102
2010-10-08,0.6358753148398223,0.16277682873079094,0.1561443603864381
2010-10-11,0.636675310451467,0.16601822839635919,0.15582658643098027
2010-10-12,0.6367910146394624,0.16456533757317693,0.1543861781643697
2010-10-13,0.6380451507058575,0.17085283866387266,0.16238235863509803
2010-10-14,0.6443748964923962,0.17244294404680918,0.1612056833502123
2010-10-15,0.6337946362958439,0.1748251522282885,0.14334532738690392
2010-10-18,0.6322805225781866,0.17710392919263118,0.14203846778776752
2010-10-19,0.6376201333542988,0.1940255129026411,0.16266194524477864
2010-10-20,0.639480869481707,0.19520237088884757,0.16599043214529646
2010-10-21,0.6407458546551676,0.1946418886925003,0.16377765802432992
2010-10-22,0.6423442665567354,0.1946849088115039,0.1641285354907856
2010-10-25,0.6445152778344063,0.19257822860210963,0.1658279470942091
2010-10-26,0.6462143354111328,0.18300723436246216,0.16600407685614613
2010-10-27,0.6454169243540675,0.18470882327805557,0.16341129387330877
2010-10-28,0.6517559036192944,0.17148225592920274,0.1636032362599497
2010-10-29,0.6615358731564623,0.1509439666477233,0.16378779537778332
2010-11-01,0.6790757953960022,0.1507777830736765,0.16353049388200736
2010-11-02,0.6816474898603102,0.14772994332115486,0.16716165664883725
2010-11-03,0.6821546624525285,0.1453671177333904,0.16938450169739347
2010-11-04,0.6867613147023034,0.1767096049394927,0.19093239784831126
2010-11-05,0.6945905820295369,0.1809039965106689,0.19065030946849712
2010-11-08,0.694542958820305,0.1783113042097707,0.19061372566212043
2010-11-09,0.7087783087853882,0.1795838471241997,0.19724048480041514
2010-11-10,0.7089844744585987,0.18111190314195574,0.19970276250440738
2010-11-11,0.7091100689838732,0.17819357727517784,0.1958556818073418
2010-11-12,0.7115896130514033,0.18877866931587026,0.2199333534755217
2010-11-15,0.7112500458305847,0.1870127324338463,0.2170928764709148
2010-11-16,0.7149519233021703,0.18492662506695287,0.2198848674796719
2010-11-17,0.7150563912479081,0.18486265281797773,0.219670221145898
2010-11-18,0.7101130020110654,0.19396271909667992,0.21922579619600777
2010-11-19,0.7052809882336721,0.19516600923515937,0.22167954995972586
2010-11-22,0.7048161146155383,0.19539439622045182,0.2232513424692966
2010-11-23,0.6967579781278112,0.18057875760161626,0.21314300462450647
2010-11-24,0.6920967602981227,0.17734844968682423,0.21450153791504015
2010-11-26,0.6891116539840786,0.1813750083091367,0.21222201291192916
2010-11-29,0.6821600538372439,0.16945291504782217,0.1992776864067151
2010-11-30,0.6817078769653433,0.16200484994011824,0.1972747211175042
2010-12-01,0.6681677932021034,0.14996068545470548,0.18909783746276856
2010-12-02,0.6643799308236146,0.15023934377217227,0.18986751849571903
2010-12-03,0.6632272001372745,0.14853063926553864,0.1848054955571394
2010-12-06,0.6627050358428737,0.16915295765800564,0.20944192583064483
2010-12-07,0.662713992660509,0.16681194567752017,0.20596062383199726
2010-12-08,0.6604233084677803,0.1506764112318022,0.19797089439473217
2010-12-09,0.6608526446222938,0.1516023217453431,0.19965177388076044
2010-12-10,0.6595019906913693,0.1517316085329213,0.20012631649013726
2010-12-13,0.6616054297567104,0.15566574410256726,0.19602640259240808
2010-12-14,0.6606858996532272,0.15316713296031131,0.19176918009615818
2010-12-15,0.6594458656186986,0.1564084660243859,0.19153485809534548
2010-12-16,0.6586015639571993,0.15402402551296382,0.19204425089593818
2010-12-17,0.654017858408956,0.1374798240957612,0.1726793133591283
2010-12-20,0.6563709243553972,0.13817953551852555,0.17506312842049615
2010-12-21,0.654510463234407,0.13919005234147752,0.17680815552113158
2010-12-22,0.6541954962817612,0.13891067566487353,0.1775248050777303
2010-12-23,0.6553202122004806,0.13948008578818957,0.17914604186456057
2010-12-27,0.6554260976989614,0.1396318785591677,0.18029002215892764
2010-12-28,0.6554281836453894,0.1390091013073018,0.17605779121834036
2010-12-29,0.6552372866900184,0.13881632316038645,0.17623431793448263
2010-12-30,0.6559423030342864,0.1395752364276164,0.17761593780651683
2010-12-31,0.6526243661144022,0.13829354087739332,0.17274947925593304
2011-01-03,0.6483641004601967,0.13603143114495575,0.16580628937964922
2011-01-04,0.6485979842668692,0.13605643693529323,0.16551537665687113
2011-01-05,0.6502427765068699,0.13492413235609566,0.16263431537571474
2011-01-06,0.64945814118793,0.13592101082882052,0.1615044274870807
2011-01-07,0.6501149365818445,0.13649084418315302,0.16268823878262434
2011-01-10,0.6500632500366607,0.1359477765278344,0.16330052550149177
2011-01-11,0.6467550023756811,0.1366828235600312,0.16416940936405683
2011-01-12,0.6467532311075018,0.13873121394013171,0.1674007232375994
2011-01-13,0.6467321571139374,0.1402029730868656,0.16712442377414416
2011-01-14,0.6434482345639793,0.1326227120401599,0.15737893395038863
2011-01-18,0.6392316166468983,0.13369694273943972,0.1601047904256173
2011-01-19,0.6389582008670904,0.1337190932740987,0.16067717172868512
2011-01-20,0.6328792989472518,0.13489787982122883,0.1609251556619573
2011-01-21,0.6266574279117719,0.13657636210651805,0.16092796045297184
2011-01-24,0.6263174327764887,0.13652713869181915,0.15867986570421982
2011-01-25,0.6265511825136026,0.1364647797958319,0.15860440666790643
2011-01-26,0.6273861496235885,0.13653273573752953,0.158159239695865
2011-01-27,0.6298479073041343,0.13674501891224908,0.1575942085089743
2011-01-28,0.6594013346597067,0.13856531969240543,0.15327957996258432
2011-01-31,0.6659124810636982,0.13969216536153492,0.15290693123996357
2011-02-01,0.6768989703696161,0.1389577405648668,0.1495205258645471
2011-02-02,0.677725801670761,0.1389789094440026,0.1495628349323488
2011-02-03,0.6780932467908185,0.13884502211485764,0.14947107040828456
2011-02-04,0.6778916169772535,0.1387136136162251,0.14903443223536875
2011-02-07,0.6783872598630852,0.13830536147879652,0.14868766834522504
2011-02-08,0.6786098031138913,0.13805295424174094,0.1481390651786232
2011-02-09,0.6788289758462116,0.13809444837472382,0.14817977471721805
2011-02-10,0.6813710242667387,0.13890140166459303,0.14810409627672294
2011-02-11,0.6820118051520341,0.1384976327138151,0.14746307209213042
2011-02-14,0.6890907211770221,0.14027058913345558,0.14733486338636903
2011-02-15,0.6899587230743024,0.14058962765471045,0.1473709289881243
2011-02-16,0.6917386307744103,0.14054705505716347,0.1468315644941971
2011-02-17,0.6915085247307656,0.14049179785399693,0.14684347090327482
2011-02-18,0.6908822504501991,0.1404072430462651,0.14688811177562378
2011-02-22,0.7007287275119922,0.13922187083125118,0.14631525811749044
2011-02-23,0.7022735574563407,0.13997271199635833,0.14631525811749044
2011-02-24,0.7023002333212325,0.13995877374687893,0.14631525811749044
2011-02-25,0.698972153687467,0.1390059526884885,0.14631525811749044
2011-02-28,0.6954166860364903,0.13952284255626796,0.14799472342972983
2011-03-01,0.6880761342548826,0.11847933068536026,0.14606268604500605
2011-03-02,0.6879543526734794,0.11835334833824161,0.14616557035125127
2011-03-03,0.6798444659532603,0.10169600424102841,0.14643480721105773
2011-03-04,0.6735429906648891,0.09748789947408118,0.14775728755140316
2011-03-07,0.6722544657189969,0.09594780387815907,0.14768154865134528
2011-03-08,0.6707512055579915,0.094041329396041,0.1482625429921138
2011-03-09,0.670693000540843,0.09427375028290873,0.14907395027796064
2011-03-10,0.6621563407080308,0.10880135186624276,0.14934035471572815
2011-03-11,0.6608988484849257,0.10962216275253875,0.1491312728342432
2011-03-14,0.6602816496593419,0.10749346045311177,0.14873867850079733
2011-03-15,0.6562062352330003,0.12181345865617652,0.14872736776365264
2011-03-16,0.6484470381051103,0.12151392919721578,0.14889115296049993
2011-03-17,0.6447762243582416,0.12447882312587961,0.14870774815725213
2011-03-18,0.6433285380507101,0.12567886035612322,0.147788637549191
2011-03-21,0.6373140451399394,0.1294381380595345,0.14837071982321695
2011-03-22,0.636010705377676,0.13015060213510016,0.14905816710045847
2011-03-23,0.6348411597644831,0.13079127971175555,0.1482254953247918
2011-03-24,0.6325322180857395,0.12539922398012832,0.14828347273332787
2011-03-25,0.6324140088760418,0.12527088928061272,0.14832213793856883
2011-03-28,0.6316601193925966,0.12671974688644874,0.14882481523424854
2011-03-29,0.6309093238048629,0.12543489373462424,0.14912893584618053
2011-03-30,0.6291656374369861,0.1261398658340665,0.14890745489867344
2011-03-31,0.6302439264351247,0.12510973478880158,0.14819945722147154
2011-04-01,0.6281418096223919,0.12440451969256035,0.14939521377721204
2011-04-04,0.6280830548999257,0.12437774217180851,0.1492991632995807
2011-04-05,0.6276330031238849,0.1276852672272114,0.1507649535303284
2011-04-06,0.6272835598929432,0.12779107891887148,0.15060984256650045
2011-04-07,0.6262606619016103,0.12524158813837677,0.14779391483353246
2011-04-08,0.6260495159627406,0.12331189117182337,0.14748895675497525
2011-04-11,0.6266363029988947,0.12497777774094586,0.14903221964075258
2011-04-12,0.6219514588961357,0.12760572887358726,0.14812844804314687
2011-04-13,0.6224768162459502,0.1276107448043033,0.1468402027506911
2011-04-14,0.615561748972074,0.10638017751957284,0.12728870395642095
2011-04-15,0.6157680054868524,0.10785117714451024,0.12658610114993224
2011-04-18,0.6120781892868896,0.10248465791391323,0.12573003483934236
2011-04-19,0.6135362724261572,0.10344906756069068,0.12339061676202433
2011-04-20,0.6095021700007858,0.10604206013315605,0.12551410365588872
2011-04-21,0.6094497865296284,0.10269273472052586,0.12293567535919527
2011-04-25,0.6084825288585757,0.10140518442967786,0.12203260587135747
2011-04-26,0.5907887757460742,0.12758580098861544,0.15252817945297048
2011-04-27,0.5928812149526926,0.13449558784800927,0.15990697652401906
2011-04-28,0.5870349283767425,0.13637631695395305,0.16341629971259994
2011-04-29,0.5735050916755482,0.14874481082329236,0.17923765155626
2011-05-02,0.5677212523835777,0.1492584253784775,0.18050031937809738
2011-05-03,0.549765484295256,0.1406296818696537,0.1735700203853698
2011-05-04,0.5506459149351048,0.14800886849351735,0.17528906216812942
2011-05-05,0.5567485387176833,0.19521198410195334,0.1914886810917646
2011-05-06,0.5571084819277888,0.19684127489997508,0.19323351359484048
2011-05-09,0.6049248435959209,0.23418053778674972,0.19558806722393016
2011-05-10,0.6075460860553902,0.24669785672916936,0.20173579297355365
2011-05-11,0.617108878623714,0.2495628658209412,0.20751206199973798
2011-05-12,0.6220518173143206,0.24450030057681496,0.2069408851351968
2011-05-13,0.6266760986248116,0.2473079076790025,0.2119976291804921
2011-05-16,0.6272468610571806,0.24784218815281076,0.21248671902207075
2011-05-17,0.6272478287876359,0.24811053384350445,0.2126260209918916
2011-05-18,0.6248252995860879,0.2528730754539724,0.21459064964006003
2011-05-19,0.6246416517646451,0.25268855449642286,0.2145633950533776
2011-05-20,0.6228741854022976,0.24271575790291655,0.21295834300115482
2011-05-23,0.6191519823582045,0.24169837908161376,0.21467713658423815
2011-05-24,0.619143339856454,0.24131026425863777,0.21460492164112058
2011-05-25,0.6187866372731533,0.24225573917457097,0.21559366007346545
2011-05-26,0.6181323633977578,0.2413050222448312,0.21576853978411398
2011-05-27,0.6176757553717794,0.24262658128514542,0.2147799055675478
2011-05-31,0.6145395622335494,0.24192657731109415,0.21565625392968346
2011-06-01,0.6012624391704517,0.2341471731106425,0.21551440269436728
2011-06-02,0.601250259933201,0.235249992080404,0.2163996267957135
2011-06-03,0.5870267720349155,0.22299502234201982,0.21720504961662077
2011-06-06,0.5870267720349155,0.22637185460891782,0.2204556105208198
2011-06-07,0.5870267720349155,0.22630617515658866,0.22039955684961382
2011-06-08,0.5870267720349155,0.22630421231530587,0.22039677269841507
2011-06-09,0.5870267720349155,0.22646078008541595,0.2205892245617254
2011-06-10,0.5870267720349155,0.2272994306681334,0.2213675228155027
2011-06-13,0.5870267720349155,0.22701425616668772,0.22107567470204845
2011-06-14,0.5870267720349155,0.2279783155483746,0.22200236371124146
2011-06-15,0.5870267720349155,0.22770547950428005,0.22175530320663273
2011-06-16,0.5870267720349155,0.22961352358741144,0.22358241662933692
2011-06-17,0.5870267720349155,0.22978374612276248,0.2237457043136971
2011-06-20,0.5870267720349155,0.23166528743474882,0.22562350524084915
2011-06-21,0.5870267720349155,0.23226488439696505,0.22619860838401384
2011-06-22,0.5870267720349155,0.2320954388021137,0.22604627123139168
2011-06-23,0.5870267720349155,0.2308838774246385,0.224820731271126
2011-06-24,0.5870267720349155,0.23210452128631498,0.22595594391522741
2011-06-27,0.5870267720349155,0.2327808815526044,0.22664451237743893
2011-06-28,0.5831723689479557,0.2311619863742387,0.22673120926148208
2011-06-29,0.5812793853848053,0.23056143867739223,0.2269756261779998
2011-06-30,0.5789742871447197,0.2302074997743007,0.2278208684605402
2011-07-01,0.586175285580009,0.22785574984107157,0.224788841406966
2011-07-05,0.5846269320087489,0.22787009903770936,0.22427562352685565
2011-07-06,0.584410008172614,0.22782873840115173,0.2240206394757435
2011-07-07,0.5882153672470332,0.22661991612305699,0.22105991360887076
2011-07-08,0.5889572486899155,0.2263441189500348,0.22105116280782047
2011-07-11,0.6022917083935899,0.2239629874239351,0.2174627172764094
2011-07-12,0.6033368453218061,0.22136733694888847,0.21235160747503945
2011-07-13,0.6035420171890344,0.2221896248557295,0.21420466389582618
2011-07-14,0.605868933307044,0.22055397231991317,0.21034609177457606
2011-07-15,0.6055657977673616,0.22145419369656513,0.21221340252740029
2011-07-18,0.60742063589107,0.215103113817142,0.20721227372024767
2011-07-19,0.6161938147530522,0.19860086736597943,0.17772654905752616
2011-07-20,0.616011620150308,0.197254679927214,0.17382555016988246
2011-07-21,0.6177472961033501,0.1883569017161482,0.16913386798085908
2011-07-22,0.6137327348282636,0.18847611210975512,0.1742690381588027
2011-07-25,0.6117403062757168,0.18581214620152922,0.17328663292384466
2011-07-26,0.6104396509505562,0.18497012757883205,0.173456645132454
2011-07-27,0.6247250332648084,0.18813408973763449,0.17664279343073958
2011-07-28,0.6227717157070206,0.18792598240584657,0.17673933964376295
2011-07-29,0.622786323823726,0.1873959744555834,0.174879288184369
2011-08-01,0.6095618272765861,0.19185375374169858,0.18027433791333705
2011-08-02,0.6084764862277974,0.18738447108736433,0.1704966955678452
2011-08-03,0.6072104575254264,0.18800130378918556,0.17193182175473376
2011-08-04,0.6070962239445168,0.18802248080811773,0.1718935530118004
2011-08-05,0.6069050751889642,0.18739270477702763,0.17133501863382078
2011-08-08,0.606123884971515,0.18056586068984135,0.1655910924368045
2011-08-09,0.6046604513671121,0.1797067039457211,0.16497705488781556
2011-08-10,0.6177354036780511,0.1721253080030723,0.16250435014882608
2011-08-11,0.6177746248555895,0.1708452750290031,0.1613316059238359
2011-08-12,0.6177746248555895,0.17093717336642933,0.1614449999699678
2011-08-15,0.6177746248555895,0.1699984572575835,0.16049591799089685
2011-08-16,0.6177746248555895,0.16885062332199116,0.1593406247068887
2011-08-17,0.6177746248555895,0.16870190195187348,0.15918353451145764
2011-08-18,0.6177746248555895,0.166450557462619,0.1569497880130367
2011-08-19,0.6177746248555895,0.165316792518095,0.15580799098044962
2011-08-22,0.6177746248555895,0.16167955278520285,0.1522320984063042
2011-08-23,0.6177746248555895,0.15784478492785983,0.1488305637510386
2011-08-24,0.6177746248555895,0.15517861008026781,0.14649876088474348
2011-08-25,0.6177746248555895,0.1549641646700007,0.14627419188680454
2011-08-26,0.6177746248555895,0.15104025284009753,0.14241514628286905
2011-08-29,0.6177746248555895,0.15052846318712265,0.14203809950183957
2011-08-30,0.6177746248555895,0.14678018263946954,0.13834797651656247
2011-08-31,0.6177746248555895,0.14688679359142479,0.1384881630520493
2011-09-01,0.6177746248555895,0.14685434489990135,0.13845323067973034
2011-09-02,0.6215423168960923,0.14482047251108793,0.13489520250270906
2011-09-06,0.6216204913763639,0.1447443674404363,0.13495689372564493
2011-09-07,0.6227096772381511,0.143664564637392,0.1336522759377877
2011-09-08,0.6233412747576605,0.1413864140419385,0.13094721835375234
2011-09-09,0.6240882297190351,0.1419168227463109,0.1310896173224323
2011-09-12,0.6201922546174579,0.14262118214711883,0.1327451368446167
2011-09-13,0.6211297254829112,0.14395359176061115,0.1290870292396412
2011-09-14,0.6208544345530183,0.14441708493619687,0.13016104842830417
2011-09-15,0.6152275771325586,0.144519802251888,0.1142116550633053
2011-09-16,0.6126035840581433,0.14405776079535812,0.1183203852276299
2011-09-19,0.6044146241219459,0.14392884570496056,0.11831014630168914
2011-09-20,0.6038079477939706,0.1443867686339221,0.11421500361708188
2011-09-21,0.593440044340417,0.1446580074748601,0.12675183777500945
2011-09-22,0.563752778442671,0.1441041125557932,0.1692047906941344
2011-09-23,0.5445942745334704,0.14393506959423386,0.1578827377098271
2011-09-26,0.5392996469883574,0.14396189483423,0.15642201172855652
2011-09-27,0.5365487860298372,0.1429727270063079,0.15575711995512798
2011-09-28,0.5310279340960542,0.143023195479735,0.15469846432991938
2011-09-29,0.5271260378356479,0.14291763942796143,0.1539920784725461
2011-09-30,0.5279791586074706,0.14181759094221708,0.15482475117091565
2011-10-03,0.5245385640347843,0.14047491566503517,0.15313474335684416
2011-10-04,0.5048655594502053,0.12398489071300199,0.13200492953598914
2011-10-05,0.5064712274930624,0.12425144068887706,0.1355854905457396
2011-10-06,0.5073678028700389,0.12348824860828747,0.1382337162765123
2011-10-07,0.5059450962478483,0.12133112927950225,0.13519361791403017
2011-10-10,0.505952906438287,0.12128876186481422,0.13522363274668156
2011-10-11,0.5056478823416428,0.1217919137311352,0.13678027008838656
2011-10-12,0.5030147301009742,0.11657620104870516,0.13054592363577674
2011-10-13,0.5026335795695352,0.11777599487113703,0.13123312791760056
2011-10-14,0.5236027660795494,0.11689460997544308,0.14267680403670147
2011-10-17,0.5242877974226211,0.1161622157565955,0.1424490112012009
2011-10-18,0.5279543184988794,0.09355138212153177,0.12565342968349988
2011-10-19,0.5218518235149289,0.08983927895803173,0.12090810608733468
2011-10-20,0.5194501833082895,0.0913393463139692,0.12302220303480889
2011-10-21,0.5291660345879413,0.08930045880968052,0.12131919208970032
2011-10-24,0.53609225437326,0.08754313557431599,0.11612702594016358
2011-10-25,0.5518850982213507,0.08688659104252565,0.11488903291861695
2011-10-26,0.5501706229090835,0.08442250967240986,0.11709451660322884
2011-10-27,0.5827298125610154,0.08027829924601068,0.11117330751248056
2011-10-28,0.5827151506598113,0.08047351786738746,0.1127382916212417
2011-10-31,0.5953250820059525,0.07950253641474213,0.11221688574430379
2011-11-01,0.5880991943223919,0.07844572653116265,0.10846278975910312
2011-11-02,0.590848413464576,0.07874411314509559,0.10989199516620461
2011-11-03,0.5949273215120914,0.048963686049626344,0.08825450894873042
2011-11-04,0.5961449614985798,0.048772556542375535,0.08832595785321083
2011-11-07,0.5975651333636042,0.04992741768881027,0.08750571214173532
2011-11-08,0.6003530571854051,0.043204583619659204,0.08242280366864957
2011-11-09,0.6345293389222216,0.040514242722487756,0.07702036413532812
2011-11-10,0.6321885651589193,0.04078350644130348,0.0779684543686692
2011-11-11,0.6357780361276482,0.022821102952947068,0.05295118076821009
2011-11-14,0.6369837875222727,0.022035773354076266,0.051149263029108154
2011-11-15,0.6300716001384807,0.0127749605480026,0.0399937700659459
2011-11-16,0.6366573743783551,0.013165035652239202,0.04017084379695579
2011-11-17,0.6406381644819353,0.004850787209803267,0.04048352217936311
2011-11-18,0.6407454001067684,0.004852325723899508,0.04049202122864808
2011-11-21,0.6407703073555835,0.0055586073268335786,0.04065972955915431
2011-11-22,0.645049349309554,0.010430800512449734,0.04076553588945631
2011-11-23,0.6491311010464392,0.012125928353564668,0.040751789532366724
2011-11-25,0.6520372619741024,0.006894918715192924,0.040729334157253695
2011-11-28,0.6521730127998592,0.0066432373694747405,0.04076490884792359
2011-11-29,0.6529084636979484,0.011112109259451292,0.041072430955627764
2011-11-30,0.6306046736829982,0.01052015644362823,0.04106968516240269
2011-12-01,0.6334080542466695,0.011699828368451057,0.04105849170432679
2011-12-02,0.6334718647374397,0.009867596149749294,0.04164927461351255
2011-12-05,0.6314970458179019,0.010262990249132724,0.04177243611839919
2011-12-06,0.6314968720510435,0.010133559703330432,0.041900036094290806
2011-12-07,0.6314898812524906,0.01195997852644827,0.04191885105943053
2011-12-08,0.6227322524884484,0.011834148897489708,0.04197723977873738
2011-12-09,0.6184637054746166,0.011387309571148781,0.04198003805455341
2011-12-12,0.6146446659570954,0.011732638274688833,0.0420464561249693
2011-12-13,0.6130835373610174,0.011951312999431042,0.04205660208418901
2011-12-14,0.6131708909673119,0.009215423697273399,0.04205775864709694
2011-12-15,0.6136837802860403,0.011059942718977152,0.04203342191105382
2011-12-16,0.6136936966438872,0.011027898539967029,0.042069358948891335
2011-12-19,0.6137713838181813,0.01050869486789852,0.04217718511997289
2011-12-20,0.5993361465394363,0.009254136139050252,0.041971518937414146
2011-12-21,0.5994305130621226,0.009517361266673595,0.041944911334508346
2011-12-22,0.5981698340078918,0.008932493516571487,0.041442739427681195
2011-12-23,0.5970393835082954,0.00873353214974862,0.04141473099796756
2011-12-27,0.5972108890874239,0.008278993118115086,0.04341056996643426
2011-12-28,0.5944797984836865,0.00856430549528807,0.0430879929201685
2011-12-29,0.5928203142656144,0.0077274981638382305,0.042359889355808776
2011-12-30,0.5925935996621989,0.008161701468479176,0.04506502276993251
2012-01-03,0.5863958617241788,0.010381260339741617,0.05037592334313574
2012-01-04,0.5863474716539024,0.008971968898830509,0.04972343702339675
2012-01-05,0.5856702981546321,0.009649938956667752,0.051203800805839604
2012-01-06,0.5854178648323284,0.009144741662698462,0.051923659763550845
2012-01-09,0.5847518549373908,0.008775371245837896,0.051881858222769944
2012-01-10,0.5869346973365932,0.008881805501206775,0.05087481385460134
2012-01-11,0.5867619590440104,0.008195007537209514,0.05045452596268008
2012-01-12,0.5853755497167062,0.006765935869682752,0.049023531792246035
2012-01-13,0.5860128208673748,0.005666464034781861,0.04939402654976343
2012-01-17,0.5847561146804432,0.010604066261942066,0.056014515544140844
2012-01-18,0.5877222254594533,0.010282737680161854,0.05530263756446294
2012-01-19,0.5853729021486938,0.00983362996364585,0.05484400197495066
2012-01-20,0.5851055886661153,0.00967413629571002,0.054736202272322856
2012-01-23,0.5869353715469394,0.009823641183933522,0.05456252388592919
2012-01-24,0.5872767005291436,0.010042921095250559,0.05549970213186378
2012-01-25,0.5888924631478956,0.009783058934523765,0.05478923631092221
2012-01-26,0.5891568145970066,0.010058521017432463,0.05513535946155938
2012-01-27,0.588950646832895,0.010150397781284091,0.05530742073131164
2012-01-30,0.5788500098327419,0.009789380654761147,0.05565922911394843
2012-01-31,0.5779591120687483,0.010050034851932142,0.055834051568837896
2012-02-01,0.5728458320463504,0.010324361063141446,0.05684125645088925
2012-02-02,0.5726588578153803,0.010481692878400154,0.05781408513463608
2012-02-03,0.5772030390394368,-0.0027828519617846452,0.04074676537031836
2012-02-06,0.5772578544222404,-0.0024798338912307366,0.04118060276599567
2012-02-07,0.5766902282862324,-0.0011275261425854667,0.04268298527835398
2012-02-08,0.5763461089473898,-0.0018089900138975972,0.04062327769119584
2012-02-09,0.5753372614572665,-0.00197123988029015,0.039087242099707736
2012-02-10,0.5769830561113801,0.0003261388780375993,0.041479968883902124
2012-02-13,0.5774990780692391,0.000990961193879033,0.04250521381149885
2012-02-14,0.5769657734850833,0.0013251268141623162,0.042190625732012994
2012-02-15,0.577729906478013,-0.00018323738519760192,0.0397904733576273
2012-02-16,0.5799793761661024,-0.0006375373150057253,0.038833806840400706
2012-02-17,0.579450082073511,-0.0009680492932862582,0.039665871508091685
2012-02-21,0.579615755717409,-0.0012909292425003689,0.04223982293908762
2012-02-22,0.5739068323177912,-0.004047934286985542,0.038899780794413176
2012-02-23,0.5748493149652737,-0.004338620631305327,0.03873576263439728
2012-02-24,0.5748719061524846,-0.004713745268336048,0.03776329245304097
2012-02-27,0.5765975064451833,-0.0045369081708181045,0.03751777011974558
2012-02-28,0.576325538564979,-0.003401399748884732,0.04264657374483879
2012-02-29,0.5812455745770048,0.010595168482086697,0.04465989446818901
2012-03-01,0.5818272070016505,0.010541591399570038,0.044255831403199705
2012-03-02,0.5865500141954758,0.021787867498482827,0.04412846862349666
2012-03-05,0.5879266577917606,0.025482139517482443,0.04463880013644168
2012-03-06,0.5927934991792998,0.02672626258454982,0.04490251349120756
2012-03-07,0.5950547529599208,0.027809515462339996,0.04447912637758088
2012-03-08,0.5973253882645522,0.027418448738066977,0.0439103641836281
2012-03-09,0.6032143329939541,0.01569438849862684,0.043574635353454245
2012-03-12,0.6039744699153925,0.01498546053546721,0.04364791825472063
2012-03-13,0.6119182831259224,0.015673279481599234,0.04256848066317467
2012-03-14,0.6134862255301495,0.003841613636598067,0.04220204893798451
2012-03-15,0.6196022295393635,0.002732367317955962,0.04206607477751428
2012-03-16,0.6225380872865918,-8.538345235229232e-05,0.04228340530395338
2012-03-19,0.6228306249242757,-0.0013905017499006708,0.04235331522829185
2012-03-20,0.6264455509541574,-0.0048470977466469395,0.04249077921671522
2012-03-21,0.6265919100937365,-0.005062086315477501,0.04246482907282242
2012-03-22,0.6267459460243101,-0.005583178263602814,0.042914385062423815
2012-03-23,0.6280941090861126,-0.0018912743398123595,0.042743450491994
2012-03-26,0.6327929105310222,-0.0022889064916631397,0.041677235310089086
2012-03-27,0.6323444935756816,-0.0031855409069106114,0.041462393714823034
2012-03-28,0.63378861179533,-0.00207672857948984,0.04150959937303522
2012-03-29,0.6348502634087948,-0.002780612265841547,0.041755138150745955
2012-03-30,0.6340432358381682,-0.0019509802931067396,0.04217990002673588
2012-04-02,0.6354305033528785,-0.0012743002143844541,0.041518767461828865
2012-04-03,0.6352513695209503,-0.0010695998130086043,0.04171396054580378
2012-04-04,0.6383092333092139,0.0001357233478119963,0.04268785001073241
2012-04-05,0.637290329423119,-1.9030823841758975e-05,0.04252200034582671
2012-04-09,0.6393742256177373,0.0003997100193364947,0.042703649542216504
2012-04-10,0.6474083728224828,0.0025427443157177453,0.042915240717257296
2012-04-11,0.646409762858174,0.0008340466595000447,0.042776462414392945
2012-04-12,0.6444315986893634,-0.0028541705230584373,0.04263630160628313
2012-04-13,0.641928311417178,-0.002379061160631253,0.04269511585596381
2012-04-16,0.6419284178014542,-0.00224551908177038,0.04323946458974024
2012-04-17,0.6384021925977075,-0.0037183907492466745,0.04354824495332767
2012-04-18,0.6403920940305841,-0.00018450545397809807,0.04375032921925966
2012-04-19,0.640210403873609,0.00011428320301908862,0.04375032921925966
2012-04-20,0.6433662244318987,-0.0021247728320867914,0.043871928772787096
2012-04-23,0.6416877483440839,-0.0021547958448166257,0.04354606536669673
2012-04-24,0.6418326091827175,-0.0021829147968382805,0.04351477306364577
2012-04-25,0.6378667218813601,-0.0009881368059594408,0.04466803211829128
2012-04-26,0.6363313546015236,-0.006575163488875063,0.03842552686704072
2012-04-27,0.6367432621125835,-0.007050640353948358,0.03886203988308617
2012-04-30,0.636682668266319,-0.008297182845472923,0.04033490570725482
2012-05-01,0.6359328094958001,-0.010053274356939082,0.03881228616918156
2012-05-02,0.6353037193914037,-0.010890851561855926,0.037716987539096795
2012-05-03,0.6344597827540722,-0.016516987648665365,0.036263248014306665
2012-05-04,0.6289700321261269,-0.03170878596808671,0.02698932496396317
2012-05-07,0.6287563600182843,-0.03416405208926369,0.025127944081448177
2012-05-08,0.6282808022613965,-0.036463949768296484,0.0225935595126597
2012-05-09,0.6263528316419423,-0.03761498783101857,0.02118463494717103
2012-05-10,0.6244683770840752,-0.04370677958203296,0.016845291169714546
2012-05-11,0.623908785198413,-0.043588354022374855,0.016914664282913695
2012-05-14,0.6175535918449782,-0.04611053077595418,0.011883379301296973
2012-05-15,0.6172697899576665,-0.04702035927734701,0.01147753414619206
2012-05-16,0.6172694316523505,-0.047263721139195636,0.011358618078289478
2012-05-17,0.61862187294262,-0.04976056956684106,0.011540648054393346
2012-05-18,0.6187280839333171,-0.04973230302174527,0.011550579518676662
2012-05-21,0.6197295467138704,-0.04432026131503363,0.01196641719039889
2012-05-22,0.6219276299527263,-0.043233242602173885,0.012034901202232459
2012-05-23,0.6219369260617755,-0.04282956127372809,0.012192579053244652
2012-05-24,0.6221327111295434,-0.042753882734736584,0.012190629960141574
2012-05-25,0.6225042037527112,-0.04217144554024858,0.012122351878178162
2012-05-29,0.6227659927134734,-0.043882347741843825,0.012445783580585968
2012-05-30,0.6246436638327244,-0.04356735057984189,0.012434184371534087
2012-05-31,0.6332916205239384,-0.042367879986939784,0.012487767420454531
2012-06-01,0.6333098286188864,-0.042685780325938436,0.012410785012531745
2012-06-04,0.644017642621161,-0.0371676764223043,0.012558877967055609
2012-06-05,0.644017642621161,-0.0370844607040166,0.012610301977698227
2012-06-06,0.644017642621161,-0.037104496539648216,0.012598748563505931
2012-06-07,0.644017642621161,-0.0373236126342857,0.012486347587201987
2012-06-08,0.644017642621161,-0.03709949202075143,0.012640882783843427
2012-06-11,0.644017642621161,-0.037617170073946674,0.012411739465670627
2012-06-12,0.644017642621161,-0.03821400072409047,0.012156970260793896
2012-06-13,0.644017642621161,-0.0379468463525605,0.012347966601070277
2012-06-14,0.644017642621161,-0.0378042327931329,0.012439832547225013
2012-06-15,0.6424067667457288,-0.037989080319308664,0.012410702169649327
2012-06-18,0.6416945207944971,-0.03773336390965926,0.01241766396515686
2012-06-19,0.6435077776429076,-0.037822149274371726,0.012166560124332574
2012-06-20,0.6433363954262161,-0.03754171459332297,0.012321533015148286
2012-06-21,0.6366723271978983,-0.03737111284409838,0.01262695558815576
2012-06-22,0.6375957113050936,-0.03877368338721078,0.011957573492468919
2012-06-25,0.6330406655170628,-0.039558839771180083,0.012031766370571477
2012-06-26,0.6320374165577125,-0.039558839771180083,0.011848527116413219
2012-06-27,0.6355200665174058,-0.03953721180358805,0.011672003615282865
2012-06-28,0.6360318865044718,-0.03931537068212225,0.01192633944986827
2012-06-29,0.6511685341037917,-0.03918212410440857,0.010766125984173102
2012-07-02,0.6476968027509287,-0.039079692865951136,0.01109668110373934
2012-07-03,0.6493736920945635,-0.039242674491720704,0.01099398360299717
2012-07-05,0.6489002133541714,-0.039059824109223276,0.011066338808328996
2012-07-06,0.6492252105922853,-0.03851794905780544,0.011760782081891763
2012-07-09,0.649251605416049,-0.03873554291367565,0.011740306823750898
2012-07-10,0.6441083449094283,-0.039280442268529905,0.011600933118877235
2012-07-11,0.6429765510763785,-0.037568877376602,0.014492694621927073
2012-07-12,0.6436771128609099,-0.038680116580598105,0.012874509808834856
2012-07-13,0.6468285280128284,-0.03784413345621951,0.014046375448313178
2012-07-16,0.6470103099827982,-0.038879464000963405,0.01128983351133819
2012-07-17,0.6466681963290661,-0.034645640807498636,0.014094205345274544
2012-07-18,0.6415149856765853,-0.02399071261729676,0.030554467250183355
2012-07-19,0.6403922050392697,-0.023291261762989336,0.0326622966621411
2012-07-20,0.6421954569413328,-0.01711239030277834,0.03578396777551567
2012-07-23,0.6469682846047098,-0.01674891651439146,0.031392555643456874
2012-07-24,0.6485229208771128,-0.013754185973752837,0.0325839902089006
2012-07-25,0.6489002896592343,-0.013101433212699637,0.0323723425377852
2012-07-26,0.6418210256516698,-0.018515678678486698,0.026416309709357693
2012-07-27,0.6501737191931191,-0.018557360769591205,0.025531022770104
2012-07-30,0.6502587151780788,-0.018185402584276776,0.026901441629715826
2012-07-31,0.6496420771894318,-0.018261974989298616,0.025752383718991374
2012-08-01,0.6497794552136047,-0.0170575531465652,0.03140307541230166
2012-08-02,0.6501613315301541,-0.01695151261567041,0.031427304493298905
2012-08-03,0.6569321525331472,-0.01739029978948955,0.030720658264154748
2012-08-06,0.6563194214692973,-0.01698943481709506,0.030881702792695913
2012-08-07,0.656610607409296,-0.015368069532115829,0.03322295185702694
2012-08-08,0.65657182266769,-0.014795590068662764,0.033685761353225104
2012-08-09,0.6564201352141805,-0.012890516448785813,0.03677018361717931
2012-08-10,0.6564016845124724,-0.01474654829390351,0.03644020391061972
2012-08-13,0.6561286536198905,-0.015097914397335047,0.036257998002271224
2012-08-14,0.6561110300374042,-0.014360687800726194,0.03692074415220542
2012-08-15,0.6560341429387203,-0.013512597837430841,0.037730095107404465
2012-08-16,0.6568881114284923,-0.013238387001258844,0.03782556897391283
2012-08-17,0.656657927358822,-0.011930124174692998,0.03937731391016661
2012-08-20,0.6565682666087711,-0.011012263396920435,0.04031902081566694
2012-08-21,0.656930101316902,-0.01171441974932852,0.03986819163491611
2012-08-22,0.65655869752853,-0.01620179239823862,0.04275980164744006
2012-08-23,0.6581373246599815,-0.026128611852556778,0.03722040271892952
2012-08-24,0.6586175792894274,-0.025610397076228794,0.03764794682844248
2012-08-27,0.6585287429089526,-0.02381087425030817,0.04114947032374037
2012-08-28,0.658511565153902,-0.026644281026579397,0.04073481387916918
2012-08-29,0.6585001243709655,-0.02491567016270973,0.04560708224625014
2012-08-30,0.6600823799960003,-0.025501378016178515,0.045428946740329
2012-08-31,0.6603706038749243,-0.01746122690864316,0.05536457115491359
2012-09-04,0.6604253308348477,-0.015778202690706657,0.060799831559873535
2012-09-05,0.6604782568771306,-0.015792624465021676,0.06083241659425506
2012-09-06,0.6678279026520194,-0.013946714728611018,0.06998496917138054
2012-09-07,0.6672676278013606,-0.005396025076265793,0.06892107196532825
2012-09-10,0.6681374652373138,-0.0014735465671777005,0.07714103124477308
2012-09-11,0.6677811562257662,-0.003785457672775397,0.0780515147666663
2012-09-12,0.6678468543557367,-0.00246195567962618,0.07978936745227454
2012-09-13,0.6709140493033763,0.024735127087234608,0.10164148328144154
2012-09-14,0.6745607202643419,0.024025790325249863,0.12707196758178363
2012-09-17,0.6761134069054526,0.029334997160237946,0.11997366475719203
2012-09-18,0.6760281753410782,0.02606741701433765,0.12159079007301248
2012-09-19,0.676115797230196,0.02857992118402491,0.13207885458055882
2012-09-20,0.6809797839507415,0.027522467626060292,0.11049825973094513
2012-09-21,0.70025585963336,0.02532384061621499,0.014563213504345208
2012-09-24,0.7028345614634158,0.025474339763501882,0.04131238442683425
2012-09-25,0.7086063750270065,0.028268202868473258,0.04557232689896893
2012-09-26,0.7120358498229263,0.033048634495145085,0.052660253973541606
2012-09-27,0.7171416919214576,0.04590590736304959,0.07372301420925571
2012-09-28,0.7202835347559803,0.04785697367974483,0.0765714375132184
2012-10-01,0.719937782187406,0.04808013288593788,0.07584284751992369
2012-10-02,0.7198094137348438,0.048049159199195675,0.07537800474872429
2012-10-03,0.7198610832632442,0.04841524273809103,0.07617582837684532
2012-10-04,0.719878557580701,0.052481656414673374,0.07770657002693782
2012-10-05,0.7194439315066954,0.0530587199915244,0.08191406396217449
2012-10-08,0.7195233943552074,0.05492111876922515,0.08604964975375697
2012-10-09,0.7216698082292606,0.06281871895690389,0.09634510060578087
2012-10-10,0.7209049007552367,0.06377501131882059,0.09641686306423394
2012-10-11,0.7208993993747714,0.06348271915112304,0.09606063341758159
2012-10-12,0.7206986447931358,0.0669016426573381,0.09608498485100722
2012-10-15,0.7157484863180527,0.05860324874556639,0.09722214344944956
2012-10-16,0.7158563370234379,0.06406287893674277,0.09628448592097895
2012-10-17,0.7127899493240496,0.06541134809565229,0.09713448721423969
2012-10-18,0.7165051693170629,0.06710660230939758,0.09765993128914795
2012-10-19,0.7130760906025102,0.08873538999376604,0.0971671851222439
2012-10-22,0.7102113267296664,0.09011225061337931,0.09802310333294649
2012-10-23,0.7050240745531317,0.09076451722802899,0.09999829137382692
2012-10-24,0.6977501260185666,0.0911754548710302,0.1006037249458987
2012-10-25,0.7003497296486659,0.09161814097406402,0.10056986308238888
2012-10-26,0.6838711538022109,0.0958268743526916,0.10402390511060522
2012-10-31,0.6839745938849099,0.09581993514800546,0.10408241093691993
2012-11-01,0.6735263853939495,0.09609300064947664,0.10453426147729433
2012-11-02,0.6789192840560487,0.09605638051790759,0.10621179396248463
2012-11-05,0.6772229367905863,0.0971440306135698,0.10676913320847975
2012-11-06,0.6687874428260233,0.09825908035867427,0.10917146410120698
2012-11-07,0.6656174433005062,0.09815990761037068,0.10910707588000879
2012-11-08,0.6649242071990318,0.0984662184356737,0.10955294012183858
2012-11-09,0.66198780101386,0.09935974056443665,0.11049619313252323
2012-11-12,0.6277280638528742,0.10258032071967799,0.11486478663552119
2012-11-13,0.6302157548340429,0.1031823586818685,0.11484813353333137
2012-11-14,0.6211231762109907,0.10503511026844868,0.11726072315123673
2012-11-15,0.6191381923626564,0.10505213864101377,0.11724062686383892
2012-11-16,0.6191176325385401,0.10529992564259667,0.11826925855480198
2012-11-19,0.6105147349577994,0.10571313181345028,0.11913025198087322
2012-11-20,0.610290397608207,0.10565111822866764,0.11908998994617671
2012-11-21,0.610290397608207,0.10565111822866764,0.11908998994617671
2012-11-23,0.60641137606567,0.10463257298153053,0.11908998994617671
2012-11-26,0.6063733819256796,0.10468400387305091,0.11908998994617671
2012-11-27,0.6059634393677101,0.10475173533416304,0.11908998994617671
2012-11-28,0.6043816114311198,0.104261677735735,0.11908998994617671
2012-11-29,0.6038038131609345,0.10403666578312731,0.11908998994617671
2012-11-30,0.6037979394914328,0.10403049144722726,0.11908998994617671
2012-12-03,0.6416083446422236,0.11183677730885189,0.11908998994617671
2012-12-04,0.6415982173559149,0.11187061490654446,0.11908998994617671
2012-12-05,0.6414577559914634,0.11177088269050982,0.11908998994617671
2012-12-06,0.644369616597778,0.11249204808626947,0.11908998994617671
2012-12-07,0.644055797586355,0.11236004388641647,0.11908998994617671
2012-12-10,0.6445043215377694,0.11253235591441994,0.11908998994617671
2012-12-11,0.6549183788893825,0.11351604222208156,0.11908998994617671
2012-12-12,0.6631009880368511,0.1154187168125347,0.11908998994617671
2012-12-13,0.6677499650306008,0.11597717631102472,0.11908998994617671
2012-12-14,0.6696836310714548,0.11614572862190467,0.11908998994617671
2012-12-17,0.6658874179899968,0.11502015765867249,0.11908998994617671
2012-12-18,0.6693464355029871,0.11405854364610316,0.11762305416650176
2012-12-19,0.6703075375061716,0.11404255732448697,0.1176738181425527
2012-12-20,0.6692600838802049,0.1136974546647715,0.11767407724444452
2012-12-21,0.6982170310872688,0.11890032451490808,0.11746725962556134
2012-12-24,0.6986167135022638,0.11904512982264781,0.11751598347065209
2012-12-26,0.7018476464193829,0.11982448489106977,0.11742777407428891
2012-12-27,0.7046581405172846,0.1206068349792919,0.11746980915180111
2012-12-28,0.7077095762711856,0.12040849464231503,0.11733763507503978
2012-12-31,0.7204649956828845,0.11872559581467519,0.1144037465702345
2013-01-02,0.7402459393086844,0.11545494060579498,0.10883111699939968
2013-01-03,0.7410167580671452,0.11545625300151179,0.1088876255955006
2013-01-04,0.7471904112279147,0.1170002734432857,0.10895014829958223
2013-01-07,0.74706166952792,0.11712440583312929,0.10893972667474279
2013-01-08,0.7474472662976871,0.11731136312844329,0.10939788082616098
2013-01-09,0.7487679119745099,0.11713398595442512,0.10937969414896698
2013-01-10,0.7504735467881362,0.1166591866235369,0.10896935394021104
2013-01-11,0.7495074507334208,0.1173348489286882,0.1093804684105062
2013-01-14,0.7493071617728624,0.11737663714320715,0.10953028078511619
2013-01-15,0.748336364978378,0.11746309752571403,0.10978922146840003
2013-01-16,0.7473334664579779,0.117420967994405,0.10952007883044713
2013-01-17,0.7478640986400699,0.11719810691397478,0.1099178282680147
2013-01-18,0.7446027600882077,0.11809545337122306,0.11117529456702624
2013-01-22,0.7437206365175534,0.11808502663786938,0.11148756823040865
2013-01-23,0.7442423382232871,0.11821678379104228,0.11107711742440059
2013-01-24,0.738984447162373,0.11815015483672371,0.11074330545884485
2013-01-25,0.7393133723601867,0.11776027314865047,0.11041131021235995
2013-01-28,0.7373906128638992,0.11844355881850525,0.11141774579366057
2013-01-29,0.7364844101634305,0.1181812134637427,0.11134566244373514
2013-01-30,0.7370629174882345,0.1182250700863643,0.11153952585546509
2013-01-31,0.7378568989435952,0.1182202976219972,0.11162633582906595
2013-02-01,0.7401651018180715,0.11731468115000358,0.11067552795644554
2013-02-04,0.7401027759817562,0.11776282361748906,0.11126901758221126
2013-02-05,0.7368593745957267,0.11681411317157397,0.10969242502008694
2013-02-06,0.7331469067759439,0.16388791387866206,0.15379069569960518
2013-02-07,0.7330669399738122,0.16353758873743718,0.15338242755854134
2013-02-08,0.7336079931645747,0.16390567974797055,0.1540330193084104
2013-02-11,0.7335300273207531,0.16778824764700506,0.16042175696938643
2013-02-12,0.7334599852525898,0.16823526874247957,0.16411401103787399
2013-02-13,0.7319309592943167,0.16234683297529198,0.1587160558803924
2013-02-14,0.7306937734269505,0.16078415195968582,0.15692063504533238
2013-02-15,0.7313263049644493,0.16021811046152734,0.15799400054737175
2013-02-19,0.731501054703925,0.16517601378018915,0.1647501375928133
2013-02-20,0.7331724729816116,0.16702908115752238,0.16699016387335158
2013-02-21,0.7338496162515272,0.1688391005765497,0.1652540829203431
2013-02-22,0.7310618847253129,0.18123801727781003,0.16967847509650175
2013-02-25,0.7197584326968982,0.1901769625102303,0.182611598185509
2013-02-26,0.717966360906727,0.1895984489371386,0.1826595233164512
2013-02-27,0.7132574551218869,0.19004115579999895,0.18581144390245402
2013-02-28,0.7131333020921082,0.19104320584555726,0.18669882265984072
2013-03-01,0.7138620777826044,0.19056025225759401,0.17417656855110766
2013-03-04,0.7125368871012433,0.1873138861115347,0.17098598965688766
2013-03-05,0.713877826163512,0.18679752353228926,0.17004750149341077
2013-03-06,0.7135442073444078,0.18672394703056364,0.17006717288251183
2013-03-07,0.7133667478462618,0.1866531848144293,0.17031007543968205
2013-03-08,0.7102339229600775,0.18761315345455312,0.1705983044418534
2013-03-11,0.709371300576542,0.18796795237506214,0.171102218679883
2013-03-12,0.7074329193272993,0.18904977174680251,0.17228694370516168
2013-03-13,0.7069659676480267,0.18922276973359728,0.17257949458812194
2013-03-14,0.7072025847364297,0.18884849689089714,0.17240577697508988
2013-03-15,0.6996191750242677,0.1920055174435133,0.17554604038459218
2013-03-18,0.70045009367833,0.19189970872634887,0.1757973402382729
2013-03-19,0.7005000485274295,0.19237635271373213,0.17599877872419678
2013-03-20,0.7016641847236142,0.19182256156695532,0.1753713413765679
2013-03-21,0.7039601976375207,0.1917380220446831,0.1754560061894009
2013-03-22,0.7064132200369232,0.1909504917708706,0.17452064453350605
2013-03-25,0.7069787253411766,0.1909094883166807,0.17456107036091673
2013-03-26,0.7081353860104089,0.19035517811096353,0.1741186680118351
2013-03-27,0.7084614181903707,0.19053473821438582,0.17404090181389875
2013-03-28,0.7033477993716857,0.19238404257579472,0.17674046521644413
2013-04-01,0.7048274919347864,0.19236081022860235,0.17671708237907183
2013-04-02,0.7047728321417919,0.1920632437926243,0.17594911611580938
2013-04-03,0.7070616872035446,0.1915052386233151,0.1756424715209981
2013-04-04,0.7078630246498392,0.19151274192398557,0.1755886381193553
2013-04-05,0.707286755104705,0.19214699945153896,0.17654836560633091
2013-04-08,0.7084553880662166,0.1915761752583205,0.17613979778108554
2013-04-09,0.7051754527412222,0.19187527591094664,0.17642395552892542
2013-04-10,0.7105930652947153,0.1902885280580663,0.17352437821448988
2013-04-11,0.7084658334121859,0.19080762326565623,0.17367558404668482
2013-04-12,0.6988148715959158,0.19269622661714067,0.17708574821615214
2013-04-15,0.7123709254497497,0.18971732924701046,0.17487398939047305
2013-04-16,0.7215455315199508,0.1892942741565243,0.17316481258678215
2013-04-17,0.7322092843475917,0.1888062383765532,0.17119503632806457
2013-04-18,0.7321798802053702,0.18866803271073063,0.17123836978068532
2013-04-19,0.7365001467627013,0.18997923310630685,0.17123836978068532
2013-04-22,0.7363302076732319,0.1896825311387002,0.17123836978068532
2013-04-23,0.7345650938484816,0.18868734057789172,0.17123836978068532
2013-04-24,0.7346220257584929,0.18873546900876162,0.17123836978068532
2013-04-25,0.7365009942978565,0.18881402282706758,0.17123836978068532
2013-04-26,0.7367499232760805,0.18905853066229736,0.17123836978068532
2013-04-29,0.7432376239899474,0.1903949826560122,0.1705786389679501
2013-04-30,0.7441318465466025,0.19087251468161368,0.1699815270296511
2013-05-01,0.7445485955681951,0.19057587877110732,0.16999323868497476
2013-05-02,0.7468232639371065,0.1896202113448925,0.16852050810858596
2013-05-03,0.7500378427738413,0.18900045879624167,0.1672399496826527
2013-05-06,0.7503773596271388,0.18886446458222408,0.16701881675757776
2013-05-07,0.7512926400726118,0.18877123193022488,0.1670345705729361
2013-05-08,0.7601771847165825,0.1901564492783747,0.16673089161040072
2013-05-09,0.7602094289021438,0.19018821842711134,0.16676331542443004
2013-05-10,0.7607591103025303,0.19004507252063885,0.16633257950018973
2013-05-13,0.761980246507099,0.19015700170702057,0.16628411696908543
2013-05-14,0.7620771856148372,0.18911335718997135,0.16595045637087877
2013-05-15,0.7622431536884388,0.1887460107294241,0.16586056073164
2013-05-16,0.7713127245896703,0.19053645845761258,0.1658869628458753
2013-05-17,0.772733649311089,0.18953418487510376,0.1650047138513719
2013-05-20,0.7727561502971805,0.18953597939322966,0.16503652164227073
2013-05-21,0.7727528754639109,0.18948656606251146,0.16499614152101788
2013-05-22,0.7742265825666343,0.18920433875200304,0.16478978944767517
2013-05-23,0.7743806690107803,0.1892037044061356,0.16482863708409579
2013-05-24,0.774393187583855,0.189218160718796,0.16484378484857554
2013-05-28,0.7748961285455584,0.18878569328178368,0.1643772807982851
2013-05-29,0.7754032565877009,0.1885946905392741,0.16438615457149372
2013-05-30,0.7755096230210771,0.18839804601156376,0.16404979145510426
2013-05-31,0.7769105750321111,0.1870948123052518,0.16381987600779102
2013-06-03,0.7766319812590645,0.1867236578652119,0.16374551571476592
2013-06-04,0.7772213779930632,0.18665904546376463,0.16374486761492718
2013-06-05,0.7781141510679008,0.18549024264677727,0.163589691004909
2013-06-06,0.7756984230419286,0.18464212561556242,0.163589691004909
2013-06-07,0.7709073981811213,0.18312082390275283,0.163589691004909
2013-06-10,0.7709069105246038,0.18312130351321176,0.163589691004909
2013-06-11,0.767365374383416,0.18258861025021192,0.163589691004909
2013-06-12,0.765096860089495,0.18229554751610524,0.163589691004909
2013-06-13,0.7584486077456808,0.18026360933390928,0.163589691004909
2013-06-14,0.7571509182216446,0.18014050860201894,0.163589691004909
2013-06-17,0.7555535638447864,0.1795340908819616,0.163589691004909
2013-06-18,0.7538975553072716,0.1789091060469482,0.163589691004909
2013-06-19,0.7504665326991714,0.17877304226098875,0.163589691004909
2013-06-20,0.7340671668241728,0.17542393189985916,0.1642114218274336
2013-06-21,0.7321784436302854,0.17613202902497177,0.16520072568052996
2013-06-24,0.728028379851136,0.1754244152605627,0.16523049416226462
2013-06-25,0.7358225344567445,0.17456490235575178,0.1683547939469033
2013-06-26,0.7326042779056022,0.1741733782827198,0.16942604822706436
2013-06-27,0.7394440660644321,0.1737767626956798,0.1713282947498333
2013-06-28,0.7403807085144286,0.17378017886293232,0.1718029621796398
2013-07-01,0.7387638020928693,0.1740539536846056,0.172257610521311
2013-07-02,0.7405472870270119,0.1740453692575363,0.17277465533349878
2013-07-03,0.7282269780752314,0.17844478620696078,0.18136106713013567
2013-07-05,0.7250413099619241,0.17752048801343975,0.18153446084000538
2013-07-08,0.7234403813075738,0.17761664969705313,0.18240230370106258
2013-07-09,0.7229910942307185,0.17709382792931094,0.1824271298250775
2013-07-10,0.7196483149267601,0.17742822504073852,0.18298565816237425
2013-07-11,0.723112053196309,0.1758359959899115,0.17908168900038168
2013-07-12,0.7202313398327179,0.17610049262953473,0.17923754049049617
2013-07-15,0.7211009240812776,0.17591349100225306,0.1791943461238128
2013-07-16,0.7204966916547934,0.1759480327063124,0.17963498746557746
2013-07-17,0.7152256997248191,0.17813417670825063,0.1818852275376085
2013-07-18,0.7128949968709669,0.17777118961324406,0.18188942417593082
2013-07-19,0.7076487319813675,0.17819671690494004,0.18172863637759992
2013-07-22,0.7072499659404338,0.1786824212531133,0.18354113057308757
2013-07-23,0.7092589652111966,0.1788205248738941,0.1847445185461705
2013-07-24,0.7046088528071407,0.17916019527215948,0.18561732467486716
2013-07-25,0.7007965067388895,0.17950912670742278,0.18593977600164763
2013-07-26,0.6979233124756199,0.1797778728780266,0.185813370303517
2013-07-29,0.6994488921203317,0.17979270204863865,0.1860284690480157
2013-07-30,0.6931743223234546,0.18213986127461354,0.1876222977579123
2013-07-31,0.6837507128175294,0.18509908760122198,0.19366871234008087
2013-08-01,0.6866241062917815,0.1838014099219479,0.1922864231134036
2013-08-02,0.6871727441849999,0.18392203253169237,0.19178388436931876
2013-08-05,0.686937747110528,0.18392666307422967,0.1917476728492919
2013-08-06,0.6875190598977783,0.18401051395050186,0.19160120254429028
2013-08-07,0.6777255460612923,0.18752868857147745,0.19586037912759013
2013-08-08,0.6790930677032248,0.1874075521468494,0.1962963277980596
2013-08-09,0.6792286667962582,0.18774867134857964,0.19727946902831694
2013-08-12,0.678690931349545,0.18781350170679276,0.19712462360980437
2013-08-13,0.6788550019330312,0.18769436934222317,0.19679897595872922
2013-08-14,0.6796039796580374,0.18769262690417787,0.1968088270949165
2013-08-15,0.683398749731458,0.18656088155347764,0.19650447882050326
2013-08-16,0.6831095433049424,0.18199557018454782,0.1951361243888982
2013-08-19,0.6820714589800309,0.18655201572080277,0.19496482920795913
2013-08-20,0.6803464449849987,0.18889667952306308,0.19626276522399033
2013-08-21,0.6796565805160688,0.19190737233914967,0.19652966870922095
2013-08-22,0.6775534352444607,0.1979333094590894,0.19517364613490715
2013-08-23,0.6768114347646847,0.20389735014104637,0.1952116727222726
2013-08-26,0.6770467583195884,0.20486732368271138,0.19079017966868123
2013-08-27,0.6677557268724593,0.18855303534618095,0.2035911601649577
2013-08-28,0.6665514202303369,0.18823837547329336,0.2037388578203637
2013-08-29,0.6666172116916504,0.1862006159282876,0.2043174392838079
2013-08-30,0.666371994810037,0.18982382892317726,0.20218101025955076
2013-09-03,0.6658601788946705,0.19372794291197643,0.19660873903362203
2013-09-04,0.6619644492272992,0.17258665228864034,0.19222280826531507
2013-09-05,0.6614562143221228,0.16198150094435806,0.17301185860988658
2013-09-06,0.6613811291662521,0.15642895179066504,0.1667401895771871
2013-09-09,0.6637814574782913,0.1530475204844459,0.16216304182505606
2013-09-10,0.6520301678402266,0.12346789894942856,0.1340613608207336
2013-09-11,0.6520898313545205,0.12147875817027706,0.15124345460751268
2013-09-12,0.6514802160481691,0.11620602335121095,0.1251958441849093
2013-09-13,0.6521079975883424,0.11560200008265563,0.12678772452498946
2013-09-16,0.6493638658536609,0.10648763601940654,0.13046926979983064
2013-09-17,0.6432482799274889,0.06961903457046886,0.09151167312100607
2013-09-18,0.6474124235083042,0.11190823891299492,0.14378935901403803
2013-09-19,0.647089928649446,0.10903264417371167,0.14402417711558288
2013-09-20,0.6480295053771392,0.12871217941267427,0.14972036876125264
2013-09-23,0.6484073802254221,0.13030349390818957,0.1504732445378854
2013-09-24,0.648255234176709,0.1297693621975778,0.15018589394091658
2013-09-25,0.6487329981661869,0.1256490891934296,0.14456701301622307
2013-09-26,0.648892022765498,0.12140479650282744,0.13224124774423499
2013-09-27,0.6441493553181001,0.11356081678165925,0.12793322949717997
2013-09-30,0.6430731317910232,0.11369440072823125,0.12432073945688192
2013-10-01,0.6423774567549408,0.09990857683602301,0.0974676481150587
2013-10-02,0.6414474166641547,0.09853846091066361,0.09501945544092938
2013-10-03,0.6457591227090628,0.09739321840808746,0.09454960225033712
2013-10-04,0.6476106957420202,0.09742341004620485,0.09477566083346749
2013-10-07,0.6501378218930536,0.09613509366578955,0.09261724161944175
2013-10-08,0.6512219071050585,0.09046739999660319,0.0896426025129572
2013-10-09,0.6521784286805723,0.09032168301019897,0.08565771939507731
2013-10-10,0.6403866433643843,0.08805125535432398,0.08206866348800014
2013-10-11,0.6352198053180405,0.08157910247240838,0.07151196945978884
2013-10-14,0.6357382806670994,0.08123878244613844,0.07144984538579266
2013-10-15,0.634514674908116,0.08100204921910927,0.0717094286975426
2013-10-16,0.6390546721404736,0.07781607257899395,0.07133818155760063
2013-10-17,0.6418969951580296,0.08695141130131011,0.071113458943775
2013-10-18,0.6433512157296386,0.08067683216133244,0.07127810874687536
2013-10-21,0.6436992165101374,0.08033927271853734,0.07139171882229606
2013-10-22,0.6436486670607314,0.07882099432691247,0.07112608791219666
2013-10-23,0.6515164592497574,0.057106037372924925,0.07054175320870865
2013-10-24,0.6516332621413679,0.05713483830162371,0.07054376846908679
2013-10-25,0.6567927287277704,0.05784329283423331,0.07049816684053328
2013-10-28,0.6568094317449416,0.05793328123338017,0.07048402654503501
2013-10-29,0.6572583916706839,0.05792944670158473,0.07051038930693106
2013-10-30,0.6575449337202283,0.057796009546877136,0.07045464222990541
2013-10-31,0.6578833483394012,0.05772806426718449,0.07038982060321453
2013-11-01,0.6608029797883163,0.05782832362312757,0.07039894515933058
2013-11-04,0.6628103655360688,0.05820139657747407,0.07042159944917899
2013-11-05,0.6621148907555197,0.05809588228239145,0.07044328404164803
2013-11-06,0.6629799953096016,0.05813093764588873,0.07043799266935451
2013-11-07,0.669468150013358,0.05801404102514082,0.07003746119902907
2013-11-08,0.6644888108581841,0.05782644073978235,0.07003746119902907
2013-11-11,0.6644870502368565,0.05782899537435758,0.07003746119902907
2013-11-12,0.6643921486399076,0.05778358440575004,0.07003746119902907
2013-11-13,0.6659353657828089,0.05777594355537048,0.0698104981524232
2013-11-14,0.6661628275691048,0.0578064662361288,0.06983682317343935
2013-11-15,0.6662504742344781,0.05783976103511273,0.06986355128083752
2013-11-18,0.6660955628000774,0.05774943334281852,0.06928312855523816
2013-11-19,0.6664180378722412,0.05769996575380315,0.06919170852446394
2013-11-20,0.6667994484983928,0.057622369723235395,0.0691200978922326
2013-11-21,0.668345619857802,0.05761594672621223,0.06892524937740095
2013-11-22,0.6733021468452679,0.057797578680078135,0.06892342455269727
2013-11-25,0.6728332433941159,0.05782551666359567,0.06895047925680571
2013-11-26,0.6723296258864496,0.05798074849282723,0.06895323165655232
2013-11-27,0.6734395488867815,0.058017506581449406,0.06891173286664638
2013-11-29,0.6721333244358291,0.05797281759752133,0.0689001747364744
2013-12-02,0.6725185320002293,0.05790785300672818,0.06880674937208625
2013-12-03,0.6730002430166632,0.057931407820898354,0.06878711652321588
2013-12-04,0.6729506019498264,0.05795894966523833,0.06880332282535735
2013-12-05,0.673143370709909,0.05781330189959037,0.06877019919449015
2013-12-06,0.6753134976109284,0.05768870721009683,0.06872226798029517
2013-12-09,0.6755872655124548,0.057686390776597395,0.06874533328792548
2013-12-10,0.6755703492708014,0.057587572018459786,0.06872886326547223
2013-12-11,0.6815159421276958,0.05709749972636505,0.06784837780980159
2013-12-12,0.6819256252247077,0.05700962774375271,0.06777163583151395
2013-12-13,0.6828229670483518,0.05719581723667364,0.06773934779154152
2013-12-16,0.68383094334343,0.057309643701195435,0.06774007287210347
2013-12-17,0.688061302984641,0.05734377662491204,0.06768523258680796
2013-12-18,0.6896561654694778,0.057067208975693916,0.06783348715902436
2013-12-19,0.6887105771358667,0.057295094131485085,0.06790389129386326
2013-12-20,0.6899298538279728,0.057294788555660316,0.06773609472522286
2013-12-23,0.6868010770014726,0.057663272720577155,0.06816938826424039
2013-12-24,0.6863843191591608,0.057766686255996035,0.06823524832414184
2013-12-26,0.6860889045231859,0.05791304739650964,0.06873832776033927
2013-12-27,0.6858131253611338,0.057940121373154456,0.0687030025624348
2013-12-30,0.6821110225791447,0.05840348187435948,0.06922207380778371
2013-12-31,0.6743881935442629,0.05881285218299927,0.07047829326484958
2014-01-02,0.6563858008471339,0.05956925836488439,0.07368867631465198
2014-01-03,0.6544158095221551,0.05962020728656082,0.0735234436875919
2014-01-06,0.6574270494442087,0.059515933601329694,0.07350280018739211
2014-01-07,0.658444122136327,0.059599802302637166,0.07331260548636254
2014-01-08,0.657862326821771,0.05967719023388152,0.07340440459001739
2014-01-09,0.6572753611133401,0.059658078580740265,0.07325464859838596
2014-01-10,0.656104038000004,0.05970525890289568,0.07330836314504555
2014-01-13,0.6633850813232767,0.05902157645265743,0.0719734508120644
2014-01-14,0.6658170985267134,0.058934204021599206,0.07101784511450589
2014-01-15,0.6674753525092854,0.05894784973213054,0.07112968528681239
2014-01-16,0.6682748143823509,0.05892296208696168,0.07111003970415164
2014-01-17,0.6685153878638338,0.058791913367382334,0.07084124933677846
2014-01-21,0.6687143463889517,0.05879543574214692,0.07083845522861615
2014-01-22,0.6687617801549419,0.058782302176960885,0.0708429359949823
2014-01-23,0.670274807717003,0.058454083339627975,0.0707405818607028
2014-01-24,0.6916513830156914,0.0570226025541035,0.0698133747849722
2014-01-27,0.691541788562787,0.05686812387012385,0.06923657627778929
2014-01-28,0.6905974336640753,0.05690700165408199,0.0691967486775848
2014-01-29,0.6935127395624671,0.05651675038841316,0.06882079415726362
2014-01-30,0.6899214194695643,0.05653354786611729,0.06887969031467427
2014-01-31,0.6888582015155498,0.05641655268832879,0.06894446722522377
2014-02-03,0.6624856551359627,0.05401444853790498,0.06924957363639778
2014-02-04,0.6599284627095581,0.05443176551485944,0.06956832711534836
2014-02-05,0.6627251552201788,0.05448795085342019,0.06956832711534836
2014-02-06,0.6586266804698793,0.054352151069819284,0.06956832711534836
2014-02-07,0.6546005277764587,0.05425511453962391,0.06956832711534836
2014-02-10,0.6539256986014503,0.054726794286930246,0.06914462411636903
2014-02-11,0.6508451809610327,0.06713953903590157,0.06728923202489716
2014-02-12,0.6520989835625428,0.06711709726899795,0.06734694871688746
2014-02-13,0.6530040541200456,0.07077166280382066,0.07305629544981027
2014-02-14,0.653034092519441,0.07645318670013691,0.07442891534824066
2014-02-18,0.6524455062676622,0.07651152419127165,0.0754627969146353
2014-02-19,0.6527709491516474,0.08308972400718312,0.08405003155994768
2014-02-20,0.6477760211731395,0.0884937403907748,0.0901327537040463
2014-02-21,0.6477883831806396,0.08863694256376643,0.09017885619194109
2014-02-24,0.6510022749847795,0.09356657137232181,0.0960177100963755
2014-02-25,0.6593394513836851,0.09448998958391473,0.09557315848010849
2014-02-26,0.6606748399822523,0.09491113426755866,0.09688961393885158
2014-02-27,0.6656317339528474,0.09573186034493644,0.09717276894658768
2014-02-28,0.6651476600274575,0.09474833870521872,0.09813956977941742
2014-03-03,0.6673995224984649,0.07456088142671652,0.07282764339842544
2014-03-04,0.6730693553692415,0.05650457472493522,0.052608023659977445
2014-03-05,0.6711864968932203,0.05672843652360147,0.05360934477666629
2014-03-06,0.671380863500845,0.05781837178818638,0.05121416341022473
2014-03-07,0.6703179822185334,0.05789591554199778,0.05692415203146014
2014-03-10,0.6704153285811574,0.05792858902376868,0.056934918199435545
2014-03-11,0.6710929506055958,0.05458831434043636,0.05331264773580668
2014-03-12,0.670310522564371,0.05306957907711404,0.058000530522677764
2014-03-13,0.6749820327847048,0.04894318859545692,0.05137576638698311
2014-03-14,0.6749737583404019,0.04665383220653824,0.04886831013302908
2014-03-17,0.6726235936883659,0.03701609324520317,0.04929678681545101
2014-03-18,0.6708526733369645,0.031840724897717075,0.049690788916773206
2014-03-19,0.6700365314119394,0.04235548043378814,0.05004197793243436
2014-03-20,0.6679374345467167,0.041509900861962226,0.05034721287097036
2014-03-21,0.6649842273541972,0.03940946636871412,0.050211656792544974
2014-03-24,0.6630125794822406,0.04337186593102973,0.0509911770584172
2014-03-25,0.6616866128443373,0.04333778117853473,0.051020838330968384
2014-03-26,0.6595348987892939,0.043402411240478146,0.051124065837955354
2014-03-27,0.659568553880993,0.04340159540316134,0.05113314927436075
2014-03-28,0.6587250342038391,0.04337177690269108,0.051158491099744755
2014-03-31,0.6563022832072004,0.04325238601286783,0.051279731447882684
2014-04-01,0.6547183422196559,0.04321584126786124,0.05149227060786908
2014-04-02,0.6509196390809859,0.04332692617864218,0.05172465867552646
2014-04-03,0.6513017383456696,0.04336557704724002,0.05172571216297511
2014-04-04,0.6475635917448368,0.04319224615973785,0.051921711250608224
2014-04-07,0.64403933965219,0.04312283387229827,0.0520238725337055
2014-04-08,0.6435768208571889,0.04311273188793267,0.05218697984499443
2014-04-09,0.6370327430184265,0.043172387723073156,0.05349740454601581
2014-04-10,0.6278240949028019,0.04257853055009125,0.05349672768044158
2014-04-11,0.6261695924957054,0.04248686972600188,0.05349626091923225
2014-04-14,0.6066559377028292,0.04312267861270547,0.054833347235657505
2014-04-15,0.5984519795160129,0.04342192082751391,0.05553366765814756
2014-04-16,0.586051191898119,0.04351577522098456,0.05701620510553094
2014-04-17,0.5851148319774817,0.04355562043998861,0.05703939220696918
2014-04-21,0.5867222771145253,0.043675354226501255,0.05703939220696918
2014-04-22,0.5866968443164976,0.043673459454995636,0.05703939220696918
2014-04-23,0.5894530229495399,0.043878814487407686,0.05703939220696918
2014-04-24,0.5893140026016206,0.04386844534425416,0.05703939220696918
2014-04-25,0.5886667510737446,0.04382044372588145,0.05703939220696918
2014-04-28,0.5883080266624456,0.04379366798454742,0.05703939220696918
2014-04-29,0.5861294175583774,0.04383875495545245,0.05730315161374048
2014-04-30,0.5866245525712298,0.043831547269488486,0.05754359238224697
2014-05-01,0.5845070293135447,0.043934159840289345,0.05762741893005069
2014-05-02,0.58142175354812,0.04410950413139201,0.058356981488220175
2014-05-05,0.5773147091467549,0.044305483422729955,0.059016654451719594
2014-05-06,0.5757865249071598,0.04422313602760926,0.0590969396365833
2014-05-07,0.5758714305269161,0.04420501523924705,0.059096786784935185
2014-05-08,0.5752055213247214,0.044257448944760275,0.05921917479907739
2014-05-09,0.5748241399508385,0.04425266948415948,0.05922437614840448
2014-05-12,0.5780051440602537,0.044087554585119565,0.05835251639628691
2014-05-13,0.5780158422025394,0.04408693966647616,0.058358719895342505
2014-05-14,0.5774036182711239,0.044281537661615786,0.05838836940193641
2014-05-15,0.5806607187501635,0.04424976660269141,0.0581628253127477
2014-05-16,0.5805996261694611,0.044237469284176316,0.05795210379081323
2014-05-19,0.5772391971683318,0.044396475112883915,0.058156254947534895
2014-05-20,0.5785457813961029,0.04435106154275923,0.0581154470620516
2014-05-21,0.5812557719736138,0.044207812101941676,0.05769785866203651
2014-05-22,0.5785189307084596,0.044256619573616214,0.05790893706999922
2014-05-23,0.5783290438171794,0.04421973005642461,0.057677817754331985
2014-05-27,0.578567514337407,0.04413311500664509,0.056990336320168526
2014-05-28,0.577217753854567,0.04421584176852379,0.05715020210934827
2014-05-29,0.5764162504537147,0.04420360472499941,0.057049239842523254
2014-05-30,0.5759372456645464,0.04422926355672639,0.05717788692817538
2014-06-02,0.5689562248052529,0.04453575146612584,0.057518112264568586
2014-06-03,0.5690126781148837,0.04460717807782732,0.05753480099766578
2014-06-04,0.5676525629859966,0.04461978225938081,0.0575755708265867
2014-06-05,0.5630120043539086,0.04483480130563249,0.057548536994082786
2014-06-06,0.5660836896892241,0.04495338503579745,0.0574011848732304
2014-06-09,0.5703128339551957,0.04528120730586514,0.057399321804578365
2014-06-10,0.5701781102242003,0.045280889063711006,0.057385195758025316
2014-06-11,0.5721043021942667,0.04543677001109203,0.05738515500002564
2014-06-12,0.5762312955187633,0.04546787040868645,0.05704517746596391
2014-06-13,0.5827660532010506,0.04592494571229809,0.05700573984926891
2014-06-16,0.5833890350126358,0.0459791357000317,0.05700169226599226
2014-06-17,0.5850683068234926,0.04609420559313876,0.056999919193201694
2014-06-18,0.5884905824195116,0.046112683504932736,0.05686192033998585
2014-06-19,0.5924066715245369,0.04476464587283105,0.047454879911987796
2014-06-20,0.6075536133222323,0.04516505606078347,0.047234090961289055
2014-06-23,0.6079741237229124,0.044898715381947854,0.047011185537013264
2014-06-24,0.6118114001419864,0.04435380434667096,0.04679719131320682
2014-06-25,0.61543125143076,0.04460823745564166,0.04659745989103165
2014-06-26,0.6186747402977001,0.04527847684685968,0.046648440099913036
2014-06-27,0.6197985292777854,0.045337755829746335,0.046262936934326565
2014-06-30,0.6198281300253543,0.04360267542297436,0.04710233288262696
2014-07-01,0.6224336158594063,0.042004053897090624,0.043154326261596494
2014-07-02,0.6223642188013306,0.041969178436786,0.043110944744143814
2014-07-03,0.6231278969718039,0.04010023356894479,0.040029901990358725
2014-07-07,0.6278903003889912,0.04099524392909716,0.040587145847210786
2014-07-08,0.6309380995179759,0.04089158930816139,0.03977514273021702
2014-07-09,0.6333712505993269,0.043172951054961134,0.0441730481937722
2014-07-10,0.6348088704694771,0.04062446077321967,0.041643239122937534
2014-07-11,0.6264616396745373,0.04136397150625015,0.04431365085520162
2014-07-14,0.6280325509187864,0.030059917545153483,0.028334216765397897
2014-07-15,0.6281485724615662,0.03233334816739787,0.03303369889964988
2014-07-16,0.6282289495885683,0.03327081709184157,0.03425316241989469
2014-07-17,0.6345632831356657,0.013537955862475401,0.006179433286618353
2014-07-18,0.6412592967145454,0.0065974233397282965,-0.0071920232459227575
2014-07-21,0.6485160839593506,0.006258014015301955,-0.007824816146208958
2014-07-22,0.6490013699184087,0.00456370785259855,-0.010828990769583319
2014-07-23,0.6492230182811942,0.004364246122226084,-0.011691522940784635
2014-07-24,0.6511426207808229,0.004599079376822443,-0.010503856230316234
2014-07-25,0.6525011178716505,0.004680413671108952,-0.01035625827401014
2014-07-28,0.6532120438911353,0.004688505252502415,-0.010295608902450248
2014-07-29,0.6532335794144154,0.00470108725457996,-0.010297497293184967
2014-07-30,0.6538747860792175,0.004699267141198327,-0.010284394501074469
2014-07-31,0.6692966934803698,0.004855426271190586,-0.009661449149178158
2014-08-01,0.6609071166985658,0.005055194310747789,-0.00921449045061714
2014-08-04,0.6595349334483751,0.004978905508238269,-0.009148300570289022
2014-08-05,0.6572362365244421,0.005054769999757697,-0.009138727956782604
2014-08-06,0.6557942285257744,0.004991737407370596,-0.009250644717011723
2014-08-07,0.6505000084625111,0.0050745388806032864,-0.009280485905000415
2014-08-08,0.6463194645471644,0.004968645114085458,-0.009219800280727171
2014-08-11,0.6455165350657477,0.004901563125886079,-0.009291189823594335
2014-08-12,0.6460484842365481,0.004903902312187298,-0.0092586728671494
2014-08-13,0.6444243645632991,0.004851787227085594,-0.009192290637142702
2014-08-14,0.6426722318320401,0.004738637835353605,-0.009258313953184029
2014-08-15,0.6377546252347349,0.004619181385423606,-0.009434781915830588
2014-08-18,0.6395689651934424,0.006393312916272822,-0.009104108859954847
2014-08-19,0.6412830363098517,0.0034849183654877777,-0.009516095617227922
2014-08-20,0.6418559503374378,0.002236947951306208,-0.009249760070371565
2014-08-21,0.6428021619012556,0.000322358491579053,-0.009514453374975258
2014-08-22,0.6451637896425905,-0.0038892738051027518,-0.009084001757417956
2014-08-25,0.6460510998571152,-0.007824588993845883,-0.00788148576714961
2014-08-26,0.646281426426079,-0.006151607816281795,-0.00754176360021751
2014-08-27,0.6533872064806769,0.009120056799569225,-0.006745783823323476
2014-08-28,0.6539472742395466,0.00919371769545598,-0.006771423812210991
2014-08-29,0.6542247738960333,0.009670765777888045,-0.007314195085535184
2014-09-02,0.6538322620266438,0.006211727252075746,-0.008169643422173526
2014-09-03,0.6536217910610641,0.0014736272303729181,-0.007018613867326977
2014-09-04,0.6561386204195548,0.010961876649867457,-0.008207816220475716
2014-09-05,0.6567691355245024,0.01204411849557404,-0.01003964688754272
2014-09-08,0.6559608984067871,0.012613965959388743,-0.008804974373784991
2014-09-09,0.6549603230992516,0.014328373270497978,-0.006660483703189751
2014-09-10,0.6538324685647633,0.02572248252268868,0.0013538985799863036
2014-09-11,0.6548548342910656,0.025833289944595515,0.001239688021626366
2014-09-12,0.6562124744187928,0.0163820892453759,-0.0038782071128189025
2014-09-15,0.6559181822189442,0.01626197025703069,-0.0037012397568613412
2014-09-16,0.6571299913409416,0.02230560175807541,-0.008473555953787999
2014-09-17,0.6564978795449279,0.02225469762732608,-0.008547436700212546
2014-09-18,0.6508543136916426,-0.03388875796600356,-0.08272506075900898
2014-09-19,0.6516252754736632,-0.03448186792288969,-0.08220912631610479
2014-09-22,0.6490574379399427,-0.06646273655881463,-0.10770241967365807
2014-09-23,0.6478681030170457,-0.06872472258769344,-0.1092816665546071
2014-09-24,0.6458299458100862,-0.0685851986787267,-0.10919656116671304
2014-09-25,0.63813457942593,-0.0636537311538847,-0.10441073877582711
2014-09-26,0.6359437395952156,-0.06067098557232092,-0.0961079399808804
2014-09-29,0.6357743256360605,-0.05477739752627165,-0.09408858493129672
2014-09-30,0.6350956953297726,-0.06011875201260716,-0.09768651699361759
2014-10-01,0.6320736505346195,-0.05824849480556059,-0.0955432849313042
2014-10-02,0.6320288022604301,-0.05828525244151345,-0.09556205329299798
2014-10-03,0.6243893897913587,-0.05892986260261857,-0.09702761162820227
2014-10-06,0.6222809939421593,-0.058766432476214436,-0.09711397695469354
2014-10-07,0.6187341951950855,-0.05919715270794637,-0.09799699537845448
2014-10-08,0.6078084532217422,-0.059837614377957045,-0.09843955968307974
2014-10-09,0.6076763994568241,-0.05966956974763422,-0.09843955968307974
2014-10-10,0.6218560013795029,-0.0601827774310067,-0.09843955968307974
2014-10-13,0.6233445347994889,-0.06006493988416639,-0.09843955968307974
2014-10-14,0.623981289285007,-0.05996431007554393,-0.09843955968307974
2014-10-15,0.6252794612041923,-0.06038629347287828,-0.09843955968307974
2014-10-16,0.6198888850825589,-0.0604425852761421,-0.09864343276139491
2014-10-17,0.6184206553997936,-0.060327953426826696,-0.0986020635733759
2014-10-20,0.6188102043279925,-0.060214375731720136,-0.09965097943139793
2014-10-21,0.6076654712681175,-0.059854226207894795,-0.09957830894892135
2014-10-22,0.6075425171794874,-0.059575982932515516,-0.09951585182418642
2014-10-23,0.6023780007262758,-0.05987866130520053,-0.1001110092071105
2014-10-24,0.600163030227044,-0.05990235202338583,-0.10004805611284884
2014-10-27,0.5994269886373795,-0.05973785352676352,-0.10005580118044213
2014-10-28,0.6054178308184868,-0.059736021206726414,-0.0993775152899245
2014-10-29,0.6051783732131338,-0.05955867977294698,-0.09901434566908912
2014-10-30,0.6047267844040023,-0.05993005387343285,-0.09920764684325162
2014-10-31,0.6098301847342704,-0.06011164342522873,-0.098650741072061
2014-11-03,0.6096340771111115,-0.06005867073263782,-0.09871269750992598
2014-11-04,0.6103224491229328,-0.05980220600098899,-0.09840731626615208
2014-11-05,0.609951500090147,-0.06006823432878408,-0.09835566069026566
2014-11-06,0.6113223582193852,-0.060055587745556284,-0.09845288200365267
2014-11-07,0.606387087693757,-0.06101392898119949,-0.09920719035853603
2014-11-10,0.6123376872970087,-0.06112544255971584,-0.09929446851504754
2014-11-11,0.6121086824948946,-0.061153331486280486,-0.09938150480400752
2014-11-12,0.611746124706166,-0.061198039680959736,-0.0994480796173342
2014-11-13,0.6086931438348032,-0.0611236775615583,-0.09980099277669059
2014-11-14,0.6078577445467453,-0.0610181842525838,-0.09980166917865232
2014-11-17,0.6070998588209271,-0.06093315806944449,-0.09950723023814018
2014-11-18,0.6085128647496237,-0.061220340698325514,-0.1006776950618126
2014-11-19,0.6081685312778377,-0.06124820622498607,-0.10050167908368669
2014-11-20,0.6073846358799829,-0.06145327795435905,-0.10075226975294328
2014-11-21,0.6046701982627802,-0.061458951216032155,-0.10107268731662022
2014-11-24,0.6031424481691211,-0.06142685741453077,-0.10095750199504037
2014-11-25,0.6034723197308643,-0.061438578991145305,-0.10093842062012016
2014-11-26,0.6043195173715388,-0.06150593095335617,-0.10089263608659169
2014-11-28,0.6025884998766727,-0.06133731514388701,-0.10097574761243718
2014-12-01,0.6076820297362212,-0.06095775621395554,-0.09940812858455846
2014-12-02,0.6079954207493388,-0.06119582095678907,-0.09970134050561257
2014-12-03,0.6080488205177332,-0.06151728009069899,-0.09981524492609234
2014-12-04,0.6081983296603803,-0.06147582806151015,-0.09974853040736766
2014-12-05,0.6078685561301402,-0.061755515358790536,-0.09983063690730415
2014-12-08,0.6073569979022031,-0.061316079933794676,-0.09912334650948607
2014-12-09,0.6064568000557468,-0.061212162956901,-0.09912593676744066
2014-12-10,0.6185681157408163,-0.06003410991673539,-0.09665479976036602
2014-12-11,0.6127572081751524,-0.06093203553989145,-0.09850687721255971
2014-12-12,0.6183230282711254,-0.05973674546816861,-0.09772630303813769
2014-12-15,0.6171746754589492,-0.05935826186410738,-0.0978011318589042
2014-12-16,0.6152712162372886,-0.058959418717765465,-0.09774683847217008
2014-12-17,0.6043896806169036,-0.05882105074472318,-0.09787166995651367
2014-12-18,0.5793305990616484,-0.05825784889210227,-0.09826843577175849
2014-12-19,0.578641835097528,-0.05840728355946513,-0.09846007380163943
2014-12-22,0.5770974062179055,-0.05839664815323377,-0.09871645946075423
2014-12-23,0.5766268755685572,-0.05832305350538615,-0.09902585375624669
2014-12-24,0.5766943517813288,-0.058260767790846046,-0.09900525820325119
2014-12-26,0.5757923105981667,-0.05823437390844876,-0.09892721193919614
2014-12-29,0.5758727665490494,-0.058279484512673015,-0.0990955108429417
2014-12-30,0.5752293738948162,-0.05802081317575362,-0.09918410380060388
2014-12-31,0.5721065798238913,-0.057312703357937034,-0.09918865840129854
2015-01-02,0.5679035662076407,-0.05786206550003899,-0.10004012620738292
2015-01-05,0.562213931151026,-0.05642942142712387,-0.10080214614753318
2015-01-06,0.559748570490974,-0.05601407826439908,-0.10109413449575781
2015-01-07,0.5542417010939827,-0.05595064578831612,-0.10131062706797547
2015-01-08,0.5468490607857501,-0.05581338579375784,-0.10123968089842975
2015-01-09,0.5462297923139027,-0.05537616712081879,-0.10149411062170102
2015-01-12,0.5448456310325976,-0.054902614742753576,-0.10141602031113718
2015-01-13,0.5347788997272017,-0.05563620136017807,-0.10397882942704599
2015-01-14,0.5294343899140287,-0.05525556025125488,-0.10620688058906479
2015-01-15,0.5280709591568448,-0.06360235608694144,-0.10268887570201818
2015-01-16,0.5244898152604605,-0.0443679239529708,-0.10213940012865944
2015-01-20,0.5230289231360079,-0.04154614522591476,-0.10230683850261962
2015-01-21,0.5228927646823708,-0.04150527388916908,-0.10221200150945199
2015-01-22,0.5181579367790529,-0.02830649482185467,-0.1020996530266464
2015-01-23,0.515922957645627,-0.02257716264484615,-0.10133527263167016
2015-01-26,0.4897828121222306,-0.025887228722019897,-0.10496686086651695
2015-01-27,0.4848760725421136,-0.04362372207465694,-0.10673658815093087
2015-01-28,0.4861493721452122,-0.03929307340902079,-0.10547338727478701
2015-01-29,0.4789281917573937,-0.057250505053440745,-0.10078178424267092
2015-01-30,0.4816211770187673,-0.061609258324349415,-0.09941037987233473
2015-02-02,0.4788937748065192,-0.0715442227405828,-0.09812699539264537
2015-02-03,0.49304184016268043,-0.09200808650170694,-0.09622887637483553
2015-02-04,0.4928371261266033,-0.09397475352834463,-0.09651965628511508
2015-02-05,0.49029741747797057,-0.09229680703104881,-0.09666427620809595
2015-02-06,0.49398491265269684,-0.07806975407247331,-0.0902593501645224
2015-02-09,0.49753157890811855,-0.08041348207007377,-0.09054736255851524
2015-02-10,0.4947665662379229,-0.08669362216287892,-0.0895393711688358
2015-02-11,0.49759997304364556,-0.10000600833495152,-0.08975183788592282
2015-02-12,0.502721521796302,-0.0998157719570653,-0.08895679849803226
2015-02-13,0.5015650636332581,-0.10412698503752173,-0.09615049525473554
2015-02-17,0.5013035532581822,-0.11190101431940538,-0.10011561800202816
2015-02-18,0.5019023750091649,-0.11197673903375042,-0.10159696318006078
2015-02-19,0.4965168614107003,-0.12015780191291611,-0.1132983544727899
2015-02-20,0.49692516305582124,-0.12675982258327007,-0.1207367001064023
2015-02-23,0.49658519240168836,-0.1268222800910144,-0.12086255818329276
2015-02-24,0.495175619545004,-0.13358477325478663,-0.1304474895640759
2015-02-25,0.49525086711607286,-0.13335700606748002,-0.1298958342120478
2015-02-26,0.49292970861191093,-0.13479116301195607,-0.13248836000079348
2015-02-27,0.4928500294456061,-0.1350788461968538,-0.13315598496025227
2015-03-02,0.49546099314448167,-0.13430573906951365,-0.13386636983333575
2015-03-03,0.49311282695537745,-0.11971925279685172,-0.11021586233743326
2015-03-04,0.48412837501697703,-0.1028116366052137,-0.08719808293867644
2015-03-05,0.484304241901297,-0.10284745638341536,-0.08783808864731535
2015-03-06,0.4966784867665096,-0.10427054691590666,-0.08477560334235558
2015-03-09,0.49842743605938017,-0.10509704276397322,-0.09331239631845661
2015-03-10,0.5044973584446908,-0.10366088469690961,-0.0929146642477265
2015-03-11,0.5027659383763836,-0.10031386528887455,-0.08862873426715387
2015-03-12,0.49940665503743165,-0.1005047100776893,-0.0983908125658248
2015-03-13,0.4893588706115266,-0.09616967261438067,-0.09148845089518871
2015-03-16,0.48421533065831485,-0.09290285102225083,-0.08820175716864141
2015-03-17,0.4863435423496192,-0.08340302066200898,-0.09029890609094265
2015-03-18,0.4841280821330655,-0.07765308933393424,-0.09162688308625931
2015-03-19,0.4842497236269398,-0.09482574950292086,-0.09687203121887103
2015-03-20,0.48320369164044724,-0.09361904817764319,-0.0971141443071676
2015-03-23,0.48334369134505933,-0.0911113056041844,-0.09673526361470983
2015-03-24,0.4831130215019832,-0.09695553547487804,-0.09841326033298498
2015-03-25,0.4801232641139075,-0.09583435448052043,-0.09841326033298498
2015-03-26,0.4808166741828486,-0.09610186768616555,-0.09841326033298498
2015-03-27,0.48057816542880094,-0.09617235406230167,-0.09841326033298498
2015-03-30,0.47768779289562163,-0.09578846101294704,-0.09841326033298498
2015-03-31,0.4783561050619525,-0.09546947976875514,-0.09841326033298498
2015-04-01,0.47952449245099904,-0.09543129946560432,-0.09841326033298498
2015-04-02,0.479475939405676,-0.09542832033100389,-0.09841326033298498
2015-04-06,0.4781738640998059,-0.09538355031950752,-0.09841326033298498
2015-04-07,0.48039237300117293,-0.09607209843825973,-0.09841326033298498
2015-04-08,0.48195903301064114,-0.09677510506133637,-0.09841326033298498
2015-04-09,0.4818912803930153,-0.09676964130815141,-0.09841326033298498
2015-04-10,0.4839362868143391,-0.09703649749474563,-0.09841326033298498
2015-04-13,0.49222650226496695,-0.09915512550367195,-0.09841326033298498
2015-04-14,0.4934671674815315,-0.09970960585029352,-0.09841326033298498
2015-04-15,0.49455912081470543,-0.09983534330271003,-0.09841326033298498
2015-04-16,0.4959511205978452,-0.09991542608654537,-0.09841326033298498
2015-04-17,0.4964797690876717,-0.09940864742165637,-0.09841326033298498
2015-04-20,0.4942721356602921,-0.09918107531946894,-0.09841326033298498
2015-04-21,0.49473855894707597,-0.09914484304079035,-0.09841326033298498
2015-04-22,0.4946423442258679,-0.09913580907039182,-0.09841326033298498
2015-04-23,0.4947900667014488,-0.09921973825517849,-0.0984266056191242
2015-04-24,0.48926870572140885,-0.09921934013075918,-0.09701656624541667
2015-04-27,0.49137807921309856,-0.09951824796671198,-0.0968826391405976
2015-04-28,0.49043509980738414,-0.0995181270730413,-0.09678791619319108
2015-04-29,0.4928399736889515,-0.09937969865127391,-0.09624154574812012
2015-04-30,0.5010780849735803,-0.0987392857392145,-0.09360044780905755
2015-05-01,0.5076440936948939,-0.09840902867603603,-0.09246129826077074
2015-05-04,0.507713449338372,-0.09845844099841686,-0.09248093952593783
2015-05-05,0.5174121942510155,-0.09767128724725904,-0.08996063137316289
2015-05-06,0.5193232125883267,-0.09800433123889285,-0.08990820339428915
2015-05-07,0.5198200415651257,-0.09805278306477233,-0.08990820339428915
2015-05-08,0.5154224247923627,-0.09756036676461002,-0.08990820339428915
2015-05-11,0.515165284863739,-0.0973632095640982,-0.08990820339428915
2015-05-12,0.5102444484033607,-0.09751006836764423,-0.09131945202750996
2015-05-13,0.5102611552668939,-0.09750134495443004,-0.09130745459148804
2015-05-14,0.5057671544728647,-0.09739474916043551,-0.09164933225020763
2015-05-15,0.5008011178904047,-0.0978938158557733,-0.0923547479904715
2015-05-18,0.5003404223343293,-0.09789757794175327,-0.09255890985735876
2015-05-19,0.5001447667396336,-0.09788377676308697,-0.09280076873726219
2015-05-20,0.498324285890364,-0.0981537918721669,-0.09299896756031618
2015-05-21,0.4943447920461814,-0.09832663964408098,-0.09355591045598184
2015-05-22,0.49426433105961937,-0.09824157504394207,-0.0936204786431745
2015-05-26,0.49159091194126464,-0.09755473948918889,-0.09391724666054926
2015-05-27,0.4955274849605219,-0.09738848739469338,-0.09346261065304762
2015-05-28,0.4957144011910183,-0.09737854693517117,-0.09352073489840029
2015-05-29,0.49716894012671725,-0.09713609784722736,-0.09328692620302381
2015-06-01,0.4972709594224907,-0.09713661707944225,-0.09326155632704135
2015-06-02,0.4975677272242534,-0.09710245150790153,-0.09313417206344887
2015-06-03,0.4977393198843636,-0.09712663519848021,-0.09313501530894253
2015-06-04,0.5022533811424073,-0.09667117515283817,-0.09250905350979843
2015-06-05,0.5004105613878668,-0.09670425309421553,-0.09283734774893027
2015-06-08,0.49969933586451265,-0.09644951669195095,-0.09295270273369315
2015-06-09,0.49981851006175226,-0.09644010350245463,-0.09297312794950059
2015-06-10,0.4967878386971334,-0.09602729360087883,-0.09296353999476274
2015-06-11,0.49665011763899986,-0.09614045554672497,-0.09296834772073925
2015-06-12,0.49147609260453645,-0.09605825402601244,-0.09387615694239367
2015-06-15,0.49086594079572565,-0.09592118413769639,-0.0938903802016964
2015-06-16,0.49017757789689204,-0.09587415264063494,-0.0938787392592176
2015-06-17,0.4901519459767727,-0.09587660563311601,-0.09386992689441344
2015-06-18,0.4856792371428294,-0.0957263913501427,-0.0940352241871142
2015-06-19,0.4854879692782442,-0.10861763105793074,-0.09840145281333562
2015-06-22,0.4848308808410471,-0.1080216659696761,-0.09792305008514637
2015-06-23,0.48483412864268327,-0.10773955448300214,-0.09796273550793315
2015-06-24,0.48375298670490907,-0.10673908195158492,-0.09771268249693191
2015-06-25,0.4826150381442884,-0.10683191889432274,-0.09822250751205672
2015-06-26,0.4827076219354151,-0.10726378244533462,-0.09816056261185849
2015-06-29,0.48143088203735945,-0.10685192794272536,-0.09788973721524573
2015-06-30,0.48177193350722464,-0.10660695679640705,-0.10257689325194122
2015-07-01,0.47956126866833415,-0.10468489420408898,-0.09794946159439044
2015-07-02,0.4795935855493489,-0.10469424415819464,-0.09799617528515027
2015-07-06,0.47832279944257633,-0.10247749475583585,-0.09311900888980941
2015-07-07,0.47680127941529343,-0.10300053139742726,-0.09394632514454047
2015-07-08,0.4737052218615993,-0.10277734238688399,-0.09420737650381433
2015-07-09,0.47286342814332133,-0.10660367399723775,-0.10478949205494177
2015-07-10,0.47180219573316096,-0.1035194534848486,-0.10116924880141327
2015-07-13,0.4710282523006851,-0.10323353721292249,-0.10434737375858326
2015-07-14,0.46928958773097357,-0.0951154605706266,-0.07959454100907824
2015-07-15,0.4688452037004251,-0.09993464638832296,-0.08893941369036375
2015-07-16,0.4713525176283485,-0.1015703378101742,-0.09101538570482362
2015-07-17,0.45190397802650845,-0.07386665364322055,-0.03769592667777944
2015-07-20,0.4447563937130165,-0.06325824299691775,-0.009040887527812043
2015-07-21,0.4445724264323776,-0.06256786889511375,-0.008391416713715644
2015-07-22,0.4415744021842445,-0.05998097126272923,-0.0010652240631946796
2015-07-23,0.4438828755987335,-0.059670540761253256,0.0004091751371104893
2015-07-24,0.4431727396671568,-0.06029785576626972,-0.001113571250824415
2015-07-27,0.43904711179628936,-0.06037667021266398,-0.0010966972984126884
2015-07-28,0.4458282369277087,-0.060084111570804496,-0.0011087838459351502
2015-07-29,0.44684748086680104,-0.06006493648376007,-0.0011211074335634133
2015-07-30,0.44653235957565246,-0.06006529479638522,-0.0011223109094535982
2015-07-31,0.41723087444440576,-0.06117261599022034,-0.0012205219223702436
2015-08-03,0.42107267701401374,-0.06116415010979418,-0.0012794535464015209
2015-08-04,0.42259008271426735,-0.061241197297013196,-0.0012739105917748967
2015-08-05,0.4244922024945117,-0.06153603006867841,-0.0012856970377137398
2015-08-06,0.4204440327057974,-0.0614929685857155,-0.0012090368219921184
2015-08-07,0.4240000283521342,-0.06210099628605076,-0.0012055865074375978
2015-08-10,0.4356879278709442,-0.062016071710248546,-0.0012179163797656778
2015-08-11,0.4441382651931922,-0.06172126468769144,-0.0011657135968790478
2015-08-12,0.44388801651478216,-0.061738323771271836,-0.0011728477196712751
2015-08-13,0.44504406243987604,-0.06181453350074996,-0.0011685061872151012
2015-08-14,0.44571525575355037,-0.06183927881034635,-0.0011720367652909077
2015-08-17,0.4476385198811439,-0.06178409052573229,-0.001184432775278495
2015-08-18,0.4454852050258406,-0.06188623321731359,-0.0011580321966870968
2015-08-19,0.44424616603689926,-0.061909304865326385,-0.0011268513733625337
2015-08-20,0.44439697506947984,-0.061914216928706904,-0.0011229442326036428
2015-08-21,0.4441086248423184,-0.06192172777710036,-0.0011184641645486122
2015-08-24,0.4446979205326306,-0.06193717828314876,-0.0011150259372799958
2015-08-25,0.4436204032323562,-0.06198089236298321,-0.0011078025646703161
2015-08-26,0.44366087570770174,-0.06197862783897039,-0.0011054658216357084
2015-08-27,0.4436948011625851,-0.061981360415615326,-0.0011049812401188771
2015-08-28,0.4435903854024238,-0.061985315292273024,-0.0011078053545604757
2015-08-31,0.44321757616230456,-0.061992529202113913,-0.0011002684148579327
2015-09-01,0.44402336019099586,-0.06199603106390914,-0.0010941203382539195
2015-09-02,0.4446830865947201,-0.06199995829808499,-0.0011123505378779865
2015-09-03,0.4445229534273267,-0.0620138052523323,-0.0011146572459777146
2015-09-04,0.4433762022500212,-0.06204596906123348,-0.0011051662707547664
2015-09-08,0.4445080850907127,-0.06207880556781643,-0.0011009102953060425
2015-09-09,0.44065787220016517,-0.06222666114202689,-0.001129142188087972
2015-09-10,0.4404439339984142,-0.062245718536832834,-0.0011165689632701963
2015-09-11,0.44055041345656176,-0.062243199383035734,-0.0011186300218178076
2015-09-14,0.4379402623875855,-0.062372641914402366,-0.0011343974863576003
2015-09-15,0.43802270439803614,-0.062378649513099606,-0.0011477687369049628
2015-09-16,0.4391353753218485,-0.06249830992691276,-0.0011477687369049628
2015-09-17,0.43916824224879225,-0.062496143799562975,-0.0011477687369049628
2015-09-18,0.43972822671127787,-0.06254842026020643,-0.0011477687369049628
2015-09-21,0.43974610574173495,-0.0625556897393014,-0.0011477687369049628
2015-09-22,0.44097443632359934,-0.06277051820011632,-0.0011477687369049628
2015-09-23,0.44166513283098,-0.06289864885029442,-0.0011477687369049628
2015-09-24,0.44289310235043056,-0.06303289377512712,-0.0011477687369049628
2015-09-25,0.44844521715227686,-0.0639082421322177,-0.0011477687369049628
2015-09-28,0.44975391897880046,-0.06405282309779625,-0.0011477687369049628
2015-09-29,0.44983611850737376,-0.06407425544706055,-0.0011477687369049628
2015-09-30,0.45000252462588763,-0.06411199385752715,-0.0011477687369049628
2015-10-01,0.45071949018837165,-0.06424387550935594,-0.0011477687369049628
2015-10-02,0.45071949018837165,-0.06424387550935594,-0.0011477687369049628
2015-10-05,0.452948399680266,-0.06450710977126506,-0.0011477687369049628
2015-10-06,0.4529860308259942,-0.06451880750228302,-0.0011477687369049628
2015-10-07,0.45309287140614846,-0.06454508185290067,-0.0011477687369049628
2015-10-08,0.4577718957658218,-0.06516616115920287,-0.0011477687369049628
2015-10-09,0.4580133586563307,-0.06522069659178659,-0.0011477687369049628
2015-10-12,0.45799927391096257,-0.06522366465330312,-0.0011477687369049628
2015-10-13,0.4578779693574573,-0.06519462968010246,-0.0011477687369049628
2015-10-14,0.4578779693574573,-0.06465124433798339,-0.0018035567605319616
2015-10-15,0.4532107610000193,-0.07454442980913428,-0.0015981959795986487
2015-10-16,0.4539391351499123,-0.07840026464991967,-0.005875314891337983
2015-10-19,0.45224722663633227,-0.07800890382244179,-0.011443735832601006
2015-10-20,0.45237058750294173,-0.07970298131036924,-0.019431158702741067
2015-10-21,0.4636957946822967,-0.06977913208443245,-0.005991883892973595
2015-10-22,0.4839372172772981,-0.06989135182925009,-0.00738659150320071
2015-10-23,0.4893931636095471,-0.07273736322236293,-0.016825606666056942
2015-10-26,0.49050707963912726,-0.07254628880146669,-0.01685809117637421
2015-10-27,0.4896384509148991,-0.07348949635535061,-0.01604786652357177
2015-10-28,0.48693591998847674,-0.08683420743054313,-0.029624753692227918
2015-10-29,0.48662772016338157,-0.08435306386240676,-0.025418429953772997
2015-10-30,0.4879045728295528,-0.08113049763917828,-0.02159006108757162
2015-11-02,0.48730980806101865,-0.09212770472649444,-0.036484720379359015
2015-11-03,0.4880193488127858,-0.09256531362102179,-0.03744290944385755
2015-11-04,0.4868131325545966,-0.09257415638285259,-0.037400976030127826
2015-11-05,0.48798600722303076,-0.09284390058501188,-0.03744098689867611
2015-11-06,0.48726236461999406,-0.09297395277299562,-0.0375270002449249
2015-11-09,0.49404073698035555,-0.09271534322978484,-0.03739363548028467
2015-11-10,0.49256275728232485,-0.09274723998472188,-0.03755165665864636
2015-11-11,0.49304148824728333,-0.09274718925910783,-0.03767824204924645
2015-11-12,0.5013890059828088,-0.09205908277421862,-0.03769727208000729
2015-11-13,0.50130349144551,-0.092054737681655,-0.03785456586057041
2015-11-16,0.4969170719045609,-0.09095935616684714,-0.03795746487610281
2015-11-17,0.4973507268553258,-0.0909772939575641,-0.037915852097353306
2015-11-18,0.48978896622109375,-0.08992684517580564,-0.03826938057702892
2015-11-19,0.4894974060875666,-0.08992462441457501,-0.038228756792422734
2015-11-20,0.4894083699331063,-0.08985770079274152,-0.038398040418674624
2015-11-23,0.48895292266763873,-0.0900563733858178,-0.03845580319476819
2015-11-24,0.4893518283191933,-0.0901011264706091,-0.0388415402485699
2015-11-25,0.4897042807282638,-0.09009546147827416,-0.038886031038311016
2015-11-27,0.4899047860668277,-0.09013603617835554,-0.039183639333910385
2015-11-30,0.49204035819146325,-0.09011050641063437,-0.03936988378140048
2015-12-01,0.486087425980611,-0.08971720561284288,-0.039534484484232114
2015-12-02,0.48213866661401783,-0.08968144492786986,-0.03968892268052686
2015-12-03,0.4773664511634625,-0.08919553690163738,-0.039744809741300985
2015-12-04,0.4696332666696329,-0.08744249048588201,-0.03973392366177519
2015-12-07,0.4688339769621727,-0.08741667278453631,-0.03973629164530056
2015-12-08,0.46460813503437787,-0.08741530914656447,-0.039740574291751415
2015-12-09,0.4642092298449446,-0.08728589449954552,-0.03985354099782877
2015-12-10,0.4468610403426924,-0.08798841549619206,-0.040374191452213735
2015-12-11,0.4453228059418847,-0.0881614783912634,-0.04057741157812995
2015-12-14,0.43487165365546393,-0.08897749451994703,-0.040651149817995315
2015-12-15,0.433984926733155,-0.08857671370130707,-0.040651149817995315
2015-12-16,0.43053065262396667,-0.08760788356803971,-0.040651149817995315
2015-12-17,0.43274197837212014,-0.08850719142225313,-0.040651149817995315
2015-12-18,0.4449560261658262,-0.09136658995800144,-0.040651149817995315
2015-12-21,0.445339055402569,-0.09150212978299195,-0.040651149817995315
2015-12-22,0.4443300154193088,-0.09124479587235462,-0.040651149817995315
2015-12-23,0.44119284939741177,-0.09045279298373635,-0.040651149817995315
2015-12-24,0.4411379477836234,-0.09046493793415963,-0.040651149817995315
2015-12-28,0.4412486298119305,-0.09056144606656304,-0.040651149817995315
2015-12-29,0.4389694716610711,-0.08996932565953732,-0.040651149817995315
2015-12-30,0.4385389325477248,-0.08990402081262812,-0.040651149817995315
2015-12-31,0.438506792398486,-0.08989850366795711,-0.040651149817995315
2016-01-04,0.438418954558582,-0.08990226951361276,-0.040651149817995315
2016-01-05,0.44513485838272665,-0.09103478767609406,-0.040651149817995315
2016-01-06,0.44705050043253663,-0.09068224824379228,-0.04029491361767857
2016-01-07,0.45034408215574945,-0.09053824630688202,-0.03986755987362291
2016-01-08,0.4573123434604942,-0.09131549730164451,-0.039613032377960065
2016-01-11,0.45879445829865523,-0.09003304253530374,-0.038930594600507414
2016-01-12,0.4602386018076053,-0.08956583373582983,-0.03863494309172703
2016-01-13,0.4604350995680627,-0.08978243169825087,-0.03870683685182343
2016-01-14,0.46131807002505776,-0.08588769609348526,-0.03704167342231555
2016-01-15,0.4616083108836337,-0.07660361271805811,-0.03848413112497899
2016-01-19,0.4651513278918806,-0.1034347764218084,-0.03876876636816637
2016-01-20,0.4652505567494997,-0.10823009601897408,-0.03880081734878213
2016-01-21,0.4658425750564685,-0.10878363187400726,-0.03882725718446214
2016-01-22,0.4712155436082703,-0.12953605628854412,-0.03857811650248215
2016-01-25,0.47197554812977377,-0.13737694095863176,-0.0390346685713532
2016-01-26,0.4721074006593723,-0.1349186594751607,-0.039670214109399964
2016-01-27,0.4765732988336557,-0.11235056207424253,-0.0399629366057798
2016-01-28,0.4768694659966848,-0.11562917494064025,-0.039601404277288484
2016-01-29,0.47869152433592976,-0.09390955485893857,-0.043013381307526785
2016-02-01,0.47880297155491297,-0.09005351454171442,-0.045060193703524015
2016-02-02,0.4823180036335414,-0.07454831954919978,-0.04592592274359993
2016-02-03,0.4879636411571424,-0.04685293598366118,-0.04694604631775751
2016-02-04,0.48836770763349435,-0.043535694108020266,-0.0463525813048984
2016-02-05,0.49120463317408336,-0.04639567207577132,-0.045274893853331936
2016-02-08,0.4914191812539584,-0.06774970439484396,-0.05067929132172189
2016-02-09,0.49198724360913,-0.06364674997205036,-0.05048319452227091
2016-02-10,0.4952233920810795,-0.05219707572418427,-0.05093252282588178
2016-02-11,0.4953697958142248,-0.0448577524670361,-0.041722439158061855
2016-02-12,0.4881910718480625,-0.04385274132771153,-0.04087141732631118
2016-02-16,0.4872440233500072,-0.03813639009759137,-0.03633110966232536
2016-02-17,0.48716553271619006,-0.038277162501151804,-0.036267442080872715
2016-02-18,0.48731025555122764,-0.03765619685585623,-0.03480729585890994
2016-02-19,0.48932176439502695,-0.03727738967847444,-0.03433927812433339
2016-02-22,0.4866398328477298,-0.03526969699269027,-0.033047612225062875
2016-02-23,0.4867689518866245,-0.03538577475103044,-0.032540226842479265
2016-02-24,0.48669694949330894,-0.03537727524470814,-0.03248725374883997
2016-02-25,0.48658167639727457,-0.03552853130282296,-0.03268333960426141
2016-02-26,0.4891099555653247,-0.035156394489871894,-0.03226581703748788
2016-02-29,0.487902273718782,-0.03554475620786278,-0.03231749727140353
2016-03-01,0.5262465014472737,-0.055999554594629526,-0.0662569346099197
2016-03-02,0.5245128895707435,-0.05232577507098889,-0.0661674865099436
2016-03-03,0.5217445989578398,-0.04448726181427657,-0.07050547707593594
2016-03-04,0.521606837447759,-0.045123917186508856,-0.07045321500144984
2016-03-07,0.5080547848470931,-0.04639069175539337,-0.07620349283459708
2016-03-08,0.5140504606478524,-0.03850175036702146,-0.06877749299199797
2016-03-09,0.5111609159827838,-0.04470682627661027,-0.07730504899001799
2016-03-10,0.511173620234805,-0.043815299158421785,-0.08004129111018363
2016-03-11,0.5331867071557548,-0.07495835363929462,-0.12056099164227901
2016-03-14,0.5337910646946419,-0.0716465712635347,-0.12201565281380203
2016-03-15,0.5393583290577382,-0.07178005219656274,-0.12205714972356063
2016-03-16,0.54172176447719,-0.0566964868832157,-0.09193380054781036
2016-03-17,0.5446116568642333,-0.05920539065821272,-0.09136175749623306
2016-03-18,0.545459726809051,-0.060766081567811034,-0.0918861871995542
2016-03-21,0.5477891167171448,-0.06108328863700627,-0.09522415094270127
2016-03-22,0.5470718250511181,-0.06154848808055751,-0.09420968932778093
2016-03-23,0.5517529317822264,-0.04113397259772672,-0.0650797562472338
2016-03-24,0.5590858632781491,-0.04200782138589476,-0.06507076145211141
2016-03-28,0.559185674756734,-0.0421667400819317,-0.06548603245835864
2016-03-29,0.5646574727136082,-0.023640327812673105,-0.026845678830651958
2016-03-30,0.5708372945713662,-0.029042657842748013,-0.03472285585026189
2016-03-31,0.573874781096519,-0.03106106349935271,-0.035655458849613825
2016-04-01,0.5770391512807895,-0.035569989108935045,-0.043494002073840354
2016-04-04,0.5784521878945613,-0.032220256488887905,-0.03970867352501122
2016-04-05,0.5862186416741738,-0.04648044596103963,-0.054460471678281976
2016-04-06,0.5936849919305578,-0.053613011648697,-0.06581582321714231
2016-04-07,0.6035523235819842,-0.07142441428226587,-0.0879768181133812
2016-04-08,0.6037574047876125,-0.07171474578292475,-0.08772928332949705
2016-04-11,0.6053764716811122,-0.07509472142517229,-0.09294730552245489
2016-04-12,0.6096935504721732,-0.07543608568238933,-0.09284419548562496
2016-04-13,0.6151116950620396,-0.08566016906099783,-0.10692140513022053
2016-04-14,0.6158593597388327,-0.0838107796597645,-0.10541286171647006
2016-04-15,0.6160360187799854,-0.08487962316863161,-0.1072891383985546
2016-04-18,0.6224329128915925,-0.08724792866546745,-0.10817780729117417
2016-04-19,0.6215210222075658,-0.08242223441020448,-0.11763155635594934
2016-04-20,0.6215724099879055,-0.08255992920963168,-0.11774593856385926
2016-04-21,0.6213025875278181,-0.08432823408720193,-0.11782042700268568
2016-04-22,0.612681561421338,-0.08268824187258586,-0.09309737641761064
2016-04-25,0.6169915017634641,-0.08318606407257975,-0.09363339341390854
2016-04-26,0.6148181687952575,-0.08316909981114644,-0.0955618816663318
2016-04-27,0.6099185995229134,-0.082705837880656,-0.09766366724546359
2016-04-28,0.6053137328479963,-0.09960334245158074,-0.09733078591969699
2016-04-29,0.5968400871085383,-0.11070833403812677,-0.09909691816693764
2016-05-02,0.5880906964512443,-0.11324807403078056,-0.09922524833842704
2016-05-03,0.5851295356439903,-0.10983130547374623,-0.0990371608165108
2016-05-04,0.5740559333220193,-0.10688401863243109,-0.10163977122764394
2016-05-05,0.5738397182137168,-0.1071423562134702,-0.1017032717778368
2016-05-06,0.5739292290780779,-0.1040607974913114,-0.10173099455983076
2016-05-09,0.5801687643014258,-0.10297786283188604,-0.09920337953732628
2016-05-10,0.5753998208134466,-0.09992682025754994,-0.09928218306804583
2016-05-11,0.5725897844936806,-0.10801728879160785,-0.09930918043096652
2016-05-12,0.5725881577407248,-0.10745849079587176,-0.09875945022417079
2016-05-13,0.5737849577319386,-0.11059768425804359,-0.0988589524201889
2016-05-16,0.5703732962930026,-0.1098146294261994,-0.09888602299216864
2016-05-17,0.5677478831264463,-0.11181283456949014,-0.09897651576465953
2016-05-18,0.5677447840092247,-0.11006005285908989,-0.09716670328958658
2016-05-19,0.5673681111261762,-0.10907617621357824,-0.09707963606201245
2016-05-20,0.5662723782854545,-0.10977444345775146,-0.09702188842707792
2016-05-23,0.5663974445884691,-0.10928883539623281,-0.09688353327548938
2016-05-24,0.5645510070630062,-0.13315095391498008,-0.09440948233829315
2016-05-25,0.5607488480606729,-0.133379096561185,-0.0952788048942273
2016-05-26,0.5601025726252059,-0.13345426283133915,-0.09548388220488724
2016-05-27,0.558474951446423,-0.13410917985780757,-0.0960457605869459
2016-05-31,0.5575007906255203,-0.13392791955407962,-0.09603506768817908
2016-06-01,0.5572043581931255,-0.1340449965942158,-0.09625519810117919
2016-06-02,0.5571624103823369,-0.13404537596464094,-0.09624723979087861
2016-06-03,0.5537702300633716,-0.1348151020416578,-0.0966395208341206
2016-06-06,0.5542161562265804,-0.13495304577859943,-0.09686003183168708
2016-06-07,0.5535587055995151,-0.13566472332532514,-0.0967818719223525
2016-06-08,0.5537096703729366,-0.13572957792290075,-0.0968395854358367
2016-06-09,0.5589712099163343,-0.13627446475770705,-0.09674507879547828
2016-06-10,0.5606568150309087,-0.13499597159612517,-0.09648282756703455
2016-06-13,0.5608813637478863,-0.1350703038546417,-0.09648282756703455
2016-06-14,0.5612783387854399,-0.13526304239737774,-0.09648282756703455
2016-06-15,0.5622976509416341,-0.13517117497808087,-0.09648282756703455
2016-06-16,0.5620706670867102,-0.13518348699630853,-0.09648282756703455
2016-06-17,0.5652413250968126,-0.1352694933530308,-0.09648282756703455
2016-06-20,0.5642869278950712,-0.1355574414707105,-0.09648282756703455
2016-06-21,0.5649422342620775,-0.13560262278154095,-0.09648282756703455
2016-06-22,0.5648863961557865,-0.13547204286409287,-0.09648282756703455
2016-06-23,0.560705228925717,-0.1354596694196747,-0.09648282756703455
2016-06-24,0.555121180922124,-0.18168439002450026,-0.09127211488037837
2016-06-27,0.5551269124273661,-0.18184048836673564,-0.09140593830213538
2016-06-28,0.5575616714540411,-0.1818590326338975,-0.09064554868849266
2016-06-29,0.5487522378571863,-0.17443645020677198,-0.09076320378648443
2016-06-30,0.5427997599923917,-0.1678604160319976,-0.09089343964563273
2016-07-01,0.5426643682944158,-0.1651929186415792,-0.0908501115865072
2016-07-05,0.5410364782581207,-0.16944801124751974,-0.09099310876352619
2016-07-06,0.5409364420116537,-0.16674337946491474,-0.09113449520174234
2016-07-07,0.5410017743278955,-0.16628558427742327,-0.09094313296545105
2016-07-08,0.5521382608305911,-0.15815705437609756,-0.0828833847974076
2016-07-11,0.5525748043625437,-0.15987757118839782,-0.08749184881903435
2016-07-12,0.5575084088144417,-0.1674041762367644,-0.09393469789462301
2016-07-13,0.5581803033383385,-0.16767346521810952,-0.09600496025024087
2016-07-14,0.5596643112280492,-0.17041928530253247,-0.10044675250896752
2016-07-15,0.5566220788732338,-0.16959346354014304,-0.09989318297331881
2016-07-18,0.5647804366868593,-0.16940584018666355,-0.09975718893051155
2016-07-19,0.5654050562865177,-0.16948952020924712,-0.0998065571354973
2016-07-20,0.5647100293751746,-0.17275871305895796,-0.11386518120004455
2016-07-21,0.5667877248536414,-0.1772150216340091,-0.1186535763371802
2016-07-22,0.5660828874476708,-0.1798101648052964,-0.12145926404709058
2016-07-25,0.5662413887183929,-0.17745919559226286,-0.12249992273066487
2016-07-26,0.5685958529755286,-0.17756964913579254,-0.12345956917423763
2016-07-27,0.560045794242741,-0.17940503762539822,-0.11314673449771637
2016-07-28,0.5588117913346429,-0.17950953664391384,-0.11389849978954658
2016-07-29,0.5599632504235308,-0.17845939079529274,-0.11201708977105998
2016-08-01,0.5575837267439809,-0.17879516206621182,-0.11142896276252985
2016-08-02,0.5599920514591434,-0.1827212243902721,-0.1166742424964449
2016-08-03,0.5598865086836872,-0.18367712122861754,-0.11810794577741494
2016-08-04,0.5594312369872744,-0.18358421887685017,-0.11784689309681717
2016-08-05,0.5671219645706977,-0.1923976318607591,-0.1351346975823144
2016-08-08,0.5672319753989685,-0.19224091013630965,-0.13499960928072288
2016-08-09,0.5597459006026405,-0.19313403198955575,-0.1350183461074461
2016-08-10,0.5529930482949544,-0.1957140431122162,-0.1389662459971282
2016-08-11,0.5540569512990202,-0.19751496007010286,-0.14113147898737632
2016-08-12,0.5536998473053385,-0.19719902646439433,-0.1413062569408732
2016-08-15,0.5539152962160967,-0.19660280357096702,-0.14011783392898536
2016-08-16,0.5544356040949555,-0.19817090237560656,-0.1423520553078346
2016-08-17,0.5534242355886132,-0.19856660039283497,-0.14314549645237615
2016-08-18,0.5530752549874205,-0.19825188076903286,-0.14435511147119154
2016-08-19,0.5531586250192826,-0.19600328544246445,-0.14332584810362492
2016-08-22,0.5530856603269083,-0.1958698235796178,-0.14337241236576515
2016-08-23,0.553126241827434,-0.19597645627699872,-0.14348813827671217
2016-08-24,0.5555610331594789,-0.1893438671981907,-0.13438946827729478
2016-08-25,0.5556979007190065,-0.18781145560720003,-0.1320415238162954
2016-08-26,0.5550934516744839,-0.18765379081043534,-0.132116539452563
2016-08-29,0.5548882594216945,-0.18769278719099391,-0.13218855618084388
2016-08-30,0.5553080272795364,-0.1875587142961152,-0.13185048889382642
2016-08-31,0.5555781750600637,-0.18729190505083582,-0.131769224827285
2016-09-01,0.5551423397311551,-0.18729350719723042,-0.13186931947863123
2016-09-02,0.5556827494960538,-0.18735025477114767,-0.13197196794817592
2016-09-06,0.5557398409312928,-0.18743797350407768,-0.1319649777382679
2016-09-07,0.5556882346438414,-0.18743092629799868,-0.1320016126783218
2016-09-08,0.556212082666351,-0.18723012678562456,-0.13122796781494347
2016-09-09,0.5725675659646823,-0.17988210415464506,-0.12880088757388528
2016-09-12,0.5657224977534115,-0.17871352775678578,-0.12880088757388528
2016-09-13,0.5601368615656325,-0.17597218501362175,-0.12880088757388528
2016-09-14,0.5601485203652626,-0.17594910125944213,-0.12880088757388528
2016-09-15,0.5568691967388949,-0.17559129657144443,-0.12880088757388528
2016-09-16,0.5565930270131799,-0.17524352604394897,-0.12880088757388528
2016-09-19,0.5565855220481167,-0.1752524636338339,-0.12880088757388528
2016-09-20,0.5565844234398484,-0.17525393675294898,-0.12880088757388528
2016-09-21,0.5610616797549035,-0.17474203861060406,-0.12862458403035928
2016-09-22,0.5628634880731884,-0.1747391718153862,-0.12849442232942498
2016-09-23,0.5651243149756977,-0.17416794658283616,-0.12766530674681598
2016-09-26,0.5693242618433806,-0.17314807781774724,-0.1264318934540518
2016-09-27,0.570908066178938,-0.1731513033564773,-0.12610327826058854
2016-09-28,0.5708554435878865,-0.1732092248945696,-0.12618305778004887
2016-09-29,0.574955466136996,-0.17201277613699542,-0.12521962354669033
2016-09-30,0.5772118248103933,-0.17193676588300838,-0.12515857327281588
2016-10-03,0.5775285869646876,-0.17175646783676188,-0.12504904842892192
2016-10-04,0.5778881504458997,-0.17126187967539558,-0.12493192938881813
2016-10-05,0.5783874754340738,-0.17133418149922952,-0.12503591859528812
2016-10-06,0.5783137019837336,-0.1713665402638837,-0.12500173208644322
2016-10-07,0.5811641957946032,-0.17121519863512802,-0.12481905243278307
2016-10-10,0.5822482009446327,-0.17123614858331154,-0.1248402146168759
2016-10-11,0.5914905088913872,-0.16920760155597153,-0.12210692633402216
2016-10-12,0.5913175951165454,-0.16941268979395246,-0.1220491215789911
2016-10-13,0.5920798331843231,-0.1693922817168942,-0.12158775730688219
2016-10-14,0.5986991712346231,-0.16597655158104907,-0.12198665454468578
2016-10-17,0.5991916310144768,-0.16332764177722914,-0.12058975312088653
2016-10-18,0.6015242940006635,-0.16348584191664653,-0.11856390140564382
2016-10-19,0.6014395175338791,-0.1628878369415556,-0.11593934476671039
2016-10-20,0.5994983152780664,-0.16824859874785406,-0.12216744440936739
2016-10-21,0.5853608369999032,-0.1692944199039616,-0.12417882577940009
2016-10-24,0.5857515666660038,-0.16853005110307598,-0.12521501594992332
2016-10-25,0.5868568630764596,-0.1686003401261895,-0.12485753854773075
2016-10-26,0.587341820380031,-0.16817445992525035,-0.12417175837095136
2016-10-27,0.5832905549044763,-0.16225017121505303,-0.11799673913488068
2016-10-28,0.5824856313979845,-0.1632151424992161,-0.11950481293472567
2016-10-31,0.5811288842460243,-0.16522987535088124,-0.12183103518973312
2016-11-01,0.5744017524317592,-0.16039168880131568,-0.1154752984405948
2016-11-02,0.5740661855603548,-0.16003573057345802,-0.11489707666710805
2016-11-03,0.5743008749458636,-0.16028601787551278,-0.1148907049575413
2016-11-04,0.5741944101857142,-0.16036326711771945,-0.11516300107561417
2016-11-07,0.5607849995380053,-0.15800717053852545,-0.11511594491475441
2016-11-08,0.554304494352292,-0.15938027620814388,-0.11706045788537973
2016-11-09,0.5521488233098222,-0.15903712299154965,-0.11732299505181934
2016-11-10,0.551641760825397,-0.15950827882256066,-0.11743352355892005
2016-11-11,0.5437634040749337,-0.16177893986883735,-0.11885810492789146
2016-11-14,0.5441879994677643,-0.16227664645604165,-0.11885810492789146
2016-11-15,0.5484799287735956,-0.16308469691172206,-0.11885810492789146
2016-11-16,0.5484203072077829,-0.16298531675869282,-0.11885810492789146
2016-11-17,0.5551848782801082,-0.1642250802008482,-0.11885810492789146
2016-11-18,0.5550929290915213,-0.16409923270231802,-0.11885810492789146
2016-11-21,0.5537172846907321,-0.16397222869185527,-0.11885810492789146
2016-11-22,0.5535719342662925,-0.16415119364902878,-0.11885810492789146
2016-11-23,0.5536340174813911,-0.16411262563164924,-0.11885810492789146
2016-11-25,0.5531440683618181,-0.16424371313118175,-0.11885810492789146
2016-11-28,0.5526754519022447,-0.163686723405885,-0.11885810492789146
2016-11-29,0.5529256855176168,-0.16419752082575448,-0.11885810492789146
2016-11-30,0.5557018742743325,-0.16416412348861162,-0.11885810492789146
2016-12-01,0.5582381980578149,-0.165384552103327,-0.11885810492789146
2016-12-02,0.5638965649952113,-0.16812070664639653,-0.11885810492789146
2016-12-05,0.5751200796992976,-0.17046112004589603,-0.11885810492789146
2016-12-06,0.5758172633410424,-0.171355894916852,-0.11885810492789146
2016-12-07,0.5713948979433768,-0.17151042513527798,-0.11885810492789146
2016-12-08,0.5730438661901008,-0.17276997497149812,-0.11885810492789146
2016-12-09,0.5720357915548269,-0.17272460557578967,-0.11885810492789146
2016-12-12,0.5722444884849055,-0.17291642132135898,-0.11885810492789146
2016-12-13,0.5740926498540331,-0.1729588317256767,-0.11842957611703755
2016-12-14,0.5775785609301165,-0.17193111445521467,-0.11822288371447207
2016-12-15,0.5850183782926827,-0.1731340603043094,-0.11832018717092209
2016-12-16,0.5933016090356886,-0.17644145197180883,-0.11789118665705305
2016-12-19,0.5933401282050135,-0.1767422140161322,-0.11803639830527414
2016-12-20,0.5938500016541035,-0.17687053601895464,-0.11818375761540842
2016-12-21,0.5965179009364433,-0.17669626085629236,-0.1181197742656377
2016-12-22,0.6026685545511455,-0.17726508595039184,-0.11781836410354601
2016-12-23,0.6027138389943351,-0.17750016783663886,-0.11786554379257624
2016-12-27,0.6027355291812314,-0.1778421470041232,-0.11799464182353954
2016-12-28,0.6113855966774709,-0.17694732129682064,-0.1167809773719155
2016-12-29,0.6131799328718273,-0.17799412101843037,-0.11665221591527648
2016-12-30,0.6176105860035457,-0.17942337309301204,-0.11637903108370118
2017-01-03,0.61546160015403,-0.17956107502300817,-0.11637903108370118
2017-01-04,0.6140745002872092,-0.1796162939173345,-0.11637903108370118
2017-01-05,0.6140557304313815,-0.17938317531006756,-0.11623456464444773
2017-01-06,0.6140189934675452,-0.1793982647654128,-0.11610066446591742
2017-01-09,0.6112852606475416,-0.17949478133722868,-0.11652939931806157
2017-01-10,0.610879911022742,-0.18058612707463628,-0.11741043118910167
2017-01-11,0.611076590155012,-0.18123012318488568,-0.11791928681391281
2017-01-12,0.6114189925354249,-0.18071477244108525,-0.11757309432302429
2017-01-13,0.6114794313395507,-0.18348809888770073,-0.11958495645324825
2017-01-17,0.612328465680227,-0.1828231064243083,-0.11900650178734408
2017-01-18,0.6124072775397044,-0.18301303756276044,-0.11918041310440378
2017-01-19,0.612230922755275,-0.18249146257837312,-0.11895796512073932
2017-01-20,0.6124294494396564,-0.18251518448377077,-0.11900115727407459
2017-01-23,0.6118306291501237,-0.18273561353611362,-0.11941309822336
2017-01-24,0.6135796945495248,-0.18248029151812956,-0.11916545215389125
2017-01-25,0.617132607226374,-0.1820063439990853,-0.11855239931233882
2017-01-26,0.6168403982573972,-0.18169352196936717,-0.11840618568370787
2017-01-27,0.616055157567814,-0.1830632312808226,-0.11963214502004435
2017-01-30,0.6189632796530459,-0.18199595516499492,-0.1183133209096667
2017-01-31,0.6189123550280895,-0.18174818663721268,-0.11785590474559028
2017-02-01,0.6164669715269568,-0.1817410312947992,-0.11780181245153111
2017-02-02,0.6163706890363764,-0.18155267355091673,-0.11743647146572969
2017-02-03,0.6166274218503577,-0.1812599533562839,-0.11722990491557714
2017-02-06,0.6161092911143602,-0.18327095278383254,-0.11597336239766164
2017-02-07,0.6152425978796029,-0.1830227138536457,-0.11634344182288647
2017-02-08,0.6152104355591925,-0.1828694367133188,-0.11582627077027383
2017-02-09,0.615874943527336,-0.18539821478921847,-0.11756448132449411
2017-02-10,0.616256370417506,-0.19119439285463244,-0.12019361922098697
2017-02-13,0.6173303035639562,-0.1942313679238794,-0.12398018487942336
2017-02-14,0.6177092368431479,-0.2032188065763845,-0.13028159489996477
2017-02-15,0.6186961186018042,-0.20096005181024945,-0.12727456618787175
2017-02-16,0.6187473275018769,-0.20380011834281295,-0.12853332528449457
2017-02-17,0.6183439023196359,-0.20479204434737966,-0.1304821186158667
2017-02-21,0.619366808928494,-0.20871572191631965,-0.1334010759929198
2017-02-22,0.6192897974726634,-0.20922889170430903,-0.13328212149985777
2017-02-23,0.6184558821777281,-0.20870792537286367,-0.13681208649563256
2017-02-24,0.6183840177931097,-0.20808312087063113,-0.13563562945337002
2017-02-27,0.618353356615419,-0.20926816794325573,-0.13666244852667184
2017-02-28,0.6190447524120584,-0.20945372096173742,-0.13656233031913623
2017-03-01,0.5971456285856334,-0.19953187840480538,-0.12094008813464098
2017-03-02,0.600231397159248,-0.19170032240611729,-0.11110263622329763
2017-03-03,0.6019089902740059,-0.1991847041790692,-0.10720391150244107
2017-03-06,0.6028811849595213,-0.19565316600058938,-0.10458892398210719
2017-03-07,0.6058126828967692,-0.1947540420895766,-0.10034139573411882
2017-03-08,0.5987379737690531,-0.20209635015918326,-0.10636097498995561
2017-03-09,0.597680389189549,-0.19949308943961797,-0.10108308540780946
2017-03-10,0.5983516050980984,-0.20136203260308785,-0.09761386746308398
2017-03-13,0.5832498403614088,-0.17926782420106493,-0.06386318474849843
2017-03-14,0.5847497903206411,-0.18332703339449388,-0.06250719082062665
2017-03-15,0.5873491128317183,-0.1826677783734948,-0.06235666968623176
2017-03-16,0.5859967544672601,-0.19866398679260364,-0.08870992417754707
2017-03-17,0.5883373979127928,-0.19677136239137,-0.08940101072924313
2017-03-20,0.58807734313473,-0.19595774582392855,-0.08909925084572065
2017-03-21,0.6001837323244592,-0.19353410620734365,-0.08429873693470628
2017-03-22,0.600845437962316,-0.19321496519010123,-0.08530017503807792
2017-03-23,0.5973137100876822,-0.21728054667963564,-0.11554125432522737
2017-03-24,0.5973498174567939,-0.2176669944392014,-0.11567522877155242
2017-03-27,0.5975399668394773,-0.21758025960168598,-0.11514207604501737
2017-03-28,0.5915299713831699,-0.23927935677711132,-0.16036602457456295
2017-03-29,0.5906213880302803,-0.23614773030419192,-0.15347608428752404
2017-03-30,0.5898644837918895,-0.23487301343921263,-0.15240500795758147
2017-03-31,0.5877413279478276,-0.2313983866553974,-0.14507973718140485
2017-04-03,0.586819858954309,-0.23521036966750206,-0.14999605600862398
2017-04-04,0.5795043755298542,-0.2228959813667658,-0.1334491455452515
2017-04-05,0.5732579998423087,-0.21707704924074997,-0.1216030434378213
2017-04-06,0.5607556149514322,-0.2001217839727858,-0.09257157661923607
2017-04-07,0.561545073505236,-0.19975404018975243,-0.09289811872073878
2017-04-10,0.5607473906391865,-0.19674646949752814,-0.08492917830325494
2017-04-11,0.5556892336895128,-0.19898912674814614,-0.09459647539256977
2017-04-12,0.5501615196127478,-0.1924453197124678,-0.07954140711402229
2017-04-13,0.5504818520567788,-0.19886362842533847,-0.0825228777385491
2017-04-17,0.5471755775147814,-0.20011467156498958,-0.07928954921895678
2017-04-18,0.5444171952234172,-0.2009344779918467,-0.07830885972081959
2017-04-19,0.5503725204688282,-0.2046111892147456,-0.06180776142999586
2017-04-20,0.547763546082569,-0.20240147635633562,-0.06167520925277454
2017-04-21,0.5484786740726438,-0.20134891354874423,-0.06168448966046846
2017-04-24,0.5712685855922297,-0.211390651648687,-0.1104481293156468
2017-04-25,0.5732162233033092,-0.21547378465302347,-0.12074072580102431
2017-04-26,0.5762280973304359,-0.2165032989251809,-0.11912634397246068
2017-04-27,0.5849351833552267,-0.21689486412732248,-0.11899392429392602
2017-04-28,0.5864754320907593,-0.20046777727929363,-0.11869213703848783
2017-05-01,0.5846019650012116,-0.1911181237752345,-0.1309469980695126
2017-05-02,0.5873419485546943,-0.18886817503405537,-0.13144598158532061
2017-05-03,0.5899081584654898,-0.1923696459791775,-0.13046935363990764
2017-05-04,0.5907531726691827,-0.19843232879707856,-0.13150672975668654
2017-05-05,0.5913528142336004,-0.19849304340545793,-0.13151524175619372
2017-05-08,0.5915653612393222,-0.20296744427129487,-0.13104539751796185
2017-05-09,0.5899848283872002,-0.2086465718071398,-0.1372313334052801
2017-05-10,0.5969372921607763,-0.214914651084275,-0.1369537133619394
2017-05-11,0.6002084974329442,-0.20446452309074956,-0.13650384749060335
2017-05-12,0.5990295695809335,-0.20582555382283077,-0.13809615859882293
2017-05-15,0.6023983856181002,-0.20112728211413536,-0.1375951976505485
2017-05-16,0.6049663383724804,-0.20316179513973093,-0.13731095087331152
2017-05-17,0.6195023670762151,-0.19510835681908648,-0.13540312989689213
2017-05-18,0.6185867448373825,-0.20043115020766564,-0.1406182935946178
2017-05-19,0.6167128995349556,-0.2015512258787957,-0.14091337632669582
2017-05-22,0.6173822748900721,-0.20070974578274955,-0.1411114744631832
2017-05-23,0.617048098552591,-0.20180437393145306,-0.141577177517941
2017-05-24,0.6251332904928604,-0.17243860975803685,-0.1496525099312963
2017-05-25,0.6234802991457429,-0.17262794588205047,-0.149087403192776
2017-05-26,0.6237502230091502,-0.17260605964557374,-0.14911672818399935
2017-05-30,0.6227486170255554,-0.17258813152759206,-0.14933696928491544
2017-05-31,0.6238538419737789,-0.17270567735897513,-0.14926654834122025
2017-06-01,0.6252977650452056,-0.17225834687275604,-0.14921631562678964
2017-06-02,0.6211437509633537,-0.1722494210870227,-0.14751510541828947
2017-06-05,0.6202789397359819,-0.1724527695998957,-0.14817602207626265
2017-06-06,0.620551766373207,-0.1767541440342766,-0.15540562566001895
2017-06-07,0.6216508599089962,-0.17715888504621624,-0.1584961132772155
2017-06-08,0.6215253680471834,-0.1762698836055095,-0.1582986987137074
2017-06-09,0.6205072801475845,-0.17208845534413944,-0.1450431420298425
2017-06-12,0.6183415795203296,-0.17328170724122763,-0.14521085784290416
2017-06-13,0.6190929033476122,-0.17362240828694614,-0.14534564579658577
2017-06-14,0.6191495295309646,-0.17156259359592793,-0.1442264408766488
2017-06-15,0.6191045857816743,-0.16958988015296186,-0.14343708715912895
2017-06-16,0.619672650302516,-0.1696190310417158,-0.1434610279761632
2017-06-19,0.6164721431007402,-0.1709414099312822,-0.14322046951388948
2017-06-20,0.6171143944545903,-0.1704480012976282,-0.14322046951388948
2017-06-21,0.6176655527038016,-0.17044352326701562,-0.14322046951388948
2017-06-22,0.6176967116786851,-0.170511947541748,-0.14322046951388948
2017-06-23,0.626004958319701,-0.17219826304244645,-0.14322046951388948
2017-06-26,0.6332557321135961,-0.09198792290196225,-0.16708357716640293
2017-06-27,0.6307159002682055,-0.09112062585130114,-0.16669861684817355
2017-06-28,0.6264365537348197,-0.09330701680744835,-0.1707397503205103
2017-06-29,0.6368473076094456,-0.106804538558428,-0.17035270153338214
2017-06-30,0.6465908577762798,-0.1208707524669594,-0.16997206889045222
2017-07-03,0.6466971499381519,-0.12847264006055653,-0.1720584526408286
2017-07-05,0.6483298147082386,-0.11699619808415643,-0.17204756123099968
2017-07-06,0.647058920091494,-0.12364217796939143,-0.17175306703369095
2017-07-07,0.6444667570234095,-0.12419911077657164,-0.172722418018079
2017-07-10,0.6314607838214863,-0.14448021200036204,-0.19804543022428522
2017-07-11,0.6310586071226121,-0.14086612677822274,-0.18911493809379168
2017-07-12,0.6256989100244076,-0.1230639671122092,-0.1775934076944555
2017-07-13,0.625767719475064,-0.12296909061750513,-0.17227831107588584
2017-07-14,0.6225497742234971,-0.11596553553541794,-0.1618928843569604
2017-07-17,0.622282599128113,-0.11784601774036446,-0.16461686959176525
2017-07-18,0.6211407569584657,-0.11868405761478341,-0.16762986442321576
2017-07-19,0.6229966892203683,-0.11785746689241582,-0.16555839742495856
2017-07-20,0.6255719887963868,-0.1106503894055547,-0.12865910275924008
2017-07-21,0.6247188007603696,-0.09941293466022884,-0.12040666089045926
2017-07-24,0.6216763897080879,-0.09395315149053739,-0.1136091211748204
2017-07-25,0.619737036328366,-0.10018141393643079,-0.1156410725920278
2017-07-26,0.6188690176667446,-0.10029856711200577,-0.11648893146391208
2017-07-27,0.6227631417253972,-0.09834236732268531,-0.1549863998855131
2017-07-28,0.6233786945673042,-0.0982096950272854,-0.15290165195910385
2017-07-31,0.6225715491387933,-0.10294896323286039,-0.16160446332473907
2017-08-01,0.6261486854137092,-0.10217225106748998,-0.16522118174099526
2017-08-02,0.6217907506770368,-0.08880888666959917,-0.14616081212248752
2017-08-03,0.6218285409223042,-0.08671822013467725,-0.1427616073693247
2017-08-04,0.6221940482297017,-0.08689972094747554,-0.14432645399295913
2017-08-07,0.6162790443260695,-0.056571156212567496,-0.09780976047812096
2017-08-08,0.6167151637186334,-0.05692250410397531,-0.09833656445678399
2017-08-09,0.6169586188679355,-0.05713620519581042,-0.10161104517220407
2017-08-10,0.6160042704647716,-0.07646885062469758,-0.10414257188150906
2017-08-11,0.6146897240503656,-0.06821061825208798,-0.09651548613598587
2017-08-14,0.6097677046296567,-0.08540328209828968,-0.09410191461676884
2017-08-15,0.6094702307693662,-0.08522542917539491,-0.0968450178790215
2017-08-16,0.6067035820202984,-0.0746799352289733,-0.08703727292074441
2017-08-17,0.5962111350437268,-0.0950669202612457,-0.08761880231398415
2017-08-18,0.5964130110905473,-0.09691950474554858,-0.08739992655311771
2017-08-21,0.5962902615800418,-0.10277054893316565,-0.09168356487369304
2017-08-22,0.5910709003824056,-0.11311083187798524,-0.09041042927234946
2017-08-23,0.5905580120967557,-0.11684247521133895,-0.09078021605658128
2017-08-24,0.5878065679973906,-0.13479752946041254,-0.12162268061219952
2017-08-25,0.587361083409521,-0.13809715633636244,-0.1311694530806805
2017-08-28,0.5882043693407477,-0.1324262377088347,-0.1264068851015459
2017-08-29,0.5882327053557946,-0.13274608631282445,-0.12588413819612046
2017-08-30,0.5866980074465632,-0.13314663562075912,-0.12604212803101889
2017-08-31,0.5883615195924861,-0.11344332687888344,-0.08670066695393897
2017-09-01,0.5883536831735611,-0.11302657913665602,-0.08781045850446434
2017-09-05,0.5924485194785406,-0.13068439378169805,-0.11887821928776661
2017-09-06,0.5931489236589395,-0.13339229418405565,-0.12281018080470718
2017-09-07,0.5926132130008472,-0.13250815426300094,-0.11412888067756406
2017-09-08,0.5890194924235825,-0.13201220097107993,-0.10968432825292133
2017-09-11,0.5732414260381208,-0.16587993254174777,-0.15424785983643063
2017-09-12,0.5838778467733571,-0.16598767806163928,-0.15237342628758468
2017-09-13,0.5930816056794674,-0.16719847035422122,-0.1526620378867923
2017-09-14,0.5911949218778171,-0.16782916397951356,-0.1597719962976495
2017-09-15,0.5963180757514729,-0.16887587508697768,-0.1632629466571468
2017-09-18,0.5959406922271863,-0.16975918885619853,-0.1556092403200668
2017-09-19,0.5958616355089044,-0.1695331299753715,-0.15478008639229293
2017-09-20,0.595088167022277,-0.16696845555329104,-0.14430479725098747
2017-09-21,0.5888225603032586,-0.16080543905620887,-0.1287085892782017
2017-09-22,0.5857579608971779,-0.16130481003200306,-0.13123766397029166
2017-09-25,0.5826734661408467,-0.1656910795828091,-0.13575899777796763
2017-09-26,0.5756215519461517,-0.1634186321974799,-0.13304473883638956
2017-09-27,0.5718535623195885,-0.16597419794250437,-0.13404674402502662
2017-09-28,0.5716595830500124,-0.1662764144140724,-0.13409113931157376
2017-09-29,0.5634369773498159,-0.16748794306014056,-0.135153560460045
2017-10-02,0.5577506487403446,-0.16803195545947086,-0.13620631569563657
2017-10-03,0.5568818440613365,-0.1681127132737621,-0.13625679358980655
2017-10-04,0.5561633812685431,-0.16858657547354883,-0.13631340169293174
2017-10-05,0.5580190348638148,-0.16836655420332444,-0.13523725042433613
2017-10-06,0.5574467225603192,-0.16832648882493723,-0.1352201024647933
2017-10-09,0.5567185707901219,-0.16849406253630814,-0.1352962688101214
2017-10-10,0.5544194770388562,-0.16877144340049016,-0.136037126271584
2017-10-11,0.5340297505819124,-0.17153203903360448,-0.14026858879584647
2017-10-12,0.5349837237362473,-0.17147430392917656,-0.1402001485835094
2017-10-13,0.532476995753078,-0.17170719267337414,-0.14024544446398665
2017-10-16,0.5322089030729212,-0.17169703797803165,-0.1400469652483996
2017-10-17,0.529791446520489,-0.17284461159521225,-0.14022952398114827
2017-10-18,0.5268023314773569,-0.1732531113949393,-0.1418312349347849
2017-10-19,0.5263949199452713,-0.17332669968322487,-0.14147742906376498
2017-10-20,0.5267798388887761,-0.17307085275816386,-0.1413939081507463
2017-10-23,0.5310157972437388,-0.17273270438645477,-0.14063677659261228
2017-10-24,0.5332737887682736,-0.17293836430905457,-0.14375986341427993
2017-10-25,0.534394669444246,-0.17268387098606897,-0.1436546030678594
2017-10-26,0.5325744270939171,-0.17278629666805567,-0.1445465920167051
2017-10-27,0.5150994871104714,-0.17199802303832779,-0.1282956580799769
2017-10-30,0.5124402752164764,-0.17173691397988364,-0.12896844987498482
2017-10-31,0.5121145459395756,-0.17172732625337137,-0.1287948341044884
2017-11-01,0.5118609287749504,-0.17172454869850726,-0.1288452458645877
2017-11-02,0.5116322064005502,-0.17172951743338027,-0.1287607875319546
2017-11-03,0.5107820896437828,-0.17161256527617777,-0.12731999031082705
2017-11-06,0.5105830321865306,-0.17160460856214116,-0.12717179398025172
2017-11-07,0.5358916924910531,-0.17912049816302214,-0.12717351964319273
2017-11-08,0.5371934797673111,-0.17938874477281833,-0.12695805242118136
2017-11-09,0.5470537012126886,-0.18099675201922802,-0.12644337163056177
2017-11-10,0.5476541686580582,-0.1810611080537979,-0.12644251405765636
2017-11-13,0.5477109316559182,-0.18121040703922947,-0.1264328139569885
2017-11-14,0.5490236830443272,-0.1810571634843204,-0.12617519161546245
2017-11-15,0.5564593305098555,-0.18151907621325414,-0.12576892213932148
2017-11-16,0.5642738596188395,-0.1803774813657554,-0.12337993554848237
2017-11-17,0.5678107842173601,-0.18057358704760085,-0.1231185266677841
2017-11-20,0.5673258543715367,-0.18068361095349594,-0.12310104638760247
2017-11-21,0.5755650543842373,-0.18093953045004013,-0.12148942597504313
2017-11-22,0.5755824479741779,-0.1809477377386697,-0.1214817547426009
2017-11-24,0.5758930142403915,-0.1808816236086245,-0.12133123788069777
2017-11-27,0.5771748131052249,-0.1810698385087044,-0.12132309702985364
2017-11-28,0.5761162183311741,-0.17978866575337227,-0.12125924254960711
2017-11-29,0.5603886002485505,-0.17980579469268693,-0.11696061341640747
2017-11-30,0.566164542259146,-0.17868628941307418,-0.11613759952261514
2017-12-01,0.5677106299413165,-0.1788900831235378,-0.11587492363753289
2017-12-04,0.5636804713377551,-0.17883323351701064,-0.1141716106515879
2017-12-05,0.5650185620847166,-0.1790830289374544,-0.11417067387664949
2017-12-06,0.5644275901691533,-0.179216194372075,-0.11395787623657362
2017-12-07,0.5762035777862814,-0.18213781303492252,-0.11384524848128237
2017-12-08,0.5781591013286344,-0.1817256147581832,-0.11364686750680808
2017-12-11,0.5809568835006126,-0.18220968636512877,-0.11300237086350087
2017-12-12,0.5800933010213352,-0.18222673947245535,-0.11297079176401213
2017-12-13,0.5753389964486735,-0.1829891170270836,-0.11430769171969772
2017-12-14,0.5753694820626702,-0.1841007331389349,-0.11436364150139701
2017-12-15,0.5822629626066711,-0.18313527253543094,-0.11294757553630633
2017-12-18,0.5848703638205991,-0.18256972084839823,-0.11239924169958497
2017-12-19,0.5871384751073586,-0.1822545725979515,-0.11210721760131676
2017-12-20,0.586515051415298,-0.18246203248721715,-0.11222337823264049
2017-12-21,0.5859879960326794,-0.18262198559423695,-0.11223600805751363
2017-12-22,0.5853941867250141,-0.18270817751942456,-0.11232453162795855
2017-12-26,0.5854737155326319,-0.182671368966708,-0.11195456209467196
2017-12-27,0.5852170927601108,-0.18275160990898764,-0.11222123337282307
2017-12-28,0.5784194367760945,-0.18424783685713747,-0.11296260567036565
2017-12-29,0.5808416495379783,-0.18896608018708605,-0.12056852556148069
2018-01-02,0.5830941124176995,-0.16552510344718147,-0.06797429895499622
2018-01-03,0.5910333793081918,-0.16925402478719306,-0.07280944808868167
2018-01-04,0.5935487541209002,-0.16459150261633662,-0.07155841698428042
2018-01-05,0.5974194015362445,-0.16554472505597234,-0.07321533966948579
2018-01-08,0.5966705630828109,-0.16568965687600726,-0.07351459689512489
2018-01-09,0.5996749549136113,-0.1671236981224069,-0.07240748521825706
2018-01-10,0.6006447784206513,-0.1683014537469155,-0.07404703590576392
2018-01-11,0.6033963718921608,-0.16222825582559133,-0.06934180790114557
2018-01-12,0.6056860139665073,-0.14251844711450984,-0.050714450030557794
2018-01-16,0.6067109782025177,-0.14380062725662093,-0.05192764778806245
2018-01-17,0.6119828179384524,-0.15838302452740227,-0.06861873922143288
2018-01-18,0.6118151861513677,-0.1567883853947745,-0.06817194116281754
2018-01-19,0.6124220964687926,-0.15286614720962857,-0.06595501845125352
2018-01-22,0.6174195295070689,-0.14911058698560076,-0.061717695137103054
2018-01-23,0.6167565238975361,-0.1475913835681011,-0.05371231543481497
2018-01-24,0.61321072083538,-0.14896584724796005,-0.07140468249696762
2018-01-25,0.607890447179726,-0.14805102814985815,-0.06937902530374147
2018-01-26,0.6192645080910525,-0.14476518760599508,-0.0661657619798028
2018-01-29,0.6230406107228986,-0.13370073311369504,-0.05885799188602445
2018-01-30,0.6254543011062068,-0.12151681766260275,-0.0505851657300417
2018-01-31,0.6246197599016157,-0.1215579088062474,-0.0461597142618443
2018-02-01,0.62571786144462,-0.1228299794423843,-0.051814374258015564
2018-02-02,0.6574795005310246,-0.052807353486818316,0.006259909285091042
2018-02-05,0.5987588033984391,-0.0636787078974886,0.005882121394084819
2018-02-06,0.5821191352649208,-0.09191504319276951,0.006840234998292738
2018-02-07,0.5819455383770484,-0.08647176322250393,0.008656994783639592
2018-02-08,0.5818284492733864,-0.08838902199066502,0.007459998044144891
2018-02-09,0.5811539845996215,-0.08162820437217594,0.011861365189216334
2018-02-12,0.5717985811514164,-0.07052344291322493,0.00982461553306243
2018-02-13,0.5699695349672596,-0.06309118044259225,0.015364072045759293
2018-02-14,0.5614474519790679,-0.02325630452994408,0.011934022279247619
2018-02-15,0.5530896727734675,-0.024219357933612747,0.007636319015434139
2018-02-16,0.5530062340880437,-0.0224586860337907,0.009161056763144156
2018-02-20,0.5520471058470423,-0.0053836455674439445,0.013093720338366302
2018-02-21,0.5499636300131202,-0.0014322919422381016,0.013232534600490915
2018-02-22,0.5498956390236809,-0.0005705059324894859,0.012618608198848117
2018-02-23,0.5406785066416172,-0.0036332844702670936,0.020141079835430772
2018-02-26,0.5354113402632754,0.00039978957438624,0.01844589656768493
2018-02-27,0.5306660528402396,0.023587546704593274,0.02009574214457626
2018-02-28,0.5269315166402487,0.02570311812825534,0.020940424856282235
2018-03-01,0.5116663974603579,0.033848877153828456,0.02395231225759448
2018-03-02,0.5077770198276305,0.024186803867712457,0.010278369711434868
2018-03-05,0.5030509964133149,0.021049974603069798,0.010620121612224491
2018-03-06,0.5019899990756537,0.019978568568851586,0.005466202864450646
2018-03-07,0.5014381230751626,0.01982541878343156,0.0053666530079573204
2018-03-08,0.501155762600148,0.018198338407730563,0.005687835349888643
2018-03-09,0.5203266908065033,0.02033616331245638,0.008452282989099974
2018-03-12,0.5174901964782453,0.02036412768916057,0.008439798493478173
2018-03-13,0.5218268646708725,0.018130604069017012,0.003483683539964661
2018-03-14,0.5205152027097215,0.018719481408833196,0.003571726714614961
2018-03-15,0.5180050160902396,0.020621446184232645,0.005395102240990144
2018-03-16,0.5171152801921557,0.020495259607571717,0.0069617232642709085
2018-03-19,0.5333881478751059,0.015433230576605393,-0.0014570816161848551
2018-03-20,0.5336004217883735,0.014724214597789196,-0.003526563934576682
2018-03-21,0.5221246769462307,0.007252063329899337,-0.018220010992589804
2018-03-22,0.5226944321379206,0.011246136966518088,-0.01674119972137369
2018-03-23,0.5226883642502325,0.00964737196007466,-0.017856458163329623
2018-03-26,0.5226764895682442,0.00903788617811403,-0.018370243467530946
2018-03-27,0.5226698089226633,0.009663989972416,-0.017650618554926466
2018-03-28,0.524597162298176,0.011055356448532939,-0.01590555846273116
2018-03-29,0.5246603493109464,0.011010907597829628,-0.015954949836822288
2018-04-02,0.5250438832389366,0.009728978472190557,-0.016963594781031325
2018-04-03,0.5248979708111643,0.010419051051079042,-0.016114745952345712
2018-04-04,0.5247699836585605,0.010284978494322939,-0.016242318152155624
2018-04-05,0.5248444181120633,0.01078922440858872,-0.01566575124708119
2018-04-06,0.5238439613003479,0.010274626601949347,-0.016178858014934024
2018-04-09,0.5240437780865441,0.009945913222465705,-0.01651114877310243
2018-04-10,0.5239483291591931,0.009689945943830571,-0.016757687720127964
2018-04-11,0.5239762666540988,0.008858154720268675,-0.017473093821088855
2018-04-12,0.52175046678561,0.0012004503814843416,-0.006125760325076544
2018-04-13,0.5202149382544675,0.003806470060039529,-0.001725810710236839
2018-04-16,0.5179218634513538,0.010116651284280086,-0.00022799708845891868
2018-04-17,0.516736412597214,0.014804117941275454,-0.0006568398137927042
2018-04-18,0.516844911821524,0.017435856533670187,-0.00021911941020683087
2018-04-19,0.516150570107434,0.01589238188105688,-0.000992190973180499
2018-04-20,0.5166848222180825,0.023940493710830152,6.59502523869537e-05
2018-04-23,0.5168610538212405,0.026540191587377294,0.0012637512254673505
2018-04-24,0.5103559395332063,0.03520704078741746,0.011480957707890253
2018-04-25,0.5083267837481329,0.04358339909904223,0.023075046488697893
2018-04-26,0.5051401565883428,0.03896183813217589,0.025151836102059774
2018-04-27,0.5061552041426249,0.039056152909211675,0.02848303900117372
2018-04-30,0.506884401984335,0.04042669849365068,0.02790510568869692
2018-05-01,0.5076916828008452,0.04308113416366284,0.04074876542277878
2018-05-02,0.5078257360886022,0.043072068440597445,0.0407860428871518
2018-05-03,0.5075234305332702,0.04265531154516896,0.03988861556529522
2018-05-04,0.5027552597795641,0.04229795754909324,0.03988888290427839
2018-05-07,0.5017013730229873,0.04230737782024497,0.03992847537448432
2018-05-08,0.502068714408044,0.0423076485849928,0.039942496110609405
2018-05-09,0.5083014213437772,0.04209239788510247,0.03971288172109347
2018-05-10,0.5135130974485568,0.04189773522085093,0.03939703333959882
2018-05-11,0.5126234815106184,0.04189305802481648,0.03939619250190951
2018-05-14,0.513360229026653,0.041902713094936254,0.03940211649081414
2018-05-15,0.5175234679638888,0.04184325358777517,0.039069337352210305
2018-05-16,0.5198581115276003,0.04180986592549665,0.03899417281004564
2018-05-17,0.5108013422323314,0.042618412700848624,0.039178963876635005
2018-05-18,0.5123514903416813,0.04263131251987758,0.0391003994258052
2018-05-21,0.5158761117931537,0.04259688653017249,0.03901109866302087
2018-05-22,0.5171169816643544,0.04262880971241856,0.03900584808204798
2018-05-23,0.516801588469516,0.04262291544210576,0.03880586888934805
2018-05-24,0.5166704482647226,0.04261869871455813,0.038831379940082116
2018-05-25,0.5148808352919853,0.042651259602012034,0.03903298073540417
2018-05-29,0.5176300599064323,0.04230264918616934,0.038985249230666104
2018-05-30,0.5221765769197922,0.04188578822868027,0.038842271179995336
2018-05-31,0.5216949728205714,0.04178772732863093,0.03884139249880703
2018-06-01,0.5270307189467672,0.04171067804227368,0.03820556349946054
2018-06-04,0.5292398901526958,0.04168505232027442,0.03833731113471837
2018-06-05,0.5289092494098572,0.04168699508841302,0.03831239170998693
2018-06-06,0.5300749044733485,0.04761521170584944,0.04580665265823967
2018-06-07,0.5283017132121418,0.04847127092608848,0.0484679723220137
2018-06-08,0.5280510808524435,0.048280228553834154,0.049124604487655654
2018-06-11,0.5277679198192916,0.04545605651551571,0.03993394492233353
2018-06-12,0.527163478439711,0.0452147609049637,0.0396719834343718
2018-06-13,0.527843594356513,0.044714430392964605,0.03978130318974101
2018-06-14,0.5263995843903568,0.043090867000500306,0.03892775170203736
2018-06-15,0.526766222117005,0.041447917148390585,0.038538185547596734
2018-06-18,0.5268864176594276,0.041479118263413266,0.038563153149852536
2018-06-19,0.5301743390177299,0.04340062474937389,0.038426154862434884
2018-06-20,0.5304549758505702,0.043407347869222374,0.038193891565721706
2018-06-21,0.5340303916161702,0.04338025341240283,0.03811735865646541
2018-06-22,0.5333094845517964,0.04334575295729348,0.03813559449788767
2018-06-25,0.5413708758932472,0.04307178778199001,0.038037262030457146
2018-06-26,0.5411930579331038,0.04304244930395359,0.038037262030457146
2018-06-27,0.5410865922044227,0.04303620824308055,0.038037262030457146
2018-06-28,0.5426145660142735,0.04318937504079526,0.038037262030457146
2018-06-29,0.5446493236384307,0.04325076375596068,0.038037262030457146
2018-07-02,0.5446086600663185,0.043244841725313565,0.038037262030457146
2018-07-03,0.5444469034924624,0.04328340874715143,0.038037262030457146
2018-07-05,0.5424194541820525,0.043064935348391446,0.038037262030457146
2018-07-06,0.5423840769438925,0.04288906397160122,0.038037262030457146
2018-07-09,0.5411392783363804,0.04276584991600535,0.038037262030457146
2018-07-10,0.5407292827721663,0.042708616641487805,0.038037262030457146
2018-07-11,0.5392628833852265,0.04265722474296935,0.038037262030457146
2018-07-12,0.5459186329937512,0.04257823923948675,0.03720559054129132
2018-07-13,0.5460149383525551,0.04259372424227539,0.03719243635573473
2018-07-16,0.5470006314288609,0.04270773025634769,0.037211425249337085
2018-07-17,0.5476812207639716,0.04262066642610006,0.037039022218743146
2018-07-18,0.5479417060519227,0.04259270982779983,0.03719141790979381
2018-07-19,0.5480518917193264,0.042734884090783715,0.037364748464085294
2018-07-20,0.5481641880472057,0.04275077512238822,0.03739038868150521
2018-07-23,0.5481225420306283,0.04271238397388868,0.03731605915029112
2018-07-24,0.5500256456184488,0.04259129616603128,0.037332093899698986
2018-07-25,0.5551031116431955,0.042364237501655425,0.036657090473828854
2018-07-26,0.5526997037469058,0.04237867563658541,0.0364083408841312
2018-07-27,0.5569550643750351,0.042340922171432614,0.03619172169927202
2018-07-30,0.5574227698549241,0.04232776599272571,0.036201855588233835
2018-07-31,0.556683021814795,0.04220881972514698,0.03618280261977157
2018-08-01,0.5565381410399827,0.04225888186527621,0.03622615568592589
2018-08-02,0.5558331445482917,0.042133912459343975,0.03627987502760036
2018-08-03,0.5547021451938502,0.042029240338895546,0.03625947929044468
2018-08-06,0.554219348265302,0.04198510865255185,0.03629173397525214
2018-08-07,0.5543979171476118,0.04195173598726978,0.036468462596364146
2018-08-08,0.5540478596822904,0.04194204532835806,0.0364510501221695
2018-08-09,0.553969394340497,0.04195279105687916,0.0364366151146275
2018-08-10,0.5533475459019885,0.0552439099768084,0.04001506626668298
2018-08-13,0.5530447850767927,0.05498203922119065,0.04052728473190671
2018-08-14,0.5548551999740499,0.06474540005924899,0.040081908768171616
2018-08-15,0.553245620207602,0.06384119897668461,0.03961359442955834
2018-08-16,0.5512601031094675,0.06297758111009348,0.04049325300827732
2018-08-17,0.5581821945178688,0.07638814570439216,0.041061770164762826
2018-08-20,0.5580893273516578,0.07579429041425173,0.04092948025420572
2018-08-21,0.5579254098336343,0.07599776482622622,0.04133162176495378
2018-08-22,0.5614689097388623,0.08304173801412432,0.04100214296813967
2018-08-23,0.5618071221202686,0.0857884261879965,0.04140619381707475
2018-08-24,0.5607652474822894,0.08415582906594452,0.04116046490343132
2018-08-27,0.5637188805286814,0.08325470727537075,0.04130076046283589
2018-08-28,0.5636033107274881,0.08786332092186601,0.04397165883708336
2018-08-29,0.5645208577466324,0.08784200619788048,0.043440012131685
2018-08-30,0.5656844741823175,0.08807907981677436,0.043378990689330335
2018-08-31,0.5638526104289091,0.08026817918685308,0.027982081099727343
2018-09-04,0.5645955136414519,0.08012270447371903,0.028560556618793406
2018-09-05,0.5598948321492703,0.09599873458681796,0.046124755780437635
2018-09-06,0.5604920083164076,0.09812181778425542,0.047913366145122475
2018-09-07,0.5614347104571753,0.10112648558725176,0.045322585298649735
2018-09-10,0.5620821677296951,0.10077911407027255,0.04383474131911055
2018-09-11,0.5567682463985268,0.12598536115796155,0.07077557236671232
2018-09-12,0.5564075836046724,0.12494576339931457,0.06985410721500325
2018-09-13,0.558176633940587,0.12506980846691776,0.07098562470842729
2018-09-14,0.5585414540568817,0.12631792823453464,0.07613169952403818
2018-09-17,0.5609130312456849,0.12671340246316937,0.07772464140463486
2018-09-18,0.5627226256184096,0.12984278856571235,0.07538095152177536
2018-09-19,0.562682143368267,0.1298936114074341,0.07501339920975865
2018-09-20,0.5662311515570713,0.12974309327104555,0.07013229463859337
2018-09-21,0.5653220359852135,0.12599884025210192,0.061865400047720474
2018-09-24,0.5634942887971003,0.12685162221918173,0.06324250682348309
2018-09-25,0.5629118662625754,0.13426552976545322,0.06809156602943472
2018-09-26,0.56237627409323,0.1357746177700055,0.06798631583454597
2018-09-27,0.5624634586330838,0.13790402230677232,0.06737171365124603
2018-09-28,0.5625367360066684,0.13791172028353157,0.0673729408492625
2018-10-01,0.5630864574200914,0.1379138278225512,0.06734375157742033
2018-10-02,0.5638903742419021,0.13804369103241726,0.06733907121695464
2018-10-03,0.5640192182865977,0.13807274576698914,0.06732765307222766
2018-10-04,0.5686377894604979,0.13758666323922608,0.06610145855172464
2018-10-05,0.5670030375803258,0.13759620099187125,0.0664100543175875
2018-10-08,0.5673409089566778,0.1376077946210478,0.06642671577744454
2018-10-09,0.5671215202607741,0.13761268006124697,0.06642298778851116
2018-10-10,0.561513343858943,0.1362333979793308,0.06643050549258807
2018-10-11,0.5615214654503905,0.12341042703998473,0.05950734437014046
2018-10-12,0.5612817703999582,0.12363395838347759,0.05973527226977492
2018-10-15,0.5614823307274338,0.12221337039199127,0.058969448913343964
2018-10-16,0.5615902339074462,0.1224057259651801,0.05921168848494978
2018-10-17,0.5616304257935516,0.12242987152182958,0.05925300407814543
2018-10-18,0.561781530768475,0.12230321323800222,0.05912816479821981
2018-10-19,0.562128506519273,0.12220952299312068,0.059015389201918365
2018-10-22,0.5618471520973172,0.1226704556918089,0.05927294310599281
2018-10-23,0.5604625284578693,0.12154069556017556,0.05850996213277253
2018-10-24,0.5604270246475096,0.12125643010955829,0.05832520676345449
2018-10-25,0.5592999132880629,0.12150577709819248,0.05843225492268969
2018-10-26,0.5599822537394535,0.12103175258299054,0.058024949604253265
2018-10-29,0.5642446345307549,0.12186960126726824,0.061979970185214735
2018-10-30,0.5659259263034765,0.12211513473358102,0.062246119391347325
2018-10-31,0.5660254125882369,0.1223403424065628,0.0625655949453849
2018-11-01,0.5661226427738112,0.11870608570001215,0.06049501313403047
2018-11-02,0.5662353606044643,0.1186956680942157,0.060442257944480014
2018-11-05,0.5665865808577791,0.11901611805120474,0.061177296064569106
2018-11-06,0.5666418217109536,0.1192535469439921,0.06143788857913166
2018-11-07,0.5537388336315194,0.11589843415873559,0.061459341321608775
2018-11-08,0.5537462824581058,0.11674743038648651,0.061721508149533165
2018-11-09,0.5522058398392784,0.11966269181045729,0.061852338177103755
2018-11-12,0.5522025111991592,0.11965944649126888,0.06185102804503857
2018-11-13,0.5522259268748366,0.1196756346361535,0.06188209690346704
2018-11-14,0.5516342461094499,0.11968281164573583,0.06185865949347415
2018-11-15,0.5501100957010886,0.1197858861176001,0.06184810370195852
2018-11-16,0.5460600010009182,0.12035122912448848,0.06274799637858113
2018-11-19,0.5452581562867516,0.12037292045970958,0.06272703754229665
2018-11-20,0.5454696304123506,0.12041150483065462,0.06271338572606885
2018-11-21,0.5431683397548939,0.12076852378662961,0.06341472067311625
2018-11-23,0.543454964395818,0.12076283544088767,0.06344655758633552
2018-11-26,0.5433130936552903,0.12082531582531572,0.063578843929711
2018-11-27,0.543273903897815,0.12082069963373122,0.063570168168321
2018-11-28,0.5435937986149916,0.1216260780318592,0.06365147827677801
2018-11-29,0.5522470998540753,0.12162069837451259,0.06456639520162767
2018-11-30,0.5487453572871437,0.12224615446666125,0.06505202557179372
2018-12-03,0.543516552683485,0.1210541983053632,0.06504135896349278
2018-12-04,0.5459401042070113,0.1210373894905001,0.06539300480064658
2018-12-06,0.5466420942279633,0.12107867368994919,0.06540870659245192
2018-12-07,0.547590322218328,0.11978749482198224,0.06483468552887282
2018-12-10,0.5472310447058693,0.12011681211205903,0.06511720530076712
2018-12-11,0.546179036160823,0.12049452275524945,0.06537422478351695
2018-12-12,0.5463364185355818,0.1203196697009621,0.065673030795407
2018-12-13,0.5467141131624059,0.12052543503848429,0.06574333020952428
2018-12-14,0.5470005536219944,0.12071923377472472,0.06592074792111881
2018-12-17,0.547118679772641,0.11945209572924959,0.06517256922785836
2018-12-18,0.5431014309142785,0.11972832980439034,0.06590004906033858
2018-12-19,0.5408374788766939,0.12020351079744566,0.06646936404792175
2018-12-20,0.5394140099680242,0.11588942912607979,0.0641630297212215
2018-12-21,0.539329962439716,0.11606499004438647,0.06421788227516467
2018-12-24,0.5394261874365992,0.11376168142935258,0.06294870333998977
2018-12-26,0.5393714526630093,0.11392675597618103,0.06299931631419116
2018-12-27,0.5394094489919845,0.11257499473658335,0.0622057741809524
2018-12-28,0.5394171204079684,0.11204404156791942,0.06190668806124268
2018-12-31,0.5393573384927457,0.11196779893124044,0.06187225472008417
2019-01-02,0.537938139188911,0.11538708914519857,0.06739221010897233
2019-01-03,0.5367088859691206,0.1040912105776475,0.03329309463341799
2019-01-04,0.5343085669031201,0.10683046136167013,0.03841825601637171
2019-01-07,0.5340732131063737,0.10414814678886299,0.03704496149207564
2019-01-08,0.5312888601663226,0.1056652233655678,0.039565385238490576
2019-01-09,0.5312985329109274,0.10484052812130826,0.03952091821756254
2019-01-10,0.53141103223505,0.10642760610396293,0.039557424721718436
2019-01-11,0.5311053834894253,0.10703036316346376,0.040496791397587814
2019-01-14,0.5283035818988258,0.10413680946904748,0.037014922798237336
2019-01-15,0.5257409381295258,0.09518681455483,0.022345874806123274
2019-01-16,0.5249875471888039,0.0958523565176705,0.023068310452971735
2019-01-17,0.5190992833493575,0.10841956148136182,0.039555557634547225
2019-01-18,0.525640320468192,0.08953752779822384,0.025531179958731096
2019-01-22,0.5162911680768049,0.0854930832714242,0.010676691379232592
2019-01-23,0.5115599736132092,0.08399797367404314,0.00731734589567153
2019-01-24,0.5104731451378187,0.08310974834841693,-0.0016510512796242092
2019-01-25,0.505064962084746,0.08315043359655812,0.04197751978835783
2019-01-28,0.499953322025336,0.08314854026567374,0.03405792193618229
2019-01-29,0.48693669425847175,0.08216064279879028,0.023951286151552856
2019-01-30,0.5033700213283527,0.08720594393707802,0.041450865796602405
2019-01-31,0.5035539476662825,0.080467341084523,0.03538616837699053
2019-02-01,0.5035845111153109,0.08089679192396779,0.03281365722001271
2019-02-04,0.5078128833038366,0.0770403282704718,0.027772792677366
2019-02-05,0.477664945407894,0.034785157302768065,-0.01642887150759507
2019-02-06,0.5157838996644888,0.053417875128906764,-0.012323211040462618
2019-02-07,0.5379962267536874,0.08490681485612685,-0.017839840380814796
2019-02-08,0.5392943837942114,0.08012303249999114,-0.017025437756394295
2019-02-11,0.5396352481688221,0.08092165740697424,-0.015881170477236063
2019-02-12,0.5507065996467257,0.083574465103048,-0.011338808314836414
2019-02-13,0.5580642289733216,0.07244499086024772,-0.01141126898180461
2019-02-14,0.5574575547556256,0.06801444815709015,-0.010311868773457716
2019-02-15,0.5654829130543793,0.04202741623449647,-0.00585774979379926
2019-02-19,0.5722836915248054,0.04213869653925714,-0.001500976120596387
2019-02-20,0.5721027364512427,0.041433008594917796,-0.0015265210397432823
2019-02-21,0.5749555020744506,0.03344691375435989,0.005512765196643624
2019-02-22,0.5784093421063856,0.03165422562904416,0.009156619536991036
2019-02-25,0.5782857515114102,0.03114611312699491,0.008696669950580176
2019-02-26,0.5892557084579809,0.03572670781666672,0.008760650743831679
2019-02-27,0.5955207699260548,0.03305597111542653,0.010067001157162178
2019-02-28,0.6037512032397032,0.010000398195507533,0.01216407034165431
2019-03-01,0.6112739289917121,-0.002883914724340916,0.0011283966059113426
2019-03-04,0.621928795154159,-0.010078173487086051,0.0009821669170383398
2019-03-05,0.6228226056355632,-0.014282012621012318,0.001289164681803662
2019-03-06,0.6320568556586935,-0.010015668293174658,0.001423805488864245
2019-03-07,0.638476046243481,-0.013406835847897067,0.0025010392443934708
2019-03-08,0.6386887472847113,-0.014702419131033083,0.0022455107684487617
2019-03-11,0.6537737389996863,-0.01304404683026925,0.001227275631322904
2019-03-12,0.6394596885655807,-0.015846079453127767,-0.0010444193877590584
2019-03-13,0.6444055395857844,-0.016179473042110693,-0.0011320575840856036
2019-03-14,0.6404184481425234,-0.013824149102474355,0.002881194260708962
2019-03-15,0.6432490023412545,-0.015057042665065839,0.002427700671461501
2019-03-18,0.6433672765008812,-0.017706358802104385,0.0008994918682906956
2019-03-19,0.6434176781101025,-0.01752943738238036,-0.0007761920077019021
2019-03-20,0.6233784293092406,-0.012131412110697078,0.0062514912836602295
2019-03-21,0.6322025459255548,-0.01178746312554528,0.007680826808918721
2019-03-22,0.6557008119849059,-0.0013227818220643986,0.023323334706340352
2019-03-25,0.6565100433848653,-0.006836271405258246,0.021988471327222012
2019-03-26,0.6573121095051109,-0.005138524764729876,0.023494150653091423
2019-03-27,0.6593772063673106,-0.004094077812671693,0.02419546993405975
2019-03-28,0.6595027023270243,-0.005259020484369021,0.02365722952882274
2019-03-29,0.661337404091865,-0.00804690073594689,0.02251467656201149
2019-04-01,0.667919490122477,-0.008464518390525321,0.021789199035773622
2019-04-02,0.6673084789522663,-0.006451317632791038,0.023375528272059947
2019-04-03,0.6667013592887803,-0.00800411072688431,0.022417244688932896
2019-04-04,0.6662163304269024,-0.007898106913845538,0.022579048229455497
2019-04-05,0.6670144000812159,-0.009155806360288309,0.02179386635434905
2019-04-08,0.6668060989581432,-0.008289209843534038,0.02234259809629503
2019-04-09,0.6676342261790411,-0.007379689564503208,0.022918946452814233
2019-04-10,0.668021229422889,-0.007063406414942766,0.023011334532094852
2019-04-11,0.668059111282603,-0.005567482150601483,0.024279695671067775
2019-04-12,0.6715942336688471,0.011223036374440718,0.023073993338189235
2019-04-15,0.6717292560311905,0.015290654897348587,0.024099349021074173
2019-04-16,0.6743421384809823,0.013547065018146853,0.024170613628005624
2019-04-17,0.6785263413489958,0.012073529635223491,0.02417778156949394
2019-04-18,0.6785403602067956,0.012046129807432856,0.02424816825231733
2019-04-22,0.6800390640077026,0.008996190555256188,0.02388686492833947
2019-04-23,0.6881410169671295,-0.008068291114308852,0.02231489886967042
2019-04-24,0.688657212581012,-0.010074795697409305,0.02144213088234957
2019-04-25,0.6874580939594646,-0.007528207554966355,0.022075265717583382
2019-04-26,0.6866867078690264,-0.009253799207485997,0.02117335489375175
2019-04-29,0.6918294926990242,-0.00020983269367379732,0.02045771673175091
2019-04-30,0.6894305814669602,-0.00018329078018362242,0.020768649002220606
2019-05-01,0.6896251645411079,0.00014264554208661374,0.02091483327541852
2019-05-02,0.6901940890687931,0.0002767492875764265,0.02110585483428777
2019-05-03,0.6950584814255635,-0.00032283688326180876,0.02002992589339565
2019-05-06,0.6964488363211468,-6.962492655396719e-05,0.020284856272660395
2019-05-07,0.7204268743215707,0.0016694899740118637,0.02080082871205319
2019-05-08,0.7209702611717977,0.0019570342616880834,0.02080082871205319
2019-05-09,0.720448140034859,0.002136813809902403,0.02080082871205319
2019-05-10,0.7163784854267995,0.002427792019960609,0.02134350023187344
2019-05-13,0.6795613016528687,0.0043110017187350915,0.02196128062913221
2019-05-14,0.6762399099923952,0.003946256906370533,0.021917223588991362
2019-05-15,0.6745639510469276,0.00362989998385443,0.0220024936514744
2019-05-16,0.6669586340436356,0.002700617006448369,0.02161545105216933
2019-05-17,0.6643283545388801,0.003302574237488417,0.021985664794571293
2019-05-20,0.6623665177723237,0.0036188699906440154,0.021817821408046896
2019-05-21,0.6577955469871164,0.002950958079412342,0.021600068453012895
2019-05-22,0.6562745353914973,0.0035594131952541956,0.021909016542479936
2019-05-23,0.6495532118234805,0.004051615652871705,0.021847855450646596
2019-05-24,0.6496241740342202,0.004079264788668766,0.02234410033349505
2019-05-28,0.6448746697546935,0.004524672328000218,0.022329883156428948
2019-05-29,0.6454274027298949,0.00439330977343076,0.02237984684319384
2019-05-30,0.6453375345069833,0.0037889280986591945,0.02218913540363859
2019-05-31,0.6438360034533607,0.0045918650846234615,0.022601779075148754
2019-06-03,0.6449328520031791,0.002481404984005328,0.020506279863549557
2019-06-04,0.6195795340847601,0.003047416801746561,0.021671417486898464
2019-06-05,0.6152563864237468,0.007001430459988356,0.02203212600185045
2019-06-06,0.613690452935859,0.010493260131301498,0.02188716031703468
2019-06-07,0.6078425448873561,0.02105382617953179,0.02168394441397284
2019-06-10,0.6087391608073776,0.012626763709536576,0.021842891917421527
2019-06-11,0.6090941741595529,0.013065038110875803,0.021954719548708437
2019-06-12,0.6090073885307569,0.010631660195681255,0.02155229487063948
2019-06-13,0.6087850322715215,0.014539309446501997,0.02125248704097409
2019-06-14,0.6091245832157253,0.01451582463509908,0.021276197089958784
2019-06-17,0.6104308975144528,0.014713424580499835,0.022123477390266186
2019-06-18,0.6159215956727709,0.02346242553279393,0.03247043405155874
2019-06-19,0.6160404697926938,0.024799543098499174,0.03559646015055382
2019-06-20,0.6190057044065139,0.061498789070080905,0.06893404976104599
2019-06-21,0.6200771326852428,0.058770307507301035,0.06723637827116032
2019-06-24,0.6170073156492463,0.05165035343728529,0.06384806165734985
2019-06-25,0.6250491869766164,0.048851806406669245,0.05857439382011698
2019-06-26,0.6177486424169617,0.05064111132597294,0.05083537128454131
2019-06-27,0.6183469560535029,0.050019409594732896,0.04994126964366513
2019-06-28,0.6208025415960875,0.05093100730465137,0.05010447679064123
2019-07-01,0.6265196080664706,0.02176703668777677,0.008347998846857644
2019-07-02,0.6267685351497245,0.02652059093976646,0.01801889382364702
2019-07-03,0.6291226049671946,0.027757992941131706,0.018986415347212682
2019-07-05,0.6298656824805114,0.030914999145747513,0.023273324526699665
2019-07-08,0.634906902999535,0.038451455224982944,0.030678267531740945
2019-07-09,0.6375298993677418,0.039357371635033604,0.03242310501973327
2019-07-10,0.6418835703868627,0.04865150369297913,0.05117466180598603
2019-07-11,0.6420391869195264,0.046492377265385486,0.052544311676362775
2019-07-12,0.6450585868607023,0.048990002498247545,0.056215072888532204
2019-07-15,0.6404330053415991,0.050000402003308374,0.05789981227385601
2019-07-16,0.641441977449154,0.05526913623054849,0.0646460754581465
2019-07-17,0.6428301011488097,0.03549382806328072,0.051038970945227254
2019-07-18,0.6419878747062207,0.04095341455328927,0.0517408253597532
2019-07-19,0.6448895971666087,0.054409513358916625,0.06633417897563362
2019-07-22,0.6432298176308981,0.05389272677310247,0.06509009453789912
2019-07-23,0.6447846295493171,0.04772952290150727,0.05996279522699849
2019-07-24,0.6456521912931168,0.05018710950165719,0.06361596029814481
2019-07-25,0.6470218173284061,0.0564460967360155,0.07322462287789155
2019-07-26,0.6454876328678503,0.05808219437767161,0.07587508578184388
2019-07-29,0.6491323582966956,0.05537166890509999,0.07221386007798893
2019-07-30,0.6462838754119933,0.05356220831519365,0.06996412838381516
2019-07-31,0.653347810678911,0.07464545376538974,0.09341322040840506
2019-08-01,0.6558856512091974,0.041885478900761754,0.07351663519729727
2019-08-02,0.6583772531585109,0.046399467297634826,0.07713341574121003
2019-08-05,0.6555426767201902,0.02726393534859777,0.07517522740879895
2019-08-06,0.6564146225893801,0.026903751394171428,0.07429527393562889
2019-08-07,0.6570688954152205,0.025682905626399452,0.07217962089896103
2019-08-08,0.6423132133474051,0.035128421260533095,0.07172659818742588
2019-08-09,0.640555649352243,0.03876540114505928,0.07189848132452073
2019-08-12,0.6404104986751002,0.03486865826616501,0.07082940964092437
2019-08-13,0.6331623381923851,0.02184864568843799,0.07106782002823786
2019-08-14,0.6333750377655768,0.018636171906074455,0.07040864936841147
2019-08-15,0.6350670468031696,0.018708545702413894,0.06977743902386144
2019-08-16,0.6293509710398378,0.005896864502144399,0.07002261555809666
2019-08-19,0.6262624118929391,-0.010446581956363088,0.07020870743268756
2019-08-20,0.6246293827540987,-0.01722027160304373,0.06944345576816086
2019-08-21,0.6222504431278431,-0.0205180506929515,0.06960854793828389
2019-08-22,0.6224826632130352,-0.019907302410201597,0.06974770838220225
2019-08-23,0.621799983130326,-0.031174737164266813,0.06694874326737442
2019-08-26,0.6218479162114751,-0.031334989777415806,0.06693981166613285
2019-08-27,0.6232789455815745,-0.03147437850328747,0.06598353526111396
2019-08-28,0.619246242199343,-0.033127702168390206,0.0672642751950194
2019-08-29,0.613211559807913,-0.043903323927150295,0.06764374636468862
2019-08-30,0.6123424879747996,-0.04296347020007829,0.06936982278000008
2019-09-03,0.6108944423772782,-0.052869740627171244,0.06771613787518288
2019-09-04,0.6063600442730919,-0.04620389236378941,0.06737116433106342
2019-09-05,0.6140424268780562,-0.07709436333032503,0.020820367855448912
2019-09-06,0.6152203465296493,-0.07702178224745533,0.021336429992206005
2019-09-09,0.6145364321575582,-0.07714628834180633,0.02196844049834729
2019-09-10,0.6140369739323017,-0.07591717626502549,0.02508197797076066
2019-09-11,0.6162050170534893,-0.07208016140612146,0.030050456788643626
2019-09-12,0.6165791520959006,-0.07153133301478255,0.03117221158464129
2019-09-13,0.6168247061737655,-0.06644934853413706,0.03965402022149231
2019-09-16,0.6163725280343452,-0.06579182482629546,0.040979445369453554
2019-09-17,0.6166148322759658,-0.06596509922229377,0.04037843935374746
2019-09-18,0.6152689179059421,-0.06656496500713083,0.03982764264979381
2019-09-19,0.6139147548196151,-0.06621596598708661,0.04047334703730094
2019-09-20,0.6156795317556328,-0.06565247357756626,0.04093631256986719
2019-09-23,0.612664132630274,-0.06520314325519115,0.0420212487109136
2019-09-24,0.6136117263127803,-0.06439864973027956,0.04190543119510643
2019-09-25,0.6141409642993776,-0.06507710355377785,0.04213176235054328
2019-09-26,0.6143214058312164,-0.06496800279050007,0.0422379531562962
2019-09-27,0.6139464573216339,-0.06469461544003434,0.04229196053733894
2019-09-30,0.613777729519571,-0.06479683802353761,0.04310761868109452
2019-10-01,0.6089958807836146,-0.06329676937244408,0.043091569051205585
2019-10-02,0.6082908228911726,-0.06263316263191507,0.04325598100947198
2019-10-03,0.6082171079378906,-0.06268333627435874,0.04309951997099035
2019-10-04,0.6026257195123895,-0.06310684971835352,0.043183420699475034
2019-10-07,0.5990641174881418,-0.06353957776038896,0.042692252351837344
2019-10-08,0.5989201103752666,-0.06393394095459069,0.04258343760123004
2019-10-09,0.5962213548013483,-0.06437609355827201,0.04258343760123004
2019-10-10,0.5946409698007418,-0.06489279582078138,0.04258343760123004
2019-10-11,0.5969277334784907,-0.06716751262006074,0.04258343760123004
2019-10-14,0.5968982413399041,-0.06634011358947337,0.04557569572918353
2019-10-15,0.5935628546704269,-0.06734365889845852,0.045284767873627486
2019-10-16,0.5934926212522419,-0.06659613062011543,0.04587243145797594
2019-10-17,0.5931819292732108,-0.0669919982679441,0.04575446174297312
2019-10-18,0.5925948922503258,-0.06660094822315284,0.04574822126517394
2019-10-21,0.5910389940022702,-0.06681311436059142,0.04583254879450443
2019-10-22,0.5907217324694072,-0.06644207697843216,0.04589024433473953
2019-10-23,0.5904224576165238,-0.06694871132596511,0.045718495686039674
2019-10-24,0.5903228270142645,-0.06649190771846983,0.04622660018283981
2019-10-25,0.5907984903856758,-0.06647159435156108,0.04587005067438879
2019-10-28,0.591857496062754,-0.06704732606894778,0.044797906883472245
2019-10-29,0.5905508282978456,-0.06667483814230848,0.04539938236970584
2019-10-30,0.5907071552116906,-0.0673942919997021,0.04475673991326882
2019-10-31,0.5903236793240217,-0.06776932605724782,0.0444281176523911
2019-11-01,0.5934500980348817,-0.06896490271979501,0.04321030352644849
2019-11-04,0.593866499332247,-0.06817596129716293,0.044150540381084256
2019-11-05,0.5937203873171002,-0.06806736389159833,0.04412933036502681
2019-11-06,0.5936512165308978,-0.06840855346133386,0.0440698632435556
2019-11-07,0.5938873312463678,-0.06901704846923004,0.04359664668070365
2019-11-08,0.6083432428142257,-0.06904952873124576,0.04328314967978001
2019-11-11,0.6086597821355606,-0.06975639492109824,0.043190020724697555
2019-11-12,0.609015707217057,-0.07285126368516631,0.04258633740597419
2019-11-13,0.608996187429327,-0.07287540083947025,0.042568913138199424
2019-11-14,0.6088006288427202,-0.07298285881498287,0.04262254471128674
2019-11-15,0.6105463244978921,-0.07335138579702698,0.04197542338175383
2019-11-18,0.6105016139872881,-0.07340733103582762,0.0419191813777658
2019-11-19,0.6102657095413093,-0.07338199563474247,0.04181129144424152
2019-11-20,0.6115674920504319,-0.0730225812658727,0.04213700046168
2019-11-21,0.6119006631503714,-0.07288050283575717,0.042278716480902145
2019-11-22,0.611800756806504,-0.07303818810729998,0.04223305337814497
2019-11-25,0.6142148738342904,-0.073416845808166,0.041072725624343866
2019-11-26,0.6142221549824086,-0.07357749372938766,0.040932893574657486
2019-11-27,0.6147453526786497,-0.07385533330585417,0.04033814922371362
2019-11-29,0.6158601718356544,-0.07349709476394248,0.0406012386491609
2019-12-02,0.6203590749431227,-0.07252123376272981,0.04105311358506333
2019-12-03,0.6231683767773785,-0.07180742565169719,0.04144144728901898
2019-12-04,0.6295386326292225,-0.07177026869828472,0.04103790603861197
2019-12-05,0.6297147997730776,-0.07213011873467515,0.04089492801635669
2019-12-06,0.6327751351313604,-0.07252534646476329,0.03991193373942616
2019-12-09,0.6336378952059425,-0.07155805891366172,0.040866633724788305
2019-12-10,0.6337456081746742,-0.07195383411872361,0.040629283988938954
2019-12-11,0.6337410059323265,-0.07230177441148178,0.0401085593684633
2019-12-12,0.6356476651149644,-0.07242457208523179,0.03970409710990075
2019-12-13,0.6352390114912709,-0.07277933945219739,0.039259888697977044
2019-12-16,0.6368267061312752,-0.07373897771019913,0.03800657316413415
2019-12-17,0.6367850495454033,-0.07300619651684302,0.03877201868115255
2019-12-18,0.6367180681745981,-0.07270980337466867,0.038976654272644164
2019-12-19,0.637067117419834,-0.07394401117549376,0.03793047714527528
2019-12-20,0.6373932297031739,-0.073013978932678,0.03979311906864131
2019-12-23,0.6372980634854015,-0.07381233265547651,0.03918269760212811
2019-12-24,0.6372554110521591,-0.07274897164574412,0.04062474939358196
2019-12-26,0.6379592736067319,-0.07349044487276635,0.03962264208892819
2019-12-27,0.6380180508184321,-0.07260881457045112,0.040669283718233216
2019-12-30,0.639960003102584,-0.07159248418802915,0.041428559909313434
2019-12-31,0.6399470537003227,-0.07151950038188137,0.04150080888367955
2020-01-02,0.6427926373500037,-0.06643609368501603,0.04996519110192647
2020-01-03,0.6460991447044263,-0.07695219135530239,0.03637472224524344
2020-01-06,0.6462887296014607,-0.07531009755197006,0.040989559566761855
2020-01-07,0.6461398487646262,-0.07632063945955678,0.040876829794014365
2020-01-08,0.6468653821913161,-0.08004384421734136,0.03469191500714228
2020-01-09,0.6481785676531968,-0.08277400932841933,0.030402399852254458
2020-01-10,0.6486844430021803,-0.08614926643053418,0.027460167782782704
2020-01-13,0.6499736199470414,-0.0903425991242402,0.018555062809179887
2020-01-14,0.6502890617253548,-0.08960782473026041,0.01955005187703342
2020-01-15,0.6501142194411865,-0.08931339241627037,0.01881819407191588
2020-01-16,0.6520945588421002,-0.09033582138015402,0.017180127736936814
2020-01-17,0.6521376523123661,-0.09038466183671456,0.01742376834721744
2020-01-21,0.6499493459435646,-0.08000448821018359,0.02471686281898982
2020-01-22,0.6567750654376626,-0.07882104091154411,0.032036316879351955
2020-01-23,0.6566657280116377,-0.07916288634000389,0.032373951288668684
2020-01-24,0.661936098806981,-0.08469097275069566,0.028027823626327258
2020-01-27,0.6795471618758244,-0.09371048970388424,-0.0027851635989019907
2020-01-28,0.687518975323798,-0.10181807264566538,-0.013000957647429761
2020-01-29,0.6899442399728641,-0.10222400466675412,-0.007143412231556681
2020-01-30,0.6833791725402175,-0.11109594778055729,-0.021313744445419423
2020-01-31,0.6921271165691488,-0.11976823329197436,-0.030773755698626722
2020-02-03,0.6932574164300879,-0.12408784464541822,-0.04265275950337017
2020-02-04,0.6993830342642036,-0.13874582588228795,-0.06683706445136035
2020-02-05,0.6979330332644087,-0.13799575500883923,-0.06855522958999238
2020-02-06,0.6971526945453452,-0.13909532099079763,-0.06791360993109848
2020-02-07,0.6940511546419508,-0.13891915674185204,-0.06686622282746861
2020-02-10,0.695284380838472,-0.1374107568861592,-0.06442143751347204
2020-02-11,0.695217495871227,-0.13811806041741134,-0.06530869981828477
2020-02-12,0.6915020955865289,-0.1414362700391778,-0.06916404810837898
2020-02-13,0.691936751612847,-0.141681571348523,-0.0707703356977221
2020-02-14,0.6922973993756145,-0.13992470683099742,-0.07017741710674001
2020-02-18,0.692708657045353,-0.14974292276658852,-0.07255145431422166
2020-02-19,0.6927757991302829,-0.15002669301294477,-0.06950533196018913
2020-02-20,0.6937058811347173,-0.15151184330849812,-0.07335982995914447
2020-02-21,0.697223388454177,-0.17313993370368744,-0.10822185299089514
2020-02-24,0.7190513247711448,-0.19283591983274884,-0.12819917787924096
2020-02-25,0.7121231040055293,-0.15766475938633723,-0.1235600602144082
2020-02-26,0.7122334497808364,-0.15773983343809894,-0.12384654534830077
2020-02-27,0.7122022941938565,-0.15922909953945977,-0.12547505735750836
2020-02-28,0.711998587218403,-0.14750997451929868,-0.11585854273335076
2020-03-02,0.7112407300847134,-0.14381338931053655,-0.11133862649198592
2020-03-03,0.7115872950402156,-0.14068981639429617,-0.10953411323831766
2020-03-04,0.711723606338868,-0.1409463801377576,-0.10963358584159207
2020-03-05,0.7105349704420483,-0.14084338546129324,-0.11020168951851224
2020-03-06,0.707914695605982,-0.1420182610500332,-0.11208727385219026
2020-03-09,0.707738282113263,-0.1423566657391538,-0.11239042069190994
2020-03-10,0.7021305449835548,-0.13799850571258873,-0.1088555090013402
2020-03-11,0.7019202014392306,-0.137418011986734,-0.1081930671951814
2020-03-12,0.7009520572051358,-0.1261479764587008,-0.09832002193335876
2020-03-13,0.7009067790949273,-0.12553773347772448,-0.09778096213281791
2020-03-16,0.7007155205264016,-0.12539674066920187,-0.09766251368395353
2020-03-17,0.700667796285043,-0.1252675852135961,-0.09755284513752263
2020-03-18,0.7010638109699876,-0.1252551432768477,-0.09741422565502204
2020-03-19,0.703028441857848,-0.12547570873022904,-0.09726282127929013
2020-03-20,0.6995578753773865,-0.12555876595048054,-0.09756588120224872
2020-03-23,0.6863364006787791,-0.1288177333652323,-0.101377075716125
2020-03-24,0.6862699696244215,-0.12886627060281436,-0.10151241974554523
2020-03-25,0.6857210399613882,-0.12876661586999508,-0.10134865072856036
2020-03-26,0.6844125383882095,-0.12923904817592985,-0.10196642149312923
2020-03-27,0.6843715747580486,-0.1291052789731769,-0.10185510429518309
2020-03-30,0.6833430835043465,-0.1289796488057084,-0.10171151192485361
2020-03-31,0.6791086574092303,-0.12915095940685775,-0.10188858936022657
2020-04-01,0.6795757152730353,-0.12912511923376235,-0.10173946547549877
2020-04-02,0.6801653048307409,-0.12905013546307628,-0.10157791332307149
2020-04-03,0.6805655339494349,-0.128940794010624,-0.10160178598889233
2020-04-06,0.6800193707873231,-0.12880627291788038,-0.10144055693158417
2020-04-07,0.6801672661143824,-0.12876701476091482,-0.10132373470707037
2020-04-08,0.6794032085627228,-0.12922676337400021,-0.10160558405642438
2020-04-09,0.6792108956643317,-0.1291021664213943,-0.10144514284268155
2020-04-13,0.6792892304124845,-0.12911833760363542,-0.10187304721040236
2020-04-14,0.6192071886352442,-0.12924045667921086,-0.06923116968730106
2020-04-15,0.6156448666897658,-0.12882342926298748,-0.06300048872505606
2020-04-16,0.606148966513686,-0.12872399565718318,-0.064098528426043
2020-04-17,0.6047276310102034,-0.12597368965870184,-0.0763354717945643
2020-04-20,0.6012334433517545,-0.12614757063040533,-0.08207400550674743
2020-04-21,0.5690972334443138,-0.12545840178225015,-0.056885512249660666
2020-04-22,0.5457611824409153,-0.125099752474613,-0.015881171644282342
2020-04-23,0.5453056501808686,-0.12549910474756623,-0.017920143225270455
2020-04-24,0.5404959110391399,-0.12519430736961218,-0.02272687706766339
2020-04-27,0.5394106366748354,-0.12444564757398566,-0.02624031520723155
2020-04-28,0.5330358816716817,-0.12401433225751221,-0.019025968991799
2020-04-29,0.5645313316794942,-0.11122764360574242,-0.007671396788747423
2020-04-30,0.5623373666995126,-0.09585456828726227,-0.006086580436428602
2020-05-01,0.554761848293938,-0.09747881724604616,-0.016276862703283244
2020-05-04,0.5477798890862089,-0.0975655943624545,-0.013792400924873384
2020-05-05,0.5441053953362236,-0.09807885568556277,-0.011680054160829954
2020-05-06,0.5287344124712848,-0.09892723410347794,-0.017114000118036814
2020-05-07,0.5255120956180171,-0.09935033423560573,-0.006082481640622042
2020-05-08,0.5319168047416828,-0.10588337979868662,-0.011289836604613749
2020-05-11,0.5312539003312036,-0.10524964080214859,-0.01459399647964344
2020-05-12,0.5448626799838086,-0.11089860622852454,-0.01883645726807552
2020-05-13,0.5452507056058408,-0.11126768165133033,-0.026131037792840595
2020-05-14,0.543807986933158,-0.1115201435361426,-0.020979544806793742
2020-05-15,0.545573835806777,-0.11172417593115525,-0.019396163651063395
2020-05-18,0.5575581028792173,-0.1255173584130402,-0.027814102567989968
2020-05-19,0.5579842391371648,-0.13275224306940495,-0.02975642204037083
2020-05-20,0.5699408783351754,-0.129219722507961,-0.027688582729580836
2020-05-21,0.5729827666869076,-0.11937493965065411,-0.016659382219262848
2020-05-22,0.5765224330087999,-0.12061181522892019,-0.016021539077893783
2020-05-26,0.5699135085876876,-0.13120236861171006,-0.01258156597607066
2020-05-27,0.5715433023005478,-0.13032229113112628,-0.012339925579970277
2020-05-28,0.5717128245638493,-0.13091384519858026,-0.012779921709415911
2020-05-29,0.5715586718758818,-0.12921098561915786,-0.007633186887498981
2020-06-01,0.5715991668135164,-0.1284034789615522,-0.007305756694634419
2020-06-02,0.5725085754941615,-0.13096553463454746,-0.008585347718975731
2020-06-03,0.5834040065062738,-0.14722491685641237,-0.011909253002455216
2020-06-04,0.5864372918564955,-0.15096854984235925,-0.016403679122138307
2020-06-05,0.5981734410410422,-0.15540218002864573,-0.020426909166694693
2020-06-08,0.602105732697575,-0.15876716156518925,-0.02020659835735044
2020-06-09,0.596648787618033,-0.15602550716842772,-0.02129252978704133
2020-06-10,0.5885718581200117,-0.15564382923613157,-0.02171902136056015
2020-06-11,0.6527704545446332,-0.13364013879888953,-0.018463401800228454
2020-06-12,0.6540385729767145,-0.13468856698973283,-0.018259427293642203
2020-06-15,0.6557155257557298,-0.13479469690171517,-0.018572956850020788
2020-06-16,0.6606520861915228,-0.13400799793725335,-0.018992257711660975
2020-06-17,0.657466497364022,-0.13673879601511377,-0.021831650365259823
2020-06-18,0.6573422577888197,-0.13722150997795204,-0.022557038677377142
2020-06-19,0.655701719647133,-0.15260692340681697,-0.03330710390112058
2020-06-22,0.6563524613122368,-0.1500890361749626,-0.029735030983030448
2020-06-23,0.6566510942179813,-0.1468473266726246,-0.02571473706198698
2020-06-24,0.6631582033102016,-0.1367615463337179,-0.019566189860724663
2020-06-25,0.6650238969679468,-0.13852355735895402,-0.018401433580274403
2020-06-26,0.6756240772260717,-0.14176548977100958,-0.023293533524655973
2020-06-29,0.6776000196133863,-0.14152037070167955,-0.02316334479137631
2020-06-30,0.679335843309521,-0.13039009994444486,-0.0069594048580606605
2020-07-01,0.6801090936600029,-0.13571163929613053,-0.012483252966857403
2020-07-02,0.6798619972829704,-0.135872211701596,-0.012390309517901505
2020-07-06,0.684479863227513,-0.13220557555984505,-0.0076899346673827565
2020-07-07,0.6847967112283201,-0.1387437778397633,-0.013419048250907931
2020-07-08,0.6859052979893419,-0.1362323690866522,-0.010442884866862
2020-07-09,0.6817301637272415,-0.13919453326662137,-0.018442984608886704
2020-07-10,0.6823322017346632,-0.14019438960496772,-0.020420521110050167
2020-07-13,0.683770169211221,-0.14167343623629247,-0.022428894875517788
2020-07-14,0.6839306673707478,-0.1380150097073031,-0.021138462218964447
2020-07-15,0.6824422679647738,-0.14036126034797694,-0.02435925746741628
2020-07-16,0.6821732644747042,-0.1307677013955862,-0.014588837968884114
2020-07-17,0.6822526218320165,-0.13259192506486542,-0.014514112228661887
2020-07-20,0.6791752585210238,-0.13795232399332874,-0.015358057485435526
2020-07-21,0.6767840426784858,-0.1366508062662001,-0.022384762628252494
2020-07-22,0.6763603076706559,-0.12965799456505503,-0.01922574786028294
2020-07-23,0.6796510827077379,-0.13640049428903775,-0.03185661179105277
2020-07-24,0.6800894179540655,-0.14273238086343074,-0.04065611258350456
2020-07-27,0.6798272582499236,-0.1343281428911078,-0.02473453767334206
2020-07-28,0.6808602185962752,-0.13641113400246865,-0.028599656438452477
2020-07-29,0.6821062464677787,-0.13076179582229344,-0.024370529198226572
2020-07-30,0.6778582700531496,-0.13953504014459875,-0.03689767784472659
2020-07-31,0.6779451655880957,-0.1243581574707242,-0.022513030355989172
2020-08-03,0.6775534411740518,-0.12692205480714205,-0.024201260276977485
2020-08-04,0.6791755460251466,-0.11405173262285975,-0.020808907884778054
2020-08-05,0.6788375491459728,-0.11080206190272517,-0.019834696122009127
2020-08-06,0.6793621490896207,-0.10566181693299447,-0.011256707439326535
2020-08-07,0.6849139723367481,-0.10958531610571473,0.0003891538239894109
2020-08-10,0.6845831336473238,-0.11219234483390772,0.0012853242160442869
2020-08-11,0.6865293112708526,-0.07157171511243189,0.05308529974214693
2020-08-12,0.6947080954122866,-0.07043695795810599,0.04667641113541405
2020-08-13,0.6944788534603681,-0.07211469360655275,0.04704527127102472
2020-08-14,0.6944790080259298,-0.07131405770564316,0.048205569137334876
2020-08-17,0.6983551756589709,-0.06398377769266145,0.05614662170610102
2020-08-18,0.701218000536563,-0.05664794570711625,0.05803615722614906
2020-08-19,0.7027527244210314,-0.0423109828579002,0.06902355339111939
2020-08-20,0.7034578768466945,-0.04035596181457489,0.07176972330932471
2020-08-21,0.7035085932663673,-0.041588128273027825,0.06956376855986836
2020-08-24,0.7036319348899582,-0.038744143254455785,0.07062843407880874
2020-08-25,0.7036355279728788,-0.03866845980700812,0.07076641304690319
2020-08-26,0.7049780849381863,-0.0325341354260382,0.0803807693142841
2020-08-27,0.7054510059152996,-0.03209702940507778,0.08245015153265275
2020-08-28,0.7093678824614041,-0.022732376996997476,0.08342877301073602
2020-08-31,0.7069761717033933,-0.023532289224647635,0.08358915575952813
2020-09-01,0.7087385814787625,-0.01804958773728213,0.08532019776537796
2020-09-02,0.7119978974520127,-0.03054106090345602,0.08136234094305525
2020-09-03,0.7325568146214588,0.0009251455468014942,0.1117933609304677
2020-09-04,0.7341195839531213,-0.0004342919681692778,0.10909341819069784
2020-09-08,0.7472639690419428,0.0029774575833535167,0.10927115446847513
2020-09-09,0.7392491760932474,0.011032141338279063,0.10698612781948992
2020-09-10,0.7335811633167993,0.012822792750779138,0.10572497047430379
2020-09-11,0.7335250847242907,0.012657857143941922,0.10562875351419383
2020-09-14,0.7299765315537498,0.015342858626928706,0.10177737530414087
2020-09-15,0.7291196556052999,0.014603189838917317,0.10186571293023805
2020-09-16,0.7289302252692161,0.014059148943396656,0.10178559283260354
2020-09-17,0.7277878012236063,0.017080588050198717,0.10206246125023685
2020-09-18,0.7257733753272388,0.016535097619674446,0.10200703923622029
2020-09-21,0.723430467376997,0.028724514051368628,0.10228917376704877
2020-09-22,0.7212593069974543,0.026167457359339157,0.1025630747653003
2020-09-23,0.7125760524910987,0.04217972367809178,0.10298058018707938
2020-09-24,0.7131653960718578,0.042275403713849864,0.10298058018707938
2020-09-25,0.7081855135694402,0.04164062661538032,0.10298058018707938
2020-09-28,0.7033763638679132,0.040949753848253924,0.10298058018707938
2020-09-29,0.7035482122928527,0.04114710405456304,0.10298058018707938
2020-09-30,0.7043641608840341,0.04083221957873981,0.10298058018707938
2020-10-01,0.7036956564978216,0.04059221522090251,0.10298058018707938
2020-10-02,0.7024626022004214,0.040698283621307285,0.10298058018707938
2020-10-05,0.699826717643391,0.040453372913298355,0.10298058018707938
2020-10-06,0.6971261815313862,0.040480104216976884,0.10298058018707938
2020-10-07,0.6917887779747748,0.03981510427743667,0.10298058018707938
2020-10-08,0.6917488668996568,0.03981041214959423,0.10298058018707938
2020-10-09,0.693621655566797,0.03973625325713755,0.10250924803266877
2020-10-12,0.6992209822697335,0.039485768598082026,0.1006624768177321
2020-10-13,0.69874549129533,0.03955609803265917,0.1006628844035936
2020-10-14,0.7014454309976366,0.03993106609425632,0.10065887820996232
2020-10-15,0.7013133430422372,0.03992463253364771,0.100672972255971
2020-10-16,0.7013913502608795,0.04000314578291296,0.10069504612980262
2020-10-19,0.7047315178749355,0.04002780570917646,0.10049970773696074
2020-10-20,0.7055460466475538,0.040110129027542164,0.10046613075907092
2020-10-21,0.7056669027802096,0.04008906901277074,0.10047485928542796
2020-10-22,0.7052398222192067,0.04001815863903595,0.10047529498080572
2020-10-23,0.7052416668476942,0.039975057145811635,0.10044506144312358
2020-10-26,0.7022783392132922,0.040135508195881714,0.10061203513918386
2020-10-27,0.701885985400293,0.04033465086180927,0.1008807260524929
2020-10-28,0.6960355174655357,0.0403495887548675,0.10087274770341555
2020-10-29,0.6943329735600584,0.04015491697619428,0.10096875772510548
2020-10-30,0.694398854652099,0.040146182968438325,0.10097482582485391
2020-11-02,0.6918469854389013,0.04010270422254224,0.1012133437216901
2020-11-03,0.6865683043902363,0.039580697746369076,0.10134960141636062
2020-11-04,0.6787394826136179,0.03871062675214445,0.10135707803965714
2020-11-05,0.6729367058662894,0.03803561077047247,0.10133598703193773
2020-11-06,0.6729329379427309,0.038117246334066435,0.10139574973084005
2020-11-09,0.6704286280294962,0.03780506834181068,0.10147087681642086
2020-11-10,0.6703537640983318,0.037797748325643615,0.1014563791990702
2020-11-11,0.6694267250272767,0.037656830140154765,0.10150597512873162
2020-11-12,0.6683896743812715,0.03777591755019331,0.10150925642593342
2020-11-13,0.6655555063365984,0.03739520571818093,0.10150000750013036
2020-11-16,0.662818955576645,0.03721770212371763,0.10167616495945243
2020-11-17,0.6625760640360134,0.03731230649804316,0.10168730189057569
2020-11-18,0.6609865698354269,0.0374265381065166,0.10170972373660254
2020-11-19,0.6602644870919392,0.03727338460656859,0.101686646834374
2020-11-20,0.6597140442614273,0.03733956114182438,0.10166548464391727
2020-11-23,0.6591723454372206,0.03724514022253732,0.10167440705535793
2020-11-24,0.6547129369226586,0.03694023343576394,0.10204062623148263
2020-11-25,0.6547455740165835,0.03701394183692537,0.10207104641402172
2020-11-27,0.6544300271655575,0.03705433644228336,0.10223693060026437
2020-11-30,0.6539376218189217,0.03706358927884786,0.10220905339204736
2020-12-01,0.6536418328883966,0.03666357254854386,0.10189557365651497
2020-12-02,0.6527021410465901,0.036527830375020824,0.10187039398753697
2020-12-03,0.6525387559162806,0.03667627188731495,0.10195309710647382
2020-12-04,0.6523909843356207,0.036496849640751616,0.10190687441282215
2020-12-07,0.6507831105168084,0.03676429585813041,0.1020975915264711
2020-12-08,0.6504878989755297,0.0366512660906722,0.10201059658032748
2020-12-09,0.6519132608820088,0.03674104357513689,0.10151185635826841
2020-12-10,0.6516595184591123,0.03680629156033743,0.1015463679259678
2020-12-11,0.6513189095884881,0.037043916179176815,0.10174871349933608
2020-12-14,0.6495510122375375,0.037125173443501476,0.10163410653501558
2020-12-15,0.650102469349433,0.036900789383389976,0.10160536688264034
2020-12-16,0.6499834089542416,0.036873656452345575,0.10149649023913707
2020-12-17,0.6502238044781522,0.036747150796998876,0.10135868276252159
2020-12-18,0.6503614089129074,0.036899491122567324,0.10152353027567204
2020-12-21,0.6504444075427552,0.03705335349652414,0.10161945899265744
2020-12-22,0.650214266220025,0.03711349744695957,0.10161766374304497
2020-12-23,0.6498494585693257,0.03709656799954008,0.10165262098315997
2020-12-24,0.649645133552565,0.037133204787124015,0.10179832316453967
2020-12-28,0.6503513297138199,0.03691322448698382,0.10150384623596456
2020-12-29,0.6496368396494908,0.03686489494463855,0.10147025154002304
2020-12-30,0.649611095722844,0.036886529316702256,0.10149960266932231
2020-12-31,0.6483836543959222,0.03493822346444011,0.09876517763515436
2021-01-04,0.6500285640844017,0.0402944875481341,0.10456857417930909
2021-01-05,0.6503636226900141,0.039120897870546865,0.10279668058629819
2021-01-06,0.6453468015649635,0.03970928829119129,0.10291063882511045
2021-01-07,0.6482800567570245,0.040842058691001756,0.10385455107825345
2021-01-08,0.6480624864297216,0.04228382882972949,0.10526318803419484
2021-01-11,0.6489616358953006,0.04346434869797006,0.10610846810225887
2021-01-12,0.6484238903597466,0.04552338917363314,0.1094571919947325
2021-01-13,0.6482570155123009,0.04534520209983546,0.10911717957168443
2021-01-14,0.6486874662324305,0.04520066799750257,0.10946291519998677
2021-01-15,0.6489513350013474,0.04594235804160652,0.11017728284679583
2021-01-19,0.649637805713427,0.0456728450757427,0.10954567057880533
2021-01-20,0.6522993390853483,0.045440300095258124,0.10857016787481909
2021-01-21,0.6519087048232767,0.04544595082758563,0.10842055755730119
2021-01-22,0.6521744479741994,0.04551700864262533,0.10834760810378637
2021-01-25,0.6511203820151505,0.048094227820676634,0.11053354991570025
2021-01-26,0.6465399084455935,0.05353739310188863,0.11703394610870171
2021-01-27,0.653967633433242,0.057203908623967,0.12136269753419483
2021-01-28,0.6542245142121805,0.05755031610307356,0.12134538725280986
2021-01-29,0.6594811963491094,0.05738579234757601,0.1207845310726207
2021-02-01,0.6597095199269181,0.0620827044817656,0.1238096702018524
2021-02-02,0.6612291591129399,0.06366891084182282,0.1271958291398799
2021-02-03,0.6580111419003188,0.07249797497122223,0.13948647977335238
2021-02-04,0.659896156516996,0.07194489351803786,0.1390880283652136
2021-02-05,0.6599704799368077,0.0714799979032209,0.1378853730117415
2021-02-08,0.659878104799944,0.07209510946085054,0.138370756468183
2021-02-09,0.6593034614990182,0.07156512730913461,0.1377157927345871
2021-02-10,0.659385958926555,0.07168676220381538,0.1375934208211312
2021-02-11,0.6588574170917788,0.0719857987277918,0.13800824102112508
2021-02-12,0.6589479145557392,0.0725400320170964,0.1386231703733498
2021-02-16,0.6590263790092451,0.07253914202439317,0.13849977000271618
2021-02-17,0.6589218027205741,0.075056102852559,0.1396166627644665
2021-02-18,0.6591120664113216,0.07427323178298118,0.1381006309167958
2021-02-19,0.6588034818633751,0.07529523663793562,0.13996472201350926
2021-02-22,0.6579122519474833,0.08367588423686975,0.1531216073607531
2021-02-23,0.64908304533643,0.10000835145961623,0.16428813898478747
2021-02-24,0.6502832021369659,0.08670948218004117,0.16463188003265952
2021-02-25,0.6432186304844945,0.08613692412433435,0.16498634173999488
2021-02-26,0.64297394581025,0.08612119955897583,0.16499846042164792
2021-03-01,0.6353178442266132,0.08584270493490873,0.16913172513524416
2021-03-02,0.6347053346327078,0.08627640267769011,0.16963054403374533
2021-03-03,0.6328224269616859,0.09089565094967936,0.17691367588985496
2021-03-04,0.6312290479800843,0.09079979124486937,0.1770459655096889
2021-03-05,0.6269116762937114,0.09304189813177623,0.18117640178574793
2021-03-08,0.6267136351644268,0.09301966579758017,0.18120298505121155
2021-03-09,0.624102322930185,0.09281491140245937,0.18133064175750957
2021-03-10,0.6235516318336636,0.09259021753434708,0.18259476203362382
2021-03-11,0.6222086372993456,0.09216343631548647,0.1824324361601529
2021-03-12,0.6221669355671801,0.09438550380546293,0.19030013743519975
2021-03-15,0.621668488247183,0.09389546223825232,0.19015164358917358
2021-03-16,0.6216699227302691,0.09390936034592745,0.19015164358917358
2021-03-17,0.6214856563999592,0.09384532767390882,0.19015164358917358
2021-03-18,0.6193157241588039,0.09367254630752563,0.19015164358917358
2021-03-19,0.6193084724006365,0.09369124483048981,0.19015164358917358
2021-03-22,0.6184605001785884,0.09347847534344934,0.19015164358917358
2021-03-23,0.617896201997524,0.0934768022635049,0.19015164358917358
2021-03-24,0.6176946854475973,0.09350032148035996,0.19015164358917358
2021-03-25,0.6172456564152828,0.09337307105620081,0.19015164358917358
2021-03-26,0.6141057929023463,0.09272844615548781,0.19015164358917358
2021-03-29,0.6141112427363425,0.09273480895929588,0.19015164358917358
2021-03-30,0.6140761863266746,0.09275771478534521,0.19015164358917358
2021-03-31,0.6138316242688848,0.09267822934707266,0.19015164358917358
2021-04-01,0.6152592512762639,0.09234671968132302,0.1893829995186272
2021-04-05,0.6179089076920838,0.09182683666900852,0.18817416000558615
2021-04-06,0.6179407771538336,0.09183396483424038,0.18817775043744187
2021-04-07,0.617887168391016,0.0918174433699277,0.18814533268430425
2021-04-08,0.6179304140931597,0.09172129700070183,0.18778557945397711
2021-04-09,0.6181468697972992,0.09154470006806914,0.18764804979767255
2021-04-12,0.6181403282185649,0.0915401922061673,0.1876522531765568
2021-04-13,0.6176219423457645,0.09373032009209471,0.1902372038955948
2021-04-14,0.6346122334909573,0.094662054497736,0.18022732136164055
2021-04-15,0.6368134184548021,0.09402235392390734,0.17687047392509325
2021-04-16,0.6402975239359587,0.09389939354772758,0.17850151424664937
2021-04-19,0.642103486658823,0.09354435333227575,0.18891147815657366
2021-04-20,0.644010477439333,0.09438060711614996,0.19413576725141324
2021-04-21,0.6570262447014417,0.09367561762741868,0.18488711206136466
2021-04-22,0.6683498587889889,0.09694724697552996,0.16201736828886376
2021-04-23,0.6693849341745335,0.09798722876744481,0.16412352265539315
2021-04-26,0.6721419314421417,0.09763700810813715,0.16794720277920044
2021-04-27,0.6729694970924914,0.09719397698591974,0.17067325899834032
2021-04-28,0.6762917570120778,0.09685851995866655,0.1669342468796682
2021-04-29,0.6683744779166833,0.09100556278890275,0.16081169792834463
2021-04-30,0.6698941985518274,0.08122212653801329,0.16124850970403992
2021-05-03,0.6746053440258826,0.08291224397648463,0.17334979758663127
2021-05-04,0.6772824036568762,0.08330752971549463,0.17182934094295757
2021-05-05,0.679042465423698,0.08376568291431638,0.17012571761078377
2021-05-06,0.678805683546009,0.08743335778192184,0.17206486291342774
2021-05-07,0.6804048098554286,0.09210227024100988,0.16347375312846274
2021-05-10,0.6774049673633601,0.09567893213255975,0.16831919554244976
2021-05-11,0.6776142944733652,0.09528329420924227,0.171649903115705
2021-05-12,0.6749133264819381,0.1080919227762459,0.1774862407575535
2021-05-13,0.6746634637429042,0.11121315267010123,0.18557832525714782
2021-05-14,0.6735528486452942,0.11825277156025124,0.18042733655736662
2021-05-17,0.6741669951669358,0.11555921248866667,0.17733928115106484
2021-05-18,0.6690927941435824,0.12890984220400012,0.18642946634829738
2021-05-19,0.6692866835512014,0.13576599207584836,0.18915036457348303
2021-05-20,0.6645381990699638,0.1364998724605499,0.18781927777561008
2021-05-21,0.6634899341693833,0.13081626765711954,0.17974298645830042
2021-05-24,0.6622349454603906,0.13135398556040145,0.1791967683847211
2021-05-25,0.6653135339656476,0.13970322852624237,0.1764179484625692
2021-05-26,0.6655840002005144,0.13908131307342958,0.176293876930383
2021-05-27,0.6655019062189959,0.13971051253250813,0.176803379286519
2021-05-28,0.6663261523558286,0.1388462614953619,0.1720647516255332
2021-06-01,0.6662931998923364,0.13871061990118025,0.1719057798900123
2021-06-02,0.6658284088687079,0.14181243846060654,0.1741984452751895
2021-06-03,0.6660962923483107,0.16088232722420764,0.17893659289010438
2021-06-04,0.6648455870829336,0.16766988500868082,0.18320460371685637
2021-06-07,0.6595653396979008,0.17502240078846185,0.18885200156698614
2021-06-08,0.658865250103669,0.17585770911553497,0.18953794595968754
2021-06-09,0.6622811484797123,0.17616346444322212,0.18992808013847023
2021-06-10,0.6671323851032237,0.17669621482019485,0.19235222855733303
2021-06-11,0.6261828471682673,0.1861897320445738,0.1983522340995898
2021-06-14,0.6246019325359753,0.1863181155209185,0.19482635000193518
2021-06-15,0.6235162330633479,0.18747996523513114,0.1972381445935577
2021-06-16,0.6194233527204129,0.19190872168383352,0.20035049682815595
2021-06-17,0.617750205602547,0.19192285904675596,0.19955533523552724
2021-06-18,0.6195166316117876,0.19138139132754775,0.19951006025414028
2021-06-21,0.6200690859013961,0.1903666144411825,0.19924120624767802
2021-06-22,0.6199167188089262,0.18906117806063505,0.19638701291863697
2021-06-23,0.6197277686804359,0.18807975756837084,0.1935085987181375
2021-06-24,0.6108600828508475,0.18439621827946212,0.19011653335848197
2021-06-25,0.6092198775033065,0.18526678665690735,0.1909616896093546
2021-06-28,0.5969078542630245,0.19479034110837148,0.1992871734080456
2021-06-29,0.5945966546137332,0.19543848310412618,0.19950807071569548
2021-06-30,0.5913508535457374,0.19316673357068387,0.19638906350346091
2021-07-01,0.5902154742399174,0.19509050884430013,0.20037358708439196
2021-07-02,0.5907946060161938,0.19440002103291917,0.19917164025647888
2021-07-06,0.5849407621376014,0.19041220381247687,0.1932411898529798
2021-07-07,0.5833842377930202,0.1959365619536324,0.19690048282052838
2021-07-08,0.5835982871372608,0.19376858091545685,0.19311060644709432
2021-07-09,0.5882215513462963,0.19210207224128342,0.19466877403064145
2021-07-12,0.5874721383820962,0.19413760365507682,0.19590904096517478
2021-07-13,0.5848895977321492,0.1952331618615562,0.19940148623390394
2021-07-14,0.5839379928316366,0.1926691486979361,0.1979842954365041
2021-07-15,0.5850418975036964,0.19262287616472853,0.19780043354722668
2021-07-16,0.5861023742219281,0.19033653804455758,0.1937032922174304
2021-07-19,0.5883119620251409,0.18923498684568507,0.19398116490338077
2021-07-20,0.5933458378382994,0.18658032910305938,0.18851138879573884
2021-07-21,0.5965202628164341,0.1868798653276264,0.19915675704156469
2021-07-22,0.5960873668643705,0.1845704996712994,0.19850515593281692
2021-07-23,0.5937986009732789,0.19345486905489948,0.21876406394447903
2021-07-26,0.5922494874734084,0.1989748705745125,0.22652858875180837
2021-07-27,0.5929596487074448,0.19487385512422245,0.20802546007940867
2021-07-28,0.5910226213386258,0.20037809490353942,0.218143006382246
2021-07-29,0.5887128166088976,0.19571277192945388,0.21363199713844416
2021-07-30,0.5911278140182927,0.19360989095497677,0.2163666071249557
2021-08-02,0.590576393523022,0.19035569658424498,0.20748262799645695
2021-08-03,0.5906198856078877,0.18985796768339808,0.20711515815476123
2021-08-04,0.5897670723750876,0.19051343722674316,0.20783926109641615
2021-08-05,0.5903097419534662,0.18814212476656728,0.2076846095100655
2021-08-06,0.5892332659880397,0.1848732975710516,0.19749397195016327
2021-08-09,0.5911118003273748,0.18682842891274434,0.18572607232902447
2021-08-10,0.5914580267929177,0.18738212233796395,0.1843625056511638
2021-08-11,0.5891115404755013,0.18397989744138996,0.1242328742695087
2021-08-12,0.5852008328550148,0.19061320712076207,0.1379780085271203
2021-08-13,0.5855437306348585,0.2082676043075162,0.14204956221863985
2021-08-16,0.5854552270033432,0.2081233369020323,0.14137977481930655
2021-08-17,0.587867733339863,0.21426480802604278,0.12259882764982598
2021-08-18,0.5922493195086361,0.21451328984093385,0.11408996128173295
2021-08-19,0.5914832712369743,0.22397795205871296,0.09973320004574794
2021-08-20,0.5922211974657866,0.22382887471120294,0.08912623127345759
2021-08-23,0.5936577190235626,0.22793629858114692,0.09618332196849755
2021-08-24,0.5926997632755991,0.23558597975716508,0.10082603341155806
2021-08-25,0.5927913798810056,0.23533297309262777,0.09986826862369268
2021-08-26,0.5926449454735583,0.22780849904398218,0.06998146260682042
2021-08-27,0.5945154259377171,0.23401875877512443,0.06543152471764871
2021-08-30,0.5937529686973819,0.23482703833172044,0.05763993342771152
2021-08-31,0.5969188378623362,0.23673289427975114,0.05514051787791958
2021-09-01,0.5953694808915394,0.23579487656285622,0.05254977907657577
2021-09-02,0.5928292902130314,0.26907671772243585,0.07229212994196076
2021-09-03,0.5560848784637614,0.23941896051586137,0.00960276206669128
2021-09-07,0.5527149050997173,0.24398501562584246,0.016247290163397324
2021-09-08,0.5245536312680903,0.24116781955141076,0.001594704778624274
2021-09-09,0.5313427163601131,0.22062783727907184,0.0033479848924508654
2021-09-10,0.5377231185807968,0.21343140617112938,0.002763691561161125
2021-09-13,0.5374912129978842,0.21342257698215686,0.002752900819981698
2021-09-14,0.5410377887079919,0.2021190516580624,0.004128200601293382
2021-09-15,0.542906716101475,0.20361659648404407,0.0037634856180547567
2021-09-16,0.542936678764833,0.2064618397209107,0.004275243416700427
2021-09-17,0.5478329948210303,0.19895522622944856,0.0032597769771529287
2021-09-20,0.5496731847762794,0.20078242788851325,0.0034600363902626066
2021-09-21,0.5513527077041535,0.17932407417141474,0.00016319429796209312
2021-09-22,0.5514915591147991,0.18822001339843247,-0.0007263866065018159
2021-09-23,0.5570275887320697,0.1378937023513904,-0.003400902497049294
2021-09-24,0.5571106251428419,0.1379240044693074,-0.003400902497049294
2021-09-27,0.5614404644805249,0.13917908730992934,-0.003400902497049294
2021-09-28,0.5599880916986992,0.13916990954087574,-0.003400902497049294
2021-09-29,0.5602782284671615,0.1391741477835907,-0.003400902497049294
2021-09-30,0.5450007353122923,0.1357575034582917,-0.003400902497049294
2021-10-01,0.5436837131978913,0.13538636959310132,-0.003400902497049294
2021-10-04,0.5447417033564113,0.1355841558934115,-0.003400902497049294
2021-10-05,0.5482058075170086,0.13652128363284585,-0.003400902497049294
2021-10-06,0.5505469227632968,0.13693331378129406,-0.003400902497049294
2021-10-07,0.5542291442088445,0.13793132833720703,-0.003400902497049294
2021-10-08,0.5556434036878289,0.13838356902348387,-0.003400902497049294
2021-10-11,0.5528885138504903,0.13874208961516105,-0.0030330401871713304
2021-10-12,0.5460018039307756,0.14002933057818023,-0.002239595444385818
2021-10-13,0.5462534219156704,0.13998167140864462,-0.0022405999134301907
2021-10-14,0.5397758465949929,0.13866293642884256,-0.002495315124184281
2021-10-15,0.5389564365488377,0.13830879531184556,-0.002700051050739815
2021-10-18,0.5390026727430818,0.13822240525595186,-0.002867188738945334
2021-10-19,0.5313346618169368,0.13855159396976133,-0.003572971373840351
2021-10-20,0.5305975119921599,0.13855513980935033,-0.003468797029248328
2021-10-21,0.5302819130352452,0.13847802097926015,-0.0036712841546155993
2021-10-22,0.5302326524608505,0.13868542724979765,-0.0034075404947561698
2021-10-25,0.530599928634168,0.1385894487088018,-0.003640610410877923
2021-10-26,0.5312169016012955,0.13967208575072435,-0.003826177791865722
2021-10-27,0.5301505179863748,0.13965435943643967,-0.0038950829885721562
2021-10-28,0.5394056786185696,0.14076777455989617,-0.004206829230235369
2021-10-29,0.5408185729365768,0.14121530386126266,-0.004349843976796155
2021-11-01,0.5407082816282325,0.14117233196287884,-0.004450142986510691
2021-11-02,0.5429671875018558,0.14164644141184085,-0.004572152766707059
2021-11-03,0.5493346136890771,0.14297646682500306,-0.004867259470620504
2021-11-04,0.558017730282081,0.14533360390400962,-0.0052146481722943235
2021-11-05,0.5653245671893982,0.14663673816255127,-0.0054231659946648155
2021-11-08,0.5651896790653057,0.14587816786565463,-0.0073070060276741785
2021-11-09,0.5692199767108431,0.1418254708559284,-0.015579753611204299
2021-11-10,0.57228088114325,0.11893860202077848,-0.050292666117117815
2021-11-11,0.573327336291502,0.11773380185218577,-0.048000533855602975
2021-11-12,0.5762332858573073,0.1193139031667074,-0.04465205291611956
2021-11-15,0.5802973787747884,0.12074865146360396,-0.044183014826216845
2021-11-16,0.583940784370567,0.11605710039759827,-0.052816302976868984
2021-11-17,0.5841516402752397,0.10800618404581717,-0.05284843302685737
2021-11-18,0.5858539978955486,0.10619254310679466,-0.05900274186755927
2021-11-19,0.5847528688099454,0.10883373657802638,-0.06501094193595583
2021-11-22,0.5848942256830496,0.111718633665167,-0.007499945047809804
2021-11-23,0.584941767775005,0.11000402016778818,0.0011632540156559631
2021-11-24,0.5907393163317322,0.11080809928383668,0.0007511425599673588
2021-11-26,0.60424995286017,0.11499805919258987,0.006568683392015221
2021-11-29,0.6085171110857154,0.11193045183927941,0.001353152825317144
2021-11-30,0.6170892695554324,0.13065975716946335,0.01890485428476482
2021-12-01,0.6176535664201886,0.12314039733323645,0.012372769161325903
2021-12-02,0.6126703834591087,0.10957001454156778,0.013194648607183055
2021-12-03,0.6115932214118192,0.09615031013523491,0.011744031138722227
2021-12-06,0.6083215142574885,0.09186352787632887,0.012173842381470217
2021-12-07,0.6014812703547899,0.10043966103894379,0.011711854646711322
2021-12-08,0.6011939162396813,0.10057372372778599,0.011690708557728524
2021-12-09,0.5991363282896094,0.1068024833618661,0.012468520111836941
2021-12-10,0.5977875168390173,0.11122335526781756,0.011813325365437348
2021-12-13,0.5965303881875742,0.10736604486182932,0.011363765324396315
2021-12-14,0.5997000920977457,0.11603536055201748,0.012782016192161709
2021-12-15,0.5916176282683892,0.12425173731465751,0.012277168397615244
2021-12-16,0.5908304618478613,0.10509644970498053,0.01037288907825921
2021-12-17,0.5885223555870853,0.10830499464749292,0.010809990085302895
2021-12-20,0.5863842970628005,0.11431532519946004,0.01131176951533615
2021-12-21,0.5802325868634387,0.11218264991858744,0.011340793995552682
2021-12-22,0.5788398615413964,0.12145429947429598,0.009955090645357052
2021-12-23,0.5788137639999429,0.122719433021965,0.00953342711337446
2021-12-27,0.5835242079279537,0.12590596026880577,0.0142944708617485
2021-12-28,0.5817049437978747,0.1269575037404904,0.018289092702763243
2021-12-29,0.5818062965403386,0.12691420638692388,0.018358277774866153
2021-12-30,0.5822461732840987,0.12249497498995277,0.014079046530407726
2021-12-31,0.5824623417226181,0.11880113580854869,0.006916079562668659
2022-01-03,0.5771208977270343,0.10585300148422412,-0.013518030458429458
2022-01-04,0.5729763094700684,0.10407692169282345,-0.027612151478376458
2022-01-05,0.5959264357685696,0.11078223309892055,-0.01311631407118048
2022-01-06,0.590195267380782,0.1121543468831127,-0.008812607257306124
2022-01-07,0.5898590907407745,0.10936702691351033,-0.009045125164239708
2022-01-10,0.5884269077313061,0.10855770256301417,-0.00967193508961265
2022-01-11,0.5869271861227825,0.1180380498036721,-0.010696903019602574
2022-01-12,0.5869523312917493,0.11851755962310735,-0.010773181578705665
2022-01-13,0.5834447867278763,0.12376110124538371,-0.010593635061972941
2022-01-14,0.5815601527050082,0.12384424767237957,-0.010527513588228074
2022-01-18,0.5755707470433904,0.1268536057132953,-0.01009688092257595
2022-01-19,0.5690755614067075,0.10569892534178478,-0.010732971624254217
2022-01-20,0.570300866349993,0.10581972779727862,-0.01030553610987953
2022-01-21,0.5698845162676154,0.10588726099972579,-0.010135007379933786
2022-01-24,0.5697764118854814,0.10525956345434948,-0.01028489930274009
2022-01-25,0.5700357147105185,0.10488564257679876,-0.010455226445291904
2022-01-26,0.5494137516184576,0.10439434763638016,-0.010053288315828593
2022-01-27,0.5480870107972435,0.10392034437294051,-0.008682973691791905
2022-01-28,0.5334215083982959,0.1051360529472574,-0.008953003059635273
2022-01-31,0.5231719854371037,0.10528108323703847,-0.009271421943166871
2022-02-01,0.5152853290053666,0.10637934254904226,-0.009124905573974036
2022-02-02,0.5141959580004903,0.1094679272275047,-0.009486302817710157
2022-02-03,0.5097106387908664,0.11061438544394014,-0.009176566799500805
2022-02-04,0.509358498694532,0.1105751176242438,-0.009211198659588719
2022-02-07,0.5078002413706239,0.10971994253095066,-0.009511199877088908
2022-02-08,0.5077804466935637,0.10939771590401612,-0.00970874480946191
2022-02-09,0.5045920475934409,0.11334468769576071,-0.009994518695004246
2022-02-10,0.5048591985014353,0.11467646820131247,-0.009581913476218994
2022-02-11,0.5041021524562874,0.10959014024302657,-0.010224618041676821
2022-02-14,0.504020517154971,0.1089235200118928,-0.01062767325350396
2022-02-15,0.504575642080619,0.10864644213462844,-0.010158791397522274
2022-02-16,0.5036634038615937,0.1068814216557361,-0.01088944496500719
2022-02-17,0.503432789910506,0.10418547839407945,-0.011799654863356171
2022-02-18,0.5005986124168488,0.10417647602239449,-0.012680427694891925
2022-02-22,0.5006467415509043,0.10403569864318325,-0.012833468255069732
2022-02-23,0.502757067080797,0.10430481767426591,-0.013151052501531464
2022-02-24,0.5114793848099146,0.10549572984024295,-0.012618600181144453
2022-02-25,0.5118163680119873,0.1055818005683246,-0.012356584289455116
2022-02-28,0.5222024301452092,0.1066671655585674,-0.013014969379886932
2022-03-01,0.5231006931017625,0.10250016455969187,-0.013984752852758117
2022-03-02,0.5259394233066783,0.10244841665332412,-0.013114792607331806
2022-03-03,0.5284745948017241,0.10177203852571315,-0.013505704809480646
2022-03-04,0.5350094543131767,0.1005506400371848,-0.014368408917726287
2022-03-07,0.5353848407929347,0.09770982398109682,-0.015169460261469932
2022-03-08,0.5395072919625014,0.09238864218561782,-0.016215437187890668
2022-03-09,0.5403722350771786,0.08959264293180506,-0.013477985427478884
2022-03-10,0.5425680333630132,0.0901588446591298,-0.013665128481966148
2022-03-11,0.5426319326380264,0.09034519950179838,-0.013188007184007294
2022-03-14,0.5434553018462764,0.090317587332023,-0.012092070189092545
2022-03-15,0.5434574644619788,0.0894967308260327,-0.0107379191027998
2022-03-16,0.5437609616888149,0.08912618605463632,-0.01108833684546278
2022-03-17,0.5476242560406607,0.08893864147396306,-0.011365360766508795
2022-03-18,0.5454087985507118,0.08048232205836324,-0.010796093279364115
2022-03-21,0.546831562619311,0.08002207130508031,-0.011214185718061138
2022-03-22,0.5533614730292657,0.07193036398084968,-0.02540098330446732
2022-03-23,0.561260414311724,0.05499100598854725,-0.045595528994975126
2022-03-24,0.5707315357672987,0.06304579051589337,-0.029479919889176334
2022-03-25,0.5754667087683613,0.06248030195191233,-0.028790387125881573
2022-03-28,0.5762948453126793,0.05120788269480596,-0.05530950679263047
2022-03-29,0.5818101578313415,0.05091561576246017,-0.05454650929268499
2022-03-30,0.5841567236805475,0.04632121935414309,-0.06275965784647498
2022-03-31,0.5872495565794524,0.04648705034419492,-0.062226552715395414
2022-04-01,0.5790869137757776,0.045933475180876836,-0.06073752999511817
2022-04-04,0.5796621954384945,0.04867633235666449,-0.05102366340412829
2022-04-05,0.5865088914453805,0.05566560756469613,-0.0353453941709441
2022-04-06,0.5895913435719805,0.05391109356295114,-0.03832517665896529
2022-04-07,0.5885636917026893,0.055406153002306356,-0.03750798810354215
2022-04-08,0.586793566825644,0.05372848037697232,-0.04482887466122104
2022-04-11,0.5882002243056575,0.05241285547487773,-0.04528664774416252
2022-04-12,0.5886088876549868,0.0518430257014639,-0.04621689220794812
2022-04-13,0.5845492205593371,0.0522399167507366,-0.04603343672687763
2022-04-14,0.5845340156473164,0.052489087819141966,-0.04586887173985558
2022-04-18,0.583416518384291,0.05219384648229432,-0.04655430378031538
2022-04-19,0.57663593606572,0.03221039391655228,-0.046040625003050555
2022-04-20,0.5739984464348517,0.031322688167797146,-0.04590297433233052
2022-04-21,0.5702914939454446,0.031207970950776272,-0.04661958658698235
2022-04-22,0.5661809483492071,0.031997211915664014,-0.045915104824781026
2022-04-25,0.5664786149647842,0.0323189656380892,-0.04460956109809026
2022-04-26,0.5667736038591135,0.032247648375482864,-0.04483175747165727
2022-04-27,0.5669021168828886,0.03249023296278023,-0.04452997762672593
2022-04-28,0.5663015915603301,0.032694096402799765,-0.04444542998103351
2022-04-29,0.5645924730055442,0.03258111389022143,-0.0447395106049197
2022-05-02,0.5662497020996787,0.03263938628132618,-0.04496615320481588
2022-05-03,0.5643524028621896,0.03253045957683912,-0.04541566848793833
2022-05-04,0.5643563779669803,0.03253781981478081,-0.04541566848793833
2022-05-05,0.5657054414266193,0.02395487236171889,-0.045372547074921256
2022-05-06,0.5668454610480654,0.0192521056943617,-0.04523406874589189
2022-05-09,0.5687736088336791,0.021741014838668034,-0.04514975457235065
2022-05-10,0.5703641529877329,0.021788684892928768,-0.04514386636364154
2022-05-11,0.5799277346444861,0.003600621251908365,-0.04569346833759
2022-05-12,0.5831444057499842,-8.416911686335341e-05,-0.045587947070351215
2022-05-13,0.5885309815401665,-0.011333409999313109,-0.045451968420541486
2022-05-16,0.5886652878342654,-0.008345022145193576,-0.04534338357326922
2022-05-17,0.5903345576504951,-0.006941388540645546,-0.04528459482119626
2022-05-18,0.5904850518886647,-0.006787198193391518,-0.04526202715848929
2022-05-19,0.5932177456461911,-0.01073680979544679,-0.04515016597770228
2022-05-20,0.5932295932652635,-0.01069239305649608,-0.045134997665459684
2022-05-23,0.5957314912092457,-0.012108568680981688,-0.04508124765559518
2022-05-24,0.5958346891489977,-0.009998224531616237,-0.044948250932283655
2022-05-25,0.5959397802738522,-0.00976251758704622,-0.04501461568931196
2022-05-26,0.5959494373152093,-0.00975872003959274,-0.0450014270660259
2022-05-27,0.5960366482527448,-0.01017471560981892,-0.04490299218476544
2022-05-31,0.5960491998441917,-0.010514558232334338,-0.045011065717948565
2022-06-01,0.5961180360425156,-0.010972772781786993,-0.0448953441826274
2022-06-02,0.596421549082008,-0.018646378275211185,-0.04644233351866904
2022-06-03,0.5984810494696852,-0.02713664943205849,-0.04633474614151236
2022-06-06,0.5984962400200583,-0.026638979661402416,-0.046231147492365975
2022-06-07,0.5985248008742964,-0.026728624183866394,-0.046690076519245526
2022-06-08,0.5986048177516814,-0.027096605636901753,-0.046719787292145966
2022-06-09,0.5982630830314236,-0.02872126839536998,-0.05119797021122159
2022-06-10,0.5982153521909536,-0.027687254438324087,-0.048927448063400304
2022-06-13,0.5993492181988774,-0.026762726953386023,-0.04359810362730674
2022-06-14,0.5994496165256286,-0.027613475230511733,-0.046438568096652595
2022-06-15,0.5986715438184685,-0.03179774219236503,-0.04952415108855959
2022-06-16,0.6041789210968685,-0.03180472472379377,-0.049645400050090424
2022-06-17,0.6007285053963736,-0.03230459386257317,-0.04996786156430082
2022-06-21,0.599058960556858,-0.03229481173457769,-0.049929792452569226
2022-06-22,0.5980905184744143,-0.03222781721885039,-0.04994737226369455
2022-06-23,0.5982061217541711,-0.032254000865329535,-0.04993744312290645
2022-06-24,0.5970341896030448,-0.032184542689789916,-0.049901376338180425
2022-06-27,0.5977502422548745,-0.03213181963586768,-0.049931583829911294
2022-06-28,0.6004619458729336,-0.03209794948952894,-0.05004948543595679
2022-06-29,0.6008005379919953,-0.032088133797230155,-0.05000598689117042
2022-06-30,0.6009645033384597,-0.03207290732802692,-0.050046100750183196
2022-07-01,0.6015106123110017,-0.032005593062786435,-0.05003806444758379
2022-07-05,0.5991598964823472,-0.03193450912024456,-0.05013659830017388
2022-07-06,0.6007166891331703,-0.031975091431099535,-0.05009386867396951
2022-07-07,0.6004951732383516,-0.031922992159846876,-0.05006086987470024
2022-07-08,0.5985937189647133,-0.03217371263093595,-0.05028544502943678
2022-07-11,0.5964748221757371,-0.03211948132872579,-0.05025597247017832
2022-07-12,0.596023790952601,-0.032066887198468466,-0.05021368719955487
2022-07-13,0.5963623611162955,-0.0321505292034881,-0.05021368719955487
2022-07-14,0.5963008258468873,-0.03212452634400936,-0.050184287071666375
2022-07-15,0.5957019175224848,-0.03220853573399637,-0.05046545736192558
2022-07-18,0.5930993241361769,-0.03245046884668599,-0.050817103073240645
2022-07-19,0.5627284793751745,-0.033060217780135494,-0.04958890012475168
2022-07-20,0.5490121456715464,-0.033070831217176876,-0.049395664717647406
2022-07-21,0.5408491272042756,-0.03300387771935575,-0.04918625266844335
2022-07-22,0.5333808955892261,-0.03296825498833983,-0.04806776952142362
2022-07-25,0.5277861030666504,-0.032917873839073096,-0.047947557168170736
2022-07-26,0.5187752886154985,-0.03287754871987521,-0.04668763621447992
2022-07-27,0.47839247555531994,-0.03300163465072665,-0.04448254485722014
2022-07-28,0.483514340161718,-0.03304210715706699,-0.04445295306823099
2022-07-29,0.49412463745581897,-0.03296580083315346,-0.044195915165771406
2022-08-01,0.4928943842348558,-0.03302599916032335,-0.044329667525484534
2022-08-02,0.49363058099215706,-0.0328775780110081,-0.044255956521165804
2022-08-03,0.5065910368076045,-0.03277148066284893,-0.04349232115266683
2022-08-04,0.5069332137969552,-0.032891184210241904,-0.043521546532594414
2022-08-05,0.5055510510527907,-0.032782614463820525,-0.04320791037100609
2022-08-08,0.5066431989518091,-0.03272790864495093,-0.043243155545047644
2022-08-09,0.5079869585577925,-0.03264281805640284,-0.042804466665694096
2022-08-10,0.5296781724268204,-0.03242370174570631,-0.04227862910803428
2022-08-11,0.5297186094464086,-0.03238271354797179,-0.04216412327057964
2022-08-12,0.5403477251688512,-0.03228455706531699,-0.04192955545439731
2022-08-15,0.5409574936773299,-0.03231190408674293,-0.04193796740057777
2022-08-16,0.5405437045130765,-0.0323063366930502,-0.04188031101965639
2022-08-17,0.5412125434779127,-0.032285728608415644,-0.041760210727322486
2022-08-18,0.5358659553546856,-0.03271164804432171,-0.042290938881312544
2022-08-19,0.5451281092193389,-0.03217479333962612,-0.04140945725968952
2022-08-22,0.5578666142686135,-0.031144430915013076,-0.04073526713575111
2022-08-23,0.5545314728183713,-0.031019518653279367,-0.04073913797238278
2022-08-24,0.5541967628986927,-0.031040613173870288,-0.04069839286109682
2022-08-25,0.5496817566153259,-0.031029473735353696,-0.04068019282347507
2022-08-26,0.5473693695957433,-0.03099640447207144,-0.040844332566332346
2022-08-29,0.5447731658750795,-0.030924871636811315,-0.040801167408057094
2022-08-30,0.5440848795489105,-0.030865705498071678,-0.040775422569403294
2022-08-31,0.5440330661069485,-0.030896758012831736,-0.04079047480635277
2022-09-01,0.5440529697535148,-0.030887429834462576,-0.04076540119439492
2022-09-02,0.5443832893596788,-0.03084124007749698,-0.04077391077003105
2022-09-06,0.5446498799702848,-0.030846268279527477,-0.04073333645713253
2022-09-07,0.5453248769120261,-0.03092986418674121,-0.040711526373797435
2022-09-08,0.5452070409831667,-0.03095512786228297,-0.04078822653536193
2022-09-09,0.5446642585099537,-0.03105923894902707,-0.040864057302673236
2022-09-12,0.5402910162233645,-0.03135394137494815,-0.041075112677864366
2022-09-13,0.5404856489661024,-0.03126510633309101,-0.04108787256041511
2022-09-14,0.5400434316223574,-0.03140508955955973,-0.0411488809960312
2022-09-15,0.5382110710620702,-0.031332293242758574,-0.04109429532743981
2022-09-16,0.5383556447165815,-0.03136622600875995,-0.041082893454220636
2022-09-19,0.5341597603254382,-0.03167299171804795,-0.041486422571195065
2022-09-20,0.5356504872798014,-0.03236291501612393,-0.04157207594211027
2022-09-21,0.53566407451877,-0.03238324433293966,-0.04157207594211027
2022-09-22,0.5378457474478163,-0.03231751751071753,-0.04157207594211027
2022-09-23,0.5412783115643667,-0.032276263537199354,-0.04157207594211027
2022-09-26,0.5413561250310781,-0.03224771974694979,-0.04157207594211027
2022-09-27,0.5415141026694344,-0.032315894570033414,-0.04157207594211027
2022-09-28,0.550860480456942,-0.03329277917604076,-0.04157207594211027
2022-09-29,0.5509372542710982,-0.03326281935848125,-0.04157207594211027
2022-09-30,0.5799276411639827,-0.03574656741038186,-0.04157207594211027
2022-10-03,0.5833909463588148,-0.03571486646732038,-0.04157207594211027
2022-10-04,0.5835567595376714,-0.03577750201129147,-0.04157207594211027
2022-10-05,0.586211443658084,-0.03572687986464623,-0.04157207594211027
2022-10-06,0.5867089927923506,-0.03566544732502729,-0.04157207594211027
2022-10-07,0.5888952260399712,-0.03560642116846151,-0.04157207594211027
2022-10-10,0.5889908006143508,-0.035653210594405745,-0.04157207594211027
2022-10-11,0.590537052487379,-0.03590880736636901,-0.04157207594211027
2022-10-12,0.5907198622466908,-0.035975342685693926,-0.04157207594211027
2022-10-13,0.5910997049460929,-0.035918522323103934,-0.04157207594211027
2022-10-14,0.599691846953019,-0.03606015858745932,-0.04157207594211027
2022-10-17,0.6015191784451879,-0.03599773221672117,-0.04157207594211027
2022-10-18,0.6018058615239374,-0.03594819090045141,-0.04157207594211027
2022-10-19,0.6006604089039517,-0.035887385986195126,-0.04151597845315927
2022-10-20,0.6016054890487919,-0.03582906574682726,-0.04154156507422986
2022-10-21,0.6013727243260957,-0.03578413509903871,-0.041485713922360244
2022-10-24,0.6019509058074236,-0.035809664092985506,-0.04173541234062228
2022-10-25,0.5928507686559704,-0.03574465294898979,-0.041524943766201014
2022-10-26,0.5837623084620667,-0.03572661082289627,-0.04043561949510096
2022-10-27,0.5795319209496793,-0.035862588850302336,-0.03966698974949637
2022-10-28,0.5589387374502734,-0.0358241363966473,-0.039000027776154265
2022-10-31,0.5566996817707847,-0.035787224009164946,-0.038598460512554736
2022-11-01,0.555036423874055,-0.035755030176683696,-0.038270553083626965
2022-11-02,0.5545213863918922,-0.035696726556787184,-0.038196427478409116
2022-11-03,0.5524916473988772,-0.03563270806913197,-0.03815485953239507
2022-11-04,0.5512560617864097,-0.035571210260786135,-0.038138897153251416
2022-11-07,0.5513445868288781,-0.03969043173175831,-0.03919204927004307
2022-11-08,0.5514558472682849,-0.039923638439435936,-0.038817980861046084
2022-11-09,0.5506298348171241,-0.03815289582527864,-0.03621587258614352
2022-11-10,0.47640929044663904,0.11554383831001831,-0.023038106694739605
2022-11-11,0.48162276529649434,0.12046571684371278,-0.01560072498513928
2022-11-14,0.48197379608325497,0.11760417817971784,-0.018361998547798512
2022-11-15,0.4856485177412895,0.11959988493445481,-0.01481621290130603
2022-11-16,0.48866922027847937,0.12377038378506762,-0.008109370283118651
2022-11-17,0.489169079956298,0.12862939361276235,-0.007052869467407569
2022-11-18,0.4884663824053178,0.1266622757946515,-0.004354537710899581
2022-11-21,0.49095967775484045,0.12730894132006848,0.0035644408107555307
2022-11-22,0.4969708033319553,0.1240961769267509,-0.016144381579010606
2022-11-23,0.49935454075618213,0.1279718836365092,-0.014822318828310489
2022-11-25,0.4988240081325565,0.1282062210213975,-0.014785669291564026
2022-11-28,0.49268097830294283,0.13752406077566698,-0.00808592316765396
2022-11-29,0.48481436606249156,0.13898344687802786,-0.008097986315301472
2022-11-30,0.5220565240269658,0.15694011485075912,0.026976460245978974
2022-12-01,0.5185922121948542,0.1567033748374122,0.030414118399690857
2022-12-02,0.5235178148559627,0.16671715056192432,0.03154366965009892
2022-12-05,0.5346849009502456,0.19850552055256632,0.052939606677177
2022-12-06,0.5467790530939489,0.19742231959798395,0.048724606237851034
2022-12-07,0.5561291664368265,0.19261140548017724,0.04595417280888768
2022-12-08,0.5586330450594574,0.19248470108214658,0.04615342066435897
2022-12-09,0.5610698273202425,0.18629797102842252,0.044632726276407846
2022-12-12,0.567469304918641,0.17128735654334892,0.03673520197337584
2022-12-13,0.5713416154724619,0.18121442406705093,0.048452459369119114
2022-12-14,0.5739570808545187,0.17739064115760192,0.04997640565443631
2022-12-15,0.579197795983871,0.18550772537024562,0.05342091585765342
2022-12-16,0.5811188562678812,0.19593489101194692,0.053640010562513635
2022-12-19,0.583930786628546,0.19457091768198612,0.0536401526880717
2022-12-20,0.5868240865668092,0.18806357200924922,0.05274670980104796
2022-12-21,0.5944045456853291,0.1918258181921894,0.052755602781808374
2022-12-22,0.5968280800852859,0.18492131259581138,0.05288291289442535
2022-12-23,0.5977546902616616,0.18409278553766775,0.05286415013443329
2022-12-27,0.592365795544416,0.18237475497942116,0.050908895087150845
2022-12-28,0.5923600299497283,0.18202605712444864,0.04943628575695263
2022-12-29,0.5923994276824256,0.18168524273090625,0.04930174338579326
2022-12-30,0.5921359255807441,0.18375465553870834,0.05079381677143787
2023-01-03,0.5917173403664081,0.18503278311510937,0.05353008246286071
2023-01-04,0.5904087264070977,0.1940282607144069,0.06435190217108236
2023-01-05,0.5924595214625916,0.1938900446946361,0.07075712513745391
2023-01-06,0.5753022092736639,0.18761245627029152,0.06364198369188942
2023-01-09,0.5752260104341502,0.1872476180983133,0.0623934802179369
2023-01-10,0.574634438618344,0.1903876930277779,0.06243222329556321
2023-01-11,0.5705984860742539,0.18823484503298066,0.06253636492099157
2023-01-12,0.572363101766101,0.18307711306193772,0.06257987185946584
2023-01-13,0.5721688671892659,0.1849833923517484,0.06200045252597695
2023-01-17,0.577124374478423,0.18278430569465506,0.061981293371445756
2023-01-18,0.5705417007555884,0.18556297263834196,0.061981250548160886
2023-01-19,0.5787380071631373,0.17931531654450603,0.06094521981128425
2023-01-20,0.5729518338539731,0.1870885133194722,0.061995288882809495
2023-01-23,0.5792248236532375,0.187197108128416,0.06307042809334665
2023-01-24,0.5793540167438587,0.18646946699630726,0.062447338014429726
2023-01-25,0.5793085461501565,0.18672305759307203,0.0618697861055378
2023-01-26,0.5843916674867203,0.17663985142871816,0.048505637466518134
2023-01-27,0.5838970371669091,0.17735248063883355,0.04709128141142916
2023-01-30,0.591476702843719,0.18025620154610958,0.0510752667809738
2023-01-31,0.5967746713979463,0.18217305964911587,0.05362321897478656
2023-02-01,0.601147898663707,0.19108101555288057,0.0696705699535032
2023-02-02,0.6098701227256625,0.16084796408455748,0.017753575892024198
2023-02-03,0.6173057078969932,0.1783321086429779,0.046517664292979564
2023-02-06,0.6190441385375324,0.17658572650629037,0.045485216650116095
2023-02-07,0.6245871031388871,0.17595148721992068,0.04557436132284788
2023-02-08,0.6294286505106552,0.17385969271472052,0.04340647369413601
2023-02-09,0.6312702534940879,0.1835465337501072,0.05174703499506888
2023-02-10,0.6347096497166876,0.18166475794214815,0.05200303800703591
2023-02-13,0.6386046652248378,0.17938554808586443,0.05120125496129631
2023-02-14,0.637407321103456,0.18320557336356655,0.05246611487715391
2023-02-15,0.6375796076367888,0.18360501851129482,0.05251904457287048
2023-02-16,0.643604819117607,0.18261902090153886,0.052341619013710976
2023-02-17,0.6439727102451855,0.18400533883819958,0.05303745636682409
2023-02-21,0.6447164038116927,0.18360216377946142,0.05399590245223171
2023-02-22,0.6446680246760742,0.1835787122426276,0.0539730701753764
2023-02-23,0.6439700913310263,0.18343677891713525,0.054051893264400665
2023-02-24,0.6411512689185791,0.1831579229727253,0.05424789898308236
2023-02-27,0.6408657328543793,0.1830586066724031,0.054133144253907466
2023-02-28,0.6405338628994274,0.18295677185188158,0.05404964610833776
2023-03-01,0.6402882790162693,0.18426595100924198,0.054647334163940124
2023-03-02,0.639084555807432,0.18743321606696514,0.056070732559158815
2023-03-03,0.6329434127246047,0.18587241360348944,0.05599270334517938
2023-03-06,0.6329335501927121,0.18648542960801265,0.056286267159076885
2023-03-07,0.6274549939128288,0.1879813994214885,0.057503627432974436
2023-03-08,0.6273921432390678,0.19070285841829818,0.05863292794181053
2023-03-09,0.6272907892493079,0.1993737806169031,0.061866409712374046
2023-03-10,0.6272907892493079,0.20740980060733422,0.06373085980510554
2023-03-13,0.6272907892493079,0.20769853500135166,0.06388625944835229
2023-03-14,0.6272907892493079,0.20789083414422607,0.06379496883387362
2023-03-15,0.6272907892493079,0.2098039771100528,0.06405438390763396
2023-03-16,0.6209296447425798,0.2108356582960904,0.06467985753025318
2023-03-17,0.6207050558600877,0.1930230871698461,0.0612142037516788
2023-03-20,0.6207050558600877,0.19352974668955508,0.06146223512453212
2023-03-21,0.6258517014057355,0.17801825783999733,0.0439883718817443
2023-03-22,0.6254747489832505,0.17170477856206362,0.02761739909451659
2023-03-23,0.6194582357433205,0.17822466129879064,0.04582524984697399
2023-03-24,0.6154026754626057,0.1903546425666803,0.05714832945471468
2023-03-27,0.6074465665915394,0.18151219472654595,0.05201078052163789
2023-03-28,0.6085080228486601,0.1807285163701793,0.048347064856021374
2023-03-29,0.6124010271667699,0.18690252075940184,0.06174886320956874
2023-03-30,0.6090680664194058,0.1908103246249204,0.06704256877568737
2023-03-31,0.6121609758450105,0.18827159712017572,0.06691653503319224
2023-04-03,0.6075056654965904,0.19149990005306333,0.06560601325233528
2023-04-04,0.6082949777454997,0.1793523733038099,0.058536680321500084
2023-04-05,0.6064017155458169,0.17717455395230425,0.0537952634138665
2023-04-06,0.6001537074017539,0.16813765594077926,0.04061781412585896
2023-04-10,0.5953486247646858,0.1701247565654985,0.04464436831923223
2023-04-11,0.5948985178844054,0.16845534014293387,0.04121534318883965
2023-04-12,0.5960737810231096,0.16837380373838565,0.04438852628055301
2023-04-13,0.6014388086703321,0.18206953787109686,0.061368937124691644
2023-04-14,0.6015931695298136,0.18526614609678266,0.06408988968254022
2023-04-17,0.6014322980652764,0.1844265977590773,0.06427157857487345
2023-04-18,0.6014211622223118,0.1840833217339051,0.06392797307454157
2023-04-19,0.6014379269883565,0.1845982858637102,0.06442420085519991
2023-04-20,0.6081217860631676,0.20558964366213028,0.06222576425678605
2023-04-21,0.6082997465838017,0.20639502298315854,0.061953235524052935
2023-04-24,0.6081431957485666,0.20625305946463474,0.06126158344884464
2023-04-25,0.6076978215310249,0.19734510086216786,0.05880340757868577
2023-04-26,0.6073123080112135,0.20164830528547276,0.05914115367803457
2023-04-27,0.5984262114455138,0.1984253487793458,0.05921364388890195
2023-04-28,0.5989107860817413,0.1981959989360813,0.058959834308445556
2023-05-01,0.598975216041665,0.19869861563641533,0.05949230207862021
2023-05-02,0.6011125296161048,0.17463592296782504,0.046227602523404666
2023-05-03,0.6022755323553625,0.1685107517637773,0.04212956078023414
2023-05-04,0.6025640119868554,0.16345887800454448,0.040182616699994844
2023-05-05,0.6105894739881983,0.1358603898696853,0.017208948066989097
2023-05-08,0.610472855029814,0.13579223431576373,0.01726591035178927
2023-05-09,0.6112514941431572,0.13253913629094966,0.014149000162498282
2023-05-10,0.6116921733793841,0.1317896588793331,0.012767096769110246
2023-05-11,0.6110938644375202,0.1331215993864212,0.011185095599819297
2023-05-12,0.6112441688970772,0.13342809094886965,0.011781270390152757
2023-05-15,0.611468863801426,0.13370003031011166,0.012248549912749014
2023-05-16,0.6101095751615642,0.1402372858392286,0.011808894930016306
2023-05-17,0.6127269040179982,0.1359261732713364,0.008876526908618084
2023-05-18,0.61536179556711,0.1308482187408899,0.0015938075099270563
2023-05-19,0.6154994726477003,0.13087748233163193,0.001655000527841334
2023-05-22,0.6153315746441269,0.13086661469542807,0.0015631641773961298
2023-05-23,0.6186692813912926,0.1306065586961828,0.0019016123635049586
2023-05-24,0.6194110843546151,0.13057009717817455,0.0020395316155311653
2023-05-25,0.6206628921217839,0.13001346540376987,0.0013625738739642967
2023-05-26,0.6253977951431806,0.1289532116966374,0.0006681792766367244
2023-05-30,0.625120679505303,0.1289432120759359,0.0005478062278176287
2023-05-31,0.6259148259693044,0.1289573704299042,0.0006979113257431057
2023-06-01,0.62764195939933,0.12832922971912686,0.00039107896479593775
2023-06-02,0.6278305538213147,0.1270892045409345,0.0001927309461181601
2023-06-05,0.627695085525845,0.1271231405963059,0.0001741214437419253
2023-06-06,0.6275489846306295,0.1270489542369975,0.00017858411281752686
2023-06-07,0.6271082692074961,0.12708792978341643,0.0006224853569042724
2023-06-08,0.6278776402654175,0.12678520245899644,0.0002960833121952761
2023-06-09,0.6278622906600779,0.12672732801499045,0.00019603099651851121
2023-06-12,0.6298491893344481,0.12616538692644766,-0.0002448427336505476
2023-06-13,0.6304961357804623,0.12582655572236828,-0.0004445346303166159
2023-06-14,0.6300548084364126,0.12579196603708595,-0.0006331493261414186
2023-06-15,0.6320882899660867,0.12487337337728512,-0.0009408300092076867
2023-06-16,0.6326460412975434,0.12491047342867334,-0.0007767639072523605
2023-06-20,0.6325735834076462,0.12493070464317198,-0.0007396381615551075
2023-06-21,0.6336351047093004,0.12495296557296948,-0.00038494038513732395
2023-06-22,0.6334408128745651,0.1248132694406621,-0.0006878491337781976
2023-06-23,0.6351444432089497,0.12477455912718831,-0.0004316376364447762
2023-06-26,0.6356836523046961,0.12481065942370596,-8.700472175013235e-05
2023-06-27,0.6383459360465606,0.12407175044167011,-0.0005242723788633096
2023-06-28,0.638290073312446,0.12405890456776322,-0.0005739574186251444
2023-06-29,0.6375375835008052,0.12390295191894464,-0.0005228943173298438
2023-06-30,0.6401623622372427,0.1230824982136207,-0.000911935337087274
2023-07-03,0.640124678762803,0.12305032635608305,-0.0009716578748074971
2023-07-05,0.6401070077515824,0.12307803150042312,-0.0009709718445825716
2023-07-06,0.6413691781889226,0.12303374604795854,-0.0007767418423608341
2023-07-07,0.6416297860534381,0.12307122991128916,-0.0006924291738874406
2023-07-10,0.6414959052590079,0.1229860313715244,-0.0007007315129378503
2023-07-11,0.6416967227969409,0.12267933548691476,-0.0008255944501987564
2023-07-12,0.6429406153741214,0.12224357874570144,-0.001142496300855323
2023-07-13,0.644139079241091,0.12182029140479997,-0.0015641010748425302
2023-07-14,0.644153499795962,0.12183399883000472,-0.0015587804264290863
2023-07-17,0.6441344883856871,0.12170777067356328,-0.0017914609114139
2023-07-18,0.6447954217957911,0.12132922480633682,-0.001995226768011913
2023-07-19,0.6446372527492756,0.12125964645488983,-0.0019893480199674385
2023-07-20,0.6562907260723501,0.12125200737025249,-0.0006807867176476022
2023-07-21,0.6597687999033397,0.12125247304247308,-0.00020697534469592865
2023-07-24,0.6625711561673445,0.12107510502536097,0.00011566660456554049
2023-07-25,0.6658281804691966,0.12098467833583741,-0.000503487342385612
2023-07-26,0.6660069011493027,0.12098148717152896,-0.0005641738187725552
2023-07-27,0.6703261564758745,0.12097484089152834,-0.0010126948455668173
2023-07-28,0.6972460351850479,0.1203979841775266,-0.00040542769644101616
2023-07-31,0.6960952286890238,0.12112094823480545,-0.0001609937556874527
2023-08-01,0.692771045553168,0.122292427093724,0.00038541867549303087
2023-08-02,0.69778223584209,0.12186763213950448,0.000943528069601465
2023-08-03,0.6978305653420376,0.12190832388632715,0.0009073667917257306
2023-08-04,0.6934740077050148,0.1232411333976673,0.0017720621005761828
2023-08-07,0.694939080971553,0.1227250853711159,0.0016693351215014314
2023-08-08,0.6956876456892478,0.12272968637865055,0.0016780189687564974
2023-08-09,0.6956411150290434,0.12270272844158368,0.0021631328127090974
2023-08-10,0.6952307484365562,0.1226550701698522,0.0018698952659733942
2023-08-11,0.686862996519947,0.12487610829275024,0.0026489227982347567
2023-08-14,0.6865339451453151,0.12461874371726644,0.002498460064802554
2023-08-15,0.6786918304521543,0.1259382897815203,0.0030449630452071058
2023-08-16,0.677303904016161,0.1260910258068323,0.0032678587296273947
2023-08-17,0.6764030276616518,0.1261295886508771,0.003204882028866679
2023-08-18,0.6748935118045715,0.12612737897584264,0.002904326300984258
2023-08-21,0.6739559159076358,0.12589952635863252,0.002969970982972567
2023-08-22,0.6689788204535173,0.12630701105956874,0.0024608008544412144
2023-08-23,0.6605827820863083,0.12674567966747582,0.0020123996706076616
2023-08-24,0.6566614888939454,0.12627621478514103,0.0020123996706076616
2023-08-25,0.6558236278955931,0.12602008461364825,0.0020123996706076616
2023-08-28,0.6591989351525622,0.12686157091870637,0.0020123996706076616
2023-08-29,0.6557442419683238,0.12567022578066467,0.0020123996706076616
2023-08-30,0.6553886881498346,0.1255007276036097,0.0020123996706076616
2023-08-31,0.6553438069102377,0.1255288139501663,0.0020123996706076616
2023-09-01,0.6552712444732648,0.12546928200069649,0.0020123996706076616
2023-09-05,0.654881832431443,0.12550200061349762,0.0020123996706076616
2023-09-06,0.6539495396968059,0.12548957341171973,0.0020123996706076616
2023-09-07,0.6537604454052206,0.12552940387455963,0.0020123996706076616
2023-09-08,0.6537101568674516,0.12548314355377338,0.0020123996706076616
2023-09-11,0.6528048331273241,0.12514801864474628,0.0020123996706076616
2023-09-12,0.652193245148247,0.12516612745762434,0.0020123996706076616
2023-09-13,0.6542481762274783,0.12577771590039977,0.0020123996706076616
2023-09-14,0.6527817646797672,0.12522987310910913,0.0020123996706076616
2023-09-15,0.6498632270283629,0.12496431286764434,0.0020123996706076616
2023-09-18,0.6498539818803434,0.12494867842942181,0.0020123996706076616
2023-09-19,0.6497751845102693,0.12498472029590423,0.0020123996706076616
2023-09-20,0.6481125455510967,0.12488944021252467,0.0020123996706076616
2023-09-21,0.6434068316093358,0.12435910640579406,0.0020123996706076616
2023-09-22,0.6434068316093358,0.12435910640579406,0.0020123996706076616
2023-09-25,0.6434068316093358,0.12435910640579406,0.0020123996706076616
2023-09-26,0.6434068316093358,0.12435910640579406,0.0020123996706076616
2023-09-27,0.6434068316093358,0.12435910640579406,0.0020123996706076616
2023-09-28,0.6434068316093358,0.12435910640579406,0.0020123996706076616
2023-09-29,0.6434068316093358,0.12435910640579406,0.0020123996706076616
2023-10-02,0.6434068316093358,0.12435910640579406,0.0020123996706076616
2023-10-03,0.6434068316093358,0.12435910640579406,0.0020123996706076616
2023-10-04,0.6434068316093358,0.12435910640579406,0.0020123996706076616
2023-10-05,0.6434068316093358,0.12435910640579406,0.0020123996706076616
2023-10-06,0.6434068316093358,0.12435910640579406,0.0020123996706076616
2023-10-09,0.6434068316093358,0.12435910640579406,0.0020123996706076616
2023-10-10,0.6429801018446509,0.12416984501898098,0.0020123996706076616
2023-10-11,0.6426182824954247,0.12400164984553529,0.0020123996706076616
2023-10-12,0.6419407224344671,0.12401825215910127,0.0020123996706076616
2023-10-13,0.6419277365558834,0.12404212712753504,0.0020123996706076616
2023-10-16,0.639996037829913,0.12343500123690453,0.0020123996706076616
2023-10-17,0.6399964997278599,0.12343666967321629,0.0020123996706076616
2023-10-18,0.6399236065121706,0.12347477072116377,0.0020123996706076616
2023-10-19,0.6399236065121706,0.1221466864780729,0.0014306811359853693
2023-10-20,0.6399236065121706,0.12193798168775384,0.001285234671270303
2023-10-23,0.6399236065121706,0.1220780746049243,0.001463691900458815
2023-10-24,0.6399236065121706,0.1220846569250795,0.0014694887033442987
2023-10-25,0.6399236065121706,0.12172798308813262,0.0012451873701819491
2023-10-26,0.645654709662467,0.12161815158502362,0.001778529773401411
2023-10-27,0.6523951117655995,0.12015821210000042,0.0004488767964892693
2023-10-30,0.6570923018862526,0.12031945739972283,0.00014752200469787927
2023-10-31,0.6726790046471043,0.1204821374883906,0.001491043089020906
2023-11-01,0.674677759556196,0.12061672976923359,0.0012878369321566243
2023-11-02,0.6692241328698723,0.12310434908712857,0.0007654578164138264
2023-11-03,0.6675001733575575,0.12465750362301806,0.0004997566441506272
2023-11-06,0.6673781291050582,0.12344765349776182,0.0009586332171796953
2023-11-07,0.6671975709576611,0.12267005854200592,0.001202397276952334
2023-11-08,0.6671819977504279,0.12226887184597936,0.0017820560788200845
2023-11-09,0.6660440219912924,0.11961215420026132,0.0015472235741286757
2023-11-10,0.6709455395992915,0.10629997213503162,-0.01343475806655493
2023-11-13,0.7371049868189071,-0.004064055651575731,-0.013517811262494529
2023-11-14,0.7412295404699659,0.004383808474734435,-0.008232526711984517
2023-11-15,0.7398416050127972,0.00554580623219457,-0.0069521163556527325
2023-11-16,0.7386151585517571,0.0038316933739564346,-0.00984157265106394
2023-11-17,0.737042485714559,0.002020897707488167,-0.01249266525798706
2023-11-20,0.7378589091058708,-0.0015259048599894874,-0.01567503615759551
2023-11-21,0.7385692793138259,-0.0020563387244276437,-0.020981937408660917
2023-11-22,0.7385364938737236,-0.005394025877332627,-0.026688311016713925
2023-11-24,0.7359324308359704,-0.006298931111708976,-0.028258707519749453
2023-11-27,0.7353457038917766,-0.010225896919287209,-0.03270371983878843
2023-11-28,0.7358970489933988,-0.010013971425769638,-0.03088415199821289
2023-11-29,0.7320616501787552,-0.02189224025646148,-0.04042069986745754
2023-11-30,0.7311223371385938,-0.022051951785751037,-0.03667264374213975
2023-12-01,0.7083433462403413,-0.047183542325125026,-0.07575708103105272
2023-12-04,0.7094537876997219,-0.03313230826499284,-0.05929956635808087
2023-12-05,0.7092009845316979,-0.033407065230097774,-0.06113505111686253
2023-12-06,0.7036815245871371,-0.06403647451692569,-0.08680459893878814
2023-12-07,0.6984162838326858,-0.06078258501674386,-0.0827332529511308
2023-12-08,0.6984288235524418,-0.06229631654656305,-0.08239973263832703
2023-12-11,0.6971796369035076,-0.06510683362097922,-0.0886233291729516
2023-12-12,0.6963208211748381,-0.063171476323359,-0.08731170983207213
2023-12-13,0.6963562348331244,-0.028606601745786824,-0.060252956039381717
2023-12-14,0.6946120670232253,-0.037227735608689694,-0.0735460562808987
2023-12-15,0.6920981480298907,-0.03674316813474128,-0.07767095417347784
2023-12-18,0.6928547122811312,-0.05081217758032549,-0.08248354413393275
2023-12-19,0.6931583249940142,-0.04729552420416276,-0.07997829527468342
2023-12-20,0.6981192009896843,-0.03964117344594288,-0.07272821380440278
2023-12-21,0.6998717320074339,-0.03358574350799461,-0.06667723111701539
2023-12-22,0.6998370585342044,-0.03345413284517965,-0.06674442943575258
2023-12-26,0.7000813315567219,-0.03290822669401595,-0.06558744977223026
2023-12-27,0.700062569120379,-0.032415279981863734,-0.0650903211184992
2023-12-28,0.7000473040707395,-0.03124122659834279,-0.06361250626864463
2023-12-29,0.7004632926082691,-0.03104147839907359,-0.06325838519072524
2024-01-02,0.7008144436659254,-0.028906491825981786,-0.05860925251747619
2024-01-03,0.703229090204361,-0.021390533164442296,-0.04834431195423341
2024-01-04,0.7029891367843742,-0.020952654785073816,-0.04788950461183294
2024-01-05,0.7029178222589691,-0.02019913340573374,-0.04732030602267609
2024-01-08,0.6971709214274324,-0.03055789380852791,-0.04792146404033338
2024-01-09,0.6971277383625953,-0.029263551936778313,-0.047186315454427696
2024-01-10,0.6961993300772303,-0.03002316006977435,-0.04680176677820773
2024-01-11,0.6973275220199584,-0.03187117887737172,-0.0466799511835552
2024-01-12,0.7018301349917175,-0.0313320046890391,-0.04734417939249129
2024-01-16,0.7019367445990705,-0.029899167874543324,-0.045668345312808674
2024-01-17,0.7016661507048768,-0.028895401329882088,-0.044292088643043175
2024-01-18,0.7033718069580986,-0.03064210845382409,-0.044872084583499554
2024-01-19,0.7134869442808318,-0.035424902508356476,-0.044883057062384976
2024-01-22,0.7135140791211249,-0.031448230847572665,-0.04397421883254946
2024-01-23,0.7229623342009488,-0.026669689634119174,-0.044326092578872704
2024-01-24,0.7194333363369405,-0.028631858663805604,-0.04749482929885326
2024-01-25,0.7187597339665824,-0.02794319236902093,-0.04665797494725015
2024-01-26,0.7187952800125256,-0.027652356876173175,-0.04544889127232706
2024-01-29,0.7173334992164039,-0.01956683695721148,-0.03324335540371055
2024-01-30,0.7178767069800153,-0.01939491238082403,-0.03224358976599298
2024-01-31,0.7196980871181351,-0.02249439496311586,-0.03648348543834027
2024-02-01,0.7183823959554573,-0.027097385023895828,-0.04045631541155778
2024-02-02,0.7187290071370743,-0.03850064298240001,-0.060897499433492076
2024-02-05,0.7171732784429224,-0.012751955439785771,-0.004585075034165158
2024-02-06,0.7126554762611235,-0.0424558798921635,-0.045550407158535644
2024-02-07,0.7126526141945537,-0.04124654936406646,-0.04416214854912134
2024-02-08,0.7084117060431168,-0.0423732988374089,-0.04599935307313527
2024-02-09,0.7047340935316435,-0.03990486315592901,-0.04273140165864968
2024-02-12,0.7025431172757816,-0.055706029389113954,-0.056812488028089914
2024-02-13,0.7100571287645713,-0.0548156540731585,-0.056221234732051595
2024-02-14,0.7084993491992182,-0.05486779862930124,-0.05634825496846509
2024-02-15,0.7099612438054391,-0.05496685768521486,-0.05632461916142416
2024-02-16,0.7111332316582183,-0.054701762021772425,-0.05587551174040021
2024-02-20,0.7061596144240886,-0.055305119953510125,-0.05669601198120121
2024-02-21,0.7053723307945104,-0.055415349320741,-0.05683525412159336
2024-02-22,0.7148386988975834,-0.05654273915734773,-0.05643403710193576
2024-02-23,0.7146325958292238,-0.05660760920331726,-0.0563459181107835
2024-02-26,0.7153351408633839,-0.05637742127159111,-0.056332475572479064
2024-02-27,0.7187305137447346,-0.05702082160030503,-0.05638121614042507
2024-02-28,0.7191676716514446,-0.05690325328771934,-0.056199593404725724
2024-02-29,0.7193834903366824,-0.057124162005992636,-0.0562784108667321
2024-03-01,0.7215036187864827,-0.042149556381269854,-0.03452630518840275
2024-03-04,0.7232184713174352,-0.04522808270580105,-0.040549715658834466
2024-03-05,0.7349994463848312,-0.051153397011324396,-0.049153684932353586
2024-03-06,0.7353648264662024,-0.047974441035559375,-0.045658104668486715
2024-03-07,0.7448823029491044,-0.04448129547248039,-0.03927966814494549
2024-03-08,0.7460518747159745,-0.0500629971349038,-0.04919493202146444
2024-03-11,0.7462568963402831,-0.05053414321267872,-0.049752113879671184
2024-03-12,0.7484228344323791,-0.06065504321687774,-0.06130897646900744
2024-03-13,0.7482382810315495,-0.06244465256098352,-0.06578966809616049
2024-03-14,0.7484346657017981,-0.060886914258823116,-0.06433710131975132
2024-03-15,0.7501173338323682,-0.05780727151887502,-0.06020438498975455
2024-03-18,0.7599174382264146,-0.0571497600260518,-0.05934802916490907
2024-03-19,0.7599757414258121,-0.04779895014263688,-0.059351556489391714
2024-03-20,0.7613739305335897,-0.037921967459103395,-0.04855670777577227
2024-03-21,0.7593954020352233,-0.016914393703333367,-0.03144869296390119
2024-03-22,0.7603348740467869,-0.007443106668248975,-0.010657945159233604
2024-03-25,0.7642375464621182,-0.0070680844353190895,-0.02331447005344624
2024-03-26,0.7644916485892961,-0.0024439886754391675,-0.022112406144641692
2024-03-27,0.7656073921848944,0.003446985600299932,-0.02778837998473186
2024-03-28,0.7653650650134974,0.004383468960010336,-0.026557797375370607
2024-04-01,0.760948211854371,0.009031484079232387,-0.017719702278867856
2024-04-02,0.7617264012233398,-0.006854933016046409,-0.03596586943918603
2024-04-03,0.7581206592439971,0.001083843083306239,-0.027414121293813567
2024-04-04,0.7626419918201477,0.008126559309464175,-0.017344768966528173
2024-04-05,0.7587464984438138,0.037618189442413554,-0.011908355667178816
2024-04-08,0.7589469078402198,0.03666852413086719,-0.013744260324609557
2024-04-09,0.7587692486538238,0.03904377518204105,-0.010369762923803311
2024-04-10,0.7554614103471677,0.05057990949723142,-0.01055506404934289
2024-04-11,0.7543985347767203,0.0625721073460815,-0.008401092531665412
2024-04-12,0.7476200212160818,0.08474417748716791,-0.0034107753518170833
2024-04-15,0.7388258640300512,0.04300597763967286,-0.025636360688635684
2024-04-16,0.7385984476064226,0.037231537919942735,-0.030901870569120915
2024-04-17,0.7378370858753378,0.04413982292194145,-0.030185102935200925
2024-04-18,0.7377562709200465,0.0433797239149688,-0.030165773449389918
2024-04-19,0.7354824491437281,0.040237791234929876,-0.031150913639956812
2024-04-22,0.7316265210786219,0.02015843981270902,-0.025414827455954914
2024-04-23,0.7270906589411726,0.01667847706192743,-0.025299961119986253
2024-04-24,0.7273476040640207,0.017028027587754648,-0.024430809767642954
2024-04-25,0.7282114776801566,0.022193036768758074,-0.022234802465845093
2024-04-26,0.7257826873787517,0.021185490493469274,-0.02308107341265566
2024-04-29,0.7382689647144687,0.021928334537009105,-0.022878002790492468
2024-04-30,0.7302932792624284,0.055197048260664974,-0.020395689301259592
2024-05-01,0.7299562459703158,0.050595628589544424,-0.02203744302314199
2024-05-02,0.7250568029968728,0.07151553194925055,-0.006545191384023044
2024-05-03,0.7188248056350569,0.07642008744432244,-0.0012205782059580745
2024-05-06,0.7151143050780304,0.09062941635879318,0.0004166839415704343
2024-05-07,0.7074417987070339,0.12174480671134859,0.02942142168804257
2024-05-08,0.7076236986484555,0.12207345936552326,0.029635502560672527
2024-05-09,0.7056426568856489,0.13158146058089049,0.032163091467974136
2024-05-10,0.7055748755861838,0.13209198720349796,0.03317302103081384
2024-05-13,0.7064675277880599,0.13026037268406607,0.03589046873537016
2024-05-14,0.7065883290984364,0.13196198340953164,0.03749947211267581
2024-05-15,0.7100276375272473,0.14335451352188572,0.05149579992200831
2024-05-16,0.7122235724210144,0.13603662594492746,0.053184507217408826
2024-05-17,0.7095207853206703,0.13997280243110644,0.05457660121083338
2024-05-20,0.7067101739853718,0.14632428243669912,0.06689267465842393
2024-05-21,0.7065399192152904,0.14581575599034396,0.06648580033073939
2024-05-22,0.7066499238611926,0.15032450201468217,0.06728344849560669
2024-05-23,0.7033886315573886,0.16347798300801855,0.07480621365955926
2024-05-24,0.7034386902475038,0.16340577248532157,0.07458275443523127
2024-05-28,0.7043006948906622,0.163056886093785,0.07918743097465551
2024-05-29,0.7019951339043058,0.17132852992155675,0.08855045862615926
2024-05-30,0.7045276459325052,0.16990335447455462,0.08715824596419436
2024-05-31,0.6994883958377245,0.16401855950082925,0.08820678065714996
2024-06-03,0.6966579661623888,0.16430566963552884,0.09200480551994782
2024-06-04,0.696107615377362,0.16573443726565829,0.09052296772460657
2024-06-05,0.7003086065310747,0.17513629656133087,0.10665889056283367
2024-06-06,0.7004981123474314,0.1741447183371319,0.10570744484539092
2024-06-07,0.7026985764670776,0.17469124167930342,0.10671042260132435
2024-06-10,0.7023325705789393,0.17503148070978222,0.10762727948274958
2024-06-11,0.7020746260062868,0.174985495405864,0.10736238041988368
2024-06-12,0.7018904027882061,0.1751416562706858,0.10798713224554315
2024-06-13,0.7007542154496701,0.17565164407585515,0.10820823163435263
2024-06-14,0.7010990212803675,0.17568410770946272,0.10840707014473103
2024-06-17,0.6996576192475472,0.17661466133253856,0.10835937043358211
2024-06-18,0.6988223107401782,0.17641317140701554,0.10822245090251754
2024-06-20,0.699371412827063,0.17647542231183122,0.1082726282334016
2024-06-21,0.6987782931746208,0.17652644282704036,0.10850699403891488
2024-06-24,0.699705540891472,0.1768265076448721,0.10959603203634334
2024-06-25,0.696633445213074,0.17671957376793906,0.10849635880987805
2024-06-26,0.6966009025087336,0.17663363864212966,0.10852719565508365
2024-06-27,0.6931142447679874,0.17801556671114424,0.11041123632532424
2024-06-28,0.6940139892568163,0.17806512126795782,0.11063652862641313
2024-07-01,0.6949675894222618,0.17823917862893074,0.11014779729037334
2024-07-02,0.6921427050219354,0.1792613861670221,0.11092367003187932
2024-07-03,0.6925103162432991,0.17896321261990217,0.11037350872958974
2024-07-05,0.6932430763404567,0.1783978847501809,0.10943460212145018
2024-07-08,0.6911875623184593,0.17855735604847078,0.10920928293354419
2024-07-09,0.6907620320907706,0.17846519617938153,0.10906604639950636
2024-07-10,0.6931295713894315,0.17737939369904898,0.10815639406872697
2024-07-11,0.6948045871057559,0.1776855078994496,0.1074714706858242
2024-07-12,0.6937141253354809,0.1779701180597275,0.10827995513169221
2024-07-15,0.6927324067510154,0.1786597567709171,0.11009500373431114
2024-07-16,0.6917062456916194,0.1838265007616947,0.10779480757069838
2024-07-17,0.6993707902859587,0.1891775787262241,0.11768128853337986
2024-07-18,0.7007827806288887,0.19444353074446738,0.1251604367081444
2024-07-19,0.6994198991657352,0.2037656315981101,0.12418364077204769
2024-07-22,0.6973241507421097,0.20285541543354135,0.1256601690927613
2024-07-23,0.6973317013236803,0.20200728928373088,0.12533224288921238
2024-07-24,0.6813185137274312,0.2055149041122037,0.12552538373598263
2024-07-25,0.6806580813777451,0.2115324491958873,0.12549770707912303
2024-07-26,0.6770408745091447,0.21842657659472645,0.12432739966925778
2024-07-29,0.6770874147901222,0.21863317305903285,0.12432423506291035
2024-07-30,0.6737981835276513,0.2139194180251049,0.12562784359048496
2024-07-31,0.66605753303278,0.23155278698526763,0.1231939080000394
2024-08-01,0.6600655155814706,0.23419488713538747,0.12320688696025389
2024-08-02,0.642460046718745,0.2358375046068771,0.1246244528623972
2024-08-05,0.6217300991040321,0.25684510090748247,0.12445083040002679
2024-08-06,0.6208809083884742,0.2566485628838646,0.12450024830341723
2024-08-07,0.619037813495956,0.25770725605471173,0.1252145936041158
2024-08-08,0.6056419161734533,0.27581093165510195,0.12320946764061338
2024-08-09,0.6058929535227591,0.27637618199081254,0.12463740429688926
2024-08-12,0.6058849739756724,0.27305426210138684,0.12218824211048024
2024-08-13,0.5992384731915702,0.2678400600686611,0.12227242038111968
2024-08-14,0.5997625069344698,0.2660006419474062,0.12247354342514313
2024-08-15,0.5955458111251442,0.26727449122694913,0.12223371102920406
2024-08-16,0.5964530617067672,0.2647922343545949,0.11864720395650385
2024-08-19,0.5954083049463377,0.26280724525589716,0.11873479935875433
2024-08-20,0.5953875192060709,0.2620230467260793,0.11845535446756932
2024-08-21,0.5961239523531475,0.2621708831738505,0.11852831148265487
2024-08-22,0.5949935447692833,0.2681792917097009,0.11864304157259871
2024-08-23,0.5952522109046419,0.2751998006879241,0.11738824381521303
2024-08-26,0.5992877096992556,0.27589152754972696,0.11715500883658526
2024-08-27,0.6004733046181109,0.27659892108329404,0.11696280294047406
2024-08-28,0.6008287976699642,0.2800658390689135,0.11717955180843993
2024-08-29,0.6059610641118759,0.28225584939800763,0.11675973219369518
2024-08-30,0.6041173253270671,0.2762108216990668,0.11697761058092081
2024-09-03,0.5949448475830145,0.27896601595064624,0.11715992972380278
2024-09-04,0.5950238802155644,0.2789608462737944,0.11712201360439754
2024-09-05,0.5952610466126746,0.276425408644478,0.11634219652017873
2024-09-06,0.5903018003468317,0.28311025767363573,0.11656199737859337
2024-09-09,0.5874482359770383,0.2843710404621066,0.11624019700032466
2024-09-10,0.5870229178138392,0.285021114901283,0.11590062020006907
2024-09-11,0.5856173666007634,0.28316698293465425,0.11598493659154331
2024-09-12,0.5844425426175937,0.28861508154665455,0.11373710616686762
2024-09-13,0.5838106591264104,0.2902605119678566,0.11277920547198607
2024-09-16,0.5854885148377342,0.2912960529398998,0.11278404606393169
2024-09-17,0.5883207760302205,0.29222944436943615,0.11298934833332293
2024-09-18,0.5882070359204975,0.2937619787336831,0.11321283005710957
2024-09-19,0.5817505219972658,0.3050201143157746,0.11141235396234286
2024-09-20,0.5833457568274483,0.30169869673019467,0.11009700245936345
2024-09-23,0.5881683197091878,0.30379870152874805,0.10997285489718873
2024-09-24,0.587956980106241,0.3034605031153468,0.10848835175261248
2024-09-25,0.5878767438302577,0.30378493149887703,0.10855961678962772
2024-09-26,0.5881160113271284,0.3042313590637142,0.10986601877985148
2024-09-27,0.5882908182595225,0.3050010374583755,0.11356551001524831
2024-09-30,0.5884079493576717,0.30240846820026995,0.11198468028348495
2024-10-01,0.5925937302413484,0.29365341162039615,0.1004105598699275
2024-10-02,0.5924996743989931,0.2936264799720003,0.10031886745652854
2024-10-03,0.5925793935931567,0.29379559743592504,0.10043846910322206
2024-10-04,0.5949308233947489,0.29140998246161637,0.09746340221226
2024-10-07,0.5985309003407083,0.2931104492753679,0.10044668916647707
2024-10-08,0.6010402267185274,0.287110057341518,0.0910440228893238
2024-10-09,0.6021212079147505,0.2839510740184793,0.08754700494724717
2024-10-10,0.6027375943299769,0.28246990605106886,0.08643944852975861
2024-10-11,0.6028631627066676,0.2847547591334532,0.08656957292673596
2024-10-14,0.6050667856783165,0.2830909460742109,0.08492232841444247
2024-10-15,0.6081688316035312,0.280590862791779,0.08171502933611398
2024-10-16,0.6099120660046371,0.28245850336057937,0.08139991897442005
2024-10-17,0.6098643339559437,0.28174786827606707,0.08120769171330257
2024-10-18,0.6100771534701334,0.2823655129185806,0.0845502222942262
2024-10-21,0.6096016996968182,0.28421941946922463,0.08532874607622652
2024-10-22,0.6094684069872401,0.28232218584815044,0.08530179472977345
2024-10-23,0.6134514499435425,0.288613816582916,0.09832023954278192
2024-10-24,0.6126432207442104,0.2885182911979928,0.10118737386743745
2024-10-25,0.6112981011366395,0.28874632653392607,0.1016566478672793
2024-10-28,0.6110841429394974,0.28864826436772467,0.10174150814746183
2024-10-29,0.6095044058356154,0.2899002270461578,0.10796430603672441
2024-10-30,0.6101126006469043,0.28809437960784356,0.10477410801591652
2024-10-31,0.6082590702880419,0.3035949509903467,0.10953252823791612
2024-11-01,0.6078279649886918,0.30210978309318864,0.10956196580498846
2024-11-04,0.6152352420843901,0.3025374322254884,0.10969622017551704
2024-11-05,0.6138286637997886,0.3015075532364969,0.1097994851176452
2024-11-06,0.6295020101277763,0.2424006810633568,0.05448043928701673
2024-11-07,0.6305321413277836,0.24719234877754523,0.06740193598804074
2024-11-08,0.6303447399980571,0.24568672636892677,0.06672178867470377
2024-11-11,0.6314395629487692,0.24652965268397953,0.0681773914163738
2024-11-12,0.6251388727095832,0.2599278855271659,0.08472916974578572
2024-11-13,0.6249775828111799,0.26079643332151853,0.08616308102829856
2024-11-14,0.6167026538207392,0.25511130852924224,0.07735796303093875
2024-11-15,0.6232820734283275,0.25454836793204,0.07718471567355828
2024-11-18,0.6235337619896204,0.25500051249669387,0.0769117217717079
2024-11-19,0.6236661561780987,0.2548070152932658,0.07641780101886034
2024-11-20,0.6222453831310717,0.25632673776906645,0.07871789377790052
2024-11-21,0.6221875565037482,0.2587916506976064,0.08307431576911195
2024-11-22,0.6219706208020939,0.2597892773313961,0.08420292353958858
2024-11-25,0.6220028090381228,0.2598957647789564,0.08483490414320131
2024-11-26,0.6223796012860519,0.26095260146071037,0.08525824343791473
2024-11-27,0.6229754379847134,0.2623369294779903,0.08445520159842326
2024-11-29,0.623741956385775,0.2619623406335926,0.08394278484401288
2024-12-02,0.6230207491806911,0.26304791207535866,0.08213621654845644
2024-12-03,0.6227250920295109,0.2603899625318257,0.0806108848709739
2024-12-04,0.6219228962873437,0.2548782695209569,0.06614131327409371
2024-12-05,0.6224269619089091,0.2547206834877733,0.06682502735376024
2024-12-06,0.620535309355547,0.2559473198142358,0.06762598972511463
2024-12-09,0.6206187696712837,0.2559582952138397,0.06762667535921119
2024-12-10,0.6208196231825979,0.2606249782948688,0.07158355554480098
2024-12-11,0.6213622607907732,0.2632106024998507,0.07629920536218511
2024-12-12,0.6222026554935984,0.2636822633515076,0.07742227331382047
2024-12-13,0.616617725287078,0.2507757097912914,0.0612376488114794
2024-12-16,0.615934043764746,0.2500260142692534,0.060757899040354287
2024-12-17,0.6178814344325108,0.2491353970031297,0.06384173482437981
2024-12-18,0.6230726970234448,0.24216237771650614,0.0629516726561112
2024-12-19,0.6225472077004223,0.24068274090008332,0.061390078799465064
2024-12-20,0.613530321398572,0.2350946170516588,0.05542180987855949
2024-12-23,0.6104551526418577,0.23199860699038735,0.05119268676860816
2024-12-24,0.6078193241428108,0.23055786561804045,0.05108828598183937
2024-12-26,0.6074887817428258,0.22958288890936465,0.04878145200199274
2024-12-27,0.6054402747534308,0.22905533609294085,0.04852171498839711
2024-12-30,0.6030901719894739,0.22861514412342585,0.04806735186436425
2024-12-31,0.6024445442912384,0.22825518031418277,0.04734891835032322
2025-01-02,0.602149229004458,0.22739628614911253,0.04412429379876174
2025-01-03,0.5959955291659688,0.22162107906097825,0.035352881479983125
2025-01-06,0.5953441222699561,0.22139036402009854,0.03541623584680306
2025-01-07,0.59326075369076,0.2209759032079871,0.03542607226516841
2025-01-08,0.5974372307121901,0.23028050961313862,0.035013477674216635
2025-01-10,0.5934396897465931,0.22919935082095688,0.035033393204380606
2025-01-13,0.5941177295892808,0.23036675734447315,0.03489765825627856
2025-01-14,0.5940315913793422,0.23045046928582127,0.03502453849892252
2025-01-15,0.5874026885579534,0.22812338488705552,0.03574630867790758
2025-01-16,0.587533629121154,0.22609758989400075,0.03526278700055259
2025-01-17,0.5858500411651903,0.22249416419648013,0.034888913461630554
2025-01-21,0.5819683576718835,0.22851607673397328,0.03477963695076627
2025-01-22,0.5778460747793761,0.2311194105710785,0.039440289993497905
2025-01-23,0.577835833665315,0.2303379886850394,0.03924835090581785
2025-01-24,0.5782480693276645,0.22883631486389625,0.03697562841741586
2025-01-27,0.5859657134143927,0.23719394524891757,0.05907589414818299
2025-01-28,0.5881356691765233,0.24049590720447755,0.06595406725174792
2025-01-29,0.5884320581140303,0.24165159793267277,0.0664094402212133
2025-01-30,0.587226569694633,0.24471511889152214,0.07016282145559234
2025-01-31,0.5876816695694198,0.24395738743147466,0.0696456194959196
2025-02-03,0.5802016423251343,0.242413180325409,0.0664527541681722
2025-02-04,0.577534829179487,0.24673759798321968,0.07394210831953403
2025-02-05,0.574481418995893,0.24887782744046139,0.0770697183736727
2025-02-06,0.5745573993660974,0.2479558485160137,0.075695552608973
2025-02-07,0.578651354691575,0.24689999843557653,0.07438602505598281
2025-02-10,0.5779644185844653,0.2515622282857635,0.0865925897015525
2025-02-11,0.5778442236092607,0.25138682261853335,0.08759446905280362
2025-02-12,0.5767119926456724,0.25183858836569156,0.0885682200919076
2025-02-13,0.5801128213886482,0.25573648960620216,0.095474498226525
2025-02-14,0.5729551775003102,0.2552897399706044,0.09064554218051207
2025-02-18,0.5707557559710871,0.25649332341065956,0.09261271238950497
2025-02-19,0.5705142665947723,0.2571666088819848,0.09282699198545592
2025-02-20,0.5699693278786888,0.2570242656547163,0.09251602291514953
2025-02-21,0.5792131090050363,0.25660054070682287,0.09354362181677614
2025-02-24,0.5799268106154065,0.25484609789856627,0.09251030001844336
2025-02-25,0.5651223889628538,0.262765744004874,0.09770991465524767
2025-02-26,0.5653957527836073,0.26276999646311017,0.09746292648193189
2025-02-27,0.5597657492642749,0.2765973132191217,0.09730966154739049
2025-02-28,0.5556043782912787,0.2682406668760037,0.09761156962348776
2025-03-03,0.5555368905598335,0.2642973175456733,0.09636560026379513
2025-03-04,0.5554431131187134,0.2638341786264909,0.09672457954185446
2025-03-05,0.5525027203107941,0.257857819990265,0.08221220780720202
2025-03-06,0.5524413620203638,0.2611588871425037,0.08726296035741975
2025-03-07,0.5480237826132986,0.2655701073750028,0.09502397285680939
2025-03-10,0.5473082581336217,0.26382195941941555,0.09260155516637672
2025-03-11,0.5438397405925792,0.26068208634132894,0.08785257593379929
2025-03-12,0.5424854074260305,0.2643225332678596,0.09663287802407936
2025-03-13,0.5424903780536887,0.2615832450994252,0.09543100914439616
2025-03-14,0.5383909191320438,0.27100517858278905,0.10829259262812238
2025-03-17,0.5387333575022678,0.27181476636865287,0.11199824285102082
2025-03-18,0.5384884439097727,0.2699690163221504,0.1101319123524707
2025-03-19,0.5361563630263025,0.26843314411486574,0.10690491414002354
2025-03-20,0.534974864625771,0.26856113376768986,0.10705781389992887
2025-03-21,0.5347959153869526,0.2691595205586996,0.10753374042494915
2025-03-24,0.5317356335385797,0.2648896970091136,0.09980741021239191
2025-03-25,0.5314192681743714,0.2651373443655069,0.10035187702871139
2025-03-26,0.5316500710415469,0.2644950704966478,0.10105461207213741
2025-03-27,0.5312117433374263,0.263456384963487,0.10083485912095055
2025-03-28,0.5309685105950942,0.26333224930288307,0.10111663303546353
2025-03-31,0.5305369234606025,0.25941973702848337,0.09896074917874104
2025-04-01,0.5305591255950505,0.2610336437666741,0.10153159525119913
2025-04-02,0.5309849631916135,0.26296582892767817,0.10072080652261545
2025-04-03,0.528979798122941,0.27060727936411705,0.11105220410780076
2025-04-04,0.528994327787016,0.2670063406581221,0.10944617426557604
2025-04-07,0.5227505454310145,0.26065493976800436,0.10342598990515875
2025-04-08,0.5249289419263125,0.2532687012753507,0.10468210646879043
2025-04-09,0.5249502081069017,0.2433140033305749,0.09969657856151846
2025-04-10,0.5250069043754285,0.2390304640244102,0.09748990808589131
2025-04-11,0.5264620308780665,0.23151217519707248,0.09570683509925022
2025-04-14,0.5276768292437349,0.22633993047849524,0.09753493120558483
2025-04-15,0.5306712771760517,0.2166624781474035,0.09719387349845361
2025-04-16,0.5331808096288729,0.2266821722932108,0.09491188260306072
2025-04-17,0.5331951535694142,0.22679277075051946,0.09508249395268702
2025-04-21,0.5336895951381531,0.21816347239390274,0.09156218127758395
2025-04-22,0.5337174010311614,0.21797560269370794,0.09179295209319388
2025-04-23,0.5349169609837062,0.21756186406764266,0.09157131763746033
2025-04-24,0.5367025055051832,0.2326359648238664,0.09098032724902577
2025-04-25,0.5396349002270603,0.23572877016518912,0.09104735327161659
2025-04-28,0.5396266533076194,0.2341497550990635,0.09003179963836011
2025-04-29,0.539804338692155,0.23542068655752557,0.09047989463672898
2025-04-30,0.5417503458133235,0.2349373298922293,0.09077685236416319
2025-05-01,0.5386217282384476,0.2337695986331496,0.07393469649268347
2025-05-02,0.5496975368837967,0.21745227327284364,0.07366603790528703
2025-05-05,0.5503368909175316,0.20977086321439078,0.06057455373743504
2025-05-06,0.5504230791105135,0.20812104896893166,0.042679047633238036
2025-05-07,0.5533449290522292,0.20995336700920772,0.03908965909539614
2025-05-08,0.5571548281907923,0.19743975720147347,0.02685043100318635
2025-05-09,0.557298206200064,0.19676022781598096,0.02607640661107937
2025-05-12,0.5948184750448137,0.13785602177302195,-0.0416540216328019
2025-05-13,0.5963329034935385,0.13550523968835804,-0.038223705671878556
2025-05-14,0.5960039177340877,0.13268089841464056,-0.044823417003458654
2025-05-15,0.595684621950043,0.1323826325821924,-0.04562078315657414
2025-05-16,0.5957151930964295,0.13069681684678816,-0.04748513727081053
2025-05-19,0.5910708202873594,0.12437226969815107,-0.057758678710293124
2025-05-20,0.5913406746339569,0.12387469525529765,-0.058339582411986085
2025-05-21,0.5988826105511582,0.12342339375336549,-0.056242959721945804
2025-05-22,0.5994776400335089,0.12338165972375958,-0.057464120750864135
2025-05-23,0.6013474533173467,0.12371469487634684,-0.056649779398794814
2025-05-27,0.6134477330485039,0.11860586466609752,-0.05820172215817835
2025-05-28,0.6133148579365897,0.11128321747481777,-0.06469377275953314
2025-05-29,0.6121869418518718,0.11121899487621022,-0.06489578566432619
2025-05-30,0.6124900129474592,0.11152929526499379,-0.06645039271358653
2025-06-02,0.611651369261841,0.10746202787686576,-0.07153088552833556
2025-06-03,0.6105999231496859,0.10768557912325576,-0.07152658714909943
2025-06-04,0.6135561196355933,0.1111006721125815,-0.07279749152413681
2025-06-05,0.6150153790908199,0.11140721822002976,-0.07425073772295643
2025-06-06,0.6172466202934561,0.11100728425210611,-0.07369767708336465
2025-06-09,0.6132915019544876,0.10527761442292141,-0.08679856861333038
2025-06-10,0.6139943307383815,0.1053205472094849,-0.08661488457328126
2025-06-11,0.614297434655134,0.1042375695261021,-0.08969711550780869
2025-06-12,0.6141907255014163,0.10417333766523272,-0.08962577064354285
2025-06-13,0.6185027068356721,0.10443091752263174,-0.08804648845188894
2025-06-16,0.6192001500881253,0.10428976542725277,-0.08802668313893074
2025-06-17,0.6217594537615648,0.1045727349154906,-0.08687830618572578
2025-06-18,0.6222412550140096,0.10461097331615203,-0.08663314102752831
2025-06-20,0.6208410569542294,0.1053110548718382,-0.0860489899283757
2025-06-23,0.6232279546832541,0.10464424289071637,-0.08632944987451817
2025-06-24,0.6264285159825174,0.10359338317584514,-0.08719796539147524
2025-06-25,0.6262131378169112,0.10350642248304588,-0.08752329776510338
2025-06-26,0.6280389238983276,0.10280604005170142,-0.08894563567222082
2025-06-27,0.6287799232784823,0.10272014637245458,-0.08882759000969503
2025-06-30,0.6292622282480312,0.10248117845112432,-0.088982347539877
2025-07-01,0.6279521561583608,0.10258007816974064,-0.08808798035855245
2025-07-02,0.6277066589666203,0.10215798295132004,-0.08877722704913084
2025-07-03,0.6293389074673857,0.10169314450544367,-0.08882588916335
2025-07-07,0.6300247254882956,0.10233743617462408,-0.08787303176564468
2025-07-08,0.629695460397741,0.10264128273827218,-0.08761011151280128
2025-07-09,0.6298261893169209,0.1026214438289967,-0.08758870164589497
2025-07-10,0.6293349883597288,0.10251999305484741,-0.08736363526376609
2025-07-11,0.6296411836982297,0.10269853947713573,-0.08715730842330047
2025-07-14,0.6274544343516094,0.10339090873610346,-0.08704009270348984
2025-07-15,0.6260848281486898,0.10336495785378014,-0.09005849624967341
2025-07-16,0.6252515092815509,0.10360269885215999,-0.08986304081698314
2025-07-17,0.62604305347967,0.10334115628727411,-0.09000920408545804
2025-07-18,0.626819803966047,0.09933327156274877,-0.09003644106949449
2025-07-21,0.6217662497673299,0.09557495343392966,-0.10382364089841792
2025-07-22,0.6189136850916831,0.09256238382876447,-0.11086160267687938
2025-07-23,0.6199873867916174,0.08512493293987287,-0.11314057213085474
2025-07-24,0.6224675515245162,0.08577711098815323,-0.1132548047533229
2025-07-25,0.6224858814259491,0.0859097985065503,-0.1131903774428103
2025-07-28,0.6319391505368351,0.08162708281862778,-0.11365490718822194
2025-07-29,0.6325400219606768,0.07663365317283681,-0.11529687185436562
2025-07-30,0.6355123237725657,0.07168108401626273,-0.11493474484263687
2025-07-31,0.6362079078622831,0.07187318259612938,-0.11450545822000596
2025-08-01,0.6457720943161982,0.075371852333227,-0.10943269877866671
2025-08-04,0.6465250745388256,0.06019235961930139,-0.10915372728295457
2025-08-05,0.6500782502943032,0.05715426625141964,-0.10940040320112597
2025-08-06,0.6558358406320284,0.05420428372710186,-0.10952936686007683
2025-08-07,0.6747879652791399,0.03198057696112153,-0.11075740428871801
2025-08-08,0.6731429154585916,0.030985620855633837,-0.11143835323403188
2025-08-11,0.6730774175018469,0.031059321524463952,-0.11148291438992293
2025-08-12,0.6884991786073051,0.012022332929383619,-0.11139763444997144
2025-08-13,0.6888307251617659,0.011583210887696463,-0.11128511981441701
2025-08-14,0.6888472300675001,0.012249096630470446,-0.1109025630488149
2025-08-15,0.6966604153396769,0.014897317677965352,-0.11063961056477979
2025-08-18,0.6970127407643709,0.016229690004493286,-0.11132819062575885
2025-08-19,0.7057738822448519,0.014526358131342731,-0.10947744768152255
2025-08-20,0.7062103566002816,0.013027455566734202,-0.10898315764472072
2025-08-21,0.7095374803136334,0.014705670349457228,-0.10871983642249515
2025-08-22,0.7141993404186948,0.014247374694991717,-0.10849835575968433
2025-08-25,0.7149550075617416,0.014873510163065354,-0.10837982556443666
2025-08-26,0.716696450627077,0.007679451620578922,-0.10970972910686085
2025-08-27,0.7200852925164674,0.0010043943519839648,-0.10944425683634738
2025-08-28,0.7203005526407443,0.0013472715277147882,-0.10948781505042267
2025-08-29,0.7213909222464387,-0.0018864196825929011,-0.11422467649856333
2025-09-02,0.7238008449217131,-0.016999931098017767,-0.12577982507264743
2025-09-03,0.7243149095051639,-0.01481210933503891,-0.12236048917159474
2025-09-04,0.728326975416153,-0.01295385507820962,-0.12530311062812133
2025-09-05,0.7396858775302405,-0.0234843715654246,-0.12486984119201787
2025-09-08,0.7397334386956541,-0.02253103118577196,-0.12209128391368658
2025-09-09,0.739893935606998,-0.021286247082612078,-0.12215088450922407
2025-09-10,0.7480617615688944,-0.031111549674949585,-0.12296412381562595
2025-09-11,0.7525300984562946,-0.03444292308259228,-0.12344076516529921
2025-09-12,0.7524429001021424,-0.03525733729430493,-0.12304302715472552
2025-09-15,0.7563263699849895,-0.03105963673426272,-0.11855041719615908
2025-09-16,0.7588118346778666,-0.03950511305610467,-0.11839751343498724
2025-09-17,0.7598924314146404,-0.04076710005512852,-0.11618861964373953
2025-09-18,0.7601209708283546,-0.04190314559458994,-0.11831994440219033
2025-09-19,0.7604873576750223,-0.03956423904004728,-0.11522313739307725
2025-09-22,0.7609947881899173,-0.03769438495690745,-0.11057331778743507
2025-09-23,0.7717853786851602,-0.05481335812955714,-0.11129902717346257
2025-09-24,0.7721554826295249,-0.050080568037198236,-0.10774213033126818
2025-09-25,0.7729235009872517,-0.05124656251040076,-0.10856573893929346
2025-09-26,0.7733629508904987,-0.05156485189926909,-0.10722783241150038
2025-09-29,0.7735119608157222,-0.049817899723934286,-0.10346867680951014
2025-09-30,0.7733294325835686,-0.04917352172949352,-0.10388768189052529
2025-10-01,0.7736415510744798,-0.050602285836560255,-0.1077206326076986
2025-10-02,0.7734627256936711,-0.04891417527762913,-0.10783072641652862
2025-10-03,0.7708685665741674,-0.0434641503707323,-0.10241921561999424
2025-10-06,0.7708664309029117,-0.04008425242778448,-0.09479820184188364
2025-10-07,0.7712947371168907,-0.04160635610262734,-0.09638781853022628
2025-10-08,0.7701234825258564,-0.034715141905062606,-0.08454257801406621
2025-10-09,0.7680596021953013,-0.032615860362660426,-0.0846458074792369
2025-10-10,0.7632608435920557,-0.0425475625837912,-0.08397228315968845
2025-10-13,0.7547241212332151,-0.018553726543759697,-0.0819482202652129
2025-10-14,0.7546324236197083,-0.018336644050454216,-0.081557049636454
2025-10-15,0.7545344402993147,-0.01776002992758328,-0.0825183286834199
2025-10-16,0.7523509550201234,-0.026368578850289513,-0.08182253662733585
2025-10-17,0.7496132981668467,-0.031146380504802743,-0.07875450072418724
2025-10-20,0.7466584101420671,-0.011333316843910776,-0.07868910885564091
2025-10-21,0.7466744178820007,-0.0070798808897271255,-0.06839465555247165
2025-10-22,0.7458821097994442,-0.008211273822997543,-0.07114117443017696
2025-10-23,0.7450136543166928,-0.0076515743817314515,-0.07122309612997954
2025-10-24,0.7462164113767877,-0.008734941495193198,-0.07306044293524946
2025-10-27,0.7467088305852835,-0.03257977220687823,-0.1080259968304185
2025-10-28,0.7470250457607527,-0.03371875263628528,-0.11303207368287913
2025-10-29,0.7477926162318449,-0.033507897027897436,-0.11409208712622665
2025-10-30,0.7514502142075687,-0.04467658406924241,-0.12771840233539128
2025-10-31,0.7530822643000525,-0.04587497641952152,-0.13347278194112766
2025-11-03,0.7528825862860565,-0.04495591026464759,-0.131741920898513
2025-11-04,0.7611497144319065,-0.05082861739069504,-0.1143607344716764
2025-11-05,0.7618356460347439,-0.04848568041205321,-0.1116065817025316
2025-11-06,0.7646332289683329,-0.04674301024192379,-0.10783063449729917
2025-11-07,0.769223110351783,-0.04761097411472543,-0.10834807447419055
2025-11-10,0.7506187985914425,0.013443617041919783,-0.0735563626951538
2025-11-11,0.7499271985572128,0.008192074987348098,-0.08561479436024799
2025-11-12,0.7502396428794439,0.009495226465837918,-0.08597213599394289
2025-11-13,0.7422140691544747,0.018487016485296746,-0.08717598847461425
2025-11-14,0.7420714639224417,0.01905447818158932,-0.08589871493483668
2025-11-17,0.739802185173214,0.025778033509821312,-0.08521433677944544
2025-11-18,0.736821401085265,0.022341951828246723,-0.08617339506884328
2025-11-19,0.7324057296860547,0.02156219499677081,-0.08993186121275319
2025-11-20,0.7258657001997889,0.022990879762212157,-0.08954237565653388
2025-11-21,0.7224856535005297,0.0217107204149287,-0.08908214175496725
2025-11-24,0.7158403679036736,0.03198217991082154,-0.08962866235627193
2025-11-25,0.7129216225196061,0.03147561452097553,-0.08936806292741163
2025-11-26,0.7114449862467812,0.03366409263210127,-0.08959180892798488
2025-11-28,0.7105460141835015,0.03640284422593987,-0.08991558481156162
2025-12-01,0.7096862155913805,0.03580035885015617,-0.0897901677579932
2025-12-02,0.7094660132710273,0.035052983227768376,-0.09024996371986593
2025-12-03,0.7082464750481016,0.03516525473229522,-0.0897326667337812
2025-12-04,0.7102271489839382,0.03524686776940505,-0.08927072298816766
2025-12-05,0.710449557783049,0.03502848683173074,-0.08938002262831735
2025-12-08,0.7102813852947579,0.03626557581083855,-0.08831029130615901
2025-12-09,0.7099966150627524,0.03576643419650983,-0.08854778397417928
2025-12-10,0.7114127180958918,0.0366408093199004,-0.08763135224434476
2025-12-11,0.7094196537861088,0.036891863554769165,-0.09037983224584854
2025-12-12,0.7122760762742951,0.03399139907271051,-0.09350992906884935
2025-12-15,0.7126264237931319,0.03469342959737563,-0.09309244781068801
2025-12-16,0.7115625805260235,0.03448629481106913,-0.09382298378621572
2025-12-17,0.7103157363313896,0.029972830877583716,-0.09361899401030949
2025-12-18,0.7105473043676002,0.029026757818872432,-0.09302817612503875
2025-12-19,0.7076617357920767,0.028374812419088093,-0.09354059960979783
2025-12-22,0.7036134846012814,0.032590739348363804,-0.09562463755719483
2025-12-23,0.7029804180347585,0.03459149604256097,-0.0959297512712845
2025-12-24,0.7068540952722147,0.03495231407747528,-0.09571882872787053
2025-12-26,0.7079571910773053,0.034877425793607114,-0.09601806064583629
2025-12-29,0.71139312358929,0.045019343127391524,-0.09126894206198627
2025-12-30,0.7113636946266377,0.045043441803224525,-0.09129877128653686
2025-12-31,0.7130038436233145,0.04759707380440327,-0.09096765722443373
2026-01-02,0.7167348589544947,0.0470503969669905,-0.09114098966457494
2026-01-05,0.7157225599020045,0.05344681669620102,-0.09126664034206446
2026-01-06,0.7147964744392529,0.05536642701312624,-0.09155580265477907
2026-01-07,0.719348138710197,0.05897137007938462,-0.09102887499726503
2026-01-08,0.7204161366421306,0.05925528612075488,-0.09121695842951917
2026-01-09,0.7229594869732499,0.060040189446080146,-0.09144668808634478
2026-01-12,0.7229487799156542,0.06036431426183498,-0.09174360461250863
2026-01-13,0.7302847899715069,0.05999617016085887,-0.0916813640733247
2026-01-14,0.7295686340678875,0.057339581632869695,-0.09196474894991598
2026-01-15,0.7293906243599065,0.05660010738291161,-0.09165653996103325
2026-01-16,0.7403249320842641,0.05960201430897922,-0.09142353750179573
2026-01-20,0.7269608600069155,0.01867222568725594,-0.09106825747632687
2026-01-21,0.7259167644786776,0.02627355125328919,-0.09138964092833488
2026-01-22,0.7277533778558971,0.024924132805270314,-0.0913837605641511
2026-01-23,0.7275296517064589,0.023900311847669716,-0.09362159215583393
2026-01-26,0.7268618309704792,0.02735091959014709,-0.09360682623022996
2026-01-27,0.7266134509695782,0.03143213266674759,-0.08431623017168358
2026-01-28,0.7220931043324514,0.0200701845996592,-0.10052603034948103
2026-01-29,0.7206343798631853,0.017695226770313488,-0.10570064713221988
2026-01-30,0.7191445746675091,0.03163569419336656,-0.03462532855645092
2026-02-02,0.7192861531423309,0.021172690945068084,-0.04696068038149411
2026-02-03,0.7217744864186719,-0.003236498992248329,-0.08505488709506377
2026-02-04,0.7200833976608387,-0.0015668043831905025,-0.08390053980052314
2026-02-05,0.714505250907178,0.012000595423211618,-0.08672526427087993
2026-02-06,0.7025842097252207,0.032259912178844545,-0.08758304501983716
2026-02-09,0.7016674321892405,0.03627266949757455,-0.08699392119636261
2026-02-10,0.6983413520988402,0.0379136583021737,-0.0873960420822591
2026-02-11,0.6975366067210623,0.0340896245710174,-0.09525545456599017
2026-02-12,0.690815288023753,0.05646255316067986,-0.09391281235226816
2026-02-13,0.6912578253396704,0.05603912183711802,-0.09407477727538013
2026-02-17,0.6880486081639084,0.05168395396481961,-0.09765453964019616
2026-02-18,0.6879786698777122,0.054448709160280044,-0.09563514116073464
2026-02-19,0.6877004435322173,0.053193774177883076,-0.0968432973520493
2026-02-20,0.6862453522192519,0.057457386875006684,-0.09699726417069991
2026-02-23,0.6826095188670869,0.0462303174078397,-0.09744801841551065
2026-02-24,0.6703909702934222,0.04068731618304044,-0.10160506855964827
2026-02-25,0.6681163787793306,0.04002911883033813,-0.10117921349220595
2026-02-26,0.6679445469092102,0.03503982325216829,-0.10193356396429938
2026-02-27,0.6673408022589181,0.03255148781021927,-0.10214460075088122
2026-03-02,0.6772289925322309,0.019868144631619865,-0.10307451393658741
2026-03-03,0.681763550093672,0.04160213242957276,-0.10024655091587993
2026-03-04,0.6803965698499664,0.044552338433095126,-0.10017716361433929
2026-03-05,0.679495907592778,0.04810921253028518,-0.09949799169865467
2026-03-06,0.6628477312953657,0.03395574842445253,-0.09971012989943823
2026-03-09,0.6609179992181641,0.032582813405457156,-0.09981809456408139
2026-03-10,0.6608718634397827,0.03168631573819907,-0.10003824063837863
2026-03-11,0.6608219860220825,0.03189207009150931,-0.10025314897875427
2026-03-12,0.6608219860220825,0.032689371328718284,-0.09911015338654018
2026-03-13,0.6608219860220825,0.033124365261101865,-0.09847754818817354
2026-03-16,0.6608219860220825,0.03372184327196977,-0.09817578364062812
2026-03-17,0.6608219860220825,0.03380047916167727,-0.09808455587348949
2026-03-18,0.6608219860220825,0.03454991253759027,-0.09624155379653011
2026-03-19,0.6608219860220825,0.035571146791455156,-0.09322067540052564
2026-03-20,0.6608219860220825,0.035686765610031465,-0.09311752449904095
2026-03-23,0.6608219860220825,0.03565261244741129,-0.09315463114167524
2026-03-24,0.6608219860220825,0.035452860756033586,-0.09342746078148291
2026-03-25,0.6608219860220825,0.03533794853552563,-0.09356712569136584
2026-03-26,0.6608219860220825,0.03546218432328618,-0.09345722084051351
2026-03-27,0.6608219860220825,0.03544004356498856,-0.09348096058450774
2026-03-30,0.6608219860220825,0.035852320981137775,-0.09323374073669558
2026-03-31,0.6608219860220825,0.03606842404331576,-0.09306525366450567
2026-04-01,0.6608219860220825,0.03651615879209099,-0.09281132922828629
2026-04-02,0.6608219860220825,0.03646354935817093,-0.09286958064146612
2026-04-06,0.6608219860220825,0.036520458723382186,-0.09281512871930282
2026-04-07,0.6608219860220825,0.03636679901656965,-0.09301077308781085
2026-04-08,0.6440286969613989,0.0337590109619067,-0.09407077759784592
2026-04-09,0.6430916739886202,0.0328818754765433,-0.09502741780332549
2026-04-10,0.6430944031258542,0.03309364352099444,-0.09488980978524761
2026-04-13,0.6456850280368527,0.034019252276350775,-0.09500893439161896
2026-04-14,0.650066516605343,0.034244867787204925,-0.09428454439535208
