base_rank,base_cfg_id,variant_idx,variant_id,stop_tag,stop_loss_pct,reentry_mode,reentry_param,cagr,sharpe,max_drawdown,calmar,sortino,volatility,n_switches,n_stops,avg_bars_stopped,longest_stop_bars,delta_cagr,delta_mdd,effectiveness,base_filter,base_lookback,base_threshold_pct,base_buy_leverage,base_sell_leverage
1,EMA_N150_th5_bL2_sL0,0,01_EMA_N150_th5_bL2_sL0_baseline,baseline,,—,,0.1509971770731895,0.7067148737997075,0.3910799294397589,0.3861031101480977,0.9572699125507133,0.24027052938645124,15,0,,0,0.0,0.0,0.0,EMA,150,0.05,2.0,0.0
1,EMA_N150_th5_bL2_sL0,1,01_EMA_N150_th5_bL2_sL0_sl15_next,sl15_next,0.15,next_signal,,0.051341897885051724,0.431714826459687,0.3282306815506924,0.15642016658068697,0.5709129342971817,0.1383918075499712,16,8,385.0,985,-0.09965527918813777,0.06284924788906648,0.6306665176303836,EMA,150,0.05,2.0,0.0
1,EMA_N150_th5_bL2_sL0,2,01_EMA_N150_th5_bL2_sL0_sl15_cool21,sl15_cool21,0.15,time_cooldown,21.0,0.1422585554948348,0.7325252880358855,0.35758864967386245,0.39782737965699205,0.9991640584936115,0.2126955302998548,34,15,21.0,21,-0.0087386215783547,0.03349127976589644,3.83255865534369,EMA,150,0.05,2.0,0.0
1,EMA_N150_th5_bL2_sL0,3,01_EMA_N150_th5_bL2_sL0_sl15_cool63,sl15_cool63,0.15,time_cooldown,63.0,0.11315397739343203,0.6399261378472375,0.332614449858514,0.340195615198212,0.8640645956754857,0.19858348344853938,28,14,63.0,63,-0.03784319967975747,0.05846547958124487,1.5449401762007555,EMA,150,0.05,2.0,0.0
1,EMA_N150_th5_bL2_sL0,4,01_EMA_N150_th5_bL2_sL0_sl15_cool126,sl15_cool126,0.15,time_cooldown,126.0,0.042635664195930456,0.3251599674517213,0.5257024148258385,0.08110227952834372,0.4313599824299021,0.17691484264201948,28,14,126.0,126,-0.10836151287725904,-0.13462248538607957,-1.242345938253615,EMA,150,0.05,2.0,0.0
1,EMA_N150_th5_bL2_sL0,5,01_EMA_N150_th5_bL2_sL0_sl15_rec5,sl15_rec5,0.15,recovery_trigger,0.05,0.10676833964005983,0.5682241146351773,0.434793667235016,0.24556093541801538,0.7584814743184628,0.2226431751949174,37,18,10.38888888888889,23,-0.044228837433129664,-0.04371373779525711,-0.9883537604023316,EMA,150,0.05,2.0,0.0
1,EMA_N150_th5_bL2_sL0,6,01_EMA_N150_th5_bL2_sL0_sl15_rec10,sl15_rec10,0.15,recovery_trigger,0.1,0.11966567338311984,0.6648236688667116,0.3262685047582431,0.366770532974947,0.8996122482811982,0.20049521415637597,29,14,45.285714285714285,113,-0.03133150369006965,0.0648114246815158,2.068570513647496,EMA,150,0.05,2.0,0.0
1,EMA_N150_th5_bL2_sL0,7,01_EMA_N150_th5_bL2_sL0_sl15_rec15,sl15_rec15,0.15,recovery_trigger,0.15,0.0991475959177388,0.5839287788666441,0.40048624515975945,0.24756804288793358,0.7867049111118605,0.19457914262824536,26,13,92.91666666666667,248,-0.051849581155450686,-0.009406315720000558,-0.1814154620034326,EMA,150,0.05,2.0,0.0
1,EMA_N150_th5_bL2_sL0,8,01_EMA_N150_th5_bL2_sL0_sl20_next,sl20_next,0.2,next_signal,,0.136543030730796,0.6968394219320202,0.34697983829149737,0.3935186303709276,0.950261279582754,0.2180833144055729,15,7,161.57142857142858,388,-0.014454146342393503,0.04410009114826152,3.051033945804015,EMA,150,0.05,2.0,0.0
1,EMA_N150_th5_bL2_sL0,9,01_EMA_N150_th5_bL2_sL0_sl20_cool21,sl20_cool21,0.2,time_cooldown,21.0,0.15405908732144868,0.7359750432827142,0.34697983829149737,0.4440001127443717,1.0015240892646544,0.23137806474691303,17,8,21.0,21,0.003061910248259192,0.04410009114826152,14.402803339299066,EMA,150,0.05,2.0,0.0
1,EMA_N150_th5_bL2_sL0,10,01_EMA_N150_th5_bL2_sL0_sl20_cool63,sl20_cool63,0.2,time_cooldown,63.0,0.13832049079319986,0.6799007240310457,0.34697983829149737,0.39864129130464626,0.9227054747350306,0.22968456596741424,17,8,63.0,63,-0.012676686279989635,0.04410009114826152,3.478834308448121,EMA,150,0.05,2.0,0.0
1,EMA_N150_th5_bL2_sL0,11,01_EMA_N150_th5_bL2_sL0_sl20_cool126,sl20_cool126,0.2,time_cooldown,126.0,0.102668115190232,0.5565293606877899,0.346979838291497,0.29589072291854823,0.7534598854319027,0.21906489997826434,17,8,126.0,126,-0.04832906188295749,0.04410009114826191,0.9124963206416621,EMA,150,0.05,2.0,0.0
1,EMA_N150_th5_bL2_sL0,12,01_EMA_N150_th5_bL2_sL0_sl20_rec5,sl20_rec5,0.2,recovery_trigger,0.05,0.14116438504214357,0.6795576249669503,0.4481862598908433,0.3149681230221659,0.9135892338297487,0.23565099108484622,19,9,7.555555555555555,17,-0.009832792031045923,-0.05710633045108443,-5.807743138548815,EMA,150,0.05,2.0,0.0
1,EMA_N150_th5_bL2_sL0,13,01_EMA_N150_th5_bL2_sL0_sl20_rec10,sl20_rec10,0.2,recovery_trigger,0.1,0.1541398982239861,0.7362524853338516,0.34697983829149737,0.44423301072177385,1.0019146056887156,0.23138966158258947,17,8,28.25,50,0.0031427211507966124,0.04410009114826152,14.032454370659991,EMA,150,0.05,2.0,0.0
1,EMA_N150_th5_bL2_sL0,14,01_EMA_N150_th5_bL2_sL0_sl20_rec15,sl20_rec15,0.2,recovery_trigger,0.15,0.14756791121008517,0.7120534693570552,0.3469798382914975,0.4252924663770046,0.9682411368259443,0.23115444594865225,17,8,69.375,163,-0.003429265863104325,0.04410009114826141,12.859921892535924,EMA,150,0.05,2.0,0.0
1,EMA_N150_th5_bL2_sL0,15,01_EMA_N150_th5_bL2_sL0_sl25_next,sl25_next,0.25,next_signal,,0.09104296019821723,0.5366902794622255,0.3910799294397589,0.23279885605134662,0.7258239661268435,0.20003724707760803,15,4,359.5,724,-0.059954216874972266,0.0,0.0,EMA,150,0.05,2.0,0.0
1,EMA_N150_th5_bL2_sL0,16,01_EMA_N150_th5_bL2_sL0_sl25_cool21,sl25_cool21,0.25,time_cooldown,21.0,0.14076875337214645,0.6732982755838053,0.4018567900318173,0.35029581896824735,0.9102957436708993,0.2381964052512795,23,6,21.0,21,-0.010228423701043043,-0.010776860592058402,-1.0536189062014933,EMA,150,0.05,2.0,0.0
1,EMA_N150_th5_bL2_sL0,17,01_EMA_N150_th5_bL2_sL0_sl25_cool63,sl25_cool63,0.25,time_cooldown,63.0,0.11858802927890477,0.6005290030731117,0.46061881390705633,0.25745372463842403,0.8076986468774731,0.23187239375282165,23,6,63.0,63,-0.03240914779428472,-0.06953888446729745,-2.145656063179806,EMA,150,0.05,2.0,0.0
1,EMA_N150_th5_bL2_sL0,18,01_EMA_N150_th5_bL2_sL0_sl25_cool126,sl25_cool126,0.25,time_cooldown,126.0,0.09056840436221236,0.5077837212849379,0.45398608031982673,0.19949599401463633,0.6840579205552932,0.21801044906847183,23,6,126.0,126,-0.06042877271097713,-0.06290615088006785,-1.0409966652961775,EMA,150,0.05,2.0,0.0
1,EMA_N150_th5_bL2_sL0,19,01_EMA_N150_th5_bL2_sL0_sl25_rec5,sl25_rec5,0.25,recovery_trigger,0.05,0.13718777505765356,0.6646635633843752,0.4037475540928896,0.33978602140606645,0.8986627041604807,0.23563635876182887,23,6,21.833333333333332,41,-0.013809402015535932,-0.012667624653130705,-0.9173188410967615,EMA,150,0.05,2.0,0.0
1,EMA_N150_th5_bL2_sL0,20,01_EMA_N150_th5_bL2_sL0_sl25_rec10,sl25_rec10,0.25,recovery_trigger,0.1,0.11519649977768243,0.5894408074517078,0.4310552408258186,0.2672430094040573,0.7928882111198627,0.23056226621907355,23,6,65.16666666666667,138,-0.035800677295507066,-0.0399753113860597,-1.1166076847120583,EMA,150,0.05,2.0,0.0
1,EMA_N150_th5_bL2_sL0,21,01_EMA_N150_th5_bL2_sL0_sl25_rec15,sl25_rec15,0.25,recovery_trigger,0.15,0.0946356809074389,0.5148428563883496,0.4708057919349789,0.20100789439843733,0.6910713037027012,0.22560224288045405,23,6,103.0,172,-0.05636149616575059,-0.07972586249522001,-1.4145448208251672,EMA,150,0.05,2.0,0.0
1,EMA_N150_th5_bL2_sL0,22,01_EMA_N150_th5_bL2_sL0_sl30_next,sl30_next,0.3,next_signal,,0.11754182409400116,0.6144385275783957,0.3910799294397589,0.30055703513700016,0.8283442168100583,0.2210786206964993,15,2,308.5,558,-0.033455352979188335,0.0,0.0,EMA,150,0.05,2.0,0.0
1,EMA_N150_th5_bL2_sL0,23,01_EMA_N150_th5_bL2_sL0_sl30_cool21,sl30_cool21,0.3,time_cooldown,21.0,0.1507184919579303,0.7080745069439766,0.3910799294397589,0.38539050616543247,0.9588391454626324,0.23905442131808052,17,2,21.0,21,-0.0002786851152591918,0.0,0.0,EMA,150,0.05,2.0,0.0
1,EMA_N150_th5_bL2_sL0,24,01_EMA_N150_th5_bL2_sL0_sl30_cool63,sl30_cool63,0.3,time_cooldown,63.0,0.13903206626356113,0.668592301924968,0.4464605237068145,0.31140953988322134,0.9015940281484016,0.2372702500971657,17,2,63.0,63,-0.011965110809628365,-0.055380594267055605,-4.628506592892617,EMA,150,0.05,2.0,0.0
1,EMA_N150_th5_bL2_sL0,25,01_EMA_N150_th5_bL2_sL0_sl30_cool126,sl30_cool126,0.3,time_cooldown,126.0,0.12436586987264553,0.6241722354790802,0.4268829093892756,0.29133485350952754,0.8442763376400121,0.23095085299009369,17,2,126.0,126,-0.026631307200543963,-0.0358029799495167,-1.344394388150252,EMA,150,0.05,2.0,0.0
1,EMA_N150_th5_bL2_sL0,26,01_EMA_N150_th5_bL2_sL0_sl30_rec5,sl30_rec5,0.3,recovery_trigger,0.05,0.14834877088095233,0.6996673476162218,0.3910799294397589,0.3793310771367613,0.9470240716928908,0.23894126849619937,17,2,12.5,24,-0.0026484061922371627,0.0,0.0,EMA,150,0.05,2.0,0.0
1,EMA_N150_th5_bL2_sL0,27,01_EMA_N150_th5_bL2_sL0_sl30_rec10,sl30_rec10,0.3,recovery_trigger,0.1,0.14131759796936794,0.6765592286463998,0.3910799294397589,0.3613522130164345,0.9133914804429407,0.23752678401218819,17,2,40.0,68,-0.009679579103821556,0.0,0.0,EMA,150,0.05,2.0,0.0
1,EMA_N150_th5_bL2_sL0,28,01_EMA_N150_th5_bL2_sL0_sl30_rec15,sl30_rec15,0.3,recovery_trigger,0.15,0.1369576742562877,0.660715356765522,0.4133498684893611,0.33133595701098606,0.8914834642522068,0.2373729140835026,17,2,45.0,77,-0.014039502816901805,-0.022269939049602228,-1.5862341665541038,EMA,150,0.05,2.0,0.0
1,EMA_N150_th5_bL2_sL0,29,01_EMA_N150_th5_bL2_sL0_sl35_next,sl35_next,0.35,next_signal,,0.1509971770731895,0.7067148737997075,0.3910799294397589,0.3861031101480977,0.9572699125507133,0.24027052938645124,15,1,59.0,59,0.0,0.0,0.0,EMA,150,0.05,2.0,0.0
1,EMA_N150_th5_bL2_sL0,30,01_EMA_N150_th5_bL2_sL0_sl35_cool21,sl35_cool21,0.35,time_cooldown,21.0,0.1509971770731895,0.7067148737997075,0.3910799294397589,0.3861031101480977,0.9572699125507133,0.24027052938645124,15,1,21.0,21,0.0,0.0,0.0,EMA,150,0.05,2.0,0.0
1,EMA_N150_th5_bL2_sL0,31,01_EMA_N150_th5_bL2_sL0_sl35_cool63,sl35_cool63,0.35,time_cooldown,63.0,0.14447421384531545,0.6839650135690613,0.4464605237068145,0.323599078023279,0.9246082050628609,0.23978306845778435,15,1,63.0,63,-0.006522963227874046,-0.055380594267055605,-8.490097572588212,EMA,150,0.05,2.0,0.0
1,EMA_N150_th5_bL2_sL0,32,01_EMA_N150_th5_bL2_sL0_sl35_cool126,sl35_cool126,0.35,time_cooldown,126.0,0.13692130037442563,0.6647749136887237,0.4268829093892756,0.3207467372500658,0.9029657283449078,0.23495511707942032,15,1,126.0,126,-0.014075876698763867,-0.0358029799495167,-2.5435701601919325,EMA,150,0.05,2.0,0.0
1,EMA_N150_th5_bL2_sL0,33,01_EMA_N150_th5_bL2_sL0_sl35_rec5,sl35_rec5,0.35,recovery_trigger,0.05,0.1509971770731895,0.7067148737997075,0.3910799294397589,0.3861031101480977,0.9572699125507133,0.24027052938645124,15,1,1.0,1,0.0,0.0,0.0,EMA,150,0.05,2.0,0.0
1,EMA_N150_th5_bL2_sL0,34,01_EMA_N150_th5_bL2_sL0_sl35_rec10,sl35_rec10,0.35,recovery_trigger,0.1,0.1509971770731895,0.7067148737997075,0.3910799294397589,0.3861031101480977,0.9572699125507133,0.24027052938645124,15,1,12.0,12,0.0,0.0,0.0,EMA,150,0.05,2.0,0.0
1,EMA_N150_th5_bL2_sL0,35,01_EMA_N150_th5_bL2_sL0_sl35_rec15,sl35_rec15,0.35,recovery_trigger,0.15,0.1509971770731895,0.7067148737997075,0.3910799294397589,0.3861031101480977,0.9572699125507133,0.24027052938645124,15,1,13.0,13,0.0,0.0,0.0,EMA,150,0.05,2.0,0.0
1,EMA_N150_th5_bL2_sL0,36,01_EMA_N150_th5_bL2_sL0_sl40_next,sl40_next,0.4,next_signal,,0.1509971770731895,0.7067148737997075,0.3910799294397589,0.3861031101480977,0.9572699125507133,0.24027052938645124,15,0,,0,0.0,0.0,0.0,EMA,150,0.05,2.0,0.0
1,EMA_N150_th5_bL2_sL0,37,01_EMA_N150_th5_bL2_sL0_sl40_cool21,sl40_cool21,0.4,time_cooldown,21.0,0.1509971770731895,0.7067148737997075,0.3910799294397589,0.3861031101480977,0.9572699125507133,0.24027052938645124,15,0,,0,0.0,0.0,0.0,EMA,150,0.05,2.0,0.0
1,EMA_N150_th5_bL2_sL0,38,01_EMA_N150_th5_bL2_sL0_sl40_cool63,sl40_cool63,0.4,time_cooldown,63.0,0.1509971770731895,0.7067148737997075,0.3910799294397589,0.3861031101480977,0.9572699125507133,0.24027052938645124,15,0,,0,0.0,0.0,0.0,EMA,150,0.05,2.0,0.0
1,EMA_N150_th5_bL2_sL0,39,01_EMA_N150_th5_bL2_sL0_sl40_cool126,sl40_cool126,0.4,time_cooldown,126.0,0.1509971770731895,0.7067148737997075,0.3910799294397589,0.3861031101480977,0.9572699125507133,0.24027052938645124,15,0,,0,0.0,0.0,0.0,EMA,150,0.05,2.0,0.0
1,EMA_N150_th5_bL2_sL0,40,01_EMA_N150_th5_bL2_sL0_sl40_rec5,sl40_rec5,0.4,recovery_trigger,0.05,0.1509971770731895,0.7067148737997075,0.3910799294397589,0.3861031101480977,0.9572699125507133,0.24027052938645124,15,0,,0,0.0,0.0,0.0,EMA,150,0.05,2.0,0.0
1,EMA_N150_th5_bL2_sL0,41,01_EMA_N150_th5_bL2_sL0_sl40_rec10,sl40_rec10,0.4,recovery_trigger,0.1,0.1509971770731895,0.7067148737997075,0.3910799294397589,0.3861031101480977,0.9572699125507133,0.24027052938645124,15,0,,0,0.0,0.0,0.0,EMA,150,0.05,2.0,0.0
1,EMA_N150_th5_bL2_sL0,42,01_EMA_N150_th5_bL2_sL0_sl40_rec15,sl40_rec15,0.4,recovery_trigger,0.15,0.1509971770731895,0.7067148737997075,0.3910799294397589,0.3861031101480977,0.9572699125507133,0.24027052938645124,15,0,,0,0.0,0.0,0.0,EMA,150,0.05,2.0,0.0
2,SMA_N150_th2_bL2_sL0,0,02_SMA_N150_th2_bL2_sL0_baseline,baseline,,—,,0.15095374766323366,0.725816976251326,0.43428298234139096,0.3475930529199704,0.9926179126639857,0.23061341306891905,34,0,,0,0.0,0.0,0.0,SMA,150,0.02,2.0,0.0
2,SMA_N150_th2_bL2_sL0,1,02_SMA_N150_th2_bL2_sL0_sl15_next,sl15_next,0.15,next_signal,,0.12224822473561892,0.717093120768068,0.39446165635827546,0.3099115535442188,0.9789282677330418,0.18484210863945089,34,11,131.54545454545453,383,-0.028705522927614746,0.039821325983115496,1.3872356927108036,SMA,150,0.02,2.0,0.0
2,SMA_N150_th2_bL2_sL0,2,02_SMA_N150_th2_bL2_sL0_sl15_cool21,sl15_cool21,0.15,time_cooldown,21.0,0.14112162184278665,0.7146738830857374,0.4605865243969745,0.30639546397400774,0.9772734650436291,0.2182945856369068,44,15,21.0,21,-0.009832125820447013,-0.02630354205558355,-2.675264997207661,SMA,150,0.02,2.0,0.0
2,SMA_N150_th2_bL2_sL0,3,02_SMA_N150_th2_bL2_sL0_sl15_cool63,sl15_cool63,0.15,time_cooldown,63.0,0.1391416748080534,0.7393198423098631,0.3024595977418534,0.460033921379508,1.0076102714611446,0.20479809468643312,38,13,63.0,63,-0.011812072855180267,0.13182338459953757,11.160055158458112,SMA,150,0.02,2.0,0.0
2,SMA_N150_th2_bL2_sL0,4,02_SMA_N150_th2_bL2_sL0_sl15_cool126,sl15_cool126,0.15,time_cooldown,126.0,0.05914492281343953,0.4108392671823125,0.47330909084413486,0.12496046232274145,0.5489982476908646,0.1792641926703762,34,13,126.0,126,-0.09180882484979414,-0.039026108502743906,-0.4250801441647188,SMA,150,0.02,2.0,0.0
2,SMA_N150_th2_bL2_sL0,5,02_SMA_N150_th2_bL2_sL0_sl15_rec5,sl15_rec5,0.15,recovery_trigger,0.05,0.1338747388754391,0.6823713717593323,0.472664269521806,0.28323431134509075,0.9302612700405578,0.2197800504563556,46,17,15.176470588235293,73,-0.01707900878779456,-0.03838128718041506,-2.247278378815759,SMA,150,0.02,2.0,0.0
2,SMA_N150_th2_bL2_sL0,6,02_SMA_N150_th2_bL2_sL0_sl15_rec10,sl15_rec10,0.15,recovery_trigger,0.1,0.11687429519828751,0.6438811447556686,0.42275735319610563,0.2764571551853593,0.8728799954140224,0.2043427470333156,42,15,52.666666666666664,113,-0.03407945246494615,0.011525629145285321,0.33819877702379436,SMA,150,0.02,2.0,0.0
2,SMA_N150_th2_bL2_sL0,7,02_SMA_N150_th2_bL2_sL0_sl15_rec15,sl15_rec15,0.15,recovery_trigger,0.15,0.09646316068673633,0.5675068228052731,0.45680376102921005,0.2111698040081768,0.7634176394537545,0.19660372439218401,36,13,90.92307692307692,248,-0.054490586976497335,-0.0225207786878191,-0.41329667998497926,SMA,150,0.02,2.0,0.0
2,SMA_N150_th2_bL2_sL0,8,02_SMA_N150_th2_bL2_sL0_sl20_next,sl20_next,0.2,next_signal,,0.08538569515032846,0.5149569957514698,0.4001583300676908,0.2133797767895638,0.7032212863713212,0.1970895589684654,34,8,174.5,589,-0.0655680525129052,0.03412465227370015,0.5204463296661691,SMA,150,0.02,2.0,0.0
2,SMA_N150_th2_bL2_sL0,9,02_SMA_N150_th2_bL2_sL0_sl20_cool21,sl20_cool21,0.2,time_cooldown,21.0,0.13996903428511387,0.691546448874972,0.4000318078849682,0.3498947621819185,0.9430308213937733,0.22696365075583422,40,9,21.0,21,-0.010984713378119793,0.03425117445642273,3.1180763008934655,SMA,150,0.02,2.0,0.0
2,SMA_N150_th2_bL2_sL0,10,02_SMA_N150_th2_bL2_sL0_sl20_cool63,sl20_cool63,0.2,time_cooldown,63.0,0.12566061505913262,0.6493436149818874,0.40270805068973237,0.312038994114742,0.8809276522192039,0.21978803997897814,38,9,63.0,63,-0.025293132604101043,0.03157493165165859,1.2483598669205178,SMA,150,0.02,2.0,0.0
2,SMA_N150_th2_bL2_sL0,11,02_SMA_N150_th2_bL2_sL0_sl20_cool126,sl20_cool126,0.2,time_cooldown,126.0,0.10564875280426156,0.5852508971805878,0.38119834529783714,0.27714903306234523,0.8002224211367228,0.20924220699359986,34,7,126.0,126,-0.0453049948589721,0.05308463704355382,1.1717170967306942,SMA,150,0.02,2.0,0.0
2,SMA_N150_th2_bL2_sL0,12,02_SMA_N150_th2_bL2_sL0_sl20_rec5,sl20_rec5,0.2,recovery_trigger,0.05,0.1371219928617582,0.6805145383295493,0.40015833006769075,0.34266934500292084,0.9270436459474234,0.22697173692549164,40,9,22.444444444444443,44,-0.013831754801475471,0.03412465227370021,2.4671238583596087,SMA,150,0.02,2.0,0.0
2,SMA_N150_th2_bL2_sL0,13,02_SMA_N150_th2_bL2_sL0_sl20_rec10,sl20_rec10,0.2,recovery_trigger,0.1,0.11582386688848634,0.6048822135233214,0.4570625694187408,0.25340921492605,0.8202768112077515,0.22237934683989571,38,9,51.888888888888886,87,-0.035129880774747324,-0.02277958707734984,-0.6484390659738493,SMA,150,0.02,2.0,0.0
2,SMA_N150_th2_bL2_sL0,14,02_SMA_N150_th2_bL2_sL0_sl20_rec15,sl20_rec15,0.2,recovery_trigger,0.15,0.08414416176651196,0.491022339560563,0.4177371774629318,0.20142847298760846,0.6592637356342291,0.20968075116269058,38,9,97.77777777777777,177,-0.0668095858967217,0.016545804878459136,0.24765615078106668,SMA,150,0.02,2.0,0.0
2,SMA_N150_th2_bL2_sL0,15,02_SMA_N150_th2_bL2_sL0_sl25_next,sl25_next,0.25,next_signal,,0.08750503649291486,0.5143520718878373,0.5011690265815198,0.1746018445908116,0.695408954604631,0.20377333304909853,34,3,248.66666666666666,453,-0.0634487111703188,-0.0668860442401289,-1.054174986479758,SMA,150,0.02,2.0,0.0
2,SMA_N150_th2_bL2_sL0,16,02_SMA_N150_th2_bL2_sL0_sl25_cool21,sl25_cool21,0.25,time_cooldown,21.0,0.1436832140436528,0.7067200283583418,0.3707875138351934,0.38750823229586073,0.9663519022796233,0.22655129016688197,38,4,21.0,21,-0.0072705336195808545,0.06349546850619753,8.733261109637512,SMA,150,0.02,2.0,0.0
2,SMA_N150_th2_bL2_sL0,17,02_SMA_N150_th2_bL2_sL0_sl25_cool63,sl25_cool63,0.25,time_cooldown,63.0,0.11933867447592306,0.6195236467726128,0.4663900487226009,0.2558774030509026,0.8448681542499373,0.22206183802418183,38,4,63.0,63,-0.031615073187310605,-0.03210706638120997,-1.0155619818111583,SMA,150,0.02,2.0,0.0
2,SMA_N150_th2_bL2_sL0,18,02_SMA_N150_th2_bL2_sL0_sl25_cool126,sl25_cool126,0.25,time_cooldown,126.0,0.11435721569738377,0.6220503054586001,0.43209418598142457,0.26465807550185344,0.8453627414022836,0.20967599988996014,34,4,126.0,126,-0.03659653196584989,0.002188796359966383,0.05980884642317643,SMA,150,0.02,2.0,0.0
2,SMA_N150_th2_bL2_sL0,19,02_SMA_N150_th2_bL2_sL0_sl25_rec5,sl25_rec5,0.25,recovery_trigger,0.05,0.14559491786676593,0.7126929861347219,0.37078751383519365,0.3926640257133347,0.9749178779509348,0.22720497306245405,38,4,15.25,17,-0.0053588297964677345,0.0634954685061973,11.848756336327432,SMA,150,0.02,2.0,0.0
2,SMA_N150_th2_bL2_sL0,20,02_SMA_N150_th2_bL2_sL0_sl25_rec10,sl25_rec10,0.25,recovery_trigger,0.1,0.1281880042998913,0.6500153882502627,0.40191810275363016,0.31894060860072443,0.885669685018224,0.2246745579770588,38,4,45.5,60,-0.02276574336334236,0.0323648795877608,1.4216482664859986,SMA,150,0.02,2.0,0.0
2,SMA_N150_th2_bL2_sL0,21,02_SMA_N150_th2_bL2_sL0_sl25_rec15,sl25_rec15,0.25,recovery_trigger,0.15,0.10981930190941513,0.5828476024464301,0.5124563374003195,0.21429982204245188,0.7907112450241075,0.220989151973782,36,4,77.75,115,-0.04113444575381853,-0.07817335505892853,-1.9004353559734464,SMA,150,0.02,2.0,0.0
2,SMA_N150_th2_bL2_sL0,22,02_SMA_N150_th2_bL2_sL0_sl30_next,sl30_next,0.3,next_signal,,0.15344168390467727,0.736761889236797,0.4134122979106268,0.3711589729675844,1.0094583023907266,0.22988202911776248,34,2,33.0,64,0.0024879362414436113,0.020870684430764175,8.388753732151141,SMA,150,0.02,2.0,0.0
2,SMA_N150_th2_bL2_sL0,23,02_SMA_N150_th2_bL2_sL0_sl30_cool21,sl30_cool21,0.3,time_cooldown,21.0,0.1468737416705419,0.7127667021557509,0.41341229791062717,0.35527182527669643,0.9755756853467944,0.22947615187455317,34,2,21.0,21,-0.00408000599269176,0.020870684430763786,5.1153563176495425,SMA,150,0.02,2.0,0.0
2,SMA_N150_th2_bL2_sL0,24,02_SMA_N150_th2_bL2_sL0_sl30_cool63,sl30_cool63,0.3,time_cooldown,63.0,0.13885628750886014,0.683852335171117,0.4385544058259349,0.3166227169633615,0.934496991602844,0.2286370095230571,34,2,63.0,63,-0.012097460154373518,-0.004271423484543957,-0.35308431935605394,SMA,150,0.02,2.0,0.0
2,SMA_N150_th2_bL2_sL0,25,02_SMA_N150_th2_bL2_sL0_sl30_cool126,sl30_cool126,0.3,time_cooldown,126.0,0.15856147581805202,0.7728124104156551,0.36000899811402315,0.4404375353080257,1.0588607475333112,0.2228144721188941,30,2,126.0,126,0.007607728154818361,0.0742739842273678,9.762965068661966,SMA,150,0.02,2.0,0.0
2,SMA_N150_th2_bL2_sL0,26,02_SMA_N150_th2_bL2_sL0_sl30_rec5,sl30_rec5,0.3,recovery_trigger,0.05,0.14779384277258356,0.7162325108401574,0.4134122979106269,0.35749745113904235,0.9803802510465462,0.22949039711299843,34,2,15.5,18,-0.0031599048906501004,0.020870684430764064,6.60484576371862,SMA,150,0.02,2.0,0.0
2,SMA_N150_th2_bL2_sL0,27,02_SMA_N150_th2_bL2_sL0_sl30_rec10,sl30_rec10,0.3,recovery_trigger,0.1,0.1421227154867215,0.6953266165219538,0.41341229791062667,0.3437796026025482,0.9508178151436022,0.22915418083882177,34,2,48.0,56,-0.008831032176512155,0.020870684430764286,2.363334660502532,SMA,150,0.02,2.0,0.0
2,SMA_N150_th2_bL2_sL0,28,02_SMA_N150_th2_bL2_sL0_sl30_rec15,sl30_rec15,0.3,recovery_trigger,0.15,0.14552957462128657,0.7237797737172834,0.3946846001007629,0.3687237216352827,0.9873390578385665,0.22204536946832482,30,2,138.0,165,-0.005424173041947089,0.03959838224062806,7.300353792992862,SMA,150,0.02,2.0,0.0
2,SMA_N150_th2_bL2_sL0,29,02_SMA_N150_th2_bL2_sL0_sl35_next,sl35_next,0.35,next_signal,,0.1555112283395237,0.7444145606303599,0.39550192886956814,0.39319967107116044,1.0191295422854996,0.22995656450187493,34,1,24.0,24,0.004557480676290027,0.03878105347182281,8.509318245402229,SMA,150,0.02,2.0,0.0
2,SMA_N150_th2_bL2_sL0,30,02_SMA_N150_th2_bL2_sL0_sl35_cool21,sl35_cool21,0.35,time_cooldown,21.0,0.1555112283395237,0.7444145606303599,0.39550192886956814,0.39319967107116044,1.0191295422854996,0.22995656450187493,34,1,21.0,21,0.004557480676290027,0.03878105347182281,8.509318245402229,SMA,150,0.02,2.0,0.0
2,SMA_N150_th2_bL2_sL0,31,02_SMA_N150_th2_bL2_sL0_sl35_cool63,sl35_cool63,0.35,time_cooldown,63.0,0.157847436939903,0.7579954961237261,0.3746662623695315,0.4213014428937796,1.0378828154290287,0.22786974692340467,34,1,63.0,63,0.006893689276669335,0.059616719971859466,8.648013796273554,SMA,150,0.02,2.0,0.0
2,SMA_N150_th2_bL2_sL0,32,02_SMA_N150_th2_bL2_sL0_sl35_cool126,sl35_cool126,0.35,time_cooldown,126.0,0.14613006433081144,0.7186134582596804,0.40069805239296036,0.36468873122323847,0.9800593424476336,0.22543381173060056,34,1,126.0,126,-0.004823683332422224,0.0335849299484306,6.962507203300563,SMA,150,0.02,2.0,0.0
2,SMA_N150_th2_bL2_sL0,33,02_SMA_N150_th2_bL2_sL0_sl35_rec5,sl35_rec5,0.35,recovery_trigger,0.05,0.1555112283395237,0.7444145606303599,0.39550192886956814,0.39319967107116044,1.0191295422854996,0.22995656450187493,34,1,24.0,24,0.004557480676290027,0.03878105347182281,8.509318245402229,SMA,150,0.02,2.0,0.0
2,SMA_N150_th2_bL2_sL0,34,02_SMA_N150_th2_bL2_sL0_sl35_rec10,sl35_rec10,0.35,recovery_trigger,0.1,0.14866703884633847,0.7203361115303767,0.452847899733406,0.3282935372646303,0.9845867469902116,0.22913165212011366,34,1,39.0,39,-0.002286708816895189,-0.018564917392015046,-8.1186188879185,SMA,150,0.02,2.0,0.0
2,SMA_N150_th2_bL2_sL0,35,02_SMA_N150_th2_bL2_sL0_sl35_rec15,sl35_rec15,0.35,recovery_trigger,0.15,0.14468883633983443,0.7131210380089522,0.41321723588436476,0.3501519873201135,0.9723875019464739,0.22539181831105634,34,1,128.0,128,-0.006264911323399236,0.02106574645702619,3.36249714793988,SMA,150,0.02,2.0,0.0
2,SMA_N150_th2_bL2_sL0,36,02_SMA_N150_th2_bL2_sL0_sl40_next,sl40_next,0.4,next_signal,,0.14501614961518627,0.7181630821846822,0.41039581487396837,0.35335679448807344,0.9786659619800144,0.223670009456922,34,1,206.0,206,-0.005937598048047388,0.023887167467422588,4.023035455436061,SMA,150,0.02,2.0,0.0
2,SMA_N150_th2_bL2_sL0,37,02_SMA_N150_th2_bL2_sL0_sl40_cool21,sl40_cool21,0.4,time_cooldown,21.0,0.14554288341522814,0.7077225591982909,0.4772871339660404,0.3049377891371857,0.966193520353114,0.22948335974864228,36,1,21.0,21,-0.00541086424800552,-0.043004151624649434,-7.94774173839254,SMA,150,0.02,2.0,0.0
2,SMA_N150_th2_bL2_sL0,38,02_SMA_N150_th2_bL2_sL0_sl40_cool63,sl40_cool63,0.4,time_cooldown,63.0,0.1440346253530873,0.706004182657607,0.43773619723750185,0.3290443565372746,0.9633678529314902,0.2275464325236539,36,1,63.0,63,-0.006919122310146353,-0.00345321489611089,-0.4990827942218943,SMA,150,0.02,2.0,0.0
2,SMA_N150_th2_bL2_sL0,39,02_SMA_N150_th2_bL2_sL0_sl40_cool126,sl40_cool126,0.4,time_cooldown,126.0,0.1330070250501707,0.6669509525147599,0.505990894085502,0.26286446377767275,0.9070945543352215,0.22572865709675158,36,1,126.0,126,-0.01794672261306296,-0.07170791174411106,-3.9955992684656927,SMA,150,0.02,2.0,0.0
2,SMA_N150_th2_bL2_sL0,40,02_SMA_N150_th2_bL2_sL0_sl40_rec5,sl40_rec5,0.4,recovery_trigger,0.05,0.1444217795507472,0.7022869031018614,0.48580404952933975,0.2972840174771432,0.9588898091127531,0.23005030597355985,36,1,10.0,10,-0.006531968112486464,-0.0515210671879488,-7.887525826934381,SMA,150,0.02,2.0,0.0
2,SMA_N150_th2_bL2_sL0,41,02_SMA_N150_th2_bL2_sL0_sl40_rec10,sl40_rec10,0.4,recovery_trigger,0.1,0.14028615388427945,0.6941558713357389,0.44995512999387693,0.3117780963763842,0.945302160657991,0.22629410990066265,36,1,94.0,94,-0.01066759377895421,-0.01567214765248598,-1.469136149841505,SMA,150,0.02,2.0,0.0
2,SMA_N150_th2_bL2_sL0,42,02_SMA_N150_th2_bL2_sL0_sl40_rec15,sl40_rec15,0.4,recovery_trigger,0.15,0.13593017036938182,0.677560622416944,0.48416616747319474,0.2807510716388654,0.9221126333072026,0.226132351568333,36,1,103.0,103,-0.015023577293851842,-0.04988318513180379,-3.3203267208681173,SMA,150,0.02,2.0,0.0
3,EMA_N150_th5_bL1_sL0,0,03_EMA_N150_th5_bL1_sL0_baseline,baseline,,—,,0.09203756277042086,0.7896817305888847,0.2115073033118535,0.43515075521868657,1.0737686571307972,0.1207678785414052,15,0,,0,0.0,0.0,0.0,EMA,150,0.05,1.0,0.0
3,EMA_N150_th5_bL1_sL0,1,03_EMA_N150_th5_bL1_sL0_sl15_next,sl15_next,0.15,next_signal,,0.05138418197442629,0.5440624255848118,0.21150730331185366,0.2429428259442355,0.7352091076420666,0.10162759605032412,15,3,435.6666666666667,687,-0.040653380795994565,-1.6653345369377348e-16,-4.096423235486025e-15,EMA,150,0.05,1.0,0.0
3,EMA_N150_th5_bL1_sL0,2,03_EMA_N150_th5_bL1_sL0_sl15_cool21,sl15_cool21,0.15,time_cooldown,21.0,0.0872587051649818,0.7582150256654504,0.2115073033118534,0.412556464002213,1.0284092034392878,0.1198495352325932,19,3,21.0,21,-0.0047788576054390575,8.326672684688674e-17,1.7423981570850052e-14,EMA,150,0.05,1.0,0.0
3,EMA_N150_th5_bL1_sL0,3,03_EMA_N150_th5_bL1_sL0_sl15_cool63,sl15_cool63,0.15,time_cooldown,63.0,0.08026878718767838,0.7106132521707431,0.24839470917172965,0.3231501486297114,0.9598937874486251,0.11859004474455137,19,3,63.0,63,-0.011768775582742474,-0.036887405859876155,-3.134345251171855,EMA,150,0.05,1.0,0.0
3,EMA_N150_th5_bL1_sL0,4,03_EMA_N150_th5_bL1_sL0_sl15_cool126,sl15_cool126,0.15,time_cooldown,126.0,0.06940527453307843,0.6414934829595873,0.23584387480606803,0.29428482969994313,0.8676383382789689,0.1149394062620116,19,3,126.0,126,-0.022632288237342424,-0.02433657149421453,-1.0753031792013017,EMA,150,0.05,1.0,0.0
3,EMA_N150_th5_bL1_sL0,5,03_EMA_N150_th5_bL1_sL0_sl15_rec5,sl15_rec5,0.15,recovery_trigger,0.05,0.08737709652067682,0.7588971657395135,0.21150730331185355,0.4131162146767342,1.029413601489909,0.11989200553104154,19,3,10.666666666666666,27,-0.004660466249744033,-5.551115123125783e-17,-1.1911072467117784e-14,EMA,150,0.05,1.0,0.0
3,EMA_N150_th5_bL1_sL0,6,03_EMA_N150_th5_bL1_sL0_sl15_rec10,sl15_rec10,0.15,recovery_trigger,0.1,0.0805531565407136,0.7143186244611472,0.2115073033118536,0.3808528371332089,0.9649724826072233,0.11829414461063159,19,3,61.333333333333336,101,-0.011484406229707256,-1.1102230246251565e-16,-9.667221817295963e-15,EMA,150,0.05,1.0,0.0
3,EMA_N150_th5_bL1_sL0,7,03_EMA_N150_th5_bL1_sL0_sl15_rec15,sl15_rec15,0.15,recovery_trigger,0.15,0.07563961082528503,0.6770250587487744,0.2142051943311289,0.35311753788919614,0.9133789229569632,0.11803234622025455,19,3,75.66666666666667,134,-0.016397951945135825,-0.0026978910192753947,-0.16452609620408593,EMA,150,0.05,1.0,0.0
3,EMA_N150_th5_bL1_sL0,8,03_EMA_N150_th5_bL1_sL0_sl20_next,sl20_next,0.2,next_signal,,0.06852639720890852,0.6537152472002866,0.2731353024871838,0.25088810045755233,0.8818086503737934,0.11082479052944089,15,1,666.0,666,-0.023511165561512337,-0.06162799917533032,-2.621222627780524,EMA,150,0.05,1.0,0.0
3,EMA_N150_th5_bL1_sL0,9,03_EMA_N150_th5_bL1_sL0_sl20_cool21,sl20_cool21,0.2,time_cooldown,21.0,0.08854985559587747,0.7670450218846303,0.21387100729335037,0.41403393903887337,1.041943987245607,0.12004806226519604,17,1,21.0,21,-0.0034877071745433863,-0.0023637039814968785,-0.677724322371283,EMA,150,0.05,1.0,0.0
3,EMA_N150_th5_bL1_sL0,10,03_EMA_N150_th5_bL1_sL0_sl20_cool63,sl20_cool63,0.2,time_cooldown,63.0,0.08474498716103174,0.7437949867413253,0.23728186869668166,0.3571490212316289,1.011033365769009,0.11890797146980912,17,1,63.0,63,-0.007292575609389118,-0.02577456538482817,-3.534356963216627,EMA,150,0.05,1.0,0.0
3,EMA_N150_th5_bL1_sL0,11,03_EMA_N150_th5_bL1_sL0_sl20_cool126,sl20_cool126,0.2,time_cooldown,126.0,0.07841559808467835,0.7046231548306355,0.21856399487420775,0.3587763763643213,0.9547876475871021,0.11687127579690912,17,1,126.0,126,-0.013621964685742505,-0.00705669156235425,-0.5180377225423416,EMA,150,0.05,1.0,0.0
3,EMA_N150_th5_bL1_sL0,12,03_EMA_N150_th5_bL1_sL0_sl20_rec5,sl20_rec5,0.2,recovery_trigger,0.05,0.08809611679870666,0.7630648842242271,0.22197900857461583,0.39686688108210966,1.0365097052105718,0.12014270399631351,17,1,16.0,16,-0.003941445971714197,-0.010471705262762337,-2.656818167218978,EMA,150,0.05,1.0,0.0
3,EMA_N150_th5_bL1_sL0,13,03_EMA_N150_th5_bL1_sL0_sl20_rec10,sl20_rec10,0.2,recovery_trigger,0.1,0.0854911622640051,0.7447756142684886,0.22843132502913183,0.37425323454698006,1.0107511414901997,0.11982287978126564,17,1,37.0,37,-0.0065464005064157504,-0.01692402171727833,-2.585240805339067,EMA,150,0.05,1.0,0.0
3,EMA_N150_th5_bL1_sL0,14,03_EMA_N150_th5_bL1_sL0_sl20_rec15,sl20_rec15,0.2,recovery_trigger,0.15,0.08215195628022132,0.7197986531028818,0.2673016748832715,0.3073379780208875,0.9759844029470814,0.11967555670067519,17,1,53.0,53,-0.009885606490199539,-0.055794371571418006,-5.64400086395628,EMA,150,0.05,1.0,0.0
3,EMA_N150_th5_bL1_sL0,15,03_EMA_N150_th5_bL1_sL0_sl25_next,sl25_next,0.25,next_signal,,0.09203756277042086,0.7896817305888847,0.2115073033118535,0.43515075521868657,1.0737686571307972,0.1207678785414052,15,0,,0,0.0,0.0,0.0,EMA,150,0.05,1.0,0.0
3,EMA_N150_th5_bL1_sL0,16,03_EMA_N150_th5_bL1_sL0_sl25_cool21,sl25_cool21,0.25,time_cooldown,21.0,0.09203756277042086,0.7896817305888847,0.2115073033118535,0.43515075521868657,1.0737686571307972,0.1207678785414052,15,0,,0,0.0,0.0,0.0,EMA,150,0.05,1.0,0.0
3,EMA_N150_th5_bL1_sL0,17,03_EMA_N150_th5_bL1_sL0_sl25_cool63,sl25_cool63,0.25,time_cooldown,63.0,0.09203756277042086,0.7896817305888847,0.2115073033118535,0.43515075521868657,1.0737686571307972,0.1207678785414052,15,0,,0,0.0,0.0,0.0,EMA,150,0.05,1.0,0.0
3,EMA_N150_th5_bL1_sL0,18,03_EMA_N150_th5_bL1_sL0_sl25_cool126,sl25_cool126,0.25,time_cooldown,126.0,0.09203756277042086,0.7896817305888847,0.2115073033118535,0.43515075521868657,1.0737686571307972,0.1207678785414052,15,0,,0,0.0,0.0,0.0,EMA,150,0.05,1.0,0.0
3,EMA_N150_th5_bL1_sL0,19,03_EMA_N150_th5_bL1_sL0_sl25_rec5,sl25_rec5,0.25,recovery_trigger,0.05,0.09203756277042086,0.7896817305888847,0.2115073033118535,0.43515075521868657,1.0737686571307972,0.1207678785414052,15,0,,0,0.0,0.0,0.0,EMA,150,0.05,1.0,0.0
3,EMA_N150_th5_bL1_sL0,20,03_EMA_N150_th5_bL1_sL0_sl25_rec10,sl25_rec10,0.25,recovery_trigger,0.1,0.09203756277042086,0.7896817305888847,0.2115073033118535,0.43515075521868657,1.0737686571307972,0.1207678785414052,15,0,,0,0.0,0.0,0.0,EMA,150,0.05,1.0,0.0
3,EMA_N150_th5_bL1_sL0,21,03_EMA_N150_th5_bL1_sL0_sl25_rec15,sl25_rec15,0.25,recovery_trigger,0.15,0.09203756277042086,0.7896817305888847,0.2115073033118535,0.43515075521868657,1.0737686571307972,0.1207678785414052,15,0,,0,0.0,0.0,0.0,EMA,150,0.05,1.0,0.0
3,EMA_N150_th5_bL1_sL0,22,03_EMA_N150_th5_bL1_sL0_sl30_next,sl30_next,0.3,next_signal,,0.09203756277042086,0.7896817305888847,0.2115073033118535,0.43515075521868657,1.0737686571307972,0.1207678785414052,15,0,,0,0.0,0.0,0.0,EMA,150,0.05,1.0,0.0
3,EMA_N150_th5_bL1_sL0,23,03_EMA_N150_th5_bL1_sL0_sl30_cool21,sl30_cool21,0.3,time_cooldown,21.0,0.09203756277042086,0.7896817305888847,0.2115073033118535,0.43515075521868657,1.0737686571307972,0.1207678785414052,15,0,,0,0.0,0.0,0.0,EMA,150,0.05,1.0,0.0
3,EMA_N150_th5_bL1_sL0,24,03_EMA_N150_th5_bL1_sL0_sl30_cool63,sl30_cool63,0.3,time_cooldown,63.0,0.09203756277042086,0.7896817305888847,0.2115073033118535,0.43515075521868657,1.0737686571307972,0.1207678785414052,15,0,,0,0.0,0.0,0.0,EMA,150,0.05,1.0,0.0
3,EMA_N150_th5_bL1_sL0,25,03_EMA_N150_th5_bL1_sL0_sl30_cool126,sl30_cool126,0.3,time_cooldown,126.0,0.09203756277042086,0.7896817305888847,0.2115073033118535,0.43515075521868657,1.0737686571307972,0.1207678785414052,15,0,,0,0.0,0.0,0.0,EMA,150,0.05,1.0,0.0
3,EMA_N150_th5_bL1_sL0,26,03_EMA_N150_th5_bL1_sL0_sl30_rec5,sl30_rec5,0.3,recovery_trigger,0.05,0.09203756277042086,0.7896817305888847,0.2115073033118535,0.43515075521868657,1.0737686571307972,0.1207678785414052,15,0,,0,0.0,0.0,0.0,EMA,150,0.05,1.0,0.0
3,EMA_N150_th5_bL1_sL0,27,03_EMA_N150_th5_bL1_sL0_sl30_rec10,sl30_rec10,0.3,recovery_trigger,0.1,0.09203756277042086,0.7896817305888847,0.2115073033118535,0.43515075521868657,1.0737686571307972,0.1207678785414052,15,0,,0,0.0,0.0,0.0,EMA,150,0.05,1.0,0.0
3,EMA_N150_th5_bL1_sL0,28,03_EMA_N150_th5_bL1_sL0_sl30_rec15,sl30_rec15,0.3,recovery_trigger,0.15,0.09203756277042086,0.7896817305888847,0.2115073033118535,0.43515075521868657,1.0737686571307972,0.1207678785414052,15,0,,0,0.0,0.0,0.0,EMA,150,0.05,1.0,0.0
3,EMA_N150_th5_bL1_sL0,29,03_EMA_N150_th5_bL1_sL0_sl35_next,sl35_next,0.35,next_signal,,0.09203756277042086,0.7896817305888847,0.2115073033118535,0.43515075521868657,1.0737686571307972,0.1207678785414052,15,0,,0,0.0,0.0,0.0,EMA,150,0.05,1.0,0.0
3,EMA_N150_th5_bL1_sL0,30,03_EMA_N150_th5_bL1_sL0_sl35_cool21,sl35_cool21,0.35,time_cooldown,21.0,0.09203756277042086,0.7896817305888847,0.2115073033118535,0.43515075521868657,1.0737686571307972,0.1207678785414052,15,0,,0,0.0,0.0,0.0,EMA,150,0.05,1.0,0.0
3,EMA_N150_th5_bL1_sL0,31,03_EMA_N150_th5_bL1_sL0_sl35_cool63,sl35_cool63,0.35,time_cooldown,63.0,0.09203756277042086,0.7896817305888847,0.2115073033118535,0.43515075521868657,1.0737686571307972,0.1207678785414052,15,0,,0,0.0,0.0,0.0,EMA,150,0.05,1.0,0.0
3,EMA_N150_th5_bL1_sL0,32,03_EMA_N150_th5_bL1_sL0_sl35_cool126,sl35_cool126,0.35,time_cooldown,126.0,0.09203756277042086,0.7896817305888847,0.2115073033118535,0.43515075521868657,1.0737686571307972,0.1207678785414052,15,0,,0,0.0,0.0,0.0,EMA,150,0.05,1.0,0.0
3,EMA_N150_th5_bL1_sL0,33,03_EMA_N150_th5_bL1_sL0_sl35_rec5,sl35_rec5,0.35,recovery_trigger,0.05,0.09203756277042086,0.7896817305888847,0.2115073033118535,0.43515075521868657,1.0737686571307972,0.1207678785414052,15,0,,0,0.0,0.0,0.0,EMA,150,0.05,1.0,0.0
3,EMA_N150_th5_bL1_sL0,34,03_EMA_N150_th5_bL1_sL0_sl35_rec10,sl35_rec10,0.35,recovery_trigger,0.1,0.09203756277042086,0.7896817305888847,0.2115073033118535,0.43515075521868657,1.0737686571307972,0.1207678785414052,15,0,,0,0.0,0.0,0.0,EMA,150,0.05,1.0,0.0
3,EMA_N150_th5_bL1_sL0,35,03_EMA_N150_th5_bL1_sL0_sl35_rec15,sl35_rec15,0.35,recovery_trigger,0.15,0.09203756277042086,0.7896817305888847,0.2115073033118535,0.43515075521868657,1.0737686571307972,0.1207678785414052,15,0,,0,0.0,0.0,0.0,EMA,150,0.05,1.0,0.0
3,EMA_N150_th5_bL1_sL0,36,03_EMA_N150_th5_bL1_sL0_sl40_next,sl40_next,0.4,next_signal,,0.09203756277042086,0.7896817305888847,0.2115073033118535,0.43515075521868657,1.0737686571307972,0.1207678785414052,15,0,,0,0.0,0.0,0.0,EMA,150,0.05,1.0,0.0
3,EMA_N150_th5_bL1_sL0,37,03_EMA_N150_th5_bL1_sL0_sl40_cool21,sl40_cool21,0.4,time_cooldown,21.0,0.09203756277042086,0.7896817305888847,0.2115073033118535,0.43515075521868657,1.0737686571307972,0.1207678785414052,15,0,,0,0.0,0.0,0.0,EMA,150,0.05,1.0,0.0
3,EMA_N150_th5_bL1_sL0,38,03_EMA_N150_th5_bL1_sL0_sl40_cool63,sl40_cool63,0.4,time_cooldown,63.0,0.09203756277042086,0.7896817305888847,0.2115073033118535,0.43515075521868657,1.0737686571307972,0.1207678785414052,15,0,,0,0.0,0.0,0.0,EMA,150,0.05,1.0,0.0
3,EMA_N150_th5_bL1_sL0,39,03_EMA_N150_th5_bL1_sL0_sl40_cool126,sl40_cool126,0.4,time_cooldown,126.0,0.09203756277042086,0.7896817305888847,0.2115073033118535,0.43515075521868657,1.0737686571307972,0.1207678785414052,15,0,,0,0.0,0.0,0.0,EMA,150,0.05,1.0,0.0
3,EMA_N150_th5_bL1_sL0,40,03_EMA_N150_th5_bL1_sL0_sl40_rec5,sl40_rec5,0.4,recovery_trigger,0.05,0.09203756277042086,0.7896817305888847,0.2115073033118535,0.43515075521868657,1.0737686571307972,0.1207678785414052,15,0,,0,0.0,0.0,0.0,EMA,150,0.05,1.0,0.0
3,EMA_N150_th5_bL1_sL0,41,03_EMA_N150_th5_bL1_sL0_sl40_rec10,sl40_rec10,0.4,recovery_trigger,0.1,0.09203756277042086,0.7896817305888847,0.2115073033118535,0.43515075521868657,1.0737686571307972,0.1207678785414052,15,0,,0,0.0,0.0,0.0,EMA,150,0.05,1.0,0.0
3,EMA_N150_th5_bL1_sL0,42,03_EMA_N150_th5_bL1_sL0_sl40_rec15,sl40_rec15,0.4,recovery_trigger,0.15,0.09203756277042086,0.7896817305888847,0.2115073033118535,0.43515075521868657,1.0737686571307972,0.1207678785414052,15,0,,0,0.0,0.0,0.0,EMA,150,0.05,1.0,0.0
4,EMA_N150_th5_bL3_sL0,0,04_EMA_N150_th5_bL3_sL0_baseline,baseline,,—,,0.2024902836289757,0.6954520970757619,0.5423361717633458,0.37336673113762825,0.9423188323021148,0.3598037174080405,15,0,,0,0.0,0.0,0.0,EMA,150,0.05,3.0,0.0
4,EMA_N150_th5_bL3_sL0,1,04_EMA_N150_th5_bL3_sL0_sl15_next,sl15_next,0.15,next_signal,,0.004529211161662161,0.10205225083980844,0.5334068338872168,0.008491100739477618,0.13190340753203925,0.13305283077261243,16,8,495.42857142857144,988,-0.19796107246731354,0.00892933787612904,0.045106534152584025,EMA,150,0.05,3.0,0.0
4,EMA_N150_th5_bL3_sL0,2,04_EMA_N150_th5_bL3_sL0_sl15_cool21,sl15_cool21,0.15,time_cooldown,21.0,0.0948568888638266,0.45914339039391716,0.5248212892796931,0.1807413129029423,0.6158059752105738,0.29062110836165794,67,31,21.0,21,-0.1076333947651491,0.01751488248365274,0.1627272141872824,EMA,150,0.05,3.0,0.0
4,EMA_N150_th5_bL3_sL0,3,04_EMA_N150_th5_bL3_sL0_sl15_cool63,sl15_cool63,0.15,time_cooldown,63.0,0.05857113976823891,0.3541345984172522,0.43090699010753775,0.1359252486334042,0.47132816277174144,0.25090833268728263,50,25,63.0,63,-0.1439191438607368,0.11142918165580806,0.7742485027817592,EMA,150,0.05,3.0,0.0
4,EMA_N150_th5_bL3_sL0,4,04_EMA_N150_th5_bL3_sL0_sl15_cool126,sl15_cool126,0.15,time_cooldown,126.0,-0.0032299943951650256,0.08634522487746502,0.6012416031567537,-0.005372207076500181,0.11169546841994887,0.20158362614847686,38,19,126.0,126,-0.20572027802414072,-0.05890543139340787,-0.286337506244744,EMA,150,0.05,3.0,0.0
4,EMA_N150_th5_bL3_sL0,5,04_EMA_N150_th5_bL3_sL0_sl15_rec5,sl15_rec5,0.15,recovery_trigger,0.05,0.06413171482360469,0.35903044933647954,0.7474846421244136,0.08579669896807113,0.4736818958364249,0.3066237103407165,69,34,13.205882352941176,31,-0.138358568805371,-0.20514847036106776,-1.48273050330298,EMA,150,0.05,3.0,0.0
4,EMA_N150_th5_bL3_sL0,6,04_EMA_N150_th5_bL3_sL0_sl15_rec10,sl15_rec10,0.15,recovery_trigger,0.1,0.05407476983127646,0.3377775675333679,0.527026384780289,0.10260353445837363,0.44815757849577414,0.24921786603544696,49,24,59.041666666666664,148,-0.14841551379769924,0.01530978698305685,0.10315489662303877,EMA,150,0.05,3.0,0.0
4,EMA_N150_th5_bL3_sL0,7,04_EMA_N150_th5_bL3_sL0_sl15_rec15,sl15_rec15,0.15,recovery_trigger,0.15,0.006901536908543671,0.14363075782854137,0.6103555274776608,0.01130740461557673,0.18708505028980096,0.22115813825383543,40,20,111.78947368421052,248,-0.19558874672043203,-0.06801935571431494,-0.347767225133558,EMA,150,0.05,3.0,0.0
4,EMA_N150_th5_bL3_sL0,8,04_EMA_N150_th5_bL3_sL0_sl20_next,sl20_next,0.2,next_signal,,0.06334475392711547,0.4198592560565394,0.4909031210288204,0.12903717905553216,0.5551278353860699,0.19011391213667977,16,8,400.0,985,-0.13914552970186023,0.05143305073452542,0.36963494870965885,EMA,150,0.05,3.0,0.0
4,EMA_N150_th5_bL3_sL0,9,04_EMA_N150_th5_bL3_sL0_sl20_cool21,sl20_cool21,0.2,time_cooldown,21.0,0.17167817673945773,0.6686769586206193,0.5230301192477507,0.32823764907912817,0.9070963618935856,0.3095572305583532,44,20,21.0,21,-0.030812106889517965,0.01930605251559514,0.6265735928029935,EMA,150,0.05,3.0,0.0
4,EMA_N150_th5_bL3_sL0,10,04_EMA_N150_th5_bL3_sL0_sl20_cool63,sl20_cool63,0.2,time_cooldown,63.0,0.11393214424134745,0.527011611229304,0.4710612875689073,0.24186267742216314,0.7072283417676049,0.2802695617368309,34,17,63.0,63,-0.08855813938762824,0.0712748841944385,0.8048371915591054,EMA,150,0.05,3.0,0.0
4,EMA_N150_th5_bL3_sL0,11,04_EMA_N150_th5_bL3_sL0_sl20_cool126,sl20_cool126,0.2,time_cooldown,126.0,0.06056448655299618,0.36140927106568943,0.6503379498149723,0.09312771393738807,0.47940196834842075,0.2509132765031671,30,15,126.0,126,-0.14192579707597952,-0.10800177805162647,-0.7609735529179946,EMA,150,0.05,3.0,0.0
4,EMA_N150_th5_bL3_sL0,12,04_EMA_N150_th5_bL3_sL0_sl20_rec5,sl20_rec5,0.2,recovery_trigger,0.05,0.0976773834168867,0.45287813858374426,0.6662724492338654,0.14660276517392268,0.6008162816971437,0.323436859408401,49,24,11.541666666666666,28,-0.104812900212089,-0.1239362774705196,-1.182452515098184,EMA,150,0.05,3.0,0.0
4,EMA_N150_th5_bL3_sL0,13,04_EMA_N150_th5_bL3_sL0_sl20_rec10,sl20_rec10,0.2,recovery_trigger,0.1,0.12979134831446948,0.5700440018180344,0.43983017343067043,0.29509423444530514,0.7671985985884928,0.2875743371589925,35,17,46.23529411764706,113,-0.07269893531450622,0.10250599833267537,1.4100068713416427,EMA,150,0.05,3.0,0.0
4,EMA_N150_th5_bL3_sL0,14,04_EMA_N150_th5_bL3_sL0_sl20_rec15,sl20_rec15,0.2,recovery_trigger,0.15,0.07558760264072961,0.40749072460286134,0.549137800594362,0.13764778632779787,0.5413290156135094,0.26865613100931385,32,16,95.46666666666667,248,-0.12690268098824609,-0.006801628831016204,-0.05359720360554227,EMA,150,0.05,3.0,0.0
4,EMA_N150_th5_bL3_sL0,15,04_EMA_N150_th5_bL3_sL0_sl25_next,sl25_next,0.25,next_signal,,0.042050539477596294,0.29545472374335086,0.44771043665201277,0.09392351849568448,0.387050937363814,0.23345526318453613,16,8,358.57142857142856,975,-0.1604397441513794,0.09462573511133304,0.5897898654216938,EMA,150,0.05,3.0,0.0
4,EMA_N150_th5_bL3_sL0,16,04_EMA_N150_th5_bL3_sL0_sl25_cool21,sl25_cool21,0.25,time_cooldown,21.0,0.15353368714171967,0.600359349403133,0.5160022723765008,0.2975445949774692,0.8088564113895852,0.3297711882656905,28,13,21.0,21,-0.04895659648725603,0.02633389938684505,0.537902985018578,EMA,150,0.05,3.0,0.0
4,EMA_N150_th5_bL3_sL0,17,04_EMA_N150_th5_bL3_sL0_sl25_cool63,sl25_cool63,0.25,time_cooldown,63.0,0.1373022124416392,0.5674422237948129,0.4314241146538001,0.3182534489334666,0.7615011080778351,0.31603591375342815,24,12,63.0,63,-0.0651880711873365,0.11091205710954571,1.7014164568669061,EMA,150,0.05,3.0,0.0
4,EMA_N150_th5_bL3_sL0,18,04_EMA_N150_th5_bL3_sL0_sl25_cool126,sl25_cool126,0.25,time_cooldown,126.0,0.05821780220390327,0.3420846318551012,0.5594608220087652,0.10406055243487837,0.4538371286784851,0.2905488707708651,24,12,126.0,126,-0.14427248142507243,-0.017124650245419426,-0.11869658077734715,EMA,150,0.05,3.0,0.0
4,EMA_N150_th5_bL3_sL0,19,04_EMA_N150_th5_bL3_sL0_sl25_rec5,sl25_rec5,0.25,recovery_trigger,0.05,0.1264790648734908,0.5229526135115086,0.7313364992414739,0.1729423664820122,0.6956392407521538,0.3411244890605637,35,15,11.066666666666666,38,-0.07601121875548489,-0.18900032747812812,-2.486479372026778,EMA,150,0.05,3.0,0.0
4,EMA_N150_th5_bL3_sL0,20,04_EMA_N150_th5_bL3_sL0_sl25_rec10,sl25_rec10,0.25,recovery_trigger,0.1,0.15545244434177818,0.6152374125636323,0.4834281981365997,0.32156263317071304,0.8287930301524179,0.31847478736499546,25,12,41.5,110,-0.047037839287197514,0.0589079736267461,1.2523528826882007,EMA,150,0.05,3.0,0.0
4,EMA_N150_th5_bL3_sL0,21,04_EMA_N150_th5_bL3_sL0_sl25_rec15,sl25_rec15,0.25,recovery_trigger,0.15,0.13940351798559103,0.5764021119029242,0.4885870848536684,0.28531969490626696,0.7753687027541107,0.3121500395971731,22,11,93.5,245,-0.06308676564338467,0.05374908690967739,0.8519867259245612,EMA,150,0.05,3.0,0.0
4,EMA_N150_th5_bL3_sL0,22,04_EMA_N150_th5_bL3_sL0_sl30_next,sl30_next,0.3,next_signal,,0.1844937998845182,0.6834692083777049,0.48046049142873737,0.3839936959975461,0.9320046530091654,0.3269832551976699,15,7,160.85714285714286,388,-0.017996483744457503,0.06187568033460844,3.4382094420897475,EMA,150,0.05,3.0,0.0
4,EMA_N150_th5_bL3_sL0,23,04_EMA_N150_th5_bL3_sL0_sl30_cool21,sl30_cool21,0.3,time_cooldown,21.0,0.20680502085695207,0.7177442275762075,0.48046049142873737,0.4304308565351116,0.9763954500572953,0.3468854995185843,17,8,21.0,21,0.004314737227976373,0.06187568033460844,14.340544293963495,EMA,150,0.05,3.0,0.0
4,EMA_N150_th5_bL3_sL0,24,04_EMA_N150_th5_bL3_sL0_sl30_cool63,sl30_cool63,0.3,time_cooldown,63.0,0.18307581455666422,0.6627740974173975,0.48046049142873737,0.38104239125313866,0.8992056706779312,0.3443661493649535,17,8,63.0,63,-0.01941446907231148,0.06187568033460844,3.187091035255467,EMA,150,0.05,3.0,0.0
4,EMA_N150_th5_bL3_sL0,25,04_EMA_N150_th5_bL3_sL0_sl30_cool126,sl30_cool126,0.3,time_cooldown,126.0,0.1286599827604884,0.5347743816279004,0.5049056733419298,0.254819839731446,0.7235893874014803,0.32846804965556475,17,8,126.0,126,-0.0738303008684873,0.03743049842141599,0.506980169132594,EMA,150,0.05,3.0,0.0
4,EMA_N150_th5_bL3_sL0,26,04_EMA_N150_th5_bL3_sL0_sl30_rec5,sl30_rec5,0.3,recovery_trigger,0.05,0.185474494307444,0.6615168956421212,0.6022431426504333,0.30797277905263093,0.8890665685380977,0.3532825890971136,19,9,7.0,17,-0.017015789321531694,-0.05990697088708752,-3.520669523762941,EMA,150,0.05,3.0,0.0
4,EMA_N150_th5_bL3_sL0,27,04_EMA_N150_th5_bL3_sL0_sl30_rec10,sl30_rec10,0.3,recovery_trigger,0.1,0.20693951659735466,0.7180456988387354,0.48046049142873737,0.4307107874405699,0.9768211254684867,0.3469041888921475,17,8,27.625,50,0.004449232968378958,0.06187568033460844,13.907044376943999,EMA,150,0.05,3.0,0.0
4,EMA_N150_th5_bL3_sL0,28,04_EMA_N150_th5_bL3_sL0_sl30_rec15,sl30_rec15,0.3,recovery_trigger,0.15,0.19676961654646075,0.6939895336963076,0.4804604914287372,0.4095438023662056,0.9433687825656331,0.346555079852524,17,8,68.75,163,-0.005720667082514952,0.06187568033460861,10.81616522026422,EMA,150,0.05,3.0,0.0
4,EMA_N150_th5_bL3_sL0,29,04_EMA_N150_th5_bL3_sL0_sl35_next,sl35_next,0.35,next_signal,,0.09710551362656394,0.48688206209132195,0.4477104366520134,0.21689356708483434,0.6608598639453045,0.26157378569162404,15,4,482.75,975,-0.10538477000241175,0.09462573511133243,0.8979071179750822,EMA,150,0.05,3.0,0.0
4,EMA_N150_th5_bL3_sL0,30,04_EMA_N150_th5_bL3_sL0_sl35_cool21,sl35_cool21,0.35,time_cooldown,21.0,0.17390307901981394,0.6325971383776005,0.5707775482759815,0.30467750447627734,0.8535971092350566,0.354532781720234,25,7,21.0,21,-0.028587204609161754,-0.028441376512635674,-0.9948988332885356,EMA,150,0.05,3.0,0.0
4,EMA_N150_th5_bL3_sL0,31,04_EMA_N150_th5_bL3_sL0_sl35_cool63,sl35_cool63,0.35,time_cooldown,63.0,0.13659462578270598,0.5477753047963302,0.6299377016595207,0.21683830864997972,0.7335924043019628,0.3432359542986991,25,7,63.0,63,-0.06589565784626972,-0.08760152989617487,-1.3293976076624583,EMA,150,0.05,3.0,0.0
4,EMA_N150_th5_bL3_sL0,32,04_EMA_N150_th5_bL3_sL0_sl35_cool126,sl35_cool126,0.35,time_cooldown,126.0,0.09623717964195722,0.4502304711453778,0.6183878217125545,0.1556259296559873,0.6027864588966704,0.31911832261516376,25,7,126.0,126,-0.10625310398701848,-0.07605164994920866,-0.7157593246264156,EMA,150,0.05,3.0,0.0
4,EMA_N150_th5_bL3_sL0,33,04_EMA_N150_th5_bL3_sL0_sl35_rec5,sl35_rec5,0.35,recovery_trigger,0.05,0.17240732629312938,0.6309766941892576,0.5730481522695889,0.30086010330946994,0.8519407710268118,0.3519188670269556,25,7,20.142857142857142,41,-0.030082957335846316,-0.03071198050624313,-1.0209096188042417,EMA,150,0.05,3.0,0.0
4,EMA_N150_th5_bL3_sL0,34,04_EMA_N150_th5_bL3_sL0_sl35_rec10,sl35_rec10,0.35,recovery_trigger,0.1,0.13191438565428193,0.536749213321005,0.5997571688909922,0.2199463257741531,0.7188332355416612,0.34142296526960975,25,7,62.42857142857143,138,-0.07057589797469377,-0.05742099712764637,-0.8136063270244989,EMA,150,0.05,3.0,0.0
4,EMA_N150_th5_bL3_sL0,35,04_EMA_N150_th5_bL3_sL0_sl35_rec15,sl35_rec15,0.35,recovery_trigger,0.15,0.09360353890578299,0.43824678242953413,0.6356435914530304,0.147257897608647,0.5845998505656619,0.3331330027333173,25,7,98.57142857142857,172,-0.10888674472319271,-0.09330741968968459,-0.8569217486195109,EMA,150,0.05,3.0,0.0
4,EMA_N150_th5_bL3_sL0,36,04_EMA_N150_th5_bL3_sL0_sl40_next,sl40_next,0.4,next_signal,,0.11092758836504735,0.5014767002778101,0.5633642926332216,0.1969020575417739,0.6763560809305915,0.30286436373484277,15,3,435.6666666666667,687,-0.09156269526392835,-0.02102812086987582,-0.22965816820117102,EMA,150,0.05,3.0,0.0
4,EMA_N150_th5_bL3_sL0,37,04_EMA_N150_th5_bL3_sL0_sl40_cool21,sl40_cool21,0.4,time_cooldown,21.0,0.1734427009200663,0.6302046662710312,0.6054017193594916,0.2864919199495614,0.8503081246421075,0.3561998704303797,21,4,21.0,21,-0.029047582708909392,-0.0630655475961458,-2.171111731676127,EMA,150,0.05,3.0,0.0
4,EMA_N150_th5_bL3_sL0,38,04_EMA_N150_th5_bL3_sL0_sl40_cool63,sl40_cool63,0.4,time_cooldown,63.0,0.15764594950047028,0.5972123675116658,0.6375292841924666,0.24727640503628667,0.8037913467095187,0.3487233598767219,21,4,63.0,63,-0.044844334128505414,-0.09519311242912076,-2.122745588246142,EMA,150,0.05,3.0,0.0
4,EMA_N150_th5_bL3_sL0,39,04_EMA_N150_th5_bL3_sL0_sl40_cool126,sl40_cool126,0.4,time_cooldown,126.0,0.1142656892987246,0.492840512245171,0.6925542059236324,0.1649916906451141,0.6633474477879705,0.33574011065869563,21,4,126.0,126,-0.0882245943302511,-0.15021803416028656,-1.702677527742156,EMA,150,0.05,3.0,0.0
4,EMA_N150_th5_bL3_sL0,40,04_EMA_N150_th5_bL3_sL0_sl40_rec5,sl40_rec5,0.4,recovery_trigger,0.05,0.17948863106004165,0.6442875618131355,0.5736599302864267,0.31288333311065236,0.8697976241829009,0.35663479229320444,21,4,9.5,27,-0.02300165256893405,-0.03132375852308089,-1.3618046976931844,EMA,150,0.05,3.0,0.0
4,EMA_N150_th5_bL3_sL0,41,04_EMA_N150_th5_bL3_sL0_sl40_rec10,sl40_rec10,0.4,recovery_trigger,0.1,0.15205349094814813,0.5815736719910612,0.6244624790612282,0.24349499937407668,0.7814311237404008,0.3514733965299314,21,4,53.25,101,-0.05043679268082757,-0.0821263072978824,-1.6283015420427576,EMA,150,0.05,3.0,0.0
4,EMA_N150_th5_bL3_sL0,42,04_EMA_N150_th5_bL3_sL0_sl40_rec15,sl40_rec15,0.4,recovery_trigger,0.15,0.1307803977474098,0.5316314343938575,0.658133783371582,0.19871400169951653,0.7137544793666947,0.34533717812091247,21,4,87.75,134,-0.0717098858815659,-0.1157976116082362,-1.6148068036181844,EMA,150,0.05,3.0,0.0
5,SMA_N150_th2_bL3_sL0,0,05_SMA_N150_th2_bL3_sL0_baseline,baseline,,—,,0.20361893035943135,0.711265634276389,0.5821086001109401,0.34979543391151585,0.9723615189453335,0.3454918463489332,34,0,,0,0.0,0.0,0.0,SMA,150,0.02,3.0,0.0
5,SMA_N150_th2_bL3_sL0,1,05_SMA_N150_th2_bL3_sL0_sl15_next,sl15_next,0.15,next_signal,,0.023116500193150147,0.21532056456992857,0.5941175747813122,0.03890896545462245,0.292704585814078,0.20223058350230064,34,15,192.26666666666668,666,-0.1805024301662812,-0.012008974670372097,-0.06653081988596647,SMA,150,0.02,3.0,0.0
5,SMA_N150_th2_bL3_sL0,2,05_SMA_N150_th2_bL3_sL0_sl15_cool21,sl15_cool21,0.15,time_cooldown,21.0,0.09486763060936942,0.45274215158018294,0.5504570560398142,0.1723433818650291,0.6114632407052535,0.3023357610204575,72,33,21.0,21,-0.10875129975006192,0.031651544071125914,0.2910452026216624,SMA,150,0.02,3.0,0.0
5,SMA_N150_th2_bL3_sL0,3,05_SMA_N150_th2_bL3_sL0_sl15_cool63,sl15_cool63,0.15,time_cooldown,63.0,0.038667147278735214,0.277537903697772,0.5522872557290084,0.07001274586301169,0.36889591984284176,0.26559872075896473,57,28,63.0,63,-0.16495178308069613,0.029821344381931736,0.18078825111786043,SMA,150,0.02,3.0,0.0
5,SMA_N150_th2_bL3_sL0,4,05_SMA_N150_th2_bL3_sL0_sl15_cool126,sl15_cool126,0.15,time_cooldown,126.0,0.0016714381450799731,0.11564498034857161,0.4841279994269444,0.0034524715510328495,0.15027551358446387,0.21226514885418435,41,20,126.0,126,-0.20194749221435138,0.09798060068399572,0.4851785957311964,SMA,150,0.02,3.0,0.0
5,SMA_N150_th2_bL3_sL0,5,05_SMA_N150_th2_bL3_sL0_sl15_rec5,sl15_rec5,0.15,recovery_trigger,0.05,0.10952367695747434,0.4915792055214599,0.57620007361316,0.1900792484643183,0.6650995174390799,0.31092573540008456,72,34,14.382352941176471,31,-0.09409525340195701,0.0059085264977801755,0.06279303454915068,SMA,150,0.02,3.0,0.0
5,SMA_N150_th2_bL3_sL0,6,05_SMA_N150_th2_bL3_sL0_sl15_rec10,sl15_rec10,0.15,recovery_trigger,0.1,0.0411205570084594,0.28646067789136753,0.5414375580993553,0.07594699775318073,0.3805725128161307,0.2646386585296755,58,28,56.964285714285715,148,-0.16249837335097195,0.04067104201158478,0.25028584085418176,SMA,150,0.02,3.0,0.0
5,SMA_N150_th2_bL3_sL0,7,05_SMA_N150_th2_bL3_sL0_sl15_rec15,sl15_rec15,0.15,recovery_trigger,0.15,-0.004322492836521419,0.09749176968259521,0.6788334156190118,-0.006367531027593629,0.12601591927667025,0.22857564453602192,43,22,109.23809523809524,248,-0.20794142319595277,-0.09672481550807166,-0.4651541478434694,SMA,150,0.02,3.0,0.0
5,SMA_N150_th2_bL3_sL0,8,05_SMA_N150_th2_bL3_sL0_sl20_next,sl20_next,0.2,next_signal,,0.08758300341671221,0.4669926196535239,0.5535133124308614,0.1582310695149759,0.6310359118127071,0.24479844054752284,34,13,155.15384615384616,489,-0.11603592694271914,0.028595287680078685,0.24643477613786532,SMA,150,0.02,3.0,0.0
5,SMA_N150_th2_bL3_sL0,9,05_SMA_N150_th2_bL3_sL0_sl20_cool21,sl20_cool21,0.2,time_cooldown,21.0,0.1756706548983029,0.667402755583033,0.601063652669046,0.29226630843211143,0.9106573674390166,0.32019745561158597,49,19,21.0,21,-0.027948275461128436,-0.018955052558105923,-0.6782190401861953,SMA,150,0.02,3.0,0.0
5,SMA_N150_th2_bL3_sL0,10,05_SMA_N150_th2_bL3_sL0_sl20_cool63,sl20_cool63,0.2,time_cooldown,63.0,0.12018345927753882,0.5329822725825865,0.5560600724959178,0.21613394887010362,0.7176274078711132,0.2964921241958749,41,17,63.0,63,-0.08343547108189253,0.0260485276150223,0.3121996829077105,SMA,150,0.02,3.0,0.0
5,SMA_N150_th2_bL3_sL0,11,05_SMA_N150_th2_bL3_sL0_sl20_cool126,sl20_cool126,0.2,time_cooldown,126.0,0.10103465121879629,0.49684686660625504,0.5872719977111662,0.17204064149588047,0.6666467008222278,0.2655388416891071,33,14,126.0,126,-0.10258427914063506,-0.005163397600226105,-0.05033322496858889,SMA,150,0.02,3.0,0.0
5,SMA_N150_th2_bL3_sL0,12,05_SMA_N150_th2_bL3_sL0_sl20_rec5,sl20_rec5,0.2,recovery_trigger,0.05,0.12928832291324488,0.5386766731065867,0.6122896848610718,0.2111554809919431,0.7283649117947808,0.32488559534313005,56,23,12.217391304347826,28,-0.07433060744618647,-0.030181084750131704,-0.406038451548806,SMA,150,0.02,3.0,0.0
5,SMA_N150_th2_bL3_sL0,13,05_SMA_N150_th2_bL3_sL0_sl20_rec10,sl20_rec10,0.2,recovery_trigger,0.1,0.12024615339766731,0.530359240988743,0.54403883022592,0.2210249465975312,0.71333197673202,0.30009713703484603,46,18,49.22222222222222,113,-0.08337277696176404,0.03806976988502009,0.4566211090999096,SMA,150,0.02,3.0,0.0
5,SMA_N150_th2_bL3_sL0,14,05_SMA_N150_th2_bL3_sL0_sl20_rec15,sl20_rec15,0.2,recovery_trigger,0.15,0.08205469031455093,0.4237542162889504,0.5993077889378706,0.1369157748808391,0.5628665010382952,0.2798800118163989,37,16,94.46666666666667,248,-0.12156424004488042,-0.0171991888269305,-0.1414823045048504,SMA,150,0.02,3.0,0.0
5,SMA_N150_th2_bL3_sL0,15,05_SMA_N150_th2_bL3_sL0_sl25_next,sl25_next,0.25,next_signal,,0.1250544662382609,0.5512625596959158,0.6000972241668454,0.20839034276801105,0.7432251587541144,0.292337859053807,34,10,136.0,381,-0.07856446412117046,-0.01798862405590529,-0.22896641957821187,SMA,150,0.02,3.0,0.0
5,SMA_N150_th2_bL3_sL0,16,05_SMA_N150_th2_bL3_sL0_sl25_cool21,sl25_cool21,0.25,time_cooldown,21.0,0.18197111748687833,0.667384124917483,0.4778711318299912,0.38079537633927824,0.9076944537290464,0.33631900569087875,42,12,21.0,21,-0.02164781287255302,0.10423746828094893,4.8151500982859226,SMA,150,0.02,3.0,0.0
5,SMA_N150_th2_bL3_sL0,17,05_SMA_N150_th2_bL3_sL0_sl25_cool63,sl25_cool63,0.25,time_cooldown,63.0,0.14500997841416408,0.5882828220964395,0.475470778898245,0.30498189341977944,0.7934332383342365,0.3164436425949093,38,12,63.0,63,-0.058608951945267274,0.1066378212126951,1.8194800908960156,SMA,150,0.02,3.0,0.0
5,SMA_N150_th2_bL3_sL0,18,05_SMA_N150_th2_bL3_sL0_sl25_cool126,sl25_cool126,0.25,time_cooldown,126.0,0.05935372040085962,0.34646518506082985,0.6388318312703335,0.09290977295673139,0.4611846298879016,0.28585650199901785,40,11,126.0,126,-0.14426520995857173,-0.05672323115939337,-0.3931871805800057,SMA,150,0.02,3.0,0.0
5,SMA_N150_th2_bL3_sL0,19,05_SMA_N150_th2_bL3_sL0_sl25_rec5,sl25_rec5,0.25,recovery_trigger,0.05,0.19599092586730182,0.6997498872450927,0.5062902537843621,0.3871117889438531,0.9545022059510764,0.33881445436761487,40,12,18.75,64,-0.007628004492129525,0.07581834632657802,9.939473214102902,SMA,150,0.02,3.0,0.0
5,SMA_N150_th2_bL3_sL0,20,05_SMA_N150_th2_bL3_sL0_sl25_rec10,sl25_rec10,0.25,recovery_trigger,0.1,0.15478165084148476,0.6100803019171787,0.5729404765499552,0.2701531087025394,0.8255337748926629,0.32195677767053577,38,12,50.833333333333336,110,-0.048837279517946586,0.009168123560984953,0.18772797443837708,SMA,150,0.02,3.0,0.0
5,SMA_N150_th2_bL3_sL0,21,05_SMA_N150_th2_bL3_sL0_sl25_rec15,sl25_rec15,0.25,recovery_trigger,0.15,0.10881390629458254,0.4924833089697476,0.5460077066012388,0.1992900557611574,0.6599040574133566,0.3063192509899437,36,11,90.81818181818181,245,-0.09480502406484881,0.03610089350970136,0.3807909323983455,SMA,150,0.02,3.0,0.0
5,SMA_N150_th2_bL3_sL0,22,05_SMA_N150_th2_bL3_sL0_sl30_next,sl30_next,0.3,next_signal,,0.11739155065504714,0.526913500065679,0.5236086661640796,0.22419711177633747,0.7167014314770624,0.29326158278467057,34,7,194.14285714285714,589,-0.08622737970438421,0.05849993394686048,0.6784380338057062,SMA,150,0.02,3.0,0.0
5,SMA_N150_th2_bL3_sL0,23,05_SMA_N150_th2_bL3_sL0_sl30_cool21,sl30_cool21,0.3,time_cooldown,21.0,0.18585597337067172,0.6729873860199442,0.6039964407787861,0.3077103784436729,0.9169228693493976,0.3405049146346495,40,8,21.0,21,-0.017762956988759626,-0.021887840667845992,-1.2322183002355174,SMA,150,0.02,3.0,0.0
5,SMA_N150_th2_bL3_sL0,24,05_SMA_N150_th2_bL3_sL0_sl30_cool63,sl30_cool63,0.3,time_cooldown,63.0,0.1654453262568325,0.6295708525441458,0.556544923537435,0.2972721864126466,0.8540692728340552,0.3316832476887042,38,8,63.0,63,-0.038173604102598846,0.025563676573505112,0.6696689289488583,SMA,150,0.02,3.0,0.0
5,SMA_N150_th2_bL3_sL0,25,05_SMA_N150_th2_bL3_sL0_sl30_cool126,sl30_cool126,0.3,time_cooldown,126.0,0.1565308960744336,0.6164450363841354,0.5284182630625198,0.2962253711051498,0.8437756867621412,0.3196025737950995,32,6,126.0,126,-0.04708803428499775,0.0536903370484203,1.1402119001923605,SMA,150,0.02,3.0,0.0
5,SMA_N150_th2_bL3_sL0,26,05_SMA_N150_th2_bL3_sL0_sl30_rec5,sl30_rec5,0.3,recovery_trigger,0.05,0.17966279176136424,0.6573233715920194,0.6144149759122594,0.29241278094598516,0.8945785240067807,0.34081916728241174,40,8,21.25,39,-0.02395613859806711,-0.03230637580131923,-1.3485635704213974,SMA,150,0.02,3.0,0.0
5,SMA_N150_th2_bL3_sL0,27,05_SMA_N150_th2_bL3_sL0_sl30_rec10,sl30_rec10,0.3,recovery_trigger,0.1,0.16238279392506172,0.6233469938397892,0.5775372548864411,0.2811641890651546,0.8440956498115882,0.3297598004163745,38,8,60.25,94,-0.04123613643436963,0.004571345224498979,0.11085774807672912,SMA,150,0.02,3.0,0.0
5,SMA_N150_th2_bL3_sL0,28,05_SMA_N150_th2_bL3_sL0_sl30_rec15,sl30_rec15,0.3,recovery_trigger,0.15,0.12215573144366165,0.5238296846062274,0.616032691941531,0.1982942350976005,0.7049969413204211,0.31758254967052235,38,8,97.0,176,-0.0814631989157697,-0.03392409183059086,-0.4164345653264522,SMA,150,0.02,3.0,0.0
5,SMA_N150_th2_bL3_sL0,29,05_SMA_N150_th2_bL3_sL0_sl35_next,sl35_next,0.35,next_signal,,0.10984622670362332,0.4957912565383881,0.6591462855679948,0.1666492387330491,0.6697870613148843,0.305630037928641,34,3,248.66666666666666,453,-0.09377270365580803,-0.0770376854570547,-0.8215363581690138,SMA,150,0.02,3.0,0.0
5,SMA_N150_th2_bL3_sL0,30,05_SMA_N150_th2_bL3_sL0_sl35_cool21,sl35_cool21,0.35,time_cooldown,21.0,0.19350385442853235,0.6928741535848577,0.5080821235583337,0.3808515306016585,0.9469240602801441,0.33945387150213885,38,4,21.0,21,-0.010115075930898998,0.07402647655260641,7.318430139162303,SMA,150,0.02,3.0,0.0
5,SMA_N150_th2_bL3_sL0,31,05_SMA_N150_th2_bL3_sL0_sl35_cool63,sl35_cool63,0.35,time_cooldown,63.0,0.1563357001547645,0.6048213093727576,0.6301559585620053,0.24809048939490677,0.8243836334727506,0.33280292533002054,38,4,63.0,63,-0.04728323020466685,-0.048047358451065225,-1.0161606608324099,SMA,150,0.02,3.0,0.0
5,SMA_N150_th2_bL3_sL0,32,05_SMA_N150_th2_bL3_sL0_sl35_cool126,sl35_cool126,0.35,time_cooldown,126.0,0.15088588249784007,0.6060673444598368,0.5893990224178168,0.2559995465870983,0.8229431100593384,0.31450047170843315,34,4,126.0,126,-0.052733047861591276,-0.007290422306876709,-0.13825148749247193,SMA,150,0.02,3.0,0.0
5,SMA_N150_th2_bL3_sL0,33,05_SMA_N150_th2_bL3_sL0_sl35_rec5,sl35_rec5,0.35,recovery_trigger,0.05,0.19841088712222343,0.7040238601553298,0.5080821235583334,0.3905094824684256,0.9629578637417104,0.3403301832890357,38,4,15.25,17,-0.0052080432372079155,0.07402647655260675,14.21387518900344,SMA,150,0.02,3.0,0.0
5,SMA_N150_th2_bL3_sL0,34,05_SMA_N150_th2_bL3_sL0_sl35_rec10,sl35_rec10,0.35,recovery_trigger,0.1,0.16967321073252672,0.6358753975680937,0.5615347040969958,0.30215979438951734,0.8659649587844965,0.3366888765898917,38,4,45.5,60,-0.033945719626904625,0.020573896013944326,0.6060821876828887,SMA,150,0.02,3.0,0.0
5,SMA_N150_th2_bL3_sL0,35,05_SMA_N150_th2_bL3_sL0_sl35_rec15,sl35_rec15,0.35,recovery_trigger,0.15,0.1421193470007538,0.5688892458260095,0.6759646891732477,0.21024670264148818,0.7713058038609966,0.33120313966968695,36,4,77.75,115,-0.061499583358677556,-0.09385608906230758,-1.5261256082812882,SMA,150,0.02,3.0,0.0
5,SMA_N150_th2_bL3_sL0,36,05_SMA_N150_th2_bL3_sL0_sl40_next,sl40_next,0.4,next_signal,,0.21192197028106774,0.7325628874546507,0.5539506795943205,0.38256469048159014,1.0037074568972615,0.34419689273919357,34,2,36.0,65,0.00830303992163639,0.028157920516619583,3.3912784693765663,SMA,150,0.02,3.0,0.0
5,SMA_N150_th2_bL3_sL0,37,05_SMA_N150_th2_bL3_sL0_sl40_cool21,sl40_cool21,0.4,time_cooldown,21.0,0.20590915163118173,0.7186702914510341,0.5539506795943206,0.3717102608881659,0.9839280785704999,0.3436802507217559,34,2,21.0,21,0.002290221271750381,0.028157920516619472,12.29484716780174,SMA,150,0.02,3.0,0.0
5,SMA_N150_th2_bL3_sL0,38,05_SMA_N150_th2_bL3_sL0_sl40_cool63,sl40_cool63,0.4,time_cooldown,63.0,0.18797079137366568,0.6762837904905478,0.5819162682045594,0.3230203409738475,0.9239884800796827,0.3424046183891148,34,2,63.0,63,-0.01564813898576567,0.00019233190638068276,0.012291040267193274,SMA,150,0.02,3.0,0.0
5,SMA_N150_th2_bL3_sL0,39,05_SMA_N150_th2_bL3_sL0_sl40_cool126,sl40_cool126,0.4,time_cooldown,126.0,0.21972832490949834,0.7633769172622769,0.4779512558640788,0.45972956910063095,1.0446674942662297,0.3343166133028119,30,2,126.0,126,0.01610939455006699,0.10415734424686135,6.465627489794656,SMA,150,0.02,3.0,0.0
5,SMA_N150_th2_bL3_sL0,40,05_SMA_N150_th2_bL3_sL0_sl40_rec5,sl40_rec5,0.4,recovery_trigger,0.05,0.21024472406472916,0.7285857967660498,0.5539506795943206,0.3795369006834678,0.9981313537425283,0.3441531151583435,34,2,11.0,14,0.006625793705297811,0.028157920516619472,4.249743014803666,SMA,150,0.02,3.0,0.0
5,SMA_N150_th2_bL3_sL0,41,05_SMA_N150_th2_bL3_sL0_sl40_rec10,sl40_rec10,0.4,recovery_trigger,0.1,0.20027448426546934,0.7052051283997849,0.5539506795943209,0.36153847561327657,0.9650447218977679,0.3435193213810423,34,2,42.5,57,-0.0033444460939620058,0.02815792051661925,8.41930762988077,SMA,150,0.02,3.0,0.0
5,SMA_N150_th2_bL3_sL0,42,05_SMA_N150_th2_bL3_sL0_sl40_rec15,sl40_rec15,0.4,recovery_trigger,0.15,0.19281571073023018,0.6917511904470413,0.5768183016550611,0.33427460636561857,0.9444114714552123,0.3389251050257721,32,2,86.5,112,-0.010803219629201166,0.005290298455879028,0.4896964643372907,SMA,150,0.02,3.0,0.0
6,SMA_N150_th2_bL1_sL0,0,06_SMA_N150_th2_bL1_sL0_baseline,baseline,,—,,0.08995470677249129,0.8012461137610508,0.240649700924096,0.3737993707329151,1.0994092757356906,0.11590839028869582,34,0,,0,0.0,0.0,0.0,SMA,150,0.02,1.0,0.0
6,SMA_N150_th2_bL1_sL0,1,06_SMA_N150_th2_bL1_sL0_sl15_next,sl15_next,0.15,next_signal,,0.09229683437474434,0.8223841961936887,0.225586720971637,0.4091412560863847,1.1309495096880862,0.1154780281688972,34,2,36.0,65,0.0023421276022530524,0.015062979952458977,6.431323356579235,SMA,150,0.02,1.0,0.0
6,SMA_N150_th2_bL1_sL0,2,06_SMA_N150_th2_bL1_sL0_sl15_cool21,sl15_cool21,0.15,time_cooldown,21.0,0.09046895457101489,0.8090372886225723,0.22558672097163707,0.4010384750545202,1.111817583620124,0.11528526048828927,34,2,21.0,21,0.0005142477985236038,0.015062979952458921,15.062979952458921,SMA,150,0.02,1.0,0.0
6,SMA_N150_th2_bL1_sL0,3,06_SMA_N150_th2_bL1_sL0_sl15_cool63,sl15_cool63,0.15,time_cooldown,63.0,0.0847514011509336,0.7658268296593476,0.24680223182192393,0.3433980338236349,1.050306721532916,0.1148612621442663,34,2,63.0,63,-0.005203305621557686,-0.00615253089782794,-1.1824273539377628,SMA,150,0.02,1.0,0.0
6,SMA_N150_th2_bL1_sL0,4,06_SMA_N150_th2_bL1_sL0_sl15_cool126,sl15_cool126,0.15,time_cooldown,126.0,0.09344178991755281,0.8526887152790587,0.19257116311693495,0.48523251563273867,1.171300894747421,0.11215950519549203,30,2,126.0,126,0.0034870831450615203,0.04807853780716104,13.787608670946335,SMA,150,0.02,1.0,0.0
6,SMA_N150_th2_bL1_sL0,5,06_SMA_N150_th2_bL1_sL0_sl15_rec5,sl15_rec5,0.15,recovery_trigger,0.05,0.09171750208574614,0.8179044616467277,0.2255867209716373,0.40657314265088174,1.124604929333969,0.11545913626183509,34,2,11.0,14,0.0017627953132548502,0.0150629799524587,8.544939868626154,SMA,150,0.02,1.0,0.0
6,SMA_N150_th2_bL1_sL0,6,06_SMA_N150_th2_bL1_sL0_sl15_rec10,sl15_rec10,0.15,recovery_trigger,0.1,0.0886205067492356,0.7946793350418291,0.22558672097163707,0.39284451836319667,1.0915449255873926,0.11522424850923743,34,2,42.5,57,-0.0013342000232556828,0.015062979952458921,11.289896334810878,SMA,150,0.02,1.0,0.0
6,SMA_N150_th2_bL1_sL0,7,06_SMA_N150_th2_bL1_sL0_sl15_rec15,sl15_rec15,0.15,recovery_trigger,0.15,0.08579618530715205,0.7810226641094474,0.24325296345820774,0.3527035563613692,1.0702131500830876,0.1136877367804598,32,2,86.5,112,-0.004158521465339238,-0.00260326253411175,-0.6260067564420724,SMA,150,0.02,1.0,0.0
6,SMA_N150_th2_bL1_sL0,8,06_SMA_N150_th2_bL1_sL0_sl20_next,sl20_next,0.2,next_signal,,0.09127665574161714,0.8119810055617143,0.2250490354875551,0.40558563401025827,1.1144591822649903,0.11586244001696368,34,1,17.0,17,0.0013219489691258524,0.0156006654365409,11.801261471429525,SMA,150,0.02,1.0,0.0
6,SMA_N150_th2_bL1_sL0,9,06_SMA_N150_th2_bL1_sL0_sl20_cool21,sl20_cool21,0.2,time_cooldown,21.0,0.09194298912275922,0.8176990178512997,0.21707168641868185,0.42356048658240086,1.122774936250377,0.11578823095300235,34,1,21.0,21,0.0019882823502679337,0.023578014505414135,11.858484033837975,SMA,150,0.02,1.0,0.0
6,SMA_N150_th2_bL1_sL0,10,06_SMA_N150_th2_bL1_sL0_sl20_cool63,sl20_cool63,0.2,time_cooldown,63.0,0.09131931438017915,0.8202759362481705,0.2079102010170229,0.4392247899981698,1.125017545630095,0.114554699074683,34,1,63.0,63,0.0013646076076878622,0.03273949990707309,23.99187848772558,SMA,150,0.02,1.0,0.0
6,SMA_N150_th2_bL1_sL0,11,06_SMA_N150_th2_bL1_sL0_sl20_cool126,sl20_cool126,0.2,time_cooldown,126.0,0.08429269705143483,0.7698400694285336,0.2406286590675238,0.35030198554936515,1.0517248266138894,0.1135145125298041,34,1,126.0,126,-0.00566200972105646,2.104185657220148e-05,0.0037163229328181606,SMA,150,0.02,1.0,0.0
6,SMA_N150_th2_bL1_sL0,12,06_SMA_N150_th2_bL1_sL0_sl20_rec5,sl20_rec5,0.2,recovery_trigger,0.05,0.09127665574161714,0.8119810055617143,0.2250490354875551,0.40558563401025827,1.1144591822649903,0.11586244001696368,34,1,17.0,17,0.0013219489691258524,0.0156006654365409,11.801261471429525,SMA,150,0.02,1.0,0.0
6,SMA_N150_th2_bL1_sL0,13,06_SMA_N150_th2_bL1_sL0_sl20_rec10,sl20_rec10,0.2,recovery_trigger,0.1,0.08787649878698689,0.7874526951218582,0.2645793812469108,0.33213661008972867,1.0790167049539945,0.1154472395277492,34,1,32.0,32,-0.002078207985504399,-0.02392968032281484,-11.514574330252561,SMA,150,0.02,1.0,0.0
6,SMA_N150_th2_bL1_sL0,14,06_SMA_N150_th2_bL1_sL0_sl20_rec15,sl20_rec15,0.2,recovery_trigger,0.15,0.08503503480639174,0.7755192240984864,0.23185883586247974,0.3667534795043471,1.0598684028100422,0.11357458587263242,34,1,121.0,121,-0.004919671966099548,0.008790865061616249,1.786880329052892,SMA,150,0.02,1.0,0.0
6,SMA_N150_th2_bL1_sL0,15,06_SMA_N150_th2_bL1_sL0_sl25_next,sl25_next,0.25,next_signal,,0.08995470677249129,0.8012461137610508,0.240649700924096,0.3737993707329151,1.0994092757356906,0.11590839028869582,34,0,,0,0.0,0.0,0.0,SMA,150,0.02,1.0,0.0
6,SMA_N150_th2_bL1_sL0,16,06_SMA_N150_th2_bL1_sL0_sl25_cool21,sl25_cool21,0.25,time_cooldown,21.0,0.08995470677249129,0.8012461137610508,0.240649700924096,0.3737993707329151,1.0994092757356906,0.11590839028869582,34,0,,0,0.0,0.0,0.0,SMA,150,0.02,1.0,0.0
6,SMA_N150_th2_bL1_sL0,17,06_SMA_N150_th2_bL1_sL0_sl25_cool63,sl25_cool63,0.25,time_cooldown,63.0,0.08995470677249129,0.8012461137610508,0.240649700924096,0.3737993707329151,1.0994092757356906,0.11590839028869582,34,0,,0,0.0,0.0,0.0,SMA,150,0.02,1.0,0.0
6,SMA_N150_th2_bL1_sL0,18,06_SMA_N150_th2_bL1_sL0_sl25_cool126,sl25_cool126,0.25,time_cooldown,126.0,0.08995470677249129,0.8012461137610508,0.240649700924096,0.3737993707329151,1.0994092757356906,0.11590839028869582,34,0,,0,0.0,0.0,0.0,SMA,150,0.02,1.0,0.0
6,SMA_N150_th2_bL1_sL0,19,06_SMA_N150_th2_bL1_sL0_sl25_rec5,sl25_rec5,0.25,recovery_trigger,0.05,0.08995470677249129,0.8012461137610508,0.240649700924096,0.3737993707329151,1.0994092757356906,0.11590839028869582,34,0,,0,0.0,0.0,0.0,SMA,150,0.02,1.0,0.0
6,SMA_N150_th2_bL1_sL0,20,06_SMA_N150_th2_bL1_sL0_sl25_rec10,sl25_rec10,0.25,recovery_trigger,0.1,0.08995470677249129,0.8012461137610508,0.240649700924096,0.3737993707329151,1.0994092757356906,0.11590839028869582,34,0,,0,0.0,0.0,0.0,SMA,150,0.02,1.0,0.0
6,SMA_N150_th2_bL1_sL0,21,06_SMA_N150_th2_bL1_sL0_sl25_rec15,sl25_rec15,0.25,recovery_trigger,0.15,0.08995470677249129,0.8012461137610508,0.240649700924096,0.3737993707329151,1.0994092757356906,0.11590839028869582,34,0,,0,0.0,0.0,0.0,SMA,150,0.02,1.0,0.0
6,SMA_N150_th2_bL1_sL0,22,06_SMA_N150_th2_bL1_sL0_sl30_next,sl30_next,0.3,next_signal,,0.08995470677249129,0.8012461137610508,0.240649700924096,0.3737993707329151,1.0994092757356906,0.11590839028869582,34,0,,0,0.0,0.0,0.0,SMA,150,0.02,1.0,0.0
6,SMA_N150_th2_bL1_sL0,23,06_SMA_N150_th2_bL1_sL0_sl30_cool21,sl30_cool21,0.3,time_cooldown,21.0,0.08995470677249129,0.8012461137610508,0.240649700924096,0.3737993707329151,1.0994092757356906,0.11590839028869582,34,0,,0,0.0,0.0,0.0,SMA,150,0.02,1.0,0.0
6,SMA_N150_th2_bL1_sL0,24,06_SMA_N150_th2_bL1_sL0_sl30_cool63,sl30_cool63,0.3,time_cooldown,63.0,0.08995470677249129,0.8012461137610508,0.240649700924096,0.3737993707329151,1.0994092757356906,0.11590839028869582,34,0,,0,0.0,0.0,0.0,SMA,150,0.02,1.0,0.0
6,SMA_N150_th2_bL1_sL0,25,06_SMA_N150_th2_bL1_sL0_sl30_cool126,sl30_cool126,0.3,time_cooldown,126.0,0.08995470677249129,0.8012461137610508,0.240649700924096,0.3737993707329151,1.0994092757356906,0.11590839028869582,34,0,,0,0.0,0.0,0.0,SMA,150,0.02,1.0,0.0
6,SMA_N150_th2_bL1_sL0,26,06_SMA_N150_th2_bL1_sL0_sl30_rec5,sl30_rec5,0.3,recovery_trigger,0.05,0.08995470677249129,0.8012461137610508,0.240649700924096,0.3737993707329151,1.0994092757356906,0.11590839028869582,34,0,,0,0.0,0.0,0.0,SMA,150,0.02,1.0,0.0
6,SMA_N150_th2_bL1_sL0,27,06_SMA_N150_th2_bL1_sL0_sl30_rec10,sl30_rec10,0.3,recovery_trigger,0.1,0.08995470677249129,0.8012461137610508,0.240649700924096,0.3737993707329151,1.0994092757356906,0.11590839028869582,34,0,,0,0.0,0.0,0.0,SMA,150,0.02,1.0,0.0
6,SMA_N150_th2_bL1_sL0,28,06_SMA_N150_th2_bL1_sL0_sl30_rec15,sl30_rec15,0.3,recovery_trigger,0.15,0.08995470677249129,0.8012461137610508,0.240649700924096,0.3737993707329151,1.0994092757356906,0.11590839028869582,34,0,,0,0.0,0.0,0.0,SMA,150,0.02,1.0,0.0
6,SMA_N150_th2_bL1_sL0,29,06_SMA_N150_th2_bL1_sL0_sl35_next,sl35_next,0.35,next_signal,,0.08995470677249129,0.8012461137610508,0.240649700924096,0.3737993707329151,1.0994092757356906,0.11590839028869582,34,0,,0,0.0,0.0,0.0,SMA,150,0.02,1.0,0.0
6,SMA_N150_th2_bL1_sL0,30,06_SMA_N150_th2_bL1_sL0_sl35_cool21,sl35_cool21,0.35,time_cooldown,21.0,0.08995470677249129,0.8012461137610508,0.240649700924096,0.3737993707329151,1.0994092757356906,0.11590839028869582,34,0,,0,0.0,0.0,0.0,SMA,150,0.02,1.0,0.0
6,SMA_N150_th2_bL1_sL0,31,06_SMA_N150_th2_bL1_sL0_sl35_cool63,sl35_cool63,0.35,time_cooldown,63.0,0.08995470677249129,0.8012461137610508,0.240649700924096,0.3737993707329151,1.0994092757356906,0.11590839028869582,34,0,,0,0.0,0.0,0.0,SMA,150,0.02,1.0,0.0
6,SMA_N150_th2_bL1_sL0,32,06_SMA_N150_th2_bL1_sL0_sl35_cool126,sl35_cool126,0.35,time_cooldown,126.0,0.08995470677249129,0.8012461137610508,0.240649700924096,0.3737993707329151,1.0994092757356906,0.11590839028869582,34,0,,0,0.0,0.0,0.0,SMA,150,0.02,1.0,0.0
6,SMA_N150_th2_bL1_sL0,33,06_SMA_N150_th2_bL1_sL0_sl35_rec5,sl35_rec5,0.35,recovery_trigger,0.05,0.08995470677249129,0.8012461137610508,0.240649700924096,0.3737993707329151,1.0994092757356906,0.11590839028869582,34,0,,0,0.0,0.0,0.0,SMA,150,0.02,1.0,0.0
6,SMA_N150_th2_bL1_sL0,34,06_SMA_N150_th2_bL1_sL0_sl35_rec10,sl35_rec10,0.35,recovery_trigger,0.1,0.08995470677249129,0.8012461137610508,0.240649700924096,0.3737993707329151,1.0994092757356906,0.11590839028869582,34,0,,0,0.0,0.0,0.0,SMA,150,0.02,1.0,0.0
6,SMA_N150_th2_bL1_sL0,35,06_SMA_N150_th2_bL1_sL0_sl35_rec15,sl35_rec15,0.35,recovery_trigger,0.15,0.08995470677249129,0.8012461137610508,0.240649700924096,0.3737993707329151,1.0994092757356906,0.11590839028869582,34,0,,0,0.0,0.0,0.0,SMA,150,0.02,1.0,0.0
6,SMA_N150_th2_bL1_sL0,36,06_SMA_N150_th2_bL1_sL0_sl40_next,sl40_next,0.4,next_signal,,0.08995470677249129,0.8012461137610508,0.240649700924096,0.3737993707329151,1.0994092757356906,0.11590839028869582,34,0,,0,0.0,0.0,0.0,SMA,150,0.02,1.0,0.0
6,SMA_N150_th2_bL1_sL0,37,06_SMA_N150_th2_bL1_sL0_sl40_cool21,sl40_cool21,0.4,time_cooldown,21.0,0.08995470677249129,0.8012461137610508,0.240649700924096,0.3737993707329151,1.0994092757356906,0.11590839028869582,34,0,,0,0.0,0.0,0.0,SMA,150,0.02,1.0,0.0
6,SMA_N150_th2_bL1_sL0,38,06_SMA_N150_th2_bL1_sL0_sl40_cool63,sl40_cool63,0.4,time_cooldown,63.0,0.08995470677249129,0.8012461137610508,0.240649700924096,0.3737993707329151,1.0994092757356906,0.11590839028869582,34,0,,0,0.0,0.0,0.0,SMA,150,0.02,1.0,0.0
6,SMA_N150_th2_bL1_sL0,39,06_SMA_N150_th2_bL1_sL0_sl40_cool126,sl40_cool126,0.4,time_cooldown,126.0,0.08995470677249129,0.8012461137610508,0.240649700924096,0.3737993707329151,1.0994092757356906,0.11590839028869582,34,0,,0,0.0,0.0,0.0,SMA,150,0.02,1.0,0.0
6,SMA_N150_th2_bL1_sL0,40,06_SMA_N150_th2_bL1_sL0_sl40_rec5,sl40_rec5,0.4,recovery_trigger,0.05,0.08995470677249129,0.8012461137610508,0.240649700924096,0.3737993707329151,1.0994092757356906,0.11590839028869582,34,0,,0,0.0,0.0,0.0,SMA,150,0.02,1.0,0.0
6,SMA_N150_th2_bL1_sL0,41,06_SMA_N150_th2_bL1_sL0_sl40_rec10,sl40_rec10,0.4,recovery_trigger,0.1,0.08995470677249129,0.8012461137610508,0.240649700924096,0.3737993707329151,1.0994092757356906,0.11590839028869582,34,0,,0,0.0,0.0,0.0,SMA,150,0.02,1.0,0.0
6,SMA_N150_th2_bL1_sL0,42,06_SMA_N150_th2_bL1_sL0_sl40_rec15,sl40_rec15,0.4,recovery_trigger,0.15,0.08995470677249129,0.8012461137610508,0.240649700924096,0.3737993707329151,1.0994092757356906,0.11590839028869582,34,0,,0,0.0,0.0,0.0,SMA,150,0.02,1.0,0.0
7,SMA_N200_th2_bL2_sL0,0,07_SMA_N200_th2_bL2_sL0_baseline,baseline,,—,,0.13727136160105746,0.664267450798049,0.421299260232459,0.3258286319451775,0.8986153618529257,0.23600377543904996,26,0,,0,0.0,0.0,0.0,SMA,200,0.02,2.0,0.0
7,SMA_N200_th2_bL2_sL0,1,07_SMA_N200_th2_bL2_sL0_sl15_next,sl15_next,0.15,next_signal,,0.05002196471216758,0.3808668343238883,0.3907923233317412,0.12800140055387996,0.4992812747864357,0.16398121398329804,26,11,204.36363636363637,867,-0.08724939688888989,0.030506936900717818,0.3496521235506958,SMA,200,0.02,2.0,0.0
7,SMA_N200_th2_bL2_sL0,2,07_SMA_N200_th2_bL2_sL0_sl15_cool21,sl15_cool21,0.15,time_cooldown,21.0,0.1493803318856668,0.7558625837244105,0.3471301649709852,0.43032944687521674,1.037142794900975,0.21498262143771094,33,15,21.0,21,0.012108970284609333,0.0741690952614738,6.125136449937758,SMA,200,0.02,2.0,0.0
7,SMA_N200_th2_bL2_sL0,3,07_SMA_N200_th2_bL2_sL0_sl15_cool63,sl15_cool63,0.15,time_cooldown,63.0,0.127136456779396,0.7009754796789698,0.27923461199649136,0.4553033589582136,0.9547585611929099,0.1992751296765216,29,14,63.0,63,-0.010134904821661461,0.14206464823596765,14.01736382687394,SMA,200,0.02,2.0,0.0
7,SMA_N200_th2_bL2_sL0,4,07_SMA_N200_th2_bL2_sL0_sl15_cool126,sl15_cool126,0.15,time_cooldown,126.0,0.045333782774712006,0.34087640259532687,0.4877664298624569,0.09294158023030712,0.45457712318547394,0.17564702692876752,29,14,126.0,126,-0.09193757882634546,-0.06646716962999788,-0.7229597568100322,SMA,200,0.02,2.0,0.0
7,SMA_N200_th2_bL2_sL0,5,07_SMA_N200_th2_bL2_sL0_sl15_rec5,sl15_rec5,0.15,recovery_trigger,0.05,0.12378864808366741,0.6375706360400702,0.3751116625469855,0.33000479708668606,0.8580939329818069,0.2221726471515716,40,17,15.764705882352942,73,-0.013482713517390055,0.04618759768547348,3.4256900605282863,SMA,200,0.02,2.0,0.0
7,SMA_N200_th2_bL2_sL0,6,07_SMA_N200_th2_bL2_sL0_sl15_rec10,sl15_rec10,0.15,recovery_trigger,0.1,0.12498470239061565,0.6830166184940425,0.3845316406040287,0.32503099665423524,0.9291743562527145,0.20274451968259471,32,15,49.86666666666667,113,-0.012286659210441808,0.03676761962843028,2.9924830662824395,SMA,200,0.02,2.0,0.0
7,SMA_N200_th2_bL2_sL0,7,07_SMA_N200_th2_bL2_sL0_sl15_rec15,sl15_rec15,0.15,recovery_trigger,0.15,0.10991360975270692,0.634793916079171,0.33081309424477634,0.33225289949187825,0.8607152060221966,0.19421288705695874,27,13,88.91666666666667,248,-0.027357751848350542,0.09048616598768267,3.307514685024759,SMA,200,0.02,2.0,0.0
7,SMA_N200_th2_bL2_sL0,8,07_SMA_N200_th2_bL2_sL0_sl20_next,sl20_next,0.2,next_signal,,0.15431539993062082,0.7329593002559749,0.418974611706284,0.3683168278435004,0.9953465415760677,0.23331750165973328,26,8,72.875,203,0.01704403832956336,0.0023246485261750327,0.13639071217898313,SMA,200,0.02,2.0,0.0
7,SMA_N200_th2_bL2_sL0,9,07_SMA_N200_th2_bL2_sL0_sl20_cool21,sl20_cool21,0.2,time_cooldown,21.0,0.16463349133782756,0.7841787950439354,0.27393199144912794,0.6010013305379184,1.0762330838511494,0.22765795626179033,24,7,21.0,21,0.027362129736770102,0.14736726878333106,5.385811345865166,SMA,200,0.02,2.0,0.0
7,SMA_N200_th2_bL2_sL0,10,07_SMA_N200_th2_bL2_sL0_sl20_cool63,sl20_cool63,0.2,time_cooldown,63.0,0.154714077352607,0.7483793962177273,0.2739319914491283,0.564790101857595,1.0255681102495338,0.226877493048507,24,7,63.0,63,0.017442715751549542,0.14736726878333073,8.448642452379538,SMA,200,0.02,2.0,0.0
7,SMA_N200_th2_bL2_sL0,11,07_SMA_N200_th2_bL2_sL0_sl20_cool126,sl20_cool126,0.2,time_cooldown,126.0,0.11704865090480543,0.6217737201316087,0.3376124349647355,0.34669531919649665,0.8497380040005739,0.2156860016266576,24,7,126.0,126,-0.020222710696252033,0.08368682526772353,4.138259530322688,SMA,200,0.02,2.0,0.0
7,SMA_N200_th2_bL2_sL0,12,07_SMA_N200_th2_bL2_sL0_sl20_rec5,sl20_rec5,0.2,recovery_trigger,0.05,0.15162063757644462,0.7257494809179276,0.4314452792664696,0.3514249543632173,0.9831394021904103,0.23200083893483717,26,8,16.5,44,0.014349275975387155,-0.010146019034010578,-0.707075329195265,SMA,200,0.02,2.0,0.0
7,SMA_N200_th2_bL2_sL0,13,07_SMA_N200_th2_bL2_sL0_sl20_rec10,sl20_rec10,0.2,recovery_trigger,0.1,0.16471504269390125,0.7844576981858313,0.27393199144912794,0.601299037116994,1.0766294975158754,0.2276697321481162,24,7,45.142857142857146,81,0.027443681092843786,0.14736726878333106,5.369806925127058,SMA,200,0.02,2.0,0.0
7,SMA_N200_th2_bL2_sL0,14,07_SMA_N200_th2_bL2_sL0_sl20_rec15,sl20_rec15,0.2,recovery_trigger,0.15,0.1523423609755863,0.7402669146200886,0.2757197158130316,0.5525261787187218,1.013022425313393,0.22646032373974065,24,7,63.42857142857143,100,0.015070999374528826,0.1455795444194274,9.659581345711437,SMA,200,0.02,2.0,0.0
7,SMA_N200_th2_bL2_sL0,15,07_SMA_N200_th2_bL2_sL0_sl25_next,sl25_next,0.25,next_signal,,0.10677863920417163,0.5951434835222784,0.36434440783541017,0.29307061370462445,0.8168992664245907,0.20654192600608276,26,4,293.25,597,-0.03049272239688583,0.05695485239704884,1.8678178896504676,SMA,200,0.02,2.0,0.0
7,SMA_N200_th2_bL2_sL0,16,07_SMA_N200_th2_bL2_sL0_sl25_cool21,sl25_cool21,0.25,time_cooldown,21.0,0.13872996553816463,0.6827784661647619,0.317533697800462,0.436898403221892,0.9307778677303672,0.2289634717196152,30,5,21.0,21,0.0014586039371071724,0.10376556243199703,71.1403279479649,SMA,200,0.02,2.0,0.0
7,SMA_N200_th2_bL2_sL0,17,07_SMA_N200_th2_bL2_sL0_sl25_cool63,sl25_cool63,0.25,time_cooldown,63.0,0.1285748947622416,0.6478496638617051,0.32224037815685785,0.3990030532413751,0.8814230589859448,0.22666980485653537,30,5,63.0,63,-0.008696466838815864,0.09905888207560115,11.390704283889306,SMA,200,0.02,2.0,0.0
7,SMA_N200_th2_bL2_sL0,18,07_SMA_N200_th2_bL2_sL0_sl25_cool126,sl25_cool126,0.25,time_cooldown,126.0,0.09826448390141884,0.5412030711985849,0.38538623924545384,0.25497662836589724,0.7363746947302413,0.2169818685337762,30,5,126.0,126,-0.03900687769963862,0.03591302098700516,0.9206843281213938,SMA,200,0.02,2.0,0.0
7,SMA_N200_th2_bL2_sL0,19,07_SMA_N200_th2_bL2_sL0_sl25_rec5,sl25_rec5,0.25,recovery_trigger,0.05,0.14289647908279313,0.697915390022485,0.3175336978004623,0.4500198878815975,0.9519790213597555,0.22936364976609602,30,5,13.4,32,0.005625117481735664,0.1037655624319967,18.446825825223335,SMA,200,0.02,2.0,0.0
7,SMA_N200_th2_bL2_sL0,20,07_SMA_N200_th2_bL2_sL0_sl25_rec10,sl25_rec10,0.25,recovery_trigger,0.1,0.1312891610430882,0.6595379511266919,0.31753369780046203,0.4134652855823517,0.8966501708541472,0.22610380822923837,30,5,55.4,101,-0.005982200557969275,0.10376556243199697,17.3457177549429,SMA,200,0.02,2.0,0.0
7,SMA_N200_th2_bL2_sL0,21,07_SMA_N200_th2_bL2_sL0_sl25_rec15,sl25_rec15,0.25,recovery_trigger,0.15,0.11931142698294228,0.6134141197810832,0.35808469492139194,0.3331933162045196,0.8327034986034425,0.22554098616099943,30,5,72.0,134,-0.01795993461811518,0.06321456531106706,3.519754757197505,SMA,200,0.02,2.0,0.0
7,SMA_N200_th2_bL2_sL0,22,07_SMA_N200_th2_bL2_sL0_sl30_next,sl30_next,0.3,next_signal,,0.12607172775988773,0.6488054088780237,0.47234670878065993,0.2669050623541673,0.8809374269038673,0.22103804142564995,26,2,212.0,247,-0.011199633841169732,-0.051047448548200924,-4.557956918247726,SMA,200,0.02,2.0,0.0
7,SMA_N200_th2_bL2_sL0,23,07_SMA_N200_th2_bL2_sL0_sl30_cool21,sl30_cool21,0.3,time_cooldown,21.0,0.13205347561027136,0.6479792856995078,0.45419067285560366,0.2907445782187029,0.8758831952173687,0.234169774118633,30,3,21.0,21,-0.0052178859907860975,-0.032891412623144656,-6.303589745200512,SMA,200,0.02,2.0,0.0
7,SMA_N200_th2_bL2_sL0,24,07_SMA_N200_th2_bL2_sL0_sl30_cool63,sl30_cool63,0.3,time_cooldown,63.0,0.11696517697494935,0.5956527943353126,0.5096599835550937,0.2294964893242507,0.8013151440468784,0.23096091646357647,30,3,63.0,63,-0.020306184626108115,-0.08836072332263467,-4.351419281839254,SMA,200,0.02,2.0,0.0
7,SMA_N200_th2_bL2_sL0,25,07_SMA_N200_th2_bL2_sL0_sl30_cool126,sl30_cool126,0.3,time_cooldown,126.0,0.10002522610000941,0.542193308468198,0.5249793018412564,0.1905317519170596,0.7322523220024834,0.22150462099068116,30,3,126.0,126,-0.03724613550104805,-0.1036800416087974,-2.7836456108548497,SMA,200,0.02,2.0,0.0
7,SMA_N200_th2_bL2_sL0,26,07_SMA_N200_th2_bL2_sL0_sl30_rec5,sl30_rec5,0.3,recovery_trigger,0.05,0.1290069964765983,0.6366940723102802,0.44826235629317174,0.2877935090142287,0.8601659055669666,0.234039217861951,30,3,15.666666666666666,27,-0.008264365124459161,-0.026963096060712732,-3.2625731867669945,SMA,200,0.02,2.0,0.0
7,SMA_N200_th2_bL2_sL0,27,07_SMA_N200_th2_bL2_sL0_sl30_rec10,sl30_rec10,0.3,recovery_trigger,0.1,0.11688867037994921,0.5955051457265047,0.48967046168632855,0.2387088450820735,0.8018613568625883,0.23085992251849188,30,3,56.333333333333336,86,-0.02038269122110825,-0.06837120145386955,-3.3543755685738175,SMA,200,0.02,2.0,0.0
7,SMA_N200_th2_bL2_sL0,28,07_SMA_N200_th2_bL2_sL0_sl30_rec15,sl30_rec15,0.3,recovery_trigger,0.15,0.10781921351134782,0.565642396395774,0.5253985971876491,0.20521412521556384,0.7616817959930332,0.22708569778660886,30,3,89.66666666666667,176,-0.02945214808970964,-0.10409933695519014,-3.5345244305477896,SMA,200,0.02,2.0,0.0
7,SMA_N200_th2_bL2_sL0,29,07_SMA_N200_th2_bL2_sL0_sl35_next,sl35_next,0.35,next_signal,,0.13085667966765246,0.6487882173400541,0.421299260232459,0.3106026808484071,0.8745658448725072,0.23117704086128432,26,2,109.5,164,-0.006414681933404998,0.0,0.0,SMA,200,0.02,2.0,0.0
7,SMA_N200_th2_bL2_sL0,30,07_SMA_N200_th2_bL2_sL0_sl35_cool21,sl35_cool21,0.35,time_cooldown,21.0,0.12891543254257076,0.634522805151229,0.421299260232459,0.30599491789147576,0.8567219642649913,0.23511250938384964,28,2,21.0,21,-0.0083559290584867,0.0,0.0,SMA,200,0.02,2.0,0.0
7,SMA_N200_th2_bL2_sL0,31,07_SMA_N200_th2_bL2_sL0_sl35_cool63,sl35_cool63,0.35,time_cooldown,63.0,0.11502103904345784,0.5846780857864068,0.4894214244789847,0.23501431136960116,0.7857531306756683,0.23322004337266916,28,2,63.0,63,-0.022250322557599622,-0.06812216424652567,-3.061625918913183,SMA,200,0.02,2.0,0.0
7,SMA_N200_th2_bL2_sL0,32,07_SMA_N200_th2_bL2_sL0_sl35_cool126,sl35_cool126,0.35,time_cooldown,126.0,0.10288670058812555,0.5461932053209722,0.4713632536376076,0.21827475899771062,0.7365572581068337,0.22686121984158145,28,2,126.0,126,-0.034384661012931916,-0.05006399340514861,-1.4559978760971286,SMA,200,0.02,2.0,0.0
7,SMA_N200_th2_bL2_sL0,33,07_SMA_N200_th2_bL2_sL0_sl35_rec5,sl35_rec5,0.35,recovery_trigger,0.05,0.13079221649399808,0.6413660100671295,0.421299260232459,0.31044967043576405,0.866306604399139,0.23524141762264597,28,2,7.5,14,-0.006479145107059381,0.0,0.0,SMA,200,0.02,2.0,0.0
7,SMA_N200_th2_bL2_sL0,34,07_SMA_N200_th2_bL2_sL0_sl35_rec10,sl35_rec10,0.35,recovery_trigger,0.1,0.12386853981766577,0.6176034230521541,0.421299260232459,0.29401556449284816,0.8319777226964856,0.2338027579557839,28,2,35.0,58,-0.013402821783391694,0.0,0.0,SMA,200,0.02,2.0,0.0
7,SMA_N200_th2_bL2_sL0,35,07_SMA_N200_th2_bL2_sL0_sl35_rec15,sl35_rec15,0.35,recovery_trigger,0.15,0.11957527289016556,0.6014772656699293,0.45567230334899456,0.2624150557568212,0.8097645323848855,0.23364536532732885,28,2,40.0,67,-0.0176960887108919,-0.03437304311653555,-1.9424090644041034,SMA,200,0.02,2.0,0.0
7,SMA_N200_th2_bL2_sL0,36,07_SMA_N200_th2_bL2_sL0_sl40_next,sl40_next,0.4,next_signal,,0.13727136160105746,0.664267450798049,0.421299260232459,0.3258286319451775,0.8986153618529257,0.23600377543904996,26,1,55.0,55,0.0,0.0,0.0,SMA,200,0.02,2.0,0.0
7,SMA_N200_th2_bL2_sL0,37,07_SMA_N200_th2_bL2_sL0_sl40_cool21,sl40_cool21,0.4,time_cooldown,21.0,0.13727136160105746,0.664267450798049,0.421299260232459,0.3258286319451775,0.8986153618529257,0.23600377543904996,26,1,21.0,21,0.0,0.0,0.0,SMA,200,0.02,2.0,0.0
7,SMA_N200_th2_bL2_sL0,38,07_SMA_N200_th2_bL2_sL0_sl40_cool63,sl40_cool63,0.4,time_cooldown,63.0,0.12881358785592312,0.633562849142729,0.4894214244789847,0.2631956457424235,0.8551322029196745,0.23545655939506624,26,1,63.0,63,-0.008457773745134345,-0.06812216424652567,-8.054384794310149,SMA,200,0.02,2.0,0.0
7,SMA_N200_th2_bL2_sL0,39,07_SMA_N200_th2_bL2_sL0_sl40_cool126,sl40_cool126,0.4,time_cooldown,126.0,0.12136402608275354,0.6132037972035851,0.4713632536376076,0.2574745170442589,0.8316903570071136,0.23053602614692328,26,1,126.0,126,-0.015907335518303922,-0.05006399340514861,-3.14722684685578,SMA,200,0.02,2.0,0.0
7,SMA_N200_th2_bL2_sL0,40,07_SMA_N200_th2_bL2_sL0_sl40_rec5,sl40_rec5,0.4,recovery_trigger,0.05,0.13727136160105746,0.664267450798049,0.421299260232459,0.3258286319451775,0.8986153618529257,0.23600377543904996,26,1,1.0,1,0.0,0.0,0.0,SMA,200,0.02,2.0,0.0
7,SMA_N200_th2_bL2_sL0,41,07_SMA_N200_th2_bL2_sL0_sl40_rec10,sl40_rec10,0.4,recovery_trigger,0.1,0.13727136160105746,0.664267450798049,0.421299260232459,0.3258286319451775,0.8986153618529257,0.23600377543904996,26,1,12.0,12,0.0,0.0,0.0,SMA,200,0.02,2.0,0.0
7,SMA_N200_th2_bL2_sL0,42,07_SMA_N200_th2_bL2_sL0_sl40_rec15,sl40_rec15,0.4,recovery_trigger,0.15,0.13727136160105746,0.664267450798049,0.421299260232459,0.3258286319451775,0.8986153618529257,0.23600377543904996,26,1,13.0,13,0.0,0.0,0.0,SMA,200,0.02,2.0,0.0
8,EMA_N100_th5_bL2_sL0,0,08_EMA_N100_th5_bL2_sL0_baseline,baseline,,—,,0.1449671931331873,0.6960916023289018,0.4970603831765777,0.2916490592284611,0.9477307676104262,0.23419417282812338,18,0,,0,0.0,0.0,0.0,EMA,100,0.05,2.0,0.0
8,EMA_N100_th5_bL2_sL0,1,08_EMA_N100_th5_bL2_sL0_sl15_next,sl15_next,0.15,next_signal,,0.01803041341066325,0.19974261388556064,0.41850051286665263,0.04308337231693741,0.2573201916591664,0.13716600466335238,18,9,322.44444444444446,1165,-0.12693677972252404,0.07855987030992506,0.6188897377233934,EMA,100,0.05,2.0,0.0
8,EMA_N100_th5_bL2_sL0,2,08_EMA_N100_th5_bL2_sL0_sl15_cool21,sl15_cool21,0.15,time_cooldown,21.0,0.11851518887153434,0.6308438710564597,0.42208212847069726,0.28078703379586983,0.853831942697613,0.21418941185541418,37,17,21.0,21,-0.02645200426165295,0.07497825470588043,2.8345018382813136,EMA,100,0.05,2.0,0.0
8,EMA_N100_th5_bL2_sL0,3,08_EMA_N100_th5_bL2_sL0_sl15_cool63,sl15_cool63,0.15,time_cooldown,63.0,0.06319677272398172,0.40811707198649827,0.4376931400485079,0.14438602514304397,0.5432887606712025,0.19917485284863823,35,17,63.0,63,-0.08177042040920557,0.05936724312806979,0.7260234548260477,EMA,100,0.05,2.0,0.0
8,EMA_N100_th5_bL2_sL0,4,08_EMA_N100_th5_bL2_sL0_sl15_cool126,sl15_cool126,0.15,time_cooldown,126.0,0.04391978464320467,0.33243981805384926,0.41578199517759895,0.10563176172273786,0.4444331159396292,0.17643782095317576,29,14,126.0,126,-0.10104740848998262,0.08127838799897874,0.8043589559947627,EMA,100,0.05,2.0,0.0
8,EMA_N100_th5_bL2_sL0,5,08_EMA_N100_th5_bL2_sL0_sl15_rec5,sl15_rec5,0.15,recovery_trigger,0.05,0.09024103234761105,0.5023291122082518,0.5668447970712267,0.15919883681365402,0.6731277532312749,0.22103282202892824,42,20,13.0,49,-0.05472616078557624,-0.06978441389464901,-1.2751563949108882,EMA,100,0.05,2.0,0.0
8,EMA_N100_th5_bL2_sL0,6,08_EMA_N100_th5_bL2_sL0_sl15_rec10,sl15_rec10,0.15,recovery_trigger,0.1,0.07434895190070878,0.4569109630627121,0.43234635292972473,0.17196618266095043,0.6089983031204396,0.20198068418940754,36,17,46.35294117647059,113,-0.0706182412324785,0.06471403024685296,0.9163925512363214,EMA,100,0.05,2.0,0.0
8,EMA_N100_th5_bL2_sL0,7,08_EMA_N100_th5_bL2_sL0_sl15_rec15,sl15_rec15,0.15,recovery_trigger,0.15,0.03966638607059969,0.2977191622252778,0.48104664593237956,0.08245850252986811,0.3934789664171192,0.19525392655524726,33,16,84.6,248,-0.1053008070625876,0.016013737244198134,0.15207611119903436,EMA,100,0.05,2.0,0.0
8,EMA_N100_th5_bL2_sL0,8,08_EMA_N100_th5_bL2_sL0_sl20_next,sl20_next,0.2,next_signal,,0.08038470733115188,0.4748052161926872,0.4787428881388482,0.1679078881853555,0.6441227063084315,0.20933038351512126,18,7,204.28571428571428,595,-0.0645824858020354,0.018317495037729503,0.2836294517042607,EMA,100,0.05,2.0,0.0
8,EMA_N100_th5_bL2_sL0,9,08_EMA_N100_th5_bL2_sL0_sl20_cool21,sl20_cool21,0.2,time_cooldown,21.0,0.11295014347541166,0.5777443735535167,0.4787428881388487,0.23593069740318104,0.7822089329091346,0.23230688919671225,26,9,21.0,21,-0.03201704965777563,0.018317495037729004,0.5721168950144172,EMA,100,0.05,2.0,0.0
8,EMA_N100_th5_bL2_sL0,10,08_EMA_N100_th5_bL2_sL0_sl20_cool63,sl20_cool63,0.2,time_cooldown,63.0,0.09514308386780179,0.5135537403516234,0.478742888138848,0.19873524228773043,0.693924131679426,0.22797927877286195,26,9,63.0,63,-0.0498241092653855,0.01831749503772967,0.36764320141003415,EMA,100,0.05,2.0,0.0
8,EMA_N100_th5_bL2_sL0,11,08_EMA_N100_th5_bL2_sL0_sl20_cool126,sl20_cool126,0.2,time_cooldown,126.0,0.07034953007420697,0.4317026227262556,0.4877860789639789,0.1442220947010708,0.580822751737832,0.20794367516779955,26,8,126.0,126,-0.07461766305898032,0.009274304212598783,0.12429100339510847,EMA,100,0.05,2.0,0.0
8,EMA_N100_th5_bL2_sL0,12,08_EMA_N100_th5_bL2_sL0_sl20_rec5,sl20_rec5,0.2,recovery_trigger,0.05,0.11967768230198783,0.6028477344180725,0.4787428881388481,0.24998320657512962,0.8173808181620893,0.23283386809725776,26,9,11.555555555555555,24,-0.025289510831199458,0.018317495037729614,0.7243119552605768,EMA,100,0.05,2.0,0.0
8,EMA_N100_th5_bL2_sL0,13,08_EMA_N100_th5_bL2_sL0_sl20_rec10,sl20_rec10,0.2,recovery_trigger,0.1,0.09845594379706757,0.5248184040481252,0.47874288813884786,0.2056551569461911,0.7088968303482169,0.2295241647020183,26,9,43.111111111111114,77,-0.04651124933611972,0.018317495037729836,0.3938293487959445,EMA,100,0.05,2.0,0.0
8,EMA_N100_th5_bL2_sL0,14,08_EMA_N100_th5_bL2_sL0_sl20_rec15,sl20_rec15,0.2,recovery_trigger,0.15,0.07691009791950609,0.44318969059637614,0.4787428881388482,0.16065011058127743,0.5980190877860608,0.22448981646192656,26,9,85.0,172,-0.0680570952136812,0.018317495037729503,0.269148940021866,EMA,100,0.05,2.0,0.0
8,EMA_N100_th5_bL2_sL0,15,08_EMA_N100_th5_bL2_sL0_sl25_next,sl25_next,0.25,next_signal,,0.009329653588213027,0.13816036711288152,0.4678714747599959,0.019940633467767747,0.17619698308789564,0.15120473183518326,18,3,772.3333333333334,1182,-0.13563753954497426,0.029188908416581782,0.21519786125951818,EMA,100,0.05,2.0,0.0
8,EMA_N100_th5_bL2_sL0,16,08_EMA_N100_th5_bL2_sL0_sl25_cool21,sl25_cool21,0.25,time_cooldown,21.0,0.15171216616055472,0.7386085173070207,0.39382209466752127,0.3852302047416501,1.0085569647038197,0.22612659600883414,24,3,21.0,21,0.006744973027367429,0.10323828850905642,15.305960170659192,EMA,100,0.05,2.0,0.0
8,EMA_N100_th5_bL2_sL0,17,08_EMA_N100_th5_bL2_sL0_sl25_cool63,sl25_cool63,0.25,time_cooldown,63.0,0.13849206025831395,0.6966201044525296,0.3698555565301885,0.37444904588586303,0.9501464890954832,0.22176640741480866,22,3,63.0,63,-0.006475132874873335,0.1272048266463892,19.645129930847567,EMA,100,0.05,2.0,0.0
8,EMA_N100_th5_bL2_sL0,18,08_EMA_N100_th5_bL2_sL0_sl25_cool126,sl25_cool126,0.25,time_cooldown,126.0,0.12412935924393742,0.6529996201246776,0.3819676493541304,0.3249734878171696,0.886547401586845,0.21479756423339477,22,3,126.0,126,-0.020837833889249868,0.11509273382244728,5.523258052355578,EMA,100,0.05,2.0,0.0
8,EMA_N100_th5_bL2_sL0,19,08_EMA_N100_th5_bL2_sL0_sl25_rec5,sl25_rec5,0.25,recovery_trigger,0.05,0.13735540683012215,0.6821667363641807,0.45234479143459816,0.30365201375371986,0.9264945356520409,0.2266300966175083,26,4,16.75,21,-0.007611786303065138,0.04471559174197953,5.874520114151565,EMA,100,0.05,2.0,0.0
8,EMA_N100_th5_bL2_sL0,20,08_EMA_N100_th5_bL2_sL0_sl25_rec10,sl25_rec10,0.25,recovery_trigger,0.1,0.14469776465592732,0.7163197303323039,0.36985555653018864,0.39122777014198157,0.9759121127683679,0.22395045074530034,22,3,46.0,58,-0.00026942847725996977,0.12720482664638905,127.20482664638904,EMA,100,0.05,2.0,0.0
8,EMA_N100_th5_bL2_sL0,21,08_EMA_N100_th5_bL2_sL0_sl25_rec15,sl25_rec15,0.25,recovery_trigger,0.15,0.13058403408550334,0.662184009281034,0.36985555653018864,0.3530676551424061,0.9000829200089497,0.2232992692063016,22,3,77.0,113,-0.014383159047683947,0.12720482664638905,8.84401168232039,EMA,100,0.05,2.0,0.0
8,EMA_N100_th5_bL2_sL0,22,08_EMA_N100_th5_bL2_sL0_sl30_next,sl30_next,0.3,next_signal,,0.08430607708475435,0.50402649144211,0.4207374871887438,0.20037690876576075,0.6724439552588573,0.20109517930474224,18,2,638.0,1167,-0.06066111604843294,0.07632289598783387,1.2581848300795568,EMA,100,0.05,2.0,0.0
8,EMA_N100_th5_bL2_sL0,23,08_EMA_N100_th5_bL2_sL0_sl30_cool21,sl30_cool21,0.3,time_cooldown,21.0,0.1489498808330849,0.720482826745099,0.4207374871887442,0.35402094029778125,0.9786830140903998,0.22961403701865035,20,2,21.0,21,0.003982687699897625,0.07632289598783348,19.163665780220573,EMA,100,0.05,2.0,0.0
8,EMA_N100_th5_bL2_sL0,24,08_EMA_N100_th5_bL2_sL0_sl30_cool63,sl30_cool63,0.3,time_cooldown,63.0,0.13616720367738888,0.673272437590588,0.4207374871887439,0.3236393424014151,0.912541900990857,0.2288246936569465,20,2,63.0,63,-0.008799989455798407,0.07632289598783382,8.67306675436342,EMA,100,0.05,2.0,0.0
8,EMA_N100_th5_bL2_sL0,25,08_EMA_N100_th5_bL2_sL0_sl30_cool126,sl30_cool126,0.3,time_cooldown,126.0,0.14769839489666592,0.7238102035452364,0.3692083952953688,0.4000407270763883,0.9817087752303854,0.22587440573438597,20,2,126.0,126,0.00273120176347863,0.12785198788120888,46.81162321686867,EMA,100,0.05,2.0,0.0
8,EMA_N100_th5_bL2_sL0,26,08_EMA_N100_th5_bL2_sL0_sl30_rec5,sl30_rec5,0.3,recovery_trigger,0.05,0.1372004614872162,0.670910822643893,0.5108842773665856,0.2685548715541462,0.9082735963579799,0.2321427557959179,22,2,8.0,10,-0.007766731645971081,-0.013823894190007902,-1.779885648190113,EMA,100,0.05,2.0,0.0
8,EMA_N100_th5_bL2_sL0,27,08_EMA_N100_th5_bL2_sL0_sl30_rec10,sl30_rec10,0.3,recovery_trigger,0.1,0.1453549530553433,0.7075002142513512,0.4207374871887445,0.34547659165473055,0.9603405895111489,0.22929288562263475,20,2,40.5,53,0.00038775992215600574,0.0763228959878332,76.3228959878332,EMA,100,0.05,2.0,0.0
8,EMA_N100_th5_bL2_sL0,28,08_EMA_N100_th5_bL2_sL0_sl30_rec15,sl30_rec15,0.3,recovery_trigger,0.15,0.13816507144216095,0.6806801156414242,0.42073748718874365,0.32838783243523967,0.9228162310795843,0.22896270265629018,20,2,79.0,108,-0.0068021216910263416,0.07632289598783404,11.220454360368555,EMA,100,0.05,2.0,0.0
8,EMA_N100_th5_bL2_sL0,29,08_EMA_N100_th5_bL2_sL0_sl35_next,sl35_next,0.35,next_signal,,0.07658703517250864,0.46785150174502455,0.4582770449179536,0.16711950995978905,0.6230991782117457,0.201587172041299,18,2,634.5,1165,-0.06838015796067864,0.03878333825862407,0.567172399351959,EMA,100,0.05,2.0,0.0
8,EMA_N100_th5_bL2_sL0,30,08_EMA_N100_th5_bL2_sL0_sl35_cool21,sl35_cool21,0.35,time_cooldown,21.0,0.1383756859841767,0.6794991934834705,0.45827704491795357,0.30194767012375767,0.9213989395174681,0.2299762688930972,20,2,21.0,21,-0.006591507149010578,0.03878333825862412,5.883834665103218,EMA,100,0.05,2.0,0.0
8,EMA_N100_th5_bL2_sL0,31,08_EMA_N100_th5_bL2_sL0_sl35_cool63,sl35_cool63,0.35,time_cooldown,63.0,0.12749211305722463,0.638993160152661,0.45827704491795346,0.2781987762010857,0.8648398499537227,0.22925996194857134,20,2,63.0,63,-0.017475080075962657,0.038783338258624234,2.219351103974141,EMA,100,0.05,2.0,0.0
8,EMA_N100_th5_bL2_sL0,32,08_EMA_N100_th5_bL2_sL0_sl35_cool126,sl35_cool126,0.35,time_cooldown,126.0,0.13917776792416392,0.6905172304377017,0.4022564107674303,0.34599266586861516,0.9349912685745632,0.22601921073274672,20,2,126.0,126,-0.005789425209023369,0.0948039724091474,16.375368708690875,EMA,100,0.05,2.0,0.0
8,EMA_N100_th5_bL2_sL0,33,08_EMA_N100_th5_bL2_sL0_sl35_rec5,sl35_rec5,0.35,recovery_trigger,0.05,0.12910487094285128,0.639373352863163,0.5425818022365297,0.23794544971961684,0.864394298450825,0.2325756150097921,22,2,4.5,5,-0.01586232219033601,-0.04552141905995205,-2.869782779200236,EMA,100,0.05,2.0,0.0
8,EMA_N100_th5_bL2_sL0,34,08_EMA_N100_th5_bL2_sL0_sl35_rec10,sl35_rec10,0.35,recovery_trigger,0.1,0.13720131168610683,0.6754844550922972,0.45827704491795407,0.29938508421400456,0.9155849444553914,0.22973190283747422,20,2,37.0,48,-0.007765881447080458,0.03878333825862362,4.994067772333044,EMA,100,0.05,2.0,0.0
8,EMA_N100_th5_bL2_sL0,35,08_EMA_N100_th5_bL2_sL0_sl35_rec15,sl35_rec15,0.35,recovery_trigger,0.15,0.13006261395788998,0.6486700120791785,0.4582770449179538,0.2838078306566181,0.8781744942627663,0.22940157499473893,20,2,75.5,103,-0.014904579175297306,0.0387833382586239,2.6021089091131806,EMA,100,0.05,2.0,0.0
8,EMA_N100_th5_bL2_sL0,36,08_EMA_N100_th5_bL2_sL0_sl40_next,sl40_next,0.4,next_signal,,0.1449671931331873,0.6960916023289018,0.4970603831765777,0.2916490592284611,0.9477307676104262,0.23419417282812338,18,1,92.0,92,0.0,0.0,0.0,EMA,100,0.05,2.0,0.0
8,EMA_N100_th5_bL2_sL0,37,08_EMA_N100_th5_bL2_sL0_sl40_cool21,sl40_cool21,0.4,time_cooldown,21.0,0.1449671931331873,0.6960916023289018,0.4970603831765777,0.2916490592284611,0.9477307676104262,0.23419417282812338,18,1,21.0,21,0.0,0.0,0.0,EMA,100,0.05,2.0,0.0
8,EMA_N100_th5_bL2_sL0,38,08_EMA_N100_th5_bL2_sL0_sl40_cool63,sl40_cool63,0.4,time_cooldown,63.0,0.1449671931331873,0.6960916023289018,0.4970603831765777,0.2916490592284611,0.9477307676104262,0.23419417282812338,18,1,63.0,63,0.0,0.0,0.0,EMA,100,0.05,2.0,0.0
8,EMA_N100_th5_bL2_sL0,39,08_EMA_N100_th5_bL2_sL0_sl40_cool126,sl40_cool126,0.4,time_cooldown,126.0,0.15331270248170425,0.731345512921667,0.40561681647909315,0.3779742265434562,0.9968077336994794,0.23219957210099249,18,1,126.0,126,0.008345509348516966,0.09144356669748455,10.957218173116596,EMA,100,0.05,2.0,0.0
8,EMA_N100_th5_bL2_sL0,40,08_EMA_N100_th5_bL2_sL0_sl40_rec5,sl40_rec5,0.4,recovery_trigger,0.05,0.1449671931331873,0.6960916023289018,0.4970603831765777,0.2916490592284611,0.9477307676104262,0.23419417282812338,18,1,9.0,9,0.0,0.0,0.0,EMA,100,0.05,2.0,0.0
8,EMA_N100_th5_bL2_sL0,41,08_EMA_N100_th5_bL2_sL0_sl40_rec10,sl40_rec10,0.4,recovery_trigger,0.1,0.1449671931331873,0.6960916023289018,0.4970603831765777,0.2916490592284611,0.9477307676104262,0.23419417282812338,18,1,36.0,36,0.0,0.0,0.0,EMA,100,0.05,2.0,0.0
8,EMA_N100_th5_bL2_sL0,42,08_EMA_N100_th5_bL2_sL0_sl40_rec15,sl40_rec15,0.4,recovery_trigger,0.15,0.1449671931331873,0.6960916023289018,0.4970603831765777,0.2916490592284611,0.9477307676104262,0.23419417282812338,18,1,91.0,91,0.0,0.0,0.0,EMA,100,0.05,2.0,0.0
9,SMA_N100_th0_bL3_sL0,0,09_SMA_N100_th0_bL3_sL0_baseline,baseline,,—,,0.176720047753691,0.6600330877180406,0.5022504285027246,0.351856439984565,0.8976238062353767,0.33016696794871936,172,0,,0,0.0,0.0,0.0,SMA,100,0.0,3.0,0.0
9,SMA_N100_th0_bL3_sL0,1,09_SMA_N100_th0_bL3_sL0_sl15_next,sl15_next,0.15,next_signal,,0.15139744959802992,0.6330494834532466,0.4359211867125851,0.34730463719775667,0.8730885874075502,0.28961153631092607,156,32,31.1875,155,-0.02532259815566107,0.06632924179013949,2.6193695205525764,SMA,100,0.0,3.0,0.0
9,SMA_N100_th0_bL3_sL0,2,09_SMA_N100_th0_bL3_sL0_sl15_cool21,sl15_cool21,0.15,time_cooldown,21.0,0.09717854545137228,0.4627317595538856,0.4680130708312011,0.20764066541727377,0.6261782874128787,0.2965322492486549,140,33,21.0,21,-0.07954150230231871,0.03423735767152353,0.43043388269680033,SMA,100,0.0,3.0,0.0
9,SMA_N100_th0_bL3_sL0,3,09_SMA_N100_th0_bL3_sL0_sl15_cool63,sl15_cool63,0.15,time_cooldown,63.0,0.0064668737005377785,0.1559458168767464,0.5034958160244922,0.01284394724786194,0.20726055460738033,0.25848972159299877,112,29,63.0,63,-0.1702531740531532,-0.0012453875217676158,-0.00731491514736051,SMA,100,0.0,3.0,0.0
9,SMA_N100_th0_bL3_sL0,4,09_SMA_N100_th0_bL3_sL0_sl15_cool126,sl15_cool126,0.15,time_cooldown,126.0,-0.011853986277592266,0.04758096376551179,0.5274677355609335,-0.022473386481139345,0.06210519323375956,0.20727433826322525,83,20,126.0,126,-0.18857403403128326,-0.025217307058208904,-0.13372629581666323,SMA,100,0.0,3.0,0.0
9,SMA_N100_th0_bL3_sL0,5,09_SMA_N100_th0_bL3_sL0_sl15_rec5,sl15_rec5,0.15,recovery_trigger,0.05,0.09181346781326005,0.44321078969632,0.552246221495237,0.16625458760889306,0.5959103773826389,0.30322150425863387,144,36,15.583333333333334,44,-0.08490657994043094,-0.049995792992512444,-0.5888329623874695,SMA,100,0.0,3.0,0.0
9,SMA_N100_th0_bL3_sL0,6,09_SMA_N100_th0_bL3_sL0_sl15_rec10,sl15_rec10,0.15,recovery_trigger,0.1,0.050980026960191216,0.32344533632928096,0.4449566320226868,0.1145730241809092,0.4313916405060375,0.2582512968209793,88,28,62.92857142857143,201,-0.12574002079349977,0.057293796480037795,0.45565283128217554,SMA,100,0.0,3.0,0.0
9,SMA_N100_th0_bL3_sL0,7,09_SMA_N100_th0_bL3_sL0_sl15_rec15,sl15_rec15,0.15,recovery_trigger,0.15,-0.02088998641718265,0.019653868481393562,0.7002556047159071,-0.029831944616362897,0.02532431543696083,0.22377526943380174,63,23,108.22727272727273,248,-0.19761003417087364,-0.19800517621318248,-1.0019996051514628,SMA,100,0.0,3.0,0.0
9,SMA_N100_th0_bL3_sL0,8,09_SMA_N100_th0_bL3_sL0_sl20_next,sl20_next,0.2,next_signal,,0.1409041696363431,0.5866545628912165,0.49392273467853987,0.28527573189771854,0.8013499615416457,0.30476988157513096,166,18,36.166666666666664,194,-0.03581587811734788,0.008327693824184745,0.23251402065027468,SMA,100,0.0,3.0,0.0
9,SMA_N100_th0_bL3_sL0,9,09_SMA_N100_th0_bL3_sL0_sl20_cool21,sl20_cool21,0.2,time_cooldown,21.0,0.13195616814496836,0.5550630254412622,0.596409934174123,0.2212507883989127,0.7512494600676705,0.3122189836128819,164,20,21.0,21,-0.044763879608722634,-0.09415950567139841,-2.103470621725348,SMA,100,0.0,3.0,0.0
9,SMA_N100_th0_bL3_sL0,10,09_SMA_N100_th0_bL3_sL0_sl20_cool63,sl20_cool63,0.2,time_cooldown,63.0,0.09021576228943928,0.4489001283009134,0.5007094830112638,0.18017586115382164,0.6005413906590654,0.2826643564088386,130,16,63.0,63,-0.0865042854642517,0.0015409454914607768,0.017813516211258453,SMA,100,0.0,3.0,0.0
9,SMA_N100_th0_bL3_sL0,11,09_SMA_N100_th0_bL3_sL0_sl20_cool126,sl20_cool126,0.2,time_cooldown,126.0,0.08123498704131804,0.4414808111448211,0.5109465489473486,0.1589892077922402,0.5927560465730466,0.24667502708444455,106,13,126.0,126,-0.09548506071237295,-0.008696120444623978,-0.09107309960056542,SMA,100,0.0,3.0,0.0
9,SMA_N100_th0_bL3_sL0,12,09_SMA_N100_th0_bL3_sL0_sl20_rec5,sl20_rec5,0.2,recovery_trigger,0.05,0.1242807783432136,0.5324194214421062,0.4937148337295338,0.25172583413059235,0.7192029724353941,0.31347188878763893,156,20,17.9,79,-0.052439269410477385,0.008535594773190824,0.16277104675843196,SMA,100,0.0,3.0,0.0
9,SMA_N100_th0_bL3_sL0,13,09_SMA_N100_th0_bL3_sL0_sl20_rec10,sl20_rec10,0.2,recovery_trigger,0.1,0.09372543206431261,0.4555247771463571,0.48961230946174433,0.19142785067505702,0.6089281489219134,0.29083948245066954,130,17,56.588235294117645,182,-0.08299461568937838,0.012638119040980278,0.15227637282255288,SMA,100,0.0,3.0,0.0
9,SMA_N100_th0_bL3_sL0,14,09_SMA_N100_th0_bL3_sL0_sl20_rec15,sl20_rec15,0.2,recovery_trigger,0.15,0.03059091958480331,0.24851968917962264,0.566924065812998,0.05395946552548333,0.3233151740266808,0.26440763205514894,92,16,108.125,370,-0.14612912816888768,-0.06467363731027342,-0.4425786844873757,SMA,100,0.0,3.0,0.0
9,SMA_N100_th0_bL3_sL0,15,09_SMA_N100_th0_bL3_sL0_sl25_next,sl25_next,0.25,next_signal,,0.17866197053656907,0.6760368271554928,0.5022504285027245,0.35572288324209944,0.9203758298455743,0.3196707466156126,164,10,29.7,112,0.0019419227828780805,1.1102230246251565e-16,5.717132701742753e-14,SMA,100,0.0,3.0,0.0
9,SMA_N100_th0_bL3_sL0,16,09_SMA_N100_th0_bL3_sL0_sl25_cool21,sl25_cool21,0.25,time_cooldown,21.0,0.15068639715488108,0.6003027815413209,0.5432304823507303,0.277389436069223,0.8126274366450108,0.3204135742002243,162,10,21.0,21,-0.02603365059880991,-0.04098005384800574,-1.5741186082400245,SMA,100,0.0,3.0,0.0
9,SMA_N100_th0_bL3_sL0,17,09_SMA_N100_th0_bL3_sL0_sl25_cool63,sl25_cool63,0.25,time_cooldown,63.0,0.14190001306214084,0.5900134950243705,0.49051937129294937,0.2892852379878692,0.7928122674942054,0.30465344645078035,138,10,63.0,63,-0.03482003469155015,0.011731057209775242,0.33690538546827015,SMA,100,0.0,3.0,0.0
9,SMA_N100_th0_bL3_sL0,18,09_SMA_N100_th0_bL3_sL0_sl25_cool126,sl25_cool126,0.25,time_cooldown,126.0,0.08890766378888237,0.4443412505217051,0.5426649126951546,0.1638352908193768,0.5907679171915601,0.2834362268575897,130,9,126.0,126,-0.08781238396480862,-0.04041448419242999,-0.46023672707287344,SMA,100,0.0,3.0,0.0
9,SMA_N100_th0_bL3_sL0,19,09_SMA_N100_th0_bL3_sL0_sl25_rec5,sl25_rec5,0.25,recovery_trigger,0.05,0.16017631986114078,0.6237182295058459,0.5049710004466034,0.3171990465184706,0.8461964267878231,0.32276490535702923,162,10,18.2,44,-0.01654372789255021,-0.002720571943878758,-0.16444733385054383,SMA,100,0.0,3.0,0.0
9,SMA_N100_th0_bL3_sL0,20,09_SMA_N100_th0_bL3_sL0_sl25_rec10,sl25_rec10,0.25,recovery_trigger,0.1,0.14219090239101972,0.5945150898563063,0.5188536975583882,0.27404816243989194,0.8013245855296334,0.30069269129272985,132,10,76.9,184,-0.034529145362671265,-0.01660326905566356,-0.4808479584789552,SMA,100,0.0,3.0,0.0
9,SMA_N100_th0_bL3_sL0,21,09_SMA_N100_th0_bL3_sL0_sl25_rec15,sl25_rec15,0.25,recovery_trigger,0.15,0.12041785736663257,0.5405976260777249,0.5323115890240618,0.22621686217165823,0.7210693227460523,0.28841579139712686,104,9,137.77777777777777,305,-0.056302190387058415,-0.030061160521337227,-0.5339252401136967,SMA,100,0.0,3.0,0.0
9,SMA_N100_th0_bL3_sL0,22,09_SMA_N100_th0_bL3_sL0_sl30_next,sl30_next,0.3,next_signal,,0.19139650620631032,0.7017301777032366,0.46148236836063866,0.41474283597491207,0.9571992765843427,0.32642362900422717,170,6,12.333333333333334,25,0.014676458452619334,0.04076806014208595,2.777785953859325,SMA,100,0.0,3.0,0.0
9,SMA_N100_th0_bL3_sL0,23,09_SMA_N100_th0_bL3_sL0_sl30_cool21,sl30_cool21,0.3,time_cooldown,21.0,0.17829957646533057,0.671055539581394,0.4849196155884052,0.3676889338637714,0.9125223108901307,0.3234168951257978,170,6,21.0,21,0.0015795287116395773,0.017330812914319427,10.972141744944764,SMA,100,0.0,3.0,0.0
9,SMA_N100_th0_bL3_sL0,24,09_SMA_N100_th0_bL3_sL0_sl30_cool63,sl30_cool63,0.3,time_cooldown,63.0,0.16043299211976536,0.634482314836017,0.4698093248052704,0.3414853295776168,0.8608289109501721,0.31237280518699734,152,6,63.0,63,-0.01628705563392563,0.03244110369745423,1.9918335411024217,SMA,100,0.0,3.0,0.0
9,SMA_N100_th0_bL3_sL0,25,09_SMA_N100_th0_bL3_sL0_sl30_cool126,sl30_cool126,0.3,time_cooldown,126.0,0.11917984491611056,0.5292916804913825,0.556020479064839,0.21434434414458445,0.7137670466920271,0.2973456669046936,144,6,126.0,126,-0.057540202837580434,-0.05377005056211437,-0.9344779460352594,SMA,100,0.0,3.0,0.0
9,SMA_N100_th0_bL3_sL0,26,09_SMA_N100_th0_bL3_sL0_sl30_rec5,sl30_rec5,0.3,recovery_trigger,0.05,0.18395611395106282,0.6875129410796655,0.493808642613242,0.3725250999609172,0.9355011431571212,0.3219479581823935,160,6,29.166666666666668,80,0.0072360661973718265,0.008441785889482634,1.1666264043505752,SMA,100,0.0,3.0,0.0
9,SMA_N100_th0_bL3_sL0,27,09_SMA_N100_th0_bL3_sL0_sl30_rec10,sl30_rec10,0.3,recovery_trigger,0.1,0.16634524226444136,0.6491099711170824,0.4816209889629811,0.34538619801976106,0.8823503830582263,0.3138914120223644,150,6,65.16666666666667,97,-0.010374805489249628,0.0206294395397435,1.9884169935638525,SMA,100,0.0,3.0,0.0
9,SMA_N100_th0_bL3_sL0,28,09_SMA_N100_th0_bL3_sL0_sl30_rec15,sl30_rec15,0.3,recovery_trigger,0.15,0.1362616296981527,0.5735536600827289,0.4888738191777397,0.2787255613878805,0.7756186889812049,0.3046791524151829,144,6,110.33333333333333,197,-0.04045841805553829,0.013376609324984912,0.3306261086783596,SMA,100,0.0,3.0,0.0
9,SMA_N100_th0_bL3_sL0,29,09_SMA_N100_th0_bL3_sL0_sl35_next,sl35_next,0.35,next_signal,,0.15500515366016598,0.6109817252730255,0.5022504285027248,0.3086212472177613,0.8278835221286824,0.32157714040331514,170,5,52.0,128,-0.021714894093525006,-2.220446049250313e-16,-1.022545189346519e-14,SMA,100,0.0,3.0,0.0
9,SMA_N100_th0_bL3_sL0,30,09_SMA_N100_th0_bL3_sL0_sl35_cool21,sl35_cool21,0.35,time_cooldown,21.0,0.16688839454197835,0.6398834083929679,0.5481046893304119,0.3044826979054975,0.8702856829817495,0.32447173704479954,170,5,21.0,21,-0.009831653211712643,-0.04585426082768729,-4.6639420492435795,SMA,100,0.0,3.0,0.0
9,SMA_N100_th0_bL3_sL0,31,09_SMA_N100_th0_bL3_sL0_sl35_cool63,sl35_cool63,0.35,time_cooldown,63.0,0.13376158606884614,0.5538635058295368,0.5583943443258559,0.23954681387458396,0.7502082995335817,0.3205859229026641,162,5,63.0,63,-0.04295846168484485,-0.056143915823131274,-1.3069349697626176,SMA,100,0.0,3.0,0.0
9,SMA_N100_th0_bL3_sL0,32,09_SMA_N100_th0_bL3_sL0_sl35_cool126,sl35_cool126,0.35,time_cooldown,126.0,0.15456785187531952,0.6239521793895071,0.47658639821461896,0.32432283517607585,0.8488595164395621,0.3066023642904939,152,5,126.0,126,-0.022152195878371472,0.025664030288105655,1.1585321125280856,SMA,100,0.0,3.0,0.0
9,SMA_N100_th0_bL3_sL0,33,09_SMA_N100_th0_bL3_sL0_sl35_rec5,sl35_rec5,0.35,recovery_trigger,0.05,0.15974751474336868,0.6198932906442975,0.517694278686428,0.30857500521099857,0.8406183540187561,0.32578921145842266,168,5,24.0,44,-0.01697253301032231,-0.015443850183703423,-0.9099319573755327,SMA,100,0.0,3.0,0.0
9,SMA_N100_th0_bL3_sL0,34,09_SMA_N100_th0_bL3_sL0_sl35_rec10,sl35_rec10,0.35,recovery_trigger,0.1,0.15694729376048544,0.6166002295191414,0.5037459540147954,0.3115604056164306,0.8391819569258138,0.32097653146787786,158,5,69.4,134,-0.01977275399320555,-0.0014955255120707722,-0.0756356708116975,SMA,100,0.0,3.0,0.0
9,SMA_N100_th0_bL3_sL0,35,09_SMA_N100_th0_bL3_sL0_sl35_rec15,sl35_rec15,0.35,recovery_trigger,0.15,0.12298423860139174,0.5280272262460315,0.5668965708815042,0.21694299263471564,0.7142697748794115,0.31447052211283194,156,5,99.6,149,-0.05373580915229925,-0.06464614237877964,-1.2030365485994279,SMA,100,0.0,3.0,0.0
9,SMA_N100_th0_bL3_sL0,36,09_SMA_N100_th0_bL3_sL0_sl40_next,sl40_next,0.4,next_signal,,0.17787621624609495,0.6635949197964223,0.5022504285027252,0.3541584161040289,0.9024179121682498,0.32958530042314305,170,3,15.666666666666666,33,0.001156168492403964,-5.551115123125783e-16,-4.801302889325088e-13,SMA,100,0.0,3.0,0.0
9,SMA_N100_th0_bL3_sL0,37,09_SMA_N100_th0_bL3_sL0_sl40_cool21,sl40_cool21,0.4,time_cooldown,21.0,0.17785310546201938,0.6640832096649444,0.5022504285027252,0.3541124016403987,0.9028806481305426,0.3290462815049135,168,3,21.0,21,0.0011330577083283888,-5.551115123125783e-16,-4.899234242283562e-13,SMA,100,0.0,3.0,0.0
9,SMA_N100_th0_bL3_sL0,38,09_SMA_N100_th0_bL3_sL0_sl40_cool63,sl40_cool63,0.4,time_cooldown,63.0,0.17145584411080694,0.6512932187646383,0.4983832124042959,0.3440241160685794,0.8836016241176079,0.325239427624309,160,3,63.0,63,-0.005264203642884047,0.0038672160984287163,0.7346250944634853,SMA,100,0.0,3.0,0.0
9,SMA_N100_th0_bL3_sL0,39,09_SMA_N100_th0_bL3_sL0_sl40_cool126,sl40_cool126,0.4,time_cooldown,126.0,0.1727070393222001,0.6646282228160695,0.4840846133785632,0.3567703549113634,0.9047384178050631,0.3155854205571288,154,3,126.0,126,-0.004013008431490883,0.018165815124161433,4.526732359097637,SMA,100,0.0,3.0,0.0
9,SMA_N100_th0_bL3_sL0,40,09_SMA_N100_th0_bL3_sL0_sl40_rec5,sl40_rec5,0.4,recovery_trigger,0.05,0.1754874458309803,0.6578710298280371,0.5152274866867053,0.34060187075711873,0.894292728566263,0.32914589461690125,168,3,22.0,39,-0.0012326019227106855,-0.01297705818398065,-10.528182655631477,SMA,100,0.0,3.0,0.0
9,SMA_N100_th0_bL3_sL0,41,09_SMA_N100_th0_bL3_sL0_sl40_rec10,sl40_rec10,0.4,recovery_trigger,0.1,0.1743678346458053,0.6566096965818496,0.4900434402474288,0.3558211789505128,0.892710593574677,0.32749366029317284,160,3,52.666666666666664,60,-0.0023522131078856923,0.012206988255295814,5.189575814526505,SMA,100,0.0,3.0,0.0
9,SMA_N100_th0_bL3_sL0,42,09_SMA_N100_th0_bL3_sL0_sl40_rec15,sl40_rec15,0.4,recovery_trigger,0.15,0.15148556133975588,0.6010159198136288,0.537381847147716,0.2818955685678668,0.8138044950971645,0.3221546771361959,158,3,89.33333333333333,97,-0.02523448641393511,-0.03513141864499136,-1.392198678772829,SMA,100,0.0,3.0,0.0
10,SMA_N200_th0_bL2_sL0,0,10_SMA_N200_th0_bL2_sL0_baseline,baseline,,—,,0.13251576725148695,0.6545672859515842,0.38964394635710836,0.3400945106177432,0.8888315207078256,0.23130913009464935,90,0,,0,0.0,0.0,0.0,SMA,200,0.0,2.0,0.0
10,SMA_N200_th0_bL2_sL0,1,10_SMA_N200_th0_bL2_sL0_sl15_next,sl15_next,0.15,next_signal,,0.09598781182726102,0.5733382053693101,0.38926597687438846,0.2465866978614346,0.7729689178946426,0.19242700009323305,88,13,77.84615384615384,338,-0.03652795542422593,0.0003779694827198976,0.010347403196545243,SMA,200,0.0,2.0,0.0
10,SMA_N200_th0_bL2_sL0,2,10_SMA_N200_th0_bL2_sL0_sl15_cool21,sl15_cool21,0.15,time_cooldown,21.0,0.14216879967710017,0.7239698523401479,0.3375709448207536,0.4211523588103538,0.9898878013707438,0.21610401489611422,74,15,21.0,21,0.009653032425613217,0.052073001536354746,5.3944707984389435,SMA,200,0.0,2.0,0.0
10,SMA_N200_th0_bL2_sL0,3,10_SMA_N200_th0_bL2_sL0_sl15_cool63,sl15_cool63,0.15,time_cooldown,63.0,0.09840976558099301,0.5695484247922333,0.4308847721906541,0.22838998250197975,0.7692984197473035,0.20029713337204136,64,14,63.0,63,-0.034106001670493935,-0.04124082583354571,-1.2091955612968939,SMA,200,0.0,2.0,0.0
10,SMA_N200_th0_bL2_sL0,4,10_SMA_N200_th0_bL2_sL0_sl15_cool126,sl15_cool126,0.15,time_cooldown,126.0,0.06351389590515955,0.4343240452823346,0.39042395962571314,0.1626792985913269,0.585155399666367,0.17883490007010922,50,12,126.0,126,-0.0690018713463274,-0.0007800132686047734,-0.01130423354302679,SMA,200,0.0,2.0,0.0
10,SMA_N200_th0_bL2_sL0,5,10_SMA_N200_th0_bL2_sL0_sl15_rec5,sl15_rec5,0.15,recovery_trigger,0.05,0.11790915112089895,0.6146918219103139,0.39433665448983934,0.2990063180239742,0.8326357253852987,0.2215737510725629,84,16,13.9375,40,-0.014606616130588002,-0.004692708132730983,-0.32127277740282983,SMA,200,0.0,2.0,0.0
10,SMA_N200_th0_bL2_sL0,6,10_SMA_N200_th0_bL2_sL0_sl15_rec10,sl15_rec10,0.15,recovery_trigger,0.1,0.1040152320014669,0.5890227587353334,0.4355617480432854,0.23880708640908943,0.7964062042307432,0.20337872419152192,64,15,46.8,113,-0.028500535250020054,-0.04591780168617704,-1.6111206783790044,SMA,200,0.0,2.0,0.0
10,SMA_N200_th0_bL2_sL0,7,10_SMA_N200_th0_bL2_sL0_sl15_rec15,sl15_rec15,0.15,recovery_trigger,0.15,0.08167787780666758,0.49994219830166614,0.4703589423525936,0.17365010091684333,0.6713559191458517,0.19562384016551476,58,13,84.46153846153847,248,-0.05083788944481937,-0.08071499599548526,-1.5876936843158131,SMA,200,0.0,2.0,0.0
10,SMA_N200_th0_bL2_sL0,8,10_SMA_N200_th0_bL2_sL0_sl20_next,sl20_next,0.2,next_signal,,0.12163405694951956,0.6223110294579165,0.385843571574546,0.3152418905235526,0.8439739141288727,0.22571840294242604,90,8,38.875,218,-0.010881710301967384,0.0038003747825623435,0.34924425270494897,SMA,200,0.0,2.0,0.0
10,SMA_N200_th0_bL2_sL0,9,10_SMA_N200_th0_bL2_sL0_sl20_cool21,sl20_cool21,0.2,time_cooldown,21.0,0.14398911773808343,0.7053541704273595,0.36608968743321907,0.393316508715776,0.9631704165539633,0.22777193265639384,78,7,21.0,21,0.011473350486596479,0.023554258923889293,2.052953838672156,SMA,200,0.0,2.0,0.0
10,SMA_N200_th0_bL2_sL0,10,10_SMA_N200_th0_bL2_sL0_sl20_cool63,sl20_cool63,0.2,time_cooldown,63.0,0.14186282067839384,0.7030217502820271,0.37372655608421196,0.37958988562329465,0.9598338560748187,0.2249736625034121,68,6,63.0,63,0.009347053426906893,0.015917390272896403,1.7029313459443607,SMA,200,0.0,2.0,0.0
10,SMA_N200_th0_bL2_sL0,11,10_SMA_N200_th0_bL2_sL0_sl20_cool126,sl20_cool126,0.2,time_cooldown,126.0,0.10948049276253125,0.5952906342974372,0.36291393228078767,0.301670680082422,0.8122389126190903,0.2128119562053255,64,6,126.0,126,-0.023035274488955704,0.026730014076320696,1.1603948582916361,SMA,200,0.0,2.0,0.0
10,SMA_N200_th0_bL2_sL0,12,10_SMA_N200_th0_bL2_sL0_sl20_rec5,sl20_rec5,0.2,recovery_trigger,0.05,0.1382380900986122,0.6812417370978873,0.34812694250635956,0.3970910412832724,0.9277353558210661,0.22878382169016281,82,7,14.714285714285714,20,0.005722322847125261,0.0415170038507488,7.255271147730823,SMA,200,0.0,2.0,0.0
10,SMA_N200_th0_bL2_sL0,13,10_SMA_N200_th0_bL2_sL0_sl20_rec10,sl20_rec10,0.2,recovery_trigger,0.1,0.13194034463539572,0.6638117179475551,0.4349503524212458,0.303345758661698,0.9033913271808148,0.22519345415716605,72,7,36.57142857142857,59,-0.0005754226160912257,-0.04530640606413744,-45.30640606413744,SMA,200,0.0,2.0,0.0
10,SMA_N200_th0_bL2_sL0,14,10_SMA_N200_th0_bL2_sL0_sl20_rec15,sl20_rec15,0.2,recovery_trigger,0.15,0.13062790741556585,0.6600894436691106,0.3737265560842123,0.34952803136133387,0.8990383094114794,0.22444525889376718,70,6,69.33333333333333,119,-0.0018878598359211018,0.01591739027289607,8.431447065099432,SMA,200,0.0,2.0,0.0
10,SMA_N200_th0_bL2_sL0,15,10_SMA_N200_th0_bL2_sL0_sl25_next,sl25_next,0.25,next_signal,,0.1418836176008904,0.6927021983890035,0.3896439463571084,0.3641365891281015,0.9448519662855897,0.23002245776334265,86,4,42.0,86,0.009367850349403462,-5.551115123125783e-17,-5.9257085842316795e-15,SMA,200,0.0,2.0,0.0
10,SMA_N200_th0_bL2_sL0,16,10_SMA_N200_th0_bL2_sL0_sl25_cool21,sl25_cool21,0.25,time_cooldown,21.0,0.14943856890211804,0.7225391492480379,0.3896439463571085,0.3835259608143833,0.9873875037360735,0.22947617909265206,80,4,21.0,21,0.016922801650631092,-1.1102230246251565e-16,-6.560515495870943e-15,SMA,200,0.0,2.0,0.0
10,SMA_N200_th0_bL2_sL0,17,10_SMA_N200_th0_bL2_sL0_sl25_cool63,sl25_cool63,0.25,time_cooldown,63.0,0.1423501271814127,0.6983691996724747,0.38964394635710825,0.3653338605983345,0.9536123793846556,0.2281046636666503,76,4,63.0,63,0.009834359929925762,1.1102230246251565e-16,1.1289225049072791e-14,SMA,200,0.0,2.0,0.0
10,SMA_N200_th0_bL2_sL0,18,10_SMA_N200_th0_bL2_sL0_sl25_cool126,sl25_cool126,0.25,time_cooldown,126.0,0.11911661051259159,0.6233386090212812,0.3829173276389487,0.3110765742753386,0.8494416451798472,0.21942339489218043,74,4,126.0,126,-0.013399156738895357,0.00672661871815966,0.5020180634676426,SMA,200,0.0,2.0,0.0
10,SMA_N200_th0_bL2_sL0,19,10_SMA_N200_th0_bL2_sL0_sl25_rec5,sl25_rec5,0.25,recovery_trigger,0.05,0.1418836176008904,0.6927021983890035,0.3896439463571084,0.3641365891281015,0.9448519662855897,0.23002245776334265,86,4,14.5,32,0.009367850349403462,-5.551115123125783e-17,-5.9257085842316795e-15,SMA,200,0.0,2.0,0.0
10,SMA_N200_th0_bL2_sL0,20,10_SMA_N200_th0_bL2_sL0_sl25_rec10,sl25_rec10,0.25,recovery_trigger,0.1,0.14902373421032333,0.7216553925906164,0.3896439463571085,0.3824613101360573,0.9857707876708514,0.22915535706777038,78,4,41.25,73,0.016507966958836384,-1.1102230246251565e-16,-6.72537707031741e-15,SMA,200,0.0,2.0,0.0
10,SMA_N200_th0_bL2_sL0,21,10_SMA_N200_th0_bL2_sL0_sl25_rec15,sl25_rec15,0.25,recovery_trigger,0.15,0.13917417417089095,0.6872022222810111,0.3896439463571087,0.3571829499009791,0.9367290885366989,0.22759217494511214,76,4,61.75,93,0.006658406919404003,-3.3306690738754696e-16,-5.0022011483996226e-14,SMA,200,0.0,2.0,0.0
10,SMA_N200_th0_bL2_sL0,22,10_SMA_N200_th0_bL2_sL0_sl30_next,sl30_next,0.3,next_signal,,0.1347682323892354,0.6634440158167217,0.3896439463571089,0.3458753399076814,0.9013546081400089,0.2311553987279015,90,4,26.5,56,0.0022524651377484606,-5.551115123125783e-16,-2.464462170843903e-13,SMA,200,0.0,2.0,0.0
10,SMA_N200_th0_bL2_sL0,23,10_SMA_N200_th0_bL2_sL0_sl30_cool21,sl30_cool21,0.3,time_cooldown,21.0,0.12972281673271513,0.6447654084527855,0.39626441252101136,0.32736428665755285,0.8753026664723316,0.23081821730110372,90,4,21.0,21,-0.0027929505187718195,-0.006620466163902994,-2.3704201414976365,SMA,200,0.0,2.0,0.0
10,SMA_N200_th0_bL2_sL0,24,10_SMA_N200_th0_bL2_sL0_sl30_cool63,sl30_cool63,0.3,time_cooldown,63.0,0.12600896948198748,0.6374426255815984,0.4287325240550028,0.29391045095011636,0.8647193441648183,0.22688272487062502,80,4,63.0,63,-0.006506797769499473,-0.03908857769789442,-6.007344792721484,SMA,200,0.0,2.0,0.0
10,SMA_N200_th0_bL2_sL0,25,10_SMA_N200_th0_bL2_sL0_sl30_cool126,sl30_cool126,0.3,time_cooldown,126.0,0.08918894708900815,0.5060377395116175,0.45215719991505404,0.1972520776087695,0.6814531995278671,0.21472604954698682,80,4,126.0,126,-0.043326820162478796,-0.06251325355794568,-1.4428304067438213,SMA,200,0.0,2.0,0.0
10,SMA_N200_th0_bL2_sL0,26,10_SMA_N200_th0_bL2_sL0_sl30_rec5,sl30_rec5,0.3,recovery_trigger,0.05,0.13365368164626812,0.6592528630346223,0.38964394635710853,0.3430149060336602,0.8955325610653464,0.23112237701048174,90,4,10.75,18,0.0011379143947811698,-1.6653345369377348e-16,-1.463497205567904e-13,SMA,200,0.0,2.0,0.0
10,SMA_N200_th0_bL2_sL0,27,10_SMA_N200_th0_bL2_sL0_sl30_rec10,sl30_rec10,0.3,recovery_trigger,0.1,0.12411165162861137,0.6245147044507979,0.4343106358610295,0.2857670095565529,0.8467613319465785,0.23004163978069636,86,4,26.25,33,-0.008404115622875574,-0.044666689503921164,-5.314858993888746,SMA,200,0.0,2.0,0.0
10,SMA_N200_th0_bL2_sL0,28,10_SMA_N200_th0_bL2_sL0_sl30_rec15,sl30_rec15,0.3,recovery_trigger,0.15,0.11499490480044705,0.5979064216905112,0.45629334094688845,0.25201968663801344,0.8075478801354631,0.22457677401648138,80,4,69.5,122,-0.017520862451039898,-0.06664939458978009,-3.804001930614113,SMA,200,0.0,2.0,0.0
10,SMA_N200_th0_bL2_sL0,29,10_SMA_N200_th0_bL2_sL0_sl35_next,sl35_next,0.35,next_signal,,0.13251576725148695,0.6545672859515842,0.38964394635710836,0.3400945106177432,0.8888315207078256,0.23130913009464935,90,2,11.5,21,0.0,0.0,0.0,SMA,200,0.0,2.0,0.0
10,SMA_N200_th0_bL2_sL0,30,10_SMA_N200_th0_bL2_sL0_sl35_cool21,sl35_cool21,0.35,time_cooldown,21.0,0.12877822056808275,0.6414142018167954,0.385843571574546,0.33375759000614175,0.8703414974112635,0.23066546328570864,88,2,21.0,21,-0.0037375466834042026,0.0038003747825623435,1.0168099837888624,SMA,200,0.0,2.0,0.0
10,SMA_N200_th0_bL2_sL0,31,10_SMA_N200_th0_bL2_sL0_sl35_cool63,sl35_cool63,0.35,time_cooldown,63.0,0.11125530147622831,0.5774714212721916,0.47352857983369795,0.23494949663925435,0.779097619919175,0.22809455370752457,88,2,63.0,63,-0.02126046577525864,-0.08388463347658959,-3.94556894300069,SMA,200,0.0,2.0,0.0
10,SMA_N200_th0_bL2_sL0,32,10_SMA_N200_th0_bL2_sL0_sl35_cool126,sl35_cool126,0.35,time_cooldown,126.0,0.09516078441017406,0.5174175714162956,0.5568448109070951,0.17089282785118892,0.695602009783345,0.22502401402421354,88,2,126.0,126,-0.03735498284131289,-0.16720086454998678,-4.47599896539292,SMA,200,0.0,2.0,0.0
10,SMA_N200_th0_bL2_sL0,33,10_SMA_N200_th0_bL2_sL0_sl35_rec5,sl35_rec5,0.35,recovery_trigger,0.05,0.1306547764092154,0.6483783368128191,0.385843571574546,0.3386211045995684,0.8801541845039608,0.23079689120781294,88,2,15.5,17,-0.001860990842271537,0.0038003747825623435,2.0421243867721466,SMA,200,0.0,2.0,0.0
10,SMA_N200_th0_bL2_sL0,34,10_SMA_N200_th0_bL2_sL0_sl35_rec10,sl35_rec10,0.35,recovery_trigger,0.1,0.11784229156506343,0.6025297102295382,0.4229137961424486,0.27864376296055143,0.8137764380762755,0.22861640949012074,88,2,48.0,58,-0.01467347568642352,-0.033269849785340255,-2.267346230458734,SMA,200,0.0,2.0,0.0
10,SMA_N200_th0_bL2_sL0,35,10_SMA_N200_th0_bL2_sL0_sl35_rec15,sl35_rec15,0.35,recovery_trigger,0.15,0.10678939212001959,0.55994680622569,0.47913679735866427,0.2228787116930219,0.7549608210192648,0.22800336411454597,88,2,63.5,67,-0.02572637513146736,-0.0894928510015559,-3.4786420762438555,SMA,200,0.0,2.0,0.0
10,SMA_N200_th0_bL2_sL0,36,10_SMA_N200_th0_bL2_sL0_sl40_next,sl40_next,0.4,next_signal,,0.13251576725148695,0.6545672859515842,0.38964394635710836,0.3400945106177432,0.8888315207078256,0.23130913009464935,90,0,,0,0.0,0.0,0.0,SMA,200,0.0,2.0,0.0
10,SMA_N200_th0_bL2_sL0,37,10_SMA_N200_th0_bL2_sL0_sl40_cool21,sl40_cool21,0.4,time_cooldown,21.0,0.13251576725148695,0.6545672859515842,0.38964394635710836,0.3400945106177432,0.8888315207078256,0.23130913009464935,90,0,,0,0.0,0.0,0.0,SMA,200,0.0,2.0,0.0
10,SMA_N200_th0_bL2_sL0,38,10_SMA_N200_th0_bL2_sL0_sl40_cool63,sl40_cool63,0.4,time_cooldown,63.0,0.13251576725148695,0.6545672859515842,0.38964394635710836,0.3400945106177432,0.8888315207078256,0.23130913009464935,90,0,,0,0.0,0.0,0.0,SMA,200,0.0,2.0,0.0
10,SMA_N200_th0_bL2_sL0,39,10_SMA_N200_th0_bL2_sL0_sl40_cool126,sl40_cool126,0.4,time_cooldown,126.0,0.13251576725148695,0.6545672859515842,0.38964394635710836,0.3400945106177432,0.8888315207078256,0.23130913009464935,90,0,,0,0.0,0.0,0.0,SMA,200,0.0,2.0,0.0
10,SMA_N200_th0_bL2_sL0,40,10_SMA_N200_th0_bL2_sL0_sl40_rec5,sl40_rec5,0.4,recovery_trigger,0.05,0.13251576725148695,0.6545672859515842,0.38964394635710836,0.3400945106177432,0.8888315207078256,0.23130913009464935,90,0,,0,0.0,0.0,0.0,SMA,200,0.0,2.0,0.0
10,SMA_N200_th0_bL2_sL0,41,10_SMA_N200_th0_bL2_sL0_sl40_rec10,sl40_rec10,0.4,recovery_trigger,0.1,0.13251576725148695,0.6545672859515842,0.38964394635710836,0.3400945106177432,0.8888315207078256,0.23130913009464935,90,0,,0,0.0,0.0,0.0,SMA,200,0.0,2.0,0.0
10,SMA_N200_th0_bL2_sL0,42,10_SMA_N200_th0_bL2_sL0_sl40_rec15,sl40_rec15,0.4,recovery_trigger,0.15,0.13251576725148695,0.6545672859515842,0.38964394635710836,0.3400945106177432,0.8888315207078256,0.23130913009464935,90,0,,0,0.0,0.0,0.0,SMA,200,0.0,2.0,0.0
11,SMA_N150_th0_bL2_sL0,0,11_SMA_N150_th0_bL2_sL0_baseline,baseline,,—,,0.13321688029146972,0.664374099411894,0.4265997682982048,0.312276025894012,0.8997768179118333,0.22752277384215264,124,0,,0,0.0,0.0,0.0,SMA,150,0.0,2.0,0.0
11,SMA_N150_th0_bL2_sL0,1,11_SMA_N150_th0_bL2_sL0_sl15_next,sl15_next,0.15,next_signal,,0.09061836453978533,0.53719221714231,0.39050075431833575,0.23205682329082866,0.7198094732386758,0.19845727325954432,122,14,63.142857142857146,343,-0.042598515751684385,0.03609901397986903,0.8474242199023482,SMA,150,0.0,2.0,0.0
11,SMA_N150_th0_bL2_sL0,2,11_SMA_N150_th0_bL2_sL0_sl15_cool21,sl15_cool21,0.15,time_cooldown,21.0,0.14708176822215568,0.7432374612446188,0.3664754805770042,0.40134136120261044,1.0145927915606627,0.21636288234030482,104,17,21.0,21,0.013864887930685965,0.0601242877212006,4.33644238754593,SMA,150,0.0,2.0,0.0
11,SMA_N150_th0_bL2_sL0,3,11_SMA_N150_th0_bL2_sL0_sl15_cool63,sl15_cool63,0.15,time_cooldown,63.0,0.1224276805463218,0.6765681515432823,0.3884438801966604,0.31517469263343634,0.9175638436511265,0.20071858906173715,82,15,63.0,63,-0.010789199745147915,0.03815588810154441,3.536489174621478,SMA,150,0.0,2.0,0.0
11,SMA_N150_th0_bL2_sL0,4,11_SMA_N150_th0_bL2_sL0_sl15_cool126,sl15_cool126,0.15,time_cooldown,126.0,0.08144085899774933,0.5348851081767619,0.40605229930776354,0.20056741246531398,0.7203404016105708,0.1753020958810319,60,13,126.0,126,-0.05177602129372039,0.020547468990441242,0.3968529925054965,SMA,150,0.0,2.0,0.0
11,SMA_N150_th0_bL2_sL0,5,11_SMA_N150_th0_bL2_sL0_sl15_rec5,sl15_rec5,0.15,recovery_trigger,0.05,0.12560379280554934,0.6476801524794176,0.4087037708721909,0.3073223242778152,0.8795775183087111,0.22050803192554863,114,18,14.055555555555555,30,-0.007613087485920378,0.017895997426013888,2.350688529339863,SMA,150,0.0,2.0,0.0
11,SMA_N150_th0_bL2_sL0,6,11_SMA_N150_th0_bL2_sL0_sl15_rec10,sl15_rec10,0.15,recovery_trigger,0.1,0.12658735420555667,0.6823380190802364,0.38120901507833055,0.3320681022707335,0.9257739701831106,0.20603674439545414,88,16,48.75,113,-0.006629526085913051,0.045390753219874236,6.846756861900604,SMA,150,0.0,2.0,0.0
11,SMA_N150_th0_bL2_sL0,7,11_SMA_N150_th0_bL2_sL0_sl15_rec15,sl15_rec15,0.15,recovery_trigger,0.15,0.11317888577847723,0.6521565829389288,0.4108917128868851,0.27544699060317723,0.8803564977239722,0.19329043237647672,64,13,96.3076923076923,248,-0.020037994512992485,0.0157080554113197,0.7839135498881744,SMA,150,0.0,2.0,0.0
11,SMA_N150_th0_bL2_sL0,8,11_SMA_N150_th0_bL2_sL0_sl20_next,sl20_next,0.2,next_signal,,0.1384913723624741,0.6854370103219121,0.4032231195488886,0.34346089211703246,0.9293188273411377,0.22719831096391552,124,7,11.571428571428571,54,0.0052744920710043885,0.023376648749316165,4.4320189384349,SMA,150,0.0,2.0,0.0
11,SMA_N150_th0_bL2_sL0,9,11_SMA_N150_th0_bL2_sL0_sl20_cool21,sl20_cool21,0.2,time_cooldown,21.0,0.1744495374926618,0.834678218423364,0.28388173632944014,0.614514831944722,1.147498365904055,0.22254694992502258,102,7,21.0,21,0.04123265720119207,0.14271803196876465,3.461286311779066,SMA,150,0.0,2.0,0.0
11,SMA_N150_th0_bL2_sL0,10,11_SMA_N150_th0_bL2_sL0_sl20_cool63,sl20_cool63,0.2,time_cooldown,63.0,0.16999823754670107,0.8250453028764186,0.2959553694985329,0.5744049781382452,1.134767050573677,0.21979806484716785,90,7,63.0,63,0.03678135725523135,0.13064439879967188,3.551918921673032,SMA,150,0.0,2.0,0.0
11,SMA_N150_th0_bL2_sL0,11,11_SMA_N150_th0_bL2_sL0_sl20_cool126,sl20_cool126,0.2,time_cooldown,126.0,0.11581984766932929,0.6388798428594211,0.42548259208879113,0.27220819329115964,0.8723802856002701,0.2044710469922029,88,7,126.0,126,-0.01739703262214043,0.0011171762094136506,0.06421648068831406,SMA,150,0.0,2.0,0.0
11,SMA_N150_th0_bL2_sL0,12,11_SMA_N150_th0_bL2_sL0_sl20_rec5,sl20_rec5,0.2,recovery_trigger,0.05,0.1605503560438588,0.777774205570222,0.3696626249442378,0.4343159010681083,1.0637909128810694,0.2239284089261884,108,7,18.428571428571427,39,0.02733347575238909,0.05693714335396699,2.0830553666044604,SMA,150,0.0,2.0,0.0
11,SMA_N150_th0_bL2_sL0,13,11_SMA_N150_th0_bL2_sL0_sl20_rec10,sl20_rec10,0.2,recovery_trigger,0.1,0.16642360854293914,0.8093525456111255,0.35517215499382615,0.46857166645237724,1.1117498332784665,0.2204623630308222,94,7,50.142857142857146,83,0.03320672825146942,0.07142761330437863,2.150998218296857,SMA,150,0.0,2.0,0.0
11,SMA_N150_th0_bL2_sL0,14,11_SMA_N150_th0_bL2_sL0_sl20_rec15,sl20_rec15,0.2,recovery_trigger,0.15,0.15996954841067912,0.8010033067114769,0.33089187765964884,0.4834496075942419,1.0990186916472522,0.2140946418091114,82,6,99.16666666666667,213,0.0267526681192094,0.09570789063855595,3.5775082400037013,SMA,150,0.0,2.0,0.0
11,SMA_N150_th0_bL2_sL0,15,11_SMA_N150_th0_bL2_sL0_sl25_next,sl25_next,0.25,next_signal,,0.1381007868086117,0.6845022634320006,0.42080741631085733,0.32818049648296693,0.9290815179658702,0.2269011975591612,122,7,31.285714285714285,59,0.004883906517141989,0.005792351987347455,1.1860079563392376,SMA,150,0.0,2.0,0.0
11,SMA_N150_th0_bL2_sL0,16,11_SMA_N150_th0_bL2_sL0_sl25_cool21,sl25_cool21,0.25,time_cooldown,21.0,0.14677299520967546,0.7205077126450655,0.3824253247447992,0.3837951770260516,0.9802258814875537,0.22572679599151477,114,7,21.0,21,0.013556114918205742,0.04417444355340561,3.2586359602248374,SMA,150,0.0,2.0,0.0
11,SMA_N150_th0_bL2_sL0,17,11_SMA_N150_th0_bL2_sL0_sl25_cool63,sl25_cool63,0.25,time_cooldown,63.0,0.11987553745356849,0.621972745382858,0.4112464752284376,0.29149316693104904,0.8405237208188778,0.2219705098442009,106,7,63.0,63,-0.013341342837901227,0.015353293069767182,1.1508056764833474,SMA,150,0.0,2.0,0.0
11,SMA_N150_th0_bL2_sL0,18,11_SMA_N150_th0_bL2_sL0_sl25_cool126,sl25_cool126,0.25,time_cooldown,126.0,0.07881266242522167,0.474009806292919,0.5483448036228592,0.14372829268101803,0.6372937851236165,0.20448393717584953,102,7,126.0,126,-0.05440421786624805,-0.12174503532465442,-2.2377867029347382,SMA,150,0.0,2.0,0.0
11,SMA_N150_th0_bL2_sL0,19,11_SMA_N150_th0_bL2_sL0_sl25_rec5,sl25_rec5,0.25,recovery_trigger,0.05,0.14076897184076764,0.6961683375340643,0.42341854812395735,0.3324582082303041,0.9458937379609923,0.22624747575872364,118,7,14.571428571428571,30,0.0075520915492979235,0.0031812201742474344,0.4212369717026504,SMA,150,0.0,2.0,0.0
11,SMA_N150_th0_bL2_sL0,20,11_SMA_N150_th0_bL2_sL0_sl25_rec10,sl25_rec10,0.25,recovery_trigger,0.1,0.13246580915727435,0.669556898024616,0.4493010616873985,0.29482638803430544,0.9073581893043966,0.223356264673705,108,7,41.857142857142854,80,-0.0007510711341953691,-0.02270129338919369,-22.701293389193687,SMA,150,0.0,2.0,0.0
11,SMA_N150_th0_bL2_sL0,21,11_SMA_N150_th0_bL2_sL0_sl25_rec15,sl25_rec15,0.25,recovery_trigger,0.15,0.12775682926557752,0.6634238444663625,0.4188332554275922,0.3050302897632829,0.8996699746551547,0.21701622084140815,96,6,87.5,210,-0.005460051025892199,0.007766512870612585,1.422424961558578,SMA,150,0.0,2.0,0.0
11,SMA_N150_th0_bL2_sL0,22,11_SMA_N150_th0_bL2_sL0_sl30_next,sl30_next,0.3,next_signal,,0.13502797594839722,0.6715373602515656,0.41102918836672403,0.32851189105315803,0.909668459283158,0.22744964542641877,122,4,21.75,57,0.0018110956569274972,0.015570579931480755,8.597326083756428,SMA,150,0.0,2.0,0.0
11,SMA_N150_th0_bL2_sL0,23,11_SMA_N150_th0_bL2_sL0_sl30_cool21,sl30_cool21,0.3,time_cooldown,21.0,0.13536865424495614,0.6746156650342868,0.43900543313852697,0.3083530271531763,0.9144523858403641,0.2265511756606099,118,4,21.0,21,0.0021517739534864244,-0.012405664840322184,-5.765319735477712,SMA,150,0.0,2.0,0.0
11,SMA_N150_th0_bL2_sL0,24,11_SMA_N150_th0_bL2_sL0_sl30_cool63,sl30_cool63,0.3,time_cooldown,63.0,0.11619520971314268,0.6058709676769775,0.5089320274381741,0.22831184411411062,0.8179613722783615,0.22271578332451514,114,4,63.0,63,-0.01702167057832704,-0.08233225913996933,-4.836908267088628,SMA,150,0.0,2.0,0.0
11,SMA_N150_th0_bL2_sL0,25,11_SMA_N150_th0_bL2_sL0_sl30_cool126,sl30_cool126,0.3,time_cooldown,126.0,0.10143360453415151,0.5626788260693917,0.4997218176320287,0.20298014006032927,0.759592180293836,0.21190394214336147,106,4,126.0,126,-0.03178327575731821,-0.07312204933382394,-2.300645468143331,SMA,150,0.0,2.0,0.0
11,SMA_N150_th0_bL2_sL0,26,11_SMA_N150_th0_bL2_sL0_sl30_rec5,sl30_rec5,0.3,recovery_trigger,0.05,0.12707232338902386,0.6416001684670154,0.4567725203035071,0.2781960773485002,0.8679267846995811,0.2269035457139514,122,4,14.5,29,-0.0061445569024458635,-0.03017275200530234,-4.910484593818631,SMA,150,0.0,2.0,0.0
11,SMA_N150_th0_bL2_sL0,27,11_SMA_N150_th0_bL2_sL0_sl30_rec10,sl30_rec10,0.3,recovery_trigger,0.1,0.11554096170070616,0.6002362811992887,0.5015768609649076,0.23035544637851602,0.8103623009463333,0.22449560738495464,118,4,40.75,86,-0.017675918590763562,-0.07497709266670283,-4.241764991262272,SMA,150,0.0,2.0,0.0
11,SMA_N150_th0_bL2_sL0,28,11_SMA_N150_th0_bL2_sL0_sl30_rec15,sl30_rec15,0.3,recovery_trigger,0.15,0.1282927604484403,0.662299645926036,0.38024789750707527,0.3373924255453724,0.8971671658101444,0.21864601803025244,104,4,95.5,193,-0.004924119843029429,0.04635187079112951,9.413229626558563,SMA,150,0.0,2.0,0.0
11,SMA_N150_th0_bL2_sL0,29,11_SMA_N150_th0_bL2_sL0_sl35_next,sl35_next,0.35,next_signal,,0.13321688029146972,0.664374099411894,0.4265997682982048,0.312276025894012,0.8997768179118333,0.22752277384215264,124,2,9.5,14,0.0,0.0,0.0,SMA,150,0.0,2.0,0.0
11,SMA_N150_th0_bL2_sL0,30,11_SMA_N150_th0_bL2_sL0_sl35_cool21,sl35_cool21,0.35,time_cooldown,21.0,0.1324298849041834,0.6631076399348195,0.38584920777495385,0.34321668215377804,0.8990103890397649,0.22657804711720073,122,2,21.0,21,-0.0007869953872863267,0.040750560523250934,40.75056052325093,SMA,150,0.0,2.0,0.0
11,SMA_N150_th0_bL2_sL0,31,11_SMA_N150_th0_bL2_sL0_sl35_cool63,sl35_cool63,0.35,time_cooldown,63.0,0.1214740567064243,0.6217601105177055,0.47000111537426414,0.2584548264522605,0.841174364579236,0.22568066672573997,120,2,63.0,63,-0.011742823585045414,-0.04340134707605936,-3.695989023571072,SMA,150,0.0,2.0,0.0
11,SMA_N150_th0_bL2_sL0,32,11_SMA_N150_th0_bL2_sL0_sl35_cool126,sl35_cool126,0.35,time_cooldown,126.0,0.126904225368347,0.6498753328623788,0.43614161066311347,0.29097023137829187,0.8799705690357451,0.22211674633278264,114,2,126.0,126,-0.006312654923122718,-0.009541842364908681,-1.5115418918207812,SMA,150,0.0,2.0,0.0
11,SMA_N150_th0_bL2_sL0,33,11_SMA_N150_th0_bL2_sL0_sl35_rec5,sl35_rec5,0.35,recovery_trigger,0.05,0.13055502148133824,0.6541840158254427,0.426599768298206,0.3060363159646078,0.8856671835713139,0.22744342777387644,124,2,11.0,14,-0.002661858810131479,-1.2212453270876722e-15,-4.587941788795892e-13,SMA,150,0.0,2.0,0.0
11,SMA_N150_th0_bL2_sL0,34,11_SMA_N150_th0_bL2_sL0_sl35_rec10,sl35_rec10,0.35,recovery_trigger,0.1,0.1288776408252279,0.6494474516385516,0.40489371509061617,0.3182999291465534,0.8800588951695929,0.22646584124704483,122,2,33.0,38,-0.004339239466241818,0.021706053207588616,5.002271337282997,SMA,150,0.0,2.0,0.0
11,SMA_N150_th0_bL2_sL0,35,11_SMA_N150_th0_bL2_sL0_sl35_rec15,sl35_rec15,0.35,recovery_trigger,0.15,0.12164127787473067,0.6223755938936472,0.46576038677694476,0.261167075020026,0.8420533685742329,0.2257064408921734,122,2,57.0,61,-0.01157560241673905,-0.03916061847873997,-3.3830307113961733,SMA,150,0.0,2.0,0.0
11,SMA_N150_th0_bL2_sL0,36,11_SMA_N150_th0_bL2_sL0_sl40_next,sl40_next,0.4,next_signal,,0.13321688029146972,0.664374099411894,0.4265997682982048,0.312276025894012,0.8997768179118333,0.22752277384215264,124,1,41.0,41,0.0,0.0,0.0,SMA,150,0.0,2.0,0.0
11,SMA_N150_th0_bL2_sL0,37,11_SMA_N150_th0_bL2_sL0_sl40_cool21,sl40_cool21,0.4,time_cooldown,21.0,0.13321688029146972,0.664374099411894,0.4265997682982048,0.312276025894012,0.8997768179118333,0.22752277384215264,124,1,21.0,21,0.0,0.0,0.0,SMA,150,0.0,2.0,0.0
11,SMA_N150_th0_bL2_sL0,38,11_SMA_N150_th0_bL2_sL0_sl40_cool63,sl40_cool63,0.4,time_cooldown,63.0,0.13370218973113324,0.6666537682391394,0.4224658120313453,0.316480495991503,0.9026794348558357,0.22731732573138594,122,1,63.0,63,0.00048530943966351714,0.004133956266859473,4.133956266859473,SMA,150,0.0,2.0,0.0
11,SMA_N150_th0_bL2_sL0,39,11_SMA_N150_th0_bL2_sL0_sl40_cool126,sl40_cool126,0.4,time_cooldown,126.0,0.12774437344376843,0.6472487179093069,0.4713297979192234,0.27102969939036464,0.8758630175195781,0.22526995734170982,122,1,126.0,126,-0.005472506847701286,-0.04473002962101863,-8.173590434118392,SMA,150,0.0,2.0,0.0
11,SMA_N150_th0_bL2_sL0,40,11_SMA_N150_th0_bL2_sL0_sl40_rec5,sl40_rec5,0.4,recovery_trigger,0.05,0.13321688029146972,0.664374099411894,0.4265997682982048,0.312276025894012,0.8997768179118333,0.22752277384215264,124,1,14.0,14,0.0,0.0,0.0,SMA,150,0.0,2.0,0.0
11,SMA_N150_th0_bL2_sL0,41,11_SMA_N150_th0_bL2_sL0_sl40_rec10,sl40_rec10,0.4,recovery_trigger,0.1,0.13321688029146972,0.664374099411894,0.4265997682982048,0.312276025894012,0.8997768179118333,0.22752277384215264,124,1,23.0,23,0.0,0.0,0.0,SMA,150,0.0,2.0,0.0
11,SMA_N150_th0_bL2_sL0,42,11_SMA_N150_th0_bL2_sL0_sl40_rec15,sl40_rec15,0.4,recovery_trigger,0.15,0.13321688029146972,0.664374099411894,0.4265997682982048,0.312276025894012,0.8997768179118333,0.22752277384215264,124,1,38.0,38,0.0,0.0,0.0,SMA,150,0.0,2.0,0.0
12,EMA_N100_th5_bL1_sL0,0,12_EMA_N100_th5_bL1_sL0_baseline,baseline,,—,,0.08784372585063949,0.7747612524040447,0.28267161828611304,0.3107624542684943,1.0584367843416684,0.11763101122110306,18,0,,0,0.0,0.0,0.0,EMA,100,0.05,1.0,0.0
12,EMA_N100_th5_bL1_sL0,1,12_EMA_N100_th5_bL1_sL0_sl15_next,sl15_next,0.15,next_signal,,0.057643860900579824,0.6126842176680997,0.2175599013013457,0.2649562743675655,0.8238640463137847,0.0995923360452654,18,2,647.0,1181,-0.030199864950059663,0.06511171698476734,2.156026760134194,EMA,100,0.05,1.0,0.0
12,EMA_N100_th5_bL1_sL0,2,12_EMA_N100_th5_bL1_sL0_sl15_cool21,sl15_cool21,0.15,time_cooldown,21.0,0.0917298473037198,0.8230159622540562,0.2175599013013462,0.4216303039072587,1.1269360661841448,0.11464370835748854,20,2,21.0,21,0.0038861214530803156,0.06511171698476684,16.75493619304058,EMA,100,0.05,1.0,0.0
12,EMA_N100_th5_bL1_sL0,3,12_EMA_N100_th5_bL1_sL0_sl15_cool63,sl15_cool63,0.15,time_cooldown,63.0,0.08743197411735015,0.7940790870145674,0.2175599013013456,0.40187540808012584,1.0845085701787203,0.11372124512693917,20,2,63.0,63,-0.0004117517332893339,0.06511171698476745,65.11171698476744,EMA,100,0.05,1.0,0.0
12,EMA_N100_th5_bL1_sL0,4,12_EMA_N100_th5_bL1_sL0_sl15_cool126,sl15_cool126,0.15,time_cooldown,126.0,0.08691708298104439,0.797209705402155,0.23172766768416347,0.37508288867563827,1.0877862817762751,0.11250834095644256,20,2,126.0,126,-0.0009266428695950957,0.05094395060194956,50.94395060194956,EMA,100,0.05,1.0,0.0
12,EMA_N100_th5_bL1_sL0,5,12_EMA_N100_th5_bL1_sL0_sl15_rec5,sl15_rec5,0.15,recovery_trigger,0.05,0.08290343103869824,0.7505334183535446,0.2818130457117759,0.2941788263538646,1.0211478006025752,0.11494749170292447,24,3,16.0,20,-0.004940294811941248,0.0008585725743371353,0.17378974474597525,EMA,100,0.05,1.0,0.0
12,EMA_N100_th5_bL1_sL0,6,12_EMA_N100_th5_bL1_sL0_sl15_rec10,sl15_rec10,0.15,recovery_trigger,0.1,0.09001617590539057,0.814186542530697,0.2175599013013459,0.413753524279769,1.1128067362984688,0.11384575101795655,20,2,49.5,57,0.002172450054751085,0.06511171698476714,29.971559917968985,EMA,100,0.05,1.0,0.0
12,EMA_N100_th5_bL1_sL0,7,12_EMA_N100_th5_bL1_sL0_sl15_rec15,sl15_rec15,0.15,recovery_trigger,0.15,0.08653005313675655,0.787071752910569,0.2175599013013458,0.39772978668942466,1.0744763290815957,0.11367236671365556,20,2,88.0,112,-0.0013136727138829407,0.06511171698476723,49.56464140319293,EMA,100,0.05,1.0,0.0
12,EMA_N100_th5_bL1_sL0,8,12_EMA_N100_th5_bL1_sL0_sl20_next,sl20_next,0.2,next_signal,,0.05054633372620798,0.5340612711815833,0.2671423968477797,0.18921120092745805,0.7123940286263163,0.10213251505083269,18,2,629.5,1164,-0.037297392124431505,0.015529221438333352,0.4163621249047329,EMA,100,0.05,1.0,0.0
12,EMA_N100_th5_bL1_sL0,9,12_EMA_N100_th5_bL1_sL0_sl20_cool21,sl20_cool21,0.2,time_cooldown,21.0,0.08321475874176354,0.7460535436663904,0.26714239684777974,0.3114996336174228,1.0129972332854487,0.11622290155249472,20,2,21.0,21,-0.004628967108875948,0.015529221438333296,3.35479191644208,EMA,100,0.05,1.0,0.0
12,EMA_N100_th5_bL1_sL0,10,12_EMA_N100_th5_bL1_sL0_sl20_cool63,sl20_cool63,0.2,time_cooldown,63.0,0.07781168590680276,0.7050144369583258,0.2671423968477797,0.29127419243430913,0.9554606242718001,0.11583053394054742,20,2,63.0,63,-0.010032039943836724,0.015529221438333352,1.547962480738912,EMA,100,0.05,1.0,0.0
12,EMA_N100_th5_bL1_sL0,11,12_EMA_N100_th5_bL1_sL0_sl20_cool126,sl20_cool126,0.2,time_cooldown,126.0,0.08277658134790689,0.7554894333296878,0.23695839489710477,0.34932960017665227,1.0237457602337863,0.11387860537240847,20,2,126.0,126,-0.005067144502732601,0.04571322338900827,9.021495906492525,EMA,100,0.05,1.0,0.0
12,EMA_N100_th5_bL1_sL0,12,12_EMA_N100_th5_bL1_sL0_sl20_rec5,sl20_rec5,0.2,recovery_trigger,0.05,0.0843932364748734,0.7518999706301542,0.2671423968477794,0.31591105519264157,1.022381414866732,0.1168645282247927,20,2,7.5,12,-0.003450489375766086,0.015529221438333629,4.500585206087121,EMA,100,0.05,1.0,0.0
12,EMA_N100_th5_bL1_sL0,13,12_EMA_N100_th5_bL1_sL0_sl20_rec10,sl20_rec10,0.2,recovery_trigger,0.1,0.08270140794332237,0.7427376024128794,0.2671423968477794,0.309577996301525,1.008072699846124,0.11608143501071981,20,2,32.0,39,-0.005142317907317118,0.015529221438333629,3.019887474525205,EMA,100,0.05,1.0,0.0
12,EMA_N100_th5_bL1_sL0,14,12_EMA_N100_th5_bL1_sL0_sl20_rec15,sl20_rec15,0.2,recovery_trigger,0.15,0.07923867948727126,0.7160226894600642,0.26714239684777924,0.2966158888378259,0.9706996631855772,0.11591068058301622,20,2,70.5,94,-0.00860504636336823,0.015529221438333796,1.8046644704253831,EMA,100,0.05,1.0,0.0
12,EMA_N100_th5_bL1_sL0,15,12_EMA_N100_th5_bL1_sL0_sl25_next,sl25_next,0.25,next_signal,,0.0647907857214618,0.6313111058975404,0.26798554166212146,0.24176970637897544,0.8545613962343401,0.10885313165528313,18,1,577.0,577,-0.02305294012917769,0.014686076623991573,0.6370587240368386,EMA,100,0.05,1.0,0.0
12,EMA_N100_th5_bL1_sL0,16,12_EMA_N100_th5_bL1_sL0_sl25_cool21,sl25_cool21,0.25,time_cooldown,21.0,0.08854339911764675,0.7838911239802757,0.2593408962179748,0.34141703221086445,1.0707705299551793,0.11698447956748301,20,1,21.0,21,0.0006996732670072614,0.023330722068138243,23.330722068138243,EMA,100,0.05,1.0,0.0
12,EMA_N100_th5_bL1_sL0,17,12_EMA_N100_th5_bL1_sL0_sl25_cool63,sl25_cool63,0.25,time_cooldown,63.0,0.08428089390745241,0.7537155052212724,0.2729588792145608,0.30876773142522673,1.026873543257641,0.1163667638479994,20,1,63.0,63,-0.0035628319431870725,0.009712739071552234,2.7261288846714065,EMA,100,0.05,1.0,0.0
12,EMA_N100_th5_bL1_sL0,18,12_EMA_N100_th5_bL1_sL0_sl25_cool126,sl25_cool126,0.25,time_cooldown,126.0,0.0811244500968733,0.7323562987505853,0.30329792662580257,0.26747446314383005,0.9961571547953751,0.11566904230681872,20,1,126.0,126,-0.006719275753766185,-0.020626308339689536,-3.0697219604550976,EMA,100,0.05,1.0,0.0
12,EMA_N100_th5_bL1_sL0,19,12_EMA_N100_th5_bL1_sL0_sl25_rec5,sl25_rec5,0.25,recovery_trigger,0.05,0.0866551073434687,0.769451181702213,0.2593408962179748,0.334135913799864,1.050418974522223,0.1169122940438603,20,1,27.0,27,-0.00118861850717078,0.023330722068138243,19.628435807945987,EMA,100,0.05,1.0,0.0
12,EMA_N100_th5_bL1_sL0,20,12_EMA_N100_th5_bL1_sL0_sl25_rec10,sl25_rec10,0.25,recovery_trigger,0.1,0.08288802197648382,0.7436859080462085,0.28398283665192675,0.2918768716930536,1.0124316512410372,0.11617809481567407,20,1,71.0,71,-0.00495570387415567,-0.0013112183658137155,-0.2645877153095865,EMA,100,0.05,1.0,0.0
12,EMA_N100_th5_bL1_sL0,21,12_EMA_N100_th5_bL1_sL0_sl25_rec15,sl25_rec15,0.25,recovery_trigger,0.15,0.08071316299926479,0.7268090408670829,0.30773144026223753,0.26228442219125864,0.9888242269308914,0.11609649226187792,20,1,80.0,80,-0.0071305628513747,-0.025059821976124497,-3.5144241062671817,EMA,100,0.05,1.0,0.0
12,EMA_N100_th5_bL1_sL0,22,12_EMA_N100_th5_bL1_sL0_sl30_next,sl30_next,0.3,next_signal,,0.08784372585063949,0.7747612524040447,0.28267161828611304,0.3107624542684943,1.0584367843416684,0.11763101122110306,18,0,,0,0.0,0.0,0.0,EMA,100,0.05,1.0,0.0
12,EMA_N100_th5_bL1_sL0,23,12_EMA_N100_th5_bL1_sL0_sl30_cool21,sl30_cool21,0.3,time_cooldown,21.0,0.08784372585063949,0.7747612524040447,0.28267161828611304,0.3107624542684943,1.0584367843416684,0.11763101122110306,18,0,,0,0.0,0.0,0.0,EMA,100,0.05,1.0,0.0
12,EMA_N100_th5_bL1_sL0,24,12_EMA_N100_th5_bL1_sL0_sl30_cool63,sl30_cool63,0.3,time_cooldown,63.0,0.08784372585063949,0.7747612524040447,0.28267161828611304,0.3107624542684943,1.0584367843416684,0.11763101122110306,18,0,,0,0.0,0.0,0.0,EMA,100,0.05,1.0,0.0
12,EMA_N100_th5_bL1_sL0,25,12_EMA_N100_th5_bL1_sL0_sl30_cool126,sl30_cool126,0.3,time_cooldown,126.0,0.08784372585063949,0.7747612524040447,0.28267161828611304,0.3107624542684943,1.0584367843416684,0.11763101122110306,18,0,,0,0.0,0.0,0.0,EMA,100,0.05,1.0,0.0
12,EMA_N100_th5_bL1_sL0,26,12_EMA_N100_th5_bL1_sL0_sl30_rec5,sl30_rec5,0.3,recovery_trigger,0.05,0.08784372585063949,0.7747612524040447,0.28267161828611304,0.3107624542684943,1.0584367843416684,0.11763101122110306,18,0,,0,0.0,0.0,0.0,EMA,100,0.05,1.0,0.0
12,EMA_N100_th5_bL1_sL0,27,12_EMA_N100_th5_bL1_sL0_sl30_rec10,sl30_rec10,0.3,recovery_trigger,0.1,0.08784372585063949,0.7747612524040447,0.28267161828611304,0.3107624542684943,1.0584367843416684,0.11763101122110306,18,0,,0,0.0,0.0,0.0,EMA,100,0.05,1.0,0.0
12,EMA_N100_th5_bL1_sL0,28,12_EMA_N100_th5_bL1_sL0_sl30_rec15,sl30_rec15,0.3,recovery_trigger,0.15,0.08784372585063949,0.7747612524040447,0.28267161828611304,0.3107624542684943,1.0584367843416684,0.11763101122110306,18,0,,0,0.0,0.0,0.0,EMA,100,0.05,1.0,0.0
12,EMA_N100_th5_bL1_sL0,29,12_EMA_N100_th5_bL1_sL0_sl35_next,sl35_next,0.35,next_signal,,0.08784372585063949,0.7747612524040447,0.28267161828611304,0.3107624542684943,1.0584367843416684,0.11763101122110306,18,0,,0,0.0,0.0,0.0,EMA,100,0.05,1.0,0.0
12,EMA_N100_th5_bL1_sL0,30,12_EMA_N100_th5_bL1_sL0_sl35_cool21,sl35_cool21,0.35,time_cooldown,21.0,0.08784372585063949,0.7747612524040447,0.28267161828611304,0.3107624542684943,1.0584367843416684,0.11763101122110306,18,0,,0,0.0,0.0,0.0,EMA,100,0.05,1.0,0.0
12,EMA_N100_th5_bL1_sL0,31,12_EMA_N100_th5_bL1_sL0_sl35_cool63,sl35_cool63,0.35,time_cooldown,63.0,0.08784372585063949,0.7747612524040447,0.28267161828611304,0.3107624542684943,1.0584367843416684,0.11763101122110306,18,0,,0,0.0,0.0,0.0,EMA,100,0.05,1.0,0.0
12,EMA_N100_th5_bL1_sL0,32,12_EMA_N100_th5_bL1_sL0_sl35_cool126,sl35_cool126,0.35,time_cooldown,126.0,0.08784372585063949,0.7747612524040447,0.28267161828611304,0.3107624542684943,1.0584367843416684,0.11763101122110306,18,0,,0,0.0,0.0,0.0,EMA,100,0.05,1.0,0.0
12,EMA_N100_th5_bL1_sL0,33,12_EMA_N100_th5_bL1_sL0_sl35_rec5,sl35_rec5,0.35,recovery_trigger,0.05,0.08784372585063949,0.7747612524040447,0.28267161828611304,0.3107624542684943,1.0584367843416684,0.11763101122110306,18,0,,0,0.0,0.0,0.0,EMA,100,0.05,1.0,0.0
12,EMA_N100_th5_bL1_sL0,34,12_EMA_N100_th5_bL1_sL0_sl35_rec10,sl35_rec10,0.35,recovery_trigger,0.1,0.08784372585063949,0.7747612524040447,0.28267161828611304,0.3107624542684943,1.0584367843416684,0.11763101122110306,18,0,,0,0.0,0.0,0.0,EMA,100,0.05,1.0,0.0
12,EMA_N100_th5_bL1_sL0,35,12_EMA_N100_th5_bL1_sL0_sl35_rec15,sl35_rec15,0.35,recovery_trigger,0.15,0.08784372585063949,0.7747612524040447,0.28267161828611304,0.3107624542684943,1.0584367843416684,0.11763101122110306,18,0,,0,0.0,0.0,0.0,EMA,100,0.05,1.0,0.0
12,EMA_N100_th5_bL1_sL0,36,12_EMA_N100_th5_bL1_sL0_sl40_next,sl40_next,0.4,next_signal,,0.08784372585063949,0.7747612524040447,0.28267161828611304,0.3107624542684943,1.0584367843416684,0.11763101122110306,18,0,,0,0.0,0.0,0.0,EMA,100,0.05,1.0,0.0
12,EMA_N100_th5_bL1_sL0,37,12_EMA_N100_th5_bL1_sL0_sl40_cool21,sl40_cool21,0.4,time_cooldown,21.0,0.08784372585063949,0.7747612524040447,0.28267161828611304,0.3107624542684943,1.0584367843416684,0.11763101122110306,18,0,,0,0.0,0.0,0.0,EMA,100,0.05,1.0,0.0
12,EMA_N100_th5_bL1_sL0,38,12_EMA_N100_th5_bL1_sL0_sl40_cool63,sl40_cool63,0.4,time_cooldown,63.0,0.08784372585063949,0.7747612524040447,0.28267161828611304,0.3107624542684943,1.0584367843416684,0.11763101122110306,18,0,,0,0.0,0.0,0.0,EMA,100,0.05,1.0,0.0
12,EMA_N100_th5_bL1_sL0,39,12_EMA_N100_th5_bL1_sL0_sl40_cool126,sl40_cool126,0.4,time_cooldown,126.0,0.08784372585063949,0.7747612524040447,0.28267161828611304,0.3107624542684943,1.0584367843416684,0.11763101122110306,18,0,,0,0.0,0.0,0.0,EMA,100,0.05,1.0,0.0
12,EMA_N100_th5_bL1_sL0,40,12_EMA_N100_th5_bL1_sL0_sl40_rec5,sl40_rec5,0.4,recovery_trigger,0.05,0.08784372585063949,0.7747612524040447,0.28267161828611304,0.3107624542684943,1.0584367843416684,0.11763101122110306,18,0,,0,0.0,0.0,0.0,EMA,100,0.05,1.0,0.0
12,EMA_N100_th5_bL1_sL0,41,12_EMA_N100_th5_bL1_sL0_sl40_rec10,sl40_rec10,0.4,recovery_trigger,0.1,0.08784372585063949,0.7747612524040447,0.28267161828611304,0.3107624542684943,1.0584367843416684,0.11763101122110306,18,0,,0,0.0,0.0,0.0,EMA,100,0.05,1.0,0.0
12,EMA_N100_th5_bL1_sL0,42,12_EMA_N100_th5_bL1_sL0_sl40_rec15,sl40_rec15,0.4,recovery_trigger,0.15,0.08784372585063949,0.7747612524040447,0.28267161828611304,0.3107624542684943,1.0584367843416684,0.11763101122110306,18,0,,0,0.0,0.0,0.0,EMA,100,0.05,1.0,0.0
13,SMA_N200_th2_bL1_sL0,0,13_SMA_N200_th2_bL1_sL0_baseline,baseline,,—,,0.08454756600810742,0.7443159283859181,0.2352072520142605,0.3594598605445267,1.010258516798268,0.11851693776902983,26,0,,0,0.0,0.0,0.0,SMA,200,0.02,1.0,0.0
13,SMA_N200_th2_bL1_sL0,1,13_SMA_N200_th2_bL1_sL0_sl15_next,sl15_next,0.15,next_signal,,0.09042093794076322,0.8036884916312502,0.19083976957839452,0.4738055287979137,1.1020559234531258,0.11612007267792293,26,3,101.66666666666667,188,0.005873371932655802,0.04436748243586597,7.554005253640395,SMA,200,0.02,1.0,0.0
13,SMA_N200_th2_bL1_sL0,2,13_SMA_N200_th2_bL1_sL0_sl15_cool21,sl15_cool21,0.15,time_cooldown,21.0,0.09042093794076322,0.8036884916312502,0.19083976957839452,0.4738055287979137,1.1020559234531258,0.11612007267792293,26,3,21.0,21,0.005873371932655802,0.04436748243586597,7.554005253640395,SMA,200,0.02,1.0,0.0
13,SMA_N200_th2_bL1_sL0,3,13_SMA_N200_th2_bL1_sL0_sl15_cool63,sl15_cool63,0.15,time_cooldown,63.0,0.08911176469792004,0.7935673929436349,0.19083976957839385,0.4669454636986154,1.0878896537751017,0.11608138028527493,26,3,63.0,63,0.004564198689812615,0.044367482435866634,9.720760521424223,SMA,200,0.02,1.0,0.0
13,SMA_N200_th2_bL1_sL0,4,13_SMA_N200_th2_bL1_sL0_sl15_cool126,sl15_cool126,0.15,time_cooldown,126.0,0.08023170733856877,0.7402267505500605,0.2159239331405643,0.3715739435254671,1.0175193463322665,0.11288499575707088,26,3,126.0,126,-0.0043158586695386525,0.019283318873696192,4.468014443984909,SMA,200,0.02,1.0,0.0
13,SMA_N200_th2_bL1_sL0,5,13_SMA_N200_th2_bL1_sL0_sl15_rec5,sl15_rec5,0.15,recovery_trigger,0.05,0.09042093794076322,0.8036884916312502,0.19083976957839452,0.4738055287979137,1.1020559234531258,0.11612007267792293,26,3,12.333333333333334,25,0.005873371932655802,0.04436748243586597,7.554005253640395,SMA,200,0.02,1.0,0.0
13,SMA_N200_th2_bL1_sL0,6,13_SMA_N200_th2_bL1_sL0_sl15_rec10,sl15_rec10,0.15,recovery_trigger,0.1,0.09042093794076322,0.8036884916312502,0.19083976957839452,0.4738055287979137,1.1020559234531258,0.11612007267792293,26,3,37.666666666666664,66,0.005873371932655802,0.04436748243586597,7.554005253640395,SMA,200,0.02,1.0,0.0
13,SMA_N200_th2_bL1_sL0,7,13_SMA_N200_th2_bL1_sL0_sl15_rec15,sl15_rec15,0.15,recovery_trigger,0.15,0.09042093794076322,0.8036884916312502,0.19083976957839452,0.4738055287979137,1.1020559234531258,0.11612007267792293,26,3,46.0,75,0.005873371932655802,0.04436748243586597,7.554005253640395,SMA,200,0.02,1.0,0.0
13,SMA_N200_th2_bL1_sL0,8,13_SMA_N200_th2_bL1_sL0_sl20_next,sl20_next,0.2,next_signal,,0.08454756600810742,0.7443159283859181,0.2352072520142605,0.3594598605445267,1.010258516798268,0.11851693776902983,26,1,55.0,55,0.0,0.0,0.0,SMA,200,0.02,1.0,0.0
13,SMA_N200_th2_bL1_sL0,9,13_SMA_N200_th2_bL1_sL0_sl20_cool21,sl20_cool21,0.2,time_cooldown,21.0,0.08454756600810742,0.7443159283859181,0.2352072520142605,0.3594598605445267,1.010258516798268,0.11851693776902983,26,1,21.0,21,0.0,0.0,0.0,SMA,200,0.02,1.0,0.0
13,SMA_N200_th2_bL1_sL0,10,13_SMA_N200_th2_bL1_sL0_sl20_cool63,sl20_cool63,0.2,time_cooldown,63.0,0.08049622989405458,0.7140686827934822,0.2817526522397486,0.28569821527557027,0.9670782906530333,0.1182522398358718,26,1,63.0,63,-0.004051336114052839,-0.046545400225488115,-11.488901171155964,SMA,200,0.02,1.0,0.0
13,SMA_N200_th2_bL1_sL0,11,13_SMA_N200_th2_bL1_sL0_sl20_cool126,sl20_cool126,0.2,time_cooldown,126.0,0.07647088995735807,0.6944725451292713,0.2697588522953916,0.2834787044305069,0.9452577376260701,0.11579256414144203,26,1,126.0,126,-0.008076676050749354,-0.034551600281131106,-4.277948015251325,SMA,200,0.02,1.0,0.0
13,SMA_N200_th2_bL1_sL0,12,13_SMA_N200_th2_bL1_sL0_sl20_rec5,sl20_rec5,0.2,recovery_trigger,0.05,0.08454756600810742,0.7443159283859181,0.2352072520142605,0.3594598605445267,1.010258516798268,0.11851693776902983,26,1,1.0,1,0.0,0.0,0.0,SMA,200,0.02,1.0,0.0
13,SMA_N200_th2_bL1_sL0,13,13_SMA_N200_th2_bL1_sL0_sl20_rec10,sl20_rec10,0.2,recovery_trigger,0.1,0.08454756600810742,0.7443159283859181,0.2352072520142605,0.3594598605445267,1.010258516798268,0.11851693776902983,26,1,12.0,12,0.0,0.0,0.0,SMA,200,0.02,1.0,0.0
13,SMA_N200_th2_bL1_sL0,14,13_SMA_N200_th2_bL1_sL0_sl20_rec15,sl20_rec15,0.2,recovery_trigger,0.15,0.08454756600810742,0.7443159283859181,0.2352072520142605,0.3594598605445267,1.010258516798268,0.11851693776902983,26,1,13.0,13,0.0,0.0,0.0,SMA,200,0.02,1.0,0.0
13,SMA_N200_th2_bL1_sL0,15,13_SMA_N200_th2_bL1_sL0_sl25_next,sl25_next,0.25,next_signal,,0.08454756600810742,0.7443159283859181,0.2352072520142605,0.3594598605445267,1.010258516798268,0.11851693776902983,26,0,,0,0.0,0.0,0.0,SMA,200,0.02,1.0,0.0
13,SMA_N200_th2_bL1_sL0,16,13_SMA_N200_th2_bL1_sL0_sl25_cool21,sl25_cool21,0.25,time_cooldown,21.0,0.08454756600810742,0.7443159283859181,0.2352072520142605,0.3594598605445267,1.010258516798268,0.11851693776902983,26,0,,0,0.0,0.0,0.0,SMA,200,0.02,1.0,0.0
13,SMA_N200_th2_bL1_sL0,17,13_SMA_N200_th2_bL1_sL0_sl25_cool63,sl25_cool63,0.25,time_cooldown,63.0,0.08454756600810742,0.7443159283859181,0.2352072520142605,0.3594598605445267,1.010258516798268,0.11851693776902983,26,0,,0,0.0,0.0,0.0,SMA,200,0.02,1.0,0.0
13,SMA_N200_th2_bL1_sL0,18,13_SMA_N200_th2_bL1_sL0_sl25_cool126,sl25_cool126,0.25,time_cooldown,126.0,0.08454756600810742,0.7443159283859181,0.2352072520142605,0.3594598605445267,1.010258516798268,0.11851693776902983,26,0,,0,0.0,0.0,0.0,SMA,200,0.02,1.0,0.0
13,SMA_N200_th2_bL1_sL0,19,13_SMA_N200_th2_bL1_sL0_sl25_rec5,sl25_rec5,0.25,recovery_trigger,0.05,0.08454756600810742,0.7443159283859181,0.2352072520142605,0.3594598605445267,1.010258516798268,0.11851693776902983,26,0,,0,0.0,0.0,0.0,SMA,200,0.02,1.0,0.0
13,SMA_N200_th2_bL1_sL0,20,13_SMA_N200_th2_bL1_sL0_sl25_rec10,sl25_rec10,0.25,recovery_trigger,0.1,0.08454756600810742,0.7443159283859181,0.2352072520142605,0.3594598605445267,1.010258516798268,0.11851693776902983,26,0,,0,0.0,0.0,0.0,SMA,200,0.02,1.0,0.0
13,SMA_N200_th2_bL1_sL0,21,13_SMA_N200_th2_bL1_sL0_sl25_rec15,sl25_rec15,0.25,recovery_trigger,0.15,0.08454756600810742,0.7443159283859181,0.2352072520142605,0.3594598605445267,1.010258516798268,0.11851693776902983,26,0,,0,0.0,0.0,0.0,SMA,200,0.02,1.0,0.0
13,SMA_N200_th2_bL1_sL0,22,13_SMA_N200_th2_bL1_sL0_sl30_next,sl30_next,0.3,next_signal,,0.08454756600810742,0.7443159283859181,0.2352072520142605,0.3594598605445267,1.010258516798268,0.11851693776902983,26,0,,0,0.0,0.0,0.0,SMA,200,0.02,1.0,0.0
13,SMA_N200_th2_bL1_sL0,23,13_SMA_N200_th2_bL1_sL0_sl30_cool21,sl30_cool21,0.3,time_cooldown,21.0,0.08454756600810742,0.7443159283859181,0.2352072520142605,0.3594598605445267,1.010258516798268,0.11851693776902983,26,0,,0,0.0,0.0,0.0,SMA,200,0.02,1.0,0.0
13,SMA_N200_th2_bL1_sL0,24,13_SMA_N200_th2_bL1_sL0_sl30_cool63,sl30_cool63,0.3,time_cooldown,63.0,0.08454756600810742,0.7443159283859181,0.2352072520142605,0.3594598605445267,1.010258516798268,0.11851693776902983,26,0,,0,0.0,0.0,0.0,SMA,200,0.02,1.0,0.0
13,SMA_N200_th2_bL1_sL0,25,13_SMA_N200_th2_bL1_sL0_sl30_cool126,sl30_cool126,0.3,time_cooldown,126.0,0.08454756600810742,0.7443159283859181,0.2352072520142605,0.3594598605445267,1.010258516798268,0.11851693776902983,26,0,,0,0.0,0.0,0.0,SMA,200,0.02,1.0,0.0
13,SMA_N200_th2_bL1_sL0,26,13_SMA_N200_th2_bL1_sL0_sl30_rec5,sl30_rec5,0.3,recovery_trigger,0.05,0.08454756600810742,0.7443159283859181,0.2352072520142605,0.3594598605445267,1.010258516798268,0.11851693776902983,26,0,,0,0.0,0.0,0.0,SMA,200,0.02,1.0,0.0
13,SMA_N200_th2_bL1_sL0,27,13_SMA_N200_th2_bL1_sL0_sl30_rec10,sl30_rec10,0.3,recovery_trigger,0.1,0.08454756600810742,0.7443159283859181,0.2352072520142605,0.3594598605445267,1.010258516798268,0.11851693776902983,26,0,,0,0.0,0.0,0.0,SMA,200,0.02,1.0,0.0
13,SMA_N200_th2_bL1_sL0,28,13_SMA_N200_th2_bL1_sL0_sl30_rec15,sl30_rec15,0.3,recovery_trigger,0.15,0.08454756600810742,0.7443159283859181,0.2352072520142605,0.3594598605445267,1.010258516798268,0.11851693776902983,26,0,,0,0.0,0.0,0.0,SMA,200,0.02,1.0,0.0
13,SMA_N200_th2_bL1_sL0,29,13_SMA_N200_th2_bL1_sL0_sl35_next,sl35_next,0.35,next_signal,,0.08454756600810742,0.7443159283859181,0.2352072520142605,0.3594598605445267,1.010258516798268,0.11851693776902983,26,0,,0,0.0,0.0,0.0,SMA,200,0.02,1.0,0.0
13,SMA_N200_th2_bL1_sL0,30,13_SMA_N200_th2_bL1_sL0_sl35_cool21,sl35_cool21,0.35,time_cooldown,21.0,0.08454756600810742,0.7443159283859181,0.2352072520142605,0.3594598605445267,1.010258516798268,0.11851693776902983,26,0,,0,0.0,0.0,0.0,SMA,200,0.02,1.0,0.0
13,SMA_N200_th2_bL1_sL0,31,13_SMA_N200_th2_bL1_sL0_sl35_cool63,sl35_cool63,0.35,time_cooldown,63.0,0.08454756600810742,0.7443159283859181,0.2352072520142605,0.3594598605445267,1.010258516798268,0.11851693776902983,26,0,,0,0.0,0.0,0.0,SMA,200,0.02,1.0,0.0
13,SMA_N200_th2_bL1_sL0,32,13_SMA_N200_th2_bL1_sL0_sl35_cool126,sl35_cool126,0.35,time_cooldown,126.0,0.08454756600810742,0.7443159283859181,0.2352072520142605,0.3594598605445267,1.010258516798268,0.11851693776902983,26,0,,0,0.0,0.0,0.0,SMA,200,0.02,1.0,0.0
13,SMA_N200_th2_bL1_sL0,33,13_SMA_N200_th2_bL1_sL0_sl35_rec5,sl35_rec5,0.35,recovery_trigger,0.05,0.08454756600810742,0.7443159283859181,0.2352072520142605,0.3594598605445267,1.010258516798268,0.11851693776902983,26,0,,0,0.0,0.0,0.0,SMA,200,0.02,1.0,0.0
13,SMA_N200_th2_bL1_sL0,34,13_SMA_N200_th2_bL1_sL0_sl35_rec10,sl35_rec10,0.35,recovery_trigger,0.1,0.08454756600810742,0.7443159283859181,0.2352072520142605,0.3594598605445267,1.010258516798268,0.11851693776902983,26,0,,0,0.0,0.0,0.0,SMA,200,0.02,1.0,0.0
13,SMA_N200_th2_bL1_sL0,35,13_SMA_N200_th2_bL1_sL0_sl35_rec15,sl35_rec15,0.35,recovery_trigger,0.15,0.08454756600810742,0.7443159283859181,0.2352072520142605,0.3594598605445267,1.010258516798268,0.11851693776902983,26,0,,0,0.0,0.0,0.0,SMA,200,0.02,1.0,0.0
13,SMA_N200_th2_bL1_sL0,36,13_SMA_N200_th2_bL1_sL0_sl40_next,sl40_next,0.4,next_signal,,0.08454756600810742,0.7443159283859181,0.2352072520142605,0.3594598605445267,1.010258516798268,0.11851693776902983,26,0,,0,0.0,0.0,0.0,SMA,200,0.02,1.0,0.0
13,SMA_N200_th2_bL1_sL0,37,13_SMA_N200_th2_bL1_sL0_sl40_cool21,sl40_cool21,0.4,time_cooldown,21.0,0.08454756600810742,0.7443159283859181,0.2352072520142605,0.3594598605445267,1.010258516798268,0.11851693776902983,26,0,,0,0.0,0.0,0.0,SMA,200,0.02,1.0,0.0
13,SMA_N200_th2_bL1_sL0,38,13_SMA_N200_th2_bL1_sL0_sl40_cool63,sl40_cool63,0.4,time_cooldown,63.0,0.08454756600810742,0.7443159283859181,0.2352072520142605,0.3594598605445267,1.010258516798268,0.11851693776902983,26,0,,0,0.0,0.0,0.0,SMA,200,0.02,1.0,0.0
13,SMA_N200_th2_bL1_sL0,39,13_SMA_N200_th2_bL1_sL0_sl40_cool126,sl40_cool126,0.4,time_cooldown,126.0,0.08454756600810742,0.7443159283859181,0.2352072520142605,0.3594598605445267,1.010258516798268,0.11851693776902983,26,0,,0,0.0,0.0,0.0,SMA,200,0.02,1.0,0.0
13,SMA_N200_th2_bL1_sL0,40,13_SMA_N200_th2_bL1_sL0_sl40_rec5,sl40_rec5,0.4,recovery_trigger,0.05,0.08454756600810742,0.7443159283859181,0.2352072520142605,0.3594598605445267,1.010258516798268,0.11851693776902983,26,0,,0,0.0,0.0,0.0,SMA,200,0.02,1.0,0.0
13,SMA_N200_th2_bL1_sL0,41,13_SMA_N200_th2_bL1_sL0_sl40_rec10,sl40_rec10,0.4,recovery_trigger,0.1,0.08454756600810742,0.7443159283859181,0.2352072520142605,0.3594598605445267,1.010258516798268,0.11851693776902983,26,0,,0,0.0,0.0,0.0,SMA,200,0.02,1.0,0.0
13,SMA_N200_th2_bL1_sL0,42,13_SMA_N200_th2_bL1_sL0_sl40_rec15,sl40_rec15,0.4,recovery_trigger,0.15,0.08454756600810742,0.7443159283859181,0.2352072520142605,0.3594598605445267,1.010258516798268,0.11851693776902983,26,0,,0,0.0,0.0,0.0,SMA,200,0.02,1.0,0.0
14,SMA_N200_th0_bL3_sL0,0,14_SMA_N200_th0_bL3_sL0_baseline,baseline,,—,,0.1782375249698851,0.6490988063340233,0.524230281727854,0.33999852962026017,0.8816797091953613,0.3461775057046284,90,0,,0,0.0,0.0,0.0,SMA,200,0.0,3.0,0.0
14,SMA_N200_th0_bL3_sL0,1,14_SMA_N200_th0_bL3_sL0_sl15_next,sl15_next,0.15,next_signal,,0.023919347094487398,0.21907513826348918,0.6478351905510508,0.03692196324522217,0.29367299163509103,0.22290568403197195,88,19,123.73684210526316,579,-0.1543181778753977,-0.12360490882319675,-0.8009743928093811,SMA,200,0.0,3.0,0.0
14,SMA_N200_th0_bL3_sL0,2,14_SMA_N200_th0_bL3_sL0_sl15_cool21,sl15_cool21,0.15,time_cooldown,21.0,0.09468433681548594,0.45408960353367755,0.5210774671888808,0.18170875306946374,0.6117379377519206,0.2987093133429952,94,33,21.0,21,-0.08355318815439916,0.003152814538973203,0.03773422186053596,SMA,200,0.0,3.0,0.0
14,SMA_N200_th0_bL3_sL0,3,14_SMA_N200_th0_bL3_sL0_sl15_cool63,sl15_cool63,0.15,time_cooldown,63.0,0.04067041163237661,0.28532825188192595,0.4746012535106461,0.08569385632999452,0.3795004857186737,0.25852952049862604,71,26,63.0,63,-0.13756711333750848,0.04962902821720794,0.3607623000378557,SMA,200,0.0,3.0,0.0
14,SMA_N200_th0_bL3_sL0,4,14_SMA_N200_th0_bL3_sL0_sl15_cool126,sl15_cool126,0.15,time_cooldown,126.0,-0.040138039355690935,-0.10095165529757487,0.5745877398252883,-0.06985537033542603,-0.12822770515939264,0.2013248170151712,49,20,126.0,126,-0.21837556432557603,-0.050357458097434304,-0.23060024253609435,SMA,200,0.0,3.0,0.0
14,SMA_N200_th0_bL3_sL0,5,14_SMA_N200_th0_bL3_sL0_sl15_rec5,sl15_rec5,0.15,recovery_trigger,0.05,0.0863540080513594,0.4240148264132729,0.6164192744863133,0.14008972727746327,0.5685677007807236,0.31059991174479223,102,35,15.114285714285714,44,-0.0918835169185257,-0.09218899275845926,-1.0033245989071624,SMA,200,0.0,3.0,0.0
14,SMA_N200_th0_bL3_sL0,6,14_SMA_N200_th0_bL3_sL0_sl15_rec10,sl15_rec10,0.15,recovery_trigger,0.1,0.046801282732234606,0.30785254735107015,0.4664896715534279,0.10032651436072443,0.4089042935242531,0.2597932483038526,70,26,58.80769230769231,148,-0.1314362422376505,0.05774061017442611,0.43930508961162357,SMA,200,0.0,3.0,0.0
14,SMA_N200_th0_bL3_sL0,7,14_SMA_N200_th0_bL3_sL0_sl15_rec15,sl15_rec15,0.15,recovery_trigger,0.15,-0.008538911999179444,0.07800932197825479,0.6834895057132742,-0.012493113541324133,0.1014066201124378,0.22739722018276345,57,21,105.1,248,-0.18677643696906454,-0.15925922398542014,-0.8526729954260663,SMA,200,0.0,3.0,0.0
14,SMA_N200_th0_bL3_sL0,8,14_SMA_N200_th0_bL3_sL0_sl20_next,sl20_next,0.2,next_signal,,0.11255678818595616,0.5249150813604874,0.6046361409271085,0.1861562360684711,0.7064769812201759,0.2776084941734338,90,14,80.42857142857143,408,-0.06568073678392894,-0.08040585919925447,-1.2241924061200322,SMA,200,0.0,3.0,0.0
14,SMA_N200_th0_bL3_sL0,9,14_SMA_N200_th0_bL3_sL0_sl20_cool21,sl20_cool21,0.2,time_cooldown,21.0,0.18695426635907175,0.704036843163481,0.4425640417968794,0.4224343794403362,0.9618171789128241,0.3145361249991969,75,19,21.0,21,0.008716741389186655,0.0816662399309746,9.368895586633291,SMA,200,0.0,3.0,0.0
14,SMA_N200_th0_bL3_sL0,10,14_SMA_N200_th0_bL3_sL0_sl20_cool63,sl20_cool63,0.2,time_cooldown,63.0,0.10103485034917381,0.4790871295700548,0.5258469312941036,0.19213737750742052,0.6438639720331388,0.28953272789704504,63,17,63.0,63,-0.07720267462071129,-0.0016166495662496283,-0.020940331072622283,SMA,200,0.0,3.0,0.0
14,SMA_N200_th0_bL3_sL0,11,14_SMA_N200_th0_bL3_sL0_sl20_cool126,sl20_cool126,0.2,time_cooldown,126.0,0.06656335970429517,0.380151215715083,0.6498548445755488,0.10242804260045314,0.5084814795101537,0.25818928609385994,49,14,126.0,126,-0.11167416526558993,-0.12562456284769474,-1.1249205449526054,SMA,200,0.0,3.0,0.0
14,SMA_N200_th0_bL3_sL0,12,14_SMA_N200_th0_bL3_sL0_sl20_rec5,sl20_rec5,0.2,recovery_trigger,0.05,0.11717859276720421,0.5059609799191863,0.5837766260247346,0.20072505054739784,0.6802508998518135,0.32428401436519927,94,22,15.090909090909092,40,-0.06105893220268088,-0.05954634429688055,-0.9752274097951893,SMA,200,0.0,3.0,0.0
14,SMA_N200_th0_bL3_sL0,13,14_SMA_N200_th0_bL3_sL0_sl20_rec10,sl20_rec10,0.2,recovery_trigger,0.1,0.12387181809286907,0.5457589234470436,0.5583587751151795,0.22184986358872305,0.7339911598504181,0.29445867523197267,62,18,47.55555555555556,113,-0.05436570687701603,-0.03412849338732549,-0.6277577419259833,SMA,200,0.0,3.0,0.0
14,SMA_N200_th0_bL3_sL0,14,14_SMA_N200_th0_bL3_sL0_sl20_rec15,sl20_rec15,0.2,recovery_trigger,0.15,0.068272510916769,0.3771576100512963,0.5490979855033127,0.12433575194086578,0.5025445576716501,0.2818907059877966,57,16,84.0,248,-0.1099650140531161,-0.02486770377545866,-0.2261419596913513,SMA,200,0.0,3.0,0.0
14,SMA_N200_th0_bL3_sL0,15,14_SMA_N200_th0_bL3_sL0_sl25_next,sl25_next,0.25,next_signal,,0.09060356471069109,0.4406542055575988,0.586144335926843,0.15457551861765217,0.5863933400013192,0.30161426164249816,90,11,82.0,336,-0.08763396025919401,-0.06191405419898899,-0.7065075458859381,SMA,200,0.0,3.0,0.0
14,SMA_N200_th0_bL3_sL0,16,14_SMA_N200_th0_bL3_sL0_sl25_cool21,sl25_cool21,0.25,time_cooldown,21.0,0.16102936657537348,0.6183246042833259,0.5215413025434968,0.30875669058241756,0.8408582132381025,0.3313079940758303,76,12,21.0,21,-0.01720815839451162,0.0026889791843571764,0.1562618801332513,SMA,200,0.0,3.0,0.0
14,SMA_N200_th0_bL3_sL0,17,14_SMA_N200_th0_bL3_sL0_sl25_cool63,sl25_cool63,0.25,time_cooldown,63.0,0.11623301287402277,0.510389955314785,0.5757076162409925,0.20189590965106732,0.6880065662035373,0.3120703077858767,64,12,63.0,63,-0.06200451209586233,-0.05147733451313852,-0.8302191691074317,SMA,200,0.0,3.0,0.0
14,SMA_N200_th0_bL3_sL0,18,14_SMA_N200_th0_bL3_sL0_sl25_cool126,sl25_cool126,0.25,time_cooldown,126.0,0.0718763657417858,0.38643604480679167,0.6400436656595134,0.11229915957018806,0.521125454766753,0.2883435023335732,60,10,126.0,126,-0.1063611592280993,-0.11581338393165941,-1.0888691395633354,SMA,200,0.0,3.0,0.0
14,SMA_N200_th0_bL3_sL0,19,14_SMA_N200_th0_bL3_sL0_sl25_rec5,sl25_rec5,0.25,recovery_trigger,0.05,0.15050052754460252,0.5848048533888988,0.5748675659404112,0.2618003457864292,0.7929361100322274,0.3394908687879076,84,13,12.923076923076923,31,-0.027736997425282572,-0.0506372842125572,-1.8256224145732791,SMA,200,0.0,3.0,0.0
14,SMA_N200_th0_bL3_sL0,20,14_SMA_N200_th0_bL3_sL0_sl25_rec10,sl25_rec10,0.25,recovery_trigger,0.1,0.15159887400057293,0.6078974342185699,0.5206785430470248,0.29115636898231345,0.823294747825981,0.31469279348865753,64,12,46.25,110,-0.026638650969312172,0.003551738680829253,0.1333302758056656,SMA,200,0.0,3.0,0.0
14,SMA_N200_th0_bL3_sL0,21,14_SMA_N200_th0_bL3_sL0_sl25_rec15,sl25_rec15,0.25,recovery_trigger,0.15,0.10664678094866731,0.48570340743385193,0.6022275031283083,0.17708719776942095,0.6529919610348698,0.3067823491900546,60,11,83.63636363636364,245,-0.07159074402121779,-0.07799722140045429,-1.089487509409565,SMA,200,0.0,3.0,0.0
14,SMA_N200_th0_bL3_sL0,22,14_SMA_N200_th0_bL3_sL0_sl30_next,sl30_next,0.3,next_signal,,0.1782375249698851,0.6490988063340233,0.524230281727854,0.33999852962026017,0.8816797091953613,0.3461775057046284,90,6,11.833333333333334,40,0.0,0.0,0.0,SMA,200,0.0,3.0,0.0
14,SMA_N200_th0_bL3_sL0,23,14_SMA_N200_th0_bL3_sL0_sl30_cool21,sl30_cool21,0.3,time_cooldown,21.0,0.2036622815459841,0.7150319419231728,0.5189228994274193,0.39247117783914626,0.9777496200790817,0.34205696475212066,76,6,21.0,21,0.025424756576098995,0.005307382300434704,0.20874859842017152,SMA,200,0.0,3.0,0.0
14,SMA_N200_th0_bL3_sL0,24,14_SMA_N200_th0_bL3_sL0_sl30_cool63,sl30_cool63,0.3,time_cooldown,63.0,0.21379176256385435,0.7431725748097213,0.5050204766729265,0.42333285963435363,1.0177082931199937,0.3389387756123509,66,5,63.0,63,0.03555423759396925,0.01920980505492753,0.5402957946758481,SMA,200,0.0,3.0,0.0
14,SMA_N200_th0_bL3_sL0,25,14_SMA_N200_th0_bL3_sL0_sl30_cool126,sl30_cool126,0.3,time_cooldown,126.0,0.1684832475137068,0.6444532688348558,0.49258660145004574,0.34203782039084357,0.8812107486876986,0.32384497336742213,62,5,126.0,126,-0.009754277456178295,0.031643680277808284,3.2440824469028593,SMA,200,0.0,3.0,0.0
14,SMA_N200_th0_bL3_sL0,26,14_SMA_N200_th0_bL3_sL0_sl30_rec5,sl30_rec5,0.3,recovery_trigger,0.05,0.19433493377129185,0.6907901866737463,0.4994303102630105,0.38911321515298297,0.9420080173670876,0.34359529223592084,80,6,13.666666666666666,19,0.016097408801406754,0.02479997146484353,1.5406188518164647,SMA,200,0.0,3.0,0.0
14,SMA_N200_th0_bL3_sL0,27,14_SMA_N200_th0_bL3_sL0_sl30_rec10,sl30_rec10,0.3,recovery_trigger,0.1,0.19450771877696726,0.6963449082501845,0.6005624317109625,0.3238759344683411,0.9495471382992132,0.3385705210913878,70,6,35.5,58,0.016270193807082167,-0.07633214998310844,-4.691532927523102,SMA,200,0.0,3.0,0.0
14,SMA_N200_th0_bL3_sL0,28,14_SMA_N200_th0_bL3_sL0_sl30_rec15,sl30_rec15,0.3,recovery_trigger,0.15,0.20318456015870856,0.717841696625185,0.5050204766729264,0.4023293500835608,0.9810467569098436,0.33843913257158253,68,5,67.0,119,0.024947035188823463,0.019209805054927642,0.7700235683129929,SMA,200,0.0,3.0,0.0
14,SMA_N200_th0_bL3_sL0,29,14_SMA_N200_th0_bL3_sL0_sl35_next,sl35_next,0.35,next_signal,,0.18590262026950866,0.668623915134621,0.524230281727854,0.3546201483378198,0.9101506024068915,0.34526920492838586,88,4,37.25,87,0.007665095299623559,0.0,0.0,SMA,200,0.0,3.0,0.0
14,SMA_N200_th0_bL3_sL0,30,14_SMA_N200_th0_bL3_sL0_sl35_cool21,sl35_cool21,0.35,time_cooldown,21.0,0.20341220477589395,0.7127779552812408,0.5242302817278538,0.3880207074369128,0.9739494230121147,0.3436115728988624,80,4,21.0,21,0.02517467980600885,2.220446049250313e-16,8.820156070943644e-15,SMA,200,0.0,3.0,0.0
14,SMA_N200_th0_bL3_sL0,31,14_SMA_N200_th0_bL3_sL0_sl35_cool63,sl35_cool63,0.35,time_cooldown,63.0,0.19578746296661143,0.6964883084230793,0.5242302817278538,0.37347606536825645,0.9512894950904099,0.34143182931372906,74,4,63.0,63,0.017549937996726328,2.220446049250313e-16,1.2652158940188297e-14,SMA,200,0.0,3.0,0.0
14,SMA_N200_th0_bL3_sL0,32,14_SMA_N200_th0_bL3_sL0_sl35_cool126,sl35_cool126,0.35,time_cooldown,126.0,0.15686311144857723,0.6094620456122894,0.5217017360967253,0.30067584712712986,0.8302314771477599,0.32866458734543763,72,4,126.0,126,-0.021374413521307867,0.002528545631128698,0.11829777825754259,SMA,200,0.0,3.0,0.0
14,SMA_N200_th0_bL3_sL0,33,14_SMA_N200_th0_bL3_sL0_sl35_rec5,sl35_rec5,0.35,recovery_trigger,0.05,0.1952728353377542,0.6923842632411183,0.5242302817278541,0.3724943829916468,0.9447174618617629,0.344257629389211,84,4,15.75,33,0.017035310367869094,-1.1102230246251565e-16,-6.517186952573448e-15,SMA,200,0.0,3.0,0.0
14,SMA_N200_th0_bL3_sL0,34,14_SMA_N200_th0_bL3_sL0_sl35_rec10,sl35_rec10,0.35,recovery_trigger,0.1,0.20598666153039202,0.7197409444232166,0.5242302817278539,0.39293163464625425,0.9833953098606525,0.3429360880626578,76,4,42.5,74,0.027749136560506926,1.1102230246251565e-16,4.000928180969948e-15,SMA,200,0.0,3.0,0.0
14,SMA_N200_th0_bL3_sL0,35,14_SMA_N200_th0_bL3_sL0_sl35_rec15,sl35_rec15,0.35,recovery_trigger,0.15,0.19071496534596766,0.6848734903174989,0.5242302817278542,0.36379997873715786,0.9337427002596147,0.3406172860823354,74,4,63.0,94,0.01247744037608256,-2.220446049250313e-16,-1.779568551180245e-14,SMA,200,0.0,3.0,0.0
14,SMA_N200_th0_bL3_sL0,36,14_SMA_N200_th0_bL3_sL0_sl40_next,sl40_next,0.4,next_signal,,0.1815460002774536,0.6573588102704027,0.5242302817278539,0.3463096402578675,0.8932539041815312,0.34599954956909584,88,4,19.75,56,0.0033084753075685036,1.1102230246251565e-16,3.355693851138615e-14,SMA,200,0.0,3.0,0.0
14,SMA_N200_th0_bL3_sL0,37,14_SMA_N200_th0_bL3_sL0_sl40_cool21,sl40_cool21,0.4,time_cooldown,21.0,0.1809739372331014,0.6566493281978504,0.5138705867775182,0.35217804227322824,0.8921174698117857,0.34522867915968936,84,4,21.0,21,0.0027364122632163035,0.01035969495033584,3.785867754502511,SMA,200,0.0,3.0,0.0
14,SMA_N200_th0_bL3_sL0,38,14_SMA_N200_th0_bL3_sL0_sl40_cool63,sl40_cool63,0.4,time_cooldown,63.0,0.1719015029322264,0.638285076984958,0.5365255601863917,0.3203976020685891,0.8665200123740784,0.34052353855037676,78,4,63.0,63,-0.006336022037658706,-0.012295278458537728,-1.9405359365007975,SMA,200,0.0,3.0,0.0
14,SMA_N200_th0_bL3_sL0,39,14_SMA_N200_th0_bL3_sL0_sl40_cool126,sl40_cool126,0.4,time_cooldown,126.0,0.13040857146024676,0.5436889747142349,0.6001843629715097,0.21728085486032092,0.733208576135395,0.3219143862638792,74,4,126.0,126,-0.04782895350963834,-0.07595408124365566,-1.5880356075185638,SMA,200,0.0,3.0,0.0
14,SMA_N200_th0_bL3_sL0,40,14_SMA_N200_th0_bL3_sL0_sl40_rec5,sl40_rec5,0.4,recovery_trigger,0.05,0.18142664848392953,0.6571400222013858,0.5211303574863517,0.3481406252344089,0.8929091167023941,0.34591820018212877,86,4,11.5,25,0.003189123514044434,0.0030999242415022943,0.9720301605913603,SMA,200,0.0,3.0,0.0
14,SMA_N200_th0_bL3_sL0,41,14_SMA_N200_th0_bL3_sL0_sl40_rec10,sl40_rec10,0.4,recovery_trigger,0.1,0.1704077205496366,0.6315825679104831,0.5656502891870705,0.3012598487212649,0.856946958740924,0.34405402449163064,80,4,31.25,40,-0.007829804420248498,-0.04142000745921648,-5.290043688971469,SMA,200,0.0,3.0,0.0
14,SMA_N200_th0_bL3_sL0,42,14_SMA_N200_th0_bL3_sL0_sl40_rec15,sl40_rec15,0.4,recovery_trigger,0.15,0.1574187697688505,0.605358516667109,0.5966234499714447,0.2638494510673102,0.8181800979723197,0.3359652133183933,74,4,74.5,129,-0.0208187552010346,-0.07239316824359066,-3.477305321309174,SMA,200,0.0,3.0,0.0
15,SMA_N100_th0_bL2_sL0,0,15_SMA_N100_th0_bL2_sL0_baseline,baseline,,—,,0.12624298011708657,0.6502933872723128,0.36684225988526037,0.3441342340344659,0.8825328611913096,0.22050500791763825,172,0,,0,0.0,0.0,0.0,SMA,100,0.0,2.0,0.0
15,SMA_N100_th0_bL2_sL0,1,15_SMA_N100_th0_bL2_sL0_sl15_next,sl15_next,0.15,next_signal,,0.10251195869273344,0.5913462612991921,0.3681956430142994,0.27841708786530167,0.8039057497250542,0.19859946247877555,162,14,49.785714285714285,162,-0.023731021424353127,-0.001353383129039043,-0.057030125456386006,SMA,100,0.0,2.0,0.0
15,SMA_N100_th0_bL2_sL0,2,15_SMA_N100_th0_bL2_sL0_sl15_cool21,sl15_cool21,0.15,time_cooldown,21.0,0.09535314414274709,0.5436276034996894,0.3668103951248962,0.25995213170084797,0.7352113206989181,0.20735791315738436,162,16,21.0,21,-0.030889835974339475,3.186476036415309e-05,0.0010315613326863729,SMA,100,0.0,2.0,0.0
15,SMA_N100_th0_bL2_sL0,3,15_SMA_N100_th0_bL2_sL0_sl15_cool63,sl15_cool63,0.15,time_cooldown,63.0,0.06815919640643098,0.44335795846232223,0.3757723354813349,0.18138428503291598,0.5947984054747995,0.18952731650663995,136,14,63.0,63,-0.05808378371065559,-0.008930075596074505,-0.15374472917535267,SMA,100,0.0,2.0,0.0
15,SMA_N100_th0_bL2_sL0,4,15_SMA_N100_th0_bL2_sL0_sl15_cool126,sl15_cool126,0.15,time_cooldown,126.0,0.08595467829309822,0.5613192770464,0.3599437768871196,0.23880028996876945,0.7636879968867704,0.1740659220411197,110,11,126.0,126,-0.04028830182398835,0.006898482998140776,0.1712279417553733,SMA,100,0.0,2.0,0.0
15,SMA_N100_th0_bL2_sL0,5,15_SMA_N100_th0_bL2_sL0_sl15_rec5,sl15_rec5,0.15,recovery_trigger,0.05,0.10022953394073153,0.558920359315475,0.37176881019738955,0.2696017825904087,0.7536667009329527,0.21108111682308978,156,17,17.41176470588235,63,-0.026013446176355037,-0.004926550312129185,-0.18938476197002999,SMA,100,0.0,2.0,0.0
15,SMA_N100_th0_bL2_sL0,6,15_SMA_N100_th0_bL2_sL0_sl15_rec10,sl15_rec10,0.15,recovery_trigger,0.1,0.0738034253901445,0.46181324126667395,0.37105438935104124,0.19890190631951193,0.6199100222722788,0.19615094751981563,132,15,59.06666666666667,186,-0.05243955472694206,-0.004212129465780867,-0.08032351700379306,SMA,100,0.0,2.0,0.0
15,SMA_N100_th0_bL2_sL0,7,15_SMA_N100_th0_bL2_sL0_sl15_rec15,sl15_rec15,0.15,recovery_trigger,0.15,0.03620837363050988,0.28936379592702355,0.42849747191276405,0.08450078706154278,0.37992686811608845,0.1784221361796141,98,14,112.57142857142857,307,-0.09003460648657668,-0.06165521202750368,-0.6847945965832137,SMA,100,0.0,2.0,0.0
15,SMA_N100_th0_bL2_sL0,8,15_SMA_N100_th0_bL2_sL0_sl20_next,sl20_next,0.2,next_signal,,0.13086573443796357,0.6713481138514342,0.34478141674563173,0.3795614498983046,0.91189780737346,0.21929249078884439,170,7,16.857142857142858,41,0.004622754320876998,0.02206084313962864,4.772229196779681,SMA,100,0.0,2.0,0.0
15,SMA_N100_th0_bL2_sL0,9,15_SMA_N100_th0_bL2_sL0_sl20_cool21,sl20_cool21,0.2,time_cooldown,21.0,0.13555915738282565,0.6950892177623091,0.3327873742691656,0.4073446526645644,0.9460411071951607,0.21704675487034988,162,6,21.0,21,0.009316177265739078,0.034054885616094765,3.6554570232722052,SMA,100,0.0,2.0,0.0
15,SMA_N100_th0_bL2_sL0,10,15_SMA_N100_th0_bL2_sL0_sl20_cool63,sl20_cool63,0.2,time_cooldown,63.0,0.1210310022649117,0.6471035918437539,0.29974045245324804,0.4037860131134268,0.8780929601366143,0.2113329848345129,150,6,63.0,63,-0.005211977852174865,0.06710180743201233,12.874538099583816,SMA,100,0.0,2.0,0.0
15,SMA_N100_th0_bL2_sL0,11,15_SMA_N100_th0_bL2_sL0_sl20_cool126,sl20_cool126,0.2,time_cooldown,126.0,0.09492459261331332,0.5537476400050214,0.4378187487367586,0.21681253460981262,0.7453145923697361,0.20029722143968737,138,6,126.0,126,-0.03131838750377325,-0.07097648885149821,-2.266288098100419,SMA,100,0.0,2.0,0.0
15,SMA_N100_th0_bL2_sL0,12,15_SMA_N100_th0_bL2_sL0_sl20_rec5,sl20_rec5,0.2,recovery_trigger,0.05,0.12513455213778468,0.650405895143781,0.4075381054761177,0.30704994319879064,0.8822062104425346,0.21815662560508087,168,7,15.571428571428571,24,-0.0011084279793018847,-0.040695845590857316,-36.714920906713814,SMA,100,0.0,2.0,0.0
15,SMA_N100_th0_bL2_sL0,13,15_SMA_N100_th0_bL2_sL0_sl20_rec10,sl20_rec10,0.2,recovery_trigger,0.1,0.12811294864632905,0.6749960941665862,0.32220288791687396,0.3976157677375669,0.9179228179833446,0.21220346298179366,150,6,57.666666666666664,86,0.0018699685292424828,0.04463937196838641,23.871723652199456,SMA,100,0.0,2.0,0.0
15,SMA_N100_th0_bL2_sL0,14,15_SMA_N100_th0_bL2_sL0_sl20_rec15,sl20_rec15,0.2,recovery_trigger,0.15,0.1104108687262666,0.6168424581244334,0.32688076432866714,0.3377710797789629,0.8348279054580682,0.20368187094713874,132,6,121.16666666666667,216,-0.01583211139081997,0.03996149555659323,2.5240787264650217,SMA,100,0.0,2.0,0.0
15,SMA_N100_th0_bL2_sL0,15,15_SMA_N100_th0_bL2_sL0_sl25_next,sl25_next,0.25,next_signal,,0.1115874621209414,0.600831838370839,0.3690305530577039,0.3023800094500384,0.8125874435445746,0.21476904886082673,170,5,52.0,128,-0.014655517996145173,-0.0021882931724435117,-0.14931530724598724,SMA,100,0.0,2.0,0.0
15,SMA_N100_th0_bL2_sL0,16,15_SMA_N100_th0_bL2_sL0_sl25_cool21,sl25_cool21,0.25,time_cooldown,21.0,0.1195585409253268,0.63026888435373,0.40849943492578916,0.2926773716273234,0.8555791268750145,0.2167385422070756,170,5,21.0,21,-0.006684439191759761,-0.04165717504052879,-6.231962599327952,SMA,100,0.0,2.0,0.0
15,SMA_N100_th0_bL2_sL0,17,15_SMA_N100_th0_bL2_sL0_sl25_cool63,sl25_cool63,0.25,time_cooldown,63.0,0.09804468298624935,0.5447640323188839,0.4156927090711612,0.2358585581289697,0.736503740772052,0.2140821143373413,162,5,63.0,63,-0.028198297130837213,-0.04885044918590081,-1.7323900432440913,SMA,100,0.0,2.0,0.0
15,SMA_N100_th0_bL2_sL0,18,15_SMA_N100_th0_bL2_sL0_sl25_cool126,sl25_cool126,0.25,time_cooldown,126.0,0.1103891186314947,0.6147086112548257,0.3487430634763599,0.31653423449088214,0.8347246859739851,0.2046808458339071,152,5,126.0,126,-0.01585386148559187,0.018099196408900453,1.1416270052156798,SMA,100,0.0,2.0,0.0
15,SMA_N100_th0_bL2_sL0,19,15_SMA_N100_th0_bL2_sL0_sl25_rec5,sl25_rec5,0.25,recovery_trigger,0.05,0.11503761541494839,0.6100900165511116,0.37998281466034745,0.3027442583627795,0.8256813270923214,0.21760109516099094,168,5,24.0,44,-0.011205364702138176,-0.013140554775087077,-1.1727021051425155,SMA,100,0.0,2.0,0.0
15,SMA_N100_th0_bL2_sL0,20,15_SMA_N100_th0_bL2_sL0_sl25_rec10,sl25_rec10,0.25,recovery_trigger,0.1,0.1130226480845733,0.6075265982798157,0.3686764211477047,0.306563266868896,0.8252442548171632,0.21435613480244306,158,5,69.4,134,-0.013220332032513271,-0.0018341612624443449,-0.13873791202320196,SMA,100,0.0,2.0,0.0
15,SMA_N100_th0_bL2_sL0,21,15_SMA_N100_th0_bL2_sL0_sl25_rec15,sl25_rec15,0.25,recovery_trigger,0.15,0.09056765892082841,0.5187058142810692,0.4239420892155433,0.21363214746715423,0.7003477570708526,0.2099743086658931,156,5,99.6,149,-0.03567532119625816,-0.05709982933028296,-1.600541422350864,SMA,100,0.0,2.0,0.0
15,SMA_N100_th0_bL2_sL0,22,15_SMA_N100_th0_bL2_sL0_sl30_next,sl30_next,0.3,next_signal,,0.127081357421303,0.6547492595670601,0.3668422598852608,0.3464196231400682,0.8887798021989536,0.21995504357655524,172,3,31.666666666666668,39,0.0008383773042164311,-4.440892098500626e-16,-4.440892098500626e-13,SMA,100,0.0,2.0,0.0
15,SMA_N100_th0_bL2_sL0,23,15_SMA_N100_th0_bL2_sL0_sl30_cool21,sl30_cool21,0.3,time_cooldown,21.0,0.127081357421303,0.6547492595670601,0.3668422598852608,0.3464196231400682,0.8887798021989536,0.21995504357655524,172,3,21.0,21,0.0008383773042164311,-4.440892098500626e-16,-4.440892098500626e-13,SMA,100,0.0,2.0,0.0
15,SMA_N100_th0_bL2_sL0,24,15_SMA_N100_th0_bL2_sL0_sl30_cool63,sl30_cool63,0.3,time_cooldown,63.0,0.11902464653062994,0.6270097300068497,0.3648749989535743,0.326206637538831,0.848540199214146,0.21733078174165718,166,3,63.0,63,-0.007218333586456627,0.001967260931686088,0.2725367161441741,SMA,100,0.0,2.0,0.0
15,SMA_N100_th0_bL2_sL0,25,15_SMA_N100_th0_bL2_sL0_sl30_cool126,sl30_cool126,0.3,time_cooldown,126.0,0.12104403407020836,0.6501243311011413,0.3316431253187293,0.3649827927350451,0.8844449470432156,0.20990181649496664,158,3,126.0,126,-0.005198946046878206,0.035199134566531065,6.770436594099102,SMA,100,0.0,2.0,0.0
15,SMA_N100_th0_bL2_sL0,26,15_SMA_N100_th0_bL2_sL0_sl30_rec5,sl30_rec5,0.3,recovery_trigger,0.05,0.1245793376534301,0.6453510619316325,0.3668422598852607,0.33959919910098546,0.8758339215813575,0.21958790684947252,170,3,27.333333333333332,39,-0.0016636424636564673,-3.3306690738754696e-16,-2.0020341789996736e-13,SMA,100,0.0,2.0,0.0
15,SMA_N100_th0_bL2_sL0,27,15_SMA_N100_th0_bL2_sL0_sl30_rec10,sl30_rec10,0.3,recovery_trigger,0.1,0.11907377622802562,0.624127248282581,0.3558208060674341,0.3346453445037138,0.8461446737584418,0.2189751136874373,166,3,52.666666666666664,71,-0.007169203889060949,0.011021453817826266,1.5373330133131282,SMA,100,0.0,2.0,0.0
15,SMA_N100_th0_bL2_sL0,28,15_SMA_N100_th0_bL2_sL0_sl30_rec15,sl30_rec15,0.3,recovery_trigger,0.15,0.10357084751170165,0.5659606798904302,0.40036050976907905,0.25869396452572085,0.7641738688255547,0.21549140094787508,164,3,87.0,97,-0.02267213260538492,-0.033518249883818685,-1.478389813045539,SMA,100,0.0,2.0,0.0
15,SMA_N100_th0_bL2_sL0,29,15_SMA_N100_th0_bL2_sL0_sl35_next,sl35_next,0.35,next_signal,,0.12702384264901712,0.6539534255533622,0.35943656367053634,0.35339710949787684,0.8876937279074684,0.22024135199451303,170,1,4.0,4,0.0007808625319305484,0.0074056962147240335,7.405696214724033,SMA,100,0.0,2.0,0.0
15,SMA_N100_th0_bL2_sL0,30,15_SMA_N100_th0_bL2_sL0_sl35_cool21,sl35_cool21,0.35,time_cooldown,21.0,0.12033665833225737,0.6276464539663043,0.390683560563349,0.3080156691485484,0.8507326860865672,0.2198537243288007,170,1,21.0,21,-0.005906321784829194,-0.02384130067808865,-4.036573276337013,SMA,100,0.0,2.0,0.0
15,SMA_N100_th0_bL2_sL0,31,15_SMA_N100_th0_bL2_sL0_sl35_cool63,sl35_cool63,0.35,time_cooldown,63.0,0.11291028881886711,0.599953454194779,0.39375169139250465,0.28675505727876205,0.810858794010239,0.21837844909949386,170,1,63.0,63,-0.013332691298219457,-0.026909431507244286,-2.0183045497226777,SMA,100,0.0,2.0,0.0
15,SMA_N100_th0_bL2_sL0,32,15_SMA_N100_th0_bL2_sL0_sl35_cool126,sl35_cool126,0.35,time_cooldown,126.0,0.11244893981691928,0.6005833200825499,0.3979544526320463,0.28256736185055575,0.8112306722915373,0.2169353736263599,170,1,126.0,126,-0.013794040300167287,-0.03111219274678595,-2.2554807779130988,SMA,100,0.0,2.0,0.0
15,SMA_N100_th0_bL2_sL0,33,15_SMA_N100_th0_bL2_sL0_sl35_rec5,sl35_rec5,0.35,recovery_trigger,0.05,0.12122893444753569,0.6310188402746838,0.38249026060680574,0.31694646095095536,0.8555904151544019,0.2199866742967597,170,1,11.0,11,-0.005014045669550882,-0.015648000721545374,-3.1208333056421877,SMA,100,0.0,2.0,0.0
15,SMA_N100_th0_bL2_sL0,34,15_SMA_N100_th0_bL2_sL0_sl35_rec10,sl35_rec10,0.35,recovery_trigger,0.1,0.11639740178846147,0.6140144833117903,0.36108096223700414,0.32235817991440174,0.8303727457386164,0.2185258488739341,170,1,57.0,57,-0.009845578328625093,0.005761297648256225,0.5851659959380745,SMA,100,0.0,2.0,0.0
15,SMA_N100_th0_bL2_sL0,35,15_SMA_N100_th0_bL2_sL0_sl35_rec15,sl35_rec15,0.35,recovery_trigger,0.15,0.11025844144479269,0.5896236593005797,0.4175380938441689,0.26406798103059476,0.7963727834728553,0.21802811806995953,170,1,80.0,80,-0.01598453867229388,-0.05069583395890853,-3.171554400051595,SMA,100,0.0,2.0,0.0
15,SMA_N100_th0_bL2_sL0,36,15_SMA_N100_th0_bL2_sL0_sl40_next,sl40_next,0.4,next_signal,,0.12624298011708657,0.6502933872723128,0.36684225988526037,0.3441342340344659,0.8825328611913096,0.22050500791763825,172,0,,0,0.0,0.0,0.0,SMA,100,0.0,2.0,0.0
15,SMA_N100_th0_bL2_sL0,37,15_SMA_N100_th0_bL2_sL0_sl40_cool21,sl40_cool21,0.4,time_cooldown,21.0,0.12624298011708657,0.6502933872723128,0.36684225988526037,0.3441342340344659,0.8825328611913096,0.22050500791763825,172,0,,0,0.0,0.0,0.0,SMA,100,0.0,2.0,0.0
15,SMA_N100_th0_bL2_sL0,38,15_SMA_N100_th0_bL2_sL0_sl40_cool63,sl40_cool63,0.4,time_cooldown,63.0,0.12624298011708657,0.6502933872723128,0.36684225988526037,0.3441342340344659,0.8825328611913096,0.22050500791763825,172,0,,0,0.0,0.0,0.0,SMA,100,0.0,2.0,0.0
15,SMA_N100_th0_bL2_sL0,39,15_SMA_N100_th0_bL2_sL0_sl40_cool126,sl40_cool126,0.4,time_cooldown,126.0,0.12624298011708657,0.6502933872723128,0.36684225988526037,0.3441342340344659,0.8825328611913096,0.22050500791763825,172,0,,0,0.0,0.0,0.0,SMA,100,0.0,2.0,0.0
15,SMA_N100_th0_bL2_sL0,40,15_SMA_N100_th0_bL2_sL0_sl40_rec5,sl40_rec5,0.4,recovery_trigger,0.05,0.12624298011708657,0.6502933872723128,0.36684225988526037,0.3441342340344659,0.8825328611913096,0.22050500791763825,172,0,,0,0.0,0.0,0.0,SMA,100,0.0,2.0,0.0
15,SMA_N100_th0_bL2_sL0,41,15_SMA_N100_th0_bL2_sL0_sl40_rec10,sl40_rec10,0.4,recovery_trigger,0.1,0.12624298011708657,0.6502933872723128,0.36684225988526037,0.3441342340344659,0.8825328611913096,0.22050500791763825,172,0,,0,0.0,0.0,0.0,SMA,100,0.0,2.0,0.0
15,SMA_N100_th0_bL2_sL0,42,15_SMA_N100_th0_bL2_sL0_sl40_rec15,sl40_rec15,0.4,recovery_trigger,0.15,0.12624298011708657,0.6502933872723128,0.36684225988526037,0.3441342340344659,0.8825328611913096,0.22050500791763825,172,0,,0,0.0,0.0,0.0,SMA,100,0.0,2.0,0.0
16,EMA_N150_th2_bL1_sL0,0,16_EMA_N150_th2_bL1_sL0_baseline,baseline,,—,,0.08697217029010385,0.7638494317981894,0.30751835311726783,0.2828194460866478,1.0440338937676066,0.11837619766331459,39,0,,0,0.0,0.0,0.0,EMA,150,0.02,1.0,0.0
16,EMA_N150_th2_bL1_sL0,1,16_EMA_N150_th2_bL1_sL0_sl15_next,sl15_next,0.15,next_signal,,0.08568793412806652,0.767512424738386,0.284957923911769,0.3007038125200474,1.0475238638033673,0.11589117645705455,39,3,77.66666666666667,127,-0.0012842361620373222,0.022560429205498833,17.5671966515168,EMA,150,0.02,1.0,0.0
16,EMA_N150_th2_bL1_sL0,2,16_EMA_N150_th2_bL1_sL0_sl15_cool21,sl15_cool21,0.15,time_cooldown,21.0,0.08518322659639677,0.7552247776794214,0.2849579239117692,0.2989326474134891,1.0310620973084597,0.11739344459645813,41,3,21.0,21,-0.001788943693707079,0.02256042920549861,12.611033698186729,EMA,150,0.02,1.0,0.0
16,EMA_N150_th2_bL1_sL0,3,16_EMA_N150_th2_bL1_sL0_sl15_cool63,sl15_cool63,0.15,time_cooldown,63.0,0.07418066623395858,0.673056698752715,0.28498493234693484,0.26029680103807223,0.9142717060725252,0.11641363224186248,41,3,63.0,63,-0.012791504056145264,0.02253342077033299,1.7615927471412196,EMA,150,0.02,1.0,0.0
16,EMA_N150_th2_bL1_sL0,4,16_EMA_N150_th2_bL1_sL0_sl15_cool126,sl15_cool126,0.15,time_cooldown,126.0,0.0782380451066933,0.7182589100932618,0.279324638359908,0.2800971857193782,0.9783708953447481,0.11393761888720343,37,3,126.0,126,-0.008734125183410546,0.028193714757359822,3.227995267449395,EMA,150,0.02,1.0,0.0
16,EMA_N150_th2_bL1_sL0,5,16_EMA_N150_th2_bL1_sL0_sl15_rec5,sl15_rec5,0.15,recovery_trigger,0.05,0.08667656034571003,0.7659783329392956,0.2849579239117688,0.3041731886443263,1.0463252870784014,0.1175674984016083,41,3,18.666666666666668,33,-0.0002956099443938154,0.022560429205499055,22.560429205499055,EMA,150,0.02,1.0,0.0
16,EMA_N150_th2_bL1_sL0,6,16_EMA_N150_th2_bL1_sL0_sl15_rec10,sl15_rec10,0.15,recovery_trigger,0.1,0.08137657041570101,0.727266773891425,0.28495792391176866,0.28557398684901136,0.9904502941244716,0.11701331881271029,41,3,46.0,74,-0.005595599874402835,0.022560429205499166,4.031816018279332,EMA,150,0.02,1.0,0.0
16,EMA_N150_th2_bL1_sL0,7,16_EMA_N150_th2_bL1_sL0_sl15_rec15,sl15_rec15,0.15,recovery_trigger,0.15,0.07448601126126797,0.6753520588239781,0.284957923911769,0.2613930163399525,0.9174204077320336,0.11644410279936337,41,3,67.33333333333333,83,-0.012486159028835875,0.022560429205498833,1.8068350045355954,EMA,150,0.02,1.0,0.0
16,EMA_N150_th2_bL1_sL0,8,16_EMA_N150_th2_bL1_sL0_sl20_next,sl20_next,0.2,next_signal,,0.08961119167763987,0.7870099370172283,0.27876390314794464,0.32145909375534076,1.0784400746312304,0.11790159383994818,39,1,71.0,71,0.0026390213875360224,0.028754449969323193,10.895876064183923,EMA,150,0.02,1.0,0.0
16,EMA_N150_th2_bL1_sL0,9,16_EMA_N150_th2_bL1_sL0_sl20_cool21,sl20_cool21,0.2,time_cooldown,21.0,0.08961119167763987,0.7870099370172283,0.27876390314794464,0.32145909375534076,1.0784400746312304,0.11790159383994818,39,1,21.0,21,0.0026390213875360224,0.028754449969323193,10.895876064183923,EMA,150,0.02,1.0,0.0
16,EMA_N150_th2_bL1_sL0,10,16_EMA_N150_th2_bL1_sL0_sl20_cool63,sl20_cool63,0.2,time_cooldown,63.0,0.08961119167763987,0.7870099370172283,0.27876390314794464,0.32145909375534076,1.0784400746312304,0.11790159383994818,39,1,63.0,63,0.0026390213875360224,0.028754449969323193,10.895876064183923,EMA,150,0.02,1.0,0.0
16,EMA_N150_th2_bL1_sL0,11,16_EMA_N150_th2_bL1_sL0_sl20_cool126,sl20_cool126,0.2,time_cooldown,126.0,0.09377287525037659,0.8252478130652973,0.23112695316676957,0.4057202068627401,1.1329097461032605,0.11691802934385222,37,1,126.0,126,0.006800704960272741,0.07639139995049826,11.232864886324167,EMA,150,0.02,1.0,0.0
16,EMA_N150_th2_bL1_sL0,12,16_EMA_N150_th2_bL1_sL0_sl20_rec5,sl20_rec5,0.2,recovery_trigger,0.05,0.08961119167763987,0.7870099370172283,0.27876390314794464,0.32145909375534076,1.0784400746312304,0.11790159383994818,39,1,15.0,15,0.0026390213875360224,0.028754449969323193,10.895876064183923,EMA,150,0.02,1.0,0.0
16,EMA_N150_th2_bL1_sL0,13,16_EMA_N150_th2_bL1_sL0_sl20_rec10,sl20_rec10,0.2,recovery_trigger,0.1,0.08961119167763987,0.7870099370172283,0.27876390314794464,0.32145909375534076,1.0784400746312304,0.11790159383994818,39,1,58.0,58,0.0026390213875360224,0.028754449969323193,10.895876064183923,EMA,150,0.02,1.0,0.0
16,EMA_N150_th2_bL1_sL0,14,16_EMA_N150_th2_bL1_sL0_sl20_rec15,sl20_rec15,0.2,recovery_trigger,0.15,0.09188918455188344,0.8082460772904728,0.25304395262748197,0.3631352719468379,1.1089058057892658,0.11730007445031775,37,1,113.0,113,0.004917014261779595,0.05447440048978586,11.07875584441973,EMA,150,0.02,1.0,0.0
16,EMA_N150_th2_bL1_sL0,15,16_EMA_N150_th2_bL1_sL0_sl25_next,sl25_next,0.25,next_signal,,0.0884336005366777,0.7768401412209888,0.29173080011695574,0.3031342611106692,1.0626453102906483,0.11808118167128234,39,1,31.0,31,0.0014614302465738582,0.015787553000312093,10.80280980725837,EMA,150,0.02,1.0,0.0
16,EMA_N150_th2_bL1_sL0,16,16_EMA_N150_th2_bL1_sL0_sl25_cool21,sl25_cool21,0.25,time_cooldown,21.0,0.0884336005366777,0.7768401412209888,0.29173080011695574,0.3031342611106692,1.0626453102906483,0.11808118167128234,39,1,21.0,21,0.0014614302465738582,0.015787553000312093,10.80280980725837,EMA,150,0.02,1.0,0.0
16,EMA_N150_th2_bL1_sL0,17,16_EMA_N150_th2_bL1_sL0_sl25_cool63,sl25_cool63,0.25,time_cooldown,63.0,0.08992018920888412,0.7930180984733849,0.2753246257300511,0.32659697246641717,1.0852895382259808,0.117273440802157,39,1,63.0,63,0.0029480189187802708,0.03219372738721671,10.920461596134096,EMA,150,0.02,1.0,0.0
16,EMA_N150_th2_bL1_sL0,18,16_EMA_N150_th2_bL1_sL0_sl25_cool126,sl25_cool126,0.25,time_cooldown,126.0,0.08709468931774111,0.7754552179230211,0.2823850123941468,0.3084253253362337,1.0587760984281578,0.11645937094305209,37,1,126.0,126,0.00012251902763726896,0.02513334072312101,25.133340723121012,EMA,150,0.02,1.0,0.0
16,EMA_N150_th2_bL1_sL0,19,16_EMA_N150_th2_bL1_sL0_sl25_rec5,sl25_rec5,0.25,recovery_trigger,0.05,0.0884336005366777,0.7768401412209888,0.29173080011695574,0.3031342611106692,1.0626453102906483,0.11808118167128234,39,1,24.0,24,0.0014614302465738582,0.015787553000312093,10.80280980725837,EMA,150,0.02,1.0,0.0
16,EMA_N150_th2_bL1_sL0,20,16_EMA_N150_th2_bL1_sL0_sl25_rec10,sl25_rec10,0.25,recovery_trigger,0.1,0.08587280321785595,0.7579816095678938,0.3191758492510627,0.2690454287796339,1.0357378818067478,0.11787987711985384,39,1,39.0,39,-0.001099367072247892,-0.011657496133794853,-10.603825080879128,EMA,150,0.02,1.0,0.0
16,EMA_N150_th2_bL1_sL0,21,16_EMA_N150_th2_bL1_sL0_sl25_rec15,sl25_rec15,0.25,recovery_trigger,0.15,0.08639360798099927,0.7700268711332828,0.2901103742939539,0.2977956517110314,1.0511848408892184,0.11643947602888144,37,1,128.0,128,-0.00057856230910458,0.017407978823313908,17.407978823313908,EMA,150,0.02,1.0,0.0
16,EMA_N150_th2_bL1_sL0,22,16_EMA_N150_th2_bL1_sL0_sl30_next,sl30_next,0.3,next_signal,,0.08697217029010385,0.7638494317981894,0.30751835311726783,0.2828194460866478,1.0440338937676066,0.11837619766331459,39,1,14.0,14,0.0,0.0,0.0,EMA,150,0.02,1.0,0.0
16,EMA_N150_th2_bL1_sL0,23,16_EMA_N150_th2_bL1_sL0_sl30_cool21,sl30_cool21,0.3,time_cooldown,21.0,0.08601362641654697,0.7567443909262986,0.3165774706300678,0.27169850793664657,1.0339130321719618,0.11831162288070209,39,1,21.0,21,-0.0009585438735568719,-0.009059117512799975,-9.059117512799974,EMA,150,0.02,1.0,0.0
16,EMA_N150_th2_bL1_sL0,24,16_EMA_N150_th2_bL1_sL0_sl30_cool63,sl30_cool63,0.3,time_cooldown,63.0,0.08290598604807076,0.7360490783431629,0.32739274539451074,0.253230980876404,1.0032655755479283,0.11763676038850732,39,1,63.0,63,-0.0040661842420330885,-0.019874392277242914,-4.887725467969876,EMA,150,0.02,1.0,0.0
16,EMA_N150_th2_bL1_sL0,25,16_EMA_N150_th2_bL1_sL0_sl30_cool126,sl30_cool126,0.3,time_cooldown,126.0,0.07994322851143432,0.7162030243662955,0.3576098614448573,0.22354872482665414,0.974951469655846,0.11696007048506209,39,1,126.0,126,-0.0070289417786695285,-0.05009150832758946,-7.126465107393594,EMA,150,0.02,1.0,0.0
16,EMA_N150_th2_bL1_sL0,26,16_EMA_N150_th2_bL1_sL0_sl30_rec5,sl30_rec5,0.3,recovery_trigger,0.05,0.08697217029010385,0.7638494317981894,0.30751835311726783,0.2828194460866478,1.0440338937676066,0.11837619766331459,39,1,14.0,14,0.0,0.0,0.0,EMA,150,0.02,1.0,0.0
16,EMA_N150_th2_bL1_sL0,27,16_EMA_N150_th2_bL1_sL0_sl30_rec10,sl30_rec10,0.3,recovery_trigger,0.1,0.0832039857673903,0.7383121289715475,0.3242805693707455,0.25658023830673715,1.0064107376720106,0.11765118984982685,39,1,58.0,58,-0.003768184522713547,-0.01676221625347768,-4.44835335224159,EMA,150,0.02,1.0,0.0
16,EMA_N150_th2_bL1_sL0,28,16_EMA_N150_th2_bL1_sL0_sl30_rec15,sl30_rec15,0.3,recovery_trigger,0.15,0.08102849221238162,0.7216365220973561,0.3466925920585283,0.23371855663619853,0.9830678055379778,0.11757064132271053,39,1,67.0,67,-0.005943678077722225,-0.039174238941260486,-6.590908597168353,EMA,150,0.02,1.0,0.0
16,EMA_N150_th2_bL1_sL0,29,16_EMA_N150_th2_bL1_sL0_sl35_next,sl35_next,0.35,next_signal,,0.08697217029010385,0.7638494317981894,0.30751835311726783,0.2828194460866478,1.0440338937676066,0.11837619766331459,39,0,,0,0.0,0.0,0.0,EMA,150,0.02,1.0,0.0
16,EMA_N150_th2_bL1_sL0,30,16_EMA_N150_th2_bL1_sL0_sl35_cool21,sl35_cool21,0.35,time_cooldown,21.0,0.08697217029010385,0.7638494317981894,0.30751835311726783,0.2828194460866478,1.0440338937676066,0.11837619766331459,39,0,,0,0.0,0.0,0.0,EMA,150,0.02,1.0,0.0
16,EMA_N150_th2_bL1_sL0,31,16_EMA_N150_th2_bL1_sL0_sl35_cool63,sl35_cool63,0.35,time_cooldown,63.0,0.08697217029010385,0.7638494317981894,0.30751835311726783,0.2828194460866478,1.0440338937676066,0.11837619766331459,39,0,,0,0.0,0.0,0.0,EMA,150,0.02,1.0,0.0
16,EMA_N150_th2_bL1_sL0,32,16_EMA_N150_th2_bL1_sL0_sl35_cool126,sl35_cool126,0.35,time_cooldown,126.0,0.08697217029010385,0.7638494317981894,0.30751835311726783,0.2828194460866478,1.0440338937676066,0.11837619766331459,39,0,,0,0.0,0.0,0.0,EMA,150,0.02,1.0,0.0
16,EMA_N150_th2_bL1_sL0,33,16_EMA_N150_th2_bL1_sL0_sl35_rec5,sl35_rec5,0.35,recovery_trigger,0.05,0.08697217029010385,0.7638494317981894,0.30751835311726783,0.2828194460866478,1.0440338937676066,0.11837619766331459,39,0,,0,0.0,0.0,0.0,EMA,150,0.02,1.0,0.0
16,EMA_N150_th2_bL1_sL0,34,16_EMA_N150_th2_bL1_sL0_sl35_rec10,sl35_rec10,0.35,recovery_trigger,0.1,0.08697217029010385,0.7638494317981894,0.30751835311726783,0.2828194460866478,1.0440338937676066,0.11837619766331459,39,0,,0,0.0,0.0,0.0,EMA,150,0.02,1.0,0.0
16,EMA_N150_th2_bL1_sL0,35,16_EMA_N150_th2_bL1_sL0_sl35_rec15,sl35_rec15,0.35,recovery_trigger,0.15,0.08697217029010385,0.7638494317981894,0.30751835311726783,0.2828194460866478,1.0440338937676066,0.11837619766331459,39,0,,0,0.0,0.0,0.0,EMA,150,0.02,1.0,0.0
16,EMA_N150_th2_bL1_sL0,36,16_EMA_N150_th2_bL1_sL0_sl40_next,sl40_next,0.4,next_signal,,0.08697217029010385,0.7638494317981894,0.30751835311726783,0.2828194460866478,1.0440338937676066,0.11837619766331459,39,0,,0,0.0,0.0,0.0,EMA,150,0.02,1.0,0.0
16,EMA_N150_th2_bL1_sL0,37,16_EMA_N150_th2_bL1_sL0_sl40_cool21,sl40_cool21,0.4,time_cooldown,21.0,0.08697217029010385,0.7638494317981894,0.30751835311726783,0.2828194460866478,1.0440338937676066,0.11837619766331459,39,0,,0,0.0,0.0,0.0,EMA,150,0.02,1.0,0.0
16,EMA_N150_th2_bL1_sL0,38,16_EMA_N150_th2_bL1_sL0_sl40_cool63,sl40_cool63,0.4,time_cooldown,63.0,0.08697217029010385,0.7638494317981894,0.30751835311726783,0.2828194460866478,1.0440338937676066,0.11837619766331459,39,0,,0,0.0,0.0,0.0,EMA,150,0.02,1.0,0.0
16,EMA_N150_th2_bL1_sL0,39,16_EMA_N150_th2_bL1_sL0_sl40_cool126,sl40_cool126,0.4,time_cooldown,126.0,0.08697217029010385,0.7638494317981894,0.30751835311726783,0.2828194460866478,1.0440338937676066,0.11837619766331459,39,0,,0,0.0,0.0,0.0,EMA,150,0.02,1.0,0.0
16,EMA_N150_th2_bL1_sL0,40,16_EMA_N150_th2_bL1_sL0_sl40_rec5,sl40_rec5,0.4,recovery_trigger,0.05,0.08697217029010385,0.7638494317981894,0.30751835311726783,0.2828194460866478,1.0440338937676066,0.11837619766331459,39,0,,0,0.0,0.0,0.0,EMA,150,0.02,1.0,0.0
16,EMA_N150_th2_bL1_sL0,41,16_EMA_N150_th2_bL1_sL0_sl40_rec10,sl40_rec10,0.4,recovery_trigger,0.1,0.08697217029010385,0.7638494317981894,0.30751835311726783,0.2828194460866478,1.0440338937676066,0.11837619766331459,39,0,,0,0.0,0.0,0.0,EMA,150,0.02,1.0,0.0
16,EMA_N150_th2_bL1_sL0,42,16_EMA_N150_th2_bL1_sL0_sl40_rec15,sl40_rec15,0.4,recovery_trigger,0.15,0.08697217029010385,0.7638494317981894,0.30751835311726783,0.2828194460866478,1.0440338937676066,0.11837619766331459,39,0,,0,0.0,0.0,0.0,EMA,150,0.02,1.0,0.0
17,SMA_N150_th5_bL1_sL0,0,17_SMA_N150_th5_bL1_sL0_baseline,baseline,,—,,0.08332807790563135,0.732919146089195,0.23930973258682325,0.3482017927348581,0.993621744586712,0.11888509035919796,17,0,,0,0.0,0.0,0.0,SMA,150,0.05,1.0,0.0
17,SMA_N150_th5_bL1_sL0,1,17_SMA_N150_th5_bL1_sL0_sl15_next,sl15_next,0.15,next_signal,,0.06045388132113905,0.5880836256269832,0.23930973258682325,0.25261772961618245,0.7894173663517766,0.11017575446920301,17,2,323.5,585,-0.0228741965844923,0.0,0.0,SMA,150,0.05,1.0,0.0
17,SMA_N150_th5_bL1_sL0,2,17_SMA_N150_th5_bL1_sL0_sl15_cool21,sl15_cool21,0.15,time_cooldown,21.0,0.08286751014850013,0.7325462352251078,0.23930973258682325,0.3462772251372402,0.9927255387448373,0.1182645372261254,19,2,21.0,21,-0.0004605677571312139,0.0,0.0,SMA,150,0.05,1.0,0.0
17,SMA_N150_th5_bL1_sL0,3,17_SMA_N150_th5_bL1_sL0_sl15_cool63,sl15_cool63,0.15,time_cooldown,63.0,0.07920780466876565,0.7074138404383825,0.24839470917172954,0.3188787914721837,0.9561293936698668,0.11756381204576817,19,2,63.0,63,-0.004120273236865701,-0.009084976584906285,-2.204945172960724,SMA,150,0.05,1.0,0.0
17,SMA_N150_th5_bL1_sL0,4,17_SMA_N150_th5_bL1_sL0_sl15_cool126,sl15_cool126,0.15,time_cooldown,126.0,0.07115799228727693,0.6584885256856957,0.23584387480606825,0.301716516258009,0.8927510845785512,0.1143557771143072,19,2,126.0,126,-0.01217008561835442,0.003465857780755005,0.2847849957216358,SMA,150,0.05,1.0,0.0
17,SMA_N150_th5_bL1_sL0,5,17_SMA_N150_th5_bL1_sL0_sl15_rec5,sl15_rec5,0.15,recovery_trigger,0.05,0.0817050138994837,0.7237708413154077,0.23930973258682325,0.3414195194499269,0.980354911688101,0.11820451579166003,19,2,12.5,24,-0.0016230640061476453,0.0,0.0,SMA,150,0.05,1.0,0.0
17,SMA_N150_th5_bL1_sL0,6,17_SMA_N150_th5_bL1_sL0_sl15_rec10,sl15_rec10,0.15,recovery_trigger,0.1,0.077955088921708,0.6979586509308996,0.23930973258682325,0.325749764036134,0.9427744113406956,0.1174778632845345,19,2,40.0,68,-0.005372988983923355,0.0,0.0,SMA,150,0.05,1.0,0.0
17,SMA_N150_th5_bL1_sL0,7,17_SMA_N150_th5_bL1_sL0_sl15_rec15,sl15_rec15,0.15,recovery_trigger,0.15,0.07579013718653083,0.6812333558707171,0.23930973258682325,0.3167031126033858,0.9196047088664028,0.1173968634006683,19,2,45.0,77,-0.007537940719100522,0.0,0.0,SMA,150,0.05,1.0,0.0
17,SMA_N150_th5_bL1_sL0,8,17_SMA_N150_th5_bL1_sL0_sl20_next,sl20_next,0.2,next_signal,,0.06000442433783881,0.5903914461147016,0.28855685927447544,0.2079466226819532,0.7933188488442772,0.10876313900231085,17,1,665.0,665,-0.023323653567792535,-0.04924712668765219,-2.1114670797399078,SMA,150,0.05,1.0,0.0
17,SMA_N150_th5_bL1_sL0,9,17_SMA_N150_th5_bL1_sL0_sl20_cool21,sl20_cool21,0.2,time_cooldown,21.0,0.07986818674574336,0.7096503202017935,0.24159009183596108,0.3305938010072599,0.9610447317674115,0.11815289550809675,19,1,21.0,21,-0.0034598911598879845,-0.002280359249137831,-0.6590840994002999,SMA,150,0.05,1.0,0.0
17,SMA_N150_th5_bL1_sL0,10,17_SMA_N150_th5_bL1_sL0_sl20_cool63,sl20_cool63,0.2,time_cooldown,63.0,0.07609366382755,0.6855786599396163,0.2641754810172084,0.28804211327467316,0.9290152494162522,0.11699332160158593,19,1,63.0,63,-0.0072344140780813415,-0.024865748430385137,-3.4371475232144646,SMA,150,0.05,1.0,0.0
17,SMA_N150_th5_bL1_sL0,11,17_SMA_N150_th5_bL1_sL0_sl20_cool126,sl20_cool126,0.2,time_cooldown,126.0,0.06981475444186169,0.644923037066433,0.24611760362249205,0.283664205299785,0.8710002552799277,0.11492096635422273,19,1,126.0,126,-0.013513323463769655,-0.006807871035668794,-0.5037895417749204,SMA,150,0.05,1.0,0.0
17,SMA_N150_th5_bL1_sL0,12,17_SMA_N150_th5_bL1_sL0_sl20_rec5,sl20_rec5,0.2,recovery_trigger,0.05,0.07941806671712137,0.7056439466035356,0.24941220317413573,0.3184209341259574,0.9555966969730784,0.11824894197652545,19,1,16.0,16,-0.003910011188509976,-0.010102470587312479,-2.5837446749512547,SMA,150,0.05,1.0,0.0
17,SMA_N150_th5_bL1_sL0,13,17_SMA_N150_th5_bL1_sL0_sl20_rec10,sl20_rec10,0.2,recovery_trigger,0.1,0.07683388785247658,0.6869391017706685,0.2556370095037768,0.3005585458913821,0.9293816779010068,0.11792330683518158,19,1,37.0,37,-0.006494190053154769,-0.01632727691695357,-2.514135986676591,SMA,150,0.05,1.0,0.0
17,SMA_N150_th5_bL1_sL0,14,17_SMA_N150_th5_bL1_sL0_sl20_rec15,sl20_rec15,0.2,recovery_trigger,0.15,0.07352131352035696,0.6615051239621744,0.2931367821068499,0.250808898808059,0.8941398287338792,0.1177727477582073,19,1,53.0,53,-0.009806764385274391,-0.05382704952002665,-5.488767487964949,SMA,150,0.05,1.0,0.0
17,SMA_N150_th5_bL1_sL0,15,17_SMA_N150_th5_bL1_sL0_sl25_next,sl25_next,0.25,next_signal,,0.08332807790563135,0.732919146089195,0.23930973258682325,0.3482017927348581,0.993621744586712,0.11888509035919796,17,0,,0,0.0,0.0,0.0,SMA,150,0.05,1.0,0.0
17,SMA_N150_th5_bL1_sL0,16,17_SMA_N150_th5_bL1_sL0_sl25_cool21,sl25_cool21,0.25,time_cooldown,21.0,0.08332807790563135,0.732919146089195,0.23930973258682325,0.3482017927348581,0.993621744586712,0.11888509035919796,17,0,,0,0.0,0.0,0.0,SMA,150,0.05,1.0,0.0
17,SMA_N150_th5_bL1_sL0,17,17_SMA_N150_th5_bL1_sL0_sl25_cool63,sl25_cool63,0.25,time_cooldown,63.0,0.08332807790563135,0.732919146089195,0.23930973258682325,0.3482017927348581,0.993621744586712,0.11888509035919796,17,0,,0,0.0,0.0,0.0,SMA,150,0.05,1.0,0.0
17,SMA_N150_th5_bL1_sL0,18,17_SMA_N150_th5_bL1_sL0_sl25_cool126,sl25_cool126,0.25,time_cooldown,126.0,0.08332807790563135,0.732919146089195,0.23930973258682325,0.3482017927348581,0.993621744586712,0.11888509035919796,17,0,,0,0.0,0.0,0.0,SMA,150,0.05,1.0,0.0
17,SMA_N150_th5_bL1_sL0,19,17_SMA_N150_th5_bL1_sL0_sl25_rec5,sl25_rec5,0.25,recovery_trigger,0.05,0.08332807790563135,0.732919146089195,0.23930973258682325,0.3482017927348581,0.993621744586712,0.11888509035919796,17,0,,0,0.0,0.0,0.0,SMA,150,0.05,1.0,0.0
17,SMA_N150_th5_bL1_sL0,20,17_SMA_N150_th5_bL1_sL0_sl25_rec10,sl25_rec10,0.25,recovery_trigger,0.1,0.08332807790563135,0.732919146089195,0.23930973258682325,0.3482017927348581,0.993621744586712,0.11888509035919796,17,0,,0,0.0,0.0,0.0,SMA,150,0.05,1.0,0.0
17,SMA_N150_th5_bL1_sL0,21,17_SMA_N150_th5_bL1_sL0_sl25_rec15,sl25_rec15,0.25,recovery_trigger,0.15,0.08332807790563135,0.732919146089195,0.23930973258682325,0.3482017927348581,0.993621744586712,0.11888509035919796,17,0,,0,0.0,0.0,0.0,SMA,150,0.05,1.0,0.0
17,SMA_N150_th5_bL1_sL0,22,17_SMA_N150_th5_bL1_sL0_sl30_next,sl30_next,0.3,next_signal,,0.08332807790563135,0.732919146089195,0.23930973258682325,0.3482017927348581,0.993621744586712,0.11888509035919796,17,0,,0,0.0,0.0,0.0,SMA,150,0.05,1.0,0.0
17,SMA_N150_th5_bL1_sL0,23,17_SMA_N150_th5_bL1_sL0_sl30_cool21,sl30_cool21,0.3,time_cooldown,21.0,0.08332807790563135,0.732919146089195,0.23930973258682325,0.3482017927348581,0.993621744586712,0.11888509035919796,17,0,,0,0.0,0.0,0.0,SMA,150,0.05,1.0,0.0
17,SMA_N150_th5_bL1_sL0,24,17_SMA_N150_th5_bL1_sL0_sl30_cool63,sl30_cool63,0.3,time_cooldown,63.0,0.08332807790563135,0.732919146089195,0.23930973258682325,0.3482017927348581,0.993621744586712,0.11888509035919796,17,0,,0,0.0,0.0,0.0,SMA,150,0.05,1.0,0.0
17,SMA_N150_th5_bL1_sL0,25,17_SMA_N150_th5_bL1_sL0_sl30_cool126,sl30_cool126,0.3,time_cooldown,126.0,0.08332807790563135,0.732919146089195,0.23930973258682325,0.3482017927348581,0.993621744586712,0.11888509035919796,17,0,,0,0.0,0.0,0.0,SMA,150,0.05,1.0,0.0
17,SMA_N150_th5_bL1_sL0,26,17_SMA_N150_th5_bL1_sL0_sl30_rec5,sl30_rec5,0.3,recovery_trigger,0.05,0.08332807790563135,0.732919146089195,0.23930973258682325,0.3482017927348581,0.993621744586712,0.11888509035919796,17,0,,0,0.0,0.0,0.0,SMA,150,0.05,1.0,0.0
17,SMA_N150_th5_bL1_sL0,27,17_SMA_N150_th5_bL1_sL0_sl30_rec10,sl30_rec10,0.3,recovery_trigger,0.1,0.08332807790563135,0.732919146089195,0.23930973258682325,0.3482017927348581,0.993621744586712,0.11888509035919796,17,0,,0,0.0,0.0,0.0,SMA,150,0.05,1.0,0.0
17,SMA_N150_th5_bL1_sL0,28,17_SMA_N150_th5_bL1_sL0_sl30_rec15,sl30_rec15,0.3,recovery_trigger,0.15,0.08332807790563135,0.732919146089195,0.23930973258682325,0.3482017927348581,0.993621744586712,0.11888509035919796,17,0,,0,0.0,0.0,0.0,SMA,150,0.05,1.0,0.0
17,SMA_N150_th5_bL1_sL0,29,17_SMA_N150_th5_bL1_sL0_sl35_next,sl35_next,0.35,next_signal,,0.08332807790563135,0.732919146089195,0.23930973258682325,0.3482017927348581,0.993621744586712,0.11888509035919796,17,0,,0,0.0,0.0,0.0,SMA,150,0.05,1.0,0.0
17,SMA_N150_th5_bL1_sL0,30,17_SMA_N150_th5_bL1_sL0_sl35_cool21,sl35_cool21,0.35,time_cooldown,21.0,0.08332807790563135,0.732919146089195,0.23930973258682325,0.3482017927348581,0.993621744586712,0.11888509035919796,17,0,,0,0.0,0.0,0.0,SMA,150,0.05,1.0,0.0
17,SMA_N150_th5_bL1_sL0,31,17_SMA_N150_th5_bL1_sL0_sl35_cool63,sl35_cool63,0.35,time_cooldown,63.0,0.08332807790563135,0.732919146089195,0.23930973258682325,0.3482017927348581,0.993621744586712,0.11888509035919796,17,0,,0,0.0,0.0,0.0,SMA,150,0.05,1.0,0.0
17,SMA_N150_th5_bL1_sL0,32,17_SMA_N150_th5_bL1_sL0_sl35_cool126,sl35_cool126,0.35,time_cooldown,126.0,0.08332807790563135,0.732919146089195,0.23930973258682325,0.3482017927348581,0.993621744586712,0.11888509035919796,17,0,,0,0.0,0.0,0.0,SMA,150,0.05,1.0,0.0
17,SMA_N150_th5_bL1_sL0,33,17_SMA_N150_th5_bL1_sL0_sl35_rec5,sl35_rec5,0.35,recovery_trigger,0.05,0.08332807790563135,0.732919146089195,0.23930973258682325,0.3482017927348581,0.993621744586712,0.11888509035919796,17,0,,0,0.0,0.0,0.0,SMA,150,0.05,1.0,0.0
17,SMA_N150_th5_bL1_sL0,34,17_SMA_N150_th5_bL1_sL0_sl35_rec10,sl35_rec10,0.35,recovery_trigger,0.1,0.08332807790563135,0.732919146089195,0.23930973258682325,0.3482017927348581,0.993621744586712,0.11888509035919796,17,0,,0,0.0,0.0,0.0,SMA,150,0.05,1.0,0.0
17,SMA_N150_th5_bL1_sL0,35,17_SMA_N150_th5_bL1_sL0_sl35_rec15,sl35_rec15,0.35,recovery_trigger,0.15,0.08332807790563135,0.732919146089195,0.23930973258682325,0.3482017927348581,0.993621744586712,0.11888509035919796,17,0,,0,0.0,0.0,0.0,SMA,150,0.05,1.0,0.0
17,SMA_N150_th5_bL1_sL0,36,17_SMA_N150_th5_bL1_sL0_sl40_next,sl40_next,0.4,next_signal,,0.08332807790563135,0.732919146089195,0.23930973258682325,0.3482017927348581,0.993621744586712,0.11888509035919796,17,0,,0,0.0,0.0,0.0,SMA,150,0.05,1.0,0.0
17,SMA_N150_th5_bL1_sL0,37,17_SMA_N150_th5_bL1_sL0_sl40_cool21,sl40_cool21,0.4,time_cooldown,21.0,0.08332807790563135,0.732919146089195,0.23930973258682325,0.3482017927348581,0.993621744586712,0.11888509035919796,17,0,,0,0.0,0.0,0.0,SMA,150,0.05,1.0,0.0
17,SMA_N150_th5_bL1_sL0,38,17_SMA_N150_th5_bL1_sL0_sl40_cool63,sl40_cool63,0.4,time_cooldown,63.0,0.08332807790563135,0.732919146089195,0.23930973258682325,0.3482017927348581,0.993621744586712,0.11888509035919796,17,0,,0,0.0,0.0,0.0,SMA,150,0.05,1.0,0.0
17,SMA_N150_th5_bL1_sL0,39,17_SMA_N150_th5_bL1_sL0_sl40_cool126,sl40_cool126,0.4,time_cooldown,126.0,0.08332807790563135,0.732919146089195,0.23930973258682325,0.3482017927348581,0.993621744586712,0.11888509035919796,17,0,,0,0.0,0.0,0.0,SMA,150,0.05,1.0,0.0
17,SMA_N150_th5_bL1_sL0,40,17_SMA_N150_th5_bL1_sL0_sl40_rec5,sl40_rec5,0.4,recovery_trigger,0.05,0.08332807790563135,0.732919146089195,0.23930973258682325,0.3482017927348581,0.993621744586712,0.11888509035919796,17,0,,0,0.0,0.0,0.0,SMA,150,0.05,1.0,0.0
17,SMA_N150_th5_bL1_sL0,41,17_SMA_N150_th5_bL1_sL0_sl40_rec10,sl40_rec10,0.4,recovery_trigger,0.1,0.08332807790563135,0.732919146089195,0.23930973258682325,0.3482017927348581,0.993621744586712,0.11888509035919796,17,0,,0,0.0,0.0,0.0,SMA,150,0.05,1.0,0.0
17,SMA_N150_th5_bL1_sL0,42,17_SMA_N150_th5_bL1_sL0_sl40_rec15,sl40_rec15,0.4,recovery_trigger,0.15,0.08332807790563135,0.732919146089195,0.23930973258682325,0.3482017927348581,0.993621744586712,0.11888509035919796,17,0,,0,0.0,0.0,0.0,SMA,150,0.05,1.0,0.0
18,EMA_N150_th2_bL2_sL0,0,18_EMA_N150_th2_bL2_sL0_baseline,baseline,,—,,0.1433984185340631,0.6880036791568894,0.5264297297053394,0.2723980247360423,0.9364061391204025,0.23533923494058656,39,0,,0,0.0,0.0,0.0,EMA,150,0.02,2.0,0.0
18,EMA_N150_th2_bL2_sL0,1,18_EMA_N150_th2_bL2_sL0_sl15_next,sl15_next,0.15,next_signal,,0.11991226242413311,0.6844276448778771,0.4479313800623022,0.26770230388291766,0.9286653404321931,0.19286538465876557,39,12,112.08333333333333,345,-0.02348615610992999,0.0784983496430372,3.3423242728872076,EMA,150,0.02,2.0,0.0
18,EMA_N150_th2_bL2_sL0,2,18_EMA_N150_th2_bL2_sL0_sl15_cool21,sl15_cool21,0.15,time_cooldown,21.0,0.1443976071690638,0.7191759984756115,0.4351456373021622,0.33183742359065654,0.9791836382972529,0.22211336045579863,47,16,21.0,21,0.0009991886350007029,0.0912840924031772,91.2840924031772,EMA,150,0.02,2.0,0.0
18,EMA_N150_th2_bL2_sL0,3,18_EMA_N150_th2_bL2_sL0_sl15_cool63,sl15_cool63,0.15,time_cooldown,63.0,0.12136510608286444,0.66224857918823,0.3918613730127648,0.30971438993786965,0.8954841641629503,0.20494231028255516,43,14,63.0,63,-0.02203331245119866,0.1345683566925746,6.107495502123367,EMA,150,0.02,2.0,0.0
18,EMA_N150_th2_bL2_sL0,4,18_EMA_N150_th2_bL2_sL0_sl15_cool126,sl15_cool126,0.15,time_cooldown,126.0,0.06269397807760613,0.4314990366501274,0.4340051798446943,0.14445444660370352,0.5761249337804938,0.17785267452086834,35,13,126.0,126,-0.08070444045645697,0.09242454986064513,1.1452226090398532,EMA,150,0.02,2.0,0.0
18,EMA_N150_th2_bL2_sL0,5,18_EMA_N150_th2_bL2_sL0_sl15_rec5,sl15_rec5,0.15,recovery_trigger,0.05,0.14245958087668775,0.706837914587328,0.4482730428529823,0.31779644827630077,0.9605501097143672,0.2242936175187519,49,17,17.529411764705884,76,-0.0009388376573753465,0.0781566868523571,78.1566868523571,EMA,150,0.02,2.0,0.0
18,EMA_N150_th2_bL2_sL0,6,18_EMA_N150_th2_bL2_sL0_sl15_rec10,sl15_rec10,0.15,recovery_trigger,0.1,0.11002082295995486,0.6036598361286327,0.5116543474348179,0.21502958689112076,0.81285101732395,0.20960048010734783,45,16,50.625,113,-0.03337759557410824,0.014775382270521553,0.4426736562768815,EMA,150,0.02,2.0,0.0
18,EMA_N150_th2_bL2_sL0,7,18_EMA_N150_th2_bL2_sL0_sl15_rec15,sl15_rec15,0.15,recovery_trigger,0.15,0.10388126737459413,0.6002405850215717,0.4687839566080009,0.22159731772019683,0.8061031206283793,0.19739067875769323,37,13,92.0,248,-0.039517151159468966,0.05764577309733854,1.4587532604441211,EMA,150,0.02,2.0,0.0
18,EMA_N150_th2_bL2_sL0,8,18_EMA_N150_th2_bL2_sL0_sl20_next,sl20_next,0.2,next_signal,,0.09362290873124901,0.539420078688337,0.4762838140790581,0.19656957881778572,0.7360912498109164,0.20521407722585433,39,7,164.0,589,-0.04977550980281409,0.05014591562628129,1.0074415274687203,EMA,150,0.02,2.0,0.0
18,EMA_N150_th2_bL2_sL0,9,18_EMA_N150_th2_bL2_sL0_sl20_cool21,sl20_cool21,0.2,time_cooldown,21.0,0.14729093966201545,0.7131530681530038,0.47628381407905857,0.3092503572619131,0.972628993756962,0.23006631152425888,43,8,21.0,21,0.003892521127952353,0.050145915626280846,12.882631584496993,EMA,150,0.02,2.0,0.0
18,EMA_N150_th2_bL2_sL0,10,18_EMA_N150_th2_bL2_sL0_sl20_cool63,sl20_cool63,0.2,time_cooldown,63.0,0.13898228117450784,0.6959483842757093,0.385648887605152,0.3603855362777692,0.9458681072456685,0.22301077209652906,39,8,63.0,63,-0.004416137359555261,0.14078084210018743,31.878728091547664,EMA,150,0.02,2.0,0.0
18,EMA_N150_th2_bL2_sL0,11,18_EMA_N150_th2_bL2_sL0_sl20_cool126,sl20_cool126,0.2,time_cooldown,126.0,0.10663700671125453,0.5859801750230358,0.4477633205808437,0.23815485058696587,0.7946631204953024,0.21127196720605745,35,7,126.0,126,-0.036761411822808565,0.07866640912449568,2.1399180614626783,EMA,150,0.02,2.0,0.0
18,EMA_N150_th2_bL2_sL0,12,18_EMA_N150_th2_bL2_sL0_sl20_rec5,sl20_rec5,0.2,recovery_trigger,0.05,0.140308605496265,0.6875464887569053,0.4762838140790584,0.2945903290196109,0.9361076686910966,0.22959909369115972,43,8,22.125,39,-0.003089813037798095,0.05014591562628101,16.22943363007384,EMA,150,0.02,2.0,0.0
18,EMA_N150_th2_bL2_sL0,13,18_EMA_N150_th2_bL2_sL0_sl20_rec10,sl20_rec10,0.2,recovery_trigger,0.1,0.1234502263884365,0.63011312051062,0.5011935713908248,0.24631246974269647,0.8540509940250126,0.225352562510031,43,8,51.375,92,-0.019948192145626598,0.025236158314514645,1.2650849826532962,EMA,150,0.02,2.0,0.0
18,EMA_N150_th2_bL2_sL0,14,18_EMA_N150_th2_bL2_sL0_sl20_rec15,sl20_rec15,0.2,recovery_trigger,0.15,0.11009430798625108,0.5989364425464162,0.44199531636735623,0.24908478418071797,0.8073757593798937,0.21234305745430385,37,8,105.875,187,-0.033304110547812016,0.08443441333798318,2.5352550165472074,EMA,150,0.02,2.0,0.0
18,EMA_N150_th2_bL2_sL0,15,18_EMA_N150_th2_bL2_sL0_sl25_next,sl25_next,0.25,next_signal,,0.1469156356757828,0.7119204424373894,0.481235137529175,0.305288671209874,0.9678339243392678,0.23000132054415032,39,4,52.25,131,0.0035172171417197085,0.045194592176164394,12.849531420760377,EMA,150,0.02,2.0,0.0
18,EMA_N150_th2_bL2_sL0,16,18_EMA_N150_th2_bL2_sL0_sl25_cool21,sl25_cool21,0.25,time_cooldown,21.0,0.14556305051653418,0.7003481815699311,0.48123513752917496,0.30247801784363554,0.9522686573606123,0.2331685018317575,41,4,21.0,21,0.002164631982471077,0.04519459217616445,20.87864936956706,EMA,150,0.02,2.0,0.0
18,EMA_N150_th2_bL2_sL0,17,18_EMA_N150_th2_bL2_sL0_sl25_cool63,sl25_cool63,0.25,time_cooldown,63.0,0.12400124451954042,0.6258462531870779,0.48690630299844617,0.2546716765749819,0.8460833459608245,0.22903183879205716,39,4,63.0,63,-0.019397174014522678,0.03952342670689324,2.0375868503990335,EMA,150,0.02,2.0,0.0
18,EMA_N150_th2_bL2_sL0,18,18_EMA_N150_th2_bL2_sL0_sl25_cool126,sl25_cool126,0.25,time_cooldown,126.0,0.11668078445598162,0.6066493117354191,0.5268242049994935,0.22147954355304122,0.8180130404249274,0.2234018465516875,37,4,126.0,126,-0.026717634078081476,-0.0003944752941540397,-0.014764604268521591,EMA,150,0.02,2.0,0.0
18,EMA_N150_th2_bL2_sL0,19,18_EMA_N150_th2_bL2_sL0_sl25_rec5,sl25_rec5,0.25,recovery_trigger,0.05,0.14841194014470593,0.7104215179193386,0.48123513752917474,0.3083979713258334,0.966503548848825,0.2334527042845448,41,4,18.0,25,0.005013521610642835,0.04519459217616467,9.014540214651594,EMA,150,0.02,2.0,0.0
18,EMA_N150_th2_bL2_sL0,20,18_EMA_N150_th2_bL2_sL0_sl25_rec10,sl25_rec10,0.25,recovery_trigger,0.1,0.12902215822326446,0.6401973242491314,0.5425017110439755,0.23782811297493928,0.8669980575127416,0.23189244415052143,41,4,34.0,40,-0.014376260310798639,-0.016071981338636077,-1.1179528605616378,EMA,150,0.02,2.0,0.0
18,EMA_N150_th2_bL2_sL0,21,18_EMA_N150_th2_bL2_sL0_sl25_rec15,sl25_rec15,0.25,recovery_trigger,0.15,0.11689238132308777,0.5985608113588501,0.516685649584783,0.2262350065596449,0.8080737971454837,0.22877193179361283,39,4,77.75,119,-0.02650603721097533,0.009744080120556387,0.36761738629574037,EMA,150,0.02,2.0,0.0
18,EMA_N150_th2_bL2_sL0,22,18_EMA_N150_th2_bL2_sL0_sl30_next,sl30_next,0.3,next_signal,,0.1390852076314968,0.6809620443108877,0.4977630512639004,0.27942051399423296,0.9252407753318593,0.23059278626172916,39,3,74.33333333333333,124,-0.004313210902566311,0.028666678441438997,6.646250111345738,EMA,150,0.02,2.0,0.0
18,EMA_N150_th2_bL2_sL0,23,18_EMA_N150_th2_bL2_sL0_sl30_cool21,sl30_cool21,0.3,time_cooldown,21.0,0.13308257813533841,0.6526589112621831,0.49776305126390036,0.26736130332980795,0.8862520883718448,0.23355317177002843,41,3,21.0,21,-0.010315840398724685,0.028666678441439053,2.7788989877143724,EMA,150,0.02,2.0,0.0
18,EMA_N150_th2_bL2_sL0,24,18_EMA_N150_th2_bL2_sL0_sl30_cool63,sl30_cool63,0.3,time_cooldown,63.0,0.11758733910303665,0.5970603511758367,0.5015827066324678,0.23443260213753375,0.8075132035535048,0.2313999753263985,41,3,63.0,63,-0.02581107943102645,0.024847023072871566,0.9626495141076498,EMA,150,0.02,2.0,0.0
18,EMA_N150_th2_bL2_sL0,25,18_EMA_N150_th2_bL2_sL0_sl30_cool126,sl30_cool126,0.3,time_cooldown,126.0,0.12090844723081262,0.6179379787064384,0.5313220142615637,0.22756152386957337,0.837472142088333,0.22658052792897002,37,3,126.0,126,-0.022489971303250478,-0.004892284556224258,-0.21753182742021443,EMA,150,0.02,2.0,0.0
18,EMA_N150_th2_bL2_sL0,26,18_EMA_N150_th2_bL2_sL0_sl30_rec5,sl30_rec5,0.3,recovery_trigger,0.05,0.1405712962622956,0.6799480855803023,0.49776305126390075,0.2824060482299005,0.9245513593360598,0.23403568767686814,41,3,15.333333333333334,32,-0.0028271222717675126,0.028666678441438664,10.139879243184025,EMA,150,0.02,2.0,0.0
18,EMA_N150_th2_bL2_sL0,27,18_EMA_N150_th2_bL2_sL0_sl30_rec10,sl30_rec10,0.3,recovery_trigger,0.1,0.1297448778711161,0.6410095891603258,0.4977630512639002,0.26065590353014967,0.8690053326412105,0.23299407445564704,41,3,42.666666666666664,73,-0.013653540662946995,0.02866667844143922,2.099578354736578,EMA,150,0.02,2.0,0.0
18,EMA_N150_th2_bL2_sL0,28,18_EMA_N150_th2_bL2_sL0_sl30_rec15,sl30_rec15,0.3,recovery_trigger,0.15,0.11566590520971931,0.5889856990436926,0.5157664571244415,0.22426023176185736,0.7964646473118043,0.23181299243759085,41,3,64.0,82,-0.027732513324343788,0.010663272580897942,0.38450437059873865,EMA,150,0.02,2.0,0.0
18,EMA_N150_th2_bL2_sL0,29,18_EMA_N150_th2_bL2_sL0_sl35_next,sl35_next,0.35,next_signal,,0.149150576870259,0.7112044549925621,0.4848317165037885,0.30763370421764386,0.970402145428804,0.23439890033693084,39,1,71.0,71,0.005752158336195912,0.04159801320155093,7.231722558781482,EMA,150,0.02,2.0,0.0
18,EMA_N150_th2_bL2_sL0,30,18_EMA_N150_th2_bL2_sL0_sl35_cool21,sl35_cool21,0.35,time_cooldown,21.0,0.149150576870259,0.7112044549925621,0.4848317165037885,0.30763370421764386,0.970402145428804,0.23439890033693084,39,1,21.0,21,0.005752158336195912,0.04159801320155093,7.231722558781482,EMA,150,0.02,2.0,0.0
18,EMA_N150_th2_bL2_sL0,31,18_EMA_N150_th2_bL2_sL0_sl35_cool63,sl35_cool63,0.35,time_cooldown,63.0,0.149150576870259,0.7112044549925621,0.4848317165037885,0.30763370421764386,0.970402145428804,0.23439890033693084,39,1,63.0,63,0.005752158336195912,0.04159801320155093,7.231722558781482,EMA,150,0.02,2.0,0.0
18,EMA_N150_th2_bL2_sL0,32,18_EMA_N150_th2_bL2_sL0_sl35_cool126,sl35_cool126,0.35,time_cooldown,126.0,0.15842078078529265,0.7498445530994683,0.4104868460178558,0.3859338790563864,1.0250586233609258,0.23241621775650062,37,1,126.0,126,0.015022362251229548,0.11594288368748362,7.71801942653819,EMA,150,0.02,2.0,0.0
18,EMA_N150_th2_bL2_sL0,33,18_EMA_N150_th2_bL2_sL0_sl35_rec5,sl35_rec5,0.35,recovery_trigger,0.05,0.149150576870259,0.7112044549925621,0.4848317165037885,0.30763370421764386,0.970402145428804,0.23439890033693084,39,1,15.0,15,0.005752158336195912,0.04159801320155093,7.231722558781482,EMA,150,0.02,2.0,0.0
18,EMA_N150_th2_bL2_sL0,34,18_EMA_N150_th2_bL2_sL0_sl35_rec10,sl35_rec10,0.35,recovery_trigger,0.1,0.149150576870259,0.7112044549925621,0.4848317165037885,0.30763370421764386,0.970402145428804,0.23439890033693084,39,1,58.0,58,0.005752158336195912,0.04159801320155093,7.231722558781482,EMA,150,0.02,2.0,0.0
18,EMA_N150_th2_bL2_sL0,35,18_EMA_N150_th2_bL2_sL0_sl35_rec15,sl35_rec15,0.35,recovery_trigger,0.15,0.15407942123694673,0.732013987251255,0.4464779317838693,0.34509974685945594,1.000043695845511,0.23319578908997052,37,1,113.0,113,0.010681002702883635,0.07995179792147011,7.485420624403071,EMA,150,0.02,2.0,0.0
18,EMA_N150_th2_bL2_sL0,36,18_EMA_N150_th2_bL2_sL0_sl40_next,sl40_next,0.4,next_signal,,0.1433984185340631,0.6880036791568894,0.5264297297053394,0.2723980247360423,0.9364061391204025,0.23533923494058656,39,1,66.0,66,0.0,0.0,0.0,EMA,150,0.02,2.0,0.0
18,EMA_N150_th2_bL2_sL0,37,18_EMA_N150_th2_bL2_sL0_sl40_cool21,sl40_cool21,0.4,time_cooldown,21.0,0.1433984185340631,0.6880036791568894,0.5264297297053394,0.2723980247360423,0.9364061391204025,0.23533923494058656,39,1,21.0,21,0.0,0.0,0.0,EMA,150,0.02,2.0,0.0
18,EMA_N150_th2_bL2_sL0,38,18_EMA_N150_th2_bL2_sL0_sl40_cool63,sl40_cool63,0.4,time_cooldown,63.0,0.1433984185340631,0.6880036791568894,0.5264297297053394,0.2723980247360423,0.9364061391204025,0.23533923494058656,39,1,63.0,63,0.0,0.0,0.0,EMA,150,0.02,2.0,0.0
18,EMA_N150_th2_bL2_sL0,39,18_EMA_N150_th2_bL2_sL0_sl40_cool126,sl40_cool126,0.4,time_cooldown,126.0,0.15372311635504854,0.7305459353293954,0.4493381424170097,0.3421100989294279,0.9962940613653439,0.23327597476773843,37,1,126.0,126,0.01032469782098544,0.07709158728832971,7.466716084575123,EMA,150,0.02,2.0,0.0
18,EMA_N150_th2_bL2_sL0,40,18_EMA_N150_th2_bL2_sL0_sl40_rec5,sl40_rec5,0.4,recovery_trigger,0.05,0.1433984185340631,0.6880036791568894,0.5264297297053394,0.2723980247360423,0.9364061391204025,0.23533923494058656,39,1,10.0,10,0.0,0.0,0.0,EMA,150,0.02,2.0,0.0
18,EMA_N150_th2_bL2_sL0,41,18_EMA_N150_th2_bL2_sL0_sl40_rec10,sl40_rec10,0.4,recovery_trigger,0.1,0.1433984185340631,0.6880036791568894,0.5264297297053394,0.2723980247360423,0.9364061391204025,0.23533923494058656,39,1,53.0,53,0.0,0.0,0.0,EMA,150,0.02,2.0,0.0
18,EMA_N150_th2_bL2_sL0,42,18_EMA_N150_th2_bL2_sL0_sl40_rec15,sl40_rec15,0.4,recovery_trigger,0.15,0.14830259120516787,0.7085948133926653,0.49117287718062747,0.30193562815690655,0.965597655571661,0.23414128013680716,37,1,108.0,108,0.004904172671104767,0.035256852524711946,7.18915398971252,EMA,150,0.02,2.0,0.0
19,SMA_N150_th5_bL2_sL0,0,19_SMA_N150_th5_bL2_sL0_baseline,baseline,,—,,0.13412362644562936,0.6515194136671159,0.432639623274856,0.31001235030296936,0.8796582069464779,0.23659270831017196,17,0,,0,0.0,0.0,0.0,SMA,150,0.05,2.0,0.0
19,SMA_N150_th5_bL2_sL0,1,19_SMA_N150_th5_bL2_sL0_sl15_next,sl15_next,0.15,next_signal,,0.04466029289266116,0.3873783705631376,0.2715682772054118,0.16445327617879504,0.5080491301167124,0.13745673940511202,17,8,343.5,984,-0.0894633335529682,0.16107134606944418,1.8004174411193754,SMA,150,0.05,2.0,0.0
19,SMA_N150_th5_bL2_sL0,2,19_SMA_N150_th5_bL2_sL0_sl15_cool21,sl15_cool21,0.15,time_cooldown,21.0,0.13604167479363927,0.7095698336402773,0.3206684161619323,0.42424407249680757,0.9640519214114516,0.2115492397721928,34,15,21.0,21,0.0019180483480099042,0.11197120711292369,58.377677095106,SMA,150,0.05,2.0,0.0
19,SMA_N150_th5_bL2_sL0,3,19_SMA_N150_th5_bL2_sL0_sl15_cool63,sl15_cool63,0.15,time_cooldown,63.0,0.10733417056517958,0.6136369029064459,0.3136174131922151,0.3422455707183415,0.8259523331867108,0.19854280542502684,28,14,63.0,63,-0.026789455880449786,0.11902221008264091,4.442875234711283,SMA,150,0.05,2.0,0.0
19,SMA_N150_th5_bL2_sL0,4,19_SMA_N150_th5_bL2_sL0_sl15_cool126,sl15_cool126,0.15,time_cooldown,126.0,0.046280768320850374,0.3435714266751915,0.5122016001702314,0.09035654770595963,0.4559027768862715,0.17833718631930998,28,14,126.0,126,-0.08784285812477899,-0.07956197689537542,-0.9057307400262324,SMA,150,0.05,2.0,0.0
19,SMA_N150_th5_bL2_sL0,5,19_SMA_N150_th5_bL2_sL0_sl15_rec5,sl15_rec5,0.15,recovery_trigger,0.05,0.09182006403418574,0.5095375315969434,0.49230678383899956,0.18650984924110636,0.676678624395381,0.22080953289974595,39,18,11.11111111111111,23,-0.04230356241144362,-0.05966716056414356,-1.4104523865820549,SMA,150,0.05,2.0,0.0
19,SMA_N150_th5_bL2_sL0,6,19_SMA_N150_th5_bL2_sL0_sl15_rec10,sl15_rec10,0.15,recovery_trigger,0.1,0.11104272988372244,0.6278277823004519,0.3167173038748715,0.35060518804994983,0.8458695275770697,0.19977243603697425,29,14,45.285714285714285,113,-0.023080896561906927,0.11592231939998449,5.02243572250588,SMA,150,0.05,2.0,0.0
19,SMA_N150_th5_bL2_sL0,7,19_SMA_N150_th5_bL2_sL0_sl15_rec15,sl15_rec15,0.15,recovery_trigger,0.15,0.09360487704666864,0.5591710727094685,0.3627354378066611,0.2580527494436876,0.7502956667724149,0.19394118352297027,26,13,92.91666666666667,248,-0.04051874939896072,0.06990418546819488,1.7252305785624242,SMA,150,0.05,2.0,0.0
19,SMA_N150_th5_bL2_sL0,8,19_SMA_N150_th5_bL2_sL0_sl20_next,sl20_next,0.2,next_signal,,0.1146829327867247,0.6108047639101384,0.3283917104047321,0.34922602840790873,0.8260395367086866,0.21642785501497364,17,7,167.14285714285714,415,-0.019440693658904662,0.10424791287012392,5.362355618539051,SMA,150,0.05,2.0,0.0
19,SMA_N150_th5_bL2_sL0,9,19_SMA_N150_th5_bL2_sL0_sl20_cool21,sl20_cool21,0.2,time_cooldown,21.0,0.13541100910399106,0.672444033602657,0.3283917104047321,0.41234600269629645,0.9114548077839782,0.2277580931752852,19,7,21.0,21,0.001287382658361702,0.10424791287012392,80.97663285505784,SMA,150,0.05,2.0,0.0
19,SMA_N150_th5_bL2_sL0,10,19_SMA_N150_th5_bL2_sL0_sl20_cool63,sl20_cool63,0.2,time_cooldown,63.0,0.12551827944717053,0.6354126150750238,0.3283917104047321,0.38222121774168216,0.8599185741714679,0.22697603268660047,19,7,63.0,63,-0.00860534699845883,0.10424791287012392,12.114318328917376,SMA,150,0.05,2.0,0.0
19,SMA_N150_th5_bL2_sL0,11,19_SMA_N150_th5_bL2_sL0_sl20_cool126,sl20_cool126,0.2,time_cooldown,126.0,0.10615681651565412,0.5725213765879488,0.33761243496473553,0.31443396487082137,0.7755969347685912,0.21806781880692305,19,7,126.0,126,-0.027966809929975245,0.09502718831012047,3.3978558351150703,SMA,150,0.05,2.0,0.0
19,SMA_N150_th5_bL2_sL0,12,19_SMA_N150_th5_bL2_sL0_sl20_rec5,sl20_rec5,0.2,recovery_trigger,0.05,0.1227246682676455,0.6161472786502813,0.48584836235995144,0.25259870728291606,0.8249504619794638,0.23209469946803457,21,8,8.0,17,-0.011398958177983864,-0.053208739085095436,-4.667859838968764,SMA,150,0.05,2.0,0.0
19,SMA_N150_th5_bL2_sL0,13,19_SMA_N150_th5_bL2_sL0_sl20_rec10,sl20_rec10,0.2,recovery_trigger,0.1,0.13549051420854297,0.6727285112461686,0.3283917104047321,0.41258810717711275,0.9118529439182628,0.22776989603214415,19,7,31.714285714285715,50,0.0013668877629136045,0.10424791287012392,76.26662239474084,SMA,150,0.05,2.0,0.0
19,SMA_N150_th5_bL2_sL0,14,19_SMA_N150_th5_bL2_sL0_sl20_rec15,sl20_rec15,0.2,recovery_trigger,0.15,0.13014110363652875,0.6524051229317155,0.3283917104047321,0.3962983824291243,0.883663352157355,0.22754763036541215,19,7,75.57142857142857,163,-0.003982522809100608,0.10424791287012392,26.17635048615496,SMA,150,0.05,2.0,0.0
19,SMA_N150_th5_bL2_sL0,15,19_SMA_N150_th5_bL2_sL0_sl25_next,sl25_next,0.25,next_signal,,0.06593161643686174,0.42125517146143227,0.43263962327485594,0.1523938467258127,0.5635883578402975,0.1992168196331059,17,4,365.0,720,-0.06819201000876762,5.551115123125783e-17,8.140418683086276e-16,SMA,150,0.05,2.0,0.0
19,SMA_N150_th5_bL2_sL0,16,19_SMA_N150_th5_bL2_sL0_sl25_cool21,sl25_cool21,0.25,time_cooldown,21.0,0.12633391979652875,0.6259279682159103,0.43556466873097294,0.2900462982101036,0.8434506815887987,0.23444377318795953,23,5,21.0,21,-0.007789706649100614,-0.002925045456116937,-0.37550136197422246,SMA,150,0.05,2.0,0.0
19,SMA_N150_th5_bL2_sL0,17,19_SMA_N150_th5_bL2_sL0_sl25_cool63,sl25_cool63,0.25,time_cooldown,63.0,0.11321497944522885,0.5839968059134244,0.4464605237068146,0.2535834042061372,0.7860911573322571,0.22904629983229463,23,5,63.0,63,-0.020908647000400515,-0.013820900431958605,-0.6610136194701579,SMA,150,0.05,2.0,0.0
19,SMA_N150_th5_bL2_sL0,18,19_SMA_N150_th5_bL2_sL0_sl25_cool126,sl25_cool126,0.25,time_cooldown,126.0,0.08451041170697171,0.48200439506421283,0.5003314555399027,0.1689088518645652,0.6479225118643813,0.21818207916960855,23,5,126.0,126,-0.04961321473865765,-0.06769183226504666,-1.3643911732311613,SMA,150,0.05,2.0,0.0
19,SMA_N150_th5_bL2_sL0,19,19_SMA_N150_th5_bL2_sL0_sl25_rec5,sl25_rec5,0.25,recovery_trigger,0.05,0.12316901105811384,0.615991202261669,0.43263962327485606,0.2846919339606223,0.8304092829456206,0.2331588963903169,23,5,14.4,30,-0.01095461538751552,-5.551115123125783e-17,-5.0673756464806035e-15,SMA,150,0.05,2.0,0.0
19,SMA_N150_th5_bL2_sL0,20,19_SMA_N150_th5_bL2_sL0_sl25_rec10,sl25_rec10,0.25,recovery_trigger,0.1,0.10498143703345364,0.5508169164590687,0.4681946867499686,0.22422603246994383,0.738846078133177,0.22961631135628727,23,5,56.0,127,-0.029142189412175723,-0.035555063475112614,-1.2200546421628007,SMA,150,0.05,2.0,0.0
19,SMA_N150_th5_bL2_sL0,21,19_SMA_N150_th5_bL2_sL0_sl25_rec15,sl25_rec15,0.25,recovery_trigger,0.15,0.09066644454245276,0.4989294186975208,0.5053504104711114,0.17941302245689134,0.6686261257230882,0.2254270985144224,23,5,93.6,160,-0.0434571819031766,-0.0727107871962554,-1.6731592802832078,SMA,150,0.05,2.0,0.0
19,SMA_N150_th5_bL2_sL0,22,19_SMA_N150_th5_bL2_sL0_sl30_next,sl30_next,0.3,next_signal,,0.09591645993133091,0.5279419762140319,0.432639623274856,0.22170059044821971,0.7061280481955166,0.21974656607492057,17,2,319.0,576,-0.03820716651429845,0.0,0.0,SMA,150,0.05,2.0,0.0
19,SMA_N150_th5_bL2_sL0,23,19_SMA_N150_th5_bL2_sL0_sl30_cool21,sl30_cool21,0.3,time_cooldown,21.0,0.12781008514440595,0.6295824991298965,0.432639623274856,0.29541927800544565,0.8486951370420321,0.23559380732211013,19,2,21.0,21,-0.006313541301223413,0.0,0.0,SMA,150,0.05,2.0,0.0
19,SMA_N150_th5_bL2_sL0,24,19_SMA_N150_th5_bL2_sL0_sl30_cool63,sl30_cool63,0.3,time_cooldown,63.0,0.12079679912347041,0.6053255464165764,0.44646052370681455,0.27056546482661986,0.8138316090535229,0.23418312232723953,19,2,63.0,63,-0.013326827322158952,-0.01382090043195855,-1.03707357331614,SMA,150,0.05,2.0,0.0
19,SMA_N150_th5_bL2_sL0,25,19_SMA_N150_th5_bL2_sL0_sl30_cool126,sl30_cool126,0.3,time_cooldown,126.0,0.10924491269833148,0.5700358662768462,0.42688290938927576,0.25591306256468266,0.7690864483684671,0.22787125812701473,19,2,126.0,126,-0.024878713747297887,0.005756713885580245,0.23139113798459496,SMA,150,0.05,2.0,0.0
19,SMA_N150_th5_bL2_sL0,26,19_SMA_N150_th5_bL2_sL0_sl30_rec5,sl30_rec5,0.3,recovery_trigger,0.05,0.12965820622533908,0.6363142365352268,0.432639623274856,0.29969101129456005,0.8581107549604087,0.23572251669646127,19,2,8.0,15,-0.004465420220290284,0.0,0.0,SMA,150,0.05,2.0,0.0
19,SMA_N150_th5_bL2_sL0,27,19_SMA_N150_th5_bL2_sL0_sl30_rec10,sl30_rec10,0.3,recovery_trigger,0.1,0.12274147292934967,0.6125619533267167,0.432639623274856,0.2837037255170038,0.8238684446366507,0.2342867144716061,19,2,35.5,59,-0.011382153516279692,0.0,0.0,SMA,150,0.05,2.0,0.0
19,SMA_N150_th5_bL2_sL0,28,19_SMA_N150_th5_bL2_sL0_sl30_rec15,sl30_rec15,0.3,recovery_trigger,0.15,0.11845251148672165,0.5964650587834096,0.432639623274856,0.2737902520118199,0.8017357877069733,0.23412958938629613,19,2,40.5,68,-0.015671114958907717,0.0,0.0,SMA,150,0.05,2.0,0.0
19,SMA_N150_th5_bL2_sL0,29,19_SMA_N150_th5_bL2_sL0_sl35_next,sl35_next,0.35,next_signal,,0.13412362644562936,0.6515194136671159,0.432639623274856,0.31001235030296936,0.8796582069464779,0.23659270831017196,17,1,62.0,62,0.0,0.0,0.0,SMA,150,0.05,2.0,0.0
19,SMA_N150_th5_bL2_sL0,30,19_SMA_N150_th5_bL2_sL0_sl35_cool21,sl35_cool21,0.35,time_cooldown,21.0,0.13412362644562936,0.6515194136671159,0.432639623274856,0.31001235030296936,0.8796582069464779,0.23659270831017196,17,1,21.0,21,0.0,0.0,0.0,SMA,150,0.05,2.0,0.0
19,SMA_N150_th5_bL2_sL0,31,19_SMA_N150_th5_bL2_sL0_sl35_cool63,sl35_cool63,0.35,time_cooldown,63.0,0.13245780539000407,0.6454346409314299,0.44646052370681455,0.29668424946118543,0.8711676566815363,0.23651801781285559,17,1,63.0,63,-0.001665821055625294,-0.01382090043195855,-8.296749753094364,SMA,150,0.05,2.0,0.0
19,SMA_N150_th5_bL2_sL0,32,19_SMA_N150_th5_bL2_sL0_sl35_cool126,sl35_cool126,0.35,time_cooldown,126.0,0.12498419374365133,0.625358978438475,0.42688290938927576,0.29278331597407165,0.848151608994812,0.23162050102546056,17,1,126.0,126,-0.009139432701978034,0.005756713885580245,0.6298765003580942,SMA,150,0.05,2.0,0.0
19,SMA_N150_th5_bL2_sL0,33,19_SMA_N150_th5_bL2_sL0_sl35_rec5,sl35_rec5,0.35,recovery_trigger,0.05,0.13412362644562936,0.6515194136671159,0.432639623274856,0.31001235030296936,0.8796582069464779,0.23659270831017196,17,1,1.0,1,0.0,0.0,0.0,SMA,150,0.05,2.0,0.0
19,SMA_N150_th5_bL2_sL0,34,19_SMA_N150_th5_bL2_sL0_sl35_rec10,sl35_rec10,0.35,recovery_trigger,0.1,0.13412362644562936,0.6515194136671159,0.432639623274856,0.31001235030296936,0.8796582069464779,0.23659270831017196,17,1,12.0,12,0.0,0.0,0.0,SMA,150,0.05,2.0,0.0
19,SMA_N150_th5_bL2_sL0,35,19_SMA_N150_th5_bL2_sL0_sl35_rec15,sl35_rec15,0.35,recovery_trigger,0.15,0.13412362644562936,0.6515194136671159,0.432639623274856,0.31001235030296936,0.8796582069464779,0.23659270831017196,17,1,13.0,13,0.0,0.0,0.0,SMA,150,0.05,2.0,0.0
19,SMA_N150_th5_bL2_sL0,36,19_SMA_N150_th5_bL2_sL0_sl40_next,sl40_next,0.4,next_signal,,0.08990538830052985,0.5073248017721685,0.5077406982013313,0.17706949358012705,0.6786473219953084,0.216354122161768,17,1,665.0,665,-0.04421823814509951,-0.07510107492647528,-1.6984185276680537,SMA,150,0.05,2.0,0.0
19,SMA_N150_th5_bL2_sL0,37,19_SMA_N150_th5_bL2_sL0_sl40_cool21,sl40_cool21,0.4,time_cooldown,21.0,0.12732736427739155,0.628597865813635,0.43434042784418386,0.2931510771616895,0.8478324490469178,0.23508978796605604,19,1,21.0,21,-0.00679626216823781,-0.0017008045693278628,-0.2502558799565646,SMA,150,0.05,2.0,0.0
19,SMA_N150_th5_bL2_sL0,38,19_SMA_N150_th5_bL2_sL0_sl40_cool63,sl40_cool63,0.4,time_cooldown,63.0,0.11995697458620413,0.6042998069308114,0.4683703332719019,0.2561156547815888,0.8155086345007444,0.23277437760106431,19,1,63.0,63,-0.014166651859425228,-0.03573070999704592,-2.5221704007128465,SMA,150,0.05,2.0,0.0
19,SMA_N150_th5_bL2_sL0,39,19_SMA_N150_th5_bL2_sL0_sl40_cool126,sl40_cool126,0.4,time_cooldown,126.0,0.10767696493717183,0.5628428639986766,0.4412655507534973,0.24401851618215953,0.7569309763199877,0.2286177080282331,19,1,126.0,126,-0.026446661508457536,-0.008625927478641326,-0.32616318985603493,SMA,150,0.05,2.0,0.0
19,SMA_N150_th5_bL2_sL0,40,19_SMA_N150_th5_bL2_sL0_sl40_rec5,sl40_rec5,0.4,recovery_trigger,0.05,0.12639458858561348,0.6247555344361266,0.4461714404153966,0.2832870442535206,0.8426402108209583,0.23528316988134698,19,1,16.0,16,-0.007729037860015886,-0.01353181714054058,-1.7507764078299868,SMA,150,0.05,2.0,0.0
19,SMA_N150_th5_bL2_sL0,41,19_SMA_N150_th5_bL2_sL0_sl40_rec10,sl40_rec10,0.4,recovery_trigger,0.1,0.12116307544416483,0.6059845246439352,0.4586826606242864,0.2641544707167626,0.8165238727602949,0.23463676394714492,19,1,37.0,37,-0.012960551001464538,-0.02604303734943042,-2.0094081915566373,SMA,150,0.05,2.0,0.0
19,SMA_N150_th5_bL2_sL0,42,19_SMA_N150_th5_bL2_sL0_sl40_rec15,sl40_rec15,0.4,recovery_trigger,0.15,0.11433467360122296,0.5803843922526888,0.5114172698492998,0.2235643579946257,0.7812874513788328,0.23433733802896217,19,1,53.0,53,-0.019788952844406404,-0.0787776465744438,-3.980890105395915,SMA,150,0.05,2.0,0.0
20,SMA_N200_th2_bL3_sL0,0,20_SMA_N200_th2_bL3_sL0_baseline,baseline,,—,,0.18186008330908754,0.652352461750908,0.5743371867786841,0.3166434065136823,0.8822719209020294,0.35352320358417216,26,0,,0,0.0,0.0,0.0,SMA,200,0.02,3.0,0.0
20,SMA_N200_th2_bL3_sL0,1,20_SMA_N200_th2_bL3_sL0_sl15_next,sl15_next,0.15,next_signal,,-0.0017115720492998365,0.08227709380938114,0.7018876079584232,-0.0024385272369721375,0.10619131156923017,0.17795868249562935,26,13,253.15384615384616,870,-0.18357165535838738,-0.12755042117973914,-0.6948263386889558,SMA,200,0.02,3.0,0.0
20,SMA_N200_th2_bL3_sL0,2,20_SMA_N200_th2_bL3_sL0_sl15_cool21,sl15_cool21,0.15,time_cooldown,21.0,0.08984376976744635,0.4408908830017868,0.49473271294710813,0.18160062477423347,0.5953487591272254,0.2950050877191747,70,32,21.0,21,-0.09201631354164119,0.07960447383157593,0.8651126171833825,SMA,200,0.02,3.0,0.0
20,SMA_N200_th2_bL3_sL0,3,20_SMA_N200_th2_bL3_sL0_sl15_cool63,sl15_cool63,0.15,time_cooldown,63.0,0.05459411580032314,0.33695423153593906,0.43176709414336506,0.12644343800362787,0.4494538863926454,0.25762107545149304,53,26,63.0,63,-0.1272659675087644,0.142570092635319,1.120253084356591,SMA,200,0.02,3.0,0.0
20,SMA_N200_th2_bL3_sL0,4,20_SMA_N200_th2_bL3_sL0_sl15_cool126,sl15_cool126,0.15,time_cooldown,126.0,-0.01809435660462244,0.015428221271627999,0.6631083279856106,-0.027287180451479848,0.019879481771789328,0.20535757627294468,39,20,126.0,126,-0.19995443991370998,-0.08877114120692653,-0.44395683959423743,SMA,200,0.02,3.0,0.0
20,SMA_N200_th2_bL3_sL0,5,20_SMA_N200_th2_bL3_sL0_sl15_rec5,sl15_rec5,0.15,recovery_trigger,0.05,0.07507937596403358,0.39071873583684846,0.6574961875685252,0.11418982707973298,0.5191895385556147,0.3127266150445261,70,35,14.085714285714285,31,-0.10678070734505396,-0.08315900078984118,-0.7787830110650888,SMA,200,0.02,3.0,0.0
20,SMA_N200_th2_bL3_sL0,6,20_SMA_N200_th2_bL3_sL0_sl15_rec10,sl15_rec10,0.15,recovery_trigger,0.1,0.049803067856204475,0.3191415367260162,0.46506383481710784,0.10708867068924023,0.4254167664258302,0.25813425455312533,52,26,58.88461538461539,148,-0.13205701545288306,0.10927335196157623,0.8274710100544724,SMA,200,0.02,3.0,0.0
20,SMA_N200_th2_bL3_sL0,7,20_SMA_N200_th2_bL3_sL0_sl15_rec15,sl15_rec15,0.15,recovery_trigger,0.15,0.0146602196942478,0.17856731233315332,0.6066669321698087,0.024165186722496918,0.2334199004829498,0.22243246773856215,39,20,111.6842105263158,248,-0.16719986361483974,-0.032329745391124654,-0.19335987896257617,SMA,200,0.02,3.0,0.0
20,SMA_N200_th2_bL3_sL0,8,20_SMA_N200_th2_bL3_sL0_sl20_next,sl20_next,0.2,next_signal,,-0.014511819136314053,0.02622234508031463,0.7730037087050982,-0.018773285267445372,0.03379013675783683,0.19589739284300778,26,11,273.3636363636364,867,-0.1963719024454016,-0.1986665219264141,-1.011685070279596,SMA,200,0.02,3.0,0.0
20,SMA_N200_th2_bL3_sL0,9,20_SMA_N200_th2_bL3_sL0_sl20_cool21,sl20_cool21,0.2,time_cooldown,21.0,0.1432639574005674,0.5849322803395605,0.4919268550179691,0.29123020209037837,0.7918202955187417,0.3145731366564635,45,21,21.0,21,-0.03859612590852013,0.08241033176071494,2.1351969872842287,SMA,200,0.02,3.0,0.0
20,SMA_N200_th2_bL3_sL0,10,20_SMA_N200_th2_bL3_sL0_sl20_cool63,sl20_cool63,0.2,time_cooldown,63.0,0.10305838213101781,0.489802254950793,0.4339320782831416,0.23749887894614694,0.6577814256393302,0.28322159920704615,37,18,63.0,63,-0.07880170117806973,0.14040510849554244,1.7817522514934836,SMA,200,0.02,3.0,0.0
20,SMA_N200_th2_bL3_sL0,11,20_SMA_N200_th2_bL3_sL0_sl20_cool126,sl20_cool126,0.2,time_cooldown,126.0,0.06238368020558793,0.367760096533316,0.6088032478046133,0.1024693617035517,0.48849295153586686,0.25193671907514215,29,15,126.0,126,-0.1194764031034996,-0.034466061025929196,-0.2884758841967485,SMA,200,0.02,3.0,0.0
20,SMA_N200_th2_bL3_sL0,12,20_SMA_N200_th2_bL3_sL0_sl20_rec5,sl20_rec5,0.2,recovery_trigger,0.05,0.08971674320778833,0.42954027222771823,0.6518107095688643,0.1376423275817773,0.571474599252925,0.32578438828895606,56,25,12.56,36,-0.09214334010129921,-0.07747352279018027,-0.8407935148108214,SMA,200,0.02,3.0,0.0
20,SMA_N200_th2_bL3_sL0,13,20_SMA_N200_th2_bL3_sL0_sl20_rec10,sl20_rec10,0.2,recovery_trigger,0.1,0.1013830702936771,0.47824669864311675,0.5115186247360544,0.19820015418987172,0.6414682578279072,0.2925857638966693,40,19,50.1578947368421,113,-0.08047701301541044,0.0628185620426297,0.7805777039786586,SMA,200,0.02,3.0,0.0
20,SMA_N200_th2_bL3_sL0,14,20_SMA_N200_th2_bL3_sL0_sl20_rec15,sl20_rec15,0.2,recovery_trigger,0.15,0.08398517020983087,0.4357967150857044,0.4664024129850323,0.18007018804280095,0.5802677553984513,0.2696794972211275,31,16,95.46666666666667,248,-0.09787491309925667,0.10793477379365174,1.1027828314309018,SMA,200,0.02,3.0,0.0
20,SMA_N200_th2_bL3_sL0,15,20_SMA_N200_th2_bL3_sL0_sl25_next,sl25_next,0.25,next_signal,,0.039310205202388815,0.2812042383701477,0.5898683732902947,0.06664233409076654,0.3653915044784626,0.2687395842087597,26,10,189.4,857,-0.14254987810669872,-0.015531186511610673,-0.10895264673594154,SMA,200,0.02,3.0,0.0
20,SMA_N200_th2_bL3_sL0,16,20_SMA_N200_th2_bL3_sL0_sl25_cool21,sl25_cool21,0.25,time_cooldown,21.0,0.16933513772996722,0.6397910931311993,0.4357725794109843,0.3885860325559045,0.8674618393631539,0.33158370734764353,31,13,21.0,21,-0.012524945579120317,0.13856460736769977,11.063090573319025,SMA,200,0.02,3.0,0.0
20,SMA_N200_th2_bL3_sL0,17,20_SMA_N200_th2_bL3_sL0_sl25_cool63,sl25_cool63,0.25,time_cooldown,63.0,0.15487899967052177,0.6144927122926168,0.39320891269757835,0.3938847637200967,0.8301894941366368,0.31748314161937374,25,12,63.0,63,-0.026981083638565773,0.1811282740811057,6.713157874141407,SMA,200,0.02,3.0,0.0
20,SMA_N200_th2_bL3_sL0,18,20_SMA_N200_th2_bL3_sL0_sl25_cool126,sl25_cool126,0.25,time_cooldown,126.0,0.058535838297900655,0.3432915858415594,0.5594608220087655,0.10462902136332888,0.4568346501006726,0.28899369868428504,25,12,126.0,126,-0.12332424501118688,0.014876364769918604,0.12062806278334931,SMA,200,0.02,3.0,0.0
20,SMA_N200_th2_bL3_sL0,19,20_SMA_N200_th2_bL3_sL0_sl25_rec5,sl25_rec5,0.25,recovery_trigger,0.05,0.15322445236482962,0.5892857370354216,0.6288723106817142,0.2436495450065694,0.7899952122433335,0.34433496494925153,34,14,14.142857142857142,64,-0.028635630944257917,-0.05453512390303017,-1.904449879563966,SMA,200,0.02,3.0,0.0
20,SMA_N200_th2_bL3_sL0,20,20_SMA_N200_th2_bL3_sL0_sl25_rec10,sl25_rec10,0.25,recovery_trigger,0.1,0.14594363286958933,0.5900591957419671,0.5169358395215806,0.28232446217050616,0.7947297050408466,0.317494587407748,30,13,46.53846153846154,110,-0.035916450439498204,0.05740134725710344,1.5981909836495916,SMA,200,0.02,3.0,0.0
20,SMA_N200_th2_bL3_sL0,21,20_SMA_N200_th2_bL3_sL0_sl25_rec15,sl25_rec15,0.25,recovery_trigger,0.15,0.15229365124827443,0.6123272980298335,0.4655548507962602,0.32712289644882764,0.8275200075642531,0.31216636348450666,23,11,87.8,245,-0.029566432060813108,0.10878233598242387,3.6792513807102987,SMA,200,0.02,3.0,0.0
20,SMA_N200_th2_bL3_sL0,22,20_SMA_N200_th2_bL3_sL0_sl30_next,sl30_next,0.3,next_signal,,0.2011153212802992,0.7007568546296233,0.5714670123498523,0.351928137467323,0.9501401576013042,0.35076799107751794,26,8,71.625,199,0.019255237971211647,0.002870174428831751,0.149059410905382,SMA,200,0.02,3.0,0.0
20,SMA_N200_th2_bL3_sL0,23,20_SMA_N200_th2_bL3_sL0_sl30_cool21,sl30_cool21,0.3,time_cooldown,21.0,0.21864351056226572,0.7510027444787389,0.4124775429727185,0.5300737319818813,1.0288346009394098,0.3422705434088698,24,7,21.0,21,0.03678342725317818,0.16185964380596557,4.400341563930275,SMA,200,0.02,3.0,0.0
20,SMA_N200_th2_bL3_sL0,24,20_SMA_N200_th2_bL3_sL0_sl30_cool63,sl30_cool63,0.3,time_cooldown,63.0,0.20253708881293564,0.7133643161780355,0.412477542972718,0.4910257352515596,0.9757817065403873,0.34111514482835587,24,7,63.0,63,0.0206770055038481,0.16185964380596607,7.828002162878136,SMA,200,0.02,3.0,0.0
20,SMA_N200_th2_bL3_sL0,25,20_SMA_N200_th2_bL3_sL0_sl30_cool126,sl30_cool126,0.3,time_cooldown,126.0,0.1448692401415641,0.5810180501944472,0.4681679905466017,0.30943858415528247,0.792242328227633,0.32442732467189783,24,7,126.0,126,-0.036990843167523435,0.10616919623208237,2.870148045862737,SMA,200,0.02,3.0,0.0
20,SMA_N200_th2_bL3_sL0,26,20_SMA_N200_th2_bL3_sL0_sl30_rec5,sl30_rec5,0.3,recovery_trigger,0.05,0.19710373627629574,0.6932498673023223,0.5839768952196179,0.33751975102057824,0.9375866409012158,0.34875369700350073,26,8,15.25,39,0.015243652967208199,-0.00963970844093387,-0.6323752227678361,SMA,200,0.02,3.0,0.0
20,SMA_N200_th2_bL3_sL0,27,20_SMA_N200_th2_bL3_sL0_sl30_rec10,sl30_rec10,0.3,recovery_trigger,0.1,0.2187793256760644,0.7513059355603384,0.4124775429727185,0.5304029986683046,1.029266201415565,0.34228947372322616,24,7,43.714285714285715,77,0.03691924236697686,0.16185964380596557,4.384153992031649,SMA,200,0.02,3.0,0.0
20,SMA_N200_th2_bL3_sL0,28,20_SMA_N200_th2_bL3_sL0_sl30_rec15,sl30_rec15,0.3,recovery_trigger,0.15,0.19990572218813285,0.7075841749331416,0.41247754297271844,0.48464631734231106,0.9666160328921406,0.34053202208820615,24,7,62.0,100,0.01804563887904531,0.16185964380596563,8.969460427024165,SMA,200,0.02,3.0,0.0
20,SMA_N200_th2_bL3_sL0,29,20_SMA_N200_th2_bL3_sL0_sl35_next,sl35_next,0.35,next_signal,,0.14132610688003844,0.5834177068751476,0.5044505685380831,0.28015848468484605,0.8001014891416437,0.30963524968788064,26,4,293.25,597,-0.0405339764290491,0.06988661824060094,1.724149081769238,SMA,200,0.02,3.0,0.0
20,SMA_N200_th2_bL3_sL0,30,20_SMA_N200_th2_bL3_sL0_sl35_cool21,sl35_cool21,0.35,time_cooldown,21.0,0.1868212135729581,0.6732097334102437,0.44548979829377033,0.41936137323118267,0.9174957940341029,0.34279977281940116,30,5,21.0,21,0.004961130263870572,0.12884738848491373,25.971377817519677,SMA,200,0.02,3.0,0.0
20,SMA_N200_th2_bL3_sL0,31,20_SMA_N200_th2_bL3_sL0_sl35_cool63,sl35_cool63,0.35,time_cooldown,63.0,0.17234524287302988,0.64029741649214,0.45797243589760744,0.37632230537027883,0.8709679821777488,0.3394668620352848,30,5,63.0,63,-0.009514840436057659,0.11636475088107662,12.229816323571551,SMA,200,0.02,3.0,0.0
20,SMA_N200_th2_bL3_sL0,32,20_SMA_N200_th2_bL3_sL0_sl35_cool126,sl35_cool126,0.35,time_cooldown,126.0,0.12532267571607214,0.5275612520163431,0.5249052221432429,0.23875296039991098,0.7176497768768764,0.3250422970171877,30,5,126.0,126,-0.0565374075930154,0.049431964635441195,0.8743231559408817,SMA,200,0.02,3.0,0.0
20,SMA_N200_th2_bL3_sL0,33,20_SMA_N200_th2_bL3_sL0_sl35_rec5,sl35_rec5,0.35,recovery_trigger,0.05,0.19542709968871708,0.6938362799668044,0.44548979829376995,0.43867918061694045,0.9464711204852635,0.3432470914838357,30,5,14.0,32,0.013567016379629537,0.12884738848491412,9.49710569218259,SMA,200,0.02,3.0,0.0
20,SMA_N200_th2_bL3_sL0,34,20_SMA_N200_th2_bL3_sL0_sl35_rec10,sl35_rec10,0.35,recovery_trigger,0.1,0.17584995511683643,0.6499392493892675,0.4454897982937705,0.39473396650236026,0.883322257177528,0.33856042401735825,30,5,56.0,101,-0.006010128192251107,0.12884738848491356,21.43837608173437,SMA,200,0.02,3.0,0.0
20,SMA_N200_th2_bL3_sL0,35,20_SMA_N200_th2_bL3_sL0_sl35_rec15,sl35_rec15,0.35,recovery_trigger,0.15,0.15743075081159152,0.6039514988496699,0.4990406859264276,0.3154667650380738,0.8195785152720763,0.3377107651713591,30,5,72.6,134,-0.024429332497496015,0.07529650085225648,3.0822168743241063,SMA,200,0.02,3.0,0.0
20,SMA_N200_th2_bL3_sL0,36,20_SMA_N200_th2_bL3_sL0_sl40_next,sl40_next,0.4,next_signal,,0.1716488406596588,0.6388908789725801,0.6167864067210254,0.2782954338636976,0.8697217222150362,0.3396345496096733,26,2,218.5,249,-0.010211242649428742,-0.0424492199423413,-4.157106181853007,SMA,200,0.02,3.0,0.0
20,SMA_N200_th2_bL3_sL0,37,20_SMA_N200_th2_bL3_sL0_sl40_cool21,sl40_cool21,0.4,time_cooldown,21.0,0.19277841455511013,0.6827074546375943,0.4929508958003793,0.3910702185500761,0.9331960834706139,0.34796821665573335,28,3,21.0,21,0.010918331246022595,0.08138629097830474,7.454096156677121,SMA,200,0.02,3.0,0.0
20,SMA_N200_th2_bL3_sL0,38,20_SMA_N200_th2_bL3_sL0_sl40_cool63,sl40_cool63,0.4,time_cooldown,63.0,0.18679051259475266,0.6708372748857685,0.5246605714628443,0.3560216314215273,0.9156384076680747,0.3451819994873718,28,3,63.0,63,0.004930429285665117,0.04967661531583978,10.075515221417152,SMA,200,0.02,3.0,0.0
20,SMA_N200_th2_bL3_sL0,39,20_SMA_N200_th2_bL3_sL0_sl40_cool126,sl40_cool126,0.4,time_cooldown,126.0,0.16505995149440045,0.6268832244537146,0.571603514851175,0.28876650896273115,0.8613259337919696,0.3330314391616892,28,3,126.0,126,-0.01680013181468709,0.0027336719275090626,0.16271729041549657,SMA,200,0.02,3.0,0.0
20,SMA_N200_th2_bL3_sL0,40,20_SMA_N200_th2_bL3_sL0_sl40_rec5,sl40_rec5,0.4,recovery_trigger,0.05,0.19277841455511013,0.6827074546375943,0.4929508958003793,0.3910702185500761,0.9331960834706139,0.34796821665573335,28,3,16.0,25,0.010918331246022595,0.08138629097830474,7.454096156677121,SMA,200,0.02,3.0,0.0
20,SMA_N200_th2_bL3_sL0,41,20_SMA_N200_th2_bL3_sL0_sl40_rec10,sl40_rec10,0.4,recovery_trigger,0.1,0.18492913172847425,0.6660788179253756,0.5370153280582648,0.34436471747862274,0.9101197239681531,0.3453799706360862,28,3,55.666666666666664,88,0.0030690484193867107,0.037321858720419265,12.160726590256047,SMA,200,0.02,3.0,0.0
20,SMA_N200_th2_bL3_sL0,42,20_SMA_N200_th2_bL3_sL0_sl40_rec15,sl40_rec15,0.4,recovery_trigger,0.15,0.17824688924178345,0.6544897666773992,0.5789253149499517,0.30789271886856934,0.8953841687634548,0.3399621945090999,28,3,89.0,178,-0.003613194067304093,-0.004588128171267636,-1.2698261111368891,SMA,200,0.02,3.0,0.0
