window_start,window_end,strat_cagr,strat_sharpe,strat_mdd,bench_cagr,bench_sharpe,bench_mdd,excess_cagr,strat_beats_bench,window_years,cfg_id,rank
1986-01-03,1990-12-26,0.2141476501078987,0.7211999459691688,0.5189692428026424,0.13133116095848751,0.7266559953203099,0.3288565573843161,0.0828164891494112,True,5,EMA_N150_th5_bL3_sL0,1
1987-01-02,1991-12-24,0.3372918339037194,0.9849126665044798,0.5189692428026424,0.13812892271730326,0.7770002094103399,0.328856557384316,0.19916291118641616,True,5,EMA_N150_th5_bL3_sL0,1
1987-12-31,1992-12-22,0.32248992164185153,0.9859237308402731,0.3385667504013453,0.1597665028455073,1.1097658644211132,0.19183356941998955,0.16272341879634422,True,5,EMA_N150_th5_bL3_sL0,1
1988-12-29,1993-12-21,0.35712608209312147,1.082634386616382,0.3385667504013454,0.14188814149307016,1.1249140197770626,0.19183356941998964,0.2152379406000513,True,5,EMA_N150_th5_bL3_sL0,1
1989-12-28,1994-12-20,0.17274959885754337,0.6638227767746969,0.33856675040134543,0.0861594758495241,0.7489912048937678,0.19183356941998958,0.08659012300801927,True,5,EMA_N150_th5_bL3_sL0,1
1990-12-27,1995-12-19,0.4782985726093181,1.4191670431524928,0.2413608345437584,0.16463347955803043,1.4752054797759762,0.08522360788061661,0.31366509305128765,True,5,EMA_N150_th5_bL3_sL0,1
1991-12-26,1996-12-17,0.47053419126067664,1.4338377351638587,0.24136083454375848,0.15292725034399135,1.4647052524634705,0.08522360788061664,0.3176069409166853,True,5,EMA_N150_th5_bL3_sL0,1
1992-12-23,1997-12-16,0.6231068105498359,1.4444977372310015,0.3167888301034298,0.19901352989005816,1.4690901794494986,0.11198356632803617,0.4240932806597777,True,5,EMA_N150_th5_bL3_sL0,1
1993-12-22,1998-12-16,0.5494760103507652,1.2337956294717916,0.5043873803841483,0.22440696844455887,1.3716142651793786,0.19020871622272723,0.32506904190620634,True,5,EMA_N150_th5_bL3_sL0,1
1994-12-21,1999-12-16,0.7210436795269941,1.3865766009773195,0.5043873803841483,0.2736922813406599,1.5113288230200046,0.19020871622272728,0.4473513981863342,True,5,EMA_N150_th5_bL3_sL0,1
1995-12-20,2000-12-14,0.3861180314004584,0.8657554789914707,0.5043873803841484,0.18942922862489198,0.9703971362558814,0.19020871622272711,0.19668880277556644,True,5,EMA_N150_th5_bL3_sL0,1
1996-12-18,2001-12-20,0.23789887512858732,0.6840974305463439,0.5043873803841483,0.10817681647414967,0.5947752299604295,0.3544624924361658,0.12972205865443764,True,5,EMA_N150_th5_bL3_sL0,1
1997-12-17,2002-12-20,0.06630798551663841,0.3606186580663734,0.5043873803841484,-0.00035264247384625413,0.10732082288912685,0.4737687737760924,0.06666062799048467,True,5,EMA_N150_th5_bL3_sL0,1
1998-12-17,2003-12-22,0.15424133316835387,0.583951807903719,0.3723939956430123,-0.0005397138115567079,0.12056454641120017,0.4737687737760924,0.15478104697991057,True,5,EMA_N150_th5_bL3_sL0,1
1999-12-17,2004-12-22,0.109799025595394,0.48577501762636927,0.3723939956430124,-0.017573962863435155,0.024301372517773208,0.4737687737760924,0.12737298845882916,True,5,EMA_N150_th5_bL3_sL0,1
2000-12-15,2005-12-21,0.19906610537478286,0.8565208901904142,0.2274466595337923,0.009523895832712626,0.11906864949639658,0.4193113902856809,0.18954220954207024,True,5,EMA_N150_th5_bL3_sL0,1
2001-12-21,2006-12-21,0.29075258201506493,1.0468149276669068,0.2274466595337923,0.061890896861365174,0.45960169601177236,0.32931991735010696,0.22886168515369976,True,5,EMA_N150_th5_bL3_sL0,1
2002-12-23,2007-12-24,0.32445603399066747,0.974067864384429,0.2825668783136154,0.12745025953416667,0.9816150785432407,0.13713155595240378,0.1970057744565008,True,5,EMA_N150_th5_bL3_sL0,1
2003-12-23,2008-12-23,0.15476747921925593,0.6059079559286592,0.31365894972227315,-0.027729034994333213,-0.024193482970366165,0.5072237143228874,0.18249651421358914,True,5,EMA_N150_th5_bL3_sL0,1
2004-12-23,2009-12-23,0.19968209825677818,0.7098175373301747,0.4498600153782298,0.005917133826857102,0.1448257067685854,0.5514127052677141,0.19376496442992108,True,5,EMA_N150_th5_bL3_sL0,1
2005-12-22,2010-12-23,0.1666529713229674,0.6157454303785123,0.4498600153782299,0.019944713130480407,0.20762707237751302,0.5514127052677141,0.146708258192487,True,5,EMA_N150_th5_bL3_sL0,1
2006-12-22,2011-12-22,0.05940622348791513,0.33301711302661335,0.44986001537822984,-0.0013731664564993196,0.12260927466610279,0.5514127052677141,0.06077938994441445,True,5,EMA_N150_th5_bL3_sL0,1
2007-12-26,2012-12-26,0.08906880998369804,0.42476096139242586,0.37765610949320233,0.01204987692797066,0.17805295960250486,0.5331644741109138,0.07701893305572738,True,5,EMA_N150_th5_bL3_sL0,1
2008-12-24,2013-12-26,0.33620227122252233,0.9623555345302214,0.3776561094932024,0.1883095353357942,0.9997514863834135,0.27120125137024154,0.14789273588672813,True,5,EMA_N150_th5_bL3_sL0,1
2009-12-24,2014-12-26,0.30578607080676634,0.9235998219660031,0.3776561094932023,0.1557113270721573,0.997609617169241,0.18576371244549406,0.15007474373460905,True,5,EMA_N150_th5_bL3_sL0,1
2010-12-27,2015-12-28,0.2281498156375099,0.7721258152659045,0.34611816256445466,0.12711096084552387,0.8579995392521074,0.185763712445494,0.10103885479198604,True,5,EMA_N150_th5_bL3_sL0,1
2011-12-23,2016-12-27,0.3283944758743014,1.0248656720713802,0.4016977301217426,0.14815208712142192,1.1557655728398548,0.1297146274250496,0.18024238875287946,True,5,EMA_N150_th5_bL3_sL0,1
2012-12-27,2017-12-27,0.3963495400141597,1.2606557674269396,0.4016977301217426,0.15984789530313792,1.304000521155299,0.1297146274250495,0.23650164471102175,True,5,EMA_N150_th5_bL3_sL0,1
2013-12-27,2018-12-28,0.1614850378957129,0.6184044325145653,0.40169773012174265,0.08387471154798298,0.6768723291654465,0.19319029340941687,0.07761032634772991,True,5,EMA_N150_th5_bL3_sL0,1
2014-12-29,2019-12-30,0.1537704286333783,0.6027512960249638,0.40169773012174254,0.11284922955954468,0.8653433591374201,0.19319029340941685,0.040921199073833625,True,5,EMA_N150_th5_bL3_sL0,1
2015-12-29,2020-12-29,0.22509670335515786,0.7165163282665782,0.5398373914171773,0.14684718378343553,0.8322751309705982,0.3369411382620256,0.07824951957172233,True,5,EMA_N150_th5_bL3_sL0,1
2016-12-28,2021-12-29,0.35881360645844174,0.9389906326504552,0.5398373914171773,0.18520952154848147,0.9873871726812262,0.33694113826202565,0.17360408490996027,True,5,EMA_N150_th5_bL3_sL0,1
2017-12-28,2022-12-29,0.12146997634860424,0.4918603353381356,0.5398373914171775,0.09412973739812336,0.5278053558306166,0.3369411382620256,0.027340238950480877,True,5,EMA_N150_th5_bL3_sL0,1
2018-12-31,2024-01-02,0.23933175107964177,0.7437972477257617,0.5398373914171775,0.15599293612904175,0.8047850802686117,0.33694113826202554,0.08333881495060003,True,5,EMA_N150_th5_bL3_sL0,1
2019-12-31,2025-01-02,0.3038141361993374,0.8646132778777946,0.5398373914171773,0.14531985507554634,0.7545210211256641,0.3369411382620256,0.15849428112379105,True,5,EMA_N150_th5_bL3_sL0,1
2020-12-30,2026-01-06,0.3524185148866723,1.0338606828732297,0.4712758608227934,0.1490744525961183,0.90004962009299,0.24441874976840103,0.20334406229055402,True,5,EMA_N150_th5_bL3_sL0,1
1986-01-03,1995-12-19,0.33957306673573706,1.0401137218668615,0.5189692428026424,0.14692497615128453,0.9460487277838104,0.3288565573843161,0.19264809058445254,True,10,EMA_N150_th5_bL3_sL0,1
1987-01-02,1996-12-17,0.40788634160446713,1.179471080607727,0.5189692428026424,0.14702699777073036,0.9659603955567658,0.328856557384316,0.26085934383373677,True,10,EMA_N150_th5_bL3_sL0,1
1987-12-31,1997-12-16,0.4636473751416701,1.226239369156083,0.3385667504013453,0.17881951074524727,1.279023645493094,0.19183356941998955,0.2848278643964228,True,10,EMA_N150_th5_bL3_sL0,1
1988-12-29,1998-12-16,0.4527975248645473,1.1586089773168788,0.5043873803841483,0.18314271565548568,1.2541090049463974,0.19183356941998964,0.2696548092090616,True,10,EMA_N150_th5_bL3_sL0,1
1989-12-28,1999-12-16,0.42494404160386745,1.0747161528208247,0.5043873803841484,0.1773609147247006,1.1771667156668573,0.19183356941998958,0.24758312687916684,True,10,EMA_N150_th5_bL3_sL0,1
1990-12-27,2000-12-14,0.4270399617508569,1.0290434895360938,0.5043873803841483,0.1757442376900613,1.0990673314525914,0.1902087162227272,0.2512957240607956,True,10,EMA_N150_th5_bL3_sL0,1
1991-12-26,2001-12-20,0.3522224423757807,0.9357762182594561,0.5043873803841483,0.13116887104663966,0.8274015620134825,0.3544624924361658,0.22105357132914105,True,10,EMA_N150_th5_bL3_sL0,1
1992-12-23,2002-12-20,0.31338340478376203,0.866513514537356,0.5043873803841484,0.09419870541686581,0.5783671554403454,0.47376877377609244,0.21918469936689622,True,10,EMA_N150_th5_bL3_sL0,1
1993-12-22,2003-12-22,0.34344854068251207,0.9241198742314164,0.5043873803841483,0.10793989253576086,0.6382113652627169,0.4737687737760924,0.2355086481467512,True,10,EMA_N150_th5_bL3_sL0,1
1994-12-21,2004-12-22,0.3844838131348698,0.9967867163379273,0.5043873803841483,0.11928410631638697,0.6927876320525749,0.4737687737760924,0.2651997068184828,True,10,EMA_N150_th5_bL3_sL0,1
1995-12-20,2005-12-21,0.289074074544057,0.8084540300635642,0.5043873803841484,0.09325786245396572,0.5570344213552254,0.47376877377609244,0.19581621209009126,True,10,EMA_N150_th5_bL3_sL0,1
1996-12-18,2006-12-21,0.26393193425534833,0.7798595676587923,0.5043873803841483,0.08540631140487931,0.5314529109947129,0.4737687737760924,0.17852562285046902,True,10,EMA_N150_th5_bL3_sL0,1
1997-12-17,2007-12-24,0.1883116258089279,0.6304437572052344,0.5043873803841484,0.06163795899736613,0.41253218275530407,0.4737687737760924,0.12667366681156178,True,10,EMA_N150_th5_bL3_sL0,1
1998-12-17,2008-12-23,0.1546564643813304,0.5912773899690515,0.3723939956430123,-0.01415919823058387,0.04876251293040151,0.5072237143228874,0.16881566261191427,True,10,EMA_N150_th5_bL3_sL0,1
1999-12-17,2009-12-23,0.15405504052591357,0.5968645194828549,0.4498600153782298,-0.005820959382251023,0.0887022268960443,0.5514127052677142,0.1598759999081646,True,10,EMA_N150_th5_bL3_sL0,1
2000-12-15,2010-12-23,0.1845124210133322,0.7009299621023521,0.4498600153782298,0.015245783399367996,0.16804007871150634,0.5514127052677141,0.1692666376139642,True,10,EMA_N150_th5_bL3_sL0,1
2001-12-21,2011-12-22,0.167122507447939,0.6355253385600087,0.4498600153782298,0.029126940401384305,0.24308676130679438,0.5514127052677141,0.1379955670465547,True,10,EMA_N150_th5_bL3_sL0,1
2002-12-23,2012-12-26,0.20168965262302296,0.7018819616423343,0.4498600153782298,0.06839417371007173,0.42305002819718623,0.5514127052677142,0.13329547891295124,True,10,EMA_N150_th5_bL3_sL0,1
2003-12-23,2013-12-26,0.24206975309346657,0.794406610032086,0.44986001537822984,0.07546816740975926,0.45958732073225644,0.5514127052677141,0.1666015856837073,True,10,EMA_N150_th5_bL3_sL0,1
2004-12-23,2014-12-26,0.2532623804685221,0.8201046380842881,0.4498600153782298,0.07869376773640568,0.47437302119887576,0.5514127052677141,0.17456861273211643,True,10,EMA_N150_th5_bL3_sL0,1
2005-12-22,2015-12-28,0.19706086148693647,0.6914804911317881,0.4498600153782299,0.07220318309463214,0.44312126302346866,0.5514127052677141,0.12485767839230433,True,10,EMA_N150_th5_bL3_sL0,1
2006-12-22,2016-12-27,0.1862202574170193,0.658313084395628,0.44986001537822984,0.07170785766692211,0.43349038297674664,0.5514127052677141,0.1145123997500972,True,10,EMA_N150_th5_bL3_sL0,1
2007-12-26,2017-12-27,0.23257223980916142,0.8109528304885553,0.4016977301217426,0.08325212445583285,0.4957802388306853,0.5331644741109138,0.14932011535332856,True,10,EMA_N150_th5_bL3_sL0,1
2008-12-24,2018-12-28,0.24565215463303258,0.7990731801529233,0.4016977301217426,0.13482871520012107,0.8535349457651878,0.27120125137024154,0.11082343943291151,True,10,EMA_N150_th5_bL3_sL0,1
2009-12-24,2019-12-30,0.2278179558321487,0.7699440333175723,0.4016977301217426,0.13417388667441887,0.9337157419672938,0.1931902934094168,0.09364406915772983,True,10,EMA_N150_th5_bL3_sL0,1
2010-12-27,2020-12-29,0.22652284749694984,0.7404623267492241,0.5398373914171775,0.1380867175501692,0.8392979135744216,0.33694113826202554,0.08843612994678063,True,10,EMA_N150_th5_bL3_sL0,1
2011-12-23,2021-12-29,0.33998706423458924,0.9707475457765355,0.5398373914171773,0.16549475670765523,1.0368553589863043,0.3369411382620256,0.174492307526934,True,10,EMA_N150_th5_bL3_sL0,1
2012-12-27,2022-12-29,0.2520406802580044,0.8021391239774572,0.5398373914171773,0.1266884782473816,0.7724636871665684,0.3369411382620256,0.1253522020106228,True,10,EMA_N150_th5_bL3_sL0,1
2013-12-27,2024-01-02,0.19969043521368413,0.6839547735442795,0.5398373914171773,0.12028040739025014,0.736416410531179,0.33694113826202554,0.07941002782343398,True,10,EMA_N150_th5_bL3_sL0,1
2014-12-29,2025-01-02,0.22728857439404893,0.7431235413514137,0.5398373914171773,0.12918792519388367,0.7792335951907536,0.33694113826202554,0.09810064920016526,True,10,EMA_N150_th5_bL3_sL0,1
2015-12-29,2026-01-06,0.2876020052557431,0.8648118480724932,0.5398373914171773,0.14806157038177026,0.8634213821134769,0.3369411382620256,0.13954043487397283,True,10,EMA_N150_th5_bL3_sL0,1
1986-01-03,2000-12-14,0.35213307256287707,0.9357079306439059,0.5189692428026424,0.16011857164710452,0.9501398766431252,0.3288565573843161,0.19201450091577255,True,15,EMA_N150_th5_bL3_sL0,1
1987-01-02,2001-12-20,0.3507977506704203,0.9497494245945041,0.5189692428026424,0.1344908960868736,0.8063308631518367,0.35446249243616573,0.2163068545835467,True,15,EMA_N150_th5_bL3_sL0,1
1987-12-31,2002-12-20,0.3155732300014087,0.8984704942495588,0.5043873803841483,0.11538586105559312,0.7210366793095082,0.47376877377609244,0.20018736894581557,True,15,EMA_N150_th5_bL3_sL0,1
1988-12-29,2003-12-22,0.3496787168353257,0.96613536439076,0.5043873803841483,0.11960655931774866,0.7482070822280353,0.47376877377609244,0.23007215751757704,True,15,EMA_N150_th5_bL3_sL0,1
1989-12-28,2004-12-22,0.3126292134288431,0.8978003185656287,0.5043873803841484,0.10888478614950348,0.693520784936189,0.4737687737760924,0.2037444272793396,True,15,EMA_N150_th5_bL3_sL0,1
1990-12-27,2005-12-21,0.3465141891470236,0.9632461366861392,0.5043873803841483,0.115786535781909,0.7345066555805546,0.47376877377609244,0.23072765336511458,True,15,EMA_N150_th5_bL3_sL0,1
1991-12-26,2006-12-21,0.33131854073006695,0.948541194569679,0.5043873803841483,0.10800957578633241,0.7076466946608773,0.47376877377609244,0.22330896494373453,True,15,EMA_N150_th5_bL3_sL0,1
1992-12-23,2007-12-24,0.3169670009858985,0.89630729261215,0.5043873803841484,0.10516481282549806,0.6762052837882725,0.47376877377609244,0.21180218816040042,True,15,EMA_N150_th5_bL3_sL0,1
1993-12-22,2008-12-23,0.2774517785910746,0.8294452744170028,0.5043873803841483,0.06077527876278688,0.39889340991359235,0.5072237143228875,0.21667649982828774,True,15,EMA_N150_th5_bL3_sL0,1
1994-12-21,2009-12-23,0.32003319859983903,0.909878427627802,0.5043873803841483,0.08018436534592666,0.47787325842896483,0.5514127052677142,0.23984883325391237,True,15,EMA_N150_th5_bL3_sL0,1
1995-12-20,2010-12-23,0.24813524872086212,0.7486385153376256,0.5043873803841484,0.06861286685386592,0.4157864816555877,0.5514127052677141,0.1795223818669962,True,15,EMA_N150_th5_bL3_sL0,1
1996-12-18,2011-12-22,0.19019214932888673,0.6409856061167071,0.5043873803841483,0.055231925647602376,0.3581443833797024,0.5514127052677141,0.13496022368128435,True,15,EMA_N150_th5_bL3_sL0,1
1997-12-17,2012-12-26,0.15472121392976956,0.5669150842102477,0.5043873803841484,0.044986149802106246,0.3109420401130756,0.5514127052677142,0.10973506412766332,True,15,EMA_N150_th5_bL3_sL0,1
1998-12-17,2013-12-26,0.21217376889901374,0.7176529810490357,0.44986001537822984,0.04954903054066806,0.3413609016782043,0.5514127052677141,0.16262473835834568,True,15,EMA_N150_th5_bL3_sL0,1
1999-12-17,2014-12-26,0.20362195943009342,0.7102728516006988,0.4498600153782298,0.045648102504628696,0.32232951765145973,0.5514127052677142,0.15797385692546473,True,15,EMA_N150_th5_bL3_sL0,1
2000-12-15,2015-12-28,0.19891511553478947,0.7254309563774269,0.4498600153782298,0.051247340558888244,0.3423804390035003,0.5514127052677141,0.14766777497590122,True,15,EMA_N150_th5_bL3_sL0,1
2001-12-21,2016-12-27,0.21850029828597162,0.7657200327097926,0.4498600153782298,0.0679689827091301,0.4379267005301233,0.5514127052677141,0.15053131557684152,True,15,EMA_N150_th5_bL3_sL0,1
2002-12-23,2017-12-27,0.262920998672987,0.8677003944651318,0.4498600153782298,0.09791500740335901,0.6032535516489724,0.5514127052677142,0.165005991269628,True,15,EMA_N150_th5_bL3_sL0,1
2003-12-23,2018-12-28,0.21453471036867744,0.7375954281887778,0.44986001537822984,0.07823719711497179,0.5039213220577035,0.5514127052677141,0.13629751325370565,True,15,EMA_N150_th5_bL3_sL0,1
2004-12-23,2019-12-30,0.21944975253302657,0.7502170223869871,0.4498600153782298,0.09003082997077128,0.562287973559796,0.5514127052677141,0.1294189225622553,True,15,EMA_N150_th5_bL3_sL0,1
2005-12-22,2020-12-29,0.20627177647957406,0.6994211339011789,0.5398373914171773,0.09727196235353652,0.5645661957840065,0.5514127052677141,0.10899981412603754,True,15,EMA_N150_th5_bL3_sL0,1
2006-12-22,2021-12-29,0.2390027720384269,0.7600999787602907,0.5398373914171773,0.1076267045297501,0.6052824971355155,0.5514127052677141,0.1313760675086768,True,15,EMA_N150_th5_bL3_sL0,1
2007-12-26,2022-12-29,0.19480800604667192,0.6803953626020705,0.5398373914171773,0.08699025482176448,0.5066774465071109,0.5331644741109138,0.10781775122490744,True,15,EMA_N150_th5_bL3_sL0,1
2008-12-24,2024-01-02,0.24347061561483652,0.7780635455455278,0.5398373914171773,0.14246258162626368,0.8288447389056053,0.3369411382620256,0.10100803398857283,True,15,EMA_N150_th5_bL3_sL0,1
2009-12-24,2025-01-02,0.2531678094575722,0.8025826790936514,0.5398373914171773,0.1380216324499144,0.8460478294587264,0.33694113826202554,0.11514617700765784,True,15,EMA_N150_th5_bL3_sL0,1
2010-12-27,2026-01-06,0.2673973169755075,0.8350009167802908,0.5398373914171775,0.1418053987481449,0.8594633797056009,0.33694113826202554,0.1255919182273626,True,15,EMA_N150_th5_bL3_sL0,1
1986-01-03,2005-12-21,0.3120703550742119,0.9054864201666699,0.5189692428026424,0.11919975998259358,0.7302840213678852,0.4737687737760924,0.1928705950916183,True,20,EMA_N150_th5_bL3_sL0,1
1987-01-02,2006-12-21,0.3354588806767205,0.9575814729789938,0.5189692428026424,0.11620780928428243,0.7251172889080421,0.47376877377609244,0.21925107139243805,True,20,EMA_N150_th5_bL3_sL0,1
1987-12-31,2007-12-24,0.31771528519069214,0.9150320749860086,0.5043873803841483,0.11838262566526936,0.7693164721196109,0.47376877377609244,0.19933265952542278,True,20,EMA_N150_th5_bL3_sL0,1
1988-12-29,2008-12-23,0.2981403636557496,0.8853352657679846,0.5043873803841483,0.08083457711190123,0.5186138026731929,0.5072237143228875,0.21730578654384836,True,20,EMA_N150_th5_bL3_sL0,1
1989-12-28,2009-12-23,0.2835223152835713,0.8540986052335426,0.5043873803841484,0.08222866480616187,0.5118328205143172,0.5514127052677141,0.20129365047740944,True,20,EMA_N150_th5_bL3_sL0,1
1990-12-27,2010-12-23,0.3000655670855459,0.8801258970744231,0.5043873803841483,0.0912892667298899,0.5505300735059094,0.5514127052677142,0.20877630035565597,True,20,EMA_N150_th5_bL3_sL0,1
1991-12-26,2011-12-22,0.2562111065669579,0.7981548132094508,0.5043873803841483,0.07925127155798473,0.49156115326943495,0.5514127052677142,0.17695983500897317,True,20,EMA_N150_th5_bL3_sL0,1
1992-12-23,2012-12-26,0.25623895971889876,0.7882985132079036,0.5043873803841484,0.08122092786651991,0.49544794018246185,0.5514127052677141,0.17501803185237885,True,20,EMA_N150_th5_bL3_sL0,1
1993-12-22,2013-12-26,0.2918212585097575,0.8616390596983272,0.5043873803841483,0.0915993521008791,0.5455137644177719,0.5514127052677142,0.20022190640887838,True,20,EMA_N150_th5_bL3_sL0,1
1994-12-21,2014-12-26,0.3173135369855602,0.9126313018430742,0.5043873803841483,0.09882214588825255,0.5796312192203977,0.5514127052677142,0.21849139109730764,True,20,EMA_N150_th5_bL3_sL0,1
1995-12-20,2015-12-28,0.24312948030503567,0.7521888926851614,0.5043873803841484,0.08294532303036317,0.4974720968119255,0.5514127052677141,0.1601841572746725,True,20,EMA_N150_th5_bL3_sL0,1
1996-12-18,2016-12-27,0.22327040466908388,0.7216283269966,0.5043873803841483,0.0781870460035714,0.4796027175271344,0.5514127052677141,0.14508335866551247,True,20,EMA_N150_th5_bL3_sL0,1
1997-12-17,2017-12-27,0.21058036072456465,0.7078085946781331,0.5043873803841484,0.07249080249824891,0.4555942265844254,0.5514127052677142,0.13808955822631575,True,20,EMA_N150_th5_bL3_sL0,1
1998-12-17,2018-12-28,0.19924833630928251,0.6940064019429122,0.44986001537822984,0.0580092666137928,0.3938494223159738,0.5514127052677141,0.14123906969548972,True,20,EMA_N150_th5_bL3_sL0,1
1999-12-17,2019-12-30,0.19116237702627648,0.68426430072943,0.4498600153782298,0.06211027860439855,0.4142398760975171,0.5514127052677142,0.12905209842187793,True,20,EMA_N150_th5_bL3_sL0,1
2000-12-15,2020-12-29,0.2053603113235909,0.7196479603734268,0.5398373914171775,0.07491908915708612,0.45951084451023266,0.5514127052677141,0.13044122216650478,True,20,EMA_N150_th5_bL3_sL0,1
2001-12-21,2021-12-29,0.2505160026583648,0.8123894566513181,0.5398373914171775,0.09565847054814469,0.5722270476299536,0.5514127052677141,0.15485753211022013,True,20,EMA_N150_th5_bL3_sL0,1
2002-12-23,2022-12-29,0.22630835317491926,0.7528896329802588,0.5398373914171775,0.0970606564669605,0.5803484040095279,0.5514127052677142,0.12924769670795877,True,20,EMA_N150_th5_bL3_sL0,1
2003-12-23,2024-01-02,0.22063630977451254,0.7378688525684093,0.5398373914171775,0.09762254974036666,0.5860340568237379,0.5514127052677141,0.12301376003414588,True,20,EMA_N150_th5_bL3_sL0,1
2004-12-23,2025-01-02,0.24040232661309657,0.7803305026010912,0.5398373914171775,0.10370480888295397,0.6142303164351571,0.5514127052677141,0.1366975177301426,True,20,EMA_N150_th5_bL3_sL0,1
2005-12-22,2026-01-06,0.24145303228162107,0.7803960232388896,0.5398373914171773,0.11005071264687638,0.6372328952998759,0.5514127052677141,0.1314023196347447,True,20,EMA_N150_th5_bL3_sL0,1
1986-01-03,1990-12-26,0.15222394779061288,0.7104630154023811,0.37912290448555536,0.13133116095848751,0.7266559953203099,0.3288565573843161,0.020892786832125365,True,5,EMA_N150_th5_bL2_sL0,2
1987-01-02,1991-12-24,0.23022943980736366,0.9733601309410298,0.3791229044855554,0.13812892271730326,0.7770002094103399,0.328856557384316,0.0921005170900604,True,5,EMA_N150_th5_bL2_sL0,2
1987-12-31,1992-12-22,0.2175121093729644,0.9732152445249531,0.2390475837148418,0.1597665028455073,1.1097658644211132,0.19183356941998955,0.05774560652745708,True,5,EMA_N150_th5_bL2_sL0,2
1988-12-29,1993-12-21,0.2381528027694677,1.0689672756137987,0.2390475837148418,0.14188814149307016,1.1249140197770626,0.19183356941998964,0.09626466127639755,True,5,EMA_N150_th5_bL2_sL0,2
1989-12-28,1994-12-20,0.12173867869462773,0.6494874017372201,0.23904758371484183,0.0861594758495241,0.7489912048937678,0.19183356941998958,0.03557920284510363,True,5,EMA_N150_th5_bL2_sL0,2
1990-12-27,1995-12-19,0.307426609620856,1.4036000675014635,0.16653525765246205,0.16463347955803043,1.4752054797759762,0.08522360788061661,0.14279313006282557,True,5,EMA_N150_th5_bL2_sL0,2
1991-12-26,1996-12-17,0.3028117910139261,1.4184039765140506,0.16653525765246202,0.15292725034399135,1.4647052524634705,0.08522360788061664,0.14988454066993473,True,5,EMA_N150_th5_bL2_sL0,2
1992-12-23,1997-12-16,0.40028804171693055,1.4322015161217496,0.21787390199436088,0.19901352989005816,1.4690901794494986,0.11198356632803617,0.2012745118268724,True,5,EMA_N150_th5_bL2_sL0,2
1993-12-22,1998-12-16,0.3644015968344636,1.2224128523915125,0.36528267522313623,0.22440696844455887,1.3716142651793786,0.19020871622272723,0.13999462838990473,True,5,EMA_N150_th5_bL2_sL0,2
1994-12-21,1999-12-16,0.46987058998639886,1.3762231311104494,0.3652826752231362,0.2736922813406599,1.5113288230200046,0.19020871622272728,0.19617830864573893,True,5,EMA_N150_th5_bL2_sL0,2
1995-12-20,2000-12-14,0.2811105958387081,0.8566669192263053,0.36528267522313623,0.18942922862489198,0.9703971362558814,0.19020871622272711,0.09168136721381615,True,5,EMA_N150_th5_bL2_sL0,2
1996-12-18,2001-12-20,0.18490267602017707,0.6763928095035457,0.3652826752231363,0.10817681647414967,0.5947752299604295,0.3544624924361658,0.0767258595460274,True,5,EMA_N150_th5_bL2_sL0,2
1997-12-17,2002-12-20,0.0645301480004572,0.3537836058150079,0.36528267522313623,-0.00035264247384625413,0.10732082288912685,0.4737687737760924,0.06488279047430345,True,5,EMA_N150_th5_bL2_sL0,2
1998-12-17,2003-12-22,0.11747634004424379,0.5772650018813956,0.2506199610946303,-0.0005397138115567079,0.12056454641120017,0.4737687737760924,0.1180160538558005,True,5,EMA_N150_th5_bL2_sL0,2
1999-12-17,2004-12-22,0.08415629028058569,0.4780949625356523,0.2506199610946304,-0.017573962863435155,0.024301372517773208,0.4737687737760924,0.10173025314402084,True,5,EMA_N150_th5_bL2_sL0,2
2000-12-15,2005-12-21,0.1343938628449608,0.8458294522871709,0.1533922203485158,0.009523895832712626,0.11906864949639658,0.4193113902856809,0.12486996701224817,True,5,EMA_N150_th5_bL2_sL0,2
2001-12-21,2006-12-21,0.19315072083949825,1.0340350799514013,0.1533922203485158,0.061890896861365174,0.45960169601177236,0.32931991735010696,0.13125982397813307,True,5,EMA_N150_th5_bL2_sL0,2
2002-12-23,2007-12-24,0.21926576026803346,0.9611500899331968,0.19417375114774754,0.12745025953416667,0.9816150785432407,0.13713155595240378,0.0918155007338668,True,5,EMA_N150_th5_bL2_sL0,2
2003-12-23,2008-12-23,0.11099530318722861,0.5936666312293754,0.2146512388346611,-0.027729034994333213,-0.024193482970366165,0.5072237143228874,0.13872433818156182,True,5,EMA_N150_th5_bL2_sL0,2
2004-12-23,2009-12-23,0.14080992063772024,0.6987486851536909,0.32014382408363146,0.005917133826857102,0.1448257067685854,0.5514127052677141,0.13489278681086314,True,5,EMA_N150_th5_bL2_sL0,2
2005-12-22,2010-12-23,0.1220505519891284,0.6054719205146704,0.32014382408363146,0.019944713130480407,0.20762707237751302,0.5514127052677141,0.10210583885864799,True,5,EMA_N150_th5_bL2_sL0,2
2006-12-22,2011-12-22,0.0530340510773033,0.3235049961217651,0.32014382408363146,-0.0013731664564993196,0.12260927466610279,0.5514127052677141,0.05440721753380262,True,5,EMA_N150_th5_bL2_sL0,2
2007-12-26,2012-12-26,0.07034645250602356,0.4142329825332693,0.26350851546464,0.01204987692797066,0.17805295960250486,0.5331644741109138,0.0582965755780529,True,5,EMA_N150_th5_bL2_sL0,2
2008-12-24,2013-12-26,0.22892812900650372,0.9505154127293883,0.26350851546464005,0.1883095353357942,0.9997514863834135,0.27120125137024154,0.040618593670709524,True,5,EMA_N150_th5_bL2_sL0,2
2009-12-24,2014-12-26,0.20895585094583846,0.9107203985928717,0.2635085154646399,0.1557113270721573,0.997609617169241,0.18576371244549406,0.05324452387368117,True,5,EMA_N150_th5_bL2_sL0,2
2010-12-27,2015-12-28,0.15878522847909227,0.7588822425687595,0.2380932887743893,0.12711096084552387,0.8579995392521074,0.185763712445494,0.0316742676335684,True,5,EMA_N150_th5_bL2_sL0,2
2011-12-23,2016-12-27,0.2196982678481798,1.0109613472176144,0.2846564736273395,0.14815208712142192,1.1557655728398548,0.1297146274250496,0.07154618072675789,True,5,EMA_N150_th5_bL2_sL0,2
2012-12-27,2017-12-27,0.2583750455103828,1.245636409491711,0.28465647362733953,0.15984789530313792,1.304000521155299,0.1297146274250495,0.0985271502072449,True,5,EMA_N150_th5_bL2_sL0,2
2013-12-27,2018-12-28,0.1156011034190827,0.6045881655132141,0.2846564736273394,0.08387471154798298,0.6768723291654465,0.19319029340941687,0.03172639187109971,True,5,EMA_N150_th5_bL2_sL0,2
2014-12-29,2019-12-30,0.11057476386001719,0.5890396282399434,0.28465647362733953,0.11284922955954468,0.8653433591374201,0.19319029340941685,-0.0022744656995274948,False,5,EMA_N150_th5_bL2_sL0,2
2015-12-29,2020-12-29,0.16251627059170004,0.7043473415701473,0.3904781772706746,0.14684718378343553,0.8322751309705982,0.3369411382620256,0.01566908680826451,True,5,EMA_N150_th5_bL2_sL0,2
2016-12-28,2021-12-29,0.24771747928895005,0.9270075107446326,0.39047817727067463,0.18520952154848147,0.9873871726812262,0.33694113826202565,0.06250795774046858,True,5,EMA_N150_th5_bL2_sL0,2
2017-12-28,2022-12-29,0.09857122510403138,0.48161732745450464,0.3904781772706745,0.09412973739812336,0.5278053558306166,0.3369411382620256,0.0044414877059080204,True,5,EMA_N150_th5_bL2_sL0,2
2018-12-31,2024-01-02,0.17182771860348844,0.7330833875540321,0.3904781772706746,0.15599293612904175,0.8047850802686117,0.33694113826202554,0.015834782474446696,True,5,EMA_N150_th5_bL2_sL0,2
2019-12-31,2025-01-02,0.21304397564947974,0.8539599692934343,0.3904781772706746,0.14531985507554634,0.7545210211256641,0.3369411382620256,0.0677241205739334,True,5,EMA_N150_th5_bL2_sL0,2
2020-12-30,2026-01-06,0.2367724569629328,1.021334732169627,0.34176462453179307,0.1490744525961183,0.90004962009299,0.24441874976840103,0.08769800436681452,True,5,EMA_N150_th5_bL2_sL0,2
1986-01-03,1995-12-19,0.2272747134021038,1.027137843154061,0.37912290448555536,0.14692497615128453,0.9460487277838104,0.3288565573843161,0.08034973725081929,True,10,EMA_N150_th5_bL2_sL0,2
1987-01-02,1996-12-17,0.26935826109860406,1.1662151151330629,0.3791229044855554,0.14702699777073036,0.9659603955567658,0.328856557384316,0.1223312633278737,True,10,EMA_N150_th5_bL2_sL0,2
1987-12-31,1997-12-16,0.3048307695807786,1.2137668010065472,0.2390475837148418,0.17881951074524727,1.279023645493094,0.19183356941998955,0.12601125883553133,True,10,EMA_N150_th5_bL2_sL0,2
1988-12-29,1998-12-16,0.30134416462814406,1.1463182208156546,0.3652826752231363,0.18314271565548568,1.2541090049463974,0.19183356941998964,0.11820144897265839,True,10,EMA_N150_th5_bL2_sL0,2
1989-12-28,1999-12-16,0.28662792332772313,1.0629915549378672,0.3652826752231363,0.1773609147247006,1.1771667156668573,0.19183356941998958,0.10926700860302252,True,10,EMA_N150_th5_bL2_sL0,2
1990-12-27,2000-12-14,0.2915335869786062,1.0179769484509311,0.3652826752231363,0.1757442376900613,1.0990673314525914,0.1902087162227272,0.1157893492885449,True,10,EMA_N150_th5_bL2_sL0,2
1991-12-26,2001-12-20,0.24430435389395688,0.9254606480914818,0.3652826752231363,0.13116887104663966,0.8274015620134825,0.3544624924361658,0.11313548284731723,True,10,EMA_N150_th5_bL2_sL0,2
1992-12-23,2002-12-20,0.21955998212767103,0.8570906510594624,0.36528267522313623,0.09419870541686581,0.5783671554403454,0.47376877377609244,0.12536127671080521,True,10,EMA_N150_th5_bL2_sL0,2
1993-12-22,2003-12-22,0.2385612392762515,0.9150040049437008,0.36528267522313623,0.10793989253576086,0.6382113652627169,0.4737687737760924,0.13062134674049064,True,10,EMA_N150_th5_bL2_sL0,2
1994-12-21,2004-12-22,0.2638539642492297,0.9877019330887064,0.3652826752231362,0.11928410631638697,0.6927876320525749,0.4737687737760924,0.14456985793284272,True,10,EMA_N150_th5_bL2_sL0,2
1995-12-20,2005-12-21,0.205432844505556,0.7994532646136531,0.36528267522313623,0.09325786245396572,0.5570344213552254,0.47376877377609244,0.11217498205159027,True,10,EMA_N150_th5_bL2_sL0,2
1996-12-18,2006-12-21,0.1889378288753869,0.7707145396273294,0.3652826752231363,0.08540631140487931,0.5314529109947129,0.4737687737760924,0.1035315174705076,True,10,EMA_N150_th5_bL2_sL0,2
1997-12-17,2007-12-24,0.13921499108899904,0.6209198790644936,0.36528267522313623,0.06163795899736613,0.41253218275530407,0.4737687737760924,0.07757703209163291,True,10,EMA_N150_th5_bL2_sL0,2
1998-12-17,2008-12-23,0.11432212926387963,0.5821167923380146,0.2506199610946303,-0.01415919823058387,0.04876251293040151,0.5072237143228874,0.1284813274944635,True,10,EMA_N150_th5_bL2_sL0,2
1999-12-17,2009-12-23,0.1122379436959362,0.5875065900350444,0.3201438240836315,-0.005820959382251023,0.0887022268960443,0.5514127052677142,0.11805890307818723,True,10,EMA_N150_th5_bL2_sL0,2
2000-12-15,2010-12-23,0.1293244750280207,0.6906545802411528,0.32014382408363157,0.015245783399367996,0.16804007871150634,0.5514127052677141,0.1140786916286527,True,10,EMA_N150_th5_bL2_sL0,2
2001-12-21,2011-12-22,0.11946558983728206,0.6246452761047548,0.32014382408363157,0.029126940401384305,0.24308676130679438,0.5514127052677141,0.09033864943589776,True,10,EMA_N150_th5_bL2_sL0,2
2002-12-23,2012-12-26,0.1428074342115988,0.6901122500371943,0.32014382408363157,0.06839417371007173,0.42305002819718623,0.5514127052677142,0.07441326050152708,True,10,EMA_N150_th5_bL2_sL0,2
2003-12-23,2013-12-26,0.16840258784392526,0.7824176399322261,0.3201438240836315,0.07546816740975926,0.45958732073225644,0.5514127052677141,0.092934420434166,True,10,EMA_N150_th5_bL2_sL0,2
2004-12-23,2014-12-26,0.17541788216127085,0.8081116245803454,0.32014382408363146,0.07869376773640568,0.47437302119887576,0.5514127052677141,0.09672411442486517,True,10,EMA_N150_th5_bL2_sL0,2
2005-12-22,2015-12-28,0.1402979068357555,0.6797796718623142,0.32014382408363146,0.07220318309463214,0.44312126302346866,0.5514127052677141,0.06809472374112335,True,10,EMA_N150_th5_bL2_sL0,2
2006-12-22,2016-12-27,0.1332502823809869,0.6467351505793255,0.32014382408363146,0.07170785766692211,0.43349038297674664,0.5514127052677141,0.06154242471406479,True,10,EMA_N150_th5_bL2_sL0,2
2007-12-26,2017-12-27,0.16017530940457214,0.7983538316701484,0.2846564736273394,0.08325212445583285,0.4957802388306853,0.5331644741109138,0.07692318494873929,True,10,EMA_N150_th5_bL2_sL0,2
2008-12-24,2018-12-28,0.17080473616172687,0.7863234005178344,0.2846564736273394,0.13482871520012107,0.8535349457651878,0.27120125137024154,0.03597602096160579,True,10,EMA_N150_th5_bL2_sL0,2
2009-12-24,2019-12-30,0.15896143060839063,0.7566822124403705,0.28465647362733937,0.13417388667441887,0.9337157419672938,0.1931902934094168,0.024787543933971756,True,10,EMA_N150_th5_bL2_sL0,2
2010-12-27,2020-12-29,0.16058060882336567,0.7278285301782211,0.39047817727067446,0.1380867175501692,0.8392979135744216,0.33694113826202554,0.022493891273196454,True,10,EMA_N150_th5_bL2_sL0,2
2011-12-23,2021-12-29,0.23146667963406697,0.957989756959903,0.39047817727067463,0.16549475670765523,1.0368553589863043,0.3369411382620256,0.06597192292641174,True,10,EMA_N150_th5_bL2_sL0,2
2012-12-27,2022-12-29,0.17616526436670976,0.7900420794096285,0.3904781772706746,0.1266884782473816,0.7724636871665684,0.3369411382620256,0.04947678611932815,True,10,EMA_N150_th5_bL2_sL0,2
2013-12-27,2024-01-02,0.14330802514829788,0.6718733370605299,0.3904781772706745,0.12028040739025014,0.736416410531179,0.33694113826202554,0.023027617758047736,True,10,EMA_N150_th5_bL2_sL0,2
2014-12-29,2025-01-02,0.16116986538684164,0.7311604389901843,0.3904781772706745,0.12918792519388367,0.7792335951907536,0.33694113826202554,0.03198194019295797,True,10,EMA_N150_th5_bL2_sL0,2
2015-12-29,2026-01-06,0.19932149843206193,0.8524901174266643,0.3904781772706746,0.14806157038177026,0.8634213821134769,0.3369411382620256,0.05125992805029167,True,10,EMA_N150_th5_bL2_sL0,2
1986-01-03,2000-12-14,0.24326043397008879,0.9247806609390619,0.37912290448555536,0.16011857164710452,0.9501398766431252,0.3288565573843161,0.08314186232298426,True,15,EMA_N150_th5_bL2_sL0,2
1987-01-02,2001-12-20,0.2417936066348565,0.9390690408748487,0.3791229044855554,0.1344908960868736,0.8063308631518367,0.35446249243616573,0.1073027105479829,True,15,EMA_N150_th5_bL2_sL0,2
1987-12-31,2002-12-20,0.2183547891591977,0.8881168623721342,0.3652826752231362,0.11538586105559312,0.7210366793095082,0.47376877377609244,0.10296892810360458,True,15,EMA_N150_th5_bL2_sL0,2
1988-12-29,2003-12-22,0.23945628953258624,0.9557399115385028,0.3652826752231363,0.11960655931774866,0.7482070822280353,0.47376877377609244,0.11984973021483758,True,15,EMA_N150_th5_bL2_sL0,2
1989-12-28,2004-12-22,0.21623574658534217,0.8873179136801396,0.3652826752231363,0.10888478614950348,0.693520784936189,0.4737687737760924,0.1073509604358387,True,15,EMA_N150_th5_bL2_sL0,2
1990-12-27,2005-12-21,0.2368175274996025,0.9525687037689496,0.3652826752231363,0.115786535781909,0.7345066555805546,0.47376877377609244,0.12103099171769349,True,15,EMA_N150_th5_bL2_sL0,2
1991-12-26,2006-12-21,0.22695211398779014,0.9377713339797656,0.3652826752231363,0.10800957578633241,0.7076466946608773,0.47376877377609244,0.11894253820145773,True,15,EMA_N150_th5_bL2_sL0,2
1992-12-23,2007-12-24,0.2193979022339454,0.885861831670475,0.36528267522313623,0.10516481282549806,0.6762052837882725,0.47376877377609244,0.11423308940844734,True,15,EMA_N150_th5_bL2_sL0,2
1993-12-22,2008-12-23,0.19454417526526258,0.8195105725028271,0.36528267522313623,0.06077527876278688,0.39889340991359235,0.5072237143228875,0.1337688965024757,True,15,EMA_N150_th5_bL2_sL0,2
1994-12-21,2009-12-23,0.22149656107991733,0.9002689502945365,0.3652826752231362,0.08018436534592666,0.47787325842896483,0.5514127052677142,0.14131219573399068,True,15,EMA_N150_th5_bL2_sL0,2
1995-12-20,2010-12-23,0.17774443988335986,0.7392762549063636,0.36528267522313623,0.06861286685386592,0.4157864816555877,0.5514127052677141,0.10913157302949394,True,15,EMA_N150_th5_bL2_sL0,2
1996-12-18,2011-12-22,0.14082073011497043,0.6317288388656342,0.3652826752231363,0.055231925647602376,0.3581443833797024,0.5514127052677141,0.08558880446736805,True,15,EMA_N150_th5_bL2_sL0,2
1997-12-17,2012-12-26,0.11607005303426265,0.557102334954718,0.36528267522313623,0.044986149802106246,0.3109420401130756,0.5514127052677142,0.07108390323215641,True,15,EMA_N150_th5_bL2_sL0,2
1998-12-17,2013-12-26,0.15123166044627,0.7075939016562408,0.32014382408363157,0.04954903054066806,0.3413609016782043,0.5514127052677141,0.10168262990560195,True,15,EMA_N150_th5_bL2_sL0,2
1999-12-17,2014-12-26,0.14425301123081957,0.6997056909408368,0.3201438240836315,0.045648102504628696,0.32232951765145973,0.5514127052677142,0.09860490872619088,True,15,EMA_N150_th5_bL2_sL0,2
2000-12-15,2015-12-28,0.13907688327126744,0.7141123929309167,0.32014382408363157,0.051247340558888244,0.3423804390035003,0.5514127052677141,0.0878295427123792,True,15,EMA_N150_th5_bL2_sL0,2
2001-12-21,2016-12-27,0.15187431870445955,0.7538314905747633,0.32014382408363157,0.0679689827091301,0.4379267005301233,0.5514127052677141,0.08390533599532946,True,15,EMA_N150_th5_bL2_sL0,2
2002-12-23,2017-12-27,0.17982446045892253,0.8549948763546368,0.32014382408363157,0.09791500740335901,0.6032535516489724,0.5514127052677142,0.08190945305556352,True,15,EMA_N150_th5_bL2_sL0,2
2003-12-23,2018-12-28,0.15048143856881802,0.7250201287496837,0.3201438240836315,0.07823719711497179,0.5039213220577035,0.5514127052677141,0.07224424145384623,True,15,EMA_N150_th5_bL2_sL0,2
2004-12-23,2019-12-30,0.15355967565126227,0.7376747447399836,0.32014382408363146,0.09003082997077128,0.562287973559796,0.5514127052677141,0.063528845680491,True,15,EMA_N150_th5_bL2_sL0,2
2005-12-22,2020-12-29,0.1476126622203655,0.6875691737863033,0.3904781772706746,0.09727196235353652,0.5645661957840065,0.5514127052677141,0.050340699866828986,True,15,EMA_N150_th5_bL2_sL0,2
2006-12-22,2021-12-29,0.16882810769038703,0.7484135508673126,0.3904781772706745,0.1076267045297501,0.6052824971355155,0.5514127052677141,0.061201403160636936,True,15,EMA_N150_th5_bL2_sL0,2
2007-12-26,2022-12-29,0.13954193945092186,0.668806353508009,0.3904781772706747,0.08699025482176448,0.5066774465071109,0.5331644741109138,0.05255168462915738,True,15,EMA_N150_th5_bL2_sL0,2
2008-12-24,2024-01-02,0.1710965816893253,0.7660608136286328,0.3904781772706746,0.14246258162626368,0.8288447389056053,0.3369411382620256,0.028634000063061604,True,15,EMA_N150_th5_bL2_sL0,2
2009-12-24,2025-01-02,0.17703818599609233,0.7903159250128141,0.3904781772706746,0.1380216324499144,0.8460478294587264,0.33694113826202554,0.039016553546177946,True,15,EMA_N150_th5_bL2_sL0,2
2010-12-27,2026-01-06,0.1856044179647074,0.8224006040555623,0.39047817727067446,0.1418053987481449,0.8594633797056009,0.33694113826202554,0.043799019216562485,True,15,EMA_N150_th5_bL2_sL0,2
1986-01-03,2005-12-21,0.21506555370885017,0.8947948658118245,0.37912290448555536,0.11919975998259358,0.7302840213678852,0.4737687737760924,0.09586579372625659,True,20,EMA_N150_th5_bL2_sL0,2
1987-01-02,2006-12-21,0.22940453363650537,0.9466182042503927,0.3791229044855554,0.11620780928428243,0.7251172889080421,0.47376877377609244,0.11319672435222294,True,20,EMA_N150_th5_bL2_sL0,2
1987-12-31,2007-12-24,0.2185345716758038,0.9040943135225503,0.3652826752231362,0.11838262566526936,0.7693164721196109,0.47376877377609244,0.10015194601053445,True,20,EMA_N150_th5_bL2_sL0,2
1988-12-29,2008-12-23,0.20605494789149392,0.8745727123942395,0.3652826752231363,0.08083457711190123,0.5186138026731929,0.5072237143228875,0.1252203707795927,True,20,EMA_N150_th5_bL2_sL0,2
1989-12-28,2009-12-23,0.19697649907576364,0.8435040510963095,0.3652826752231363,0.08222866480616187,0.5118328205143172,0.5514127052677141,0.11474783426960178,True,20,EMA_N150_th5_bL2_sL0,2
1990-12-27,2010-12-23,0.20766354571389556,0.8695483157267963,0.3652826752231363,0.0912892667298899,0.5505300735059094,0.5514127052677142,0.11637427898400565,True,20,EMA_N150_th5_bL2_sL0,2
1991-12-26,2011-12-22,0.18019671757511913,0.787675957259045,0.3652826752231363,0.07925127155798473,0.49156115326943495,0.5514127052677142,0.1009454460171344,True,20,EMA_N150_th5_bL2_sL0,2
1992-12-23,2012-12-26,0.18052123921652208,0.7778371629660006,0.36528267522313623,0.08122092786651991,0.49544794018246185,0.5514127052677141,0.09930031135000217,True,20,EMA_N150_th5_bL2_sL0,2
1993-12-22,2013-12-26,0.20300138457211525,0.8512458040453347,0.36528267522313623,0.0915993521008791,0.5455137644177719,0.5514127052677142,0.11140203247123615,True,20,EMA_N150_th5_bL2_sL0,2
1994-12-21,2014-12-26,0.2188752278295707,0.9022575309458966,0.3652826752231362,0.09882214588825255,0.5796312192203977,0.5514127052677142,0.12005308194131814,True,20,EMA_N150_th5_bL2_sL0,2
1995-12-20,2015-12-28,0.17298542455499932,0.7419953270739763,0.36528267522313623,0.08294532303036317,0.4974720968119255,0.5514127052677141,0.09004010152463615,True,20,EMA_N150_th5_bL2_sL0,2
1996-12-18,2016-12-27,0.1600066488427052,0.7114027563597336,0.3652826752231363,0.0781870460035714,0.4796027175271344,0.5514127052677141,0.08181960283913381,True,20,EMA_N150_th5_bL2_sL0,2
1997-12-17,2017-12-27,0.14985991125234288,0.6969716430839162,0.36528267522313623,0.07249080249824891,0.4555942265844254,0.5514127052677142,0.07736910875409397,True,20,EMA_N150_th5_bL2_sL0,2
1998-12-17,2018-12-28,0.1421842120011958,0.6830817498710602,0.32014382408363157,0.0580092666137928,0.3938494223159738,0.5514127052677141,0.084174945387403,True,20,EMA_N150_th5_bL2_sL0,2
1999-12-17,2019-12-30,0.13586425919043132,0.6729424543189318,0.3201438240836315,0.06211027860439855,0.4142398760975171,0.5514127052677142,0.07375398058603277,True,20,EMA_N150_th5_bL2_sL0,2
2000-12-15,2020-12-29,0.14485899056016494,0.7081294046574999,0.3904781772706746,0.07491908915708612,0.45951084451023266,0.5514127052677141,0.06993990140307882,True,20,EMA_N150_th5_bL2_sL0,2
2001-12-21,2021-12-29,0.17409400810605424,0.8005406074795228,0.3904781772706746,0.09565847054814469,0.5722270476299536,0.5514127052677141,0.07843553755790955,True,20,EMA_N150_th5_bL2_sL0,2
2002-12-23,2022-12-29,0.15917497688584903,0.740957775000639,0.3904781772706746,0.0970606564669605,0.5803484040095279,0.5514127052677142,0.062114320418888536,True,20,EMA_N150_th5_bL2_sL0,2
2003-12-23,2024-01-02,0.155745959636153,0.7258308458645416,0.3904781772706746,0.09762254974036666,0.5860340568237379,0.5514127052677141,0.05812340989578635,True,20,EMA_N150_th5_bL2_sL0,2
2004-12-23,2025-01-02,0.16839109891577198,0.7683534341171127,0.39047817727067463,0.10370480888295397,0.6142303164351571,0.5514127052677141,0.064686290032818,True,20,EMA_N150_th5_bL2_sL0,2
2005-12-22,2026-01-06,0.16940105884068135,0.7683831012250925,0.3904781772706746,0.11005071264687638,0.6372328952998759,0.5514127052677141,0.05935034619380497,True,20,EMA_N150_th5_bL2_sL0,2
1986-01-03,1990-12-26,0.23204609484718985,0.7509873206145581,0.5189692428026424,0.13133116095848751,0.7266559953203099,0.3288565573843161,0.10071493388870234,True,5,EMA_N100_th5_bL3_sL0,3
1987-01-02,1991-12-24,0.3521992373483098,1.015801480913102,0.5189692428026424,0.13812892271730326,0.7770002094103399,0.328856557384316,0.21407031463100656,True,5,EMA_N100_th5_bL3_sL0,3
1987-12-31,1992-12-22,0.3372323214034425,1.0203340479192808,0.30089986222154835,0.1597665028455073,1.1097658644211132,0.19183356941998955,0.1774658185579352,True,5,EMA_N100_th5_bL3_sL0,3
1988-12-29,1993-12-21,0.37225458696993763,1.1177287304367511,0.30089986222154824,0.14188814149307016,1.1249140197770626,0.19183356941998964,0.23036644547686747,True,5,EMA_N100_th5_bL3_sL0,3
1989-12-28,1994-12-20,0.14996526850417857,0.6261298020754644,0.3008998622215484,0.0861594758495241,0.7489912048937678,0.19183356941998958,0.06380579265465447,True,5,EMA_N100_th5_bL3_sL0,3
1990-12-27,1995-12-19,0.3659135522001833,1.2499867647861143,0.24794838180671952,0.16463347955803043,1.4752054797759762,0.08522360788061661,0.20128007264215286,True,5,EMA_N100_th5_bL3_sL0,3
1991-12-26,1996-12-17,0.358739444137669,1.2659217101440927,0.24794838180671952,0.15292725034399135,1.4647052524634705,0.08522360788061664,0.20581219379367766,True,5,EMA_N100_th5_bL3_sL0,3
1992-12-23,1997-12-16,0.4997130013358575,1.2917031511075403,0.31678883010342995,0.19901352989005816,1.4690901794494986,0.11198356632803617,0.30069947144579934,True,5,EMA_N100_th5_bL3_sL0,3
1993-12-22,1998-12-16,0.505684379859447,1.222527451283756,0.3624772924379108,0.22440696844455887,1.3716142651793786,0.19020871622272723,0.28127741141488816,True,5,EMA_N100_th5_bL3_sL0,3
1994-12-21,1999-12-16,0.6239479441415661,1.2812787943596438,0.3624772924379108,0.2736922813406599,1.5113288230200046,0.19020871622272728,0.35025566280090614,True,5,EMA_N100_th5_bL3_sL0,3
1995-12-20,2000-12-14,0.37114749316532025,0.8523496407644969,0.4412381155040947,0.18942922862489198,0.9703971362558814,0.19020871622272711,0.18171826454042828,True,5,EMA_N100_th5_bL3_sL0,3
1996-12-18,2001-12-20,0.224529153343334,0.6660343718280337,0.4412381155040947,0.10817681647414967,0.5947752299604295,0.3544624924361658,0.11635233686918434,True,5,EMA_N100_th5_bL3_sL0,3
1997-12-17,2002-12-20,0.05479150271648203,0.3303754746670967,0.4412381155040947,-0.00035264247384625413,0.10732082288912685,0.4737687737760924,0.055144145190328286,True,5,EMA_N100_th5_bL3_sL0,3
1998-12-17,2003-12-22,0.09724813075677541,0.45654127204290956,0.4639216810050197,-0.0005397138115567079,0.12056454641120017,0.4737687737760924,0.09778784456833212,True,5,EMA_N100_th5_bL3_sL0,3
1999-12-17,2004-12-22,0.1273975827645062,0.5304623118453118,0.36551647960925887,-0.017573962863435155,0.024301372517773208,0.4737687737760924,0.14497154562794135,True,5,EMA_N100_th5_bL3_sL0,3
2000-12-15,2005-12-21,0.21186829934891072,0.8915577424899686,0.2274466595337925,0.009523895832712626,0.11906864949639658,0.4193113902856809,0.2023444035161981,True,5,EMA_N100_th5_bL3_sL0,3
2001-12-21,2006-12-21,0.3045336945438011,1.0770696766404253,0.2274466595337925,0.061890896861365174,0.45960169601177236,0.32931991735010696,0.2426427976824359,True,5,EMA_N100_th5_bL3_sL0,3
2002-12-23,2007-12-24,0.29184762736152203,0.9139720418025709,0.2836430279961448,0.12745025953416667,0.9816150785432407,0.13713155595240378,0.16439736782735537,True,5,EMA_N100_th5_bL3_sL0,3
2003-12-23,2008-12-23,0.16470355531039993,0.6450962619187598,0.2836430279961449,-0.027729034994333213,-0.024193482970366165,0.5072237143228874,0.19243259030473314,True,5,EMA_N100_th5_bL3_sL0,3
2004-12-23,2009-12-23,0.236845015612126,0.7975296005815558,0.35928312908006316,0.005917133826857102,0.1448257067685854,0.5514127052677141,0.2309278817852689,True,5,EMA_N100_th5_bL3_sL0,3
2005-12-22,2010-12-23,0.219822652121197,0.7473202711657866,0.35928312908006327,0.019944713130480407,0.20762707237751302,0.5514127052677141,0.1998779389907166,True,5,EMA_N100_th5_bL3_sL0,3
2006-12-22,2011-12-22,0.08694896860419132,0.4010903011074681,0.5096825608822414,-0.0013731664564993196,0.12260927466610279,0.5514127052677141,0.08832213506069064,True,5,EMA_N100_th5_bL3_sL0,3
2007-12-26,2012-12-26,0.18039239410318042,0.63149425248551,0.5096825608822413,0.01204987692797066,0.17805295960250486,0.5331644741109138,0.16834251717520976,True,5,EMA_N100_th5_bL3_sL0,3
2008-12-24,2013-12-26,0.38397652702730967,1.0085397888481242,0.5096825608822413,0.1883095353357942,0.9997514863834135,0.27120125137024154,0.19566699169151547,True,5,EMA_N100_th5_bL3_sL0,3
2009-12-24,2014-12-26,0.32312325266515396,0.9333049906639812,0.5096825608822414,0.1557113270721573,0.997609617169241,0.18576371244549406,0.16741192559299667,True,5,EMA_N100_th5_bL3_sL0,3
2010-12-27,2015-12-28,0.2598718478634927,0.814001797060075,0.5096825608822413,0.12711096084552387,0.8579995392521074,0.185763712445494,0.13276088701796884,True,5,EMA_N100_th5_bL3_sL0,3
2011-12-23,2016-12-27,0.3572269169173312,1.14251261854365,0.2857863701812555,0.14815208712142192,1.1557655728398548,0.1297146274250496,0.2090748297959093,True,5,EMA_N100_th5_bL3_sL0,3
2012-12-27,2017-12-27,0.40859922328699416,1.3562756698977585,0.2857863701812555,0.15984789530313792,1.304000521155299,0.1297146274250495,0.24875132798385624,True,5,EMA_N100_th5_bL3_sL0,3
2013-12-27,2018-12-28,0.18927147899095864,0.7316047209460574,0.2882570540443354,0.08387471154798298,0.6768723291654465,0.19319029340941687,0.10539676744297566,True,5,EMA_N100_th5_bL3_sL0,3
2014-12-29,2019-12-30,0.18137231157346334,0.7154300900151505,0.34553468865001935,0.11284922955954468,0.8653433591374201,0.19319029340941685,0.06852308201391866,True,5,EMA_N100_th5_bL3_sL0,3
2015-12-29,2020-12-29,0.2997497935882063,0.9417749716427125,0.37312933445743257,0.14684718378343553,0.8322751309705982,0.3369411382620256,0.15290260980477077,True,5,EMA_N100_th5_bL3_sL0,3
2016-12-28,2021-12-29,0.46726523026971356,1.200578105815214,0.3731293344574325,0.18520952154848147,0.9873871726812262,0.33694113826202565,0.2820557087212321,True,5,EMA_N100_th5_bL3_sL0,3
2017-12-28,2022-12-29,0.11933941055643049,0.49106543677414277,0.5439910519403717,0.09412973739812336,0.5278053558306166,0.3369411382620256,0.025209673158307133,True,5,EMA_N100_th5_bL3_sL0,3
2018-12-31,2024-01-02,0.22913926282680586,0.7331514324362046,0.6275702829883345,0.15599293612904175,0.8047850802686117,0.33694113826202554,0.07314632669776411,True,5,EMA_N100_th5_bL3_sL0,3
2019-12-31,2025-01-02,0.2930913331601057,0.8577369607829108,0.6275702829883345,0.14531985507554634,0.7545210211256641,0.3369411382620256,0.14777147808455937,True,5,EMA_N100_th5_bL3_sL0,3
2020-12-30,2026-01-06,0.2786341681856397,0.8730540158446268,0.6275702829883345,0.1490744525961183,0.90004962009299,0.24441874976840103,0.1295597155895214,True,5,EMA_N100_th5_bL3_sL0,3
1986-01-03,1995-12-19,0.2971201808290458,0.9569847402616334,0.5189692428026424,0.14692497615128453,0.9460487277838104,0.3288565573843161,0.15019520467776126,True,10,EMA_N100_th5_bL3_sL0,3
1987-01-02,1996-12-17,0.3608530509412602,1.109539746499312,0.5189692428026424,0.14702699777073036,0.9659603955567658,0.328856557384316,0.21382605317052983,True,10,EMA_N100_th5_bL3_sL0,3
1987-12-31,1997-12-16,0.41475127437757964,1.1595458832671395,0.31678883010342995,0.17881951074524727,1.279023645493094,0.19183356941998955,0.23593176363233237,True,10,EMA_N100_th5_bL3_sL0,3
1988-12-29,1998-12-16,0.44008590003330705,1.1700790272418211,0.36247729243791077,0.18314271565548568,1.2541090049463974,0.19183356941998964,0.2569431843778214,True,10,EMA_N100_th5_bL3_sL0,3
1989-12-28,1999-12-16,0.3663896750467397,1.0004584634774445,0.3624772924379108,0.1773609147247006,1.1771667156668573,0.19183356941998958,0.18902876032203908,True,10,EMA_N100_th5_bL3_sL0,3
1990-12-27,2000-12-14,0.3643204713374202,0.9472305673610464,0.4412381155040947,0.1757442376900613,1.0990673314525914,0.1902087162227272,0.18857623364735887,True,10,EMA_N100_th5_bL3_sL0,3
1991-12-26,2001-12-20,0.29279123877629165,0.8480079218424521,0.4412381155040947,0.13116887104663966,0.8274015620134825,0.3544624924361658,0.161622367729652,True,10,EMA_N100_th5_bL3_sL0,3
1992-12-23,2002-12-20,0.25565920639170314,0.7741147015845373,0.44123811550409475,0.09419870541686581,0.5783671554403454,0.47376877377609244,0.16146050097483733,True,10,EMA_N100_th5_bL3_sL0,3
1993-12-22,2003-12-22,0.291238689431097,0.8472314052053823,0.46392168100501974,0.10793989253576086,0.6382113652627169,0.4737687737760924,0.18329879689533612,True,10,EMA_N100_th5_bL3_sL0,3
1994-12-21,2004-12-22,0.3554953053357037,0.9499662469400075,0.4639216810050197,0.11928410631638697,0.6927876320525749,0.4737687737760924,0.23621119901931675,True,10,EMA_N100_th5_bL3_sL0,3
1995-12-20,2005-12-21,0.28892018311995904,0.8147156196228501,0.46392168100501974,0.09325786245396572,0.5570344213552254,0.47376877377609244,0.19566232066599332,True,10,EMA_N100_th5_bL3_sL0,3
1996-12-18,2006-12-21,0.26378104433430627,0.7859240650630177,0.46392168100501974,0.08540631140487931,0.5314529109947129,0.4737687737760924,0.17837473292942696,True,10,EMA_N100_th5_bL3_sL0,3
1997-12-17,2007-12-24,0.1672457043689859,0.5907236521729061,0.46392168100501974,0.06163795899736613,0.41253218275530407,0.4737687737760924,0.10560774537161977,True,10,EMA_N100_th5_bL3_sL0,3
1998-12-17,2008-12-23,0.13063118475545976,0.5374777676201535,0.4639216810050197,-0.01415919823058387,0.04876251293040151,0.5072237143228874,0.14479038298604363,True,10,EMA_N100_th5_bL3_sL0,3
1999-12-17,2009-12-23,0.18103690498446223,0.6628291201197644,0.36551647960925887,-0.005820959382251023,0.0887022268960443,0.5514127052677142,0.18685786436671326,True,10,EMA_N100_th5_bL3_sL0,3
2000-12-15,2010-12-23,0.21763889502002964,0.7953809967073323,0.35928312908006316,0.015245783399367996,0.16804007871150634,0.5514127052677141,0.20239311162066165,True,10,EMA_N100_th5_bL3_sL0,3
2001-12-21,2011-12-22,0.1884824772625715,0.6793618915688492,0.5096825608822414,0.029126940401384305,0.24308676130679438,0.5514127052677141,0.1593555368611872,True,10,EMA_N100_th5_bL3_sL0,3
2002-12-23,2012-12-26,0.23475978384862217,0.7666227918635992,0.5096825608822414,0.06839417371007173,0.42305002819718623,0.5514127052677142,0.16636561013855045,True,10,EMA_N100_th5_bL3_sL0,3
2003-12-23,2013-12-26,0.2694947427561094,0.8428661826836215,0.5096825608822413,0.07546816740975926,0.45958732073225644,0.5514127052677141,0.19402657534635015,True,10,EMA_N100_th5_bL3_sL0,3
2004-12-23,2014-12-26,0.28093450415024424,0.8678716605658552,0.5096825608822414,0.07869376773640568,0.47437302119887576,0.5514127052677141,0.20224073641383855,True,10,EMA_N100_th5_bL3_sL0,3
2005-12-22,2015-12-28,0.23972455939320314,0.7811248243698274,0.5096825608822413,0.07220318309463214,0.44312126302346866,0.5514127052677141,0.167521376298571,True,10,EMA_N100_th5_bL3_sL0,3
2006-12-22,2016-12-27,0.2177163949543408,0.7302606850821095,0.5096825608822414,0.07170785766692211,0.43349038297674664,0.5514127052677141,0.1460085372874187,True,10,EMA_N100_th5_bL3_sL0,3
2007-12-26,2017-12-27,0.28880400805741724,0.9332515120283497,0.5096825608822413,0.08325212445583285,0.4957802388306853,0.5331644741109138,0.20555188360158438,True,10,EMA_N100_th5_bL3_sL0,3
2008-12-24,2018-12-28,0.2827843967526342,0.880859530318749,0.5096825608822413,0.13482871520012107,0.8535349457651878,0.27120125137024154,0.14795568155251315,True,10,EMA_N100_th5_bL3_sL0,3
2009-12-24,2019-12-30,0.25062939589546684,0.8314450947053532,0.5096825608822414,0.13417388667441887,0.9337157419672938,0.1931902934094168,0.11645550922104797,True,10,EMA_N100_th5_bL3_sL0,3
2010-12-27,2020-12-29,0.2795302280535943,0.8750002101532303,0.5096825608822413,0.1380867175501692,0.8392979135744216,0.33694113826202554,0.14144351050342507,True,10,EMA_N100_th5_bL3_sL0,3
2011-12-23,2021-12-29,0.40743778626621685,1.1697028075196072,0.3731293344574325,0.16549475670765523,1.0368553589863043,0.3369411382620256,0.24194302955856162,True,10,EMA_N100_th5_bL3_sL0,3
2012-12-27,2022-12-29,0.2563237555562823,0.8414273995997071,0.5439910519403717,0.1266884782473816,0.7724636871665684,0.3369411382620256,0.12963527730890068,True,10,EMA_N100_th5_bL3_sL0,3
2013-12-27,2024-01-02,0.20894994564391078,0.7268406642425821,0.6275702829883345,0.12028040739025014,0.736416410531179,0.33694113826202554,0.08866953825366064,True,10,EMA_N100_th5_bL3_sL0,3
2014-12-29,2025-01-02,0.23676109415576208,0.7888007256424641,0.6275702829883345,0.12918792519388367,0.7792335951907536,0.33694113826202554,0.10757316896187841,True,10,EMA_N100_th5_bL3_sL0,3
2015-12-29,2026-01-06,0.28956629437149406,0.9065776675337341,0.6275702829883345,0.14806157038177026,0.8634213821134769,0.3369411382620256,0.1415047239897238,True,10,EMA_N100_th5_bL3_sL0,3
1986-01-03,2000-12-14,0.31863731382766747,0.885758992637115,0.5189692428026424,0.16011857164710452,0.9501398766431252,0.3288565573843161,0.15851874218056294,True,15,EMA_N100_th5_bL3_sL0,3
1987-01-02,2001-12-20,0.31577876467918875,0.901015442511163,0.5189692428026424,0.1344908960868736,0.8063308631518367,0.35446249243616573,0.18128786859231516,True,15,EMA_N100_th5_bL3_sL0,3
1987-12-31,2002-12-20,0.28146742808621217,0.8470562558660046,0.4412381155040946,0.11538586105559312,0.7210366793095082,0.47376877377609244,0.16608156703061905,True,15,EMA_N100_th5_bL3_sL0,3
1988-12-29,2003-12-22,0.3193486071710192,0.9256351046596188,0.46392168100501974,0.11960655931774866,0.7482070822280353,0.47376877377609244,0.19974204785327054,True,15,EMA_N100_th5_bL3_sL0,3
1989-12-28,2004-12-22,0.2831316837610274,0.8548354048969302,0.46392168100501974,0.10888478614950348,0.693520784936189,0.4737687737760924,0.1742468976115239,True,15,EMA_N100_th5_bL3_sL0,3
1990-12-27,2005-12-21,0.311402827250979,0.9121733746701797,0.4639216810050197,0.115786535781909,0.7345066555805546,0.47376877377609244,0.19561629146907,True,15,EMA_N100_th5_bL3_sL0,3
1991-12-26,2006-12-21,0.2966034167014828,0.8966853307508785,0.4639216810050197,0.10800957578633241,0.7076466946608773,0.47376877377609244,0.1885938409151504,True,15,EMA_N100_th5_bL3_sL0,3
1992-12-23,2007-12-24,0.2675252331594642,0.8153353828544277,0.46392168100501974,0.10516481282549806,0.6762052837882725,0.47376877377609244,0.16236042033396614,True,15,EMA_N100_th5_bL3_sL0,3
1993-12-22,2008-12-23,0.24769756004061194,0.7855302643538656,0.46392168100501974,0.06077527876278688,0.39889340991359235,0.5072237143228875,0.18692228127782506,True,15,EMA_N100_th5_bL3_sL0,3
1994-12-21,2009-12-23,0.314840639341055,0.9019759812606849,0.4639216810050197,0.08018436534592666,0.47787325842896483,0.5514127052677142,0.23465627399512834,True,15,EMA_N100_th5_bL3_sL0,3
1995-12-20,2010-12-23,0.2667045758272999,0.7925187013736595,0.46392168100501974,0.06861286685386592,0.4157864816555877,0.5514127052677141,0.19809170897343398,True,15,EMA_N100_th5_bL3_sL0,3
1996-12-18,2011-12-22,0.2003173893322483,0.6615942192986083,0.5096825608822413,0.055231925647602376,0.3581443833797024,0.5514127052677141,0.14508546368464592,True,15,EMA_N100_th5_bL3_sL0,3
1997-12-17,2012-12-26,0.17156132476117403,0.6039854691922725,0.5096825608822413,0.044986149802106246,0.3109420401130756,0.5514127052677142,0.12657517495906778,True,15,EMA_N100_th5_bL3_sL0,3
1998-12-17,2013-12-26,0.20937396329018787,0.7070468532048851,0.5096825608822414,0.04954903054066806,0.3413609016782043,0.5514127052677141,0.1598249327495198,True,15,EMA_N100_th5_bL3_sL0,3
1999-12-17,2014-12-26,0.22769059203819753,0.7585117545555188,0.5096825608822413,0.045648102504628696,0.32232951765145973,0.5514127052677142,0.18204248953356883,True,15,EMA_N100_th5_bL3_sL0,3
2000-12-15,2015-12-28,0.23158113754165965,0.7993273831155961,0.5096825608822414,0.051247340558888244,0.3423804390035003,0.5514127052677141,0.1803337969827714,True,15,EMA_N100_th5_bL3_sL0,3
2001-12-21,2016-12-27,0.24436694581383156,0.8257791839356563,0.5096825608822414,0.0679689827091301,0.4379267005301233,0.5514127052677141,0.17639796310470146,True,15,EMA_N100_th5_bL3_sL0,3
2002-12-23,2017-12-27,0.2897306206108392,0.9264294970536379,0.5096825608822414,0.09791500740335901,0.6032535516489724,0.5514127052677142,0.1918156132074802,True,15,EMA_N100_th5_bL3_sL0,3
2003-12-23,2018-12-28,0.24208988477187687,0.8072683307422874,0.5096825608822413,0.07823719711497179,0.5039213220577035,0.5514127052677141,0.16385268765690508,True,15,EMA_N100_th5_bL3_sL0,3
2004-12-23,2019-12-30,0.24711643864756838,0.8201775618478023,0.5096825608822414,0.09003082997077128,0.562287973559796,0.5514127052677141,0.1570856086767971,True,15,EMA_N100_th5_bL3_sL0,3
2005-12-22,2020-12-29,0.25933634444580034,0.8324466429872399,0.5096825608822413,0.09727196235353652,0.5645661957840065,0.5514127052677141,0.16206438209226381,True,15,EMA_N100_th5_bL3_sL0,3
2006-12-22,2021-12-29,0.2935071947474246,0.8928440936543106,0.5096825608822414,0.1076267045297501,0.6052824971355155,0.5514127052677141,0.1858804902176745,True,15,EMA_N100_th5_bL3_sL0,3
2007-12-26,2022-12-29,0.2300920334212837,0.7663187443902377,0.5439910519403717,0.08699025482176448,0.5066774465071109,0.5331644741109138,0.14310177859951922,True,15,EMA_N100_th5_bL3_sL0,3
2008-12-24,2024-01-02,0.2645736543767596,0.8284857102431271,0.6275702829883346,0.14246258162626368,0.8288447389056053,0.3369411382620256,0.12211107275049593,True,15,EMA_N100_th5_bL3_sL0,3
2009-12-24,2025-01-02,0.26515411179498294,0.8391436264791449,0.6275702829883345,0.1380216324499144,0.8460478294587264,0.33694113826202554,0.12713247934506855,True,15,EMA_N100_th5_bL3_sL0,3
2010-12-27,2026-01-06,0.27951033643181833,0.874350794448537,0.6275702829883346,0.1418053987481449,0.8594633797056009,0.33694113826202554,0.13770493768367342,True,15,EMA_N100_th5_bL3_sL0,3
1986-01-03,2005-12-21,0.2910393984608357,0.8721513989736926,0.5189692428026424,0.11919975998259358,0.7302840213678852,0.4737687737760924,0.17183963847824213,True,20,EMA_N100_th5_bL3_sL0,3
1987-01-02,2006-12-21,0.31288861640662824,0.9269706342532356,0.5189692428026424,0.11620780928428243,0.7251172889080421,0.47376877377609244,0.1966808071223458,True,20,EMA_N100_th5_bL3_sL0,3
1987-12-31,2007-12-24,0.2839898943440686,0.8621154809846976,0.4639216810050197,0.11838262566526936,0.7693164721196109,0.47376877377609244,0.16560726867879927,True,20,EMA_N100_th5_bL3_sL0,3
1988-12-29,2008-12-23,0.2789356000535024,0.86235593126082,0.46392168100501974,0.08083457711190123,0.5186138026731929,0.5072237143228875,0.19810102294160115,True,20,EMA_N100_th5_bL3_sL0,3
1989-12-28,2009-12-23,0.27148455834724783,0.8407934875652513,0.46392168100501974,0.08222866480616187,0.5118328205143172,0.5514127052677141,0.18925589354108596,True,20,EMA_N100_th5_bL3_sL0,3
1990-12-27,2010-12-23,0.28882983542010776,0.8723647850550107,0.4639216810050197,0.0912892667298899,0.5505300735059094,0.5514127052677142,0.19754056869021785,True,20,EMA_N100_th5_bL3_sL0,3
1991-12-26,2011-12-22,0.23948730733711177,0.7680974531656499,0.5096825608822413,0.07925127155798473,0.49156115326943495,0.5514127052677142,0.16023603577912704,True,20,EMA_N100_th5_bL3_sL0,3
1992-12-23,2012-12-26,0.24511146638782755,0.7697694560473743,0.5096825608822413,0.08122092786651991,0.49544794018246185,0.5514127052677141,0.16389053852130764,True,20,EMA_N100_th5_bL3_sL0,3
1993-12-22,2013-12-26,0.280378584862524,0.8441518051955709,0.5096825608822414,0.0915993521008791,0.5455137644177719,0.5514127052677142,0.18877923276164488,True,20,EMA_N100_th5_bL3_sL0,3
1994-12-21,2014-12-26,0.317761010023631,0.9097061549365143,0.5096825608822413,0.09882214588825255,0.5796312192203977,0.5514127052677142,0.21893886413537844,True,20,EMA_N100_th5_bL3_sL0,3
1995-12-20,2015-12-28,0.2650084410884401,0.7972351531893903,0.5096825608822414,0.08294532303036317,0.4974720968119255,0.5514127052677141,0.18206311805807696,True,20,EMA_N100_th5_bL3_sL0,3
1996-12-18,2016-12-27,0.23932676265508013,0.758170252700072,0.5096825608822413,0.0781870460035714,0.4796027175271344,0.5514127052677141,0.16113971665150872,True,20,EMA_N100_th5_bL3_sL0,3
1997-12-17,2017-12-27,0.2264701521953787,0.7468167249609874,0.5096825608822413,0.07249080249824891,0.4555942265844254,0.5514127052677142,0.15397934969712979,True,20,EMA_N100_th5_bL3_sL0,3
1998-12-17,2018-12-28,0.20426285745888895,0.7094275369270479,0.5096825608822414,0.0580092666137928,0.3938494223159738,0.5514127052677141,0.14625359084509615,True,20,EMA_N100_th5_bL3_sL0,3
1999-12-17,2019-12-30,0.216143933789809,0.7469960704134085,0.5096825608822413,0.06211027860439855,0.4142398760975171,0.5514127052677142,0.15403365518541046,True,20,EMA_N100_th5_bL3_sL0,3
2000-12-15,2020-12-29,0.24821896251533726,0.8358745034980436,0.5096825608822414,0.07491908915708612,0.45951084451023266,0.5514127052677141,0.17329987335825114,True,20,EMA_N100_th5_bL3_sL0,3
2001-12-21,2021-12-29,0.29498024182746385,0.9268464305971813,0.5096825608822414,0.09565847054814469,0.5722270476299536,0.5514127052677141,0.19932177127931916,True,20,EMA_N100_th5_bL3_sL0,3
2002-12-23,2022-12-29,0.24518824659127492,0.8026951146968312,0.5439910519403717,0.0970606564669605,0.5803484040095279,0.5514127052677142,0.14812759012431442,True,20,EMA_N100_th5_bL3_sL0,3
2003-12-23,2024-01-02,0.23878812720966214,0.7860561006951979,0.6275702829883344,0.09762254974036666,0.5860340568237379,0.5514127052677141,0.14116557746929548,True,20,EMA_N100_th5_bL3_sL0,3
2004-12-23,2025-01-02,0.25884808019138794,0.8289314962712806,0.6275702829883345,0.10370480888295397,0.6142303164351571,0.5514127052677141,0.15514327130843397,True,20,EMA_N100_th5_bL3_sL0,3
2005-12-22,2026-01-06,0.2643409955433673,0.8426082707906627,0.6275702829883346,0.11005071264687638,0.6372328952998759,0.5514127052677141,0.15429028289649094,True,20,EMA_N100_th5_bL3_sL0,3
1986-01-03,1990-12-26,0.17529854635257625,0.6491695168527098,0.5036099071016354,0.13133116095848751,0.7266559953203099,0.3288565573843161,0.04396738539408873,True,5,SMA_N200_th2_bL3_sL0,4
1987-01-02,1991-12-24,0.28875753610529764,0.8979079764314982,0.5036099071016356,0.13812892271730326,0.7770002094103399,0.328856557384316,0.15062861338799438,True,5,SMA_N200_th2_bL3_sL0,4
1987-12-31,1992-12-22,0.27449282926074425,0.891883050592249,0.44690598109031715,0.1597665028455073,1.1097658644211132,0.19183356941998955,0.11472632641523695,True,5,SMA_N200_th2_bL3_sL0,4
1988-12-29,1993-12-21,0.29966972410653714,0.9721445440411539,0.4469059810903171,0.14188814149307016,1.1249140197770626,0.19183356941998964,0.15778158261346698,True,5,SMA_N200_th2_bL3_sL0,4
1989-12-28,1994-12-20,0.08938723039416185,0.4445591042322635,0.4436184347240484,0.0861594758495241,0.7489912048937678,0.19183356941998958,0.003227754544637751,True,5,SMA_N200_th2_bL3_sL0,4
1990-12-27,1995-12-19,0.449843483582149,1.3920160336694103,0.29703398199820036,0.16463347955803043,1.4752054797759762,0.08522360788061661,0.28521000402411856,True,5,SMA_N200_th2_bL3_sL0,4
1991-12-26,1996-12-17,0.42639336121828664,1.372631791788267,0.29703398199820036,0.15292725034399135,1.4647052524634705,0.08522360788061664,0.2734661108742953,True,5,SMA_N200_th2_bL3_sL0,4
1992-12-23,1997-12-16,0.5743862284029451,1.3878512863429273,0.31678883010343,0.19901352989005816,1.4690901794494986,0.11198356632803617,0.3753726985128869,True,5,SMA_N200_th2_bL3_sL0,4
1993-12-22,1998-12-16,0.5981658099071943,1.3405529087129262,0.3553443734349183,0.22440696844455887,1.3716142651793786,0.19020871622272723,0.3737588414626354,True,5,SMA_N200_th2_bL3_sL0,4
1994-12-21,1999-12-16,0.6948111302411724,1.3810475818696428,0.4339683215845523,0.2736922813406599,1.5113288230200046,0.19020871622272728,0.42111884890051243,True,5,SMA_N200_th2_bL3_sL0,4
1995-12-20,2000-12-14,0.3923859097125941,0.8816488542333762,0.4695426640128548,0.18942922862489198,0.9703971362558814,0.19020871622272711,0.20295668108770215,True,5,SMA_N200_th2_bL3_sL0,4
1996-12-18,2001-12-20,0.2434965221804739,0.6968969029157382,0.4695426640128548,0.10817681647414967,0.5947752299604295,0.3544624924361658,0.13531970570632423,True,5,SMA_N200_th2_bL3_sL0,4
1997-12-17,2002-12-20,0.03415446669029332,0.2846538713685965,0.5087572993205277,-0.00035264247384625413,0.10732082288912685,0.4737687737760924,0.03450710916413957,True,5,SMA_N200_th2_bL3_sL0,4
1998-12-17,2003-12-22,0.08034554105563219,0.41648367612418025,0.5345842674692214,-0.0005397138115567079,0.12056454641120017,0.4737687737760924,0.0808852548671889,True,5,SMA_N200_th2_bL3_sL0,4
1999-12-17,2004-12-22,0.07884068970504621,0.40287686127191313,0.41975757876736813,-0.017573962863435155,0.024301372517773208,0.4737687737760924,0.09641465256848136,True,5,SMA_N200_th2_bL3_sL0,4
2000-12-15,2005-12-21,0.1426839138137812,0.651586466023163,0.30605532939516017,0.009523895832712626,0.11906864949639658,0.4193113902856809,0.13316001798106858,True,5,SMA_N200_th2_bL3_sL0,4
2001-12-21,2006-12-21,0.1965177261955584,0.7743766541594307,0.30605532939516017,0.061890896861365174,0.45960169601177236,0.32931991735010696,0.13462682933419323,True,5,SMA_N200_th2_bL3_sL0,4
2002-12-23,2007-12-24,0.20017528425054976,0.7114888136567094,0.4110913441476186,0.12745025953416667,0.9816150785432407,0.13713155595240378,0.07272502471638309,True,5,SMA_N200_th2_bL3_sL0,4
2003-12-23,2008-12-23,0.0304067494778566,0.2529185475808299,0.45022310839249047,-0.027729034994333213,-0.024193482970366165,0.5072237143228874,0.05813578447218981,True,5,SMA_N200_th2_bL3_sL0,4
2004-12-23,2009-12-23,0.11295291924705642,0.4970618735754341,0.5593236765133426,0.005917133826857102,0.1448257067685854,0.5514127052677141,0.10703578542019931,True,5,SMA_N200_th2_bL3_sL0,4
2005-12-22,2010-12-23,0.10484242821920908,0.47404636518620236,0.5593236765133426,0.019944713130480407,0.20762707237751302,0.5514127052677141,0.08489771508872868,True,5,SMA_N200_th2_bL3_sL0,4
2006-12-22,2011-12-22,0.03140213123272906,0.2551740984293321,0.5593236765133426,-0.0013731664564993196,0.12260927466610279,0.5514127052677141,0.03277529768922838,True,5,SMA_N200_th2_bL3_sL0,4
2007-12-26,2012-12-26,0.13193883539973905,0.5404546959518528,0.3670695838390689,0.01204987692797066,0.17805295960250486,0.5331644741109138,0.11988895847176839,True,5,SMA_N200_th2_bL3_sL0,4
2008-12-24,2013-12-26,0.374348017849939,1.0486084174191725,0.36706958383906896,0.1883095353357942,0.9997514863834135,0.27120125137024154,0.1860384825141448,True,5,SMA_N200_th2_bL3_sL0,4
2009-12-24,2014-12-26,0.3430634992914765,1.0121540538478573,0.36706958383906896,0.1557113270721573,0.997609617169241,0.18576371244549406,0.1873521722193192,True,5,SMA_N200_th2_bL3_sL0,4
2010-12-27,2015-12-28,0.25800875727760597,0.8343045765631102,0.32538325979716903,0.12711096084552387,0.8579995392521074,0.185763712445494,0.1308977964320821,True,5,SMA_N200_th2_bL3_sL0,4
2011-12-23,2016-12-27,0.3579840521072539,1.0704059329430036,0.3567921389676335,0.14815208712142192,1.1557655728398548,0.1297146274250496,0.209831964985832,True,5,SMA_N200_th2_bL3_sL0,4
2012-12-27,2017-12-27,0.41672408722026466,1.27621099462327,0.3567921389676335,0.15984789530313792,1.304000521155299,0.1297146274250495,0.25687619191712674,True,5,SMA_N200_th2_bL3_sL0,4
2013-12-27,2018-12-28,0.15078610811909354,0.5927675068503753,0.3912503326397589,0.08387471154798298,0.6768723291654465,0.19319029340941687,0.06691139657111056,True,5,SMA_N200_th2_bL3_sL0,4
2014-12-29,2019-12-30,0.1625136407363299,0.6265078870502169,0.41474227203749353,0.11284922955954468,0.8653433591374201,0.19319029340941685,0.04966441117678522,True,5,SMA_N200_th2_bL3_sL0,4
2015-12-29,2020-12-29,0.18719608610125738,0.6599457932934485,0.5756035213286743,0.14684718378343553,0.8322751309705982,0.3369411382620256,0.040348902317821844,True,5,SMA_N200_th2_bL3_sL0,4
2016-12-28,2021-12-29,0.3277426813572528,0.8983032902596594,0.5756035213286743,0.18520952154848147,0.9873871726812262,0.33694113826202565,0.14253315980877135,True,5,SMA_N200_th2_bL3_sL0,4
2017-12-28,2022-12-29,0.06573275973019976,0.36956484919319177,0.5756035213286744,0.09412973739812336,0.5278053558306166,0.3369411382620256,-0.028396977667923595,False,5,SMA_N200_th2_bL3_sL0,4
2018-12-31,2024-01-02,0.19922513748375525,0.6591482252303709,0.5756035213286743,0.15599293612904175,0.8047850802686117,0.33694113826202554,0.043232201354713506,True,5,SMA_N200_th2_bL3_sL0,4
2019-12-31,2025-01-02,0.24059826565380638,0.7410354821060537,0.5756035213286743,0.14531985507554634,0.7545210211256641,0.3369411382620256,0.09527841057826003,True,5,SMA_N200_th2_bL3_sL0,4
2020-12-30,2026-01-06,0.35252963603383525,1.0420678118133815,0.4833975185269818,0.1490744525961183,0.90004962009299,0.24441874976840103,0.20345518343771696,True,5,SMA_N200_th2_bL3_sL0,4
1986-01-03,1995-12-19,0.30523501311829015,0.9957010902483042,0.5036099071016354,0.14692497615128453,0.9460487277838104,0.3288565573843161,0.15831003696700563,True,10,SMA_N200_th2_bL3_sL0,4
1987-01-02,1996-12-17,0.361219034488079,1.1016390409799053,0.5036099071016356,0.14702699777073036,0.9659603955567658,0.328856557384316,0.21419203671734866,True,10,SMA_N200_th2_bL3_sL0,4
1987-12-31,1997-12-16,0.415131753143384,1.1522976514840628,0.44690598109031715,0.17881951074524727,1.279023645493094,0.19183356941998955,0.23631224239813675,True,10,SMA_N200_th2_bL3_sL0,4
1988-12-29,1998-12-16,0.4438798149340981,1.1696426949107417,0.4469059810903171,0.18314271565548568,1.2541090049463974,0.19183356941998964,0.26073709927861244,True,10,SMA_N200_th2_bL3_sL0,4
1989-12-28,1999-12-16,0.3628833659487758,0.9888496057571451,0.4436184347240484,0.1773609147247006,1.1771667156668573,0.19183356941998958,0.18552245122407518,True,10,SMA_N200_th2_bL3_sL0,4
1990-12-27,2000-12-14,0.41643485945716807,1.0275183018964038,0.46954266401285477,0.1757442376900613,1.0990673314525914,0.1902087162227272,0.24069062176710676,True,10,SMA_N200_th2_bL3_sL0,4
1991-12-26,2001-12-20,0.33478762680249297,0.919493176548409,0.46954266401285477,0.13116887104663966,0.8274015620134825,0.3544624924361658,0.2036187557558533,True,10,SMA_N200_th2_bL3_sL0,4
1992-12-23,2002-12-20,0.273885098392153,0.8024517610998255,0.5087572993205277,0.09419870541686581,0.5783671554403454,0.47376877377609244,0.1796863929752872,True,10,SMA_N200_th2_bL3_sL0,4
1993-12-22,2003-12-22,0.32000504895834725,0.8915530003924609,0.5345842674692215,0.10793989253576086,0.6382113652627169,0.4737687737760924,0.2120651564225864,True,10,SMA_N200_th2_bL3_sL0,4
1994-12-21,2004-12-22,0.35460552372163523,0.9526174035091335,0.5345842674692214,0.11928410631638697,0.6927876320525749,0.4737687737760924,0.23532141740524826,True,10,SMA_N200_th2_bL3_sL0,4
1995-12-20,2005-12-21,0.261254805074149,0.7614162828074319,0.5345842674692215,0.09325786245396572,0.5570344213552254,0.47376877377609244,0.16799694262018328,True,10,SMA_N200_th2_bL3_sL0,4
1996-12-18,2006-12-21,0.2196847774945947,0.6988525173022948,0.5345842674692214,0.08540631140487931,0.5314529109947129,0.4737687737760924,0.1342784660897154,True,10,SMA_N200_th2_bL3_sL0,4
1997-12-17,2007-12-24,0.11402880668854665,0.4702553629624726,0.5345842674692214,0.06163795899736613,0.41253218275530407,0.4737687737760924,0.05239084769118052,True,10,SMA_N200_th2_bL3_sL0,4
1998-12-17,2008-12-23,0.05525744071849936,0.3425016244644713,0.5345842674692214,-0.01415919823058387,0.04876251293040151,0.5072237143228874,0.06941663894908323,True,10,SMA_N200_th2_bL3_sL0,4
1999-12-17,2009-12-23,0.0959663664256869,0.4476828869004844,0.5593236765133426,-0.005820959382251023,0.0887022268960443,0.5514127052677142,0.10178732580793792,True,10,SMA_N200_th2_bL3_sL0,4
2000-12-15,2010-12-23,0.12530249863616372,0.5444373857381898,0.5593236765133425,0.015245783399367996,0.16804007871150634,0.5514127052677141,0.11005671523679572,True,10,SMA_N200_th2_bL3_sL0,4
2001-12-21,2011-12-22,0.10878185027566545,0.4847606173785267,0.5593236765133425,0.029126940401384305,0.24308676130679438,0.5514127052677141,0.07965490987428114,True,10,SMA_N200_th2_bL3_sL0,4
2002-12-23,2012-12-26,0.1662317849169228,0.625692458037636,0.5593236765133426,0.06839417371007173,0.42305002819718623,0.5514127052677142,0.09783761120685108,True,10,SMA_N200_th2_bL3_sL0,4
2003-12-23,2013-12-26,0.1899335634307293,0.6860637070446434,0.5593236765133426,0.07546816740975926,0.45958732073225644,0.5514127052677141,0.11446539602097006,True,10,SMA_N200_th2_bL3_sL0,4
2004-12-23,2014-12-26,0.22423167083839135,0.7676671289042117,0.5593236765133426,0.07869376773640568,0.47437302119887576,0.5514127052677141,0.14553790310198567,True,10,SMA_N200_th2_bL3_sL0,4
2005-12-22,2015-12-28,0.17900144677766217,0.6564240758397724,0.5593236765133426,0.07220318309463214,0.44312126302346866,0.5514127052677141,0.10679826368303003,True,10,SMA_N200_th2_bL3_sL0,4
2006-12-22,2016-12-27,0.18340201189868544,0.6564743159038613,0.5593236765133426,0.07170785766692211,0.43349038297674664,0.5514127052677141,0.11169415423176332,True,10,SMA_N200_th2_bL3_sL0,4
2007-12-26,2017-12-27,0.2657186839804546,0.8912338267683171,0.3670695838390689,0.08325212445583285,0.4957802388306853,0.5331644741109138,0.18246655952462176,True,10,SMA_N200_th2_bL3_sL0,4
2008-12-24,2018-12-28,0.25747079629927816,0.8320139016601028,0.39125033263975895,0.13482871520012107,0.8535349457651878,0.27120125137024154,0.12264208109915709,True,10,SMA_N200_th2_bL3_sL0,4
2009-12-24,2019-12-30,0.24992077731807538,0.8265880937050971,0.41474227203749353,0.13417388667441887,0.9337157419672938,0.1931902934094168,0.11574689064365651,True,10,SMA_N200_th2_bL3_sL0,4
2010-12-27,2020-12-29,0.22584781289643652,0.7416713097446451,0.5756035213286744,0.1380867175501692,0.8392979135744216,0.33694113826202554,0.0877610953462673,True,10,SMA_N200_th2_bL3_sL0,4
2011-12-23,2021-12-29,0.33924958296023355,0.9735408249838087,0.5756035213286744,0.16549475670765523,1.0368553589863043,0.3369411382620256,0.17375482625257832,True,10,SMA_N200_th2_bL3_sL0,4
2012-12-27,2022-12-29,0.22941210129115763,0.7519276502512796,0.5756035213286743,0.1266884782473816,0.7724636871665684,0.3369411382620256,0.10272362304377602,True,10,SMA_N200_th2_bL3_sL0,4
2013-12-27,2024-01-02,0.17468087744315874,0.626217117643822,0.5756035213286744,0.12028040739025014,0.736416410531179,0.33694113826202554,0.0544004700529086,True,10,SMA_N200_th2_bL3_sL0,4
2014-12-29,2025-01-02,0.20170368715857911,0.6859626465585368,0.5756035213286743,0.12918792519388367,0.7792335951907536,0.33694113826202554,0.07251576196469545,True,10,SMA_N200_th2_bL3_sL0,4
2015-12-29,2026-01-06,0.2675883231552223,0.8402999714704777,0.5756035213286743,0.14806157038177026,0.8634213821134769,0.3369411382620256,0.11952675277345204,True,10,SMA_N200_th2_bL3_sL0,4
1986-01-03,2000-12-14,0.3309286043263673,0.9151741429760026,0.5036099071016354,0.16011857164710452,0.9501398766431252,0.3288565573843161,0.17081003267926276,True,15,SMA_N200_th2_bL3_sL0,4
1987-01-02,2001-12-20,0.3227710713299894,0.9117967920165215,0.5036099071016356,0.1344908960868736,0.8063308631518367,0.35446249243616573,0.1882801752431158,True,15,SMA_N200_th2_bL3_sL0,4
1987-12-31,2002-12-20,0.2732876498728394,0.8259885067581544,0.5087572993205276,0.11538586105559312,0.7210366793095082,0.47376877377609244,0.15790178881724626,True,15,SMA_N200_th2_bL3_sL0,4
1988-12-29,2003-12-22,0.3148464178600263,0.9109566044666565,0.5345842674692214,0.11960655931774866,0.7482070822280353,0.47376877377609244,0.19523985854227766,True,15,SMA_N200_th2_bL3_sL0,4
1989-12-28,2004-12-22,0.26228528491241754,0.8080551654279092,0.5345842674692215,0.10888478614950348,0.693520784936189,0.4737687737760924,0.15340049876291406,True,15,SMA_N200_th2_bL3_sL0,4
1990-12-27,2005-12-21,0.31850835672460187,0.9189578764430487,0.5345842674692215,0.115786535781909,0.7345066555805546,0.47376877377609244,0.20272182094269287,True,15,SMA_N200_th2_bL3_sL0,4
1991-12-26,2006-12-21,0.286934229482547,0.8707233983928357,0.5345842674692215,0.10800957578633241,0.7076466946608773,0.47376877377609244,0.17892465369621458,True,15,SMA_N200_th2_bL3_sL0,4
1992-12-23,2007-12-24,0.24875855980243355,0.7730514247108702,0.5345842674692214,0.10516481282549806,0.6762052837882725,0.47376877377609244,0.1435937469769355,True,15,SMA_N200_th2_bL3_sL0,4
1993-12-22,2008-12-23,0.21551878232545563,0.7120826634168341,0.5345842674692215,0.06077527876278688,0.39889340991359235,0.5072237143228875,0.15474350356266875,True,15,SMA_N200_th2_bL3_sL0,4
1994-12-21,2009-12-23,0.2688538937931857,0.8196693869506608,0.5593236765133426,0.08018436534592666,0.47787325842896483,0.5514127052677142,0.18866952844725904,True,15,SMA_N200_th2_bL3_sL0,4
1995-12-20,2010-12-23,0.20800716984403533,0.6750665799441387,0.5593236765133425,0.06861286685386592,0.4157864816555877,0.5514127052677141,0.13939430299016942,True,15,SMA_N200_th2_bL3_sL0,4
1996-12-18,2011-12-22,0.1519269657313591,0.5638176425318617,0.5593236765133425,0.055231925647602376,0.3581443833797024,0.5514127052677141,0.09669504008375673,True,15,SMA_N200_th2_bL3_sL0,4
1997-12-17,2012-12-26,0.12040900114382325,0.49098096455558443,0.5593236765133426,0.044986149802106246,0.3109420401130756,0.5514127052677142,0.075422851341717,True,15,SMA_N200_th2_bL3_sL0,4
1998-12-17,2013-12-26,0.15233326667423053,0.58488541919623,0.5593236765133426,0.04954903054066806,0.3413609016782043,0.5514127052677141,0.10278423613356247,True,15,SMA_N200_th2_bL3_sL0,4
1999-12-17,2014-12-26,0.1738480934878246,0.6441974383350245,0.5593236765133426,0.045648102504628696,0.32232951765145973,0.5514127052677142,0.1281999909831959,True,15,SMA_N200_th2_bL3_sL0,4
2000-12-15,2015-12-28,0.1679361689718637,0.6492183606773568,0.5593236765133425,0.051247340558888244,0.3423804390035003,0.5514127052677141,0.11668882841297545,True,15,SMA_N200_th2_bL3_sL0,4
2001-12-21,2016-12-27,0.18622815743273247,0.6880433201744943,0.5593236765133425,0.0679689827091301,0.4379267005301233,0.5514127052677141,0.11825917472360237,True,15,SMA_N200_th2_bL3_sL0,4
2002-12-23,2017-12-27,0.2439463030937159,0.8297756155037413,0.5593236765133426,0.09791500740335901,0.6032535516489724,0.5514127052677142,0.1460312956903569,True,15,SMA_N200_th2_bL3_sL0,4
2003-12-23,2018-12-28,0.17667655080886457,0.6554153530128243,0.5593236765133426,0.07823719711497179,0.5039213220577035,0.5514127052677141,0.09843935369389278,True,15,SMA_N200_th2_bL3_sL0,4
2004-12-23,2019-12-30,0.2035704559138949,0.7214980535722343,0.5593236765133426,0.09003082997077128,0.562287973559796,0.5514127052677141,0.11353962594312361,True,15,SMA_N200_th2_bL3_sL0,4
2005-12-22,2020-12-29,0.1841576320089462,0.6566784895752278,0.5756035213286743,0.09727196235353652,0.5645661957840065,0.5514127052677141,0.08688566965540967,True,15,SMA_N200_th2_bL3_sL0,4
2006-12-22,2021-12-29,0.2275432308261347,0.7434899829439441,0.5756035213286743,0.1076267045297501,0.6052824971355155,0.5514127052677141,0.1199165262963846,True,15,SMA_N200_th2_bL3_sL0,4
2007-12-26,2022-12-29,0.19565102497673403,0.684422582437537,0.5756035213286743,0.08699025482176448,0.5066774465071109,0.5331644741109138,0.10866077015496955,True,15,SMA_N200_th2_bL3_sL0,4
2008-12-24,2024-01-02,0.23768316604633277,0.7674038181521987,0.5756035213286744,0.14246258162626368,0.8288447389056053,0.3369411382620256,0.09522058442006909,True,15,SMA_N200_th2_bL3_sL0,4
2009-12-24,2025-01-02,0.24733522651831086,0.7920327059664286,0.5756035213286743,0.1380216324499144,0.8460478294587264,0.33694113826202554,0.10931359406839647,True,15,SMA_N200_th2_bL3_sL0,4
2010-12-27,2026-01-06,0.26696699527737877,0.838096914682321,0.5756035213286744,0.1418053987481449,0.8594633797056009,0.33694113826202554,0.12516159652923387,True,15,SMA_N200_th2_bL3_sL0,4
1986-01-03,2005-12-21,0.28109936613922915,0.8561655251803699,0.5345842674692214,0.11919975998259358,0.7302840213678852,0.4737687737760924,0.16189960615663557,True,20,SMA_N200_th2_bL3_sL0,4
1987-01-02,2006-12-21,0.2899583139316937,0.8775005784030047,0.5345842674692214,0.11620780928428243,0.7251172889080421,0.47376877377609244,0.17375050464741126,True,20,SMA_N200_th2_bL3_sL0,4
1987-12-31,2007-12-24,0.25455314741280954,0.7988522731943221,0.5345842674692214,0.11838262566526936,0.7693164721196109,0.47376877377609244,0.13617052174754019,True,20,SMA_N200_th2_bL3_sL0,4
1988-12-29,2008-12-23,0.23720478544756296,0.7701850631463749,0.5345842674692214,0.08083457711190123,0.5186138026731929,0.5072237143228875,0.15637020833566173,True,20,SMA_N200_th2_bL3_sL0,4
1989-12-28,2009-12-23,0.22327291805763627,0.7378874069378879,0.5593236765133426,0.08222866480616187,0.5118328205143172,0.5514127052677141,0.1410442532514744,True,20,SMA_N200_th2_bL3_sL0,4
1990-12-27,2010-12-23,0.2624461288622655,0.8157923872311893,0.5593236765133426,0.0912892667298899,0.5505300735059094,0.5514127052677142,0.17115686213237558,True,20,SMA_N200_th2_bL3_sL0,4
1991-12-26,2011-12-22,0.21650037236616937,0.7236988834729402,0.5593236765133426,0.07925127155798473,0.49156115326943495,0.5514127052677142,0.13724910080818464,True,20,SMA_N200_th2_bL3_sL0,4
1992-12-23,2012-12-26,0.2188226239604365,0.7190166349939535,0.5593236765133426,0.08122092786651991,0.49544794018246185,0.5514127052677141,0.1376016960939166,True,20,SMA_N200_th2_bL3_sL0,4
1993-12-22,2013-12-26,0.2533451249888421,0.7949091443407537,0.5593236765133426,0.0915993521008791,0.5455137644177719,0.5514127052677142,0.161745772887963,True,20,SMA_N200_th2_bL3_sL0,4
1994-12-21,2014-12-26,0.2878473486915256,0.8649857036176164,0.5593236765133426,0.09882214588825255,0.5796312192203977,0.5514127052677142,0.18902520280327306,True,20,SMA_N200_th2_bL3_sL0,4
1995-12-20,2015-12-28,0.22033619909197455,0.7107241953778124,0.5593236765133425,0.08294532303036317,0.4974720968119255,0.5514127052677141,0.13739087606161138,True,20,SMA_N200_th2_bL3_sL0,4
1996-12-18,2016-12-27,0.20024401406969972,0.6771542328090994,0.5593236765133425,0.0781870460035714,0.4796027175271344,0.5514127052677141,0.12205696806612831,True,20,SMA_N200_th2_bL3_sL0,4
1997-12-17,2017-12-27,0.18779284282861086,0.6611782471633343,0.5593236765133426,0.07249080249824891,0.4555942265844254,0.5514127052677142,0.11530204033036195,True,20,SMA_N200_th2_bL3_sL0,4
1998-12-17,2018-12-28,0.15190317375282691,0.5863829650264177,0.5593236765133426,0.0580092666137928,0.3938494223159738,0.5514127052677141,0.09389390713903412,True,20,SMA_N200_th2_bL3_sL0,4
1999-12-17,2019-12-30,0.1712026062364267,0.6398137861471511,0.5593236765133426,0.06211027860439855,0.4142398760975171,0.5514127052677142,0.10909232763202814,True,20,SMA_N200_th2_bL3_sL0,4
2000-12-15,2020-12-29,0.17453080017033562,0.6497009417428269,0.5756035213286744,0.07491908915708612,0.45951084451023266,0.5514127052677141,0.0996117110132495,True,20,SMA_N200_th2_bL3_sL0,4
2001-12-21,2021-12-29,0.21853154399558883,0.7458894649935929,0.5756035213286744,0.09565847054814469,0.5722270476299536,0.5514127052677141,0.12287307344744414,True,20,SMA_N200_th2_bL3_sL0,4
2002-12-23,2022-12-29,0.19711965429192535,0.6907070788162288,0.5756035213286743,0.0970606564669605,0.5803484040095279,0.5514127052677142,0.10005899782496486,True,20,SMA_N200_th2_bL3_sL0,4
2003-12-23,2024-01-02,0.1822321238384219,0.6543313375025234,0.5756035213286744,0.09762254974036666,0.5860340568237379,0.5514127052677141,0.08460957409805525,True,20,SMA_N200_th2_bL3_sL0,4
2004-12-23,2025-01-02,0.21311129052645295,0.7243306936114977,0.5756035213286743,0.10370480888295397,0.6142303164351571,0.5514127052677141,0.10940648164349898,True,20,SMA_N200_th2_bL3_sL0,4
2005-12-22,2026-01-06,0.2243705400354501,0.7510254928493512,0.5756035213286743,0.11005071264687638,0.6372328952998759,0.5514127052677141,0.11431982738857371,True,20,SMA_N200_th2_bL3_sL0,4
1986-01-03,1990-12-26,0.16449174600461403,0.7404290777043264,0.3791229044855552,0.13133116095848751,0.7266559953203099,0.3288565573843161,0.03316058504612651,True,5,EMA_N100_th5_bL2_sL0,5
1987-01-02,1991-12-24,0.2392540214122807,1.0042508065875249,0.37912290448555513,0.13812892271730326,0.7770002094103399,0.328856557384316,0.10112509869497743,True,5,EMA_N100_th5_bL2_sL0,5
1987-12-31,1992-12-22,0.22644340058619639,1.0076282850283,0.21074741944230066,0.1597665028455073,1.1097658644211132,0.19183356941998955,0.06667689774068908,True,5,EMA_N100_th5_bL2_sL0,5
1988-12-29,1993-12-21,0.2472355077075794,1.1040630833747584,0.21074741944230055,0.14188814149307016,1.1249140197770626,0.19183356941998964,0.10534736621450924,True,5,EMA_N100_th5_bL2_sL0,5
1989-12-28,1994-12-20,0.10573032207575306,0.6124354584090743,0.21074741944230066,0.0861594758495241,0.7489912048937678,0.19183356941998958,0.019570846226228955,True,5,EMA_N100_th5_bL2_sL0,5
1990-12-27,1995-12-19,0.2384670682609662,1.2348847155275904,0.17220339646424135,0.16463347955803043,1.4752054797759762,0.08522360788061661,0.07383358870293577,True,5,EMA_N100_th5_bL2_sL0,5
1991-12-26,1996-12-17,0.23409565587833248,1.250959289631618,0.17220339646424135,0.15292725034399135,1.4647052524634705,0.08522360788061664,0.08116840553434113,True,5,EMA_N100_th5_bL2_sL0,5
1992-12-23,1997-12-16,0.3264305720754479,1.2802428633020264,0.21787390199436066,0.19901352989005816,1.4690901794494986,0.11198356632803617,0.12741704218538974,True,5,EMA_N100_th5_bL2_sL0,5
1993-12-22,1998-12-16,0.33483694372481265,1.2117918673623127,0.25420580027108225,0.22440696844455887,1.3716142651793786,0.19020871622272723,0.11042997528025378,True,5,EMA_N100_th5_bL2_sL0,5
1994-12-21,1999-12-16,0.4108415021435543,1.2701934180391117,0.2542058002710822,0.2736922813406599,1.5113288230200046,0.19020871622272728,0.13714922080289438,True,5,EMA_N100_th5_bL2_sL0,5
1995-12-20,2000-12-14,0.2692726504643552,0.8426062430944394,0.3078174913791354,0.18942922862489198,0.9703971362558814,0.19020871622272711,0.07984342183946325,True,5,EMA_N100_th5_bL2_sL0,5
1996-12-18,2001-12-20,0.17395372813213905,0.6576677171011661,0.3078174913791354,0.10817681647414967,0.5947752299604295,0.3544624924361658,0.06577691165798938,True,5,EMA_N100_th5_bL2_sL0,5
1997-12-17,2002-12-20,0.054693487697815124,0.3227517757030926,0.30781749137913533,-0.00035264247384625413,0.10732082288912685,0.4737687737760924,0.05504613017166138,True,5,EMA_N100_th5_bL2_sL0,5
1998-12-17,2003-12-22,0.07975325563337532,0.4490705821888365,0.30846703988950663,-0.0005397138115567079,0.12056454641120017,0.4737687737760924,0.08029296944493203,True,5,EMA_N100_th5_bL2_sL0,5
1999-12-17,2004-12-22,0.09573046120782647,0.5227230705978599,0.24578410282715557,-0.017573962863435155,0.024301372517773208,0.4737687737760924,0.11330442407126162,True,5,EMA_N100_th5_bL2_sL0,5
2000-12-15,2005-12-21,0.14261681386591296,0.8808607700241808,0.15339222034851568,0.009523895832712626,0.11906864949639658,0.4193113902856809,0.13309291803320034,True,5,EMA_N100_th5_bL2_sL0,5
2001-12-21,2006-12-21,0.20179958633447814,1.0642894176528033,0.15339222034851568,0.061890896861365174,0.45960169601177236,0.32931991735010696,0.13990868947311297,True,5,EMA_N100_th5_bL2_sL0,5
2002-12-23,2007-12-24,0.1984604606430751,0.9004151819674819,0.1953824905210264,0.12745025953416667,0.9816150785432407,0.13713155595240378,0.07101020110890843,True,5,EMA_N100_th5_bL2_sL0,5
2003-12-23,2008-12-23,0.11639858772992562,0.6326735360815273,0.1953824905210263,-0.027729034994333213,-0.024193482970366165,0.5072237143228874,0.14412762272425883,True,5,EMA_N100_th5_bL2_sL0,5
2004-12-23,2009-12-23,0.16440119011633914,0.786605749072121,0.24694182213960061,0.005917133826857102,0.1448257067685854,0.5514127052677141,0.15848405628948203,True,5,EMA_N100_th5_bL2_sL0,5
2005-12-22,2010-12-23,0.1551276631314371,0.7369273867955449,0.24694182213960056,0.019944713130480407,0.20762707237751302,0.5514127052677141,0.1351829500009567,True,5,EMA_N100_th5_bL2_sL0,5
2006-12-22,2011-12-22,0.07253958228254498,0.39138048544928167,0.3705438101070526,-0.0013731664564993196,0.12260927466610279,0.5514127052677141,0.0739127487390443,True,5,EMA_N100_th5_bL2_sL0,5
2007-12-26,2012-12-26,0.13185523497863216,0.6216054289584358,0.37054381010705256,0.01204987692797066,0.17805295960250486,0.5331644741109138,0.1198053580506615,True,5,EMA_N100_th5_bL2_sL0,5
2008-12-24,2013-12-26,0.26097106413656457,0.9969334781684165,0.37054381010705256,0.1883095353357942,0.9997514863834135,0.27120125137024154,0.07266152880077037,True,5,EMA_N100_th5_bL2_sL0,5
2009-12-24,2014-12-26,0.221256199523874,0.9205552596458502,0.37054381010705256,0.1557113270721573,0.997609617169241,0.18576371244549406,0.0655448724517167,True,5,EMA_N100_th5_bL2_sL0,5
2010-12-27,2015-12-28,0.18069398243171353,0.8011474165510672,0.3705438101070525,0.12711096084552387,0.8579995392521074,0.185763712445494,0.05358302158618966,True,5,EMA_N100_th5_bL2_sL0,5
2011-12-23,2016-12-27,0.23611805779752237,1.129044410394116,0.19763407370872751,0.14815208712142192,1.1557655728398548,0.1297146274250496,0.08796597067610046,True,5,EMA_N100_th5_bL2_sL0,5
2012-12-27,2017-12-27,0.2642732465475275,1.3411028183175033,0.19763407370872763,0.15984789530313792,1.304000521155299,0.1297146274250495,0.10442535124438956,True,5,EMA_N100_th5_bL2_sL0,5
2013-12-27,2018-12-28,0.13074281355534745,0.7173490897697603,0.1976340737087276,0.08387471154798298,0.6768723291654465,0.19319029340941687,0.046868102007364465,True,5,EMA_N100_th5_bL2_sL0,5
2014-12-29,2019-12-30,0.12564825303771898,0.7012770604465822,0.24259779224049083,0.11284922955954468,0.8653433591374201,0.19319029340941685,0.012799023478174298,True,5,EMA_N100_th5_bL2_sL0,5
2015-12-29,2020-12-29,0.2037038110645435,0.9287393142569537,0.26110508334089294,0.14684718378343553,0.8322751309705982,0.3369411382620256,0.05685662728110796,True,5,EMA_N100_th5_bL2_sL0,5
2016-12-28,2021-12-29,0.30819436161330893,1.1876711342204718,0.26110508334089294,0.18520952154848147,0.9873871726812262,0.33694113826202565,0.12298484006482746,True,5,EMA_N100_th5_bL2_sL0,5
2017-12-28,2022-12-29,0.09401814804065856,0.47948929440743226,0.4017588342269009,0.09412973739812336,0.5278053558306166,0.3369411382620256,-0.00011158935746480303,False,5,EMA_N100_th5_bL2_sL0,5
2018-12-31,2024-01-02,0.16339754096425407,0.7210901170029015,0.4762523148182948,0.15599293612904175,0.8047850802686117,0.33694113826202554,0.007404604835212325,True,5,EMA_N100_th5_bL2_sL0,5
2019-12-31,2025-01-02,0.20431728653248626,0.8457810294400536,0.4762523148182947,0.14531985507554634,0.7545210211256641,0.3369411382620256,0.05899743145693992,True,5,EMA_N100_th5_bL2_sL0,5
2020-12-30,2026-01-06,0.19128424710675418,0.8599060901282854,0.4762523148182948,0.1490744525961183,0.90004962009299,0.24441874976840103,0.04220979451063589,True,5,EMA_N100_th5_bL2_sL0,5
1986-01-03,1995-12-19,0.20082265948246847,0.9445636098737313,0.3791229044855552,0.14692497615128453,0.9460487277838104,0.3288565573843161,0.05389768333118394,True,10,EMA_N100_th5_bL2_sL0,5
1987-01-02,1996-12-17,0.23996360184838927,1.0966680132055397,0.37912290448555513,0.14702699777073036,0.9659603955567658,0.328856557384316,0.09293660407765891,True,10,EMA_N100_th5_bL2_sL0,5
1987-12-31,1997-12-16,0.27461466981881943,1.1474876159056213,0.2178739019943608,0.17881951074524727,1.279023645493094,0.19183356941998955,0.09579515907357217,True,10,EMA_N100_th5_bL2_sL0,5
1988-12-29,1998-12-16,0.29188405338272627,1.1580552627084781,0.25420580027108225,0.18314271565548568,1.2541090049463974,0.19183356941998964,0.1087413377272406,True,10,EMA_N100_th5_bL2_sL0,5
1989-12-28,1999-12-16,0.2488934526303539,0.9886210473497157,0.25420580027108225,0.1773609147247006,1.1771667156668573,0.19183356941998958,0.07153253790565328,True,10,EMA_N100_th5_bL2_sL0,5
1990-12-27,2000-12-14,0.25120622697080663,0.936120307925272,0.3078174913791355,0.1757442376900613,1.0990673314525914,0.1902087162227272,0.07546198928074532,True,10,EMA_N100_th5_bL2_sL0,5
1991-12-26,2001-12-20,0.20545169830321575,0.8376617688481149,0.30781749137913544,0.13116887104663966,0.8274015620134825,0.3544624924361658,0.07428282725657609,True,10,EMA_N100_th5_bL2_sL0,5
1992-12-23,2002-12-20,0.1814799546733148,0.7646922877467266,0.3078174913791354,0.09419870541686581,0.5783671554403454,0.47376877377609244,0.08728124925644898,True,10,EMA_N100_th5_bL2_sL0,5
1993-12-22,2003-12-22,0.20422718094564707,0.8381095134274156,0.3084670398895067,0.10793989253576086,0.6382113652627169,0.4737687737760924,0.09628728840988621,True,10,EMA_N100_th5_bL2_sL0,5
1994-12-21,2004-12-22,0.24481552667156037,0.9404339096664386,0.30846703988950663,0.11928410631638697,0.6927876320525749,0.4737687737760924,0.1255314203551734,True,10,EMA_N100_th5_bL2_sL0,5
1995-12-20,2005-12-21,0.2041919477724985,0.8052308574725984,0.30846703988950663,0.09325786245396572,0.5570344213552254,0.47376877377609244,0.11093408531853277,True,10,EMA_N100_th5_bL2_sL0,5
1996-12-18,2006-12-21,0.18771391244206215,0.7762814692099994,0.3084670398895066,0.08540631140487931,0.5314529109947129,0.4737687737760924,0.10230760103718284,True,10,EMA_N100_th5_bL2_sL0,5
1997-12-17,2007-12-24,0.12422901815428711,0.5804506049984604,0.30846703988950663,0.06163795899736613,0.41253218275530407,0.4737687737760924,0.06259105915692098,True,10,EMA_N100_th5_bL2_sL0,5
1998-12-17,2008-12-23,0.09801915822263241,0.5278533363434549,0.30846703988950663,-0.01415919823058387,0.04876251293040151,0.5072237143228874,0.11217835645321628,True,10,EMA_N100_th5_bL2_sL0,5
1999-12-17,2009-12-23,0.12965446519406898,0.6535139128384981,0.2469418221396005,-0.005820959382251023,0.0887022268960443,0.5514127052677142,0.13547542457632,True,10,EMA_N100_th5_bL2_sL0,5
2000-12-15,2010-12-23,0.14998656016951117,0.7849912550337688,0.24694182213960048,0.015245783399367996,0.16804007871150634,0.5514127052677141,0.13474077677014318,True,10,EMA_N100_th5_bL2_sL0,5
2001-12-21,2011-12-22,0.13386766924116156,0.6684078299465873,0.37054381010705256,0.029126940401384305,0.24308676130679438,0.5514127052677141,0.10474072883977725,True,10,EMA_N100_th5_bL2_sL0,5
2002-12-23,2012-12-26,0.16461133840067954,0.754965285008383,0.37054381010705256,0.06839417371007173,0.42305002819718623,0.5514127052677142,0.09621716469060781,True,10,EMA_N100_th5_bL2_sL0,5
2003-12-23,2013-12-26,0.18640431833524018,0.8310041206768762,0.37054381010705256,0.07546816740975926,0.45958732073225644,0.5514127052677141,0.11093615092548093,True,10,EMA_N100_th5_bL2_sL0,5
2004-12-23,2014-12-26,0.1935276982036891,0.8560044333160588,0.3705438101070526,0.07869376773640568,0.47437302119887576,0.5514127052677141,0.11483393046728341,True,10,EMA_N100_th5_bL2_sL0,5
2005-12-22,2015-12-28,0.16785839811017778,0.7694819930889113,0.37054381010705256,0.07220318309463214,0.44312126302346866,0.5514127052677141,0.09565521501554564,True,10,EMA_N100_th5_bL2_sL0,5
2006-12-22,2016-12-27,0.15340297351182852,0.7188826138305872,0.3705438101070526,0.07170785766692211,0.43349038297674664,0.5514127052677141,0.08169511584490641,True,10,EMA_N100_th5_bL2_sL0,5
2007-12-26,2017-12-27,0.19582348696085528,0.921192297954901,0.37054381010705256,0.08325212445583285,0.4957802388306853,0.5331644741109138,0.11257136250502242,True,10,EMA_N100_th5_bL2_sL0,5
2008-12-24,2018-12-28,0.19398221575285945,0.8682686247830796,0.37054381010705256,0.13482871520012107,0.8535349457651878,0.27120125137024154,0.05915350055273838,True,10,EMA_N100_th5_bL2_sL0,5
2009-12-24,2019-12-30,0.17271523968380564,0.8181883955115568,0.37054381010705256,0.13417388667441887,0.9337157419672938,0.1931902934094168,0.03854135300938677,True,10,EMA_N100_th5_bL2_sL0,5
2010-12-27,2020-12-29,0.19206020931075907,0.862068432291352,0.3705438101070525,0.1380867175501692,0.8392979135744216,0.33694113826202554,0.05397349176058985,True,10,EMA_N100_th5_bL2_sL0,5
2011-12-23,2021-12-29,0.2694020966208066,1.1565845642623571,0.261105083340893,0.16549475670765523,1.0368553589863043,0.3369411382620256,0.10390733991315138,True,10,EMA_N100_th5_bL2_sL0,5
2012-12-27,2022-12-29,0.17647277878130896,0.8284778583707899,0.40175883422690084,0.1266884782473816,0.7724636871665684,0.3369411382620256,0.04978430053392735,True,10,EMA_N100_th5_bL2_sL0,5
2013-12-27,2024-01-02,0.14689154251240022,0.7139216621703643,0.4762523148182948,0.12028040739025014,0.736416410531179,0.33694113826202554,0.026611135122150076,True,10,EMA_N100_th5_bL2_sL0,5
2014-12-29,2025-01-02,0.16480936785140865,0.7760272718976327,0.4762523148182948,0.12918792519388367,0.7792335951907536,0.33694113826202554,0.03562144265752498,True,10,EMA_N100_th5_bL2_sL0,5
2015-12-29,2026-01-06,0.19773004105657477,0.8934905918047262,0.4762523148182947,0.14806157038177026,0.8634213821134769,0.3369411382620256,0.04966847067480451,True,10,EMA_N100_th5_bL2_sL0,5
1986-01-03,2000-12-14,0.22154972565431286,0.8748365546821659,0.3791229044855552,0.16011857164710452,0.9501398766431252,0.3288565573843161,0.06143115400720833,True,15,EMA_N100_th5_bL2_sL0,5
1987-01-02,2001-12-20,0.21877520463533728,0.8902939518310128,0.37912290448555513,0.1344908960868736,0.8063308631518367,0.35446249243616573,0.0842843085484637,True,15,EMA_N100_th5_bL2_sL0,5
1987-12-31,2002-12-20,0.1957708588143603,0.836652315476231,0.30781749137913533,0.11538586105559312,0.7210366793095082,0.47376877377609244,0.08038499775876717,True,15,EMA_N100_th5_bL2_sL0,5
1988-12-29,2003-12-22,0.21941191313906616,0.9151752581035585,0.3084670398895066,0.11960655931774866,0.7482070822280353,0.47376877377609244,0.0998053538213175,True,15,EMA_N100_th5_bL2_sL0,5
1989-12-28,2004-12-22,0.19656689073807065,0.8442830433143584,0.3084670398895067,0.10888478614950348,0.693520784936189,0.4737687737760924,0.08768210458856718,True,15,EMA_N100_th5_bL2_sL0,5
1990-12-27,2005-12-21,0.21385646409962744,0.9014128120382157,0.3084670398895067,0.115786535781909,0.7345066555805546,0.47376877377609244,0.09806992831771844,True,15,EMA_N100_th5_bL2_sL0,5
1991-12-26,2006-12-21,0.2041741983683687,0.8858225106865916,0.3084670398895067,0.10800957578633241,0.7076466946608773,0.47376877377609244,0.09616462258203629,True,15,EMA_N100_th5_bL2_sL0,5
1992-12-23,2007-12-24,0.18705784672101777,0.8046672968257789,0.3084670398895066,0.10516481282549806,0.6762052837882725,0.47376877377609244,0.08189303389551972,True,15,EMA_N100_th5_bL2_sL0,5
1993-12-22,2008-12-23,0.17426441252788516,0.7755349787099366,0.3084670398895067,0.06077527876278688,0.39889340991359235,0.5072237143228875,0.11348913376509828,True,15,EMA_N100_th5_bL2_sL0,5
1994-12-21,2009-12-23,0.21747423773889807,0.8920706623600966,0.30846703988950663,0.08018436534592666,0.47787325842896483,0.5514127052677142,0.1372898723929714,True,15,EMA_N100_th5_bL2_sL0,5
1995-12-20,2010-12-23,0.18838326840457698,0.7827864522114106,0.30846703988950663,0.06861286685386592,0.4157864816555877,0.5514127052677141,0.11977040155071106,True,15,EMA_N100_th5_bL2_sL0,5
1996-12-18,2011-12-22,0.14703008166716236,0.6519173599484445,0.3705438101070526,0.055231925647602376,0.3581443833797024,0.5514127052677141,0.09179815601955998,True,15,EMA_N100_th5_bL2_sL0,5
1997-12-17,2012-12-26,0.12672910630513345,0.5938402971823319,0.37054381010705256,0.044986149802106246,0.3109420401130756,0.5514127052677142,0.08174295650302721,True,15,EMA_N100_th5_bL2_sL0,5
1998-12-17,2013-12-26,0.1497947049224544,0.6967371211440451,0.3705438101070526,0.04954903054066806,0.3413609016782043,0.5514127052677141,0.10024567438178633,True,15,EMA_N100_th5_bL2_sL0,5
1999-12-17,2014-12-26,0.1600714824091356,0.7479924813962465,0.3705438101070526,0.045648102504628696,0.32232951765145973,0.5514127052677142,0.1144233799045069,True,15,EMA_N100_th5_bL2_sL0,5
2000-12-15,2015-12-28,0.16014353644328527,0.7880543101215375,0.37054381010705256,0.051247340558888244,0.3423804390035003,0.5514127052677141,0.10889619588439703,True,15,EMA_N100_th5_bL2_sL0,5
2001-12-21,2016-12-27,0.1682961216921095,0.8140277314829402,0.37054381010705256,0.0679689827091301,0.4379267005301233,0.5514127052677141,0.1003271389829794,True,15,EMA_N100_th5_bL2_sL0,5
2002-12-23,2017-12-27,0.19664473723309195,0.9138611361825435,0.37054381010705256,0.09791500740335901,0.6032535516489724,0.5514127052677142,0.09872972982973294,True,15,EMA_N100_th5_bL2_sL0,5
2003-12-23,2018-12-28,0.1674987846807301,0.7947553135147204,0.37054381010705256,0.07823719711497179,0.5039213220577035,0.5514127052677141,0.0892615875657583,True,15,EMA_N100_th5_bL2_sL0,5
2004-12-23,2019-12-30,0.17062255350674782,0.807697023964787,0.3705438101070526,0.09003082997077128,0.562287973559796,0.5514127052677141,0.08059172353597654,True,15,EMA_N100_th5_bL2_sL0,5
2005-12-22,2020-12-29,0.17963193584493942,0.8203630816991395,0.37054381010705256,0.09727196235353652,0.5645661957840065,0.5514127052677141,0.0823599734914029,True,15,EMA_N100_th5_bL2_sL0,5
2006-12-22,2021-12-29,0.20143930851821912,0.8809429188452271,0.3705438101070526,0.1076267045297501,0.6052824971355155,0.5514127052677141,0.09381260398846902,True,15,EMA_N100_th5_bL2_sL0,5
2007-12-26,2022-12-29,0.16115594019849744,0.7544655104788495,0.40175883422690084,0.08699025482176448,0.5066774465071109,0.5331644741109138,0.07416568537673296,True,15,EMA_N100_th5_bL2_sL0,5
2008-12-24,2024-01-02,0.18364889995330524,0.8160894651572257,0.4762523148182948,0.14246258162626368,0.8288447389056053,0.3369411382620256,0.04118631832704156,True,15,EMA_N100_th5_bL2_sL0,5
2009-12-24,2025-01-02,0.18348067110043842,0.8263915197298853,0.4762523148182948,0.1380216324499144,0.8460478294587264,0.33694113826202554,0.04545903865052403,True,15,EMA_N100_th5_bL2_sL0,5
2010-12-27,2026-01-06,0.19197031687163135,0.8613469897602369,0.4762523148182948,0.1418053987481449,0.8594633797056009,0.33694113826202554,0.050164918123486446,True,15,EMA_N100_th5_bL2_sL0,5
1986-01-03,2005-12-21,0.20128370403749574,0.8614384332963121,0.3791229044855552,0.11919975998259358,0.7302840213678852,0.4737687737760924,0.08208394405490216,True,20,EMA_N100_th5_bL2_sL0,5
1987-01-02,2006-12-21,0.21446380265029497,0.915935089262139,0.37912290448555513,0.11620780928428243,0.7251172889080421,0.47376877377609244,0.09825599336601254,True,20,EMA_N100_th5_bL2_sL0,5
1987-12-31,2007-12-24,0.19639984201064098,0.8509807625414757,0.3084670398895065,0.11838262566526936,0.7693164721196109,0.47376877377609244,0.07801721634537162,True,20,EMA_N100_th5_bL2_sL0,5
1988-12-29,2008-12-23,0.19284306437275966,0.8515075625996184,0.3084670398895066,0.08083457711190123,0.5186138026731929,0.5072237143228875,0.11200848726085844,True,20,EMA_N100_th5_bL2_sL0,5
1989-12-28,2009-12-23,0.18849238462275042,0.8301649111371863,0.3084670398895067,0.08222866480616187,0.5118328205143172,0.5514127052677141,0.10626371981658855,True,20,EMA_N100_th5_bL2_sL0,5
1990-12-27,2010-12-23,0.199485910791233,0.8616933973634578,0.3084670398895067,0.0912892667298899,0.5505300735059094,0.5514127052677142,0.1081966440613431,True,20,EMA_N100_th5_bL2_sL0,5
1991-12-26,2011-12-22,0.16907568101423553,0.7575148405039547,0.3705438101070526,0.07925127155798473,0.49156115326943495,0.5514127052677142,0.08982440945625081,True,20,EMA_N100_th5_bL2_sL0,5
1992-12-23,2012-12-26,0.17297817734999454,0.7592902012662707,0.37054381010705256,0.08122092786651991,0.49544794018246185,0.5514127052677141,0.09175724948347463,True,20,EMA_N100_th5_bL2_sL0,5
1993-12-22,2013-12-26,0.19531468350490866,0.8337395282499994,0.3705438101070526,0.0915993521008791,0.5455137644177719,0.5514127052677142,0.10371533140402955,True,20,EMA_N100_th5_bL2_sL0,5
1994-12-21,2014-12-26,0.21894300916346943,0.8990988664143595,0.37054381010705256,0.09882214588825255,0.5796312192203977,0.5514127052677142,0.12012086327521687,True,20,EMA_N100_th5_bL2_sL0,5
1995-12-20,2015-12-28,0.18646221118414275,0.7867700498564543,0.3705438101070526,0.08294532303036317,0.4974720968119255,0.5514127052677141,0.10351688815377957,True,20,EMA_N100_th5_bL2_sL0,5
1996-12-18,2016-12-27,0.16967101440419152,0.7477481544524948,0.3705438101070526,0.0781870460035714,0.4796027175271344,0.5514127052677141,0.09148396840062012,True,20,EMA_N100_th5_bL2_sL0,5
1997-12-17,2017-12-27,0.15943974127997906,0.735758085383427,0.37054381010705256,0.07249080249824891,0.4555942265844254,0.5514127052677142,0.08694893878173016,True,20,EMA_N100_th5_bL2_sL0,5
1998-12-17,2018-12-28,0.14496501860437072,0.6983315813866016,0.3705438101070526,0.0580092666137928,0.3938494223159738,0.5514127052677141,0.08695575199057792,True,20,EMA_N100_th5_bL2_sL0,5
1999-12-17,2019-12-30,0.15149221862429796,0.7357230118625955,0.3705438101070526,0.06211027860439855,0.4142398760975171,0.5514127052677142,0.08938194001989941,True,20,EMA_N100_th5_bL2_sL0,5
2000-12-15,2020-12-29,0.17084260521616046,0.8241519163666563,0.37054381010705256,0.07491908915708612,0.45951084451023266,0.5514127052677141,0.09592351605907434,True,20,EMA_N100_th5_bL2_sL0,5
2001-12-21,2021-12-29,0.20074113803915994,0.9148019751657558,0.37054381010705256,0.09565847054814469,0.5722270476299536,0.5514127052677141,0.10508266749101525,True,20,EMA_N100_th5_bL2_sL0,5
2002-12-23,2022-12-29,0.17033156116423465,0.7904167041254118,0.40175883422690084,0.0970606564669605,0.5803484040095279,0.5514127052677142,0.07327090469727415,True,20,EMA_N100_th5_bL2_sL0,5
2003-12-23,2024-01-02,0.1664368826049727,0.7736810959295077,0.4762523148182948,0.09762254974036666,0.5860340568237379,0.5514127052677141,0.06881433286460603,True,20,EMA_N100_th5_bL2_sL0,5
2004-12-23,2025-01-02,0.17919899240812365,0.8166209362175769,0.4762523148182948,0.10370480888295397,0.6142303164351571,0.5514127052677141,0.07549418352516968,True,20,EMA_N100_th5_bL2_sL0,5
2005-12-22,2026-01-06,0.18266053069860577,0.830257730126367,0.4762523148182947,0.11005071264687638,0.6372328952998759,0.5514127052677141,0.07260981805172939,True,20,EMA_N100_th5_bL2_sL0,5
1986-01-03,1990-12-26,0.2420419854804079,0.7815842399889785,0.47631806907363383,0.13133116095848751,0.7266559953203099,0.3288565573843161,0.11071082452192038,True,5,SMA_N150_th5_bL3_sL0,6
1987-01-02,1991-12-24,0.36022578174534936,1.0265087386171454,0.4763180690736338,0.13812892271730326,0.7770002094103399,0.328856557384316,0.2220968590280461,True,5,SMA_N150_th5_bL3_sL0,6
1987-12-31,1992-12-22,0.34517002340802994,1.0312146688124857,0.33856675040134515,0.1597665028455073,1.1097658644211132,0.19183356941998955,0.18540352056252263,True,5,SMA_N150_th5_bL3_sL0,6
1988-12-29,1993-12-21,0.3571260820931228,1.0826343866163837,0.33856675040134515,0.14188814149307016,1.1249140197770626,0.19183356941998964,0.21523794060005264,True,5,SMA_N150_th5_bL3_sL0,6
1989-12-28,1994-12-20,0.17274959885754426,0.6638227767746976,0.3385667504013452,0.0861594758495241,0.7489912048937678,0.19183356941998958,0.08659012300802016,True,5,SMA_N150_th5_bL3_sL0,6
1990-12-27,1995-12-19,0.4782985726093185,1.4191670431524932,0.2413608345437585,0.16463347955803043,1.4752054797759762,0.08522360788061661,0.3136650930512881,True,5,SMA_N150_th5_bL3_sL0,6
1991-12-26,1996-12-17,0.4705341912606773,1.4338377351638607,0.24136083454375856,0.15292725034399135,1.4647052524634705,0.08522360788061664,0.31760694091668595,True,5,SMA_N150_th5_bL3_sL0,6
1992-12-23,1997-12-16,0.6231068105498356,1.4444977372310028,0.31678883010342984,0.19901352989005816,1.4690901794494986,0.11198356632803617,0.42409328065977747,True,5,SMA_N150_th5_bL3_sL0,6
1993-12-22,1998-12-16,0.6070571991996114,1.3397405514830838,0.38890485573003825,0.22440696844455887,1.3716142651793786,0.19020871622272723,0.38265023075505256,True,5,SMA_N150_th5_bL3_sL0,6
1994-12-21,1999-12-16,0.6680382440045973,1.3488286697662932,0.3889048557300382,0.2736922813406599,1.5113288230200046,0.19020871622272728,0.3943459626639374,True,5,SMA_N150_th5_bL3_sL0,6
1995-12-20,2000-12-14,0.3503140479516358,0.8236696470560609,0.44513157186439933,0.18942922862489198,0.9703971362558814,0.19020871622272711,0.1608848193267438,True,5,SMA_N150_th5_bL3_sL0,6
1996-12-18,2001-12-20,0.20592345180071958,0.6355626848497545,0.4451315718643992,0.10817681647414967,0.5947752299604295,0.3544624924361658,0.09774663532656991,True,5,SMA_N150_th5_bL3_sL0,6
1997-12-17,2002-12-20,-0.029189802184428792,0.13834014031350203,0.5942689334025263,-0.00035264247384625413,0.10732082288912685,0.4737687737760924,-0.02883715971058254,False,5,SMA_N150_th5_bL3_sL0,6
1998-12-17,2003-12-22,0.024033373812729186,0.28191412925412546,0.6203411224075823,-0.0005397138115567079,0.12056454641120017,0.4737687737760924,0.024573087624285894,True,5,SMA_N150_th5_bL3_sL0,6
1999-12-17,2004-12-22,0.05364471874968291,0.3352434964813982,0.5474960005867193,-0.017573962863435155,0.024301372517773208,0.4737687737760924,0.07121868161311806,True,5,SMA_N150_th5_bL3_sL0,6
2000-12-15,2005-12-21,0.13258947238301566,0.603664976929492,0.3326443029075763,0.009523895832712626,0.11906864949639658,0.4193113902856809,0.12306557655030304,True,5,SMA_N150_th5_bL3_sL0,6
2001-12-21,2006-12-21,0.21919281955228365,0.8173420033302208,0.3326443029075763,0.061890896861365174,0.45960169601177236,0.32931991735010696,0.15730192269091847,True,5,SMA_N150_th5_bL3_sL0,6
2002-12-23,2007-12-24,0.29649980380704055,0.9278160250521507,0.27066154228653544,0.12745025953416667,0.9816150785432407,0.13713155595240378,0.1690495442728739,True,5,SMA_N150_th5_bL3_sL0,6
2003-12-23,2008-12-23,0.16889786300680631,0.6590442492542795,0.27066154228653544,-0.027729034994333213,-0.024193482970366165,0.5072237143228874,0.19662689800113953,True,5,SMA_N150_th5_bL3_sL0,6
2004-12-23,2009-12-23,0.24129911772642898,0.8110009278180363,0.3476723578740727,0.005917133826857102,0.1448257067685854,0.5514127052677141,0.23538198389957188,True,5,SMA_N150_th5_bL3_sL0,6
2005-12-22,2010-12-23,0.19564178590847847,0.6835801425420213,0.39439300398502136,0.019944713130480407,0.20762707237751302,0.5514127052677141,0.17569707277799806,True,5,SMA_N150_th5_bL3_sL0,6
2006-12-22,2011-12-22,0.08573018728719495,0.39910049177109924,0.3943930039850214,-0.0013731664564993196,0.12260927466610279,0.5514127052677141,0.08710335374369427,True,5,SMA_N150_th5_bL3_sL0,6
2007-12-26,2012-12-26,0.15384442728918524,0.5809935005141065,0.39439300398502136,0.01204987692797066,0.17805295960250486,0.5331644741109138,0.14179455036121458,True,5,SMA_N150_th5_bL3_sL0,6
2008-12-24,2013-12-26,0.3528497906179442,0.9757960583473024,0.39439300398502136,0.1883095353357942,0.9997514863834135,0.27120125137024154,0.16454025528215,True,5,SMA_N150_th5_bL3_sL0,6
2009-12-24,2014-12-26,0.2933651549528522,0.8976736893539312,0.3943930039850214,0.1557113270721573,0.997609617169241,0.18576371244549406,0.1376538278806949,True,5,SMA_N150_th5_bL3_sL0,6
2010-12-27,2015-12-28,0.22814981563751013,0.7721258152659036,0.3461181625644549,0.12711096084552387,0.8579995392521074,0.185763712445494,0.10103885479198627,True,5,SMA_N150_th5_bL3_sL0,6
2011-12-23,2016-12-27,0.3308940334568573,1.0305121512635373,0.39605207074977683,0.14815208712142192,1.1557655728398548,0.1297146274250496,0.1827419463354354,True,5,SMA_N150_th5_bL3_sL0,6
2012-12-27,2017-12-27,0.39897696443064823,1.2668571455491746,0.3960520707497767,0.15984789530313792,1.304000521155299,0.1297146274250495,0.2391290691275103,True,5,SMA_N150_th5_bL3_sL0,6
2013-12-27,2018-12-28,0.1722710265842975,0.6470823426586821,0.3960520707497767,0.08387471154798298,0.6768723291654465,0.19319029340941687,0.08839631503631451,True,5,SMA_N150_th5_bL3_sL0,6
2014-12-29,2019-12-30,0.16229720635991662,0.6274316738750998,0.3960520707497767,0.11284922955954468,0.8653433591374201,0.19319029340941685,0.04944797680037194,True,5,SMA_N150_th5_bL3_sL0,6
2015-12-29,2020-12-29,0.2084263877079593,0.6850159755173019,0.585802168191534,0.14684718378343553,0.8322751309705982,0.3369411382620256,0.06157920392452376,True,5,SMA_N150_th5_bL3_sL0,6
2016-12-28,2021-12-29,0.33780649095592374,0.9062162950098801,0.585802168191534,0.18520952154848147,0.9873871726812262,0.33694113826202565,0.15259696940744227,True,5,SMA_N150_th5_bL3_sL0,6
2017-12-28,2022-12-29,0.10413216841542972,0.45501752824710234,0.585802168191534,0.09412973739812336,0.5278053558306166,0.3369411382620256,0.010002431017306357,True,5,SMA_N150_th5_bL3_sL0,6
2018-12-31,2024-01-02,0.221620891463451,0.7098378256084839,0.585802168191534,0.15599293612904175,0.8047850802686117,0.33694113826202554,0.06562795533440924,True,5,SMA_N150_th5_bL3_sL0,6
2019-12-31,2025-01-02,0.2876006335807735,0.8352731627767257,0.585802168191534,0.14531985507554634,0.7545210211256641,0.3369411382620256,0.14228077850522713,True,5,SMA_N150_th5_bL3_sL0,6
2020-12-30,2026-01-06,0.339365534493963,1.0132341751480063,0.4482000067386812,0.1490744525961183,0.90004962009299,0.24441874976840103,0.19029108189784472,True,5,SMA_N150_th5_bL3_sL0,6
1986-01-03,1995-12-19,0.3548675323609818,1.0713557590920926,0.47631806907363383,0.14692497615128453,0.9460487277838104,0.3288565573843161,0.20794255620969726,True,10,SMA_N150_th5_bL3_sL0,6
1987-01-02,1996-12-17,0.41990253544787626,1.2015342116712984,0.4763180690736338,0.14702699777073036,0.9659603955567658,0.328856557384316,0.2728755376771459,True,10,SMA_N150_th5_bL3_sL0,6
1987-12-31,1997-12-16,0.47613948480874435,1.2471609218545248,0.33856675040134515,0.17881951074524727,1.279023645493094,0.19183356941998955,0.2973199740634971,True,10,SMA_N150_th5_bL3_sL0,6
1988-12-29,1998-12-16,0.47953480084712075,1.2178141180954347,0.38890485573003825,0.18314271565548568,1.2541090049463974,0.19183356941998964,0.29639208519163507,True,10,SMA_N150_th5_bL3_sL0,6
1989-12-28,1999-12-16,0.4028381303228108,1.050297402546691,0.38890485573003825,0.1773609147247006,1.1771667156668573,0.19183356941998958,0.22547721559811018,True,10,SMA_N150_th5_bL3_sL0,6
1990-12-27,2000-12-14,0.4084961922748571,1.0098551305572447,0.4451315718643993,0.1757442376900613,1.0990673314525914,0.1902087162227272,0.2327519545847958,True,10,SMA_N150_th5_bL3_sL0,6
1991-12-26,2001-12-20,0.33465089432962447,0.9146520046556188,0.4451315718643992,0.13116887104663966,0.8274015620134825,0.3544624924361658,0.20348202328298481,True,10,SMA_N150_th5_bL3_sL0,6
1992-12-23,2002-12-20,0.2532146026539335,0.7563732350305323,0.5942689334025263,0.09419870541686581,0.5783671554403454,0.47376877377609244,0.15901589723706766,True,10,SMA_N150_th5_bL3_sL0,6
1993-12-22,2003-12-22,0.28872481710772413,0.8274650609701227,0.6203411224075823,0.10793989253576086,0.6382113652627169,0.4737687737760924,0.18078492457196327,True,10,SMA_N150_th5_bL3_sL0,6
1994-12-21,2004-12-22,0.3280885682189234,0.9011886926266779,0.6203411224075823,0.11928410631638697,0.6927876320525749,0.4737687737760924,0.20880446190253643,True,10,SMA_N150_th5_bL3_sL0,6
1995-12-20,2005-12-21,0.23656522795516066,0.7117143872364315,0.6203411224075822,0.09325786245396572,0.5570344213552254,0.47376877377609244,0.14330736550119494,True,10,SMA_N150_th5_bL3_sL0,6
1996-12-18,2006-12-21,0.21244722182088616,0.6813772160759478,0.6203411224075822,0.08540631140487931,0.5314529109947129,0.4737687737760924,0.12704091041600685,True,10,SMA_N150_th5_bL3_sL0,6
1997-12-17,2007-12-24,0.1218468217454729,0.486978076289276,0.6203411224075823,0.06163795899736613,0.41253218275530407,0.4737687737760924,0.06020886274810677,True,10,SMA_N150_th5_bL3_sL0,6
1998-12-17,2008-12-23,0.0942380569182355,0.4440261805407856,0.6203411224075823,-0.01415919823058387,0.04876251293040151,0.5072237143228874,0.10839725514881937,True,10,SMA_N150_th5_bL3_sL0,6
1999-12-17,2009-12-23,0.14382114406789293,0.5668605986033084,0.5474960005867193,-0.005820959382251023,0.0887022268960443,0.5514127052677142,0.14964210345014395,True,10,SMA_N150_th5_bL3_sL0,6
2000-12-15,2010-12-23,0.16543166439369394,0.6419707732480252,0.39439300398502136,0.015245783399367996,0.16804007871150634,0.5514127052677141,0.15018588099432595,True,10,SMA_N150_th5_bL3_sL0,6
2001-12-21,2011-12-22,0.14832187681304476,0.5815573326476361,0.39439300398502136,0.029126940401384305,0.24308676130679438,0.5514127052677141,0.11919493641166046,True,10,SMA_N150_th5_bL3_sL0,6
2002-12-23,2012-12-26,0.22299628008038752,0.7512105000903345,0.39439300398502125,0.06839417371007173,0.42305002819718623,0.5514127052677142,0.1546021063703158,True,10,SMA_N150_th5_bL3_sL0,6
2003-12-23,2013-12-26,0.2574003205166526,0.8296284100793856,0.39439300398502136,0.07546816740975926,0.45958732073225644,0.5514127052677141,0.18193215310689337,True,10,SMA_N150_th5_bL3_sL0,6
2004-12-23,2014-12-26,0.26873109579216914,0.8553536992678954,0.39439300398502136,0.07869376773640568,0.47437302119887576,0.5514127052677141,0.19003732805576345,True,10,SMA_N150_th5_bL3_sL0,6
2005-12-22,2015-12-28,0.21183589501542932,0.7263856826325835,0.39439300398502136,0.07220318309463214,0.44312126302346866,0.5514127052677141,0.13963271192079718,True,10,SMA_N150_th5_bL3_sL0,6
2006-12-22,2016-12-27,0.20199030183956457,0.6961067503930363,0.3960520707497767,0.07170785766692211,0.43349038297674664,0.5514127052677141,0.13028244417264245,True,10,SMA_N150_th5_bL3_sL0,6
2007-12-26,2017-12-27,0.2698762958128047,0.8914023525715191,0.3960520707497768,0.08325212445583285,0.4957802388306853,0.5331644741109138,0.18662417135697185,True,10,SMA_N150_th5_bL3_sL0,6
2008-12-24,2018-12-28,0.2591886828831538,0.8215381931994601,0.3960520707497768,0.13482871520012107,0.8535349457651878,0.27120125137024154,0.1243599676830327,True,10,SMA_N150_th5_bL3_sL0,6
2009-12-24,2019-12-30,0.22647196926801882,0.7684931524600604,0.3960520707497768,0.13417388667441887,0.9337157419672938,0.1931902934094168,0.09229808259359995,True,10,SMA_N150_th5_bL3_sL0,6
2010-12-27,2020-12-29,0.2181527167464692,0.724122660640963,0.585802168191534,0.1380867175501692,0.8392979135744216,0.33694113826202554,0.08006599919629998,True,10,SMA_N150_th5_bL3_sL0,6
2011-12-23,2021-12-29,0.3308426223234704,0.9558981620879398,0.585802168191534,0.16549475670765523,1.0368553589863043,0.3369411382620256,0.16534786561581516,True,10,SMA_N150_th5_bL3_sL0,6
2012-12-27,2022-12-29,0.24349640876720668,0.7859640233422954,0.5858021681915339,0.1266884782473816,0.7724636871665684,0.3369411382620256,0.11680793051982508,True,10,SMA_N150_th5_bL3_sL0,6
2013-12-27,2024-01-02,0.19660629605930047,0.6786442751288877,0.585802168191534,0.12028040739025014,0.736416410531179,0.33694113826202554,0.07632588866905032,True,10,SMA_N150_th5_bL3_sL0,6
2014-12-29,2025-01-02,0.2241334865189486,0.7381472269057102,0.585802168191534,0.12918792519388367,0.7792335951907536,0.33694113826202554,0.09494556132506493,True,10,SMA_N150_th5_bL3_sL0,6
2015-12-29,2026-01-06,0.2726312451470163,0.8385079935779308,0.585802168191534,0.14806157038177026,0.8634213821134769,0.3369411382620256,0.12456967476524605,True,10,SMA_N150_th5_bL3_sL0,6
1986-01-03,2000-12-14,0.35057741283373156,0.9393166145608476,0.47631806907363383,0.16011857164710452,0.9501398766431252,0.3288565573843161,0.19045884118662704,True,15,SMA_N150_th5_bL3_sL0,6
1987-01-02,2001-12-20,0.3466792190487138,0.9491821462951612,0.4763180690736338,0.1344908960868736,0.8063308631518367,0.35446249243616573,0.2121883229618402,True,15,SMA_N150_th5_bL3_sL0,6
1987-12-31,2002-12-20,0.2823298129162153,0.8358171371554658,0.5942689334025263,0.11538586105559312,0.7210366793095082,0.47376877377609244,0.16694395186062216,True,15,SMA_N150_th5_bL3_sL0,6
1988-12-29,2003-12-22,0.31277842276193035,0.898696726177296,0.6203411224075823,0.11960655931774866,0.7482070822280353,0.47376877377609244,0.1931718634441817,True,15,SMA_N150_th5_bL3_sL0,6
1989-12-28,2004-12-22,0.2767418549184961,0.82931825083323,0.6203411224075822,0.10888478614950348,0.693520784936189,0.4737687737760924,0.16785706876899265,True,15,SMA_N150_th5_bL3_sL0,6
1990-12-27,2005-12-21,0.3097004134434036,0.8949458212226414,0.6203411224075823,0.115786535781909,0.7345066555805546,0.47376877377609244,0.1939138776614946,True,15,SMA_N150_th5_bL3_sL0,6
1991-12-26,2006-12-21,0.29492021493184084,0.8792922858205144,0.6203411224075822,0.10800957578633241,0.7076466946608773,0.47376877377609244,0.18691063914550843,True,15,SMA_N150_th5_bL3_sL0,6
1992-12-23,2007-12-24,0.2673967092909353,0.8047272050024048,0.6203411224075822,0.10516481282549806,0.6762052837882725,0.47376877377609244,0.16223189646543723,True,15,SMA_N150_th5_bL3_sL0,6
1993-12-22,2008-12-23,0.24757104664823482,0.7751570265793688,0.6203411224075823,0.06077527876278688,0.39889340991359235,0.5072237143228875,0.18679576788544794,True,15,SMA_N150_th5_bL3_sL0,6
1994-12-21,2009-12-23,0.2986138414494206,0.871305175465415,0.6203411224075823,0.08018436534592666,0.47787325842896483,0.5514127052677142,0.21842947610349395,True,15,SMA_N150_th5_bL3_sL0,6
1995-12-20,2010-12-23,0.2239788947604724,0.7017342140029778,0.6203411224075822,0.06861286685386592,0.4157864816555877,0.5514127052677141,0.15536602790660647,True,15,SMA_N150_th5_bL3_sL0,6
1996-12-18,2011-12-22,0.16715722353095686,0.5930012099426558,0.6203411224075822,0.055231925647602376,0.3581443833797024,0.5514127052677141,0.11192529788335448,True,15,SMA_N150_th5_bL3_sL0,6
1997-12-17,2012-12-26,0.13237279103421784,0.5161137507670336,0.6203411224075823,0.044986149802106246,0.3109420401130756,0.5514127052677142,0.0873866412321116,True,15,SMA_N150_th5_bL3_sL0,6
1998-12-17,2013-12-26,0.17435066737420257,0.6302349676973451,0.6203411224075823,0.04954903054066806,0.3413609016782043,0.5514127052677141,0.12480163683353451,True,15,SMA_N150_th5_bL3_sL0,6
1999-12-17,2014-12-26,0.19269285208109488,0.6805609186150692,0.5474960005867193,0.045648102504628696,0.32232951765145973,0.5514127052677142,0.14704474957646618,True,15,SMA_N150_th5_bL3_sL0,6
2000-12-15,2015-12-28,0.1860068226472451,0.6871847863163886,0.39439300398502136,0.051247340558888244,0.3423804390035003,0.5514127052677141,0.13475948208835686,True,15,SMA_N150_th5_bL3_sL0,6
2001-12-21,2016-12-27,0.20613629534006495,0.7298961873791994,0.3960520707497768,0.0679689827091301,0.4379267005301233,0.5514127052677141,0.13816731263093485,True,15,SMA_N150_th5_bL3_sL0,6
2002-12-23,2017-12-27,0.2786039715355213,0.9037001778725456,0.39605207074977683,0.09791500740335901,0.6032535516489724,0.5514127052677142,0.1806889641321623,True,15,SMA_N150_th5_bL3_sL0,6
2003-12-23,2018-12-28,0.22828347970183538,0.7707656741979588,0.39605207074977666,0.07823719711497179,0.5039213220577035,0.5514127052677141,0.1500462825868636,True,15,SMA_N150_th5_bL3_sL0,6
2004-12-23,2019-12-30,0.23248183301020453,0.7823574100832913,0.3960520707497767,0.09003082997077128,0.562287973559796,0.5514127052677141,0.14245100303943325,True,15,SMA_N150_th5_bL3_sL0,6
2005-12-22,2020-12-29,0.21063737257301351,0.7107327031583323,0.585802168191534,0.09727196235353652,0.5645661957840065,0.5514127052677141,0.11336541021947699,True,15,SMA_N150_th5_bL3_sL0,6
2006-12-22,2021-12-29,0.24348682427842694,0.771465855450751,0.5858021681915341,0.1076267045297501,0.6052824971355155,0.5514127052677141,0.13586011974867684,True,15,SMA_N150_th5_bL3_sL0,6
2007-12-26,2022-12-29,0.21248209955863517,0.7183467911524208,0.585802168191534,0.08699025482176448,0.5066774465071109,0.5331644741109138,0.1254918447368707,True,15,SMA_N150_th5_bL3_sL0,6
2008-12-24,2024-01-02,0.24647008341379273,0.7813308033474958,0.585802168191534,0.14246258162626368,0.8288447389056053,0.3369411382620256,0.10400750178752904,True,15,SMA_N150_th5_bL3_sL0,6
2009-12-24,2025-01-02,0.2470422310336695,0.7908822022197887,0.585802168191534,0.1380216324499144,0.8460478294587264,0.33694113826202554,0.10902059858375512,True,15,SMA_N150_th5_bL3_sL0,6
2010-12-27,2026-01-06,0.2575555829247931,0.8169731056340467,0.585802168191534,0.1418053987481449,0.8594633797056009,0.33694113826202554,0.11575018417664817,True,15,SMA_N150_th5_bL3_sL0,6
1986-01-03,2005-12-21,0.29238889682514646,0.8675484230155603,0.6203411224075822,0.11919975998259358,0.7302840213678852,0.4737687737760924,0.17318913684255288,True,20,SMA_N150_th5_bL3_sL0,6
1987-01-02,2006-12-21,0.3135511645189668,0.9162446508709818,0.6203411224075823,0.11620780928428243,0.7251172889080421,0.47376877377609244,0.19734335523468438,True,20,SMA_N150_th5_bL3_sL0,6
1987-12-31,2007-12-24,0.2857921654050619,0.8556525098934594,0.6203411224075823,0.11838262566526936,0.7693164721196109,0.47376877377609244,0.16740953973979256,True,20,SMA_N150_th5_bL3_sL0,6
1988-12-29,2008-12-23,0.2753011248078452,0.8447177967596295,0.6203411224075823,0.08083457711190123,0.5186138026731929,0.5072237143228875,0.19446654769594396,True,20,SMA_N150_th5_bL3_sL0,6
1989-12-28,2009-12-23,0.26787125744894213,0.8238680676477597,0.6203411224075822,0.08222866480616187,0.5118328205143172,0.5514127052677141,0.18564259264278027,True,20,SMA_N150_th5_bL3_sL0,6
1990-12-27,2010-12-23,0.28114972512547265,0.8441051642248949,0.6203411224075823,0.0912892667298899,0.5505300735059094,0.5514127052677142,0.18986045839558274,True,20,SMA_N150_th5_bL3_sL0,6
1991-12-26,2011-12-22,0.2379333432280064,0.7614367908941785,0.6203411224075822,0.07925127155798473,0.49156115326943495,0.5514127052677142,0.15868207167002168,True,20,SMA_N150_th5_bL3_sL0,6
1992-12-23,2012-12-26,0.23796079111898716,0.7517849751043908,0.6203411224075822,0.08122092786651991,0.49544794018246185,0.5514127052677141,0.15673986325246725,True,20,SMA_N150_th5_bL3_sL0,6
1993-12-22,2013-12-26,0.2730253705289587,0.8258025703814486,0.6203411224075823,0.0915993521008791,0.5455137644177719,0.5514127052677142,0.1814260184280796,True,20,SMA_N150_th5_bL3_sL0,6
1994-12-21,2014-12-26,0.29814673854988993,0.8771763621028998,0.6203411224075823,0.09882214588825255,0.5796312192203977,0.5514127052677142,0.19932459266163738,True,20,SMA_N150_th5_bL3_sL0,6
1995-12-20,2015-12-28,0.22504205350080686,0.7159798468229386,0.6203411224075822,0.08294532303036317,0.4974720968119255,0.5514127052677141,0.1420967304704437,True,20,SMA_N150_th5_bL3_sL0,6
1996-12-18,2016-12-27,0.20603825402474074,0.6860642988369556,0.6203411224075822,0.0781870460035714,0.4796027175271344,0.5514127052677141,0.12785120802116934,True,20,SMA_N150_th5_bL3_sL0,6
1997-12-17,2017-12-27,0.1935269741115433,0.6703009869798902,0.6203411224075823,0.07249080249824891,0.4555942265844254,0.5514127052677142,0.12103617161329439,True,20,SMA_N150_th5_bL3_sL0,6
1998-12-17,2018-12-28,0.1737821504013044,0.6335441114362185,0.6203411224075823,0.0580092666137928,0.3938494223159738,0.5514127052677141,0.1157728837875116,True,20,SMA_N150_th5_bL3_sL0,6
1999-12-17,2019-12-30,0.18522013622760247,0.6676674568941149,0.5474960005867193,0.06211027860439855,0.4142398760975171,0.5514127052677142,0.12310985762320392,True,20,SMA_N150_th5_bL3_sL0,6
2000-12-15,2020-12-29,0.19152875422252258,0.6841943741149704,0.585802168191534,0.07491908915708612,0.45951084451023266,0.5514127052677141,0.11660966506543646,True,20,SMA_N150_th5_bL3_sL0,6
2001-12-21,2021-12-29,0.23616628221869362,0.7776913920034577,0.585802168191534,0.09565847054814469,0.5722270476299536,0.5514127052677141,0.14050781167054893,True,20,SMA_N150_th5_bL3_sL0,6
2002-12-23,2022-12-29,0.23290234675668864,0.7687691193186064,0.585802168191534,0.0970606564669605,0.5803484040095279,0.5514127052677142,0.13584169028972815,True,20,SMA_N150_th5_bL3_sL0,6
2003-12-23,2024-01-02,0.22656537543792266,0.752604128733744,0.585802168191534,0.09762254974036666,0.5860340568237379,0.5514127052677141,0.128942825697556,True,20,SMA_N150_th5_bL3_sL0,6
2004-12-23,2025-01-02,0.2464274028660669,0.7951067112251385,0.585802168191534,0.10370480888295397,0.6142303164351571,0.5514127052677141,0.14272259398311293,True,20,SMA_N150_th5_bL3_sL0,6
2005-12-22,2026-01-06,0.2418082133791517,0.7836130474744044,0.585802168191534,0.11005071264687638,0.6372328952998759,0.5514127052677141,0.13175750073227532,True,20,SMA_N150_th5_bL3_sL0,6
1986-01-03,1990-12-26,0.1699775515234918,0.7707949139305909,0.34251073640112406,0.13133116095848751,0.7266559953203099,0.3288565573843161,0.038646390565004296,True,5,SMA_N150_th5_bL2_sL0,7
1987-01-02,1991-12-24,0.2444191158028084,1.0149152868386202,0.342510736401124,0.13812892271730326,0.7770002094103399,0.328856557384316,0.10629019308550514,True,5,SMA_N150_th5_bL2_sL0,7
1987-12-31,1992-12-22,0.2315551015120869,1.0184806155328745,0.23904758371484183,0.1597665028455073,1.1097658644211132,0.19183356941998955,0.0717885986665796,True,5,SMA_N150_th5_bL2_sL0,7
1988-12-29,1993-12-21,0.23815280276946682,1.0689672756137965,0.23904758371484183,0.14188814149307016,1.1249140197770626,0.19183356941998964,0.09626466127639666,True,5,SMA_N150_th5_bL2_sL0,7
1989-12-28,1994-12-20,0.12173867869462707,0.6494874017372175,0.23904758371484183,0.0861594758495241,0.7489912048937678,0.19183356941998958,0.035579202845102964,True,5,SMA_N150_th5_bL2_sL0,7
1990-12-27,1995-12-19,0.3074266096208551,1.4036000675014608,0.16653525765246255,0.16463347955803043,1.4752054797759762,0.08522360788061661,0.14279313006282468,True,5,SMA_N150_th5_bL2_sL0,7
1991-12-26,1996-12-17,0.3028117910139252,1.4184039765140481,0.16653525765246244,0.15292725034399135,1.4647052524634705,0.08522360788061664,0.14988454066993384,True,5,SMA_N150_th5_bL2_sL0,7
1992-12-23,1997-12-16,0.40028804171693033,1.4322015161217485,0.21787390199436066,0.19901352989005816,1.4690901794494986,0.11198356632803617,0.20127451182687217,True,5,SMA_N150_th5_bL2_sL0,7
1993-12-22,1998-12-16,0.39607013550309667,1.32828885473292,0.2749507692346232,0.22440696844455887,1.3716142651793786,0.19020871622272723,0.1716631670585378,True,5,SMA_N150_th5_bL2_sL0,7
1994-12-21,1999-12-16,0.4365272046914408,1.3377969103493113,0.2749507692346234,0.2736922813406599,1.5113288230200046,0.19020871622272728,0.16283492335078087,True,5,SMA_N150_th5_bL2_sL0,7
1995-12-20,2000-12-14,0.2563090167725539,0.8140049241334478,0.31103178117810426,0.18942922862489198,0.9703971362558814,0.19020871622272711,0.06687978814766193,True,5,SMA_N150_th5_bL2_sL0,7
1996-12-18,2001-12-20,0.16196362805627107,0.6272690429191966,0.3110317811781042,0.10817681647414967,0.5947752299604295,0.3544624924361658,0.0537868115821214,True,5,SMA_N150_th5_bL2_sL0,7
1997-12-17,2002-12-20,-0.0016389079259513384,0.12993821038540138,0.4241347122523834,-0.00035264247384625413,0.10732082288912685,0.4737687737760924,-0.0012862654521050843,False,5,SMA_N150_th5_bL2_sL0,7
1998-12-17,2003-12-22,0.03166748516633433,0.2735528295345201,0.4492335205700451,-0.0005397138115567079,0.12056454641120017,0.4737687737760924,0.03220719897789104,True,5,SMA_N150_th5_bL2_sL0,7
1999-12-17,2004-12-22,0.047908983772655844,0.3265049065726132,0.3965077049151762,-0.017573962863435155,0.024301372517773208,0.4737687737760924,0.065482946636091,True,5,SMA_N150_th5_bL2_sL0,7
2000-12-15,2005-12-21,0.09274905339395856,0.5918020657343437,0.23471597554384527,0.009523895832712626,0.11906864949639658,0.4193113902856809,0.08322515756124593,True,5,SMA_N150_th5_bL2_sL0,7
2001-12-21,2006-12-21,0.1493488844199391,0.8035416267716319,0.23471597554384527,0.061890896861365174,0.45960169601177236,0.32931991735010696,0.08745798755857392,True,5,SMA_N150_th5_bL2_sL0,7
2002-12-23,2007-12-24,0.20114785060949347,0.9142036064799086,0.18632792927752675,0.12745025953416667,0.9816150785432407,0.13713155595240378,0.07369759107532681,True,5,SMA_N150_th5_bL2_sL0,7
2003-12-23,2008-12-23,0.11890196473877501,0.6465579662736732,0.18632792927752662,-0.027729034994333213,-0.024193482970366165,0.5072237143228874,0.14663099973310822,True,5,SMA_N150_th5_bL2_sL0,7
2004-12-23,2009-12-23,0.1670122066479358,0.8000350910254854,0.23846747089689593,0.005917133826857102,0.1448257067685854,0.5514127052677141,0.1610950728210787,True,5,SMA_N150_th5_bL2_sL0,7
2005-12-22,2010-12-23,0.1405254832078422,0.6734613779824112,0.27663089463943646,0.019944713130480407,0.20762707237751302,0.5514127052677141,0.12058077007736179,True,5,SMA_N150_th5_bL2_sL0,7
2006-12-22,2011-12-22,0.07037260291895442,0.3897359696766124,0.2766308946394365,-0.0013731664564993196,0.12260927466610279,0.5514127052677141,0.07174576937545374,True,5,SMA_N150_th5_bL2_sL0,7
2007-12-26,2012-12-26,0.1133328000621765,0.5711424191044996,0.27663089463943646,0.01204987692797066,0.17805295960250486,0.5331644741109138,0.10128292313420584,True,5,SMA_N150_th5_bL2_sL0,7
2008-12-24,2013-12-26,0.24033569156840673,0.9642071774488584,0.27663089463943646,0.1883095353357942,0.9997514863834135,0.27120125137024154,0.05202615623261253,True,5,SMA_N150_th5_bL2_sL0,7
2009-12-24,2014-12-26,0.20127074752176677,0.8848540117905866,0.2766308946394365,0.1557113270721573,0.997609617169241,0.18576371244549406,0.04555942044960948,True,5,SMA_N150_th5_bL2_sL0,7
2010-12-27,2015-12-28,0.15878522847909227,0.7588822425687614,0.23809328877438932,0.12711096084552387,0.8579995392521074,0.185763712445494,0.0316742676335684,True,5,SMA_N150_th5_bL2_sL0,7
2011-12-23,2016-12-27,0.22122714959692402,1.016596233636147,0.2801654119642223,0.14815208712142192,1.1557655728398548,0.1297146274250496,0.0730750624755021,True,5,SMA_N150_th5_bL2_sL0,7
2012-12-27,2017-12-27,0.2599524082818738,1.2518249378778972,0.2801654119642223,0.15984789530313792,1.304000521155299,0.1297146274250495,0.1001045129787359,True,5,SMA_N150_th5_bL2_sL0,7
2013-12-27,2018-12-28,0.12242255968383264,0.63325060473065,0.28016541196422223,0.08387471154798298,0.6768723291654465,0.19319029340941687,0.03854784813584966,True,5,SMA_N150_th5_bL2_sL0,7
2014-12-29,2019-12-30,0.11583643311188974,0.6137114151540842,0.2801654119642224,0.11284922955954468,0.8653433591374201,0.19319029340941685,0.0029872035523450524,True,5,SMA_N150_th5_bL2_sL0,7
2015-12-29,2020-12-29,0.15156508596936114,0.6728500420379742,0.43219752908014714,0.14684718378343553,0.8322751309705982,0.3369411382620256,0.004717902185925604,True,5,SMA_N150_th5_bL2_sL0,7
2016-12-28,2021-12-29,0.2344163479191197,0.8942504091914618,0.4321975290801471,0.18520952154848147,0.9873871726812262,0.33694113826202565,0.049206826370638224,True,5,SMA_N150_th5_bL2_sL0,7
2017-12-28,2022-12-29,0.08686004815350024,0.4448169673072007,0.4321975290801471,0.09412973739812336,0.5278053558306166,0.3369411382620256,-0.007269689244623123,False,5,SMA_N150_th5_bL2_sL0,7
2018-12-31,2024-01-02,0.16037371456560634,0.6991403666699046,0.43219752908014714,0.15599293612904175,0.8047850802686117,0.33694113826202554,0.004380778436564592,True,5,SMA_N150_th5_bL2_sL0,7
2019-12-31,2025-01-02,0.2028331148997884,0.8246098531962714,0.4321975290801471,0.14531985507554634,0.7545210211256641,0.3369411382620256,0.05751325982424205,True,5,SMA_N150_th5_bL2_sL0,7
2020-12-30,2026-01-06,0.22853056285999207,1.0008616102899925,0.32262069879493055,0.1490744525961183,0.90004962009299,0.24441874976840103,0.07945611026387378,True,5,SMA_N150_th5_bL2_sL0,7
1986-01-03,1995-12-19,0.23668981438730086,1.058364948697538,0.34251073640112406,0.14692497615128453,0.9460487277838104,0.3288565573843161,0.08976483823601633,True,10,SMA_N150_th5_bL2_sL0,7
1987-01-02,1996-12-17,0.276654864150345,1.1882656299914527,0.342510736401124,0.14702699777073036,0.9659603955567658,0.328856557384316,0.12962786637961465,True,10,SMA_N150_th5_bL2_sL0,7
1987-12-31,1997-12-16,0.31233127788257864,1.234673951269531,0.23904758371484183,0.17881951074524727,1.279023645493094,0.19183356941998955,0.13351176713733137,True,10,SMA_N150_th5_bL2_sL0,7
1988-12-29,1998-12-16,0.3163540074842901,1.2054547993580207,0.27495076923462325,0.18314271565548568,1.2541090049463974,0.19183356941998964,0.13321129182880442,True,10,SMA_N150_th5_bL2_sL0,7
1989-12-28,1999-12-16,0.27195670167345454,1.0381074714533776,0.2749507692346234,0.1773609147247006,1.1771667156668573,0.19183356941998958,0.09459578694875392,True,10,SMA_N150_th5_bL2_sL0,7
1990-12-27,2000-12-14,0.2789757694693651,0.9983747315145504,0.31103178117810426,0.1757442376900613,1.0990673314525914,0.1902087162227272,0.10323153177930378,True,10,SMA_N150_th5_bL2_sL0,7
1991-12-26,2001-12-20,0.23220575486432637,0.9039094245824774,0.31103178117810426,0.13116887104663966,0.8274015620134825,0.3544624924361658,0.10103688381768672,True,10,SMA_N150_th5_bL2_sL0,7
1992-12-23,2002-12-20,0.1810642891497718,0.7460895698784324,0.4241347122523835,0.09419870541686581,0.5783671554403454,0.47376877377609244,0.08686558373290598,True,10,SMA_N150_th5_bL2_sL0,7
1993-12-22,2003-12-22,0.20380351254598228,0.8174802749062977,0.44923352057004506,0.10793989253576086,0.6382113652627169,0.4737687737760924,0.09586362001022142,True,10,SMA_N150_th5_bL2_sL0,7
1994-12-21,2004-12-22,0.22838644813189046,0.8912399635194204,0.449233520570045,0.11928410631638697,0.6927876320525749,0.4737687737760924,0.10910234181550349,True,10,SMA_N150_th5_bL2_sL0,7
1995-12-20,2005-12-21,0.17160479945426865,0.7018554050842684,0.4492335205700451,0.09325786245396572,0.5570344213552254,0.47376877377609244,0.07834693700030293,True,10,SMA_N150_th5_bL2_sL0,7
1996-12-18,2006-12-21,0.1555726832169626,0.6713569110478564,0.449233520570045,0.08540631140487931,0.5314529109947129,0.4737687737760924,0.0701663718120833,True,10,SMA_N150_th5_bL2_sL0,7
1997-12-17,2007-12-24,0.09503096478701023,0.4763027690034097,0.44923352057004506,0.06163795899736613,0.41253218275530407,0.4737687737760924,0.033393005789644103,True,10,SMA_N150_th5_bL2_sL0,7
1998-12-17,2008-12-23,0.0745030220451206,0.43392064284245724,0.4492335205700451,-0.01415919823058387,0.04876251293040151,0.5072237143228874,0.08866222027570447,True,10,SMA_N150_th5_bL2_sL0,7
1999-12-17,2009-12-23,0.10597566254952251,0.5570341247735717,0.3965077049151762,-0.005820959382251023,0.0887022268960443,0.5514127052677142,0.11179662193177353,True,10,SMA_N150_th5_bL2_sL0,7
2000-12-15,2010-12-23,0.11749381185784569,0.6312507310378489,0.2766308946394365,0.015245783399367996,0.16804007871150634,0.5514127052677141,0.10224802845847769,True,10,SMA_N150_th5_bL2_sL0,7
2001-12-21,2011-12-22,0.10773820712591609,0.5702674777336076,0.2766308946394365,0.029126940401384305,0.24308676130679438,0.5514127052677141,0.07861126672453178,True,10,SMA_N150_th5_bL2_sL0,7
2002-12-23,2012-12-26,0.15634035522624656,0.7395028141712026,0.2766308946394364,0.06839417371007173,0.42305002819718623,0.5514127052677142,0.08794618151617484,True,10,SMA_N150_th5_bL2_sL0,7
2003-12-23,2013-12-26,0.1779785630369093,0.8177146128412747,0.2766308946394365,0.07546816740975926,0.45958732073225644,0.5514127052677141,0.10251039562715003,True,10,SMA_N150_th5_bL2_sL0,7
2004-12-23,2014-12-26,0.1850513531909237,0.843435634430894,0.27663089463943646,0.07869376773640568,0.47437302119887576,0.5514127052677141,0.10635758545451801,True,10,SMA_N150_th5_bL2_sL0,7
2005-12-22,2015-12-28,0.14964354213481856,0.7147582429121818,0.27663089463943646,0.07220318309463214,0.44312126302346866,0.5514127052677141,0.07744035904018642,True,10,SMA_N150_th5_bL2_sL0,7
2006-12-22,2016-12-27,0.14325372943281045,0.6845972661300727,0.28016541196422223,0.07170785766692211,0.43349038297674664,0.5514127052677141,0.07154587176588834,True,10,SMA_N150_th5_bL2_sL0,7
2007-12-26,2017-12-27,0.1839747846170694,0.8792268064868516,0.2801654119642222,0.08325212445583285,0.4957802388306853,0.5331644741109138,0.10072266016123654,True,10,SMA_N150_th5_bL2_sL0,7
2008-12-24,2018-12-28,0.1798132047243941,0.8089474830086922,0.2801654119642222,0.13482871520012107,0.8535349457651878,0.27120125137024154,0.04498448952427303,True,10,SMA_N150_th5_bL2_sL0,7
2009-12-24,2019-12-30,0.1580057716685026,0.7552620954392519,0.2801654119642223,0.13417388667441887,0.9337157419672938,0.1931902934094168,0.02383188499408373,True,10,SMA_N150_th5_bL2_sL0,7
2010-12-27,2020-12-29,0.1551033689280541,0.7114824991836444,0.4321975290801471,0.1380867175501692,0.8392979135744216,0.33694113826202554,0.017016651377884884,True,10,SMA_N150_th5_bL2_sL0,7
2011-12-23,2021-12-29,0.22565490027453006,0.9431314312705371,0.43219752908014714,0.16549475670765523,1.0368553589863043,0.3369411382620256,0.060160143566874824,True,10,SMA_N150_th5_bL2_sL0,7
2012-12-27,2022-12-29,0.1706144743048288,0.7738610779511234,0.4321975290801471,0.1266884782473816,0.7724636871665684,0.3369411382620256,0.04392599605744718,True,10,SMA_N150_th5_bL2_sL0,7
2013-12-27,2024-01-02,0.14118053926717633,0.6665588284339217,0.43219752908014714,0.12028040739025014,0.736416410531179,0.33694113826202554,0.020900131876926187,True,10,SMA_N150_th5_bL2_sL0,7
2014-12-29,2025-01-02,0.1590091419073807,0.7261809957439818,0.43219752908014714,0.12918792519388367,0.7792335951907536,0.33694113826202554,0.029821216713497023,True,10,SMA_N150_th5_bL2_sL0,7
2015-12-29,2026-01-06,0.1896790551015457,0.8262583109444716,0.43219752908014714,0.14806157038177026,0.8634213821134769,0.3369411382620256,0.041617484719775444,True,10,SMA_N150_th5_bL2_sL0,7
1986-01-03,2000-12-14,0.24149774215973108,0.9280752807359192,0.34251073640112406,0.16011857164710452,0.9501398766431252,0.3288565573843161,0.08137917051262655,True,15,SMA_N150_th5_bL2_sL0,7
1987-01-02,2001-12-20,0.2384548434218834,0.9381863250796322,0.342510736401124,0.1344908960868736,0.8063308631518367,0.35446249243616573,0.1039639473350098,True,15,SMA_N150_th5_bL2_sL0,7
1987-12-31,2002-12-20,0.19714813396376107,0.8248342779918243,0.42413471225238336,0.11538586105559312,0.7210366793095082,0.47376877377609244,0.08176227290816795,True,15,SMA_N150_th5_bL2_sL0,7
1988-12-29,2003-12-22,0.21616094797924457,0.8876761440479405,0.4492335205700451,0.11960655931774866,0.7482070822280353,0.47376877377609244,0.0965543886614959,True,15,SMA_N150_th5_bL2_sL0,7
1989-12-28,2004-12-22,0.1933768306515069,0.8182032588309285,0.44923352057004506,0.10888478614950348,0.693520784936189,0.4737687737760924,0.08449204450200343,True,15,SMA_N150_th5_bL2_sL0,7
1990-12-27,2005-12-21,0.2135717809689781,0.8836302257407288,0.449233520570045,0.115786535781909,0.7345066555805546,0.47376877377609244,0.0977852451870691,True,15,SMA_N150_th5_bL2_sL0,7
1991-12-26,2006-12-21,0.20389178599855629,0.8678735850340398,0.44923352057004506,0.10800957578633241,0.7076466946608773,0.47376877377609244,0.09588221021222387,True,15,SMA_N150_th5_bL2_sL0,7
1992-12-23,2007-12-24,0.18766538270962618,0.7934907584244212,0.4492335205700451,0.10516481282549806,0.6762052837882725,0.47376877377609244,0.08250056988412813,True,15,SMA_N150_th5_bL2_sL0,7
1993-12-22,2008-12-23,0.17486540083921587,0.7645712613813271,0.44923352057004506,0.06077527876278688,0.39889340991359235,0.5072237143228875,0.11409012207642899,True,15,SMA_N150_th5_bL2_sL0,7
1994-12-21,2009-12-23,0.20764063192284943,0.8611059603127273,0.449233520570045,0.08018436534592666,0.47787325842896483,0.5514127052677142,0.12745626657692277,True,15,SMA_N150_th5_bL2_sL0,7
1995-12-20,2010-12-23,0.16191361145795113,0.6918175326358328,0.4492335205700451,0.06861286685386592,0.4157864816555877,0.5514127052677141,0.09330074460408522,True,15,SMA_N150_th5_bL2_sL0,7
1996-12-18,2011-12-22,0.12548621726905274,0.5831883662093061,0.449233520570045,0.055231925647602376,0.3581443833797024,0.5514127052677141,0.07025429162145036,True,15,SMA_N150_th5_bL2_sL0,7
1997-12-17,2012-12-26,0.10106823012430088,0.5057083158514775,0.44923352057004506,0.044986149802106246,0.3109420401130756,0.5514127052677142,0.05608208032219464,True,15,SMA_N150_th5_bL2_sL0,7
1998-12-17,2013-12-26,0.12710814157571537,0.6196226042571951,0.4492335205700451,0.04954903054066806,0.3413609016782043,0.5514127052677141,0.07755911103504731,True,15,SMA_N150_th5_bL2_sL0,7
1999-12-17,2014-12-26,0.13753516544686528,0.6697149220628871,0.3965077049151762,0.045648102504628696,0.32232951765145973,0.5514127052677142,0.09188706294223659,True,15,SMA_N150_th5_bL2_sL0,7
2000-12-15,2015-12-28,0.13110876046901754,0.6755909113146618,0.2766308946394365,0.051247340558888244,0.3423804390035003,0.5514127052677141,0.0798614199101293,True,15,SMA_N150_th5_bL2_sL0,7
2001-12-21,2016-12-27,0.14429414386015482,0.7177373160478527,0.28016541196422223,0.0679689827091301,0.4379267005301233,0.5514127052677141,0.07632516115102472,True,15,SMA_N150_th5_bL2_sL0,7
2002-12-23,2017-12-27,0.18961549896366714,0.8910347712019634,0.2801654119642223,0.09791500740335901,0.6032535516489724,0.5514127052677142,0.09170049156030813,True,15,SMA_N150_th5_bL2_sL0,7
2003-12-23,2018-12-28,0.1591097844595819,0.7582371132261493,0.2801654119642223,0.07823719711497179,0.5039213220577035,0.5514127052677141,0.08087258734461011,True,15,SMA_N150_th5_bL2_sL0,7
2004-12-23,2019-12-30,0.16168100567224108,0.7698668948479858,0.2801654119642223,0.09003082997077128,0.562287973559796,0.5514127052677141,0.07165017570146981,True,15,SMA_N150_th5_bL2_sL0,7
2005-12-22,2020-12-29,0.15024091457580724,0.6989256015434909,0.4321975290801471,0.09727196235353652,0.5645661957840065,0.5514127052677141,0.052968952222270715,True,15,SMA_N150_th5_bL2_sL0,7
2006-12-22,2021-12-29,0.1715049474711543,0.7598246761112502,0.4321975290801471,0.1076267045297501,0.6052824971355155,0.5514127052677141,0.0638782429414042,True,15,SMA_N150_th5_bL2_sL0,7
2007-12-26,2022-12-29,0.1509542164389499,0.7069899680134074,0.43219752908014714,0.08699025482176448,0.5066774465071109,0.5331644741109138,0.06396396161718543,True,15,SMA_N150_th5_bL2_sL0,7
2008-12-24,2024-01-02,0.17324955677503073,0.7694178544634741,0.43219752908014714,0.14246258162626368,0.8288447389056053,0.3369411382620256,0.03078697514876705,True,15,SMA_N150_th5_bL2_sL0,7
2009-12-24,2025-01-02,0.17308280595300052,0.7786318174813716,0.4321975290801472,0.1380216324499144,0.8460478294587264,0.33694113826202554,0.03506117350308613,True,15,SMA_N150_th5_bL2_sL0,7
2010-12-27,2026-01-06,0.17924193897963625,0.8044177886544593,0.4321975290801471,0.1418053987481449,0.8594633797056009,0.33694113826202554,0.037436540231491344,True,15,SMA_N150_th5_bL2_sL0,7
1986-01-03,2005-12-21,0.2024836111080035,0.8563603713832558,0.44923352057004506,0.11919975998259358,0.7302840213678852,0.4737687737760924,0.08328385112540992,True,20,SMA_N150_th5_bL2_sL0,7
1987-01-02,2006-12-21,0.21551268636120402,0.9047863351603856,0.449233520570045,0.11620780928428243,0.7251172889080421,0.47376877377609244,0.0993048770769216,True,20,SMA_N150_th5_bL2_sL0,7
1987-12-31,2007-12-24,0.1981034330289022,0.8440856118801063,0.44923352057004506,0.11838262566526936,0.7693164721196109,0.47376877377609244,0.07972080736363285,True,20,SMA_N150_th5_bL2_sL0,7
1988-12-29,2008-12-23,0.19112373053729992,0.8334378460755253,0.4492335205700451,0.08083457711190123,0.5186138026731929,0.5072237143228875,0.11028915342539869,True,20,SMA_N150_th5_bL2_sL0,7
1989-12-28,2009-12-23,0.1867793217470881,0.8128043579038896,0.44923352057004506,0.08222866480616187,0.5118328205143172,0.5514127052677141,0.10455065694092625,True,20,SMA_N150_th5_bL2_sL0,7
1990-12-27,2010-12-23,0.19546903390625614,0.8330785075717341,0.449233520570045,0.0912892667298899,0.5505300735059094,0.5514127052677142,0.10417976717636623,True,20,SMA_N150_th5_bL2_sL0,7
1991-12-26,2011-12-22,0.16827955500207858,0.7505072880463884,0.44923352057004506,0.07925127155798473,0.49156115326943495,0.5514127052677142,0.08902828344409386,True,20,SMA_N150_th5_bL2_sL0,7
1992-12-23,2012-12-26,0.16860079975150133,0.7408773599116535,0.4492335205700451,0.08122092786651991,0.49544794018246185,0.5514127052677141,0.08737987188498142,True,20,SMA_N150_th5_bL2_sL0,7
1993-12-22,2013-12-26,0.19085394943520462,0.814967376118068,0.44923352057004506,0.0915993521008791,0.5455137644177719,0.5514127052677142,0.09925459733432551,True,20,SMA_N150_th5_bL2_sL0,7
1994-12-21,2014-12-26,0.2065675048627238,0.8663621239690101,0.449233520570045,0.09882214588825255,0.5796312192203977,0.5514127052677142,0.10774535897447124,True,20,SMA_N150_th5_bL2_sL0,7
1995-12-20,2015-12-28,0.16114107878444872,0.7053508123758112,0.4492335205700451,0.08294532303036317,0.4974720968119255,0.5514127052677141,0.07819575575408555,True,20,SMA_N150_th5_bL2_sL0,7
1996-12-18,2016-12-27,0.14865281852537904,0.6753943386972161,0.449233520570045,0.0781870460035714,0.4796027175271344,0.5514127052677141,0.07046577252180763,True,20,SMA_N150_th5_bL2_sL0,7
1997-12-17,2017-12-27,0.13860539444928843,0.6589851866872455,0.44923352057004506,0.07249080249824891,0.4555942265844254,0.5514127052677142,0.06611459195103953,True,20,SMA_N150_th5_bL2_sL0,7
1998-12-17,2018-12-28,0.12590105110500782,0.6221989343107351,0.4492335205700451,0.0580092666137928,0.3938494223159738,0.5514127052677141,0.06789178449121502,True,20,SMA_N150_th5_bL2_sL0,7
1999-12-17,2019-12-30,0.13219573699948128,0.6561459519033171,0.3965077049151762,0.06211027860439855,0.4142398760975171,0.5514127052677142,0.07008545839508273,True,20,SMA_N150_th5_bL2_sL0,7
2000-12-15,2020-12-29,0.13615771054818326,0.6724747775246991,0.4321975290801471,0.07491908915708612,0.45951084451023266,0.5514127052677141,0.06123862139109715,True,20,SMA_N150_th5_bL2_sL0,7
2001-12-21,2021-12-29,0.1651705329801596,0.7656453672094751,0.4321975290801471,0.09565847054814469,0.5722270476299536,0.5514127052677141,0.06951206243201491,True,20,SMA_N150_th5_bL2_sL0,7
2002-12-23,2022-12-29,0.16326263119232842,0.7568625072647548,0.4321975290801471,0.0970606564669605,0.5803484040095279,0.5514127052677142,0.06620197472536793,True,20,SMA_N150_th5_bL2_sL0,7
2003-12-23,2024-01-02,0.15939147691533995,0.7405992151496292,0.43219752908014714,0.09762254974036666,0.5860340568237379,0.5514127052677141,0.06176892717497329,True,20,SMA_N150_th5_bL2_sL0,7
2004-12-23,2025-01-02,0.17207650218664883,0.7831626543951882,0.43219752908014714,0.10370480888295397,0.6142303164351571,0.5514127052677141,0.06837169330369486,True,20,SMA_N150_th5_bL2_sL0,7
2005-12-22,2026-01-06,0.1694536557641404,0.77167179626453,0.4321975290801471,0.11005071264687638,0.6372328952998759,0.5514127052677141,0.05940294311726402,True,20,SMA_N150_th5_bL2_sL0,7
1986-01-03,1990-12-26,0.1253599219512287,0.6373872573958287,0.36591392321872535,0.13133116095848751,0.7266559953203099,0.3288565573843161,-0.005971239007258822,False,5,SMA_N200_th2_bL2_sL0,8
1987-01-02,1991-12-24,0.1991578293084313,0.8849211415458138,0.3659139232187253,0.13812892271730326,0.7770002094103399,0.328856557384316,0.06102890659112803,True,5,SMA_N200_th2_bL2_sL0,8
1987-12-31,1992-12-22,0.18676169744485005,0.8775123228554809,0.3203537788182481,0.1597665028455073,1.1097658644211132,0.19183356941998955,0.026995194599342742,True,5,SMA_N200_th2_bL2_sL0,8
1988-12-29,1993-12-21,0.20180638981535948,0.9567976712940361,0.32035377881824817,0.14188814149307016,1.1249140197770626,0.19183356941998964,0.059918248322289314,True,5,SMA_N200_th2_bL2_sL0,8
1989-12-28,1994-12-20,0.06615788460873384,0.42802945307166324,0.32035377881824817,0.0861594758495241,0.7489912048937678,0.19183356941998958,-0.020001591240790262,False,5,SMA_N200_th2_bL2_sL0,8
1990-12-27,1995-12-19,0.2897320678909343,1.3759601409907796,0.20624846677003758,0.16463347955803043,1.4752054797759762,0.08522360788061661,0.12509858833290388,True,5,SMA_N200_th2_bL2_sL0,8
1991-12-26,1996-12-17,0.27570789941772866,1.356724416574612,0.20624846677003741,0.15292725034399135,1.4647052524634705,0.08522360788061664,0.12278064907373731,True,5,SMA_N200_th2_bL2_sL0,8
1992-12-23,1997-12-16,0.37115623960404776,1.3753653587774632,0.21787390199436077,0.19901352989005816,1.4690901794494986,0.11198356632803617,0.1721427097139896,True,5,SMA_N200_th2_bL2_sL0,8
1993-12-22,1998-12-16,0.39009592772882606,1.3289590265479168,0.24868390024107748,0.22440696844455887,1.3716142651793786,0.19020871622272723,0.1656889592842672,True,5,SMA_N200_th2_bL2_sL0,8
1994-12-21,1999-12-16,0.4516975652967046,1.3692633780727987,0.3115670450760676,0.2736922813406599,1.5113288230200046,0.19020871622272728,0.17800528395604465,True,5,SMA_N200_th2_bL2_sL0,8
1995-12-20,2000-12-14,0.28204669612177335,0.8713255834384542,0.33214598168062676,0.18942922862489198,0.9703971362558814,0.19020871622272711,0.09261746749688138,True,5,SMA_N200_th2_bL2_sL0,8
1996-12-18,2001-12-20,0.18576847771913263,0.6879126179194126,0.33214598168062676,0.10817681647414967,0.5947752299604295,0.3544624924361658,0.07759166124498296,True,5,SMA_N200_th2_bL2_sL0,8
1997-12-17,2002-12-20,0.040749860860473275,0.2754472163915733,0.3480237120413194,-0.00035264247384625413,0.10732082288912685,0.4737687737760924,0.04110250333431953,True,5,SMA_N200_th2_bL2_sL0,8
1998-12-17,2003-12-22,0.06861726321809436,0.4072656471228148,0.37120954623328595,-0.0005397138115567079,0.12056454641120017,0.4737687737760924,0.06915697702965107,True,5,SMA_N200_th2_bL2_sL0,8
1999-12-17,2004-12-22,0.06378921344770361,0.3935358203632894,0.2892320857540445,-0.017573962863435155,0.024301372517773208,0.4737687737760924,0.08136317631113876,True,5,SMA_N200_th2_bL2_sL0,8
2000-12-15,2005-12-21,0.09851852262038263,0.6386590499510931,0.21222748020961288,0.009523895832712626,0.11906864949639658,0.4193113902856809,0.08899462678767,True,5,SMA_N200_th2_bL2_sL0,8
2001-12-21,2006-12-21,0.13385219205208143,0.7584937962994781,0.21222748020961288,0.061890896861365174,0.45960169601177236,0.32931991735010696,0.07196129519071626,True,5,SMA_N200_th2_bL2_sL0,8
2002-12-23,2007-12-24,0.13961607505913465,0.6949359235602451,0.2908124771063022,0.12745025953416667,0.9816150785432407,0.13713155595240378,0.012165815524967982,True,5,SMA_N200_th2_bL2_sL0,8
2003-12-23,2008-12-23,0.02742683690735004,0.23669224517092494,0.32215835883018307,-0.027729034994333213,-0.024193482970366165,0.5072237143228874,0.05515587190168325,True,5,SMA_N200_th2_bL2_sL0,8
2004-12-23,2009-12-23,0.0831985553469512,0.4829388907124487,0.4132099662845615,0.005917133826857102,0.1448257067685854,0.5514127052677141,0.0772814215200941,True,5,SMA_N200_th2_bL2_sL0,8
2005-12-22,2010-12-23,0.07953396934913837,0.46074778042433373,0.4132099662845616,0.019944713130480407,0.20762707237751302,0.5514127052677141,0.05958925621865796,True,5,SMA_N200_th2_bL2_sL0,8
2006-12-22,2011-12-22,0.03240163489837089,0.2436378750135425,0.4132099662845614,-0.0013731664564993196,0.12260927466610279,0.5514127052677141,0.03377480135487021,True,5,SMA_N200_th2_bL2_sL0,8
2007-12-26,2012-12-26,0.09760870930752574,0.5295796330593636,0.2577774740869179,0.01204987692797066,0.17805295960250486,0.5331644741109138,0.08555883237955508,True,5,SMA_N200_th2_bL2_sL0,8
2008-12-24,2013-12-26,0.25153419659003107,1.0364791078963675,0.2577774740869179,0.1883095353357942,0.9997514863834135,0.27120125137024154,0.06322466125423687,True,5,SMA_N200_th2_bL2_sL0,8
2009-12-24,2014-12-26,0.23119452953648678,0.9989512842367878,0.2577774740869179,0.1557113270721573,0.997609617169241,0.18576371244549406,0.07548320246432949,True,5,SMA_N200_th2_bL2_sL0,8
2010-12-27,2015-12-28,0.17766075653827107,0.8203508456810441,0.22566784548859822,0.12711096084552387,0.8579995392521074,0.185763712445494,0.0505497956927472,True,5,SMA_N200_th2_bL2_sL0,8
2011-12-23,2016-12-27,0.23807910007652633,1.0551652972272652,0.24830470692735504,0.14815208712142192,1.1557655728398548,0.1297146274250496,0.08992701295510441,True,5,SMA_N200_th2_bL2_sL0,8
2012-12-27,2017-12-27,0.2709221622422855,1.2598526199772,0.248304706927355,0.15984789530313792,1.304000521155299,0.1297146274250495,0.11107426693914757,True,5,SMA_N200_th2_bL2_sL0,8
2013-12-27,2018-12-28,0.10781936201653752,0.5764234050842577,0.2794799554602661,0.08387471154798298,0.6768723291654465,0.19319029340941687,0.02394465046855454,True,5,SMA_N200_th2_bL2_sL0,8
2014-12-29,2019-12-30,0.11533615492049476,0.6100723702564714,0.29844431365712243,0.11284922955954468,0.8653433591374201,0.19319029340941685,0.0024869253609500763,True,5,SMA_N200_th2_bL2_sL0,8
2015-12-29,2020-12-29,0.13679307004284813,0.6451759792453657,0.4239663655078532,0.14684718378343553,0.8322751309705982,0.3369411382620256,-0.0100541137405874,False,5,SMA_N200_th2_bL2_sL0,8
2016-12-28,2021-12-29,0.22674190727073373,0.8843760727533928,0.4239663655078531,0.18520952154848147,0.9873871726812262,0.33694113826202565,0.04153238572225226,True,5,SMA_N200_th2_bL2_sL0,8
2017-12-28,2022-12-29,0.06049738014971817,0.35677528033047473,0.4239663655078532,0.09412973739812336,0.5278053558306166,0.3369411382620256,-0.03363235724840519,False,5,SMA_N200_th2_bL2_sL0,8
2018-12-31,2024-01-02,0.14598586974194339,0.6457960854089809,0.4239663655078531,0.15599293612904175,0.8047850802686117,0.33694113826202554,-0.010007066387098362,False,5,SMA_N200_th2_bL2_sL0,8
2019-12-31,2025-01-02,0.17298937293690542,0.7279584669065955,0.42396636550785316,0.14531985507554634,0.7545210211256641,0.3369411382620256,0.027669517861359072,True,5,SMA_N200_th2_bL2_sL0,8
2020-12-30,2026-01-06,0.23580680219709493,1.0276098332373902,0.3506109939698135,0.1490744525961183,0.90004962009299,0.24441874976840103,0.08673234960097664,True,5,SMA_N200_th2_bL2_sL0,8
1986-01-03,1995-12-19,0.20465685747167495,0.9818932784958977,0.36591392321872535,0.14692497615128453,0.9460487277838104,0.3288565573843161,0.05773188132039042,True,10,SMA_N200_th2_bL2_sL0,8
1987-01-02,1996-12-17,0.2401326146147531,1.0874121543178707,0.3659139232187253,0.14702699777073036,0.9659603955567658,0.328856557384316,0.09310561684402274,True,10,SMA_N200_th2_bL2_sL0,8
1987-12-31,1997-12-16,0.2747884056858019,1.1389441710098036,0.3203537788182481,0.17881951074524727,1.279023645493094,0.19183356941998955,0.0959688949405546,True,10,SMA_N200_th2_bL2_sL0,8
1988-12-29,1998-12-16,0.2941199640275154,1.1564788182584078,0.32035377881824817,0.18314271565548568,1.2541090049463974,0.19183356941998964,0.11097724837202971,True,10,SMA_N200_th2_bL2_sL0,8
1989-12-28,1999-12-16,0.2465849051844391,0.975482539987524,0.32035377881824817,0.1773609147247006,1.1771667156668573,0.19183356941998958,0.06922399045973848,True,10,SMA_N200_th2_bL2_sL0,8
1990-12-27,2000-12-14,0.2832359441621226,1.0155642314812656,0.3321459816806268,0.1757442376900613,1.0990673314525914,0.1902087162227272,0.1074917064720613,True,10,SMA_N200_th2_bL2_sL0,8
1991-12-26,2001-12-20,0.2317477072770895,0.908274400760012,0.33214598168062676,0.13116887104663966,0.8274015620134825,0.3544624924361658,0.10057883623044983,True,10,SMA_N200_th2_bL2_sL0,8
1992-12-23,2002-12-20,0.1932622604127583,0.7916714327135025,0.3480237120413193,0.09419870541686581,0.5783671554403454,0.47376877377609244,0.09906355499589248,True,10,SMA_N200_th2_bL2_sL0,8
1993-12-22,2003-12-22,0.2225395869739144,0.8810803770682478,0.37120954623328595,0.10793989253576086,0.6382113652627169,0.4737687737760924,0.11459969443815354,True,10,SMA_N200_th2_bL2_sL0,8
1994-12-21,2004-12-22,0.24417070278363773,0.9419808395518009,0.371209546233286,0.11928410631638697,0.6927876320525749,0.4737687737760924,0.12488659646725075,True,10,SMA_N200_th2_bL2_sL0,8
1995-12-20,2005-12-21,0.18665943355082626,0.7508871466651458,0.371209546233286,0.09325786245396572,0.5570344213552254,0.47376877377609244,0.09340157109686054,True,10,SMA_N200_th2_bL2_sL0,8
1996-12-18,2006-12-21,0.15945168255483244,0.6878013001023571,0.37120954623328595,0.08540631140487931,0.5314529109947129,0.4737687737760924,0.07404537114995313,True,10,SMA_N200_th2_bL2_sL0,8
1997-12-17,2007-12-24,0.08902476227424505,0.4578829719931967,0.37120954623328595,0.06163795899736613,0.41253218275530407,0.4737687737760924,0.027386803276878924,True,10,SMA_N200_th2_bL2_sL0,8
1998-12-17,2008-12-23,0.04793082664234127,0.33034287098303866,0.37120954623328595,-0.01415919823058387,0.04876251293040151,0.5072237143228874,0.06209002487292514,True,10,SMA_N200_th2_bL2_sL0,8
1999-12-17,2009-12-23,0.07357661860994225,0.43605937605598155,0.4132099662845615,-0.005820959382251023,0.0887022268960443,0.5514127052677142,0.07939757799219327,True,10,SMA_N200_th2_bL2_sL0,8
2000-12-15,2010-12-23,0.09008043014823564,0.5314315369050577,0.4132099662845616,0.015245783399367996,0.16804007871150634,0.5514127052677141,0.07483464674886764,True,10,SMA_N200_th2_bL2_sL0,8
2001-12-21,2011-12-22,0.08056414138699575,0.4713423020725913,0.4132099662845616,0.029126940401384305,0.24308676130679438,0.5514127052677141,0.05143720098561144,True,10,SMA_N200_th2_bL2_sL0,8
2002-12-23,2012-12-26,0.11884104953228469,0.6119845708378934,0.4132099662845616,0.06839417371007173,0.42305002819718623,0.5514127052677142,0.050446875822212967,True,10,SMA_N200_th2_bL2_sL0,8
2003-12-23,2013-12-26,0.1339010020464979,0.6721226607437151,0.4132099662845616,0.07546816740975926,0.45958732073225644,0.5514127052677141,0.05843283463673865,True,10,SMA_N200_th2_bL2_sL0,8
2004-12-23,2014-12-26,0.15584792758379273,0.7540443201924756,0.4132099662845615,0.07869376773640568,0.47437302119887576,0.5514127052677141,0.07715415984738705,True,10,SMA_N200_th2_bL2_sL0,8
2005-12-22,2015-12-28,0.1275630482872081,0.6427976340190464,0.4132099662845616,0.07220318309463214,0.44312126302346866,0.5514127052677141,0.05535986519257596,True,10,SMA_N200_th2_bL2_sL0,8
2006-12-22,2016-12-27,0.1305177340891206,0.6430789212222678,0.4132099662845614,0.07170785766692211,0.43349038297674664,0.5514127052677141,0.05880987642219848,True,10,SMA_N200_th2_bL2_sL0,8
2007-12-26,2017-12-27,0.18069196645571206,0.8777367987927713,0.2577774740869179,0.08325212445583285,0.4957802388306853,0.5331644741109138,0.0974398419998792,True,10,SMA_N200_th2_bL2_sL0,8
2008-12-24,2018-12-28,0.17739348573806657,0.8178975406448369,0.27947995546026616,0.13482871520012107,0.8535349457651878,0.27120125137024154,0.042564770537945495,True,10,SMA_N200_th2_bL2_sL0,8
2009-12-24,2019-12-30,0.17207162192385428,0.8118329726534734,0.29844431365712243,0.13417388667441887,0.9337157419672938,0.1931902934094168,0.037897735249435405,True,10,SMA_N200_th2_bL2_sL0,8
2010-12-27,2020-12-29,0.15942309240437513,0.7272975516039583,0.42396636550785316,0.1380867175501692,0.8392979135744216,0.33694113826202554,0.02133637485420592,True,10,SMA_N200_th2_bL2_sL0,8
2011-12-23,2021-12-29,0.23023846429919126,0.9590486937954427,0.42396636550785316,0.16549475670765523,1.0368553589863043,0.3369411382620256,0.06474370759153603,True,10,SMA_N200_th2_bL2_sL0,8
2012-12-27,2022-12-29,0.16135676138794675,0.7376778511228643,0.42396636550785316,0.1266884782473816,0.7724636871665684,0.3369411382620256,0.03466828314056514,True,10,SMA_N200_th2_bL2_sL0,8
2013-12-27,2024-01-02,0.12668764955019718,0.6115845117233193,0.42396636550785316,0.12028040739025014,0.736416410531179,0.33694113826202554,0.006407242159947035,True,10,SMA_N200_th2_bL2_sL0,8
2014-12-29,2025-01-02,0.14428983054809197,0.6714690837983625,0.42396636550785316,0.12918792519388367,0.7792335951907536,0.33694113826202554,0.0151019053542083,True,10,SMA_N200_th2_bL2_sL0,8
2015-12-29,2026-01-06,0.18552083753264847,0.8256682072538106,0.4239663655078532,0.14806157038177026,0.8634213821134769,0.3369411382620256,0.03745926715087822,True,10,SMA_N200_th2_bL2_sL0,8
1986-01-03,2000-12-14,0.22823901945999792,0.9033323093602654,0.36591392321872535,0.16011857164710452,0.9501398766431252,0.3288565573843161,0.06812044781289339,True,15,SMA_N200_th2_bL2_sL0,8
1987-01-02,2001-12-20,0.22295911919680655,0.9000416706501383,0.3659139232187253,0.1344908960868736,0.8063308631518367,0.35446249243616573,0.08846822310993296,True,15,SMA_N200_th2_bL2_sL0,8
1987-12-31,2002-12-20,0.1905888390616408,0.8141895474971096,0.3480237120413193,0.11538586105559312,0.7210366793095082,0.47376877377609244,0.0752029780060477,True,15,SMA_N200_th2_bL2_sL0,8
1988-12-29,2003-12-22,0.21660906803871094,0.8991226697547838,0.371209546233286,0.11960655931774866,0.7482070822280353,0.47376877377609244,0.09700250872096228,True,15,SMA_N200_th2_bL2_sL0,8
1989-12-28,2004-12-22,0.18337098911394611,0.7959348966709108,0.371209546233286,0.10888478614950348,0.693520784936189,0.4737687737760924,0.07448620296444264,True,15,SMA_N200_th2_bL2_sL0,8
1990-12-27,2005-12-21,0.21840045639106265,0.9070776224155321,0.37120954623328606,0.115786535781909,0.7345066555805546,0.47376877377609244,0.10261392060915364,True,15,SMA_N200_th2_bL2_sL0,8
1991-12-26,2006-12-21,0.1981624750992923,0.8584756699685252,0.37120954623328606,0.10800957578633241,0.7076466946608773,0.47376877377609244,0.09015289931295989,True,15,SMA_N200_th2_bL2_sL0,8
1992-12-23,2007-12-24,0.17505991349955274,0.7606092839766414,0.371209546233286,0.10516481282549806,0.6762052837882725,0.47376877377609244,0.06989510067405469,True,15,SMA_N200_th2_bL2_sL0,8
1993-12-22,2008-12-23,0.1537681960040007,0.7001346964241334,0.37120954623328595,0.06077527876278688,0.39889340991359235,0.5072237143228875,0.09299291724121383,True,15,SMA_N200_th2_bL2_sL0,8
1994-12-21,2009-12-23,0.18809307577966639,0.8081237483378234,0.4132099662845616,0.08018436534592666,0.47787325842896483,0.5514127052677142,0.10790871043373973,True,15,SMA_N200_th2_bL2_sL0,8
1995-12-20,2010-12-23,0.15058304541860323,0.6637741753150077,0.4132099662845615,0.06861286685386592,0.4157864816555877,0.5514127052677141,0.08197017856473732,True,15,SMA_N200_th2_bL2_sL0,8
1996-12-18,2011-12-22,0.11451087815142147,0.5526304803756965,0.4132099662845616,0.055231925647602376,0.3581443833797024,0.5514127052677141,0.05927895250381909,True,15,SMA_N200_th2_bL2_sL0,8
1997-12-17,2012-12-26,0.09216189458890711,0.47908904594052176,0.4132099662845615,0.044986149802106246,0.3109420401130756,0.5514127052677142,0.047175744786800866,True,15,SMA_N200_th2_bL2_sL0,8
1998-12-17,2013-12-26,0.11177524713843279,0.5727240450554657,0.4132099662845615,0.04954903054066806,0.3413609016782043,0.5514127052677141,0.06222621659776473,True,15,SMA_N200_th2_bL2_sL0,8
1999-12-17,2014-12-26,0.12439177411793678,0.632025063548812,0.4132099662845615,0.045648102504628696,0.32232951765145973,0.5514127052677142,0.07874367161330809,True,15,SMA_N200_th2_bL2_sL0,8
2000-12-15,2015-12-28,0.11854151535258572,0.6359016055922297,0.4132099662845616,0.051247340558888244,0.3423804390035003,0.5514127052677141,0.06729417479369748,True,15,SMA_N200_th2_bL2_sL0,8
2001-12-21,2016-12-27,0.13065602520139707,0.6739809072262392,0.4132099662845616,0.0679689827091301,0.4379267005301233,0.5514127052677141,0.06268704249226698,True,15,SMA_N200_th2_bL2_sL0,8
2002-12-23,2017-12-27,0.16712477889223942,0.8152395975649437,0.4132099662845616,0.09791500740335901,0.6032535516489724,0.5514127052677142,0.06920977148888041,True,15,SMA_N200_th2_bL2_sL0,8
2003-12-23,2018-12-28,0.1250963751552343,0.6406844749242637,0.4132099662845616,0.07823719711497179,0.5039213220577035,0.5514127052677141,0.04685917804026252,True,15,SMA_N200_th2_bL2_sL0,8
2004-12-23,2019-12-30,0.1423485770572812,0.7069537149231716,0.4132099662845615,0.09003082997077128,0.562287973559796,0.5514127052677141,0.052317747086509936,True,15,SMA_N200_th2_bL2_sL0,8
2005-12-22,2020-12-29,0.1321849637059862,0.6426599066946103,0.4239663655078531,0.09727196235353652,0.5645661957840065,0.5514127052677141,0.03491300135244968,True,15,SMA_N200_th2_bL2_sL0,8
2006-12-22,2021-12-29,0.16037593855293397,0.7299406360528357,0.4239663655078532,0.1076267045297501,0.6052824971355155,0.5514127052677141,0.05274923402318388,True,15,SMA_N200_th2_bL2_sL0,8
2007-12-26,2022-12-29,0.1394662448590751,0.6712544136182744,0.42396636550785316,0.08699025482176448,0.5066774465071109,0.5331644741109138,0.05247599003731063,True,15,SMA_N200_th2_bL2_sL0,8
2008-12-24,2024-01-02,0.16678492907961973,0.7535896414823195,0.4239663655078531,0.14246258162626368,0.8288447389056053,0.3369411382620256,0.02432234745335604,True,15,SMA_N200_th2_bL2_sL0,8
2009-12-24,2025-01-02,0.17270465804825008,0.7779471351242215,0.4239663655078531,0.1380216324499144,0.8460478294587264,0.33694113826202554,0.03468302559833569,True,15,SMA_N200_th2_bL2_sL0,8
2010-12-27,2026-01-06,0.18450779532715322,0.8236873629118491,0.42396636550785316,0.1418053987481449,0.8594633797056009,0.33694113826202554,0.04270239657900832,True,15,SMA_N200_th2_bL2_sL0,8
1986-01-03,2005-12-21,0.19441021884502274,0.8443169954003941,0.371209546233286,0.11919975998259358,0.7302840213678852,0.4737687737760924,0.07521045886242916,True,20,SMA_N200_th2_bL2_sL0,8
1987-01-02,2006-12-21,0.2000120551722835,0.8650692509898318,0.37120954623328595,0.11620780928428243,0.7251172889080421,0.47376877377609244,0.08380424588800106,True,20,SMA_N200_th2_bL2_sL0,8
1987-12-31,2007-12-24,0.17760269328203093,0.7859894926779234,0.37120954623328595,0.11838262566526936,0.7693164721196109,0.47376877377609244,0.059220067616761574,True,20,SMA_N200_th2_bL2_sL0,8
1988-12-29,2008-12-23,0.16633174460946942,0.7574769894297143,0.371209546233286,0.08083457711190123,0.5186138026731929,0.5072237143228875,0.0854971674975682,True,20,SMA_N200_th2_bL2_sL0,8
1989-12-28,2009-12-23,0.1575523079311405,0.7253545931085185,0.4132099662845615,0.08222866480616187,0.5118328205143172,0.5514127052677141,0.07532364312497863,True,20,SMA_N200_th2_bL2_sL0,8
1990-12-27,2010-12-23,0.18268221435519605,0.8035913223844777,0.4132099662845615,0.0912892667298899,0.5505300735059094,0.5514127052677142,0.09139294762530614,True,20,SMA_N200_th2_bL2_sL0,8
1991-12-26,2011-12-22,0.15364937686561886,0.7116023548056035,0.4132099662845616,0.07925127155798473,0.49156115326943495,0.5514127052677142,0.07439810530763413,True,20,SMA_N200_th2_bL2_sL0,8
1992-12-23,2012-12-26,0.15541950663334192,0.7069445248014256,0.4132099662845615,0.08122092786651991,0.49544794018246185,0.5514127052677141,0.07419857876682201,True,20,SMA_N200_th2_bL2_sL0,8
1993-12-22,2013-12-26,0.17742165076506744,0.7829163154313017,0.4132099662845616,0.0915993521008791,0.5455137644177719,0.5514127052677142,0.08582229866418833,True,20,SMA_N200_th2_bL2_sL0,8
1994-12-21,2014-12-26,0.1992407873751727,0.8530527676752581,0.4132099662845616,0.09882214588825255,0.5796312192203977,0.5514127052677142,0.10041864148692015,True,20,SMA_N200_th2_bL2_sL0,8
1995-12-20,2015-12-28,0.15730163784756912,0.6988409785070326,0.4132099662845615,0.08294532303036317,0.4974720968119255,0.5514127052677141,0.07435631481720595,True,20,SMA_N200_th2_bL2_sL0,8
1996-12-18,2016-12-27,0.14415323095758525,0.665067482977158,0.4132099662845616,0.0781870460035714,0.4796027175271344,0.5514127052677141,0.06596618495401385,True,20,SMA_N200_th2_bL2_sL0,8
1997-12-17,2017-12-27,0.13414516539237997,0.6483386445518403,0.4132099662845615,0.07249080249824891,0.4555942265844254,0.5514127052677142,0.061654362894131065,True,20,SMA_N200_th2_bL2_sL0,8
1998-12-17,2018-12-28,0.11075446461523675,0.5732480389841731,0.4132099662845615,0.0580092666137928,0.3938494223159738,0.5514127052677141,0.05274519800144395,True,20,SMA_N200_th2_bL2_sL0,8
1999-12-17,2019-12-30,0.12224512339760563,0.6266079854785456,0.4132099662845615,0.06211027860439855,0.4142398760975171,0.5514127052677142,0.060134844793207076,True,20,SMA_N200_th2_bL2_sL0,8
2000-12-15,2020-12-29,0.12423418114850371,0.6360155696420929,0.42396636550785316,0.07491908915708612,0.45951084451023266,0.5514127052677141,0.04931509199141759,True,20,SMA_N200_th2_bL2_sL0,8
2001-12-21,2021-12-29,0.15294252539226383,0.7319339693429685,0.42396636550785316,0.09565847054814469,0.5722270476299536,0.5514127052677141,0.05728405484411914,True,20,SMA_N200_th2_bL2_sL0,8
2002-12-23,2022-12-29,0.1397163434491877,0.6767305526570427,0.4239663655078531,0.0970606564669605,0.5803484040095279,0.5514127052677142,0.042655686982227214,True,20,SMA_N200_th2_bL2_sL0,8
2003-12-23,2024-01-02,0.13025324327931154,0.6400390954164095,0.42396636550785316,0.09762254974036666,0.5860340568237379,0.5514127052677141,0.03263069353894488,True,20,SMA_N200_th2_bL2_sL0,8
2004-12-23,2025-01-02,0.150175037503689,0.7102616451158074,0.42396636550785305,0.10370480888295397,0.6142303164351571,0.5514127052677141,0.04647022862073502,True,20,SMA_N200_th2_bL2_sL0,8
2005-12-22,2026-01-06,0.15736556721439965,0.7368900809195056,0.4239663655078531,0.11005071264687638,0.6372328952998759,0.5514127052677141,0.04731485456752327,True,20,SMA_N200_th2_bL2_sL0,8
1986-01-03,1990-12-26,0.16827872518885267,0.5950284711509468,0.5642170766954631,0.13133116095848751,0.7266559953203099,0.3288565573843161,0.03694756423036516,True,5,EMA_N150_th5_bL3_sL-1,9
1987-01-02,1991-12-24,0.28681527969379306,0.8476535678130706,0.5642170766954631,0.13812892271730326,0.7770002094103399,0.328856557384316,0.1486863569764898,True,5,EMA_N150_th5_bL3_sL-1,9
1987-12-31,1992-12-22,0.26096981261511254,0.8344555010597003,0.3975721335898993,0.1597665028455073,1.1097658644211132,0.19183356941998955,0.10120330976960523,True,5,EMA_N150_th5_bL3_sL-1,9
1988-12-29,1993-12-21,0.3319795483631025,1.01853233731239,0.39757213358989923,0.14188814149307016,1.1249140197770626,0.19183356941998964,0.19009140687003234,True,5,EMA_N150_th5_bL3_sL-1,9
1989-12-28,1994-12-20,0.15101942379595013,0.60202470949864,0.39757213358989923,0.0861594758495241,0.7489912048937678,0.19183356941998958,0.06485994794642602,True,5,EMA_N150_th5_bL3_sL-1,9
1990-12-27,1995-12-19,0.46501359101331974,1.3910153152052653,0.24136083454375834,0.16463347955803043,1.4752054797759762,0.08522360788061661,0.3003801114552893,True,5,EMA_N150_th5_bL3_sL-1,9
1991-12-26,1996-12-17,0.47053419126067797,1.4338377351638614,0.24136083454375834,0.15292725034399135,1.4647052524634705,0.08522360788061664,0.3176069409166866,True,5,EMA_N150_th5_bL3_sL-1,9
1992-12-23,1997-12-16,0.6231068105498361,1.4444977372310015,0.31678883010342984,0.19901352989005816,1.4690901794494986,0.11198356632803617,0.4240932806597779,True,5,EMA_N150_th5_bL3_sL-1,9
1993-12-22,1998-12-16,0.49562351703972496,1.1458240111884619,0.5846727160996649,0.22440696844455887,1.3716142651793786,0.19020871622272723,0.2712165485951661,True,5,EMA_N150_th5_bL3_sL-1,9
1994-12-21,1999-12-16,0.6612283015407578,1.3061175850173312,0.584672716099665,0.2736922813406599,1.5113288230200046,0.19020871622272728,0.3875360202000979,True,5,EMA_N150_th5_bL3_sL-1,9
1995-12-20,2000-12-14,0.3383672293103892,0.7983590439569946,0.5846727160996649,0.18942922862489198,0.9703971362558814,0.19020871622272711,0.14893800068549723,True,5,EMA_N150_th5_bL3_sL-1,9
1996-12-18,2001-12-20,0.21578072720963526,0.6453310576400382,0.5846727160996649,0.10817681647414967,0.5947752299604295,0.3544624924361658,0.10760391073548559,True,5,EMA_N150_th5_bL3_sL-1,9
1997-12-17,2002-12-20,0.07768097724258194,0.389898351002779,0.5846727160996649,-0.00035264247384625413,0.10732082288912685,0.4737687737760924,0.07803361971642819,True,5,EMA_N150_th5_bL3_sL-1,9
1998-12-17,2003-12-22,0.19241583638066828,0.6452681868228206,0.3761299619989276,-0.0005397138115567079,0.12056454641120017,0.4737687737760924,0.192955550192225,True,5,EMA_N150_th5_bL3_sL-1,9
1999-12-17,2004-12-22,0.14650367760375804,0.5575420800412064,0.3761299619989276,-0.017573962863435155,0.024301372517773208,0.4737687737760924,0.1640776404671932,True,5,EMA_N150_th5_bL3_sL-1,9
2000-12-15,2005-12-21,0.23283405066807172,0.8665321833434251,0.25386617389422395,0.009523895832712626,0.11906864949639658,0.4193113902856809,0.2233101548353591,True,5,EMA_N150_th5_bL3_sL-1,9
2001-12-21,2006-12-21,0.3121150897516305,1.0256994569223092,0.25386617389422395,0.061890896861365174,0.45960169601177236,0.32931991735010696,0.2502241928902653,True,5,EMA_N150_th5_bL3_sL-1,9
2002-12-23,2007-12-24,0.30686617288981166,0.9281485648377344,0.2825668783136155,0.12745025953416667,0.9816150785432407,0.13713155595240378,0.179415913355645,True,5,EMA_N150_th5_bL3_sL-1,9
2003-12-23,2008-12-23,0.21990756487988383,0.7201542182739596,0.3493997702692333,-0.027729034994333213,-0.024193482970366165,0.5072237143228874,0.24763659987421704,True,5,EMA_N150_th5_bL3_sL-1,9
2004-12-23,2009-12-23,0.2269465570197442,0.7147517229509012,0.4457050567243661,0.005917133826857102,0.1448257067685854,0.5514127052677141,0.2210294231928871,True,5,EMA_N150_th5_bL3_sL-1,9
2005-12-22,2010-12-23,0.16465710755206908,0.5807019412352334,0.4484857740342139,0.019944713130480407,0.20762707237751302,0.5514127052677141,0.14471239442158867,True,5,EMA_N150_th5_bL3_sL-1,9
2006-12-22,2011-12-22,0.03747064991246507,0.29687387727919423,0.45129675324683505,-0.0013731664564993196,0.12260927466610279,0.5514127052677141,0.03884381636896439,True,5,EMA_N150_th5_bL3_sL-1,9
2007-12-26,2012-12-26,0.059807212717400304,0.35277350280242215,0.4812824621810117,0.01204987692797066,0.17805295960250486,0.5331644741109138,0.047757335789429645,True,5,EMA_N150_th5_bL3_sL-1,9
2008-12-24,2013-12-26,0.23231269683699285,0.7185898547118738,0.48128246218101167,0.1883095353357942,0.9997514863834135,0.27120125137024154,0.04400316150119865,True,5,EMA_N150_th5_bL3_sL-1,9
2009-12-24,2014-12-26,0.24246485837243936,0.7714257792002163,0.4812824621810117,0.1557113270721573,0.997609617169241,0.18576371244549406,0.08675353130028207,True,5,EMA_N150_th5_bL3_sL-1,9
2010-12-27,2015-12-28,0.17201119542604393,0.6240361908578638,0.42440228059721347,0.12711096084552387,0.8579995392521074,0.185763712445494,0.04490023458052006,True,5,EMA_N150_th5_bL3_sL-1,9
2011-12-23,2016-12-27,0.28426559456268263,0.9058418258698284,0.4831111788686592,0.14815208712142192,1.1557655728398548,0.1297146274250496,0.13611350744126072,True,5,EMA_N150_th5_bL3_sL-1,9
2012-12-27,2017-12-27,0.3560613968251536,1.1435689423602708,0.4831111788686592,0.15984789530313792,1.304000521155299,0.1297146274250495,0.19621350152201567,True,5,EMA_N150_th5_bL3_sL-1,9
2013-12-27,2018-12-28,0.13684590304494781,0.5491637747806268,0.4831111788686592,0.08387471154798298,0.6768723291654465,0.19319029340941687,0.05297119149696483,True,5,EMA_N150_th5_bL3_sL-1,9
2014-12-29,2019-12-30,0.09590067271635916,0.4443224957264799,0.48311117886865923,0.11284922955954468,0.8653433591374201,0.19319029340941685,-0.016948556843185525,False,5,EMA_N150_th5_bL3_sL-1,9
2015-12-29,2020-12-29,0.14485481333072747,0.5329886253061253,0.6226314857160353,0.14684718378343553,0.8322751309705982,0.3369411382620256,-0.001992370452708059,False,5,EMA_N150_th5_bL3_sL-1,9
2016-12-28,2021-12-29,0.27727276662798106,0.7738004366416262,0.6226314857160353,0.18520952154848147,0.9873871726812262,0.33694113826202565,0.09206324507949959,True,5,EMA_N150_th5_bL3_sL-1,9
2017-12-28,2022-12-29,0.05796576673485565,0.3582337957441009,0.6226314857160353,0.09412973739812336,0.5278053558306166,0.3369411382620256,-0.03616397066326771,False,5,EMA_N150_th5_bL3_sL-1,9
2018-12-31,2024-01-02,0.14203711097923355,0.5243664621168951,0.6226314857160353,0.15599293612904175,0.8047850802686117,0.33694113826202554,-0.013955825149808199,False,5,EMA_N150_th5_bL3_sL-1,9
2019-12-31,2025-01-02,0.2358795323053524,0.7109391241370993,0.6226314857160353,0.14531985507554634,0.7545210211256641,0.3369411382620256,0.09055967722980607,True,5,EMA_N150_th5_bL3_sL-1,9
2020-12-30,2026-01-06,0.30109599765861295,0.8930929968354977,0.5065202959874788,0.1490744525961183,0.90004962009299,0.24441874976840103,0.15202154506249466,True,5,EMA_N150_th5_bL3_sL-1,9
1986-01-03,1995-12-19,0.3091045603479665,0.9412141845705643,0.5642170766954631,0.14692497615128453,0.9460487277838104,0.3288565573843161,0.162179584196682,True,10,EMA_N150_th5_bL3_sL-1,9
1987-01-02,1996-12-17,0.38107072897604266,1.0887226488688815,0.5642170766954631,0.14702699777073036,0.9659603955567658,0.328856557384316,0.2340437312053123,True,10,EMA_N150_th5_bL3_sL-1,9
1987-12-31,1997-12-16,0.4292122300953318,1.1513138755235588,0.3975721335898993,0.17881951074524727,1.279023645493094,0.19183356941998955,0.25039271935008456,True,10,EMA_N150_th5_bL3_sL-1,9
1988-12-29,1998-12-16,0.4140577518524642,1.0818309077287582,0.584672716099665,0.18314271565548568,1.2541090049463974,0.19183356941998964,0.2309150361969785,True,10,EMA_N150_th5_bL3_sL-1,9
1989-12-28,1999-12-16,0.3869469994958825,1.002710251509323,0.5846727160996648,0.1773609147247006,1.1771667156668573,0.19183356941998958,0.2095860847711819,True,10,EMA_N150_th5_bL3_sL-1,9
1990-12-27,2000-12-14,0.395941516437871,0.976051447268521,0.5846727160996649,0.1757442376900613,1.0990673314525914,0.1902087162227272,0.2201972787478097,True,10,EMA_N150_th5_bL3_sL-1,9
1991-12-26,2001-12-20,0.34009237718538543,0.9038340544581576,0.5846727160996648,0.13116887104663966,0.8274015620134825,0.3544624924361658,0.20892350613874577,True,10,EMA_N150_th5_bL3_sL-1,9
1992-12-23,2002-12-20,0.32036616734190226,0.8605067572245928,0.5846727160996649,0.09419870541686581,0.5783671554403454,0.47376877377609244,0.22616746192503645,True,10,EMA_N150_th5_bL3_sL-1,9
1993-12-22,2003-12-22,0.3415459458191492,0.8985133701976941,0.5846727160996649,0.10793989253576086,0.6382113652627169,0.4737687737760924,0.23360605328338835,True,10,EMA_N150_th5_bL3_sL-1,9
1994-12-21,2004-12-22,0.38252310402580236,0.9681884639625036,0.584672716099665,0.11928410631638697,0.6927876320525749,0.4737687737760924,0.2632389977094154,True,10,EMA_N150_th5_bL3_sL-1,9
1995-12-20,2005-12-21,0.2872484849226815,0.7886640235377301,0.5846727160996649,0.09325786245396572,0.5570344213552254,0.47376877377609244,0.1939906224687158,True,10,EMA_N150_th5_bL3_sL-1,9
1996-12-18,2006-12-21,0.262141950989943,0.7605174506823069,0.5846727160996649,0.08540631140487931,0.5314529109947129,0.4737687737760924,0.17673563958506366,True,10,EMA_N150_th5_bL3_sL-1,9
1997-12-17,2007-12-24,0.18662873619546305,0.6161961208854203,0.5846727160996649,0.06163795899736613,0.41253218275530407,0.4737687737760924,0.12499077719809693,True,10,EMA_N150_th5_bL3_sL-1,9
1998-12-17,2008-12-23,0.2062213252237708,0.678474796042691,0.3761299619989276,-0.01415919823058387,0.04876251293040151,0.5072237143228874,0.22038052345435466,True,10,EMA_N150_th5_bL3_sL-1,9
1999-12-17,2009-12-23,0.1862249942769636,0.6374638349574967,0.4457050567243661,-0.005820959382251023,0.0887022268960443,0.5514127052677142,0.19204595365921462,True,10,EMA_N150_th5_bL3_sL-1,9
2000-12-15,2010-12-23,0.2000416371607403,0.6884317858423564,0.44848577403421386,0.015245783399367996,0.16804007871150634,0.5514127052677141,0.1847958537613723,True,10,EMA_N150_th5_bL3_sL-1,9
2001-12-21,2011-12-22,0.16449585347835716,0.590579014221649,0.45129675324683494,0.029126940401384305,0.24308676130679438,0.5514127052677141,0.13536891307697285,True,10,EMA_N150_th5_bL3_sL-1,9
2002-12-23,2012-12-26,0.17754735826780954,0.6158730639580932,0.4812824621810117,0.06839417371007173,0.42305002819718623,0.5514127052677142,0.10915318455773781,True,10,EMA_N150_th5_bL3_sL-1,9
2003-12-23,2013-12-26,0.22527651392850467,0.7188810923105885,0.48128246218101167,0.07546816740975926,0.45958732073225644,0.5514127052677141,0.14980834651874542,True,10,EMA_N150_th5_bL3_sL-1,9
2004-12-23,2014-12-26,0.23631781287138054,0.7421026672087353,0.4812824621810118,0.07869376773640568,0.47437302119887576,0.5514127052677141,0.15762404513497486,True,10,EMA_N150_th5_bL3_sL-1,9
2005-12-22,2015-12-28,0.1683926433020586,0.5985223922159935,0.4812824621810117,0.07220318309463214,0.44312126302346866,0.5514127052677141,0.09618946020742647,True,10,EMA_N150_th5_bL3_sL-1,9
2006-12-22,2016-12-27,0.15318394283494063,0.5569253303464451,0.4831111788686592,0.07170785766692211,0.43349038297674664,0.5514127052677141,0.08147608516801852,True,10,EMA_N150_th5_bL3_sL-1,9
2007-12-26,2017-12-27,0.19824501937529426,0.6796200225096515,0.48311117886865923,0.08325212445583285,0.4957802388306853,0.5331644741109138,0.11499289491946141,True,10,EMA_N150_th5_bL3_sL-1,9
2008-12-24,2018-12-28,0.1835155232514769,0.6387054996597834,0.48311117886865923,0.13482871520012107,0.8535349457651878,0.27120125137024154,0.048686808051355834,True,10,EMA_N150_th5_bL3_sL-1,9
2009-12-24,2019-12-30,0.16727890597118522,0.6157596539100867,0.4831111788686593,0.13417388667441887,0.9337157419672938,0.1931902934094168,0.03310501929676635,True,10,EMA_N150_th5_bL3_sL-1,9
2010-12-27,2020-12-29,0.15703838680815707,0.5732612726056896,0.6226314857160353,0.1380867175501692,0.8392979135744216,0.33694113826202554,0.018951669257987858,True,10,EMA_N150_th5_bL3_sL-1,9
2011-12-23,2021-12-29,0.27742269926299046,0.8248514565371444,0.6226314857160353,0.16549475670765523,1.0368553589863043,0.3369411382620256,0.11192794255533522,True,10,EMA_N150_th5_bL3_sL-1,9
2012-12-27,2022-12-29,0.19842421026664558,0.6652698217124773,0.6226314857160353,0.1266884782473816,0.7724636871665684,0.3369411382620256,0.07173573201926398,True,10,EMA_N150_th5_bL3_sL-1,9
2013-12-27,2024-01-02,0.1383724251137335,0.5317873174017541,0.6226314857160353,0.12028040739025014,0.736416410531179,0.33694113826202554,0.018092017723483345,True,10,EMA_N150_th5_bL3_sL-1,9
2014-12-29,2025-01-02,0.1645599812575671,0.5896472969515018,0.6226314857160353,0.12918792519388367,0.7792335951907536,0.33694113826202554,0.03537205606368343,True,10,EMA_N150_th5_bL3_sL-1,9
2015-12-29,2026-01-06,0.2208996161055934,0.7020108499937119,0.6226314857160353,0.14806157038177026,0.8634213821134769,0.3369411382620256,0.07283804572382313,True,10,EMA_N150_th5_bL3_sL-1,9
1986-01-03,2000-12-14,0.31609321127251233,0.858235144050808,0.5846727160996649,0.16011857164710452,0.9501398766431252,0.3288565573843161,0.1559746396254078,True,15,EMA_N150_th5_bL3_sL-1,9
1987-01-02,2001-12-20,0.3256067053034919,0.8854959978847555,0.5846727160996649,0.1344908960868736,0.8063308631518367,0.35446249243616573,0.1911158092166183,True,15,EMA_N150_th5_bL3_sL-1,9
1987-12-31,2002-12-20,0.29944476068352976,0.8495318585305136,0.5846727160996649,0.11538586105559312,0.7210366793095082,0.47376877377609244,0.18405889962793665,True,15,EMA_N150_th5_bL3_sL-1,9
1988-12-29,2003-12-22,0.34002844327819015,0.9274240637270342,0.584672716099665,0.11960655931774866,0.7482070822280353,0.47376877377609244,0.2204218839604415,True,15,EMA_N150_th5_bL3_sL-1,9
1989-12-28,2004-12-22,0.3032438457626936,0.8610629496845112,0.5846727160996648,0.10888478614950348,0.693520784936189,0.4737687737760924,0.1943590596131901,True,15,EMA_N150_th5_bL3_sL-1,9
1990-12-27,2005-12-21,0.3412030190436022,0.9342924900699388,0.5846727160996649,0.115786535781909,0.7345066555805546,0.47376877377609244,0.22541648326169317,True,15,EMA_N150_th5_bL3_sL-1,9
1991-12-26,2006-12-21,0.3300614659091574,0.9259982014715966,0.5846727160996648,0.10800957578633241,0.7076466946608773,0.47376877377609244,0.222051890122825,True,15,EMA_N150_th5_bL3_sL-1,9
1992-12-23,2007-12-24,0.3157234773615669,0.8771237166783413,0.5846727160996649,0.10516481282549806,0.6762052837882725,0.47376877377609244,0.21055866453606886,True,15,EMA_N150_th5_bL3_sL-1,9
1993-12-22,2008-12-23,0.2997929249086482,0.8428461359437466,0.5846727160996649,0.06077527876278688,0.39889340991359235,0.5072237143228875,0.2390176461458613,True,15,EMA_N150_th5_bL3_sL-1,9
1994-12-21,2009-12-23,0.3286971980538522,0.888010024857138,0.584672716099665,0.08018436534592666,0.47787325842896483,0.5514127052677142,0.24851283270792557,True,15,EMA_N150_th5_bL3_sL-1,9
1995-12-20,2010-12-23,0.24624560744716595,0.7210501005237056,0.5846727160996649,0.06861286685386592,0.4157864816555877,0.5514127052677141,0.17763274059330003,True,15,EMA_N150_th5_bL3_sL-1,9
1996-12-18,2011-12-22,0.1808086209717228,0.6049418419740678,0.5846727160996649,0.055231925647602376,0.3581443833797024,0.5514127052677141,0.1255766953241204,True,15,EMA_N150_th5_bL3_sL-1,9
1997-12-17,2012-12-26,0.14321034515454967,0.5283564055395573,0.5846727160996649,0.044986149802106246,0.3109420401130756,0.5514127052677142,0.09822419535244342,True,15,EMA_N150_th5_bL3_sL-1,9
1998-12-17,2013-12-26,0.21431687417521883,0.6918217797945954,0.4812824621810117,0.04954903054066806,0.3413609016782043,0.5514127052677141,0.16476784363455077,True,15,EMA_N150_th5_bL3_sL-1,9
1999-12-17,2014-12-26,0.2057499452337741,0.6810193679490881,0.4812824621810117,0.045648102504628696,0.32232951765145973,0.5514127052677142,0.1601018427291454,True,15,EMA_N150_th5_bL3_sL-1,9
2000-12-15,2015-12-28,0.19066463939965672,0.6672278433739357,0.4812824621810118,0.051247340558888244,0.3423804390035003,0.5514127052677141,0.13941729884076848,True,15,EMA_N150_th5_bL3_sL-1,9
2001-12-21,2016-12-27,0.20233071052006224,0.6864418999925923,0.48311117886865923,0.0679689827091301,0.4379267005301233,0.5514127052677141,0.13436172781093214,True,15,EMA_N150_th5_bL3_sL-1,9
2002-12-23,2017-12-27,0.2338574310497521,0.7609082125193183,0.4831111788686593,0.09791500740335901,0.6032535516489724,0.5514127052677142,0.13594242364639308,True,15,EMA_N150_th5_bL3_sL-1,9
2003-12-23,2018-12-28,0.19499706280918128,0.6659414679732231,0.48311117886865923,0.07823719711497179,0.5039213220577035,0.5514127052677141,0.11675986569420949,True,15,EMA_N150_th5_bL3_sL-1,9
2004-12-23,2019-12-30,0.18789408337893865,0.6502603404388282,0.48311117886865923,0.09003082997077128,0.562287973559796,0.5514127052677141,0.09786325340816737,True,15,EMA_N150_th5_bL3_sL-1,9
2005-12-22,2020-12-29,0.15961656858975037,0.5754334891105152,0.6226314857160354,0.09727196235353652,0.5645661957840065,0.5514127052677141,0.06234460623621385,True,15,EMA_N150_th5_bL3_sL-1,9
2006-12-22,2021-12-29,0.1910816210734072,0.6335968431788968,0.6226314857160353,0.1076267045297501,0.6052824971355155,0.5514127052677141,0.08345491654365711,True,15,EMA_N150_th5_bL3_sL-1,9
2007-12-26,2022-12-29,0.14997171969395073,0.5548374955139783,0.6226314857160353,0.08699025482176448,0.5066774465071109,0.5331644741109138,0.06298146487218625,True,15,EMA_N150_th5_bL3_sL-1,9
2008-12-24,2024-01-02,0.16879072789563487,0.595533965491087,0.6226314857160353,0.14246258162626368,0.8288447389056053,0.3369411382620256,0.02632814626937119,True,15,EMA_N150_th5_bL3_sL-1,9
2009-12-24,2025-01-02,0.19022533425805976,0.6488253255895525,0.6226314857160353,0.1380216324499144,0.8460478294587264,0.33694113826202554,0.052203701808145375,True,15,EMA_N150_th5_bL3_sL-1,9
2010-12-27,2026-01-06,0.203461337584945,0.6769972017724957,0.6226314857160353,0.1418053987481449,0.8594633797056009,0.33694113826202554,0.061655938836800095,True,15,EMA_N150_th5_bL3_sL-1,9
1986-01-03,2005-12-21,0.2961474138120528,0.8512255396843282,0.5846727160996649,0.11919975998259358,0.7302840213678852,0.4737687737760924,0.1769476538294592,True,20,EMA_N150_th5_bL3_sL-1,9
1987-01-02,2006-12-21,0.321745469210007,0.9058952029769816,0.5846727160996649,0.11620780928428243,0.7251172889080421,0.47376877377609244,0.2055376599257246,True,20,EMA_N150_th5_bL3_sL-1,9
1987-12-31,2007-12-24,0.3012030158243737,0.866036847495756,0.5846727160996649,0.11838262566526936,0.7693164721196109,0.47376877377609244,0.18282039015910434,True,20,EMA_N150_th5_bL3_sL-1,9
1988-12-29,2008-12-23,0.30899825957520943,0.8782639996653355,0.584672716099665,0.08083457711190123,0.5186138026731929,0.5072237143228875,0.2281636824633082,True,20,EMA_N150_th5_bL3_sL-1,9
1989-12-28,2009-12-23,0.2838216807447915,0.8248745014701931,0.5846727160996648,0.08222866480616187,0.5118328205143172,0.5514127052677141,0.20159301593862966,True,20,EMA_N150_th5_bL3_sL-1,9
1990-12-27,2010-12-23,0.2956635473089906,0.8421745529117977,0.5846727160996649,0.0912892667298899,0.5505300735059094,0.5514127052677142,0.20437428057910068,True,20,EMA_N150_th5_bL3_sL-1,9
1991-12-26,2011-12-22,0.24877623386853998,0.7557846403799616,0.5846727160996648,0.07925127155798473,0.49156115326943495,0.5514127052677142,0.16952496231055525,True,20,EMA_N150_th5_bL3_sL-1,9
1992-12-23,2012-12-26,0.24683568903267727,0.743441471788066,0.5846727160996649,0.08122092786651991,0.49544794018246185,0.5514127052677141,0.16561476116615736,True,20,EMA_N150_th5_bL3_sL-1,9
1993-12-22,2013-12-26,0.2821516451945483,0.8124854531968142,0.5846727160996649,0.0915993521008791,0.5455137644177719,0.5514127052677142,0.19055229309366917,True,20,EMA_N150_th5_bL3_sL-1,9
1994-12-21,2014-12-26,0.30745310743028575,0.8602902370867903,0.584672716099665,0.09882214588825255,0.5796312192203977,0.5514127052677142,0.2086309615420332,True,20,EMA_N150_th5_bL3_sL-1,9
1995-12-20,2015-12-28,0.22728667816537307,0.6979203137494893,0.5846727160996649,0.08294532303036317,0.4974720968119255,0.5514127052677141,0.1443413551350099,True,20,EMA_N150_th5_bL3_sL-1,9
1996-12-18,2016-12-27,0.20526523461876955,0.6631113752208612,0.5846727160996649,0.0781870460035714,0.4796027175271344,0.5514127052677141,0.12707818861519815,True,20,EMA_N150_th5_bL3_sL-1,9
1997-12-17,2017-12-27,0.1927619739057378,0.6444775688860006,0.5846727160996649,0.07249080249824891,0.4555942265844254,0.5514127052677142,0.12027117140748889,True,20,EMA_N150_th5_bL3_sL-1,9
1998-12-17,2018-12-28,0.19442209648366426,0.6588579433108509,0.4831111788686593,0.0580092666137928,0.3938494223159738,0.5514127052677141,0.13641282986987147,True,20,EMA_N150_th5_bL3_sL-1,9
1999-12-17,2019-12-30,0.17750447039693862,0.6265052334763368,0.4831111788686592,0.06211027860439855,0.4142398760975171,0.5514127052677142,0.11539419179254007,True,20,EMA_N150_th5_bL3_sL-1,9
2000-12-15,2020-12-29,0.17837426627443254,0.6287171048036932,0.6226314857160354,0.07491908915708612,0.45951084451023266,0.5514127052677141,0.10345517711734642,True,20,EMA_N150_th5_bL3_sL-1,9
2001-12-21,2021-12-29,0.21905474268551273,0.7090687971428986,0.6226314857160354,0.09565847054814469,0.5722270476299536,0.5514127052677141,0.12339627213736803,True,20,EMA_N150_th5_bL3_sL-1,9
2002-12-23,2022-12-29,0.18765839980144028,0.6404371859021278,0.6226314857160354,0.0970606564669605,0.5803484040095279,0.5514127052677142,0.09059774333447979,True,20,EMA_N150_th5_bL3_sL-1,9
2003-12-23,2024-01-02,0.18097520364489106,0.6254823249766012,0.6226314857160353,0.09762254974036666,0.5860340568237379,0.5514127052677141,0.0833526539045244,True,20,EMA_N150_th5_bL3_sL-1,9
2004-12-23,2025-01-02,0.20009897996898496,0.6656184097002126,0.6226314857160353,0.10370480888295397,0.6142303164351571,0.5514127052677141,0.09639417108603099,True,20,EMA_N150_th5_bL3_sL-1,9
2005-12-22,2026-01-06,0.1936723568183103,0.6505934015934028,0.6226314857160354,0.11005071264687638,0.6372328952998759,0.5514127052677141,0.08362164417143392,True,20,EMA_N150_th5_bL3_sL-1,9
1986-01-03,1990-12-26,0.173050473943142,0.6317187585631234,0.6305966072913223,0.13133116095848751,0.7266559953203099,0.3288565573843161,0.04171931298465448,True,5,EMA_N200_th2_bL3_sL0,10
1987-01-02,1991-12-24,0.25576240930124894,0.8105268568574415,0.6305966072913223,0.13812892271730326,0.7770002094103399,0.328856557384316,0.11763348658394568,True,5,EMA_N200_th2_bL3_sL0,10
1987-12-31,1992-12-22,0.2418629114257782,0.7920406379406216,0.3861600490905896,0.1597665028455073,1.1097658644211132,0.19183356941998955,0.0820964085802709,True,5,EMA_N200_th2_bL3_sL0,10
1988-12-29,1993-12-21,0.36776401271275505,1.0999480555937604,0.38616004909058965,0.14188814149307016,1.1249140197770626,0.19183356941998964,0.2258758712196849,True,5,EMA_N200_th2_bL3_sL0,10
1989-12-28,1994-12-20,0.12003243340084069,0.5251841494910313,0.38616004909058965,0.0861594758495241,0.7489912048937678,0.19183356941998958,0.033872957551316585,True,5,EMA_N200_th2_bL3_sL0,10
1990-12-27,1995-12-19,0.389193759071911,1.2154202347562053,0.3743589022288049,0.16463347955803043,1.4752054797759762,0.08522360788061661,0.22456027951388058,True,5,EMA_N200_th2_bL3_sL0,10
1991-12-26,1996-12-17,0.3935079698408963,1.28470308191728,0.3743589022288048,0.15292725034399135,1.4647052524634705,0.08522360788061664,0.24058071949690496,True,5,EMA_N200_th2_bL3_sL0,10
1992-12-23,1997-12-16,0.5380888726328765,1.320475817740492,0.3743589022288048,0.19901352989005816,1.4690901794494986,0.11198356632803617,0.33907534274281836,True,5,EMA_N200_th2_bL3_sL0,10
1993-12-22,1998-12-16,0.537009835284842,1.2321886169276222,0.45025863373786645,0.22440696844455887,1.3716142651793786,0.19020871622272723,0.31260286684028316,True,5,EMA_N200_th2_bL3_sL0,10
1994-12-21,1999-12-16,0.7235407178346518,1.4029375791498662,0.45025863373786645,0.2736922813406599,1.5113288230200046,0.19020871622272728,0.44984843649399187,True,5,EMA_N200_th2_bL3_sL0,10
1995-12-20,2000-12-14,0.4095183201034416,0.9004008880044229,0.4502586337378665,0.18942922862489198,0.9703971362558814,0.19020871622272711,0.2200890914785496,True,5,EMA_N200_th2_bL3_sL0,10
1996-12-18,2001-12-20,0.2587969447062841,0.7185182870094871,0.4502586337378665,0.10817681647414967,0.5947752299604295,0.3544624924361658,0.15062012823213444,True,5,EMA_N200_th2_bL3_sL0,10
1997-12-17,2002-12-20,0.08430927699552893,0.39651783654262057,0.4502586337378665,-0.00035264247384625413,0.10732082288912685,0.4737687737760924,0.08466191946937518,True,5,EMA_N200_th2_bL3_sL0,10
1998-12-17,2003-12-22,0.13324020205244969,0.5387905460554134,0.37601761127635186,-0.0005397138115567079,0.12056454641120017,0.4737687737760924,0.1337799158640064,True,5,EMA_N200_th2_bL3_sL0,10
1999-12-17,2004-12-22,0.11032154078837597,0.4872700258192129,0.33241775136370816,-0.017573962863435155,0.024301372517773208,0.4737687737760924,0.12789550365181113,True,5,EMA_N200_th2_bL3_sL0,10
2000-12-15,2005-12-21,0.18142646791567762,0.7949885667963283,0.25776689986765466,0.009523895832712626,0.11906864949639658,0.4193113902856809,0.171902572082965,True,5,EMA_N200_th2_bL3_sL0,10
2001-12-21,2006-12-21,0.2370855089223609,0.9032880601053862,0.2992815715448868,0.061890896861365174,0.45960169601177236,0.32931991735010696,0.17519461206099574,True,5,EMA_N200_th2_bL3_sL0,10
2002-12-23,2007-12-24,0.19803251566209523,0.7058726086551537,0.41109134414761855,0.12745025953416667,0.9816150785432407,0.13713155595240378,0.07058225612792857,True,5,EMA_N200_th2_bL3_sL0,10
2003-12-23,2008-12-23,0.014578117031923021,0.20529283336829626,0.5242468541201424,-0.027729034994333213,-0.024193482970366165,0.5072237143228874,0.042307152026256234,True,5,EMA_N200_th2_bL3_sL0,10
2004-12-23,2009-12-23,0.07895004769297365,0.40278696034238365,0.5249604838389621,0.005917133826857102,0.1448257067685854,0.5514127052677141,0.07303291386611654,True,5,EMA_N200_th2_bL3_sL0,10
2005-12-22,2010-12-23,0.008663499827891386,0.20736270266451215,0.557692233665758,0.019944713130480407,0.20762707237751302,0.5514127052677141,-0.011281213302589022,False,5,EMA_N200_th2_bL3_sL0,10
2006-12-22,2011-12-22,-0.09155638626206586,-0.07568875179436048,0.5881264169687654,-0.0013731664564993196,0.12260927466610279,0.5514127052677141,-0.09018321980556654,False,5,EMA_N200_th2_bL3_sL0,10
2007-12-26,2012-12-26,-0.01697075839665807,0.13978639828347447,0.5812255203154975,0.01204987692797066,0.17805295960250486,0.5331644741109138,-0.02902063532462873,False,5,EMA_N200_th2_bL3_sL0,10
2008-12-24,2013-12-26,0.22860176918995112,0.7278862073023744,0.5812255203154975,0.1883095353357942,0.9997514863834135,0.27120125137024154,0.04029223385415692,True,5,EMA_N200_th2_bL3_sL0,10
2009-12-24,2014-12-26,0.20313809257017046,0.6786832830613326,0.5812255203154973,0.1557113270721573,0.997609617169241,0.18576371244549406,0.04742676549801317,True,5,EMA_N200_th2_bL3_sL0,10
2010-12-27,2015-12-28,0.20148020668375888,0.6823999625840066,0.4984902481884781,0.12711096084552387,0.8579995392521074,0.185763712445494,0.07436924583823501,True,5,EMA_N200_th2_bL3_sL0,10
2011-12-23,2016-12-27,0.3245680412421925,1.0106885760197561,0.37427369173224434,0.14815208712142192,1.1557655728398548,0.1297146274250496,0.1764159541207706,True,5,EMA_N200_th2_bL3_sL0,10
2012-12-27,2017-12-27,0.40893186404925363,1.2513646074486704,0.37427369173224434,0.15984789530313792,1.304000521155299,0.1297146274250495,0.2490839687461157,True,5,EMA_N200_th2_bL3_sL0,10
2013-12-27,2018-12-28,0.1034785778411984,0.4630596873758648,0.49263034523671656,0.08387471154798298,0.6768723291654465,0.19319029340941687,0.01960386629321542,True,5,EMA_N200_th2_bL3_sL0,10
2014-12-29,2019-12-30,0.1260087013635336,0.5254383911652825,0.5098522320587824,0.11284922955954468,0.8653433591374201,0.19319029340941685,0.01315947180398891,True,5,EMA_N200_th2_bL3_sL0,10
2015-12-29,2020-12-29,0.21485837378552386,0.72984133896994,0.5098522320587825,0.14684718378343553,0.8322751309705982,0.3369411382620256,0.06801119000208833,True,5,EMA_N200_th2_bL3_sL0,10
2016-12-28,2021-12-29,0.3716643137813793,0.9990297707132936,0.5098522320587824,0.18520952154848147,0.9873871726812262,0.33694113826202565,0.18645479223289785,True,5,EMA_N200_th2_bL3_sL0,10
2017-12-28,2022-12-29,0.03416978361326217,0.29344526853195657,0.5700204331511982,0.09412973739812336,0.5278053558306166,0.3369411382620256,-0.059959953784861186,False,5,EMA_N200_th2_bL3_sL0,10
2018-12-31,2024-01-02,0.16231840476591297,0.5847874868765114,0.6329379881188307,0.15599293612904175,0.8047850802686117,0.33694113826202554,0.006325468636871223,True,5,EMA_N200_th2_bL3_sL0,10
2019-12-31,2025-01-02,0.19036779276236837,0.6453106916978686,0.6329379881188306,0.14531985507554634,0.7545210211256641,0.3369411382620256,0.045047937686822026,True,5,EMA_N200_th2_bL3_sL0,10
2020-12-30,2026-01-06,0.21736929651844017,0.732636619443798,0.6329379881188308,0.1490744525961183,0.90004962009299,0.24441874976840103,0.06829484392232188,True,5,EMA_N200_th2_bL3_sL0,10
1986-01-03,1995-12-19,0.27349183863655036,0.8999660064392762,0.6305966072913223,0.14692497615128453,0.9460487277838104,0.3288565573843161,0.12656686248526583,True,10,EMA_N200_th2_bL3_sL0,10
1987-01-02,1996-12-17,0.3281143346559847,1.0090159994652255,0.6305966072913223,0.14702699777073036,0.9659603955567658,0.328856557384316,0.18108733688525436,True,10,EMA_N200_th2_bL3_sL0,10
1987-12-31,1997-12-16,0.38071590181913684,1.0651374909892524,0.3861600490905896,0.17881951074524727,1.279023645493094,0.19183356941998955,0.20189639107388957,True,10,EMA_N200_th2_bL3_sL0,10
1988-12-29,1998-12-16,0.4526015301710351,1.1662978068567766,0.4502586337378664,0.18314271565548568,1.2541090049463974,0.19183356941998964,0.2694588145155494,True,10,EMA_N200_th2_bL3_sL0,10
1989-12-28,1999-12-16,0.39357109583653926,1.0293617648944786,0.4502586337378665,0.1773609147247006,1.1771667156668573,0.19183356941998958,0.21621018111183865,True,10,EMA_N200_th2_bL3_sL0,10
1990-12-27,2000-12-14,0.3950046005968775,0.9789057796658152,0.4502586337378665,0.1757442376900613,1.0990673314525914,0.1902087162227272,0.21926036290681616,True,10,EMA_N200_th2_bL3_sL0,10
1991-12-26,2001-12-20,0.32740593553616026,0.8999382636049528,0.45025863373786645,0.13116887104663966,0.8274015620134825,0.3544624924361658,0.1962370644895206,True,10,EMA_N200_th2_bL3_sL0,10
1992-12-23,2002-12-20,0.2892796869142411,0.8288538860118768,0.4502586337378665,0.09419870541686581,0.5783671554403454,0.47376877377609244,0.1950809814973753,True,10,EMA_N200_th2_bL3_sL0,10
1993-12-22,2003-12-22,0.3258118164284416,0.8996287107029616,0.45025863373786645,0.10793989253576086,0.6382113652627169,0.4737687737760924,0.21787192389268073,True,10,EMA_N200_th2_bL3_sL0,10
1994-12-21,2004-12-22,0.38581340401351105,1.004681838097172,0.45025863373786645,0.11928410631638697,0.6927876320525749,0.4737687737760924,0.2665292976971241,True,10,EMA_N200_th2_bL3_sL0,10
1995-12-20,2005-12-21,0.2903120385528426,0.8141659683220863,0.4502586337378665,0.09325786245396572,0.5570344213552254,0.47376877377609244,0.19705417609887688,True,10,EMA_N200_th2_bL3_sL0,10
1996-12-18,2006-12-21,0.24778430600183032,0.7529170419129476,0.4502586337378665,0.08540631140487931,0.5314529109947129,0.4737687737760924,0.16237799459695101,True,10,EMA_N200_th2_bL3_sL0,10
1997-12-17,2007-12-24,0.13969419563906604,0.5287751456070324,0.4502586337378665,0.06163795899736613,0.41253218275530407,0.4737687737760924,0.07805623664169992,True,10,EMA_N200_th2_bL3_sL0,10
1998-12-17,2008-12-23,0.07244166854486611,0.38820437258104845,0.5242468541201424,-0.01415919823058387,0.04876251293040151,0.5072237143228874,0.08660086677544998,True,10,EMA_N200_th2_bL3_sL0,10
1999-12-17,2009-12-23,0.09472596351814477,0.44657329464205103,0.5249604838389622,-0.005820959382251023,0.0887022268960443,0.5514127052677142,0.1005469229003958,True,10,EMA_N200_th2_bL3_sL0,10
2000-12-15,2010-12-23,0.09329542876582586,0.44892958179262393,0.557692233665758,0.015245783399367996,0.16804007871150634,0.5514127052677141,0.07804964536645786,True,10,EMA_N200_th2_bL3_sL0,10
2001-12-21,2011-12-22,0.05810665061368048,0.3377480070106583,0.5881264169687656,0.029126940401384305,0.24308676130679438,0.5514127052677141,0.028979710212296173,True,10,EMA_N200_th2_bL3_sL0,10
2002-12-23,2012-12-26,0.08587763419868244,0.41187457065967775,0.5881264169687656,0.06839417371007173,0.42305002819718623,0.5514127052677142,0.017483460488610714,True,10,EMA_N200_th2_bL3_sL0,10
2003-12-23,2013-12-26,0.11642439762248591,0.4912698623576059,0.5881264169687654,0.07546816740975926,0.45958732073225644,0.5514127052677141,0.04095623021272665,True,10,EMA_N200_th2_bL3_sL0,10
2004-12-23,2014-12-26,0.14089980951148262,0.5526984531583199,0.5881264169687654,0.07869376773640568,0.47437302119887576,0.5514127052677141,0.06220604177507694,True,10,EMA_N200_th2_bL3_sL0,10
2005-12-22,2015-12-28,0.10094496963844679,0.4539813199626053,0.5881264169687654,0.07220318309463214,0.44312126302346866,0.5514127052677141,0.02874178654381465,True,10,EMA_N200_th2_bL3_sL0,10
2006-12-22,2016-12-27,0.09981346512465783,0.44120379053981784,0.5881264169687654,0.07170785766692211,0.43349038297674664,0.5514127052677141,0.028105607457735715,True,10,EMA_N200_th2_bL3_sL0,10
2007-12-26,2017-12-27,0.17631577241288654,0.6520026129420353,0.5812255203154975,0.08325212445583285,0.4957802388306853,0.5331644741109138,0.09306364795705369,True,10,EMA_N200_th2_bL3_sL0,10
2008-12-24,2018-12-28,0.16426822773235683,0.603156832699949,0.5812255203154975,0.13482871520012107,0.8535349457651878,0.27120125137024154,0.029439512532235756,True,10,EMA_N200_th2_bL3_sL0,10
2009-12-24,2019-12-30,0.16432985046330284,0.6059870744471731,0.5812255203154973,0.13417388667441887,0.9337157419672938,0.1931902934094168,0.030155963788883966,True,10,EMA_N200_th2_bL3_sL0,10
2010-12-27,2020-12-29,0.21187160588796106,0.706179090004171,0.5098522320587825,0.1380867175501692,0.8392979135744216,0.33694113826202554,0.07378488833779184,True,10,EMA_N200_th2_bL3_sL0,10
2011-12-23,2021-12-29,0.3443663247575204,1.002376285077025,0.5098522320587825,0.16549475670765523,1.0368553589863043,0.3369411382620256,0.17887156804986515,True,10,EMA_N200_th2_bL3_sL0,10
2012-12-27,2022-12-29,0.20774339647903806,0.7033323191442599,0.5700204331511982,0.1266884782473816,0.7724636871665684,0.3369411382620256,0.08105491823165645,True,10,EMA_N200_th2_bL3_sL0,10
2013-12-27,2024-01-02,0.13246048176862857,0.5269349752981914,0.6329379881188306,0.12028040739025014,0.736416410531179,0.33694113826202554,0.012180074378378425,True,10,EMA_N200_th2_bL3_sL0,10
2014-12-29,2025-01-02,0.15851203729890706,0.5882716563453875,0.6329379881188308,0.12918792519388367,0.7792335951907536,0.33694113826202554,0.029324112105023392,True,10,EMA_N200_th2_bL3_sL0,10
2015-12-29,2026-01-06,0.21653524318614603,0.7310479140768056,0.6329379881188307,0.14806157038177026,0.8634213821134769,0.3369411382620256,0.06847367280437577,True,10,EMA_N200_th2_bL3_sL0,10
1986-01-03,2000-12-14,0.31460950331781,0.8747224943050446,0.6305966072913223,0.16011857164710452,0.9501398766431252,0.3288565573843161,0.1544909316707055,True,15,EMA_N200_th2_bL3_sL0,10
1987-01-02,2001-12-20,0.3065519934214811,0.8710412642760035,0.6305966072913223,0.1344908960868736,0.8063308631518367,0.35446249243616573,0.1720610973346075,True,15,EMA_N200_th2_bL3_sL0,10
1987-12-31,2002-12-20,0.2724812617560104,0.8160242800526114,0.45025863373786645,0.11538586105559312,0.7210366793095082,0.47376877377609244,0.15709540070041728,True,15,EMA_N200_th2_bL3_sL0,10
1988-12-29,2003-12-22,0.3413265851947054,0.9556891986340214,0.4502586337378664,0.11960655931774866,0.7482070822280353,0.47376877377609244,0.22172002587695672,True,15,EMA_N200_th2_bL3_sL0,10
1989-12-28,2004-12-22,0.2934964405682621,0.8651873185001655,0.4502586337378665,0.10888478614950348,0.693520784936189,0.4737687737760924,0.1846116544187586,True,15,EMA_N200_th2_bL3_sL0,10
1990-12-27,2005-12-21,0.31975646849524164,0.9128573374529978,0.4502586337378665,0.115786535781909,0.7345066555805546,0.47376877377609244,0.20396993271333264,True,15,EMA_N200_th2_bL3_sL0,10
1991-12-26,2006-12-21,0.29650817568745547,0.8872049083486497,0.45025863373786645,0.10800957578633241,0.7076466946608773,0.47376877377609244,0.18849859990112305,True,15,EMA_N200_th2_bL3_sL0,10
1992-12-23,2007-12-24,0.25804850407509017,0.7899209940061026,0.4502586337378665,0.10516481282549806,0.6762052837882725,0.47376877377609244,0.1528836912495921,True,15,EMA_N200_th2_bL3_sL0,10
1993-12-22,2008-12-23,0.21280920913031287,0.7025293287155865,0.5242468541201423,0.06077527876278688,0.39889340991359235,0.5072237143228875,0.152033930367526,True,15,EMA_N200_th2_bL3_sL0,10
1994-12-21,2009-12-23,0.2750168188828508,0.833364579270604,0.5249604838389622,0.08018436534592666,0.47787325842896483,0.5514127052677142,0.19483245353692413,True,15,EMA_N200_th2_bL3_sL0,10
1995-12-20,2010-12-23,0.18983173493878946,0.6348880020145641,0.5576922336657579,0.06861286685386592,0.4157864816555877,0.5514127052677141,0.12121886808492355,True,15,EMA_N200_th2_bL3_sL0,10
1996-12-18,2011-12-22,0.12111903308403105,0.491811883215719,0.5881264169687656,0.055231925647602376,0.3581443833797024,0.5514127052677141,0.06588710743642867,True,15,EMA_N200_th2_bL3_sL0,10
1997-12-17,2012-12-26,0.08533121101883001,0.4040851621620376,0.5881264169687656,0.044986149802106246,0.3109420401130756,0.5514127052677142,0.040345061216723765,True,15,EMA_N200_th2_bL3_sL0,10
1998-12-17,2013-12-26,0.12210727849950409,0.5075888989660503,0.5881264169687654,0.04954903054066806,0.3413609016782043,0.5514127052677141,0.07255824795883603,True,15,EMA_N200_th2_bL3_sL0,10
1999-12-17,2014-12-26,0.13074708381140976,0.5312218248874931,0.5881264169687654,0.045648102504628696,0.32232951765145973,0.5514127052677142,0.08509898130678106,True,15,EMA_N200_th2_bL3_sL0,10
2000-12-15,2015-12-28,0.12827133350983067,0.5353164663379621,0.5881264169687656,0.051247340558888244,0.3423804390035003,0.5514127052677141,0.07702399295094242,True,15,EMA_N200_th2_bL3_sL0,10
2001-12-21,2016-12-27,0.14231661566562348,0.566736964632539,0.5881264169687656,0.0679689827091301,0.4379267005301233,0.5514127052677141,0.07434763295649338,True,15,EMA_N200_th2_bL3_sL0,10
2002-12-23,2017-12-27,0.18396002289578184,0.6698795518995649,0.5881264169687656,0.09791500740335901,0.6032535516489724,0.5514127052677142,0.08604501549242283,True,15,EMA_N200_th2_bL3_sL0,10
2003-12-23,2018-12-28,0.11204815131563439,0.4820380421805265,0.5881264169687654,0.07823719711497179,0.5039213220577035,0.5514127052677141,0.0338109542006626,True,15,EMA_N200_th2_bL3_sL0,10
2004-12-23,2019-12-30,0.1361800465456462,0.5437604854491288,0.5881264169687654,0.09003082997077128,0.562287973559796,0.5514127052677141,0.04614921657487492,True,15,EMA_N200_th2_bL3_sL0,10
2005-12-22,2020-12-29,0.14001953101044018,0.548485977582427,0.5881264169687654,0.09727196235353652,0.5645661957840065,0.5514127052677141,0.042747568656903656,True,15,EMA_N200_th2_bL3_sL0,10
2006-12-22,2021-12-29,0.18178798199974633,0.636595076286284,0.5881264169687654,0.1076267045297501,0.6052824971355155,0.5514127052677141,0.07416127746999623,True,15,EMA_N200_th2_bL3_sL0,10
2007-12-26,2022-12-29,0.1273234618471495,0.5154226160020182,0.5812255203154975,0.08699025482176448,0.5066774465071109,0.5331644741109138,0.04033320702538501,True,15,EMA_N200_th2_bL3_sL0,10
2008-12-24,2024-01-02,0.16357143665320883,0.5964070567805129,0.6329379881188307,0.14246258162626368,0.8288447389056053,0.3369411382620256,0.02110885502694515,True,15,EMA_N200_th2_bL3_sL0,10
2009-12-24,2025-01-02,0.17345948744060613,0.6193427322148592,0.6329379881188307,0.1380216324499144,0.8460478294587264,0.33694113826202554,0.03543785499069174,True,15,EMA_N200_th2_bL3_sL0,10
2010-12-27,2026-01-06,0.21398231758533437,0.7146460408316311,0.6329379881188307,0.1418053987481449,0.8594633797056009,0.33694113826202554,0.07217691883718946,True,15,EMA_N200_th2_bL3_sL0,10
1986-01-03,2005-12-21,0.2799192734463971,0.846302997953804,0.6305966072913223,0.11919975998259358,0.7302840213678852,0.4737687737760924,0.16071951346380353,True,20,EMA_N200_th2_bL3_sL0,10
1987-01-02,2006-12-21,0.2887700607637007,0.8675046958095489,0.6305966072913223,0.11620780928428243,0.7251172889080421,0.47376877377609244,0.17256225147941828,True,20,EMA_N200_th2_bL3_sL0,10
1987-12-31,2007-12-24,0.25339750793537164,0.7899144011476149,0.45025863373786645,0.11838262566526936,0.7693164721196109,0.47376877377609244,0.13501488227010228,True,20,EMA_N200_th2_bL3_sL0,10
1988-12-29,2008-12-23,0.2509961984071529,0.7937358105369419,0.5242468541201423,0.08083457711190123,0.5186138026731929,0.5072237143228875,0.1701616212952517,True,20,EMA_N200_th2_bL3_sL0,10
1989-12-28,2009-12-23,0.23626554550032153,0.7641232015531163,0.5249604838389621,0.08222866480616187,0.5118328205143172,0.5514127052677141,0.15403688069415966,True,20,EMA_N200_th2_bL3_sL0,10
1990-12-27,2010-12-23,0.2349187840547855,0.7500135849725004,0.557692233665758,0.0912892667298899,0.5505300735059094,0.5514127052677142,0.1436295173248956,True,20,EMA_N200_th2_bL3_sL0,10
1991-12-26,2011-12-22,0.18509171112996836,0.6467359201824106,0.5881264169687654,0.07925127155798473,0.49156115326943495,0.5514127052677142,0.10584043957198364,True,20,EMA_N200_th2_bL3_sL0,10
1992-12-23,2012-12-26,0.18317644344188433,0.6338152283171794,0.5881264169687654,0.08122092786651991,0.49544794018246185,0.5514127052677141,0.10195551557536442,True,20,EMA_N200_th2_bL3_sL0,10
1993-12-22,2013-12-26,0.21668928541127785,0.7089258799520461,0.5881264169687656,0.0915993521008791,0.5455137644177719,0.5514127052677142,0.12508993331039875,True,20,EMA_N200_th2_bL3_sL0,10
1994-12-21,2014-12-26,0.25748945216882646,0.7941686147731665,0.5881264169687654,0.09882214588825255,0.5796312192203977,0.5514127052677142,0.1586673062805739,True,20,EMA_N200_th2_bL3_sL0,10
1995-12-20,2015-12-28,0.19275997923735866,0.6460325122966989,0.5881264169687654,0.08294532303036317,0.4974720968119255,0.5514127052677141,0.10981465620699549,True,20,EMA_N200_th2_bL3_sL0,10
1996-12-18,2016-12-27,0.17033729859227886,0.6058911606163867,0.5881264169687656,0.0781870460035714,0.4796027175271344,0.5514127052677141,0.09215025258870746,True,20,EMA_N200_th2_bL3_sL0,10
1997-12-17,2017-12-27,0.15819637562679323,0.5852084153256583,0.5881264169687656,0.07249080249824891,0.4555942265844254,0.5514127052677142,0.08570557312854432,True,20,EMA_N200_th2_bL3_sL0,10
1998-12-17,2018-12-28,0.1173874642111572,0.49682606221317266,0.5881264169687654,0.0580092666137928,0.3938494223159738,0.5514127052677141,0.0593781975973644,True,20,EMA_N200_th2_bL3_sL0,10
1999-12-17,2019-12-30,0.12975950503405342,0.529752402500732,0.5881264169687654,0.06211027860439855,0.4142398760975171,0.5514127052677142,0.06764922642965487,True,20,EMA_N200_th2_bL3_sL0,10
2000-12-15,2020-12-29,0.15109269772172684,0.5880065052199275,0.5881264169687656,0.07491908915708612,0.45951084451023266,0.5514127052677141,0.07617360856464073,True,20,EMA_N200_th2_bL3_sL0,10
2001-12-21,2021-12-29,0.19421539395432297,0.6858319679467982,0.5881264169687656,0.09565847054814469,0.5722270476299536,0.5514127052677141,0.09855692340617828,True,20,EMA_N200_th2_bL3_sL0,10
2002-12-23,2022-12-29,0.14492754791644624,0.5601111155679704,0.5881264169687656,0.0970606564669605,0.5803484040095279,0.5514127052677142,0.04786689144948575,True,20,EMA_N200_th2_bL3_sL0,10
2003-12-23,2024-01-02,0.12437702217618374,0.5093276101881207,0.6329379881188307,0.09762254974036666,0.5860340568237379,0.5514127052677141,0.026754472435817078,True,20,EMA_N200_th2_bL3_sL0,10
2004-12-23,2025-01-02,0.14987011556238028,0.5707321380772329,0.6329379881188307,0.10370480888295397,0.6142303164351571,0.5514127052677141,0.04616530667942631,True,20,EMA_N200_th2_bL3_sL0,10
2005-12-22,2026-01-06,0.1590881452001487,0.5940441808090536,0.6329379881188307,0.11005071264687638,0.6372328952998759,0.5514127052677141,0.04903743255327231,True,20,EMA_N200_th2_bL3_sL0,10
1986-01-03,1990-12-26,0.19869256117337208,0.6547557041547241,0.564217076695463,0.13133116095848751,0.7266559953203099,0.3288565573843161,0.06736140021488457,True,5,EMA_N100_th5_bL3_sL-1,11
1987-01-02,1991-12-24,0.30573335018368697,0.8843504944048638,0.564217076695463,0.13812892271730326,0.7770002094103399,0.328856557384316,0.1676044274663837,True,5,EMA_N100_th5_bL3_sL-1,11
1987-12-31,1992-12-22,0.27950791686140053,0.8770711457686602,0.3520054712851972,0.1597665028455073,1.1097658644211132,0.19183356941998955,0.11974141401589322,True,5,EMA_N100_th5_bL3_sL-1,11
1988-12-29,1993-12-21,0.3515615997924464,1.0628721784051147,0.3520054712851972,0.14188814149307016,1.1249140197770626,0.19183356941998964,0.20967345829937623,True,5,EMA_N100_th5_bL3_sL-1,11
1989-12-28,1994-12-20,0.11565910386561251,0.5197024551150102,0.3520054712851972,0.0861594758495241,0.7489912048937678,0.19183356941998958,0.02949962801608841,True,5,EMA_N100_th5_bL3_sL-1,11
1990-12-27,1995-12-19,0.310611946852396,1.0947708385425219,0.3600288730761652,0.16463347955803043,1.4752054797759762,0.08522360788061661,0.1459784672943656,True,5,EMA_N100_th5_bL3_sL-1,11
1991-12-26,1996-12-17,0.3155507164872766,1.1395738771388229,0.36002887307616527,0.15292725034399135,1.4647052524634705,0.08522360788061664,0.16262346614328527,True,5,EMA_N100_th5_bL3_sL-1,11
1992-12-23,1997-12-16,0.45204330524518954,1.1967300127409248,0.36002887307616527,0.19901352989005816,1.4690901794494986,0.11198356632803617,0.2530297753551314,True,5,EMA_N100_th5_bL3_sL-1,11
1993-12-22,1998-12-16,0.42770952614298174,1.0780535416969523,0.4256136213492628,0.22440696844455887,1.3716142651793786,0.19020871622272723,0.20330255769842287,True,5,EMA_N100_th5_bL3_sL-1,11
1994-12-21,1999-12-16,0.5305556876441049,1.1393714815999731,0.4256136213492628,0.2736922813406599,1.5113288230200046,0.19020871622272728,0.25686340630344495,True,5,EMA_N100_th5_bL3_sL-1,11
1995-12-20,2000-12-14,0.3145161886655825,0.7691054712551402,0.5146211490935846,0.18942922862489198,0.9703971362558814,0.19020871622272711,0.12508696004069053,True,5,EMA_N100_th5_bL3_sL-1,11
1996-12-18,2001-12-20,0.1941143004585928,0.612061410273133,0.5146211490935846,0.10817681647414967,0.5947752299604295,0.3544624924361658,0.08593748398444312,True,5,EMA_N100_th5_bL3_sL-1,11
1997-12-17,2002-12-20,0.05847562595525835,0.34672233874645025,0.5146211490935845,-0.00035264247384625413,0.10732082288912685,0.4737687737760924,0.0588282684291046,True,5,EMA_N100_th5_bL3_sL-1,11
1998-12-17,2003-12-22,0.11369888984819276,0.48731660130894433,0.5146211490935846,-0.0005397138115567079,0.12056454641120017,0.4737687737760924,0.11423860365974947,True,5,EMA_N100_th5_bL3_sL-1,11
1999-12-17,2004-12-22,0.17126136191858432,0.6121664486040711,0.35464048037124013,-0.017573962863435155,0.024301372517773208,0.4737687737760924,0.18883532478201948,True,5,EMA_N100_th5_bL3_sL-1,11
2000-12-15,2005-12-21,0.2509476365029446,0.9109518105176143,0.2500009525335411,0.009523895832712626,0.11906864949639658,0.4193113902856809,0.24142374067023198,True,5,EMA_N100_th5_bL3_sL-1,11
2001-12-21,2006-12-21,0.3313935232849745,1.0675241632414727,0.2500009525335412,0.061890896861365174,0.45960169601177236,0.32931991735010696,0.26950262642360934,True,5,EMA_N100_th5_bL3_sL-1,11
2002-12-23,2007-12-24,0.26280602211628956,0.839986039175847,0.3376237131165279,0.12745025953416667,0.9816150785432407,0.13713155595240378,0.1353557625821229,True,5,EMA_N100_th5_bL3_sL-1,11
2003-12-23,2008-12-23,0.2312707350003067,0.7552175327669199,0.33762371311652795,-0.027729034994333213,-0.024193482970366165,0.5072237143228874,0.2589997699946399,True,5,EMA_N100_th5_bL3_sL-1,11
2004-12-23,2009-12-23,0.2780702085297666,0.8156707753879379,0.3510687253240512,0.005917133826857102,0.1448257067685854,0.5514127052677141,0.2721530747029095,True,5,EMA_N100_th5_bL3_sL-1,11
2005-12-22,2010-12-23,0.23399581420767035,0.7218122185303236,0.3995731480376146,0.019944713130480407,0.20762707237751302,0.5514127052677141,0.21405110107718994,True,5,EMA_N100_th5_bL3_sL-1,11
2006-12-22,2011-12-22,0.07691715043073222,0.38357152836808395,0.5664799256048674,-0.0013731664564993196,0.12260927466610279,0.5514127052677141,0.07829031688723154,True,5,EMA_N100_th5_bL3_sL-1,11
2007-12-26,2012-12-26,0.18571466576573248,0.6078478834013277,0.5664799256048674,0.01204987692797066,0.17805295960250486,0.5331644741109138,0.17366478883776182,True,5,EMA_N100_th5_bL3_sL-1,11
2008-12-24,2013-12-26,0.2985935866130984,0.82426556049929,0.5664799256048674,0.1883095353357942,0.9997514863834135,0.27120125137024154,0.11028405127730423,True,5,EMA_N100_th5_bL3_sL-1,11
2009-12-24,2014-12-26,0.26862718048203216,0.8099017702987078,0.5664799256048674,0.1557113270721573,0.997609617169241,0.18576371244549406,0.11291585340987487,True,5,EMA_N100_th5_bL3_sL-1,11
2010-12-27,2015-12-28,0.2177235559510331,0.7107996633314346,0.5581305682976989,0.12711096084552387,0.8579995392521074,0.185763712445494,0.09061259510550923,True,5,EMA_N100_th5_bL3_sL-1,11
2011-12-23,2016-12-27,0.3177934093170347,1.0298756618195282,0.38361326593098305,0.14815208712142192,1.1557655728398548,0.1297146274250496,0.1696413221956128,True,5,EMA_N100_th5_bL3_sL-1,11
2012-12-27,2017-12-27,0.36767312059561763,1.2196963949312543,0.3836132659309831,0.15984789530313792,1.304000521155299,0.1297146274250495,0.2078252252924797,True,5,EMA_N100_th5_bL3_sL-1,11
2013-12-27,2018-12-28,0.16637637392421967,0.6520881295807612,0.38361326593098305,0.08387471154798298,0.6768723291654465,0.19319029340941687,0.08250166237623668,True,5,EMA_N100_th5_bL3_sL-1,11
2014-12-29,2019-12-30,0.12436755887528728,0.5375168134494793,0.40768284844149505,0.11284922955954468,0.8653433591374201,0.19319029340941685,0.011518329315742593,True,5,EMA_N100_th5_bL3_sL-1,11
2015-12-29,2020-12-29,0.2261725040027487,0.7301871828594751,0.4444534794918299,0.14684718378343553,0.8322751309705982,0.3369411382620256,0.07932532021931316,True,5,EMA_N100_th5_bL3_sL-1,11
2016-12-28,2021-12-29,0.40389763189983885,1.0378084367701297,0.4444534794918298,0.18520952154848147,0.9873871726812262,0.33694113826202565,0.21868811035135738,True,5,EMA_N100_th5_bL3_sL-1,11
2017-12-28,2022-12-29,0.04998630133057347,0.3345883506872315,0.6083332515987174,0.09412973739812336,0.5278053558306166,0.3369411382620256,-0.04414343606754989,False,5,EMA_N100_th5_bL3_sL-1,11
2018-12-31,2024-01-02,0.1270674306003765,0.49386089998826066,0.686176341363986,0.15599293612904175,0.8047850802686117,0.33694113826202554,-0.02892550552866524,False,5,EMA_N100_th5_bL3_sL-1,11
2019-12-31,2025-01-02,0.21967977714194986,0.6855541707046039,0.6861763413639861,0.14531985507554634,0.7545210211256641,0.3369411382620256,0.07435992206640352,True,5,EMA_N100_th5_bL3_sL-1,11
2020-12-30,2026-01-06,0.20775287239156204,0.6934061630181658,0.686176341363986,0.1490744525961183,0.90004962009299,0.24441874976840103,0.05867841979544375,True,5,EMA_N100_th5_bL3_sL-1,11
1986-01-03,1995-12-19,0.2542341639375456,0.8267299364471121,0.564217076695463,0.14692497615128453,0.9460487277838104,0.3288565573843161,0.10730918778626108,True,10,EMA_N100_th5_bL3_sL-1,11
1987-01-02,1996-12-17,0.31585986696950585,0.9731864139072787,0.564217076695463,0.14702699777073036,0.9659603955567658,0.328856557384316,0.1688328691987755,True,10,EMA_N100_th5_bL3_sL-1,11
1987-12-31,1997-12-16,0.36172824136153103,1.0397015114510508,0.3600288730761653,0.17881951074524727,1.279023645493094,0.19183356941998955,0.18290873061628377,True,10,EMA_N100_th5_bL3_sL-1,11
1988-12-29,1998-12-16,0.39170704170896853,1.066574879676701,0.4256136213492627,0.18314271565548568,1.2541090049463974,0.19183356941998964,0.20856432605348285,True,10,EMA_N100_th5_bL3_sL-1,11
1989-12-28,1999-12-16,0.30520616186623695,0.8747061526729286,0.4256136213492628,0.1773609147247006,1.1771667156668573,0.19183356941998958,0.12784524714153633,True,10,EMA_N100_th5_bL3_sL-1,11
1990-12-27,2000-12-14,0.3085488229396878,0.8441482553769796,0.5146211490935846,0.1757442376900613,1.0990673314525914,0.1902087162227272,0.13280458524962646,True,10,EMA_N100_th5_bL3_sL-1,11
1991-12-26,2001-12-20,0.25619611004271636,0.7663956552026729,0.5146211490935846,0.13116887104663966,0.8274015620134825,0.3544624924361658,0.1250272389960767,True,10,EMA_N100_th5_bL3_sL-1,11
1992-12-23,2002-12-20,0.23770485638502792,0.7207976132939218,0.5146211490935846,0.09419870541686581,0.5783671554403454,0.47376877377609244,0.1435061509681621,True,10,EMA_N100_th5_bL3_sL-1,11
1993-12-22,2003-12-22,0.26675975152292475,0.7782972933084208,0.5146211490935846,0.10793989253576086,0.6382113652627169,0.4737687737760924,0.1588198589871639,True,10,EMA_N100_th5_bL3_sL-1,11
1994-12-21,2004-12-22,0.3413024191547691,0.8969702931100342,0.5146211490935846,0.11928410631638697,0.6927876320525749,0.4737687737760924,0.22201831283838214,True,10,EMA_N100_th5_bL3_sL-1,11
1995-12-20,2005-12-21,0.28506548563185685,0.7892746910821201,0.5146211490935846,0.09325786245396572,0.5570344213552254,0.47376877377609244,0.19180762317789113,True,10,EMA_N100_th5_bL3_sL-1,11
1996-12-18,2006-12-21,0.2600015289842441,0.7608785134070478,0.5146211490935846,0.08540631140487931,0.5314529109947129,0.4737687737760924,0.1745952175793648,True,10,EMA_N100_th5_bL3_sL-1,11
1997-12-17,2007-12-24,0.15602560641747343,0.5563674404102408,0.5146211490935845,0.06163795899736613,0.41253218275530407,0.4737687737760924,0.0943876474201073,True,10,EMA_N100_th5_bL3_sL-1,11
1998-12-17,2008-12-23,0.171157846399405,0.6088705267597503,0.5146211490935846,-0.01415919823058387,0.04876251293040151,0.5072237143228874,0.18531704462998888,True,10,EMA_N100_th5_bL3_sL-1,11
1999-12-17,2009-12-23,0.22367313331351002,0.7155938869370149,0.35464048037124013,-0.005820959382251023,0.0887022268960443,0.5514127052677142,0.22949409269576104,True,10,EMA_N100_th5_bL3_sL-1,11
2000-12-15,2010-12-23,0.244271431190912,0.7905808316390158,0.3995731480376147,0.015245783399367996,0.16804007871150634,0.5514127052677141,0.229025647791544,True,10,EMA_N100_th5_bL3_sL-1,11
2001-12-21,2011-12-22,0.19509922346513964,0.6529319771098203,0.5664799256048674,0.029126940401384305,0.24308676130679438,0.5514127052677141,0.16597228306375533,True,10,EMA_N100_th5_bL3_sL-1,11
2002-12-23,2012-12-26,0.22328752356405013,0.7067256273734188,0.5664799256048674,0.06839417371007173,0.42305002819718623,0.5514127052677142,0.1548933498539784,True,10,EMA_N100_th5_bL3_sL-1,11
2003-12-23,2013-12-26,0.26362519129816975,0.7900150879504746,0.5664799256048674,0.07546816740975926,0.45958732073225644,0.5514127052677141,0.1881570238884105,True,10,EMA_N100_th5_bL3_sL-1,11
2004-12-23,2014-12-26,0.2750120605723865,0.812781878631028,0.5664799256048674,0.07869376773640568,0.47437302119887576,0.5514127052677141,0.1963182928359808,True,10,EMA_N100_th5_bL3_sL-1,11
2005-12-22,2015-12-28,0.2258767444634291,0.7157608398311684,0.5664799256048673,0.07220318309463214,0.44312126302346866,0.5514127052677141,0.15367356136879695,True,10,EMA_N100_th5_bL3_sL-1,11
2006-12-22,2016-12-27,0.19435517905282995,0.6451567009065658,0.5664799256048674,0.07170785766692211,0.43349038297674664,0.5514127052677141,0.12264732138590784,True,10,EMA_N100_th5_bL3_sL-1,11
2007-12-26,2017-12-27,0.2728093589713323,0.8345358619693835,0.5664799256048674,0.08325212445583285,0.4957802388306853,0.5331644741109138,0.18955723451549944,True,10,EMA_N100_th5_bL3_sL-1,11
2008-12-24,2018-12-28,0.2305859536914472,0.7425397620399938,0.5664799256048674,0.13482871520012107,0.8535349457651878,0.27120125137024154,0.09575723849132611,True,10,EMA_N100_th5_bL3_sL-1,11
2009-12-24,2019-12-30,0.1947145033973805,0.6849884861574321,0.5664799256048674,0.13417388667441887,0.9337157419672938,0.1931902934094168,0.06054061672296163,True,10,EMA_N100_th5_bL3_sL-1,11
2010-12-27,2020-12-29,0.220527606565442,0.7204065596185371,0.5581305682976989,0.1380867175501692,0.8392979135744216,0.33694113826202554,0.0824408890152728,True,10,EMA_N100_th5_bL3_sL-1,11
2011-12-23,2021-12-29,0.3565830773871552,1.028512153036049,0.44445347949182984,0.16549475670765523,1.0368553589863043,0.3369411382620256,0.1910883206795,True,10,EMA_N100_th5_bL3_sL-1,11
2012-12-27,2022-12-29,0.198996678046369,0.6806267480817823,0.6083332515987174,0.1266884782473816,0.7724636871665684,0.3369411382620256,0.0723081997989874,True,10,EMA_N100_th5_bL3_sL-1,11
2013-12-27,2024-01-02,0.14547784068351977,0.5553183639897764,0.686176341363986,0.12028040739025014,0.736416410531179,0.33694113826202554,0.025197433293269622,True,10,EMA_N100_th5_bL3_sL-1,11
2014-12-29,2025-01-02,0.17182885253398616,0.615577752079162,0.6861763413639861,0.12918792519388367,0.7792335951907536,0.33694113826202554,0.0426409273401025,True,10,EMA_N100_th5_bL3_sL-1,11
2015-12-29,2026-01-06,0.21734985353188585,0.7117279491483763,0.686176341363986,0.14806157038177026,0.8634213821134769,0.3369411382620256,0.06928828315011559,True,10,EMA_N100_th5_bL3_sL-1,11
1986-01-03,2000-12-14,0.2714210833371109,0.7835195484682801,0.564217076695463,0.16011857164710452,0.9501398766431252,0.3288565573843161,0.11130251169000638,True,15,EMA_N100_th5_bL3_sL-1,11
1987-01-02,2001-12-20,0.2758823162244972,0.8050760750137459,0.564217076695463,0.1344908960868736,0.8063308631518367,0.35446249243616573,0.14139142013762362,True,15,EMA_N100_th5_bL3_sL-1,11
1987-12-31,2002-12-20,0.2507017235456057,0.7654204945979952,0.5146211490935847,0.11538586105559312,0.7210366793095082,0.47376877377609244,0.1353158624900126,True,15,EMA_N100_th5_bL3_sL-1,11
1988-12-29,2003-12-22,0.2960457387252058,0.8573809078088395,0.5146211490935846,0.11960655931774866,0.7482070822280353,0.47376877377609244,0.17643917940745713,True,15,EMA_N100_th5_bL3_sL-1,11
1989-12-28,2004-12-22,0.2604684932571528,0.7887592833918172,0.5146211490935846,0.10888478614950348,0.693520784936189,0.4737687737760924,0.15158370710764935,True,15,EMA_N100_th5_bL3_sL-1,11
1990-12-27,2005-12-21,0.29088986088349644,0.8509310669566991,0.5146211490935846,0.115786535781909,0.7345066555805546,0.47376877377609244,0.17510332510158744,True,15,EMA_N100_th5_bL3_sL-1,11
1991-12-26,2006-12-21,0.28016626589337656,0.841594816074507,0.5146211490935846,0.10800957578633241,0.7076466946608773,0.47376877377609244,0.17215669010704415,True,15,EMA_N100_th5_bL3_sL-1,11
1992-12-23,2007-12-24,0.24591010773103306,0.7541229569996615,0.5146211490935846,0.10516481282549806,0.6762052837882725,0.47376877377609244,0.140745294905535,True,15,EMA_N100_th5_bL3_sL-1,11
1993-12-22,2008-12-23,0.25490351738902683,0.7696435079195483,0.5146211490935846,0.06077527876278688,0.39889340991359235,0.5072237143228875,0.19412823862623996,True,15,EMA_N100_th5_bL3_sL-1,11
1994-12-21,2009-12-23,0.31998788823461455,0.8706577963706437,0.5146211490935846,0.08018436534592666,0.47787325842896483,0.5514127052677142,0.2398035228886879,True,15,EMA_N100_th5_bL3_sL-1,11
1995-12-20,2010-12-23,0.26905289255958187,0.7672507749418711,0.5146211490935846,0.06861286685386592,0.4157864816555877,0.5514127052677141,0.20044002570571595,True,15,EMA_N100_th5_bL3_sL-1,11
1996-12-18,2011-12-22,0.19422857691677287,0.6303242889461159,0.5664799256048674,0.055231925647602376,0.3581443833797024,0.5514127052677141,0.1389966512691705,True,15,EMA_N100_th5_bL3_sL-1,11
1997-12-17,2012-12-26,0.1656183823335342,0.5740244373322748,0.5664799256048673,0.044986149802106246,0.3109420401130756,0.5514127052677142,0.12063223253142796,True,15,EMA_N100_th5_bL3_sL-1,11
1998-12-17,2013-12-26,0.21163611525753856,0.6837258337962958,0.5664799256048674,0.04954903054066806,0.3413609016782043,0.5514127052677141,0.1620870847168705,True,15,EMA_N100_th5_bL3_sL-1,11
1999-12-17,2014-12-26,0.23956698101885388,0.7470418955997206,0.5664799256048674,0.045648102504628696,0.32232951765145973,0.5514127052677142,0.19391887851422518,True,15,EMA_N100_th5_bL3_sL-1,11
2000-12-15,2015-12-28,0.23538786319035032,0.7630636396302702,0.5664799256048673,0.051247340558888244,0.3423804390035003,0.5514127052677141,0.18414052263146208,True,15,EMA_N100_th5_bL3_sL-1,11
2001-12-21,2016-12-27,0.23677184279177355,0.7613702749477376,0.5664799256048674,0.0679689827091301,0.4379267005301233,0.5514127052677141,0.16880286008264345,True,15,EMA_N100_th5_bL3_sL-1,11
2002-12-23,2017-12-27,0.26920165590851597,0.8359779530548481,0.5664799256048674,0.09791500740335901,0.6032535516489724,0.5514127052677142,0.17128664850515696,True,15,EMA_N100_th5_bL3_sL-1,11
2003-12-23,2018-12-28,0.2302654876593695,0.7466563729508111,0.5664799256048674,0.07823719711497179,0.5039213220577035,0.5514127052677141,0.1520282905443977,True,15,EMA_N100_th5_bL3_sL-1,11
2004-12-23,2019-12-30,0.2229528751647083,0.7308855007924303,0.5664799256048674,0.09003082997077128,0.562287973559796,0.5514127052677141,0.13292204519393702,True,15,EMA_N100_th5_bL3_sL-1,11
2005-12-22,2020-12-29,0.22502897992323123,0.7200474526219586,0.5664799256048673,0.09727196235353652,0.5645661957840065,0.5514127052677141,0.1277570175696947,True,15,EMA_N100_th5_bL3_sL-1,11
2006-12-22,2021-12-29,0.25826893370740445,0.7776916227572871,0.5664799256048674,0.1076267045297501,0.6052824971355155,0.5514127052677141,0.15064222917765435,True,15,EMA_N100_th5_bL3_sL-1,11
2007-12-26,2022-12-29,0.19417484515508043,0.6507593739429791,0.6083332515987177,0.08699025482176448,0.5066774465071109,0.5331644741109138,0.10718459033331595,True,15,EMA_N100_th5_bL3_sL-1,11
2008-12-24,2024-01-02,0.1943130164827156,0.6522507325331784,0.686176341363986,0.14246258162626368,0.8288447389056053,0.3369411382620256,0.05185043485645191,True,15,EMA_N100_th5_bL3_sL-1,11
2009-12-24,2025-01-02,0.20349845693207835,0.6824898190148864,0.6861763413639861,0.1380216324499144,0.8460478294587264,0.33694113826202554,0.06547682448216396,True,15,EMA_N100_th5_bL3_sL-1,11
2010-12-27,2026-01-06,0.21653685999828043,0.7114072427259989,0.686176341363986,0.1418053987481449,0.8594633797056009,0.33694113826202554,0.07473146125013552,True,15,EMA_N100_th5_bL3_sL-1,11
1986-01-03,2005-12-21,0.26762237472005657,0.8010097227765103,0.564217076695463,0.11919975998259358,0.7302840213678852,0.4737687737760924,0.148422614737463,True,20,EMA_N100_th5_bL3_sL-1,11
1987-01-02,2006-12-21,0.2890752889930377,0.8524783091032289,0.564217076695463,0.11620780928428243,0.7251172889080421,0.47376877377609244,0.17286747970875527,True,20,EMA_N100_th5_bL3_sL-1,11
1987-12-31,2007-12-24,0.25363592244240807,0.7815209504619719,0.5146211490935847,0.11838262566526936,0.7693164721196109,0.47376877377609244,0.1352532967771387,True,20,EMA_N100_th5_bL3_sL-1,11
1988-12-29,2008-12-23,0.27960397603836284,0.8328860051780769,0.5146211490935846,0.08083457711190123,0.5186138026731929,0.5072237143228875,0.19876939892646162,True,20,EMA_N100_th5_bL3_sL-1,11
1989-12-28,2009-12-23,0.26492502918420313,0.7955489540583656,0.5146211490935846,0.08222866480616187,0.5118328205143172,0.5514127052677141,0.18269636437804126,True,20,EMA_N100_th5_bL3_sL-1,11
1990-12-27,2010-12-23,0.2773626927329549,0.8167506651320482,0.5146211490935846,0.0912892667298899,0.5505300735059094,0.5514127052677142,0.18607342600306498,True,20,EMA_N100_th5_bL3_sL-1,11
1991-12-26,2011-12-22,0.22484365152743524,0.7112298659320598,0.5664799256048674,0.07925127155798473,0.49156115326943495,0.5514127052677142,0.1455923799694505,True,20,EMA_N100_th5_bL3_sL-1,11
1992-12-23,2012-12-26,0.2304013651624779,0.7137526327334762,0.5664799256048674,0.08122092786651991,0.49544794018246185,0.5514127052677141,0.14918043729595798,True,20,EMA_N100_th5_bL3_sL-1,11
1993-12-22,2013-12-26,0.2652518278624154,0.7836419004141196,0.5664799256048673,0.0915993521008791,0.5455137644177719,0.5514127052677142,0.1736524757615363,True,20,EMA_N100_th5_bL3_sL-1,11
1994-12-21,2014-12-26,0.30781205465987194,0.8558658130589968,0.5664799256048673,0.09882214588825255,0.5796312192203977,0.5514127052677142,0.20898990877161938,True,20,EMA_N100_th5_bL3_sL-1,11
1995-12-20,2015-12-28,0.25604284784461506,0.7533946752051474,0.5664799256048674,0.08294532303036317,0.4974720968119255,0.5514127052677141,0.1730975248142519,True,20,EMA_N100_th5_bL3_sL-1,11
1996-12-18,2016-12-27,0.2255473111740971,0.7048234278773919,0.5664799256048674,0.0781870460035714,0.4796027175271344,0.5514127052677141,0.1473602651705257,True,20,EMA_N100_th5_bL3_sL-1,11
1997-12-17,2017-12-27,0.21283364690532602,0.6884254497532512,0.5664799256048673,0.07249080249824891,0.4555942265844254,0.5514127052677142,0.14034284440707712,True,20,EMA_N100_th5_bL3_sL-1,11
1998-12-17,2018-12-28,0.20010883300638804,0.6733231076674144,0.5664799256048674,0.0580092666137928,0.3938494223159738,0.5514127052677141,0.14209956639259524,True,20,EMA_N100_th5_bL3_sL-1,11
1999-12-17,2019-12-30,0.2099130206449773,0.7001366755416973,0.5664799256048674,0.06211027860439855,0.4142398760975171,0.5514127052677142,0.14780274204057875,True,20,EMA_N100_th5_bL3_sL-1,11
2000-12-15,2020-12-29,0.23236318245428,0.7547440724116984,0.5664799256048673,0.07491908915708612,0.45951084451023266,0.5514127052677141,0.1574440932971939,True,20,EMA_N100_th5_bL3_sL-1,11
2001-12-21,2021-12-29,0.2749074935518201,0.8343477491502642,0.5664799256048674,0.09565847054814469,0.5722270476299536,0.5514127052677141,0.1792490230036754,True,20,EMA_N100_th5_bL3_sL-1,11
2002-12-23,2022-12-29,0.2107895576293144,0.6936094985177226,0.6083332515987175,0.0970606564669605,0.5803484040095279,0.5514127052677142,0.1137289011623539,True,20,EMA_N100_th5_bL3_sL-1,11
2003-12-23,2024-01-02,0.20304654007018796,0.6765208790014916,0.6861763413639861,0.09762254974036666,0.5860340568237379,0.5514127052677141,0.1054239903298213,True,20,EMA_N100_th5_bL3_sL-1,11
2004-12-23,2025-01-02,0.22252772212106442,0.7169149270211804,0.686176341363986,0.10370480888295397,0.6142303164351571,0.5514127052677141,0.11882291323811045,True,20,EMA_N100_th5_bL3_sL-1,11
2005-12-22,2026-01-06,0.22089949459515212,0.7134795895382479,0.686176341363986,0.11005071264687638,0.6372328952998759,0.5514127052677141,0.11084878194827574,True,20,EMA_N100_th5_bL3_sL-1,11
1986-01-03,1990-12-26,0.2297104161664112,0.7802950299511519,0.47631806907363405,0.13133116095848751,0.7266559953203099,0.3288565573843161,0.09837925520792368,True,5,SMA_N200_th0_bL3_sL0,12
1987-01-02,1991-12-24,0.3224386358244231,0.9635423609182289,0.476318069073634,0.13812892271730326,0.7770002094103399,0.328856557384316,0.18430971310711985,True,5,SMA_N200_th0_bL3_sL0,12
1987-12-31,1992-12-22,0.3035818454618511,0.9564722938111114,0.4033904361345481,0.1597665028455073,1.1097658644211132,0.19183356941998955,0.14381534261634377,True,5,SMA_N200_th0_bL3_sL0,12
1988-12-29,1993-12-21,0.3151682626239565,1.008545739262253,0.40339043613454806,0.14188814149307016,1.1249140197770626,0.19183356941998964,0.1732801211308863,True,5,SMA_N200_th0_bL3_sL0,12
1989-12-28,1994-12-20,0.08694144746784271,0.43747763596735945,0.39984423686876364,0.0861594758495241,0.7489912048937678,0.19183356941998958,0.000781971618318611,True,5,SMA_N200_th0_bL3_sL0,12
1990-12-27,1995-12-19,0.4043559901090126,1.2727657452845011,0.3060572131874553,0.16463347955803043,1.4752054797759762,0.08522360788061661,0.23972251055098215,True,5,SMA_N200_th0_bL3_sL0,12
1991-12-26,1996-12-17,0.3803220356827912,1.2692040798490445,0.3060572131874553,0.15292725034399135,1.4647052524634705,0.08522360788061664,0.22739478533879987,True,5,SMA_N200_th0_bL3_sL0,12
1992-12-23,1997-12-16,0.5284660557689382,1.3110402835981185,0.31678883010343,0.19901352989005816,1.4690901794494986,0.11198356632803617,0.3294525258788801,True,5,SMA_N200_th0_bL3_sL0,12
1993-12-22,1998-12-16,0.5273871137238912,1.2286969449280363,0.40439900057331624,0.22440696844455887,1.3716142651793786,0.19020871622272723,0.30298014527933237,True,5,SMA_N200_th0_bL3_sL0,12
1994-12-21,1999-12-16,0.7015709724407266,1.3871104802449268,0.4043990005733163,0.2736922813406599,1.5113288230200046,0.19020871622272728,0.4278786911000667,True,5,SMA_N200_th0_bL3_sL0,12
1995-12-20,2000-12-14,0.2744767368572345,0.7165778864593582,0.5602353003379393,0.18942922862489198,0.9703971362558814,0.19020871622272711,0.08504750823234253,True,5,SMA_N200_th0_bL3_sL0,12
1996-12-18,2001-12-20,0.15597356657258787,0.5518184223468432,0.5602353003379392,0.10817681647414967,0.5947752299604295,0.3544624924361658,0.0477967500984382,True,5,SMA_N200_th0_bL3_sL0,12
1997-12-17,2002-12-20,-0.04587573821259283,0.0891356083835376,0.6447029085101731,-0.00035264247384625413,0.10732082288912685,0.4737687737760924,-0.04552309573874658,False,5,SMA_N200_th0_bL3_sL0,12
1998-12-17,2003-12-22,-0.012479801069872898,0.18539272814072844,0.7028933266986126,-0.0005397138115567079,0.12056454641120017,0.4737687737760924,-0.01194008725831619,False,5,SMA_N200_th0_bL3_sL0,12
1999-12-17,2004-12-22,-0.046152757119491405,0.0413615034649004,0.6623409276237783,-0.017573962863435155,0.024301372517773208,0.4737687737760924,-0.02857879425605625,False,5,SMA_N200_th0_bL3_sL0,12
2000-12-15,2005-12-21,0.048972338804627924,0.31585235402463685,0.33664911134142844,0.009523895832712626,0.11906864949639658,0.4193113902856809,0.0394484429719153,True,5,SMA_N200_th0_bL3_sL0,12
2001-12-21,2006-12-21,0.09363022464136606,0.4599200856495037,0.33664911134142844,0.061890896861365174,0.45960169601177236,0.32931991735010696,0.03173932778000088,True,5,SMA_N200_th0_bL3_sL0,12
2002-12-23,2007-12-24,0.09979206730844425,0.4540511825203965,0.379395928248418,0.12745025953416667,0.9816150785432407,0.13713155595240378,-0.02765819222572241,False,5,SMA_N200_th0_bL3_sL0,12
2003-12-23,2008-12-23,-0.031857403005411844,0.03851727759685693,0.4637033186197855,-0.027729034994333213,-0.024193482970366165,0.5072237143228874,-0.004128368011078631,False,5,SMA_N200_th0_bL3_sL0,12
2004-12-23,2009-12-23,0.05848446118921413,0.3409318862537589,0.5389206938749951,0.005917133826857102,0.1448257067685854,0.5514127052677141,0.05256732736235703,True,5,SMA_N200_th0_bL3_sL0,12
2005-12-22,2010-12-23,0.058146846860358314,0.34727458741772643,0.5389206938749951,0.019944713130480407,0.20762707237751302,0.5514127052677141,0.03820213372987791,True,5,SMA_N200_th0_bL3_sL0,12
2006-12-22,2011-12-22,-0.04760642714388774,0.035354292396370376,0.5389206938749951,-0.0013731664564993196,0.12260927466610279,0.5514127052677141,-0.04623326068738842,False,5,SMA_N200_th0_bL3_sL0,12
2007-12-26,2012-12-26,0.046455941298603864,0.30982771802469716,0.5221384822684142,0.01204987692797066,0.17805295960250486,0.5331644741109138,0.034406064370633205,True,5,SMA_N200_th0_bL3_sL0,12
2008-12-24,2013-12-26,0.2705256314224105,0.8230034523673198,0.5221384822684143,0.1883095353357942,0.9997514863834135,0.27120125137024154,0.08221609608661629,True,5,SMA_N200_th0_bL3_sL0,12
2009-12-24,2014-12-26,0.21261459518220027,0.7184032594032623,0.5221384822684143,0.1557113270721573,0.997609617169241,0.18576371244549406,0.05690326811004298,True,5,SMA_N200_th0_bL3_sL0,12
2010-12-27,2015-12-28,0.19402900624960884,0.6878155309016146,0.45536337451961073,0.12711096084552387,0.8579995392521074,0.185763712445494,0.06691804540408497,True,5,SMA_N200_th0_bL3_sL0,12
2011-12-23,2016-12-27,0.348469935752751,1.080550183123359,0.28126133858651436,0.14815208712142192,1.1557655728398548,0.1297146274250496,0.20031784863132907,True,5,SMA_N200_th0_bL3_sL0,12
2012-12-27,2017-12-27,0.41967920143037474,1.3098874749456666,0.28126133858651425,0.15984789530313792,1.304000521155299,0.1297146274250495,0.2598313061272368,True,5,SMA_N200_th0_bL3_sL0,12
2013-12-27,2018-12-28,0.18474569184102307,0.6902381921982356,0.30334118883305045,0.08387471154798298,0.6768723291654465,0.19319029340941687,0.10087098029304009,True,5,SMA_N200_th0_bL3_sL0,12
2014-12-29,2019-12-30,0.19832119892129407,0.728692069585956,0.3205854521049607,0.11284922955954468,0.8653433591374201,0.19319029340941685,0.08547196936174939,True,5,SMA_N200_th0_bL3_sL0,12
2015-12-29,2020-12-29,0.28452661794755607,0.8900655651415953,0.453706423897809,0.14684718378343553,0.8322751309705982,0.3369411382620256,0.13767943416412054,True,5,SMA_N200_th0_bL3_sL0,12
2016-12-28,2021-12-29,0.42286687583956284,1.101415834578709,0.45370642389780896,0.18520952154848147,0.9873871726812262,0.33694113826202565,0.23765735429108137,True,5,SMA_N200_th0_bL3_sL0,12
2017-12-28,2022-12-29,0.1391121665910957,0.5365957859563317,0.45370642389780896,0.09412973739812336,0.5278053558306166,0.3369411382620256,0.04498242919297235,True,5,SMA_N200_th0_bL3_sL0,12
2018-12-31,2024-01-02,0.24902509563323383,0.7802327555137739,0.5176731574674055,0.15599293612904175,0.8047850802686117,0.33694113826202554,0.09303215950419208,True,5,SMA_N200_th0_bL3_sL0,12
2019-12-31,2025-01-02,0.3029421296888164,0.8845439046884935,0.5176731574674055,0.14531985507554634,0.7545210211256641,0.3369411382620256,0.15762227461327005,True,5,SMA_N200_th0_bL3_sL0,12
2020-12-30,2026-01-06,0.34858624132266813,1.040788761180522,0.5176731574674056,0.1490744525961183,0.90004962009299,0.24441874976840103,0.19951178872654984,True,5,SMA_N200_th0_bL3_sL0,12
1986-01-03,1995-12-19,0.3107691607860146,1.0079150820516094,0.47631806907363405,0.14692497615128453,0.9460487277838104,0.3288565573843161,0.16384418463473005,True,10,SMA_N200_th0_bL3_sL0,12
1987-01-02,1996-12-17,0.35644232123739816,1.0904818393461533,0.476318069073634,0.14702699777073036,0.9659603955567658,0.328856557384316,0.2094153234666678,True,10,SMA_N200_th0_bL3_sL0,12
1987-12-31,1997-12-16,0.41016585241364467,1.1417947060130722,0.4033904361345481,0.17881951074524727,1.279023645493094,0.19183356941998955,0.2313463416683974,True,10,SMA_N200_th0_bL3_sL0,12
1988-12-29,1998-12-16,0.41994567885571366,1.1236637189710066,0.4043990005733163,0.18314271565548568,1.2541090049463974,0.19183356941998964,0.23680296320022798,True,10,SMA_N200_th0_bL3_sL0,12
1989-12-28,1999-12-16,0.3640643435765729,0.9904348663029261,0.40439900057331624,0.1773609147247006,1.1771667156668573,0.19183356941998958,0.1867034288518723,True,10,SMA_N200_th0_bL3_sL0,12
1990-12-27,2000-12-14,0.33373999151825995,0.886359562937914,0.5602353003379392,0.1757442376900613,1.0990673314525914,0.1902087162227272,0.15799575382819864,True,10,SMA_N200_th0_bL3_sL0,12
1991-12-26,2001-12-20,0.2660285931104165,0.7955208208998861,0.5602353003379392,0.13116887104663966,0.8274015620134825,0.3544624924361658,0.13485972206377683,True,10,SMA_N200_th0_bL3_sL0,12
1992-12-23,2002-12-20,0.20565145364029536,0.6685438085228271,0.6447029085101731,0.09419870541686581,0.5783671554403454,0.47376877377609244,0.11145274822342954,True,10,SMA_N200_th0_bL3_sL0,12
1993-12-22,2003-12-22,0.23379366779050215,0.7280277034708866,0.7028933266986125,0.10793989253576086,0.6382113652627169,0.4737687737760924,0.12585377525474128,True,10,SMA_N200_th0_bL3_sL0,12
1994-12-21,2004-12-22,0.27628671845048514,0.8106870774824904,0.7028933266986125,0.11928410631638697,0.6927876320525749,0.4737687737760924,0.15700261213409816,True,10,SMA_N200_th0_bL3_sL0,12
1995-12-20,2005-12-21,0.15617332554109287,0.5532145864464447,0.7028933266986126,0.09325786245396572,0.5570344213552254,0.47376877377609244,0.06291546308712714,True,10,SMA_N200_th0_bL3_sL0,12
1996-12-18,2006-12-21,0.12431756005514605,0.4999279219794665,0.7028933266986126,0.08540631140487931,0.5314529109947129,0.4737687737760924,0.03891124865026674,True,10,SMA_N200_th0_bL3_sL0,12
1997-12-17,2007-12-24,0.024362354172687395,0.2492028902568588,0.7028933266986125,0.06163795899736613,0.41253218275530407,0.4737687737760924,-0.03727560482467873,False,10,SMA_N200_th0_bL3_sL0,12
1998-12-17,2008-12-23,-0.022023296461561093,0.12098874697283095,0.7028933266986126,-0.01415919823058387,0.04876251293040151,0.5072237143228874,-0.007864098230977223,False,10,SMA_N200_th0_bL3_sL0,12
1999-12-17,2009-12-23,0.0050247788691824,0.18515968090103926,0.6623409276237783,-0.005820959382251023,0.0887022268960443,0.5514127052677142,0.010845738251433423,True,10,SMA_N200_th0_bL3_sL0,12
2000-12-15,2010-12-23,0.0551692892996547,0.3301301175998777,0.5389206938749951,0.015245783399367996,0.16804007871150634,0.5514127052677141,0.039923505900286704,True,10,SMA_N200_th0_bL3_sL0,12
2001-12-21,2011-12-22,0.018663226816547862,0.22000534552114487,0.5389206938749951,0.029126940401384305,0.24308676130679438,0.5514127052677141,-0.010463713584836443,False,10,SMA_N200_th0_bL3_sL0,12
2002-12-23,2012-12-26,0.07344826423738304,0.37988910935331943,0.5389206938749951,0.06839417371007173,0.42305002819718623,0.5514127052677142,0.005054090527311317,True,10,SMA_N200_th0_bL3_sL0,12
2003-12-23,2013-12-26,0.10903060454394642,0.47699544809384353,0.538920693874995,0.07546816740975926,0.45958732073225644,0.5514127052677141,0.03356243713418716,True,10,SMA_N200_th0_bL3_sL0,12
2004-12-23,2014-12-26,0.13447182170648908,0.542794780256197,0.5389206938749951,0.07869376773640568,0.47437302119887576,0.5514127052677141,0.0557780539700834,True,10,SMA_N200_th0_bL3_sL0,12
2005-12-22,2015-12-28,0.12411557666466377,0.517669428270403,0.5389206938749951,0.07220318309463214,0.44312126302346866,0.5514127052677141,0.051912393570031634,True,10,SMA_N200_th0_bL3_sL0,12
2006-12-22,2016-12-27,0.13620358670253419,0.5381510144815613,0.5389206938749951,0.07170785766692211,0.43349038297674664,0.5514127052677141,0.06449572903561207,True,10,SMA_N200_th0_bL3_sL0,12
2007-12-26,2017-12-27,0.2182747560179794,0.7710118377260492,0.5221384822684142,0.08325212445583285,0.4957802388306853,0.5331644741109138,0.13502263156214656,True,10,SMA_N200_th0_bL3_sL0,12
2008-12-24,2018-12-28,0.2267633445121935,0.7594923615267589,0.5221384822684143,0.13482871520012107,0.8535349457651878,0.27120125137024154,0.09193462931207241,True,10,SMA_N200_th0_bL3_sL0,12
2009-12-24,2019-12-30,0.20583919102850734,0.7216213553765595,0.5221384822684143,0.13417388667441887,0.9337157419672938,0.1931902934094168,0.07166530435408847,True,10,SMA_N200_th0_bL3_sL0,12
2010-12-27,2020-12-29,0.24225340545966567,0.7914297323354705,0.45536337451961073,0.1380867175501692,0.8392979135744216,0.33694113826202554,0.10416668790949646,True,10,SMA_N200_th0_bL3_sL0,12
2011-12-23,2021-12-29,0.3815119213755984,1.0889622711351268,0.45370642389780896,0.16549475670765523,1.0368553589863043,0.3369411382620256,0.21601716466794318,True,10,SMA_N200_th0_bL3_sL0,12
2012-12-27,2022-12-29,0.2723398287031382,0.8675257153262984,0.45370642389780896,0.1266884782473816,0.7724636871665684,0.3369411382620256,0.1456513504557566,True,10,SMA_N200_th0_bL3_sL0,12
2013-12-27,2024-01-02,0.21636627040795875,0.736438782730982,0.5176731574674055,0.12028040739025014,0.736416410531179,0.33694113826202554,0.0960858630177086,True,10,SMA_N200_th0_bL3_sL0,12
2014-12-29,2025-01-02,0.25033135670490814,0.810330524178778,0.5176731574674056,0.12918792519388367,0.7792335951907536,0.33694113826202554,0.12114343151102447,True,10,SMA_N200_th0_bL3_sL0,12
2015-12-29,2026-01-06,0.3165822095840263,0.9630562336870314,0.5176731574674056,0.14806157038177026,0.8634213821134769,0.3369411382620256,0.16852063920225602,True,10,SMA_N200_th0_bL3_sL0,12
1986-01-03,2000-12-14,0.2959168601685773,0.8517130804131913,0.5602353003379392,0.16011857164710452,0.9501398766431252,0.3288565573843161,0.1357982885214728,True,15,SMA_N200_th0_bL3_sL0,12
1987-01-02,2001-12-20,0.287973921296407,0.8479349670155647,0.5602353003379392,0.1344908960868736,0.8063308631518367,0.35446249243616573,0.15348302520953339,True,15,SMA_N200_th0_bL3_sL0,12
1987-12-31,2002-12-20,0.2366730221558382,0.752084974569008,0.6447029085101731,0.11538586105559312,0.7210366793095082,0.47376877377609244,0.12128716110024507,True,15,SMA_N200_th0_bL3_sL0,12
1988-12-29,2003-12-22,0.261936326781429,0.8062673263732407,0.7028933266986125,0.11960655931774866,0.7482070822280353,0.47376877377609244,0.1423297674636803,True,15,SMA_N200_th0_bL3_sL0,12
1989-12-28,2004-12-22,0.21224816290862325,0.7034136501633644,0.7028933266986126,0.10888478614950348,0.693520784936189,0.4737687737760924,0.10336337675911977,True,15,SMA_N200_th0_bL3_sL0,12
1990-12-27,2005-12-21,0.23108327866530476,0.7374843215935283,0.7028933266986125,0.115786535781909,0.7345066555805546,0.47376877377609244,0.11529674288339575,True,15,SMA_N200_th0_bL3_sL0,12
1991-12-26,2006-12-21,0.2056926612234784,0.7001043214640308,0.7028933266986125,0.10800957578633241,0.7076466946608773,0.47376877377609244,0.09768308543714599,True,15,SMA_N200_th0_bL3_sL0,12
1992-12-23,2007-12-24,0.16923980444177933,0.6033450746634902,0.7028933266986126,0.10516481282549806,0.6762052837882725,0.47376877377609244,0.06407499161628127,True,15,SMA_N200_th0_bL3_sL0,12
1993-12-22,2008-12-23,0.13812652369473088,0.5392471061047515,0.7028933266986125,0.06077527876278688,0.39889340991359235,0.5072237143228875,0.07735124493194401,True,15,SMA_N200_th0_bL3_sL0,12
1994-12-21,2009-12-23,0.19925235236013195,0.6756622753890298,0.7028933266986125,0.08018436534592666,0.47787325842896483,0.5514127052677142,0.11906798701420529,True,15,SMA_N200_th0_bL3_sL0,12
1995-12-20,2010-12-23,0.12366820785037791,0.4907116905007188,0.7028933266986126,0.06861286685386592,0.4157864816555877,0.5514127052677141,0.05505534099651199,True,15,SMA_N200_th0_bL3_sL0,12
1996-12-18,2011-12-22,0.06248932089194259,0.3558827631093874,0.7028933266986126,0.055231925647602376,0.3581443833797024,0.5514127052677141,0.0072573952443402145,True,15,SMA_N200_th0_bL3_sL0,12
1997-12-17,2012-12-26,0.03210355680461596,0.2682633021561387,0.7028933266986125,0.044986149802106246,0.3109420401130756,0.5514127052677142,-0.012882592997490283,False,15,SMA_N200_th0_bL3_sL0,12
1998-12-17,2013-12-26,0.06707757297937844,0.37017874579747817,0.7028933266986126,0.04954903054066806,0.3413609016782043,0.5514127052677141,0.01752854243871038,True,15,SMA_N200_th0_bL3_sL0,12
1999-12-17,2014-12-26,0.07090633824055592,0.3764108712943786,0.6623409276237783,0.045648102504628696,0.32232951765145973,0.5514127052677142,0.025258235735927226,True,15,SMA_N200_th0_bL3_sL0,12
2000-12-15,2015-12-28,0.09960797954013811,0.45913778572979647,0.5389206938749951,0.051247340558888244,0.3423804390035003,0.5514127052677141,0.04836063898124987,True,15,SMA_N200_th0_bL3_sL0,12
2001-12-21,2016-12-27,0.12040842882208636,0.5132501786510874,0.5389206938749951,0.0679689827091301,0.4379267005301233,0.5514127052677141,0.052439446112956256,True,15,SMA_N200_th0_bL3_sL0,12
2002-12-23,2017-12-27,0.1778874471586407,0.6643039480429777,0.5389206938749951,0.09791500740335901,0.6032535516489724,0.5514127052677142,0.07997243975528168,True,15,SMA_N200_th0_bL3_sL0,12
2003-12-23,2018-12-28,0.13365686268083832,0.5453974310062535,0.538920693874995,0.07823719711497179,0.5039213220577035,0.5514127052677141,0.05541966556586653,True,15,SMA_N200_th0_bL3_sL0,12
2004-12-23,2019-12-30,0.1556258324499442,0.6020600894055108,0.5389206938749951,0.09003082997077128,0.562287973559796,0.5514127052677141,0.06559500247917294,True,15,SMA_N200_th0_bL3_sL0,12
2005-12-22,2020-12-29,0.17763293579630246,0.6462490884762582,0.5389206938749951,0.09727196235353652,0.5645661957840065,0.5514127052677141,0.08036097344276594,True,15,SMA_N200_th0_bL3_sL0,12
2006-12-22,2021-12-29,0.22254749379779115,0.7380612355421914,0.5389206938749951,0.1076267045297501,0.6052824971355155,0.5514127052677141,0.11492078926804106,True,15,SMA_N200_th0_bL3_sL0,12
2007-12-26,2022-12-29,0.1917328116665873,0.681096977839429,0.5221384822684142,0.08699025482176448,0.5066774465071109,0.5331644741109138,0.10474255684482281,True,15,SMA_N200_th0_bL3_sL0,12
2008-12-24,2024-01-02,0.23406882959602804,0.7662664454710953,0.5221384822684143,0.14246258162626368,0.8288447389056053,0.3369411382620256,0.09160624796976435,True,15,SMA_N200_th0_bL3_sL0,12
2009-12-24,2025-01-02,0.23789382678429094,0.7789671754212997,0.5221384822684143,0.1380216324499144,0.8460478294587264,0.33694113826202554,0.09987219433437655,True,15,SMA_N200_th0_bL3_sL0,12
2010-12-27,2026-01-06,0.2770015385296738,0.8729985985102614,0.5176731574674056,0.1418053987481449,0.8594633797056009,0.33694113826202554,0.1351961397815289,True,15,SMA_N200_th0_bL3_sL0,12
1986-01-03,2005-12-21,0.22917915975866032,0.7467150193190801,0.7028933266986126,0.11919975998259358,0.7302840213678852,0.4737687737760924,0.10997939977606674,True,20,SMA_N200_th0_bL3_sL0,12
1987-01-02,2006-12-21,0.2363364971911559,0.7666513170977333,0.7028933266986126,0.11620780928428243,0.7251172889080421,0.47376877377609244,0.12012868790687348,True,20,SMA_N200_th0_bL3_sL0,12
1987-12-31,2007-12-24,0.20090342972596087,0.6836629176357137,0.7028933266986126,0.11838262566526936,0.7693164721196109,0.47376877377609244,0.08252080406069151,True,20,SMA_N200_th0_bL3_sL0,12
1988-12-29,2008-12-23,0.18113890503470653,0.646184466059037,0.7028933266986125,0.08083457711190123,0.5186138026731929,0.5072237143228875,0.1003043279228053,True,20,SMA_N200_th0_bL3_sL0,12
1989-12-28,2009-12-23,0.17193874069861215,0.6229351310878413,0.7028933266986126,0.08222866480616187,0.5118328205143172,0.5514127052677141,0.08971007589245028,True,20,SMA_N200_th0_bL3_sL0,12
1990-12-27,2010-12-23,0.18626559146799826,0.6457359300907902,0.7028933266986125,0.0912892667298899,0.5505300735059094,0.5514127052677142,0.09497632473810835,True,20,SMA_N200_th0_bL3_sL0,12
1991-12-26,2011-12-22,0.13560189757533792,0.5373538211958285,0.7028933266986125,0.07925127155798473,0.49156115326943495,0.5514127052677142,0.05635062601735319,True,20,SMA_N200_th0_bL3_sL0,12
1992-12-23,2012-12-26,0.1376019622225193,0.5337445442810976,0.7028933266986126,0.08122092786651991,0.49544794018246185,0.5514127052677141,0.05638103435599939,True,20,SMA_N200_th0_bL3_sL0,12
1993-12-22,2013-12-26,0.1698239313086607,0.6112225876296246,0.7028933266986125,0.0915993521008791,0.5455137644177719,0.5514127052677142,0.07822457920778159,True,20,SMA_N200_th0_bL3_sL0,12
1994-12-21,2014-12-26,0.2033805595131175,0.6859963661945376,0.7028933266986125,0.09882214588825255,0.5796312192203977,0.5514127052677142,0.10455841362486495,True,20,SMA_N200_th0_bL3_sL0,12
1995-12-20,2015-12-28,0.1408897195888248,0.534988615842265,0.7028933266986126,0.08294532303036317,0.4974720968119255,0.5514127052677141,0.05794439655846162,True,20,SMA_N200_th0_bL3_sL0,12
1996-12-18,2016-12-27,0.12916506338981115,0.5162574460566823,0.7028933266986126,0.0781870460035714,0.4796027175271344,0.5514127052677141,0.05097801738623975,True,20,SMA_N200_th0_bL3_sL0,12
1997-12-17,2017-12-27,0.11745125569828208,0.49038555947017654,0.7028933266986125,0.07249080249824891,0.4555942265844254,0.5514127052677142,0.04496045320003317,True,20,SMA_N200_th0_bL3_sL0,12
1998-12-17,2018-12-28,0.09530936888188779,0.4438131739468909,0.7028933266986126,0.0580092666137928,0.3938494223159738,0.5514127052677141,0.03730010226809499,True,20,SMA_N200_th0_bL3_sL0,12
1999-12-17,2019-12-30,0.10161676206945791,0.46055968433531735,0.6623409276237783,0.06211027860439855,0.4142398760975171,0.5514127052677142,0.03950648346505936,True,20,SMA_N200_th0_bL3_sL0,12
2000-12-15,2020-12-29,0.1449324370679932,0.5773753113926579,0.5389206938749951,0.07491908915708612,0.45951084451023266,0.5514127052677141,0.07001334791090708,True,20,SMA_N200_th0_bL3_sL0,12
2001-12-21,2021-12-29,0.18782435514570195,0.6771923175543666,0.5389206938749951,0.09565847054814469,0.5722270476299536,0.5514127052677141,0.09216588459755726,True,20,SMA_N200_th0_bL3_sL0,12
2002-12-23,2022-12-29,0.16839743836231658,0.6263110685286108,0.5389206938749951,0.0970606564669605,0.5803484040095279,0.5514127052677142,0.07133678189535608,True,20,SMA_N200_th0_bL3_sL0,12
2003-12-23,2024-01-02,0.1614136623963196,0.6089019197059872,0.538920693874995,0.09762254974036666,0.5860340568237379,0.5514127052677141,0.06379111265595294,True,20,SMA_N200_th0_bL3_sL0,12
2004-12-23,2025-01-02,0.1911902572613331,0.6791721638008689,0.5389206938749951,0.10370480888295397,0.6142303164351571,0.5514127052677141,0.08748544837837913,True,20,SMA_N200_th0_bL3_sL0,12
2005-12-22,2026-01-06,0.21841849165510818,0.7435979402601884,0.5389206938749951,0.11005071264687638,0.6372328952998759,0.5514127052677141,0.1083677790082318,True,20,SMA_N200_th0_bL3_sL0,12
1986-01-03,1990-12-26,0.18257770970379594,0.6332768539787609,0.5205834265091497,0.13133116095848751,0.7266559953203099,0.3288565573843161,0.05124654874530843,True,5,SMA_N100_th5_bL3_sL0,13
1987-01-02,1991-12-24,0.3185347927865463,0.9322623175713856,0.5205834265091496,0.13812892271730326,0.7770002094103399,0.328856557384316,0.18040587006924302,True,5,SMA_N100_th5_bL3_sL0,13
1987-12-31,1992-12-22,0.30394049420321134,0.9251078715833696,0.4394494374574499,0.1597665028455073,1.1097658644211132,0.19183356941998955,0.14417399135770403,True,5,SMA_N100_th5_bL3_sL0,13
1988-12-29,1993-12-21,0.3185135974863289,1.0197177762776755,0.4394494374574499,0.14188814149307016,1.1249140197770626,0.19183356941998964,0.17662545599325874,True,5,SMA_N100_th5_bL3_sL0,13
1989-12-28,1994-12-20,0.08234620069870902,0.4242739732324648,0.43611756999551354,0.0861594758495241,0.7489912048937678,0.19183356941998958,-0.0038132751508150875,False,5,SMA_N100_th5_bL3_sL0,13
1990-12-27,1995-12-19,0.4266151147622208,1.335771496542975,0.36666739884925525,0.16463347955803043,1.4752054797759762,0.08522360788061661,0.2619816352041904,True,5,SMA_N100_th5_bL3_sL0,13
1991-12-26,1996-12-17,0.396920255897683,1.3031975686866835,0.36666739884925525,0.15292725034399135,1.4647052524634705,0.08522360788061664,0.24399300555369163,True,5,SMA_N100_th5_bL3_sL0,13
1992-12-23,1997-12-16,0.4346843226568866,1.1824898574530414,0.38704247165137945,0.19901352989005816,1.4690901794494986,0.11198356632803617,0.23567079276682845,True,5,SMA_N100_th5_bL3_sL0,13
1993-12-22,1998-12-16,0.4261748200304598,1.0989532232134247,0.4461518874806486,0.22440696844455887,1.3716142651793786,0.19020871622272723,0.20176785158590094,True,5,SMA_N100_th5_bL3_sL0,13
1994-12-21,1999-12-16,0.5505950100189587,1.2164168713797376,0.44615188748064866,0.2736922813406599,1.5113288230200046,0.19020871622272728,0.2769027286782988,True,5,SMA_N100_th5_bL3_sL0,13
1995-12-20,2000-12-14,0.25524113864773956,0.6900202136694902,0.45870285119062004,0.18942922862489198,0.9703971362558814,0.19020871622272711,0.06581191002284759,True,5,SMA_N100_th5_bL3_sL0,13
1996-12-18,2001-12-20,0.12101679535704934,0.48990675978408726,0.45870285119062004,0.10817681647414967,0.5947752299604295,0.3544624924361658,0.012839978882899672,True,5,SMA_N100_th5_bL3_sL0,13
1997-12-17,2002-12-20,-0.04809150521215255,0.10788134722627797,0.6542047531235257,-0.00035264247384625413,0.10732082288912685,0.4737687737760924,-0.0477388627383063,False,5,SMA_N100_th5_bL3_sL0,13
1998-12-17,2003-12-22,-0.04800840027002384,0.12301180498478936,0.7362974648123558,-0.0005397138115567079,0.12056454641120017,0.4737687737760924,-0.047468686458467135,False,5,SMA_N100_th5_bL3_sL0,13
1999-12-17,2004-12-22,-0.015613240802157202,0.16553509938824865,0.6778208418685646,-0.017573962863435155,0.024301372517773208,0.4737687737760924,0.001960722061277953,True,5,SMA_N100_th5_bL3_sL0,13
2000-12-15,2005-12-21,0.05814233240187927,0.33745407803949534,0.5248481848950838,0.009523895832712626,0.11906864949639658,0.4193113902856809,0.048618436569166645,True,5,SMA_N100_th5_bL3_sL0,13
2001-12-21,2006-12-21,0.13905308603504496,0.5535953603711348,0.5248481848950838,0.061890896861365174,0.45960169601177236,0.32931991735010696,0.07716218917367978,True,5,SMA_N100_th5_bL3_sL0,13
2002-12-23,2007-12-24,0.23399263857643793,0.795917822131012,0.3392988543527748,0.12745025953416667,0.9816150785432407,0.13713155595240378,0.10654237904227126,True,5,SMA_N100_th5_bL3_sL0,13
2003-12-23,2008-12-23,0.16899042325505675,0.6927155427318279,0.2594090241582194,-0.027729034994333213,-0.024193482970366165,0.5072237143228874,0.19671945824938997,True,5,SMA_N100_th5_bL3_sL0,13
2004-12-23,2009-12-23,0.27535156759594304,0.9122519418223982,0.34053934794243373,0.005917133826857102,0.1448257067685854,0.5514127052677141,0.26943443376908593,True,5,SMA_N100_th5_bL3_sL0,13
2005-12-22,2010-12-23,0.2653755627511576,0.8687476430288822,0.34864314954680187,0.019944713130480407,0.20762707237751302,0.5514127052677141,0.24543084962067718,True,5,SMA_N100_th5_bL3_sL0,13
2006-12-22,2011-12-22,0.14905355678127563,0.5633628589143032,0.3486431495468018,-0.0013731664564993196,0.12260927466610279,0.5514127052677141,0.15042672323777495,True,5,SMA_N100_th5_bL3_sL0,13
2007-12-26,2012-12-26,0.15381635968124718,0.5879933757438578,0.4119121272948234,0.01204987692797066,0.17805295960250486,0.5331644741109138,0.14176648275327652,True,5,SMA_N100_th5_bL3_sL0,13
2008-12-24,2013-12-26,0.352816882145516,0.9907344003608888,0.4119121272948234,0.1883095353357942,0.9997514863834135,0.27120125137024154,0.1645073468097218,True,5,SMA_N100_th5_bL3_sL0,13
2009-12-24,2014-12-26,0.2589007922128004,0.852252306512225,0.41191212729482335,0.1557113270721573,0.997609617169241,0.18576371244549406,0.10318946514064309,True,5,SMA_N100_th5_bL3_sL0,13
2010-12-27,2015-12-28,0.19154230047256182,0.7025925921960796,0.4119121272948234,0.12711096084552387,0.8579995392521074,0.185763712445494,0.06443133962703795,True,5,SMA_N100_th5_bL3_sL0,13
2011-12-23,2016-12-27,0.29161204112792904,0.9747477421874934,0.38513955974226916,0.14815208712142192,1.1557655728398548,0.1297146274250496,0.14345995400650713,True,5,SMA_N100_th5_bL3_sL0,13
2012-12-27,2017-12-27,0.4363597112176012,1.373178073447831,0.31100303756730163,0.15984789530313792,1.304000521155299,0.1297146274250495,0.2765118159144633,True,5,SMA_N100_th5_bL3_sL0,13
2013-12-27,2018-12-28,0.21270948463013717,0.7767248963393645,0.31100303756730163,0.08387471154798298,0.6768723291654465,0.19319029340941687,0.12883477308215419,True,5,SMA_N100_th5_bL3_sL0,13
2014-12-29,2019-12-30,0.21843763859441934,0.79555851176595,0.31100303756730163,0.11284922955954468,0.8653433591374201,0.19319029340941685,0.10558840903487465,True,5,SMA_N100_th5_bL3_sL0,13
2015-12-29,2020-12-29,0.32356328713749805,0.9728404586193138,0.41177689188603567,0.14684718378343553,0.8322751309705982,0.3369411382620256,0.17671610335406251,True,5,SMA_N100_th5_bL3_sL0,13
2016-12-28,2021-12-29,0.4652705160485313,1.195236687509309,0.4117768918860356,0.18520952154848147,0.9873871726812262,0.33694113826202565,0.28006099450004984,True,5,SMA_N100_th5_bL3_sL0,13
2017-12-28,2022-12-29,0.12950741853819125,0.5167536733112528,0.5196630725557081,0.09412973739812336,0.5278053558306166,0.3369411382620256,0.035377681140067896,True,5,SMA_N100_th5_bL3_sL0,13
2018-12-31,2024-01-02,0.1663055565828524,0.6027700045994839,0.5904856849509429,0.15599293612904175,0.8047850802686117,0.33694113826202554,0.01031262045381065,True,5,SMA_N100_th5_bL3_sL0,13
2019-12-31,2025-01-02,0.21310866804274742,0.7049102187371664,0.5904856849509429,0.14531985507554634,0.7545210211256641,0.3369411382620256,0.06778881296720107,True,5,SMA_N100_th5_bL3_sL0,13
2020-12-30,2026-01-06,0.22030197761584125,0.756641744795121,0.5904856849509428,0.1490744525961183,0.90004962009299,0.24441874976840103,0.07122752501972296,True,5,SMA_N100_th5_bL3_sL0,13
1986-01-03,1995-12-19,0.2987428517311128,0.9352680663022547,0.5205834265091497,0.14692497615128453,0.9460487277838104,0.3288565573843161,0.1518178755798283,True,10,SMA_N100_th5_bL3_sL0,13
1987-01-02,1996-12-17,0.3625554503645274,1.0823377259452118,0.5205834265091496,0.14702699777073036,0.9659603955567658,0.328856557384316,0.21552845259379705,True,10,SMA_N100_th5_bL3_sL0,13
1987-12-31,1997-12-16,0.36642449989240244,1.0543494794378334,0.4394494374574499,0.17881951074524727,1.279023645493094,0.19183356941998955,0.18760498914715518,True,10,SMA_N100_th5_bL3_sL0,13
1988-12-29,1998-12-16,0.3738549705832992,1.0581410220189231,0.4461518874806486,0.18314271565548568,1.2541090049463974,0.19183356941998964,0.19071225492781352,True,10,SMA_N100_th5_bL3_sL0,13
1989-12-28,1999-12-16,0.2994136121106783,0.8811009694906112,0.44615188748064866,0.1773609147247006,1.1771667156668573,0.19183356941998958,0.12205269738597768,True,10,SMA_N100_th5_bL3_sL0,13
1990-12-27,2000-12-14,0.3340851794894941,0.8969559886488446,0.45870285119062015,0.1757442376900613,1.0990673314525914,0.1902087162227272,0.1583409417994328,True,10,SMA_N100_th5_bL3_sL0,13
1991-12-26,2001-12-20,0.2542174411552207,0.7761541183411995,0.4587028511906201,0.13116887104663966,0.8274015620134825,0.3544624924361658,0.12304857010858106,True,10,SMA_N100_th5_bL3_sL0,13
1992-12-23,2002-12-20,0.1667366535229884,0.5823521309968502,0.6542047531235257,0.09419870541686581,0.5783671554403454,0.47376877377609244,0.07253794810612257,True,10,SMA_N100_th5_bL3_sL0,13
1993-12-22,2003-12-22,0.17059588032001627,0.5928659463081,0.7362974648123559,0.10793989253576086,0.6382113652627169,0.4737687737760924,0.0626559877842554,True,10,SMA_N100_th5_bL3_sL0,13
1994-12-21,2004-12-22,0.23771646087096832,0.7252465367356906,0.7362974648123558,0.11928410631638697,0.6927876320525749,0.4737687737760924,0.11843235455458134,True,10,SMA_N100_th5_bL3_sL0,13
1995-12-20,2005-12-21,0.15242098622482203,0.5408655318794132,0.7362974648123559,0.09325786245396572,0.5570344213552254,0.47376877377609244,0.05916312377085631,True,10,SMA_N100_th5_bL3_sL0,13
1996-12-18,2006-12-21,0.12994413196214927,0.5082048290555928,0.7362974648123558,0.08540631140487931,0.5314529109947129,0.4737687737760924,0.04453782055726996,True,10,SMA_N100_th5_bL3_sL0,13
1997-12-17,2007-12-24,0.08388270201373227,0.3982614773659134,0.7362974648123558,0.06163795899736613,0.41253218275530407,0.4737687737760924,0.022244743016366142,True,10,SMA_N100_th5_bL3_sL0,13
1998-12-17,2008-12-23,0.05510284440365476,0.34258173980144385,0.7362974648123558,-0.01415919823058387,0.04876251293040151,0.5072237143228874,0.06926204263423863,True,10,SMA_N100_th5_bL3_sL0,13
1999-12-17,2009-12-23,0.12066077147955956,0.5020927787967968,0.6778208418685646,-0.005820959382251023,0.0887022268960443,0.5514127052677142,0.12648173086181058,True,10,SMA_N100_th5_bL3_sL0,13
2000-12-15,2010-12-23,0.1588647471818836,0.6148765034306444,0.5248481848950838,0.015245783399367996,0.16804007871150634,0.5514127052677141,0.1436189637825156,True,10,SMA_N100_th5_bL3_sL0,13
2001-12-21,2011-12-22,0.14185136899355366,0.5584878807447262,0.5248481848950838,0.029126940401384305,0.24308676130679438,0.5514127052677141,0.11272442859216936,True,10,SMA_N100_th5_bL3_sL0,13
2002-12-23,2012-12-26,0.19314760080471793,0.6902505357443137,0.41191212729482346,0.06839417371007173,0.42305002819718623,0.5514127052677142,0.12475342709464621,True,10,SMA_N100_th5_bL3_sL0,13
2003-12-23,2013-12-26,0.2574347960211656,0.85413553480178,0.4119121272948234,0.07546816740975926,0.45958732073225644,0.5514127052677141,0.18196662861140633,True,10,SMA_N100_th5_bL3_sL0,13
2004-12-23,2014-12-26,0.26876588196480267,0.8811486142293796,0.41191212729482335,0.07869376773640568,0.47437302119887576,0.5514127052677141,0.19007211422839698,True,10,SMA_N100_th5_bL3_sL0,13
2005-12-22,2015-12-28,0.2279474234597183,0.7874594951425918,0.41191212729482346,0.07220318309463214,0.44312126302346866,0.5514127052677141,0.15574424036508616,True,10,SMA_N100_th5_bL3_sL0,13
2006-12-22,2016-12-27,0.21797093173962256,0.7562252505085882,0.4119121272948234,0.07170785766692211,0.43349038297674664,0.5514127052677141,0.14626307407270045,True,10,SMA_N100_th5_bL3_sL0,13
2007-12-26,2017-12-27,0.28670855617297164,0.9462453819268398,0.4119121272948234,0.08325212445583285,0.4957802388306853,0.5331644741109138,0.20345643171713879,True,10,SMA_N100_th5_bL3_sL0,13
2008-12-24,2018-12-28,0.28069873208623997,0.8898456659774862,0.4119121272948234,0.13482871520012107,0.8535349457651878,0.27120125137024154,0.1458700168861189,True,10,SMA_N100_th5_bL3_sL0,13
2009-12-24,2019-12-30,0.2388939163126571,0.8242942304782306,0.41191212729482335,0.13417388667441887,0.9337157419672938,0.1931902934094168,0.10472002963823823,True,10,SMA_N100_th5_bL3_sL0,13
2010-12-27,2020-12-29,0.2557055567313511,0.8425218368698333,0.4119121272948234,0.1380867175501692,0.8392979135744216,0.33694113826202554,0.11761883918118188,True,10,SMA_N100_th5_bL3_sL0,13
2011-12-23,2021-12-29,0.3720754644343134,1.0904323971960528,0.41177689188603567,0.16549475670765523,1.0368553589863043,0.3369411382620256,0.20658070772665815,True,10,SMA_N100_th5_bL3_sL0,13
2012-12-27,2022-12-29,0.27438497203515655,0.8815083959950306,0.5196630725557082,0.1266884782473816,0.7724636871665684,0.3369411382620256,0.14769649378777494,True,10,SMA_N100_th5_bL3_sL0,13
2013-12-27,2024-01-02,0.18919937636420592,0.6793246386475534,0.5904856849509429,0.12028040739025014,0.736416410531179,0.33694113826202554,0.06891896897395577,True,10,SMA_N100_th5_bL3_sL0,13
2014-12-29,2025-01-02,0.21655617520061288,0.7419197157026389,0.5904856849509429,0.12918792519388367,0.7792335951907536,0.33694113826202554,0.08736825000672921,True,10,SMA_N100_th5_bL3_sL0,13
2015-12-29,2026-01-06,0.2713031285804841,0.8664199861915355,0.5904856849509429,0.14806157038177026,0.8634213821134769,0.3369411382620256,0.12324155819871385,True,10,SMA_N100_th5_bL3_sL0,13
1986-01-03,2000-12-14,0.281469809926435,0.8138159665509717,0.5205834265091497,0.16011857164710452,0.9501398766431252,0.3288565573843161,0.12135123827933048,True,15,SMA_N100_th5_bL3_sL0,13
1987-01-02,2001-12-20,0.278691832695279,0.8270895070468804,0.5205834265091496,0.1344908960868736,0.8063308631518367,0.35446249243616573,0.14420093660840538,True,15,SMA_N100_th5_bL3_sL0,13
1987-12-31,2002-12-20,0.2100314474104683,0.685477055370026,0.6542047531235256,0.11538586105559312,0.7210366793095082,0.47376877377609244,0.09464558635487519,True,15,SMA_N100_th5_bL3_sL0,13
1988-12-29,2003-12-22,0.21950428097007735,0.7100174665955054,0.7362974648123558,0.11960655931774866,0.7482070822280353,0.47376877377609244,0.09989772165232869,True,15,SMA_N100_th5_bL3_sL0,13
1989-12-28,2004-12-22,0.18602814516943122,0.6389512332127805,0.7362974648123558,0.10888478614950348,0.693520784936189,0.4737687737760924,0.07714335901992775,True,15,SMA_N100_th5_bL3_sL0,13
1990-12-27,2005-12-21,0.23487130097014175,0.7390546813231,0.7362974648123559,0.115786535781909,0.7345066555805546,0.47376877377609244,0.11908476518823274,True,15,SMA_N100_th5_bL3_sL0,13
1991-12-26,2006-12-21,0.21453833335589656,0.7079584476580714,0.7362974648123559,0.10800957578633241,0.7076466946608773,0.47376877377609244,0.10652875756956415,True,15,SMA_N100_th5_bL3_sL0,13
1992-12-23,2007-12-24,0.18875470242933967,0.6422993847671936,0.7362974648123559,0.10516481282549806,0.6762052837882725,0.47376877377609244,0.08358988960384162,True,15,SMA_N100_th5_bL3_sL0,13
1993-12-22,2008-12-23,0.17015922279575824,0.6098867936713503,0.7362974648123559,0.06077527876278688,0.39889340991359235,0.5072237143228875,0.10938394403297136,True,15,SMA_N100_th5_bL3_sL0,13
1994-12-21,2009-12-23,0.25024338057482076,0.7719803051081164,0.7362974648123558,0.08018436534592666,0.47787325842896483,0.5514127052677142,0.1700590152288941,True,15,SMA_N100_th5_bL3_sL0,13
1995-12-20,2010-12-23,0.19007543554321638,0.6319328618059077,0.7362974648123559,0.06861286685386592,0.4157864816555877,0.5514127052677141,0.12146256868935046,True,15,SMA_N100_th5_bL3_sL0,13
1996-12-18,2011-12-22,0.13482768950263435,0.5227077486550762,0.7362974648123558,0.055231925647602376,0.3581443833797024,0.5514127052677141,0.07959576385503198,True,15,SMA_N100_th5_bL3_sL0,13
1997-12-17,2012-12-26,0.10667400024299267,0.45508250199763456,0.7362974648123558,0.044986149802106246,0.3109420401130756,0.5514127052677142,0.06168785044088643,True,15,SMA_N100_th5_bL3_sL0,13
1998-12-17,2013-12-26,0.14617516369693773,0.5631978342506356,0.7362974648123558,0.04954903054066806,0.3413609016782043,0.5514127052677141,0.09662613315626967,True,15,SMA_N100_th5_bL3_sL0,13
1999-12-17,2014-12-26,0.16600107949644505,0.6148764989463593,0.6778208418685646,0.045648102504628696,0.32232951765145973,0.5514127052677142,0.12035297699181635,True,15,SMA_N100_th5_bL3_sL0,13
2000-12-15,2015-12-28,0.16969613123528404,0.6440285007473531,0.5248481848950838,0.051247340558888244,0.3423804390035003,0.5514127052677141,0.1184487906763958,True,15,SMA_N100_th5_bL3_sL0,13
2001-12-21,2016-12-27,0.18954877110462554,0.6876215292222831,0.5248481848950838,0.0679689827091301,0.4379267005301233,0.5514127052677141,0.12157978839549544,True,15,SMA_N100_th5_bL3_sL0,13
2002-12-23,2017-12-27,0.26881571763421475,0.8945365255487802,0.41191212729482346,0.09791500740335901,0.6032535516489724,0.5514127052677142,0.17090071023085573,True,15,SMA_N100_th5_bL3_sL0,13
2003-12-23,2018-12-28,0.24226294352459954,0.8290804714184145,0.4119121272948234,0.07823719711497179,0.5039213220577035,0.5514127052677141,0.16402574640962775,True,15,SMA_N100_th5_bL3_sL0,13
2004-12-23,2019-12-30,0.252026593912301,0.8534884127198293,0.41191212729482335,0.09003082997077128,0.562287973559796,0.5514127052677141,0.1619957639415297,True,15,SMA_N100_th5_bL3_sL0,13
2005-12-22,2020-12-29,0.2589410900576641,0.8512960642174457,0.41191212729482346,0.09727196235353652,0.5645661957840065,0.5514127052677141,0.16166912770412756,True,15,SMA_N100_th5_bL3_sL0,13
2006-12-22,2021-12-29,0.2931012155210926,0.9131764799760151,0.4119121272948234,0.1076267045297501,0.6052824971355155,0.5514127052677141,0.1854745109913425,True,15,SMA_N100_th5_bL3_sL0,13
2007-12-26,2022-12-29,0.23246599875730967,0.7829234628016145,0.5196630725557081,0.08699025482176448,0.5066774465071109,0.5331644741109138,0.1454757439355452,True,15,SMA_N100_th5_bL3_sL0,13
2008-12-24,2024-01-02,0.24131166649089097,0.7889541687731978,0.5904856849509429,0.14246258162626368,0.8288447389056053,0.3369411382620256,0.09884908486462729,True,15,SMA_N100_th5_bL3_sL0,13
2009-12-24,2025-01-02,0.23076700381077475,0.7783743361577534,0.5904856849509428,0.1380216324499144,0.8460478294587264,0.33694113826202554,0.09274537136086036,True,15,SMA_N100_th5_bL3_sL0,13
2010-12-27,2026-01-06,0.24407513444575857,0.8137821286293775,0.5904856849509428,0.1418053987481449,0.8594633797056009,0.33694113826202554,0.10226973569761366,True,15,SMA_N100_th5_bL3_sL0,13
1986-01-03,2005-12-21,0.22154173556991097,0.7129085841879454,0.7362974648123558,0.11919975998259358,0.7302840213678852,0.4737687737760924,0.10234197558731739,True,20,SMA_N100_th5_bL3_sL0,13
1987-01-02,2006-12-21,0.24221479298563975,0.764876342624705,0.7362974648123558,0.11620780928428243,0.7251172889080421,0.47376877377609244,0.12600698370135732,True,20,SMA_N100_th5_bL3_sL0,13
1987-12-31,2007-12-24,0.21598738707976994,0.708661089432597,0.7362974648123559,0.11838262566526936,0.7693164721196109,0.47376877377609244,0.09760476141450058,True,20,SMA_N100_th5_bL3_sL0,13
1988-12-29,2008-12-23,0.2067487212155139,0.7011524104553467,0.7362974648123558,0.08083457711190123,0.5186138026731929,0.5072237143228875,0.12591414410361268,True,20,SMA_N100_th5_bL3_sL0,13
1989-12-28,2009-12-23,0.20783410403238212,0.697106633552427,0.7362974648123558,0.08222866480616187,0.5118328205143172,0.5514127052677141,0.12560543922622025,True,20,SMA_N100_th5_bL3_sL0,13
1990-12-27,2010-12-23,0.24333849624779003,0.7674877796712392,0.7362974648123559,0.0912892667298899,0.5505300735059094,0.5514127052677142,0.15204922951790012,True,20,SMA_N100_th5_bL3_sL0,13
1991-12-26,2011-12-22,0.19667365162306072,0.6736783090710815,0.7362974648123559,0.07925127155798473,0.49156115326943495,0.5514127052677142,0.11742238006507599,True,20,SMA_N100_th5_bL3_sL0,13
1992-12-23,2012-12-26,0.17988691584434235,0.6291451646487709,0.7362974648123559,0.08122092786651991,0.49544794018246185,0.5514127052677141,0.09866598797782244,True,20,SMA_N100_th5_bL3_sL0,13
1993-12-22,2013-12-26,0.21330658369829303,0.7050074482177724,0.7362974648123559,0.0915993521008791,0.5455137644177719,0.5514127052677142,0.12170723159741392,True,20,SMA_N100_th5_bL3_sL0,13
1994-12-21,2014-12-26,0.25322728059976285,0.7888316568724335,0.7362974648123558,0.09882214588825255,0.5796312192203977,0.5514127052677142,0.1544051347115103,True,20,SMA_N100_th5_bL3_sL0,13
1995-12-20,2015-12-28,0.19047014743199342,0.6447898710638623,0.7362974648123559,0.08294532303036317,0.4974720968119255,0.5514127052677141,0.10752482440163025,True,20,SMA_N100_th5_bL3_sL0,13
1996-12-18,2016-12-27,0.1720026540921613,0.6137466771312711,0.7362974648123558,0.0781870460035714,0.4796027175271344,0.5514127052677141,0.09381560808858991,True,20,SMA_N100_th5_bL3_sL0,13
1997-12-17,2017-12-27,0.1809102784787613,0.6404176534521563,0.7362974648123558,0.07249080249824891,0.4555942265844254,0.5514127052677142,0.10841947598051238,True,20,SMA_N100_th5_bL3_sL0,13
1998-12-17,2018-12-28,0.16240618926848938,0.6084961330248325,0.7362974648123558,0.0580092666137928,0.3938494223159738,0.5514127052677141,0.10439692265469658,True,20,SMA_N100_th5_bL3_sL0,13
1999-12-17,2019-12-30,0.17908669817652267,0.6547415904642173,0.6778208418685646,0.06211027860439855,0.4142398760975171,0.5514127052677142,0.11697641957212412,True,20,SMA_N100_th5_bL3_sL0,13
2000-12-15,2020-12-29,0.2063392834436304,0.7307413864986374,0.5248481848950838,0.07491908915708612,0.45951084451023266,0.5514127052677141,0.13142019428654428,True,20,SMA_N100_th5_bL3_sL0,13
2001-12-21,2021-12-29,0.2515316494245352,0.8247249299160795,0.5248481848950838,0.09565847054814469,0.5722270476299536,0.5514127052677141,0.15587317887639052,True,20,SMA_N100_th5_bL3_sL0,13
2002-12-23,2022-12-29,0.2327961171258257,0.7860730382158988,0.5196630725557082,0.0970606564669605,0.5803484040095279,0.5514127052677142,0.13573546065886521,True,20,SMA_N100_th5_bL3_sL0,13
2003-12-23,2024-01-02,0.22278081321089638,0.7655320427792862,0.5904856849509428,0.09762254974036666,0.5860340568237379,0.5514127052677141,0.12515826347052972,True,20,SMA_N100_th5_bL3_sL0,13
2004-12-23,2025-01-02,0.24258155643824542,0.8100482713614336,0.5904856849509429,0.10370480888295397,0.6142303164351571,0.5514127052677141,0.13887674755529145,True,20,SMA_N100_th5_bL3_sL0,13
2005-12-22,2026-01-06,0.2493820174609469,0.8275657565079788,0.5904856849509429,0.11005071264687638,0.6372328952998759,0.5514127052677141,0.13933130481407052,True,20,SMA_N100_th5_bL3_sL0,13
1986-01-03,1990-12-26,0.20475371371453255,0.6724631442168555,0.5109486901498609,0.13133116095848751,0.7266559953203099,0.3288565573843161,0.07342255275604503,True,5,SMA_N150_th5_bL3_sL-1,14
1987-01-02,1991-12-24,0.31686425398997664,0.9022893460536929,0.5109486901498609,0.13812892271730326,0.7770002094103399,0.328856557384316,0.17873533127267338,True,5,SMA_N150_th5_bL3_sL-1,14
1987-12-31,1992-12-22,0.2904152583488242,0.8968759841839865,0.39757213358989985,0.1597665028455073,1.1097658644211132,0.19183356941998955,0.1306487555033169,True,5,SMA_N150_th5_bL3_sL-1,14
1988-12-29,1993-12-21,0.33197954836310184,1.01853233731239,0.39757213358989985,0.14188814149307016,1.1249140197770626,0.19183356941998964,0.19009140687003168,True,5,SMA_N150_th5_bL3_sL-1,14
1989-12-28,1994-12-20,0.1510194237959499,0.6020247094986403,0.3975721335898999,0.0861594758495241,0.7489912048937678,0.19183356941998958,0.0648599479464258,True,5,SMA_N150_th5_bL3_sL-1,14
1990-12-27,1995-12-19,0.46501359101331907,1.3910153152052656,0.24136083454375862,0.16463347955803043,1.4752054797759762,0.08522360788061661,0.30038011145528865,True,5,SMA_N150_th5_bL3_sL-1,14
1991-12-26,1996-12-17,0.4705341912606775,1.4338377351638605,0.24136083454375865,0.15292725034399135,1.4647052524634705,0.08522360788061664,0.3176069409166862,True,5,SMA_N150_th5_bL3_sL-1,14
1992-12-23,1997-12-16,0.6231068105498359,1.4444977372310022,0.3167888301034299,0.19901352989005816,1.4690901794494986,0.11198356632803617,0.4240932806597777,True,5,SMA_N150_th5_bL3_sL-1,14
1993-12-22,1998-12-16,0.5663142490236721,1.268123814014372,0.4624846027924081,0.22440696844455887,1.3716142651793786,0.19020871622272723,0.34190728057911324,True,5,SMA_N150_th5_bL3_sL-1,14
1994-12-21,1999-12-16,0.5875662149379208,1.232539082135816,0.46248460279240805,0.2736922813406599,1.5113288230200046,0.19020871622272728,0.3138739335972609,True,5,SMA_N150_th5_bL3_sL-1,14
1995-12-20,2000-12-14,0.28772069601246586,0.7308092602682402,0.519154873663865,0.18942922862489198,0.9703971362558814,0.19020871622272711,0.09829146738757388,True,5,SMA_N150_th5_bL3_sL-1,14
1996-12-18,2001-12-20,0.16977311604351053,0.5723039787905992,0.519154873663865,0.10817681647414967,0.5947752299604295,0.3544624924361658,0.06159629956936086,True,5,SMA_N150_th5_bL3_sL-1,14
1997-12-17,2002-12-20,-0.050615462255155785,0.113481913216978,0.6391393512770346,-0.00035264247384625413,0.10732082288912685,0.4737687737760924,-0.05026281978130953,False,5,SMA_N150_th5_bL3_sL-1,14
1998-12-17,2003-12-22,0.017788569156191203,0.27891133476684427,0.6391393512770346,-0.0005397138115567079,0.12056454641120017,0.4737687737760924,0.01832828296774791,True,5,SMA_N150_th5_bL3_sL-1,14
1999-12-17,2004-12-22,0.072406339448571,0.384010456014707,0.5156759585206285,-0.017573962863435155,0.024301372517773208,0.4737687737760924,0.08998030231200616,True,5,SMA_N150_th5_bL3_sL-1,14
2000-12-15,2005-12-21,0.1453670541188865,0.6071460437132571,0.4556540112482911,0.009523895832712626,0.11906864949639658,0.4193113902856809,0.13584315828617388,True,5,SMA_N150_th5_bL3_sL-1,14
2001-12-21,2006-12-21,0.21902326935192007,0.7716268820666284,0.38285297928625917,0.061890896861365174,0.45960169601177236,0.32931991735010696,0.1571323724905549,True,5,SMA_N150_th5_bL3_sL-1,14
2002-12-23,2007-12-24,0.2684441178028467,0.8552267647017452,0.3227163813033931,0.12745025953416667,0.9816150785432407,0.13713155595240378,0.14099385826868005,True,5,SMA_N150_th5_bL3_sL-1,14
2003-12-23,2008-12-23,0.2367680339507463,0.7693482680232488,0.3227163813033931,-0.027729034994333213,-0.024193482970366165,0.5072237143228874,0.2644970689450795,True,5,SMA_N150_th5_bL3_sL-1,14
2004-12-23,2009-12-23,0.28377645478107305,0.8284908704317743,0.3510687253240516,0.005917133826857102,0.1448257067685854,0.5514127052677141,0.27785932095421595,True,5,SMA_N150_th5_bL3_sL-1,14
2005-12-22,2010-12-23,0.20304869392289038,0.657384581875898,0.47206064497978817,0.019944713130480407,0.20762707237751302,0.5514127052677141,0.18310398079240997,True,5,SMA_N150_th5_bL3_sL-1,14
2006-12-22,2011-12-22,0.0716696805155781,0.3705583727548922,0.4854038999418693,-0.0013731664564993196,0.12260927466610279,0.5514127052677141,0.07304284697207741,True,5,SMA_N150_th5_bL3_sL-1,14
2007-12-26,2012-12-26,0.14644086541861778,0.5342510962383402,0.5135257107135613,0.01204987692797066,0.17805295960250486,0.5331644741109138,0.13439098849064712,True,5,SMA_N150_th5_bL3_sL-1,14
2008-12-24,2013-12-26,0.25558095741554143,0.7561177626285952,0.5135257107135613,0.1883095353357942,0.9997514863834135,0.27120125137024154,0.06727142207974723,True,5,SMA_N150_th5_bL3_sL-1,14
2009-12-24,2014-12-26,0.22660711272062128,0.7376604351340098,0.5135257107135615,0.1557113270721573,0.997609617169241,0.18576371244549406,0.070895785648464,True,5,SMA_N150_th5_bL3_sL-1,14
2010-12-27,2015-12-28,0.17201119542604415,0.6240361908578638,0.42440228059721324,0.12711096084552387,0.8579995392521074,0.185763712445494,0.04490023458052028,True,5,SMA_N150_th5_bL3_sL-1,14
2011-12-23,2016-12-27,0.2875067077641431,0.9132872848467911,0.4765610240028323,0.14815208712142192,1.1557655728398548,0.1297146274250496,0.1393546206427212,True,5,SMA_N150_th5_bL3_sL-1,14
2012-12-27,2017-12-27,0.3594837017703689,1.151730078704019,0.47656102400283235,0.15984789530313792,1.304000521155299,0.1297146274250495,0.199635806467231,True,5,SMA_N150_th5_bL3_sL-1,14
2013-12-27,2018-12-28,0.15072770361235888,0.5854074754292732,0.4765610240028323,0.08387471154798298,0.6768723291654465,0.19319029340941687,0.0668529920643759,True,5,SMA_N150_th5_bL3_sL-1,14
2014-12-29,2019-12-30,0.10613650598908264,0.4725585979816356,0.47656102400283235,0.11284922955954468,0.8653433591374201,0.19319029340941685,-0.0067127235704620425,False,5,SMA_N150_th5_bL3_sL-1,14
2015-12-29,2020-12-29,0.12314411783401447,0.4878820826787344,0.6726198209544081,0.14684718378343553,0.8322751309705982,0.3369411382620256,-0.023703065949421065,False,5,SMA_N150_th5_bL3_sL-1,14
2016-12-28,2021-12-29,0.24989655962713764,0.7262652985380917,0.6726198209544081,0.18520952154848147,0.9873871726812262,0.33694113826202565,0.06468703807865617,True,5,SMA_N150_th5_bL3_sL-1,14
2017-12-28,2022-12-29,0.03529003874105929,0.30906483313299854,0.6726198209544081,0.09412973739812336,0.5278053558306166,0.3369411382620256,-0.058839698657064066,False,5,SMA_N150_th5_bL3_sL-1,14
2018-12-31,2024-01-02,0.1196599431588774,0.47858984817186556,0.6726198209544081,0.15599293612904175,0.8047850802686117,0.33694113826202554,-0.036332992970164346,False,5,SMA_N150_th5_bL3_sL-1,14
2019-12-31,2025-01-02,0.2151097341760908,0.6727684835536629,0.6726198209544081,0.14531985507554634,0.7545210211256641,0.3369411382620256,0.06978987910054446,True,5,SMA_N150_th5_bL3_sL-1,14
2020-12-30,2026-01-06,0.28330601360952534,0.8603051966947947,0.4773528514557912,0.1490744525961183,0.90004962009299,0.24441874976840103,0.13423156101340705,True,5,SMA_N150_th5_bL3_sL-1,14
1986-01-03,1995-12-19,0.3293752482383894,0.9830621437614321,0.5109486901498609,0.14692497615128453,0.9460487277838104,0.3288565573843161,0.18245027208710485,True,10,SMA_N150_th5_bL3_sL-1,14
1987-01-02,1996-12-17,0.3970962625504879,1.118836285401064,0.5109486901498609,0.14702699777073036,0.9659603955567658,0.328856557384316,0.25006926477975755,True,10,SMA_N150_th5_bL3_sL-1,14
1987-12-31,1997-12-16,0.4457963833163492,1.1806344077161872,0.39757213358989985,0.17881951074524727,1.279023645493094,0.19183356941998955,0.2669768725711019,True,10,SMA_N150_th5_bL3_sL-1,14
1988-12-29,1998-12-16,0.4470764393925257,1.1499755978346196,0.4624846027924081,0.18314271565548568,1.2541090049463974,0.19183356941998964,0.26393372373704005,True,10,SMA_N150_th5_bL3_sL-1,14
1989-12-28,1999-12-16,0.35586059300060735,0.9578345577146585,0.46248460279240805,0.1773609147247006,1.1771667156668573,0.19183356941998958,0.17849967827590674,True,10,SMA_N150_th5_bL3_sL-1,14
1990-12-27,2000-12-14,0.3692846508954193,0.9404152682599892,0.519154873663865,0.1757442376900613,1.0990673314525914,0.1902087162227272,0.19354041320535798,True,10,SMA_N150_th5_bL3_sL-1,14
1991-12-26,2001-12-20,0.3145020054596048,0.8663715896617441,0.519154873663865,0.13116887104663966,0.8274015620134825,0.3544624924361658,0.18333313441296517,True,10,SMA_N150_th5_bL3_sL-1,14
1992-12-23,2002-12-20,0.23931379178251344,0.7154359792168709,0.6391393512770346,0.09419870541686581,0.5783671554403454,0.47376877377609244,0.14511508636564763,True,10,SMA_N150_th5_bL3_sL-1,14
1993-12-22,2003-12-22,0.2684064563846056,0.7717183264599153,0.6391393512770346,0.10793989253576086,0.6382113652627169,0.4737687737760924,0.16046656384884472,True,10,SMA_N150_th5_bL3_sL-1,14
1994-12-21,2004-12-22,0.3071495886609108,0.8423616810445468,0.6391393512770346,0.11928410631638697,0.6927876320525749,0.4737687737760924,0.18786548234452383,True,10,SMA_N150_th5_bL3_sL-1,14
1995-12-20,2005-12-21,0.21706922847899168,0.662314436363427,0.6391393512770346,0.09325786245396572,0.5570344213552254,0.47376877377609244,0.12381136602502596,True,10,SMA_N150_th5_bL3_sL-1,14
1996-12-18,2006-12-21,0.19333147291648656,0.6321546680579505,0.6391393512770346,0.08540631140487931,0.5314529109947129,0.4737687737760924,0.10792516151160725,True,10,SMA_N150_th5_bL3_sL-1,14
1997-12-17,2007-12-24,0.0972976268835768,0.4284014323898594,0.6391393512770346,0.06163795899736613,0.41253218275530407,0.4737687737760924,0.035659667886210666,True,10,SMA_N150_th5_bL3_sL-1,14
1998-12-17,2008-12-23,0.12210901059991697,0.5002814444149362,0.6391393512770346,-0.01415919823058387,0.04876251293040151,0.5072237143228874,0.13626820883050084,True,10,SMA_N150_th5_bL3_sL-1,14
1999-12-17,2009-12-23,0.17352613807343653,0.6074523445779276,0.5156759585206285,-0.005820959382251023,0.0887022268960443,0.5514127052677142,0.17934709745568755,True,10,SMA_N150_th5_bL3_sL-1,14
2000-12-15,2010-12-23,0.17560779729573794,0.6287213984001349,0.4720606449797883,0.015245783399367996,0.16804007871150634,0.5514127052677141,0.16036201389636995,True,10,SMA_N150_th5_bL3_sL-1,14
2001-12-21,2011-12-22,0.14078575515654523,0.5345115508742585,0.4854038999418693,0.029126940401384305,0.24308676130679438,0.5514127052677141,0.11165881475516093,True,10,SMA_N150_th5_bL3_sL-1,14
2002-12-23,2012-12-26,0.20554699984600577,0.6757512883128978,0.5135257107135613,0.06839417371007173,0.42305002819718623,0.5514127052677142,0.13715282613593405,True,10,SMA_N150_th5_bL3_sL-1,14
2003-12-23,2013-12-26,0.24529967726723223,0.7607374177821788,0.5135257107135613,0.07546816740975926,0.45958732073225644,0.5514127052677141,0.16983150985747297,True,10,SMA_N150_th5_bL3_sL-1,14
2004-12-23,2014-12-26,0.2565214103649227,0.7839794573934855,0.5135257107135613,0.07869376773640568,0.47437302119887576,0.5514127052677141,0.17782764262851702,True,10,SMA_N150_th5_bL3_sL-1,14
2005-12-22,2015-12-28,0.1874862246077147,0.6399134078059274,0.5135257107135613,0.07220318309463214,0.44312126302346866,0.5514127052677141,0.11528304151308255,True,10,SMA_N150_th5_bL3_sL-1,14
2006-12-22,2016-12-27,0.17350639862546702,0.6016173896167629,0.5135257107135613,0.07170785766692211,0.43349038297674664,0.5514127052677141,0.1017985409585449,True,10,SMA_N150_th5_bL3_sL-1,14
2007-12-26,2017-12-27,0.2478097122821854,0.7828469872969753,0.5135257107135613,0.08325212445583285,0.4957802388306853,0.5331644741109138,0.16455758782635255,True,10,SMA_N150_th5_bL3_sL-1,14
2008-12-24,2018-12-28,0.20190096088287568,0.6758433272645378,0.5135257107135613,0.13482871520012107,0.8535349457651878,0.27120125137024154,0.0670722456827546,True,10,SMA_N150_th5_bL3_sL-1,14
2009-12-24,2019-12-30,0.16521050582171437,0.6116622420835088,0.5135257107135615,0.13417388667441887,0.9337157419672938,0.1931902934094168,0.031036619147295497,True,10,SMA_N150_th5_bL3_sL-1,14
2010-12-27,2020-12-29,0.14601936016900985,0.5494838150761125,0.6726198209544082,0.1380867175501692,0.8392979135744216,0.33694113826202554,0.007932642618840635,True,10,SMA_N150_th5_bL3_sL-1,14
2011-12-23,2021-12-29,0.26525719558297767,0.8022422296553228,0.6726198209544081,0.16549475670765523,1.0368553589863043,0.3369411382620256,0.09976243887532243,True,10,SMA_N150_th5_bL3_sL-1,14
2012-12-27,2022-12-29,0.18701104675496927,0.641679385418677,0.6726198209544081,0.1266884782473816,0.7724636871665684,0.3369411382620256,0.06032256850758766,True,10,SMA_N150_th5_bL3_sL-1,14
2013-12-27,2024-01-02,0.13402720424533432,0.522507061839195,0.6726198209544081,0.12028040739025014,0.736416410531179,0.33694113826202554,0.013746796855084176,True,10,SMA_N150_th5_bL3_sL-1,14
2014-12-29,2025-01-02,0.16011480126073274,0.5806805799641066,0.6726198209544081,0.12918792519388367,0.7792335951907536,0.33694113826202554,0.030926876066849074,True,10,SMA_N150_th5_bL3_sL-1,14
2015-12-29,2026-01-06,0.20097999946298883,0.6628072949204571,0.6726198209544081,0.14806157038177026,0.8634213821134769,0.3369411382620256,0.052918429081218576,True,10,SMA_N150_th5_bL3_sL-1,14
1986-01-03,2000-12-14,0.31266320393029146,0.8563347971334878,0.519154873663865,0.16011857164710452,0.9501398766431252,0.3288565573843161,0.15254463228318693,True,15,SMA_N150_th5_bL3_sL-1,14
1987-01-02,2001-12-20,0.31878178406014523,0.8779252690286156,0.519154873663865,0.1344908960868736,0.8063308631518367,0.35446249243616573,0.18429088797327164,True,15,SMA_N150_th5_bL3_sL-1,14
1987-12-31,2002-12-20,0.2553302979697325,0.7662321639243179,0.6391393512770346,0.11538586105559312,0.7210366793095082,0.47376877377609244,0.13994443691413938,True,15,SMA_N150_th5_bL3_sL-1,14
1988-12-29,2003-12-22,0.29087669279059747,0.8377906240767446,0.6391393512770345,0.11960655931774866,0.7482070822280353,0.47376877377609244,0.1712701334728488,True,15,SMA_N150_th5_bL3_sL-1,14
1989-12-28,2004-12-22,0.25544134078398373,0.7703454149236404,0.6391393512770346,0.10888478614950348,0.693520784936189,0.4737687737760924,0.14655655463448025,True,15,SMA_N150_th5_bL3_sL-1,14
1990-12-27,2005-12-21,0.29200818554889896,0.8433943675756558,0.6391393512770346,0.115786535781909,0.7345066555805546,0.47376877377609244,0.17622164976698995,True,15,SMA_N150_th5_bL3_sL-1,14
1991-12-26,2006-12-21,0.28127530048598315,0.8339060197124302,0.6391393512770346,0.10800957578633241,0.7076466946608773,0.47376877377609244,0.17326572469965074,True,15,SMA_N150_th5_bL3_sL-1,14
1992-12-23,2007-12-24,0.24884155527181884,0.7529883941738523,0.6391393512770346,0.10516481282549806,0.6762052837882725,0.47376877377609244,0.14367674244632078,True,15,SMA_N150_th5_bL3_sL-1,14
1993-12-22,2008-12-23,0.2578561251310676,0.7685285236161263,0.6391393512770346,0.06077527876278688,0.39889340991359235,0.5072237143228875,0.19708084636828072,True,15,SMA_N150_th5_bL3_sL-1,14
1994-12-21,2009-12-23,0.29941501153264904,0.8373238102807721,0.6391393512770346,0.08018436534592666,0.47787325842896483,0.5514127052677142,0.2192306461867224,True,15,SMA_N150_th5_bL3_sL-1,14
1995-12-20,2010-12-23,0.2135758909212926,0.6606253101659149,0.6391393512770346,0.06861286685386592,0.4157864816555877,0.5514127052677141,0.14496302406742667,True,15,SMA_N150_th5_bL3_sL-1,14
1996-12-18,2011-12-22,0.14985430290798663,0.5439647197634194,0.6391393512770346,0.055231925647602376,0.3581443833797024,0.5514127052677141,0.09462237726038425,True,15,SMA_N150_th5_bL3_sL-1,14
1997-12-17,2012-12-26,0.11324164742557619,0.4644796785631832,0.6391393512770346,0.044986149802106246,0.3109420401130756,0.5514127052677142,0.06825549762346994,True,15,SMA_N150_th5_bL3_sL-1,14
1998-12-17,2013-12-26,0.1644298499575918,0.5872690244304621,0.6391393512770346,0.04954903054066806,0.3413609016782043,0.5514127052677141,0.11488081941692374,True,15,SMA_N150_th5_bL3_sL-1,14
1999-12-17,2014-12-26,0.19201823716652244,0.6493816441193325,0.5156759585206285,0.045648102504628696,0.32232951765145973,0.5514127052677142,0.14637013466189375,True,15,SMA_N150_th5_bL3_sL-1,14
2000-12-15,2015-12-28,0.17444947876754346,0.6271163133691421,0.5135257107135613,0.051247340558888244,0.3423804390035003,0.5514127052677141,0.12320213820865522,True,15,SMA_N150_th5_bL3_sL-1,14
2001-12-21,2016-12-27,0.18695297870538896,0.6487802419111558,0.5135257107135613,0.0679689827091301,0.4379267005301233,0.5514127052677141,0.11898399599625886,True,15,SMA_N150_th5_bL3_sL-1,14
2002-12-23,2017-12-27,0.2543900906789742,0.805707721951307,0.5135257107135613,0.09791500740335901,0.6032535516489724,0.5514127052677142,0.1564750832756152,True,15,SMA_N150_th5_bL3_sL-1,14
2003-12-23,2018-12-28,0.2128733510087668,0.7060435497502882,0.5135257107135613,0.07823719711497179,0.5039213220577035,0.5514127052677141,0.13463615389379502,True,15,SMA_N150_th5_bL3_sL-1,14
2004-12-23,2019-12-30,0.20452386135310152,0.688203468382539,0.5135257107135613,0.09003082997077128,0.562287973559796,0.5514127052677141,0.11449303138233025,True,15,SMA_N150_th5_bL3_sL-1,14
2005-12-22,2020-12-29,0.16476092599166714,0.5870395097181533,0.6726198209544081,0.09727196235353652,0.5645661957840065,0.5514127052677141,0.06748896363813062,True,15,SMA_N150_th5_bL3_sL-1,14
2006-12-22,2021-12-29,0.19636556554231666,0.6452263591372024,0.6726198209544081,0.1076267045297501,0.6052824971355155,0.5514127052677141,0.08873886101256656,True,15,SMA_N150_th5_bL3_sL-1,14
2007-12-26,2022-12-29,0.17296726942439333,0.6025452326198133,0.6726198209544082,0.08699025482176448,0.5066774465071109,0.5331644741109138,0.08597701460262885,True,15,SMA_N150_th5_bL3_sL-1,14
2008-12-24,2024-01-02,0.17310298694142734,0.6035769069389259,0.6726198209544081,0.14246258162626368,0.8288447389056053,0.3369411382620256,0.030640405315163655,True,15,SMA_N150_th5_bL3_sL-1,14
2009-12-24,2025-01-02,0.18212530142582795,0.63192302057584,0.6726198209544081,0.1380216324499144,0.8460478294587264,0.33694113826202554,0.04410366897591356,True,15,SMA_N150_th5_bL3_sL-1,14
2010-12-27,2026-01-06,0.1903371409603063,0.6500554558039341,0.6726198209544082,0.1418053987481449,0.8594633797056009,0.33694113826202554,0.04853174221216139,True,15,SMA_N150_th5_bL3_sL-1,14
1986-01-03,2005-12-21,0.27004533628450655,0.8012201073793587,0.6391393512770345,0.11919975998259358,0.7302840213678852,0.4737687737760924,0.15084557630191298,True,20,SMA_N150_th5_bL3_sL-1,14
1987-01-02,2006-12-21,0.2926513394595305,0.8513850049824188,0.6391393512770346,0.11620780928428243,0.7251172889080421,0.47376877377609244,0.17644353017524805,True,20,SMA_N150_th5_bL3_sL-1,14
1987-12-31,2007-12-24,0.25851365237594637,0.7846934506062757,0.6391393512770346,0.11838262566526936,0.7693164721196109,0.47376877377609244,0.140131026710677,True,20,SMA_N150_th5_bL3_sL-1,14
1988-12-29,2008-12-23,0.27719548895605195,0.8211591625258209,0.6391393512770345,0.08083457711190123,0.5186138026731929,0.5072237143228875,0.19636091184415072,True,20,SMA_N150_th5_bL3_sL-1,14
1989-12-28,2009-12-23,0.26254417100469496,0.7847664799426871,0.6391393512770346,0.08222866480616187,0.5118328205143172,0.5514127052677141,0.1803155061985331,True,20,SMA_N150_th5_bL3_sL-1,14
1990-12-27,2010-12-23,0.2701069349477816,0.7946296502188321,0.6391393512770346,0.0912892667298899,0.5505300735059094,0.5514127052677142,0.1788176682178917,True,20,SMA_N150_th5_bL3_sL-1,14
1991-12-26,2011-12-22,0.22414446105903774,0.7078468089163579,0.6391393512770346,0.07925127155798473,0.49156115326943495,0.5514127052677142,0.144893189501053,True,20,SMA_N150_th5_bL3_sL-1,14
1992-12-23,2012-12-26,0.22224219294419778,0.6957730983197435,0.6391393512770346,0.08122092786651991,0.49544794018246185,0.5514127052677141,0.14102126507767787,True,20,SMA_N150_th5_bL3_sL-1,14
1993-12-22,2013-12-26,0.2568615514409811,0.7654135154363932,0.6391393512770346,0.0915993521008791,0.5455137644177719,0.5514127052677142,0.165262199340102,True,20,SMA_N150_th5_bL3_sL-1,14
1994-12-21,2014-12-26,0.2816639491905153,0.8135264383820519,0.6391393512770346,0.09882214588825255,0.5796312192203977,0.5514127052677142,0.18284180330226274,True,20,SMA_N150_th5_bL3_sL-1,14
1995-12-20,2015-12-28,0.20307878101870114,0.650752557709257,0.6391393512770346,0.08294532303036317,0.4974720968119255,0.5514127052677141,0.12013345798833797,True,20,SMA_N150_th5_bL3_sL-1,14
1996-12-18,2016-12-27,0.18223599196327123,0.6168984135124856,0.6391393512770346,0.0781870460035714,0.4796027175271344,0.5514127052677141,0.10404894595969982,True,20,SMA_N150_th5_bL3_sL-1,14
1997-12-17,2017-12-27,0.16997163354051947,0.595978058652366,0.6391393512770346,0.07249080249824891,0.4555942265844254,0.5514127052677142,0.09748083104227057,True,20,SMA_N150_th5_bL3_sL-1,14
1998-12-17,2018-12-28,0.1609450533248986,0.5853381737805876,0.6391393512770346,0.0580092666137928,0.3938494223159738,0.5514127052677141,0.10293578671110581,True,20,SMA_N150_th5_bL3_sL-1,14
1999-12-17,2019-12-30,0.170148095898073,0.608692576543538,0.5156759585206285,0.06211027860439855,0.4142398760975171,0.5514127052677142,0.10803781729367445,True,20,SMA_N150_th5_bL3_sL-1,14
2000-12-15,2020-12-29,0.16075272909945104,0.5880547379828516,0.6726198209544081,0.07491908915708612,0.45951084451023266,0.5514127052677141,0.08583363994236493,True,20,SMA_N150_th5_bL3_sL-1,14
2001-12-21,2021-12-29,0.20082486523368503,0.6688526749554494,0.6726198209544081,0.09565847054814469,0.5722270476299536,0.5514127052677141,0.10516639468554034,True,20,SMA_N150_th5_bL3_sL-1,14
2002-12-23,2022-12-29,0.19595797668428405,0.6588332733599745,0.6726198209544081,0.0970606564669605,0.5803484040095279,0.5514127052677142,0.09889732021732356,True,20,SMA_N150_th5_bL3_sL-1,14
2003-12-23,2024-01-02,0.18830980730993363,0.6420208287726313,0.6726198209544082,0.09762254974036666,0.5860340568237379,0.5514127052677141,0.09068725756956697,True,20,SMA_N150_th5_bL3_sL-1,14
2004-12-23,2025-01-02,0.20755235439185826,0.6821686596860964,0.6726198209544081,0.10370480888295397,0.6142303164351571,0.5514127052677141,0.1038475455089043,True,20,SMA_N150_th5_bL3_sL-1,14
2005-12-22,2026-01-06,0.19352889890351155,0.6513903587031222,0.6726198209544081,0.11005071264687638,0.6372328952998759,0.5514127052677141,0.08347818625663517,True,20,SMA_N150_th5_bL3_sL-1,14
1986-01-03,1990-12-26,0.22054545983513973,0.7468993195511457,0.5441724151667333,0.13133116095848751,0.7266559953203099,0.3288565573843161,0.08921429887665222,True,5,EMA_N200_th0_bL3_sL0,15
1987-01-02,1991-12-24,0.3328728038573474,0.9680643824822118,0.5441724151667333,0.13812892271730326,0.7770002094103399,0.328856557384316,0.19474388114004415,True,5,EMA_N200_th0_bL3_sL0,15
1987-12-31,1992-12-22,0.30052754347110455,0.92814667856453,0.27155602799080625,0.1597665028455073,1.1097658644211132,0.19183356941998955,0.14076104062559724,True,5,EMA_N200_th0_bL3_sL0,15
1988-12-29,1993-12-21,0.3810706847227927,1.1373192503193834,0.2715560279908063,0.14188814149307016,1.1249140197770626,0.19183356941998964,0.23918254322972254,True,5,EMA_N200_th0_bL3_sL0,15
1989-12-28,1994-12-20,0.1574646915964779,0.6347090404512795,0.27155602799080625,0.0861594758495241,0.7489912048937678,0.19183356941998958,0.07130521574695381,True,5,EMA_N200_th0_bL3_sL0,15
1990-12-27,1995-12-19,0.4310139900451002,1.324500860456116,0.2558942392187025,0.16463347955803043,1.4752054797759762,0.08522360788061661,0.2663805104870698,True,5,EMA_N200_th0_bL3_sL0,15
1991-12-26,1996-12-17,0.4071699266569997,1.3278200789351633,0.2558942392187024,0.15292725034399135,1.4647052524634705,0.08522360788061664,0.25424267631300834,True,5,EMA_N200_th0_bL3_sL0,15
1992-12-23,1997-12-16,0.574178037854999,1.3869355547148483,0.3167888301034299,0.19901352989005816,1.4690901794494986,0.11198356632803617,0.37516450796494083,True,5,EMA_N200_th0_bL3_sL0,15
1993-12-22,1998-12-16,0.5719243716794564,1.2885859509929316,0.45846610370177265,0.22440696844455887,1.3716142651793786,0.19020871622272723,0.34751740323489755,True,5,EMA_N200_th0_bL3_sL0,15
1994-12-21,1999-12-16,0.749752086457038,1.4329590636542548,0.45846610370177265,0.2736922813406599,1.5113288230200046,0.19020871622272728,0.476059805116378,True,5,EMA_N200_th0_bL3_sL0,15
1995-12-20,2000-12-14,0.27250591349372044,0.7106957087255326,0.5946684366755579,0.18942922862489198,0.9703971362558814,0.19020871622272711,0.08307668486882847,True,5,EMA_N200_th0_bL3_sL0,15
1996-12-18,2001-12-20,0.12305772782251134,0.4932807508528265,0.6179524560668084,0.10817681647414967,0.5947752299604295,0.3544624924361658,0.01488091134836167,True,5,EMA_N200_th0_bL3_sL0,15
1997-12-17,2002-12-20,-0.048430347066067636,0.08918659602063844,0.6481554183309565,-0.00035264247384625413,0.10732082288912685,0.4737687737760924,-0.04807770459222138,False,5,EMA_N200_th0_bL3_sL0,15
1998-12-17,2003-12-22,0.0006688025858863078,0.21921753526920879,0.6616901961453183,-0.0005397138115567079,0.12056454641120017,0.4737687737760924,0.0012085163974430158,True,5,EMA_N200_th0_bL3_sL0,15
1999-12-17,2004-12-22,-0.023908557944608222,0.1079595844921379,0.6399618240017967,-0.017573962863435155,0.024301372517773208,0.4737687737760924,-0.006334595081173067,False,5,EMA_N200_th0_bL3_sL0,15
2000-12-15,2005-12-21,0.09438002293624903,0.48895707819000567,0.3232144070139732,0.009523895832712626,0.11906864949639658,0.4193113902856809,0.0848561271035364,True,5,EMA_N200_th0_bL3_sL0,15
2001-12-21,2006-12-21,0.1506296040063695,0.6503809580940504,0.3299612504272296,0.061890896861365174,0.45960169601177236,0.32931991735010696,0.08873870714500431,True,5,EMA_N200_th0_bL3_sL0,15
2002-12-23,2007-12-24,0.12423760751184942,0.5207293569688417,0.41270713395349146,0.12745025953416667,0.9816150785432407,0.13713155595240378,-0.0032126520223172417,False,5,EMA_N200_th0_bL3_sL0,15
2003-12-23,2008-12-23,-0.05055782894581429,-0.016303711330275347,0.5358599417785737,-0.027729034994333213,-0.024193482970366165,0.5072237143228874,-0.022828793951481074,False,5,EMA_N200_th0_bL3_sL0,15
2004-12-23,2009-12-23,-0.00313478502965181,0.1455190600741292,0.5681406418241528,0.005917133826857102,0.1448257067685854,0.5514127052677141,-0.009051918856508911,False,5,EMA_N200_th0_bL3_sL0,15
2005-12-22,2010-12-23,0.010747579732216295,0.2147745611933718,0.5681406418241527,0.019944713130480407,0.20762707237751302,0.5514127052677141,-0.009197133398264112,False,5,EMA_N200_th0_bL3_sL0,15
2006-12-22,2011-12-22,-0.07556751937140438,-0.03224255379826893,0.5681406418241527,-0.0013731664564993196,0.12260927466610279,0.5514127052677141,-0.07419435291490506,False,5,EMA_N200_th0_bL3_sL0,15
2007-12-26,2012-12-26,-0.01023698175255039,0.15659696828740235,0.5377830733160953,0.01204987692797066,0.17805295960250486,0.5331644741109138,-0.02228685868052105,False,5,EMA_N200_th0_bL3_sL0,15
2008-12-24,2013-12-26,0.23372634737814124,0.7398055601519326,0.5377830733160952,0.1883095353357942,0.9997514863834135,0.27120125137024154,0.04541681204234704,True,5,EMA_N200_th0_bL3_sL0,15
2009-12-24,2014-12-26,0.1982769024552382,0.6714155315320642,0.5377830733160953,0.1557113270721573,0.997609617169241,0.18576371244549406,0.04256557538308092,True,5,EMA_N200_th0_bL3_sL0,15
2010-12-27,2015-12-28,0.18933123019343712,0.6628008917507645,0.43172887177071084,0.12711096084552387,0.8579995392521074,0.185763712445494,0.06222026934791325,True,5,EMA_N200_th0_bL3_sL0,15
2011-12-23,2016-12-27,0.30798074091439265,0.9850360733749435,0.32058367347952577,0.14815208712142192,1.1557655728398548,0.1297146274250496,0.15982865379297073,True,5,EMA_N200_th0_bL3_sL0,15
2012-12-27,2017-12-27,0.41688568725098674,1.28845831727044,0.25331404673142166,0.15984789530313792,1.304000521155299,0.1297146274250495,0.2570377919478488,True,5,EMA_N200_th0_bL3_sL0,15
2013-12-27,2018-12-28,0.1738809961742438,0.6559111036186306,0.328100497953338,0.08387471154798298,0.6768723291654465,0.19319029340941687,0.09000628462626081,True,5,EMA_N200_th0_bL3_sL0,15
2014-12-29,2019-12-30,0.20996918525530628,0.7506308478906705,0.329108347206408,0.11284922955954468,0.8653433591374201,0.19319029340941685,0.0971199556957616,True,5,EMA_N200_th0_bL3_sL0,15
2015-12-29,2020-12-29,0.2672795469204847,0.8467800561374664,0.5183767651870614,0.14684718378343553,0.8322751309705982,0.3369411382620256,0.12043236313704919,True,5,EMA_N200_th0_bL3_sL0,15
2016-12-28,2021-12-29,0.4234468125106956,1.0947346702240877,0.5183767651870614,0.18520952154848147,0.9873871726812262,0.33694113826202565,0.23823729096221413,True,5,EMA_N200_th0_bL3_sL0,15
2017-12-28,2022-12-29,0.07025936835522906,0.37753962111689227,0.5758968374018278,0.09412973739812336,0.5278053558306166,0.3369411382620256,-0.0238703690428943,False,5,EMA_N200_th0_bL3_sL0,15
2018-12-31,2024-01-02,0.153118176513801,0.5632816708881806,0.6412521434034406,0.15599293612904175,0.8047850802686117,0.33694113826202554,-0.0028747596152407517,False,5,EMA_N200_th0_bL3_sL0,15
2019-12-31,2025-01-02,0.1803903393122248,0.6221902488557375,0.6412521434034405,0.14531985507554634,0.7545210211256641,0.3369411382620256,0.03507048423667847,True,5,EMA_N200_th0_bL3_sL0,15
2020-12-30,2026-01-06,0.22260626668725036,0.7404719325852872,0.6412521434034406,0.1490744525961183,0.90004962009299,0.24441874976840103,0.07353181409113208,True,5,EMA_N200_th0_bL3_sL0,15
1986-01-03,1995-12-19,0.31840653173129985,1.0111241490749021,0.5441724151667333,0.14692497615128453,0.9460487277838104,0.3288565573843161,0.17148155558001532,True,10,EMA_N200_th0_bL3_sL0,15
1987-01-02,1996-12-17,0.3749555046784614,1.1152210012266497,0.5441724151667333,0.14702699777073036,0.9659603955567658,0.328856557384316,0.22792850690773103,True,10,EMA_N200_th0_bL3_sL0,15
1987-12-31,1997-12-16,0.42941227277322325,1.165433290166758,0.3167888301034299,0.17881951074524727,1.279023645493094,0.19183356941998955,0.250592762027976,True,10,EMA_N200_th0_bL3_sL0,15
1988-12-29,1998-12-16,0.47612655762322076,1.2137084531747202,0.4584661037017727,0.18314271565548568,1.2541090049463974,0.19183356941998964,0.2929838419677351,True,10,EMA_N200_th0_bL3_sL0,15
1989-12-28,1999-12-16,0.42738476649447277,1.0922390574450074,0.45846610370177265,0.1773609147247006,1.1771667156668573,0.19183356941998958,0.25002385176977215,True,10,EMA_N200_th0_bL3_sL0,15
1990-12-27,2000-12-14,0.34529326639463953,0.9000289535435205,0.594668436675558,0.1757442376900613,1.0990673314525914,0.1902087162227272,0.16954902870457822,True,10,EMA_N200_th0_bL3_sL0,15
1991-12-26,2001-12-20,0.25995343388883785,0.7780309282658858,0.6179524560668083,0.13116887104663966,0.8274015620134825,0.3544624924361658,0.1287845628421982,True,10,EMA_N200_th0_bL3_sL0,15
1992-12-23,2002-12-20,0.2219018214782793,0.6986498315925237,0.6481554183309565,0.09419870541686581,0.5783671554403454,0.47376877377609244,0.1277031160614135,True,10,EMA_N200_th0_bL3_sL0,15
1993-12-22,2003-12-22,0.2599472647323837,0.7778465957212747,0.6616901961453182,0.10793989253576086,0.6382113652627169,0.4737687737760924,0.15200737219662286,True,10,EMA_N200_th0_bL3_sL0,15
1994-12-21,2004-12-22,0.309220870052505,0.8695574395593435,0.6616901961453183,0.11928410631638697,0.6927876320525749,0.4737687737760924,0.189936763736118,True,10,EMA_N200_th0_bL3_sL0,15
1995-12-20,2005-12-21,0.18000931152058275,0.6014268861150611,0.6616901961453183,0.09325786245396572,0.5570344213552254,0.47376877377609244,0.08675144906661703,True,10,EMA_N200_th0_bL3_sL0,15
1996-12-18,2006-12-21,0.13670223137548798,0.5262095927285589,0.6616901961453182,0.08540631140487931,0.5314529109947129,0.4737687737760924,0.05129591997060867,True,10,EMA_N200_th0_bL3_sL0,15
1997-12-17,2007-12-24,0.03429286941896459,0.2758763043414254,0.6616901961453183,0.06163795899736613,0.41253218275530407,0.4737687737760924,-0.027345089578401538,False,10,EMA_N200_th0_bL3_sL0,15
1998-12-17,2008-12-23,-0.025087067551722075,0.11485896164570622,0.6616901961453183,-0.01415919823058387,0.04876251293040151,0.5072237143228874,-0.010927869321138206,False,10,EMA_N200_th0_bL3_sL0,15
1999-12-17,2009-12-23,-0.013353071661906468,0.1256786274473226,0.6399618240017967,-0.005820959382251023,0.0887022268960443,0.5514127052677142,-0.007532112279655445,False,10,EMA_N200_th0_bL3_sL0,15
2000-12-15,2010-12-23,0.053350448330199196,0.324606323780479,0.5681406418241527,0.015245783399367996,0.16804007871150634,0.5514127052677141,0.0381046649308312,True,10,EMA_N200_th0_bL3_sL0,15
2001-12-21,2011-12-22,0.02941551023260902,0.25362459271556603,0.5681406418241527,0.029126940401384305,0.24308676130679438,0.5514127052677141,0.00028856983122471647,True,10,EMA_N200_th0_bL3_sL0,15
2002-12-23,2012-12-26,0.05551139174341979,0.3306043421402566,0.5681406418241527,0.06839417371007173,0.42305002819718623,0.5514127052677142,-0.012882781966651935,False,10,EMA_N200_th0_bL3_sL0,15
2003-12-23,2013-12-26,0.08225610614978018,0.40348174568265965,0.5681406418241527,0.07546816740975926,0.45958732073225644,0.5514127052677141,0.006787938740020927,True,10,EMA_N200_th0_bL3_sL0,15
2004-12-23,2014-12-26,0.09444284112686008,0.43576275369027356,0.5681406418241528,0.07869376773640568,0.47437302119887576,0.5514127052677141,0.015749073390454393,True,10,EMA_N200_th0_bL3_sL0,15
2005-12-22,2015-12-28,0.09649741749612484,0.44346198367269735,0.5681406418241527,0.07220318309463214,0.44312126302346866,0.5514127052677141,0.024294234401492698,True,10,EMA_N200_th0_bL3_sL0,15
2006-12-22,2016-12-27,0.10248011086342257,0.4488891031274516,0.5681406418241527,0.07170785766692211,0.43349038297674664,0.5514127052677141,0.030772253196500454,True,10,EMA_N200_th0_bL3_sL0,15
2007-12-26,2017-12-27,0.1836618505126011,0.6747140399294083,0.5377830733160953,0.08325212445583285,0.4957802388306853,0.5331644741109138,0.10040972605676823,True,10,EMA_N200_th0_bL3_sL0,15
2008-12-24,2018-12-28,0.20332042926949168,0.6989410177920469,0.5377830733160952,0.13482871520012107,0.8535349457651878,0.27120125137024154,0.0684917140693706,True,10,EMA_N200_th0_bL3_sL0,15
2009-12-24,2019-12-30,0.20450142636187008,0.7055374110633625,0.5377830733160953,0.13417388667441887,0.9337157419672938,0.1931902934094168,0.0703275396874512,True,10,EMA_N200_th0_bL3_sL0,15
2010-12-27,2020-12-29,0.23146006534773944,0.7559073258533796,0.5183767651870616,0.1380867175501692,0.8392979135744216,0.33694113826202554,0.09337334779757023,True,10,EMA_N200_th0_bL3_sL0,15
2011-12-23,2021-12-29,0.360898570416214,1.0410750491882896,0.5183767651870614,0.16549475670765523,1.0368553589863043,0.3369411382620256,0.19540381370855875,True,10,EMA_N200_th0_bL3_sL0,15
2012-12-27,2022-12-29,0.23208944542240562,0.7624016310799772,0.5758968374018278,0.1266884782473816,0.7724636871665684,0.3369411382620256,0.10540096717502401,True,10,EMA_N200_th0_bL3_sL0,15
2013-12-27,2024-01-02,0.1633833492431589,0.6029705561302442,0.6412521434034406,0.12028040739025014,0.736416410531179,0.33694113826202554,0.04310294185290875,True,10,EMA_N200_th0_bL3_sL0,15
2014-12-29,2025-01-02,0.19586897204838927,0.676791811919632,0.6412521434034406,0.12918792519388367,0.7792335951907536,0.33694113826202554,0.0666810468545056,True,10,EMA_N200_th0_bL3_sL0,15
2015-12-29,2026-01-06,0.24516299974660605,0.7941905419084629,0.6412521434034404,0.14806157038177026,0.8634213821134769,0.3369411382620256,0.09710142936483579,True,10,EMA_N200_th0_bL3_sL0,15
1986-01-03,2000-12-14,0.3002746301873387,0.8519786356840992,0.594668436675558,0.16011857164710452,0.9501398766431252,0.3288565573843161,0.14015605854023416,True,15,EMA_N200_th0_bL3_sL0,15
1987-01-02,2001-12-20,0.2872167955067133,0.838121268354743,0.6179524560668083,0.1344908960868736,0.8063308631518367,0.35446249243616573,0.15272589941983972,True,15,EMA_N200_th0_bL3_sL0,15
1987-12-31,2002-12-20,0.24678431295072034,0.7665619710429821,0.6481554183309565,0.11538586105559312,0.7210366793095082,0.47376877377609244,0.13139845189512722,True,15,EMA_N200_th0_bL3_sL0,15
1988-12-29,2003-12-22,0.3007214705838912,0.8806507372275921,0.6616901961453183,0.11960655931774866,0.7482070822280353,0.47376877377609244,0.18111491126614254,True,15,EMA_N200_th0_bL3_sL0,15
1989-12-28,2004-12-22,0.25910724501347704,0.7988147383162479,0.6616901961453182,0.10888478614950348,0.693520784936189,0.4737687737760924,0.15022245886397356,True,15,EMA_N200_th0_bL3_sL0,15
1990-12-27,2005-12-21,0.2557863522287622,0.7869286456764408,0.6616901961453182,0.115786535781909,0.7345066555805546,0.47376877377609244,0.13999981644685322,True,15,EMA_N200_th0_bL3_sL0,15
1991-12-26,2006-12-21,0.22234905863858478,0.7345131244257602,0.6616901961453182,0.10800957578633241,0.7076466946608773,0.47376877377609244,0.11433948285225237,True,15,EMA_N200_th0_bL3_sL0,15
1992-12-23,2007-12-24,0.18839348403112544,0.644251945984603,0.6616901961453182,0.10516481282549806,0.6762052837882725,0.47376877377609244,0.08322867120562738,True,15,EMA_N200_th0_bL3_sL0,15
1993-12-22,2008-12-23,0.14667634207753633,0.5572144069321603,0.6616901961453182,0.06077527876278688,0.39889340991359235,0.5072237143228875,0.08590106331474945,True,15,EMA_N200_th0_bL3_sL0,15
1994-12-21,2009-12-23,0.19566072328212591,0.6676133387287408,0.6616901961453183,0.08018436534592666,0.47787325842896483,0.5514127052677142,0.11547635793619926,True,15,EMA_N200_th0_bL3_sL0,15
1995-12-20,2010-12-23,0.12179819844599549,0.48582968320465036,0.6616901961453183,0.06861286685386592,0.4157864816555877,0.5514127052677141,0.05318533159212957,True,15,EMA_N200_th0_bL3_sL0,15
1996-12-18,2011-12-22,0.059703811358108316,0.34976484386666207,0.6616901961453182,0.055231925647602376,0.3581443833797024,0.5514127052677141,0.004471885710505941,True,15,EMA_N200_th0_bL3_sL0,15
1997-12-17,2012-12-26,0.019664293364608287,0.23750334836404158,0.6616901961453183,0.044986149802106246,0.3109420401130756,0.5514127052677142,-0.025321856437497958,False,15,EMA_N200_th0_bL3_sL0,15
1998-12-17,2013-12-26,0.05447199123726376,0.33700261394422415,0.6616901961453183,0.04954903054066806,0.3413609016782043,0.5514127052677141,0.004922960696595702,True,15,EMA_N200_th0_bL3_sL0,15
1999-12-17,2014-12-26,0.053629460428207265,0.3287423057979784,0.6399618240017967,0.045648102504628696,0.32232951765145973,0.5514127052677142,0.00798135792357857,True,15,EMA_N200_th0_bL3_sL0,15
2000-12-15,2015-12-28,0.09690258691319253,0.4496938006622304,0.5681406418241527,0.051247340558888244,0.3423804390035003,0.5514127052677141,0.04565524635430429,True,15,EMA_N200_th0_bL3_sL0,15
2001-12-21,2016-12-27,0.11687622731060787,0.501518043695516,0.5681406418241527,0.0679689827091301,0.4379267005301233,0.5514127052677141,0.04890724460147777,True,15,EMA_N200_th0_bL3_sL0,15
2002-12-23,2017-12-27,0.1639669764732974,0.6237713538604206,0.5681406418241527,0.09791500740335901,0.6032535516489724,0.5514127052677142,0.06605196906993838,True,15,EMA_N200_th0_bL3_sL0,15
2003-12-23,2018-12-28,0.1119209609255325,0.4841170750221819,0.5681406418241527,0.07823719711497179,0.5039213220577035,0.5514127052677141,0.03368376381056071,True,15,EMA_N200_th0_bL3_sL0,15
2004-12-23,2019-12-30,0.1319254205020821,0.5363715290092211,0.5681406418241528,0.09003082997077128,0.562287973559796,0.5514127052677141,0.04189459053131084,True,15,EMA_N200_th0_bL3_sL0,15
2005-12-22,2020-12-29,0.15306237937726785,0.5819506711562027,0.5681406418241527,0.09727196235353652,0.5645661957840065,0.5514127052677141,0.05579041702373133,True,15,EMA_N200_th0_bL3_sL0,15
2006-12-22,2021-12-29,0.1984012666256172,0.6766724807119309,0.5681406418241527,0.1076267045297501,0.6052824971355155,0.5514127052677141,0.0907745620958671,True,15,EMA_N200_th0_bL3_sL0,15
2007-12-26,2022-12-29,0.14502217409556173,0.560172446885407,0.5758968374018278,0.08699025482176448,0.5066774465071109,0.5331644741109138,0.05803191927379725,True,15,EMA_N200_th0_bL3_sL0,15
2008-12-24,2024-01-02,0.18629889828073942,0.6502680869978709,0.6412521434034406,0.14246258162626368,0.8288447389056053,0.3369411382620256,0.04383631665447574,True,15,EMA_N200_th0_bL3_sL0,15
2009-12-24,2025-01-02,0.19693287865174636,0.674721654866234,0.6412521434034406,0.1380216324499144,0.8460478294587264,0.33694113826202554,0.05891124620183197,True,15,EMA_N200_th0_bL3_sL0,15
2010-12-27,2026-01-06,0.22878336727430115,0.7507891805531702,0.6412521434034405,0.1418053987481449,0.8594633797056009,0.33694113826202554,0.08697796852615625,True,15,EMA_N200_th0_bL3_sL0,15
1986-01-03,2005-12-21,0.24539428543049535,0.7770573505359493,0.6616901961453183,0.11919975998259358,0.7302840213678852,0.4737687737760924,0.12619452544790177,True,20,EMA_N200_th0_bL3_sL0,15
1987-01-02,2006-12-21,0.25157865962680237,0.7943588384127114,0.6616901961453183,0.11620780928428243,0.7251172889080421,0.47376877377609244,0.13537085034251994,True,20,EMA_N200_th0_bL3_sL0,15
1987-12-31,2007-12-24,0.21491446279328152,0.7104447040306725,0.6616901961453183,0.11838262566526936,0.7693164721196109,0.47376877377609244,0.09653183712801217,True,20,EMA_N200_th0_bL3_sL0,15
1988-12-29,2008-12-23,0.20238633124544658,0.6908063457646868,0.6616901961453183,0.08083457711190123,0.5186138026731929,0.5072237143228875,0.12155175413354535,True,20,EMA_N200_th0_bL3_sL0,15
1989-12-28,2009-12-23,0.18781649145590107,0.6584164690733441,0.6616901961453182,0.08222866480616187,0.5118328205143172,0.5514127052677141,0.1055878266497392,True,20,EMA_N200_th0_bL3_sL0,15
1990-12-27,2010-12-23,0.19036433032943734,0.653235539931837,0.6616901961453182,0.0912892667298899,0.5505300735059094,0.5514127052677142,0.09907506359954743,True,20,EMA_N200_th0_bL3_sL0,15
1991-12-26,2011-12-22,0.13883654180813387,0.5424941522919481,0.6616901961453182,0.07925127155798473,0.49156115326943495,0.5514127052677142,0.05958527025014915,True,20,EMA_N200_th0_bL3_sL0,15
1992-12-23,2012-12-26,0.13563469984366727,0.5270463895676138,0.6616901961453182,0.08122092786651991,0.49544794018246185,0.5514127052677141,0.05441377197714736,True,20,EMA_N200_th0_bL3_sL0,15
1993-12-22,2013-12-26,0.16780094727174144,0.6036420637939921,0.6616901961453182,0.0915993521008791,0.5455137644177719,0.5514127052677142,0.07620159517086234,True,20,EMA_N200_th0_bL3_sL0,15
1994-12-21,2014-12-26,0.19711386834372013,0.6685624507166574,0.6616901961453183,0.09882214588825255,0.5796312192203977,0.5514127052677142,0.09829172245546758,True,20,EMA_N200_th0_bL3_sL0,15
1995-12-20,2015-12-28,0.13834375024989343,0.5270158433849396,0.6616901961453183,0.08294532303036317,0.4974720968119255,0.5514127052677141,0.055398427219530255,True,20,EMA_N200_th0_bL3_sL0,15
1996-12-18,2016-12-27,0.11839295318755294,0.48902853405583846,0.6616901961453182,0.0781870460035714,0.4796027175271344,0.5514127052677141,0.04020590718398154,True,20,EMA_N200_th0_bL3_sL0,15
1997-12-17,2017-12-27,0.10679089392982899,0.4614346003229975,0.6616901961453183,0.07249080249824891,0.4555942265844254,0.5514127052677142,0.03430009143158008,True,20,EMA_N200_th0_bL3_sL0,15
1998-12-17,2018-12-28,0.08309532097267036,0.4105848525442581,0.6616901961453183,0.0580092666137928,0.3938494223159738,0.5514127052677141,0.025086054358877563,True,20,EMA_N200_th0_bL3_sL0,15
1999-12-17,2019-12-30,0.09089472038896163,0.43025031711726935,0.6399618240017967,0.06211027860439855,0.4142398760975171,0.5514127052677142,0.028784441784563075,True,20,EMA_N200_th0_bL3_sL0,15
2000-12-15,2020-12-29,0.1389659722099159,0.5586214458726911,0.5681406418241527,0.07491908915708612,0.45951084451023266,0.5514127052677141,0.0640468830528298,True,20,EMA_N200_th0_bL3_sL0,15
2001-12-21,2021-12-29,0.18513553745783606,0.6668453496398005,0.5681406418241527,0.09565847054814469,0.5722270476299536,0.5514127052677141,0.08947706690969137,True,20,EMA_N200_th0_bL3_sL0,15
2002-12-23,2022-12-29,0.1401268368345172,0.5505692371492747,0.5758968374018278,0.0970606564669605,0.5803484040095279,0.5514127052677142,0.04306618036755672,True,20,EMA_N200_th0_bL3_sL0,15
2003-12-23,2024-01-02,0.12205048372736882,0.5050615167746944,0.6412521434034406,0.09762254974036666,0.5860340568237379,0.5514127052677141,0.02442793398700216,True,20,EMA_N200_th0_bL3_sL0,15
2004-12-23,2025-01-02,0.1442305084894564,0.5590507227938786,0.6412521434034406,0.10370480888295397,0.6142303164351571,0.5514127052677141,0.04052569960650243,True,20,EMA_N200_th0_bL3_sL0,15
2005-12-22,2026-01-06,0.17027355966192426,0.6217860491900253,0.6412521434034406,0.11005071264687638,0.6372328952998759,0.5514127052677141,0.060222847015047876,True,20,EMA_N200_th0_bL3_sL0,15
1986-01-03,1990-12-26,0.035425319093706165,0.2887685112410986,0.633011821543756,0.13133116095848751,0.7266559953203099,0.3288565573843161,-0.09590584186478135,False,5,SMA_N200_th5_bL2_sL0,16
1987-01-02,1991-12-24,0.0977603726686056,0.4992395072429669,0.633011821543756,0.13812892271730326,0.7770002094103399,0.328856557384316,-0.04036855004869766,False,5,SMA_N200_th5_bL2_sL0,16
1987-12-31,1992-12-22,0.20666286929805233,0.9358341063797437,0.239047583714842,0.1597665028455073,1.1097658644211132,0.19183356941998955,0.046896366452545024,True,5,SMA_N200_th5_bL2_sL0,16
1988-12-29,1993-12-21,0.22744676904646854,1.032651933011436,0.23904758371484192,0.14188814149307016,1.1249140197770626,0.19183356941998964,0.08555862755339838,True,5,SMA_N200_th5_bL2_sL0,16
1989-12-28,1994-12-20,0.11203925218149058,0.6103857070029759,0.23904758371484203,0.0861594758495241,0.7489912048937678,0.19183356941998958,0.025879776331966475,True,5,SMA_N200_th5_bL2_sL0,16
1990-12-27,1995-12-19,0.2961215805956514,1.3647384391506634,0.16653525765246255,0.16463347955803043,1.4752054797759762,0.08522360788061661,0.13148810103762099,True,5,SMA_N200_th5_bL2_sL0,16
1991-12-26,1996-12-17,0.30281179101392586,1.4184039765140497,0.16653525765246258,0.15292725034399135,1.4647052524634705,0.08522360788061664,0.1498845406699345,True,5,SMA_N200_th5_bL2_sL0,16
1992-12-23,1997-12-16,0.40028804171693033,1.4322015161217487,0.2178739019943609,0.19901352989005816,1.4690901794494986,0.11198356632803617,0.20127451182687217,True,5,SMA_N200_th5_bL2_sL0,16
1993-12-22,1998-12-16,0.35532299374585885,1.200909970786934,0.3746885323187381,0.22440696844455887,1.3716142651793786,0.19020871622272723,0.13091602530129998,True,5,SMA_N200_th5_bL2_sL0,16
1994-12-21,1999-12-16,0.4600902058904992,1.356688661274973,0.3746885323187381,0.2736922813406599,1.5113288230200046,0.19020871622272728,0.18639792454983928,True,5,SMA_N200_th5_bL2_sL0,16
1995-12-20,2000-12-14,0.2725862034316555,0.8386640713566114,0.3746885323187382,0.18942922862489198,0.9703971362558814,0.19020871622272711,0.08315697480676354,True,5,SMA_N200_th5_bL2_sL0,16
1996-12-18,2001-12-20,0.17701844228784247,0.6572814714512059,0.37468853231873817,0.10817681647414967,0.5947752299604295,0.3544624924361658,0.0688416258136928,True,5,SMA_N200_th5_bL2_sL0,16
1997-12-17,2002-12-20,0.05744686202954319,0.33099876331381806,0.37468853231873817,-0.00035264247384625413,0.10732082288912685,0.4737687737760924,0.05779950450338944,True,5,SMA_N200_th5_bL2_sL0,16
1998-12-17,2003-12-22,0.12557665997035072,0.6030889158336065,0.25847458486234925,-0.0005397138115567079,0.12056454641120017,0.4737687737760924,0.12611637378190743,True,5,SMA_N200_th5_bL2_sL0,16
1999-12-17,2004-12-22,0.09201508109921397,0.5078482561099678,0.2584745848623492,-0.017573962863435155,0.024301372517773208,0.4737687737760924,0.10958904396264912,True,5,SMA_N200_th5_bL2_sL0,16
2000-12-15,2005-12-21,0.14261681386591318,0.8808607700241807,0.15339222034851488,0.009523895832712626,0.11906864949639658,0.4193113902856809,0.13309291803320056,True,5,SMA_N200_th5_bL2_sL0,16
2001-12-21,2006-12-21,0.2017995863344786,1.0642894176528037,0.15339222034851488,0.061890896861365174,0.45960169601177236,0.32931991735010696,0.1399086894731134,True,5,SMA_N200_th5_bL2_sL0,16
2002-12-23,2007-12-24,0.22810392746603303,0.9873904371995381,0.19417375114774738,0.12745025953416667,0.9816150785432407,0.13713155595240378,0.10065366793186636,True,5,SMA_N200_th5_bL2_sL0,16
2003-12-23,2008-12-23,0.11099530318722906,0.5936666312293786,0.21465123883466053,-0.027729034994333213,-0.024193482970366165,0.5072237143228874,0.13872433818156227,True,5,SMA_N200_th5_bL2_sL0,16
2004-12-23,2009-12-23,0.1394562185168846,0.6946765227145079,0.324164715990867,0.005917133826857102,0.1448257067685854,0.5514127052677141,0.1335390846900275,True,5,SMA_N200_th5_bL2_sL0,16
2005-12-22,2010-12-23,0.11290267857486191,0.5657073231362829,0.32416471599086716,0.019944713130480407,0.20762707237751302,0.5514127052677141,0.09295796544438151,True,5,SMA_N200_th5_bL2_sL0,16
2006-12-22,2011-12-22,0.04444885660180442,0.2896408557985449,0.324164715990867,-0.0013731664564993196,0.12260927466610279,0.5514127052677141,0.04582202305830374,True,5,SMA_N200_th5_bL2_sL0,16
2007-12-26,2012-12-26,0.054126414973133086,0.3459091929446681,0.27887462339369795,0.01204987692797066,0.17805295960250486,0.5331644741109138,0.042076538045162426,True,5,SMA_N200_th5_bL2_sL0,16
2008-12-24,2013-12-26,0.2103049436527893,0.8790862801840345,0.27887462339369784,0.1883095353357942,0.9997514863834135,0.27120125137024154,0.02199540831699509,True,5,SMA_N200_th5_bL2_sL0,16
2009-12-24,2014-12-26,0.19204982979548335,0.8411407817018148,0.27887462339369795,0.1557113270721573,0.997609617169241,0.18576371244549406,0.03633850272332606,True,5,SMA_N200_th5_bL2_sL0,16
2010-12-27,2015-12-28,0.15060566718246315,0.7286752714723628,0.264586159878371,0.12711096084552387,0.8579995392521074,0.185763712445494,0.023494706336939286,True,5,SMA_N200_th5_bL2_sL0,16
2011-12-23,2016-12-27,0.21108873736741018,0.9799759294868122,0.2846564736273391,0.14815208712142192,1.1557655728398548,0.1297146274250496,0.06293665024598827,True,5,SMA_N200_th5_bL2_sL0,16
2012-12-27,2017-12-27,0.2583750455103824,1.2456364094917143,0.28465647362733926,0.15984789530313792,1.304000521155299,0.1297146274250495,0.09852715020724445,True,5,SMA_N200_th5_bL2_sL0,16
2013-12-27,2018-12-28,0.11560110341908203,0.604588165513214,0.2846564736273392,0.08387471154798298,0.6768723291654465,0.19319029340941687,0.03172639187109905,True,5,SMA_N200_th5_bL2_sL0,16
2014-12-29,2019-12-30,0.10815386760323364,0.5810654507601248,0.2846564736273393,0.11284922955954468,0.8653433591374201,0.19319029340941685,-0.004695361956311039,False,5,SMA_N200_th5_bL2_sL0,16
2015-12-29,2020-12-29,0.14363652767182722,0.64562683260539,0.43219752908014697,0.14684718378343553,0.8322751309705982,0.3369411382620256,-0.003210656111608312,False,5,SMA_N200_th5_bL2_sL0,16
2016-12-28,2021-12-29,0.2274540336568156,0.8724758462091884,0.432197529080147,0.18520952154848147,0.9873871726812262,0.33694113826202565,0.04224451210833413,True,5,SMA_N200_th5_bL2_sL0,16
2017-12-28,2022-12-29,0.07759881622502163,0.4120686843262781,0.43219752908014697,0.09412973739812336,0.5278053558306166,0.3369411382620256,-0.01653092117310173,False,5,SMA_N200_th5_bL2_sL0,16
2018-12-31,2024-01-02,0.1494567976393224,0.658527992068048,0.4321975290801471,0.15599293612904175,0.8047850802686117,0.33694113826202554,-0.006536138489719345,False,5,SMA_N200_th5_bL2_sL0,16
2019-12-31,2025-01-02,0.19248566112200494,0.7867929467332164,0.432197529080147,0.14531985507554634,0.7545210211256641,0.3369411382620256,0.04716580604645859,True,5,SMA_N200_th5_bL2_sL0,16
2020-12-30,2026-01-06,0.22201234924358682,0.9667943305362533,0.3512374691428913,0.1490744525961183,0.90004962009299,0.24441874976840103,0.07293789664746853,True,5,SMA_N200_th5_bL2_sL0,16
1986-01-03,1995-12-19,0.1583956045534325,0.7196847670603941,0.633011821543756,0.14692497615128453,0.9460487277838104,0.3288565573843161,0.011470628402147964,True,10,SMA_N200_th5_bL2_sL0,16
1987-01-02,1996-12-17,0.19909820195564376,0.8459032795369249,0.633011821543756,0.14702699777073036,0.9659603955567658,0.328856557384316,0.0520712041849134,True,10,SMA_N200_th5_bL2_sL0,16
1987-12-31,1997-12-16,0.29900640012983626,1.1963727587757762,0.239047583714842,0.17881951074524727,1.279023645493094,0.19183356941998955,0.12018688938458899,True,10,SMA_N200_th5_bL2_sL0,16
1988-12-29,1998-12-16,0.2913917208738448,1.1185169319751065,0.3746885323187381,0.18314271565548568,1.2541090049463974,0.19183356941998964,0.10824900521835912,True,10,SMA_N200_th5_bL2_sL0,16
1989-12-28,1999-12-16,0.27678802671337177,1.0362076776940556,0.3746885323187381,0.1773609147247006,1.1771667156668573,0.19183356941998958,0.09942711198867116,True,10,SMA_N200_th5_bL2_sL0,16
1990-12-27,2000-12-14,0.281656172739871,0.9928747722500195,0.3746885323187381,0.1757442376900613,1.0990673314525914,0.1902087162227272,0.10591193504980967,True,10,SMA_N200_th5_bL2_sL0,16
1991-12-26,2001-12-20,0.24015934440028985,0.9141754423440277,0.37468853231873817,0.13116887104663966,0.8274015620134825,0.3544624924361658,0.1089904733536502,True,10,SMA_N200_th5_bL2_sL0,16
1992-12-23,2002-12-20,0.2154974007437871,0.8454790731701951,0.37468853231873817,0.09419870541686581,0.5783671554403454,0.47376877377609244,0.12129869532692128,True,10,SMA_N200_th5_bL2_sL0,16
1993-12-22,2003-12-22,0.23889957045372157,0.9151775254178991,0.3746885323187381,0.10793989253576086,0.6382113652627169,0.4737687737760924,0.1309596779179607,True,10,SMA_N200_th5_bL2_sL0,16
1994-12-21,2004-12-22,0.264199204505678,0.9877884775187998,0.3746885323187381,0.11928410631638697,0.6927876320525749,0.4737687737760924,0.14491509818929105,True,10,SMA_N200_th5_bL2_sL0,16
1995-12-20,2005-12-21,0.20576212617585998,0.7997804952976272,0.3746885323187382,0.09325786245396572,0.5570344213552254,0.47376877377609244,0.11250426372189426,True,10,SMA_N200_th5_bL2_sL0,16
1996-12-18,2006-12-21,0.18926260469011957,0.7710673877227924,0.37468853231873817,0.08540631140487931,0.5314529109947129,0.4737687737760924,0.10385629328524026,True,10,SMA_N200_th5_bL2_sL0,16
1997-12-17,2007-12-24,0.13952618438094477,0.6214516096891067,0.37468853231873817,0.06163795899736613,0.41253218275530407,0.4737687737760924,0.07788822538357865,True,10,SMA_N200_th5_bL2_sL0,16
1998-12-17,2008-12-23,0.11835196132688486,0.5960575846335248,0.25847458486234925,-0.01415919823058387,0.04876251293040151,0.5072237143228874,0.13251115955746873,True,10,SMA_N200_th5_bL2_sL0,16
1999-12-17,2009-12-23,0.11559801929448033,0.600043949399714,0.32416471599086705,-0.005820959382251023,0.0887022268960443,0.5514127052677142,0.12141897867673135,True,10,SMA_N200_th5_bL2_sL0,16
2000-12-15,2010-12-23,0.12878070352467397,0.6805145595699406,0.3241647159908671,0.015245783399367996,0.16804007871150634,0.5514127052677141,0.11353492012530597,True,10,SMA_N200_th5_bL2_sL0,16
2001-12-21,2011-12-22,0.11892656540259461,0.6165867712133256,0.3241647159908671,0.029126940401384305,0.24308676130679438,0.5514127052677141,0.0897996250012103,True,10,SMA_N200_th5_bL2_sL0,16
2002-12-23,2012-12-26,0.13822018457001795,0.6674322089623984,0.3241647159908671,0.06839417371007173,0.42305002819718623,0.5514127052677142,0.06982601085994622,True,10,SMA_N200_th5_bL2_sL0,16
2003-12-23,2013-12-26,0.15951931572694966,0.7450813584596679,0.32416471599086694,0.07546816740975926,0.45958732073225644,0.5514127052677141,0.0840511483171904,True,10,SMA_N200_th5_bL2_sL0,16
2004-12-23,2014-12-26,0.1664812733185379,0.7705330416077777,0.324164715990867,0.07869376773640568,0.47437302119887576,0.5514127052677141,0.08778750558213222,True,10,SMA_N200_th5_bL2_sL0,16
2005-12-22,2015-12-28,0.13162831237728012,0.6436576355139468,0.32416471599086716,0.07220318309463214,0.44312126302346866,0.5514127052677141,0.05942512928264798,True,10,SMA_N200_th5_bL2_sL0,16
2006-12-22,2016-12-27,0.1246342704517367,0.6106284821980995,0.324164715990867,0.07170785766692211,0.43349038297674664,0.5514127052677141,0.05292641278481458,True,10,SMA_N200_th5_bL2_sL0,16
2007-12-26,2017-12-27,0.15135458863241436,0.757094560470571,0.28465647362733915,0.08325212445583285,0.4957802388306853,0.5331644741109138,0.0681024641765815,True,10,SMA_N200_th5_bL2_sL0,16
2008-12-24,2018-12-28,0.16190320070179487,0.7493168379878131,0.2846564736273393,0.13482871520012107,0.8535349457651878,0.27120125137024154,0.027074485501673795,True,10,SMA_N200_th5_bL2_sL0,16
2009-12-24,2019-12-30,0.14957815534068386,0.7176057153757426,0.28465647362733915,0.13417388667441887,0.9337157419672938,0.1931902934094168,0.015404268666264986,True,10,SMA_N200_th5_bL2_sL0,16
2010-12-27,2020-12-29,0.14705330463179167,0.6827750677494753,0.432197529080147,0.1380867175501692,0.8392979135744216,0.33694113826202554,0.008966587081622457,True,10,SMA_N200_th5_bL2_sL0,16
2011-12-23,2021-12-29,0.2171131532606716,0.9146442904729069,0.432197529080147,0.16549475670765523,1.0368553589863043,0.3369411382620256,0.051618396553016366,True,10,SMA_N200_th5_bL2_sL0,16
2012-12-27,2022-12-29,0.16488875787561397,0.7490008207035314,0.432197529080147,0.1266884782473816,0.7724636871665684,0.3369411382620256,0.03820027962823236,True,10,SMA_N200_th5_bL2_sL0,16
2013-12-27,2024-01-02,0.13234653805332885,0.6314139548793654,0.432197529080147,0.12028040739025014,0.736416410531179,0.33694113826202554,0.012066130663078711,True,10,SMA_N200_th5_bL2_sL0,16
2014-12-29,2025-01-02,0.1500371275641943,0.6909958042233767,0.432197529080147,0.12918792519388367,0.7792335951907536,0.33694113826202554,0.020849202370310627,True,10,SMA_N200_th5_bL2_sL0,16
2015-12-29,2026-01-06,0.1824300253643516,0.7971912928156318,0.43219752908014697,0.14806157038177026,0.8634213821134769,0.3369411382620256,0.03436845498258134,True,10,SMA_N200_th5_bL2_sL0,16
1986-01-03,2000-12-14,0.19364479660226452,0.7576530605618619,0.633011821543756,0.16011857164710452,0.9501398766431252,0.3288565573843161,0.03352622495516,True,15,SMA_N200_th5_bL2_sL0,16
1987-01-02,2001-12-20,0.19288707627691593,0.7655491482877689,0.633011821543756,0.1344908960868736,0.8063308631518367,0.35446249243616573,0.058396180190042335,True,15,SMA_N200_th5_bL2_sL0,16
1987-12-31,2002-12-20,0.21202819023868402,0.8689241328378063,0.3746885323187382,0.11538586105559312,0.7210366793095082,0.47376877377609244,0.0966423291830909,True,15,SMA_N200_th5_bL2_sL0,16
1988-12-29,2003-12-22,0.23610042658996622,0.945135884060378,0.3746885323187381,0.11960655931774866,0.7482070822280353,0.47376877377609244,0.11649386727221755,True,15,SMA_N200_th5_bL2_sL0,16
1989-12-28,2004-12-22,0.21294275391918327,0.8766447061435737,0.3746885323187381,0.10888478614950348,0.693520784936189,0.4737687737760924,0.1040579677696798,True,15,SMA_N200_th5_bL2_sL0,16
1990-12-27,2005-12-21,0.2334688090797834,0.9418150979625474,0.3746885323187381,0.115786535781909,0.7345066555805546,0.47376877377609244,0.1176822732978744,True,15,SMA_N200_th5_bL2_sL0,16
1991-12-26,2006-12-21,0.22717551423468185,0.9377989804390209,0.37468853231873817,0.10800957578633241,0.7076466946608773,0.47376877377609244,0.11916593844834944,True,15,SMA_N200_th5_bL2_sL0,16
1992-12-23,2007-12-24,0.21961992702962618,0.8859645873706761,0.37468853231873817,0.10516481282549806,0.6762052837882725,0.47376877377609244,0.11445511420412813,True,15,SMA_N200_th5_bL2_sL0,16
1993-12-22,2008-12-23,0.19476167475903683,0.8196676127098869,0.3746885323187381,0.06077527876278688,0.39889340991359235,0.5072237143228875,0.13398639599624995,True,15,SMA_N200_th5_bL2_sL0,16
1994-12-21,2009-12-23,0.221235795859273,0.8992456499320208,0.3746885323187381,0.08018436534592666,0.47787325842896483,0.5514127052677142,0.14105143051334634,True,15,SMA_N200_th5_bL2_sL0,16
1995-12-20,2010-12-23,0.1747506098207512,0.7270561087055852,0.3746885323187382,0.06861286685386592,0.4157864816555877,0.5514127052677141,0.10613774296688527,True,15,SMA_N200_th5_bL2_sL0,16
1996-12-18,2011-12-22,0.13792076023848043,0.6200562686443852,0.37468853231873817,0.055231925647602376,0.3581443833797024,0.5514127052677141,0.08268883459087806,True,15,SMA_N200_th5_bL2_sL0,16
1997-12-17,2012-12-26,0.11060885997592762,0.5360258582378011,0.37468853231873817,0.044986149802106246,0.3109420401130756,0.5514127052677142,0.06562271017382137,True,15,SMA_N200_th5_bL2_sL0,16
1998-12-17,2013-12-26,0.14814929333411508,0.693214080376375,0.3241647159908671,0.04954903054066806,0.3413609016782043,0.5514127052677141,0.09860026279344702,True,15,SMA_N200_th5_bL2_sL0,16
1999-12-17,2014-12-26,0.14118932911454163,0.6844038004059867,0.32416471599086705,0.045648102504628696,0.32232951765145973,0.5514127052677142,0.09554122660991293,True,15,SMA_N200_th5_bL2_sL0,16
2000-12-15,2015-12-28,0.13602705998735054,0.6969188013442353,0.3241647159908671,0.051247340558888244,0.3423804390035003,0.5514127052677141,0.0847797194284623,True,15,SMA_N200_th5_bL2_sL0,16
2001-12-21,2016-12-27,0.14879023090588883,0.736798467824028,0.3241647159908671,0.0679689827091301,0.4379267005301233,0.5514127052677141,0.08082124819675873,True,15,SMA_N200_th5_bL2_sL0,16
2002-12-23,2017-12-27,0.17666553750711222,0.8373368000383087,0.3241647159908671,0.09791500740335901,0.6032535516489724,0.5514127052677142,0.07875053010375321,True,15,SMA_N200_th5_bL2_sL0,16
2003-12-23,2018-12-28,0.14464344881460067,0.699896912728551,0.32416471599086694,0.07823719711497179,0.5039213220577035,0.5514127052677141,0.06640625169962888,True,15,SMA_N200_th5_bL2_sL0,16
2004-12-23,2019-12-30,0.14687195479687887,0.7100395783976701,0.324164715990867,0.09003082997077128,0.562287973559796,0.5514127052677141,0.05684112482610759,True,15,SMA_N200_th5_bL2_sL0,16
2005-12-22,2020-12-29,0.13557770140480474,0.6436691907772785,0.43219752908014697,0.09727196235353652,0.5645661957840065,0.5514127052677141,0.03830573905126822,True,15,SMA_N200_th5_bL2_sL0,16
2006-12-22,2021-12-29,0.15657066148117238,0.7050379831812612,0.432197529080147,0.1076267045297501,0.6052824971355155,0.5514127052677141,0.048943956951422285,True,15,SMA_N200_th5_bL2_sL0,16
2007-12-26,2022-12-29,0.12650216237316525,0.6176641207361514,0.432197529080147,0.08699025482176448,0.5066774465071109,0.5331644741109138,0.03951190755140077,True,15,SMA_N200_th5_bL2_sL0,16
2008-12-24,2024-01-02,0.15769572487741224,0.7158254657386448,0.43219752908014697,0.14246258162626368,0.8288447389056053,0.3369411382620256,0.015233143251148551,True,15,SMA_N200_th5_bL2_sL0,16
2009-12-24,2025-01-02,0.1640296962773613,0.741035963812521,0.43219752908014697,0.1380216324499144,0.8460478294587264,0.33694113826202554,0.026008063827446914,True,15,SMA_N200_th5_bL2_sL0,16
2010-12-27,2026-01-06,0.17167896954063444,0.7750196098689728,0.432197529080147,0.1418053987481449,0.8594633797056009,0.33694113826202554,0.029873570792489534,True,15,SMA_N200_th5_bL2_sL0,16
1986-01-03,2005-12-21,0.18064423991789358,0.7607770999396221,0.633011821543756,0.11919975998259358,0.7302840213678852,0.4737687737760924,0.0614444799353,True,20,SMA_N200_th5_bL2_sL0,16
1987-01-02,2006-12-21,0.19506583334721483,0.8073904731967924,0.633011821543756,0.11620780928428243,0.7251172889080421,0.47376877377609244,0.07885802406293241,True,20,SMA_N200_th5_bL2_sL0,16
1987-12-31,2007-12-24,0.2159784992800171,0.8956636958435747,0.3746885323187382,0.11838262566526936,0.7693164721196109,0.47376877377609244,0.09759587361474775,True,20,SMA_N200_th5_bL2_sL0,16
1988-12-29,2008-12-23,0.20360520908741142,0.866309301511092,0.3746885323187381,0.08083457711190123,0.5186138026731929,0.5072237143228875,0.12277063197551019,True,20,SMA_N200_th5_bL2_sL0,16
1989-12-28,2009-12-23,0.19419088735636514,0.8343633771896243,0.3746885323187381,0.08222866480616187,0.5118328205143172,0.5514127052677141,0.11196222255020327,True,20,SMA_N200_th5_bL2_sL0,16
1990-12-27,2010-12-23,0.20274799349989592,0.8508049907241352,0.3746885323187381,0.0912892667298899,0.5505300735059094,0.5514127052677142,0.11145872677000601,True,20,SMA_N200_th5_bL2_sL0,16
1991-12-26,2011-12-22,0.1779461027905609,0.7774711131180717,0.37468853231873817,0.07925127155798473,0.49156115326943495,0.5514127052677142,0.09869483123257616,True,20,SMA_N200_th5_bL2_sL0,16
1992-12-23,2012-12-26,0.17618644419868312,0.7610302509057946,0.37468853231873817,0.08122092786651991,0.49544794018246185,0.5514127052677141,0.09496551633216321,True,20,SMA_N200_th5_bL2_sL0,16
1993-12-22,2013-12-26,0.19858404396437024,0.8342425911134563,0.3746885323187381,0.0915993521008791,0.5455137644177719,0.5514127052677142,0.10698469186349113,True,20,SMA_N200_th5_bL2_sL0,16
1994-12-21,2014-12-26,0.21439959953128662,0.8850666936619431,0.3746885323187381,0.09882214588825255,0.5796312192203977,0.5514127052677142,0.11557745364303407,True,20,SMA_N200_th5_bL2_sL0,16
1995-12-20,2015-12-28,0.16867830054447897,0.7256822141561198,0.3746885323187382,0.08294532303036317,0.4974720968119255,0.5514127052677141,0.0857329775141158,True,20,SMA_N200_th5_bL2_sL0,16
1996-12-18,2016-12-27,0.15574718202836735,0.6949913183363795,0.37468853231873817,0.0781870460035714,0.4796027175271344,0.5514127052677141,0.07756013602479594,True,20,SMA_N200_th5_bL2_sL0,16
1997-12-17,2017-12-27,0.14563770257965714,0.6794674562889671,0.37468853231873817,0.07249080249824891,0.4555942265844254,0.5514127052677142,0.07314690008140823,True,20,SMA_N200_th5_bL2_sL0,16
1998-12-17,2018-12-28,0.13988998788295648,0.6720863509561384,0.3241647159908671,0.0580092666137928,0.3938494223159738,0.5514127052677141,0.08188072126916368,True,20,SMA_N200_th5_bL2_sL0,16
1999-12-17,2019-12-30,0.13296482927594155,0.6595654606633,0.32416471599086705,0.06211027860439855,0.4142398760975171,0.5514127052677142,0.070854550671543,True,20,SMA_N200_th5_bL2_sL0,16
2000-12-15,2020-12-29,0.1378947358127367,0.6797060598557928,0.4321975290801471,0.07491908915708612,0.45951084451023266,0.5514127052677141,0.06297564665565059,True,20,SMA_N200_th5_bL2_sL0,16
2001-12-21,2021-12-29,0.16695191476766102,0.7727386979963711,0.4321975290801471,0.09565847054814469,0.5722270476299536,0.5514127052677141,0.07129344421951633,True,20,SMA_N200_th5_bL2_sL0,16
2002-12-23,2022-12-29,0.15128872448669095,0.7087804055841305,0.4321975290801471,0.0970606564669605,0.5803484040095279,0.5514127052677142,0.05422806801973046,True,20,SMA_N200_th5_bL2_sL0,16
2003-12-23,2024-01-02,0.1458134583138957,0.6871396474002213,0.432197529080147,0.09762254974036666,0.5860340568237379,0.5514127052677141,0.048190908573529034,True,20,SMA_N200_th5_bL2_sL0,16
2004-12-23,2025-01-02,0.15834992504175927,0.7296531622194858,0.43219752908014697,0.10370480888295397,0.6142303164351571,0.5514127052677141,0.054645116158805296,True,20,SMA_N200_th5_bL2_sL0,16
2005-12-22,2026-01-06,0.15671688949716378,0.7220789748515428,0.43219752908014697,0.11005071264687638,0.6372328952998759,0.5514127052677141,0.0466661768502874,True,20,SMA_N200_th5_bL2_sL0,16
1986-01-03,1990-12-26,0.13394734556934274,0.6222430595051023,0.37903573095882553,0.13133116095848751,0.7266559953203099,0.3288565573843161,0.002616184610855221,True,5,SMA_N100_th5_bL2_sL0,17
1987-01-02,1991-12-24,0.21960733546495126,0.9202192846496077,0.37903573095882553,0.13812892271730326,0.7770002094103399,0.328856557384316,0.081478412747648,True,5,SMA_N100_th5_bL2_sL0,17
1987-12-31,1992-12-22,0.20699980959745612,0.911924306906054,0.3140158785972936,0.1597665028455073,1.1097658644211132,0.19183356941998955,0.04723330675194881,True,5,SMA_N100_th5_bL2_sL0,17
1988-12-29,1993-12-21,0.21352860992096812,1.0054735538880182,0.3140158785972935,0.14188814149307016,1.1249140197770626,0.19183356941998964,0.07164046842789795,True,5,SMA_N100_th5_bL2_sL0,17
1989-12-28,1994-12-20,0.061670460682613726,0.40896503864641887,0.31401587859729363,0.0861594758495241,0.7489912048937678,0.19183356941998958,-0.024489015166910377,False,5,SMA_N100_th5_bL2_sL0,17
1990-12-27,1995-12-19,0.27597686723349035,1.3197693631178267,0.2595903425946456,0.16463347955803043,1.4752054797759762,0.08522360788061661,0.11134338767545993,True,5,SMA_N100_th5_bL2_sL0,17
1991-12-26,1996-12-17,0.2580675045982388,1.287347551869379,0.2595903425946456,0.15292725034399135,1.4647052524634705,0.08522360788061664,0.10514025425424744,True,5,SMA_N100_th5_bL2_sL0,17
1992-12-23,1997-12-16,0.2867916232116454,1.1685795366956793,0.2729067797040616,0.19901352989005816,1.4690901794494986,0.11198356632803617,0.08777809332158726,True,5,SMA_N100_th5_bL2_sL0,17
1993-12-22,1998-12-16,0.2863303223951674,1.0861179268959995,0.31851548343576563,0.22440696844455887,1.3716142651793786,0.19020871622272723,0.06192335395060855,True,5,SMA_N100_th5_bL2_sL0,17
1994-12-21,1999-12-16,0.3661455980066417,1.204292362492799,0.3185154834357656,0.2736922813406599,1.5113288230200046,0.19020871622272728,0.09245331666598178,True,5,SMA_N100_th5_bL2_sL0,17
1995-12-20,2000-12-14,0.19475706926728908,0.6796131301681158,0.32234985946929806,0.18942922862489198,0.9703971362558814,0.19020871622272711,0.005327840642397108,True,5,SMA_N100_th5_bL2_sL0,17
1996-12-18,2001-12-20,0.10503406432450446,0.48088552756531827,0.32234985946929806,0.10817681647414967,0.5947752299604295,0.3544624924361658,-0.0031427521496452115,False,5,SMA_N100_th5_bL2_sL0,17
1997-12-17,2002-12-20,-0.012975733244165566,0.09898302738489205,0.4780525090092614,-0.00035264247384625413,0.10732082288912685,0.4737687737760924,-0.012623090770319312,False,5,SMA_N100_th5_bL2_sL0,17
1998-12-17,2003-12-22,-0.01473407555718409,0.11378495558305565,0.5623616119448593,-0.0005397138115567079,0.12056454641120017,0.4737687737760924,-0.014194361745627382,False,5,SMA_N100_th5_bL2_sL0,17
1999-12-17,2004-12-22,0.0041004398495165795,0.1559395284054326,0.5124565848025271,-0.017573962863435155,0.024301372517773208,0.4737687737760924,0.021674402712951735,True,5,SMA_N100_th5_bL2_sL0,17
2000-12-15,2005-12-21,0.047065940028300224,0.3252895304199257,0.3817498749889131,0.009523895832712626,0.11906864949639658,0.4193113902856809,0.0375420441955876,True,5,SMA_N100_th5_bL2_sL0,17
2001-12-21,2006-12-21,0.10129957683136537,0.539598542010604,0.3817498749889131,0.061890896861365174,0.45960169601177236,0.32931991735010696,0.03940867997000019,True,5,SMA_N100_th5_bL2_sL0,17
2002-12-23,2007-12-24,0.1614594732236201,0.7819186102180169,0.23979508521887555,0.12745025953416667,0.9816150785432407,0.13713155595240378,0.03400921368945342,True,5,SMA_N100_th5_bL2_sL0,17
2003-12-23,2008-12-23,0.11718983051444432,0.6800021661806269,0.17823097674088262,-0.027729034994333213,-0.024193482970366165,0.5072237143228874,0.14491886550877753,True,5,SMA_N100_th5_bL2_sL0,17
2004-12-23,2009-12-23,0.18738211823272155,0.9015532788712142,0.23821651691744256,0.005917133826857102,0.1448257067685854,0.5514127052677141,0.18146498440586445,True,5,SMA_N100_th5_bL2_sL0,17
2005-12-22,2010-12-23,0.1827490373073828,0.8585500719201372,0.24372410301100506,0.019944713130480407,0.20762707237751302,0.5514127052677141,0.16280432417690238,True,5,SMA_N100_th5_bL2_sL0,17
2006-12-22,2011-12-22,0.10999901738441564,0.5539702247956659,0.243724103011005,-0.0013731664564993196,0.12260927466610279,0.5514127052677141,0.11137218384091496,True,5,SMA_N100_th5_bL2_sL0,17
2007-12-26,2012-12-26,0.11235014371188701,0.5773343108624172,0.2889510229068296,0.01204987692797066,0.17805295960250486,0.5331644741109138,0.10030026678391635,True,5,SMA_N100_th5_bL2_sL0,17
2008-12-24,2013-12-26,0.23924093917833766,0.978323691023883,0.2889510229068296,0.1883095353357942,0.9997514863834135,0.27120125137024154,0.050931403842543466,True,5,SMA_N100_th5_bL2_sL0,17
2009-12-24,2014-12-26,0.17781544361686819,0.8382126266076629,0.28895102290682956,0.1557113270721573,0.997609617169241,0.18576371244549406,0.022104116544710894,True,5,SMA_N100_th5_bL2_sL0,17
2010-12-27,2015-12-28,0.13405223240705166,0.6883493476072036,0.2889510229068295,0.12711096084552387,0.8579995392521074,0.185763712445494,0.006941271561527795,True,5,SMA_N100_th5_bL2_sL0,17
2011-12-23,2016-12-27,0.19552055595937445,0.9596852109370315,0.27376226656673347,0.14815208712142192,1.1557655728398548,0.1297146274250496,0.04736846883795254,True,5,SMA_N100_th5_bL2_sL0,17
2012-12-27,2017-12-27,0.2818004206540434,1.3579323140718684,0.21560570458090408,0.15984789530313792,1.304000521155299,0.1297146274250495,0.1219525253509055,True,5,SMA_N100_th5_bL2_sL0,17
2013-12-27,2018-12-28,0.1464187967472701,0.762319870845371,0.21560570458090408,0.08387471154798298,0.6768723291654465,0.19319029340941687,0.06254408519928711,True,5,SMA_N100_th5_bL2_sL0,17
2014-12-29,2019-12-30,0.15002955813327978,0.781150067160076,0.21651105381586958,0.11284922955954468,0.8653433591374201,0.19319029340941685,0.0371803285737351,True,5,SMA_N100_th5_bL2_sL0,17
2015-12-29,2020-12-29,0.2193260739807552,0.9594742985740583,0.29194497978578815,0.14684718378343553,0.8322751309705982,0.3369411382620256,0.07247889019731968,True,5,SMA_N100_th5_bL2_sL0,17
2016-12-28,2021-12-29,0.30705251271045286,1.1822373513049613,0.291944979785788,0.18520952154848147,0.9873871726812262,0.33694113826202565,0.12184299116197139,True,5,SMA_N100_th5_bL2_sL0,17
2017-12-28,2022-12-29,0.09987088730244698,0.5050031947158728,0.38291117823617776,0.09412973739812336,0.5278053558306166,0.3369411382620256,0.005741149904323617,True,5,SMA_N100_th5_bL2_sL0,17
2018-12-31,2024-01-02,0.12220825943361602,0.589921200351302,0.44381798161341335,0.15599293612904175,0.8047850802686117,0.33694113826202554,-0.03378467669542573,False,5,SMA_N100_th5_bL2_sL0,17
2019-12-31,2025-01-02,0.1528144201104884,0.6923003082899499,0.44381798161341335,0.14531985507554634,0.7545210211256641,0.3369411382620256,0.007494565034942058,True,5,SMA_N100_th5_bL2_sL0,17
2020-12-30,2026-01-06,0.15349119571975023,0.7426294027499282,0.44381798161341335,0.1490744525961183,0.90004962009299,0.24441874976840103,0.004416743123631939,True,5,SMA_N100_th5_bL2_sL0,17
1986-01-03,1995-12-19,0.20277945090345995,0.9221191473516466,0.37903573095882553,0.14692497615128453,0.9460487277838104,0.3288565573843161,0.05585447475217542,True,10,SMA_N100_th5_bL2_sL0,17
1987-01-02,1996-12-17,0.24198417509397108,1.0687577001042077,0.37903573095882553,0.14702699777073036,0.9659603955567658,0.328856557384316,0.09495717732324072,True,10,SMA_N100_th5_bL2_sL0,17
1987-12-31,1997-12-16,0.24544513917541622,1.0408171807147282,0.3140158785972936,0.17881951074524727,1.279023645493094,0.19183356941998955,0.06662562843016895,True,10,SMA_N100_th5_bL2_sL0,17
1988-12-29,1998-12-16,0.2509559335949758,1.0447246738068297,0.3185154834357655,0.18314271565548568,1.2541090049463974,0.19183356941998964,0.06781321793949013,True,10,SMA_N100_th5_bL2_sL0,17
1989-12-28,1999-12-16,0.20676300598563446,0.8679819870719232,0.3185154834357656,0.1773609147247006,1.1771667156668573,0.19183356941998958,0.02940209126093385,True,10,SMA_N100_th5_bL2_sL0,17
1990-12-27,2000-12-14,0.2321768718782724,0.8848538778410376,0.322349859469298,0.1757442376900613,1.0990673314525914,0.1902087162227272,0.056432634188211095,True,10,SMA_N100_th5_bL2_sL0,17
1991-12-26,2001-12-20,0.18084603077031325,0.7648051411683144,0.322349859469298,0.13116887104663966,0.8274015620134825,0.3544624924361658,0.04967715972367359,True,10,SMA_N100_th5_bL2_sL0,17
1992-12-23,2002-12-20,0.12576391351049332,0.5713145939952008,0.4780525090092614,0.09419870541686581,0.5783671554403454,0.47376877377609244,0.031565208093627506,True,10,SMA_N100_th5_bL2_sL0,17
1993-12-22,2003-12-22,0.12926567011831946,0.5819635433944428,0.5623616119448593,0.10793989253576086,0.6382113652627169,0.4737687737760924,0.021325777582558603,True,10,SMA_N100_th5_bL2_sL0,17
1994-12-21,2004-12-22,0.17263105423854075,0.7143791535045487,0.5623616119448593,0.11928410631638697,0.6927876320525749,0.4737687737760924,0.053346947922153776,True,10,SMA_N100_th5_bL2_sL0,17
1995-12-20,2005-12-21,0.11842667527335315,0.5301211249289155,0.5623616119448592,0.09325786245396572,0.5570344213552254,0.47376877377609244,0.02516881281938743,True,10,SMA_N100_th5_bL2_sL0,17
1996-12-18,2006-12-21,0.10312224286642047,0.4972957834595902,0.5623616119448593,0.08540631140487931,0.5314529109947129,0.4737687737760924,0.017715931461541157,True,10,SMA_N100_th5_bL2_sL0,17
1997-12-17,2007-12-24,0.07073453718190215,0.3872671373142899,0.5623616119448592,0.06163795899736613,0.41253218275530407,0.4737687737760924,0.00909657818453602,True,10,SMA_N100_th5_bL2_sL0,17
1998-12-17,2008-12-23,0.04926713200507482,0.33216345230851535,0.5623616119448593,-0.01415919823058387,0.04876251293040151,0.5072237143228874,0.06342633023565869,True,10,SMA_N100_th5_bL2_sL0,17
1999-12-17,2009-12-23,0.09202381470348353,0.49202098033880387,0.5124565848025271,-0.005820959382251023,0.0887022268960443,0.5514127052677142,0.09784477408573455,True,10,SMA_N100_th5_bL2_sL0,17
2000-12-15,2010-12-23,0.11395148376674036,0.6037606386398149,0.3817498749889131,0.015245783399367996,0.16804007871150634,0.5514127052677141,0.09870570036737236,True,10,SMA_N100_th5_bL2_sL0,17
2001-12-21,2011-12-22,0.10422680319056088,0.5468297893505584,0.3817498749889131,0.029126940401384305,0.24308676130679438,0.5514127052677141,0.07509986278917657,True,10,SMA_N100_th5_bL2_sL0,17
2002-12-23,2012-12-26,0.13658182401997787,0.677931842541859,0.2889510229068296,0.06839417371007173,0.42305002819718623,0.5514127052677142,0.06818765030990614,True,10,SMA_N100_th5_bL2_sL0,17
2003-12-23,2013-12-26,0.17655794150927928,0.8417232863374957,0.28895102290682956,0.07546816740975926,0.45958732073225644,0.5514127052677141,0.10108977409952002,True,10,SMA_N100_th5_bL2_sL0,17
2004-12-23,2014-12-26,0.18362220200217072,0.868729032545919,0.2889510229068296,0.07869376773640568,0.47437302119887576,0.5514127052677141,0.10492843426576504,True,10,SMA_N100_th5_bL2_sL0,17
2005-12-22,2015-12-28,0.15816594024447217,0.7752838870201518,0.28895102290682956,0.07220318309463214,0.44312126302346866,0.5514127052677141,0.08596275714984003,True,10,SMA_N100_th5_bL2_sL0,17
2006-12-22,2016-12-27,0.1517287593577208,0.7441671829038544,0.28895102290682967,0.07170785766692211,0.43349038297674664,0.5514127052677141,0.08002090169079867,True,10,SMA_N100_th5_bL2_sL0,17
2007-12-26,2017-12-27,0.1936649379587192,0.9334597529342848,0.2889510229068296,0.08325212445583285,0.4957802388306853,0.5331644741109138,0.11041281350288634,True,10,SMA_N100_th5_bL2_sL0,17
2008-12-24,2018-12-28,0.1918269903801486,0.8765962999306587,0.2889510229068296,0.13482871520012107,0.8535349457651878,0.27120125137024154,0.056998275180027536,True,10,SMA_N100_th5_bL2_sL0,17
2009-12-24,2019-12-30,0.16407838724204504,0.8100959393988111,0.28895102290682956,0.13417388667441887,0.9337157419672938,0.1931902934094168,0.02990450056762617,True,10,SMA_N100_th5_bL2_sL0,17
2010-12-27,2020-12-29,0.1758407879908388,0.8287392656695758,0.29194497978578804,0.1380867175501692,0.8392979135744216,0.33694113826202554,0.037754070440669585,True,10,SMA_N100_th5_bL2_sL0,17
2011-12-23,2021-12-29,0.2478462994730226,1.0765557143247027,0.29194497978578804,0.16549475670765523,1.0368553589863043,0.3369411382620256,0.08235154276536738,True,10,SMA_N100_th5_bL2_sL0,17
2012-12-27,2022-12-29,0.1877596219441513,0.8683203885983336,0.38291117823617776,0.1266884782473816,0.7724636871665684,0.3369411382620256,0.06107114369676969,True,10,SMA_N100_th5_bL2_sL0,17
2013-12-27,2024-01-02,0.13419221285763117,0.6658235117445106,0.44381798161341335,0.12028040739025014,0.736416410531179,0.33694113826202554,0.013911805467381022,True,10,SMA_N100_th5_bL2_sL0,17
2014-12-29,2025-01-02,0.15191163724742807,0.7285721538457297,0.4438179816134134,0.12918792519388367,0.7792335951907536,0.33694113826202554,0.022723712053544398,True,10,SMA_N100_th5_bL2_sL0,17
2015-12-29,2026-01-06,0.18620613319562485,0.852741392205259,0.44381798161341335,0.14806157038177026,0.8634213821134769,0.3369411382620256,0.03814456281385459,True,10,SMA_N100_th5_bL2_sL0,17
1986-01-03,2000-12-14,0.19847423661655017,0.8020612141734556,0.37903573095882553,0.16011857164710452,0.9501398766431252,0.3288565573843161,0.038355664969445646,True,15,SMA_N100_th5_bL2_sL0,17
1987-01-02,2001-12-20,0.19575212724158209,0.8155131171024619,0.37903573095882553,0.1344908960868736,0.8063308631518367,0.35446249243616573,0.061261231154708495,True,15,SMA_N100_th5_bL2_sL0,17
1987-12-31,2002-12-20,0.15173239072876643,0.6737887108290048,0.47805250900926133,0.11538586105559312,0.7210366793095082,0.47376877377609244,0.03634652967317331,True,15,SMA_N100_th5_bL2_sL0,17
1988-12-29,2003-12-22,0.15765898245051813,0.698208306325117,0.5623616119448592,0.11960655931774866,0.7482070822280353,0.47376877377609244,0.038052423132769464,True,15,SMA_N100_th5_bL2_sL0,17
1989-12-28,2004-12-22,0.13597086779308842,0.6270497893540501,0.5623616119448592,0.10888478614950348,0.693520784936189,0.4737687737760924,0.027086081643584947,True,15,SMA_N100_th5_bL2_sL0,17
1990-12-27,2005-12-21,0.16706539288944744,0.7270529386096092,0.5623616119448592,0.115786535781909,0.7345066555805546,0.47376877377609244,0.051278857107538434,True,15,SMA_N100_th5_bL2_sL0,17
1991-12-26,2006-12-21,0.153675260190977,0.6958637235293392,0.5623616119448592,0.10800957578633241,0.7076466946608773,0.47376877377609244,0.04566568440464458,True,15,SMA_N100_th5_bL2_sL0,17
1992-12-23,2007-12-24,0.13754518405170746,0.630430686141727,0.5623616119448593,0.10516481282549806,0.6762052837882725,0.47376877377609244,0.0323803712262094,True,15,SMA_N100_th5_bL2_sL0,17
1993-12-22,2008-12-23,0.12528536917067168,0.5986657823592101,0.5623616119448593,0.06077527876278688,0.39889340991359235,0.5072237143228875,0.0645100904078848,True,15,SMA_N100_th5_bL2_sL0,17
1994-12-21,2009-12-23,0.17759003536469398,0.7612182991176043,0.5623616119448593,0.08018436534592666,0.47787325842896483,0.5514127052677142,0.09740567001876732,True,15,SMA_N100_th5_bL2_sL0,17
1995-12-20,2010-12-23,0.14021378366065385,0.6213909789358917,0.5623616119448592,0.06861286685386592,0.4157864816555877,0.5514127052677141,0.07160091680678793,True,15,SMA_N100_th5_bL2_sL0,17
1996-12-18,2011-12-22,0.10446670526563939,0.5122838376002148,0.5623616119448593,0.055231925647602376,0.3581443833797024,0.5514127052677141,0.04923477961803702,True,15,SMA_N100_th5_bL2_sL0,17
1997-12-17,2012-12-26,0.08440356552446349,0.4442225364834718,0.5623616119448592,0.044986149802106246,0.3109420401130756,0.5514127052677142,0.03941741572235724,True,15,SMA_N100_th5_bL2_sL0,17
1998-12-17,2013-12-26,0.10906675474003502,0.5521340358930331,0.5623616119448593,0.04954903054066806,0.3413609016782043,0.5514127052677141,0.05951772419936696,True,15,SMA_N100_th5_bL2_sL0,17
1999-12-17,2014-12-26,0.12056392132091065,0.6035550525930461,0.5124565848025271,0.045648102504628696,0.32232951765145973,0.5514127052677142,0.07491581881628195,True,15,SMA_N100_th5_bL2_sL0,17
2000-12-15,2015-12-28,0.12063352147252027,0.6318785968718766,0.3817498749889131,0.051247340558888244,0.3423804390035003,0.5514127052677141,0.06938618091363202,True,15,SMA_N100_th5_bL2_sL0,17
2001-12-21,2016-12-27,0.13369679455286332,0.6749174043025201,0.3817498749889131,0.0679689827091301,0.4379267005301233,0.5514127052677141,0.06572781184373322,True,15,SMA_N100_th5_bL2_sL0,17
2002-12-23,2017-12-27,0.18278206158315924,0.8813459641492201,0.2889510229068296,0.09791500740335901,0.6032535516489724,0.5514127052677142,0.08486705417980023,True,15,SMA_N100_th5_bL2_sL0,17
2003-12-23,2018-12-28,0.16636887740707595,0.8160422041795812,0.28895102290682956,0.07823719711497179,0.5039213220577035,0.5514127052677141,0.08813168029210416,True,15,SMA_N100_th5_bL2_sL0,17
2004-12-23,2019-12-30,0.17247808000161435,0.8404449429546305,0.2889510229068296,0.09003082997077128,0.562287973559796,0.5514127052677141,0.08244725003084308,True,15,SMA_N100_th5_bL2_sL0,17
2005-12-22,2020-12-29,0.17814748858834917,0.8387125442821054,0.29194497978578804,0.09727196235353652,0.5645661957840065,0.5514127052677141,0.08087552623481264,True,15,SMA_N100_th5_bL2_sL0,17
2006-12-22,2021-12-29,0.1999274188929081,0.9007977016572838,0.29194497978578815,0.1076267045297501,0.6052824971355155,0.5514127052677141,0.09230071436315801,True,15,SMA_N100_th5_bL2_sL0,17
2007-12-26,2022-12-29,0.16182176395761716,0.7705733930557704,0.3829111782361777,0.08699025482176448,0.5066774465071109,0.5331644741109138,0.07483150913585268,True,15,SMA_N100_th5_bL2_sL0,17
2008-12-24,2024-01-02,0.1681117925391049,0.7758596351962604,0.4438179816134133,0.14246258162626368,0.8288447389056053,0.3369411382620256,0.025649210912841225,True,15,SMA_N100_th5_bL2_sL0,17
2009-12-24,2025-01-02,0.16063963994079677,0.7648029180627769,0.44381798161341335,0.1380216324499144,0.8460478294587264,0.33694113826202554,0.022618007490882386,True,15,SMA_N100_th5_bL2_sL0,17
2010-12-27,2026-01-06,0.16851677110076668,0.7999255350966366,0.44381798161341335,0.1418053987481449,0.8594633797056009,0.33694113826202554,0.026711372352621776,True,15,SMA_N100_th5_bL2_sL0,17
1986-01-03,2005-12-21,0.15866572776300503,0.701146395235688,0.5623616119448593,0.11919975998259358,0.7302840213678852,0.4737687737760924,0.03946596778041145,True,20,SMA_N100_th5_bL2_sL0,17
1987-01-02,2006-12-21,0.1713782356409197,0.7527949618704555,0.5623616119448593,0.11620780928428243,0.7251172889080421,0.47376877377609244,0.05517042635663727,True,20,SMA_N100_th5_bL2_sL0,17
1987-12-31,2007-12-24,0.15415941982687587,0.6964785358105405,0.5623616119448593,0.11838262566526936,0.7693164721196109,0.47376877377609244,0.03577679416160651,True,20,SMA_N100_th5_bL2_sL0,17
1988-12-29,2008-12-23,0.14745051912997997,0.6892548485611384,0.5623616119448592,0.08083457711190123,0.5186138026731929,0.5072237143228875,0.06661594201807874,True,20,SMA_N100_th5_bL2_sL0,17
1989-12-28,2009-12-23,0.14865837875083243,0.6854858309315933,0.5623616119448592,0.08222866480616187,0.5118328205143172,0.5514127052677141,0.06642971394467057,True,20,SMA_N100_th5_bL2_sL0,17
1990-12-27,2010-12-23,0.1715370211051026,0.7559111455976866,0.5623616119448592,0.0912892667298899,0.5505300735059094,0.5514127052677142,0.0802477543752127,True,20,SMA_N100_th5_bL2_sL0,17
1991-12-26,2011-12-22,0.1418639012627576,0.6622215732966659,0.5623616119448592,0.07925127155798473,0.49156115326943495,0.5514127052677142,0.06261262970477288,True,20,SMA_N100_th5_bL2_sL0,17
1992-12-23,2012-12-26,0.13116826274965598,0.6175675368696016,0.5623616119448593,0.08122092786651991,0.49544794018246185,0.5514127052677141,0.049947334883136074,True,20,SMA_N100_th5_bL2_sL0,17
1993-12-22,2013-12-26,0.1527086011387584,0.6934984519073678,0.5623616119448593,0.0915993521008791,0.5455137644177719,0.5514127052677142,0.06110924903787929,True,20,SMA_N100_th5_bL2_sL0,17
1994-12-21,2014-12-26,0.17816151438379912,0.7773556498438072,0.5623616119448593,0.09882214588825255,0.5796312192203977,0.5514127052677142,0.07933936849554657,True,20,SMA_N100_th5_bL2_sL0,17
1995-12-20,2015-12-28,0.1386851397258071,0.6335027577324572,0.5623616119448592,0.08294532303036317,0.4974720968119255,0.5514127052677141,0.05573981669544392,True,20,SMA_N100_th5_bL2_sL0,17
1996-12-18,2016-12-27,0.12643839672631096,0.6024116333540914,0.5623616119448593,0.0781870460035714,0.4796027175271344,0.5514127052677141,0.04825135072273956,True,20,SMA_N100_th5_bL2_sL0,17
1997-12-17,2017-12-27,0.13050256064815513,0.628702063458229,0.5623616119448592,0.07249080249824891,0.4555942265844254,0.5514127052677142,0.05801175814990622,True,20,SMA_N100_th5_bL2_sL0,17
1998-12-17,2018-12-28,0.11825283494411232,0.5967327804267878,0.5623616119448593,0.0580092666137928,0.3938494223159738,0.5514127052677141,0.06024356833031952,True,20,SMA_N100_th5_bL2_sL0,17
1999-12-17,2019-12-30,0.12797859315512183,0.642744193009384,0.5124565848025271,0.06211027860439855,0.4142398760975171,0.5514127052677142,0.06586831455072328,True,20,SMA_N100_th5_bL2_sL0,17
2000-12-15,2020-12-29,0.14449104836283144,0.7182785188319567,0.3817498749889131,0.07491908915708612,0.45951084451023266,0.5514127052677141,0.06957195920574533,True,20,SMA_N100_th5_bL2_sL0,17
2001-12-21,2021-12-29,0.17371667016943437,0.8119594717438511,0.3817498749889131,0.09565847054814469,0.5722270476299536,0.5514127052677141,0.07805819962128968,True,20,SMA_N100_th5_bL2_sL0,17
2002-12-23,2022-12-29,0.16169665540314226,0.7733176317788774,0.38291117823617776,0.0970606564669605,0.5803484040095279,0.5514127052677142,0.06463599893618177,True,20,SMA_N100_th5_bL2_sL0,17
2003-12-23,2024-01-02,0.15513977555379133,0.752568780865683,0.44381798161341335,0.09762254974036666,0.5860340568237379,0.5514127052677141,0.057517225813424666,True,20,SMA_N100_th5_bL2_sL0,17
2004-12-23,2025-01-02,0.1677782825089913,0.7971578583225605,0.44381798161341335,0.10370480888295397,0.6142303164351571,0.5514127052677141,0.06407347362603732,True,20,SMA_N100_th5_bL2_sL0,17
2005-12-22,2026-01-06,0.1720652520425907,0.8146256039009288,0.4438179816134134,0.11005071264687638,0.6372328952998759,0.5514127052677141,0.06201453939571433,True,20,SMA_N100_th5_bL2_sL0,17
1986-01-03,1990-12-26,0.10869442010389552,0.5053088947451404,0.43752528991590794,0.13133116095848751,0.7266559953203099,0.3288565573843161,-0.022636740854591997,False,5,EMA_N150_th5_bL2_sL-1,18
1987-01-02,1991-12-24,0.18379399360575688,0.7424246681070875,0.43752528991590794,0.13812892271730326,0.7770002094103399,0.328856557384316,0.04566507088845362,True,5,EMA_N150_th5_bL2_sL-1,18
1987-12-31,1992-12-22,0.16087539972075637,0.7350767008705456,0.306930909716985,0.1597665028455073,1.1097658644211132,0.19183356941998955,0.0011088968752490658,True,5,EMA_N150_th5_bL2_sL-1,18
1988-12-29,1993-12-21,0.21521075513765053,0.9644727188189428,0.3069309097169851,0.14188814149307016,1.1249140197770626,0.19183356941998964,0.07332261364458037,True,5,EMA_N150_th5_bL2_sL-1,18
1989-12-28,1994-12-20,0.10095369792367581,0.5519602337501351,0.30693090971698506,0.0861594758495241,0.7489912048937678,0.19183356941998958,0.014794222074151708,True,5,EMA_N150_th5_bL2_sL-1,18
1990-12-27,1995-12-19,0.2956771979872679,1.3581231189477587,0.16653525765246258,0.16463347955803043,1.4752054797759762,0.08522360788061661,0.13104371842923745,True,5,EMA_N150_th5_bL2_sL-1,18
1991-12-26,1996-12-17,0.3028117910139263,1.4184039765140475,0.16653525765246271,0.15292725034399135,1.4647052524634705,0.08522360788061664,0.14988454066993495,True,5,EMA_N150_th5_bL2_sL-1,18
1992-12-23,1997-12-16,0.40028804171693055,1.4322015161217472,0.2178739019943607,0.19901352989005816,1.4690901794494986,0.11198356632803617,0.2012745118268724,True,5,EMA_N150_th5_bL2_sL-1,18
1993-12-22,1998-12-16,0.3169814190606448,1.0837760037603623,0.4681018761217388,0.22440696844455887,1.3716142651793786,0.19020871622272723,0.09257445061608593,True,5,EMA_N150_th5_bL2_sL-1,18
1994-12-21,1999-12-16,0.41878480641404225,1.2489689891002078,0.46810187612173887,0.2736922813406599,1.5113288230200046,0.19020871622272728,0.14509252507338233,True,5,EMA_N150_th5_bL2_sL-1,18
1995-12-20,2000-12-14,0.23697722686754097,0.7506169490501359,0.4681018761217388,0.18942922862489198,0.9703971362558814,0.19020871622272711,0.04754799824264899,True,5,EMA_N150_th5_bL2_sL-1,18
1996-12-18,2001-12-20,0.16373143725073125,0.6069155972976638,0.46810187612173876,0.10817681647414967,0.5947752299604295,0.3544624924361658,0.055554620776581576,True,5,EMA_N150_th5_bL2_sL-1,18
1997-12-17,2002-12-20,0.07588417772701983,0.37985858498760505,0.4681018761217388,-0.00035264247384625413,0.10732082288912685,0.4737687737760924,0.07623682020086608,True,5,EMA_N150_th5_bL2_sL-1,18
1998-12-17,2003-12-22,0.15443490573310847,0.6334504761096683,0.26818380309435,-0.0005397138115567079,0.12056454641120017,0.4737687737760924,0.15497461954466518,True,5,EMA_N150_th5_bL2_sL-1,18
1999-12-17,2004-12-22,0.1200128538922538,0.5472246892526598,0.2681838030943501,-0.017573962863435155,0.024301372517773208,0.4737687737760924,0.13758681675568896,True,5,EMA_N150_th5_bL2_sL-1,18
2000-12-15,2005-12-21,0.1663405167699492,0.7939293207389964,0.24050683205458498,0.009523895832712626,0.11906864949639658,0.4193113902856809,0.15681662093723658,True,5,EMA_N150_th5_bL2_sL-1,18
2001-12-21,2006-12-21,0.2128978759953155,0.9516114504893856,0.24050683205458503,0.061890896861365174,0.45960169601177236,0.32931991735010696,0.15100697913395034,True,5,EMA_N150_th5_bL2_sL-1,18
2002-12-23,2007-12-24,0.20307291217210777,0.8844730239370869,0.19417375114774782,0.12745025953416667,0.9816150785432407,0.13713155595240378,0.0756226526379411,True,5,EMA_N150_th5_bL2_sL-1,18
2003-12-23,2008-12-23,0.1736662135830611,0.7062071199424855,0.25554782971791073,-0.027729034994333213,-0.024193482970366165,0.5072237143228874,0.20139524857739433,True,5,EMA_N150_th5_bL2_sL-1,18
2004-12-23,2009-12-23,0.16673642657025467,0.6552102263011812,0.4013649174997762,0.005917133826857102,0.1448257067685854,0.5514127052677141,0.16081929274339757,True,5,EMA_N150_th5_bL2_sL-1,18
2005-12-22,2010-12-23,0.12013099227353319,0.518662738935664,0.40136491749977615,0.019944713130480407,0.20762707237751302,0.5514127052677141,0.10018627914305278,True,5,EMA_N150_th5_bL2_sL-1,18
2006-12-22,2011-12-22,0.031230416746356626,0.2545416218957261,0.4013649174997762,-0.0013731664564993196,0.12260927466610279,0.5514127052677141,0.032603583202855946,True,5,EMA_N150_th5_bL2_sL-1,18
2007-12-26,2012-12-26,0.04158789607549851,0.2919748442779028,0.4013649174997762,0.01204987692797066,0.17805295960250486,0.5331644741109138,0.02953801914752785,True,5,EMA_N150_th5_bL2_sL-1,18
2008-12-24,2013-12-26,0.13337910695905641,0.5732948452097578,0.4013649174997762,0.1883095353357942,0.9997514863834135,0.27120125137024154,-0.05493042837673778,False,5,EMA_N150_th5_bL2_sL-1,18
2009-12-24,2014-12-26,0.1503302062304177,0.6703194590932393,0.3890445467166646,0.1557113270721573,0.997609617169241,0.18576371244549406,-0.005381120841739584,False,5,EMA_N150_th5_bL2_sL-1,18
2010-12-27,2015-12-28,0.10581725745474557,0.5273606665565577,0.3293103734168661,0.12711096084552387,0.8579995392521074,0.185763712445494,-0.021293703390778296,False,5,EMA_N150_th5_bL2_sL-1,18
2011-12-23,2016-12-27,0.1791802432136418,0.8233240571336136,0.3819962071580668,0.14815208712142192,1.1557655728398548,0.1297146274250496,0.031028156092219872,True,5,EMA_N150_th5_bL2_sL-1,18
2012-12-27,2017-12-27,0.2220678082705725,1.055818438608519,0.3819962071580668,0.15984789530313792,1.304000521155299,0.1297146274250495,0.062219912967434565,True,5,EMA_N150_th5_bL2_sL-1,18
2013-12-27,2018-12-28,0.0919353263061855,0.4945636360141266,0.3819962071580668,0.08387471154798298,0.6768723291654465,0.19319029340941687,0.008060614758202522,True,5,EMA_N150_th5_bL2_sL-1,18
2014-12-29,2019-12-30,0.054871576365166375,0.34870296386907623,0.38199620715806676,0.11284922955954468,0.8653433591374201,0.19319029340941685,-0.05797765319437831,False,5,EMA_N150_th5_bL2_sL-1,18
2015-12-29,2020-12-29,0.08637329960748463,0.42240443048378185,0.5013878784016819,0.14684718378343553,0.8322751309705982,0.3369411382620256,-0.0604738841759509,False,5,EMA_N150_th5_bL2_sL-1,18
2016-12-28,2021-12-29,0.17284339012116656,0.6656202818502366,0.5013878784016819,0.18520952154848147,0.9873871726812262,0.33694113826202565,-0.012366131427314908,False,5,EMA_N150_th5_bL2_sL-1,18
2017-12-28,2022-12-29,0.03636367713044808,0.2767861950942225,0.5013878784016819,0.09412973739812336,0.5278053558306166,0.3369411382620256,-0.05776606026767528,False,5,EMA_N150_th5_bL2_sL-1,18
2018-12-31,2024-01-02,0.07983253164738335,0.39839177452479063,0.5001455129624677,0.15599293612904175,0.8047850802686117,0.33694113826202554,-0.0761604044816584,False,5,EMA_N150_th5_bL2_sL-1,18
2019-12-31,2025-01-02,0.14983890699456115,0.6054956409327971,0.5001455129624676,0.14531985507554634,0.7545210211256641,0.3369411382620256,0.004519051919014805,True,5,EMA_N150_th5_bL2_sL-1,18
2020-12-30,2026-01-06,0.18983855667172822,0.7880489763002424,0.38564220131482707,0.1490744525961183,0.90004962009299,0.24441874976840103,0.04076410407560993,True,5,EMA_N150_th5_bL2_sL-1,18
1986-01-03,1995-12-19,0.19936042610162708,0.8560773343616424,0.43752528991590794,0.14692497615128453,0.9460487277838104,0.3288565573843161,0.05243544995034255,True,10,EMA_N150_th5_bL2_sL-1,18
1987-01-02,1996-12-17,0.24518115360744086,1.0038010819822218,0.43752528991590794,0.14702699777073036,0.9659603955567658,0.328856557384316,0.0981541558367105,True,10,EMA_N150_th5_bL2_sL-1,18
1987-12-31,1997-12-16,0.27413209340060174,1.092047962972161,0.306930909716985,0.17881951074524727,1.279023645493094,0.19183356941998955,0.09531258265535447,True,10,EMA_N150_th5_bL2_sL-1,18
1988-12-29,1998-12-16,0.2666429921072213,1.023870227290795,0.4681018761217388,0.18314271565548568,1.2541090049463974,0.19183356941998964,0.08350027645173563,True,10,EMA_N150_th5_bL2_sL-1,18
1989-12-28,1999-12-16,0.252319168771322,0.9488112147684468,0.46810187612173887,0.1773609147247006,1.1771667156668573,0.19183356941998958,0.07495825404662138,True,10,EMA_N150_th5_bL2_sL-1,18
1990-12-27,2000-12-14,0.26338813366189595,0.9331033207166028,0.4681018761217388,0.1757442376900613,1.0990673314525914,0.1902087162227272,0.08764389597183464,True,10,EMA_N150_th5_bL2_sL-1,18
1991-12-26,2001-12-20,0.23314236422685153,0.8648855104317156,0.46810187612173887,0.13116887104663966,0.8274015620134825,0.3544624924361658,0.10197349318021187,True,10,EMA_N150_th5_bL2_sL-1,18
1992-12-23,2002-12-20,0.2260439210518188,0.8255145807724262,0.4681018761217388,0.09419870541686581,0.5783671554403454,0.47376877377609244,0.131845215634953,True,10,EMA_N150_th5_bL2_sL-1,18
1993-12-22,2003-12-22,0.23680718604648665,0.8520955139726224,0.4681018761217388,0.10793989253576086,0.6382113652627169,0.4737687737760924,0.1288672935107258,True,10,EMA_N150_th5_bL2_sL-1,18
1994-12-21,2004-12-22,0.262064091405124,0.9185565867711708,0.46810187612173887,0.11928410631638697,0.6927876320525749,0.4737687737760924,0.14277998508873702,True,10,EMA_N150_th5_bL2_sL-1,18
1995-12-20,2005-12-21,0.2037257077834307,0.7486279328977321,0.4681018761217388,0.09325786245396572,0.5570344213552254,0.47376877377609244,0.11046784532946496,True,10,EMA_N150_th5_bL2_sL-1,18
1996-12-18,2006-12-21,0.187254052431723,0.7208371633371914,0.46810187612173876,0.08540631140487931,0.5314529109947129,0.4737687737760924,0.10184774102684369,True,10,EMA_N150_th5_bL2_sL-1,18
1997-12-17,2007-12-24,0.13760163224072453,0.5816209366212185,0.4681018761217388,0.06163795899736613,0.41253218275530407,0.4737687737760924,0.0759636732433584,True,10,EMA_N150_th5_bL2_sL-1,18
1998-12-17,2008-12-23,0.1640857319471516,0.6672034511249172,0.26818380309435,-0.01415919823058387,0.04876251293040151,0.5072237143228874,0.17824493017773546,True,10,EMA_N150_th5_bL2_sL-1,18
1999-12-17,2009-12-23,0.14324222161369993,0.6028066945469306,0.4013649174997762,-0.005820959382251023,0.0887022268960443,0.5514127052677142,0.14906318099595095,True,10,EMA_N150_th5_bL2_sL-1,18
2000-12-15,2010-12-23,0.14413016516866572,0.625423896152965,0.4013649174997762,0.015245783399367996,0.16804007871150634,0.5514127052677141,0.12888438176929773,True,10,EMA_N150_th5_bL2_sL-1,18
2001-12-21,2011-12-22,0.1169461895887296,0.5247674724442911,0.4013649174997762,0.029126940401384305,0.24308676130679438,0.5514127052677141,0.0878192491873453,True,10,EMA_N150_th5_bL2_sL-1,18
2002-12-23,2012-12-26,0.11984810073657126,0.5366848671797064,0.40136491749977626,0.06839417371007173,0.42305002819718623,0.5514127052677142,0.051453927026499535,True,10,EMA_N150_th5_bL2_sL-1,18
2003-12-23,2013-12-26,0.15260535580461787,0.6391540092822245,0.4013649174997762,0.07546816740975926,0.45958732073225644,0.5514127052677141,0.07713718839485861,True,10,EMA_N150_th5_bL2_sL-1,18
2004-12-23,2014-12-26,0.15952580076669132,0.6600957970970055,0.4013649174997762,0.07869376773640568,0.47437302119887576,0.5514127052677141,0.08083203303028563,True,10,EMA_N150_th5_bL2_sL-1,18
2005-12-22,2015-12-28,0.11298909552910241,0.5181384461383257,0.40136491749977615,0.07220318309463214,0.44312126302346866,0.5514127052677141,0.04078591243447027,True,10,EMA_N150_th5_bL2_sL-1,18
2006-12-22,2016-12-27,0.10168918519445858,0.4750489980772079,0.4013649174997762,0.07170785766692211,0.43349038297674664,0.5514127052677141,0.02998132752753646,True,10,EMA_N150_th5_bL2_sL-1,18
2007-12-26,2017-12-27,0.12786434839020866,0.5758569886864603,0.4013649174997762,0.08325212445583285,0.4957802388306853,0.5331644741109138,0.044612223934375805,True,10,EMA_N150_th5_bL2_sL-1,18
2008-12-24,2018-12-28,0.11240170443246211,0.5350532957215438,0.4013649174997762,0.13482871520012107,0.8535349457651878,0.27120125137024154,-0.02242701076765896,False,10,EMA_N150_th5_bL2_sL-1,18
2009-12-24,2019-12-30,0.10181743503375196,0.5182300260738562,0.3890445467166646,0.13417388667441887,0.9337157419672938,0.1931902934094168,-0.03235645164066692,False,10,EMA_N150_th5_bL2_sL-1,18
2010-12-27,2020-12-29,0.09483188033083545,0.4688329087580192,0.5013878784016819,0.1380867175501692,0.8392979135744216,0.33694113826202554,-0.043254837219333764,False,10,EMA_N150_th5_bL2_sL-1,18
2011-12-23,2021-12-29,0.17396916129869555,0.7262352079096621,0.501387878401682,0.16549475670765523,1.0368553589863043,0.3369411382620256,0.008474404591040319,True,10,EMA_N150_th5_bL2_sL-1,18
2012-12-27,2022-12-29,0.12579802742613255,0.5708610723382062,0.5013878784016819,0.1266884782473816,0.7724636871665684,0.3369411382620256,-0.0008904508212490558,False,10,EMA_N150_th5_bL2_sL-1,18
2013-12-27,2024-01-02,0.08487180612408718,0.43515139588479634,0.501387878401682,0.12028040739025014,0.736416410531179,0.33694113826202554,-0.035408601266162965,False,10,EMA_N150_th5_bL2_sL-1,18
2014-12-29,2025-01-02,0.10182070043257907,0.49070834090847615,0.501387878401682,0.12918792519388367,0.7792335951907536,0.33694113826202554,-0.027367224761304598,False,10,EMA_N150_th5_bL2_sL-1,18
2015-12-29,2026-01-06,0.13719235528222118,0.5945029168288563,0.5013878784016819,0.14806157038177026,0.8634213821134769,0.3369411382620256,-0.010869215099549079,False,10,EMA_N150_th5_bL2_sL-1,18
1986-01-03,2000-12-14,0.21012247255394456,0.7955712134662182,0.4681018761217388,0.16011857164710452,0.9501398766431252,0.3288565573843161,0.05000390090684004,True,15,EMA_N150_th5_bL2_sL-1,18
1987-01-02,2001-12-20,0.21863538101183155,0.8242234720199612,0.4681018761217388,0.1344908960868736,0.8063308631518367,0.35446249243616573,0.08414448492495796,True,15,EMA_N150_th5_bL2_sL-1,18
1987-12-31,2002-12-20,0.2034181840450724,0.7958041424028364,0.46810187612173876,0.11538586105559312,0.7210366793095082,0.47376877377609244,0.08803232298947927,True,15,EMA_N150_th5_bL2_sL-1,18
1988-12-29,2003-12-22,0.2305941121070223,0.8767809705970389,0.4681018761217388,0.11960655931774866,0.7482070822280353,0.47376877377609244,0.11098755278927364,True,15,EMA_N150_th5_bL2_sL-1,18
1989-12-28,2004-12-22,0.20753959725875548,0.8126255317485463,0.46810187612173887,0.10888478614950348,0.693520784936189,0.4737687737760924,0.098654811109252,True,15,EMA_N150_th5_bL2_sL-1,18
1990-12-27,2005-12-21,0.2319390432412194,0.8884600918719161,0.4681018761217388,0.115786535781909,0.7345066555805546,0.47376877377609244,0.11615250745931038,True,15,EMA_N150_th5_bL2_sL-1,18
1991-12-26,2006-12-21,0.22579358538492889,0.8831020294211948,0.46810187612173887,0.10800957578633241,0.7076466946608773,0.47376877377609244,0.11778400959859647,True,15,EMA_N150_th5_bL2_sL-1,18
1992-12-23,2007-12-24,0.2182465065666639,0.8382499465212598,0.4681018761217388,0.10516481282549806,0.6762052837882725,0.47376877377609244,0.11308169374116583,True,15,EMA_N150_th5_bL2_sL-1,18
1993-12-22,2008-12-23,0.2154353639971307,0.8053218269963255,0.4681018761217388,0.06077527876278688,0.39889340991359235,0.5072237143228875,0.15466008523434382,True,15,EMA_N150_th5_bL2_sL-1,18
1994-12-21,2009-12-23,0.22951381818337602,0.8304255949587763,0.46810187612173887,0.08018436534592666,0.47787325842896483,0.5514127052677142,0.14932945283744936,True,15,EMA_N150_th5_bL2_sL-1,18
1995-12-20,2010-12-23,0.1759613682925607,0.6691548508104619,0.4681018761217388,0.06861286685386592,0.4157864816555877,0.5514127052677141,0.10734850143869479,True,15,EMA_N150_th5_bL2_sL-1,18
1996-12-18,2011-12-22,0.13182644824417378,0.5529988040982029,0.46810187612173876,0.055231925647602376,0.3581443833797024,0.5514127052677141,0.0765945225965714,True,15,EMA_N150_th5_bL2_sL-1,18
1997-12-17,2012-12-26,0.10494447937245321,0.4771754050067374,0.4681018761217388,0.044986149802106246,0.3109420401130756,0.5514127052677142,0.05995832957034697,True,15,EMA_N150_th5_bL2_sL-1,18
1998-12-17,2013-12-26,0.15326702097702838,0.6365372437749309,0.4013649174997762,0.04954903054066806,0.3413609016782043,0.5514127052677141,0.10371799043636032,True,15,EMA_N150_th5_bL2_sL-1,18
1999-12-17,2014-12-26,0.1462760336130895,0.6225090947433729,0.4013649174997762,0.045648102504628696,0.32232951765145973,0.5514127052677142,0.1006279311084608,True,15,EMA_N150_th5_bL2_sL-1,18
2000-12-15,2015-12-28,0.1312381910071212,0.594387123364357,0.4013649174997762,0.051247340558888244,0.3423804390035003,0.5514127052677141,0.07999085044823295,True,15,EMA_N150_th5_bL2_sL-1,18
2001-12-21,2016-12-27,0.13658886254348213,0.6061997742057337,0.4013649174997762,0.0679689827091301,0.4379267005301233,0.5514127052677141,0.06861987983435203,True,15,EMA_N150_th5_bL2_sL-1,18
2002-12-23,2017-12-27,0.15267319127729984,0.6685808396365618,0.40136491749977626,0.09791500740335901,0.6032535516489724,0.5514127052677142,0.054758183873940824,True,15,EMA_N150_th5_bL2_sL-1,18
2003-12-23,2018-12-28,0.13197418580888964,0.5947366413046928,0.4013649174997762,0.07823719711497179,0.5039213220577035,0.5514127052677141,0.05373698869391785,True,15,EMA_N150_th5_bL2_sL-1,18
2004-12-23,2019-12-30,0.1237090422826177,0.567531404681825,0.4013649174997762,0.09003082997077128,0.562287973559796,0.5514127052677141,0.03367821231184642,True,15,EMA_N150_th5_bL2_sL-1,18
2005-12-22,2020-12-29,0.10322622429081063,0.48574038797519586,0.501387878401682,0.09727196235353652,0.5645661957840065,0.5514127052677141,0.005954261937274108,True,15,EMA_N150_th5_bL2_sL-1,18
2006-12-22,2021-12-29,0.12362111585401037,0.5405288652926996,0.501387878401682,0.1076267045297501,0.6052824971355155,0.5514127052677141,0.01599441132426027,True,15,EMA_N150_th5_bL2_sL-1,18
2007-12-26,2022-12-29,0.09677956386456277,0.4640232882508586,0.501387878401682,0.08699025482176448,0.5066774465071109,0.5331644741109138,0.009789309042798289,True,15,EMA_N150_th5_bL2_sL-1,18
2008-12-24,2024-01-02,0.10076330631421238,0.48267632494618024,0.501387878401682,0.14246258162626368,0.8288447389056053,0.3369411382620256,-0.04169927531205131,False,15,EMA_N150_th5_bL2_sL-1,18
2009-12-24,2025-01-02,0.11791945004403703,0.5484414093608678,0.501387878401682,0.1380216324499144,0.8460478294587264,0.33694113826202554,-0.020102182405877356,False,15,EMA_N150_th5_bL2_sL-1,18
2010-12-27,2026-01-06,0.12579461829332583,0.5729923432963558,0.5013878784016819,0.1418053987481449,0.8594633797056009,0.33694113826202554,-0.016010780454819074,False,15,EMA_N150_th5_bL2_sL-1,18
1986-01-03,2005-12-21,0.20031983724131774,0.7917366968845012,0.4681018761217388,0.11919975998259358,0.7302840213678852,0.4737687737760924,0.08112007725872417,True,20,EMA_N150_th5_bL2_sL-1,18
1987-01-02,2006-12-21,0.21678016124081068,0.8458019816852231,0.4681018761217388,0.11620780928428243,0.7251172889080421,0.47376877377609244,0.10057235195652825,True,20,EMA_N150_th5_bL2_sL-1,18
1987-12-31,2007-12-24,0.2032651342595333,0.8136546850368338,0.46810187612173876,0.11838262566526936,0.7693164721196109,0.47376877377609244,0.08488250859426394,True,20,EMA_N150_th5_bL2_sL-1,18
1988-12-29,2008-12-23,0.21614262366522685,0.8340703311951064,0.4681018761217388,0.08083457711190123,0.5186138026731929,0.5072237143228875,0.13530804655332562,True,20,EMA_N150_th5_bL2_sL-1,18
1989-12-28,2009-12-23,0.19725567881221906,0.7698977694844186,0.46810187612173887,0.08222866480616187,0.5118328205143172,0.5514127052677141,0.1150270140060572,True,20,EMA_N150_th5_bL2_sL-1,18
1990-12-27,2010-12-23,0.20357439902295238,0.783253710407991,0.4681018761217388,0.0912892667298899,0.5505300735059094,0.5514127052677142,0.11228513229306247,True,20,EMA_N150_th5_bL2_sL-1,18
1991-12-26,2011-12-22,0.17321173526729594,0.6965613942953467,0.46810187612173887,0.07925127155798473,0.49156115326943495,0.5514127052677142,0.09396046370931121,True,20,EMA_N150_th5_bL2_sL-1,18
1992-12-23,2012-12-26,0.17168473508066073,0.6839704251251498,0.4681018761217388,0.08122092786651991,0.49544794018246185,0.5514127052677141,0.09046380721414082,True,20,EMA_N150_th5_bL2_sL-1,18
1993-12-22,2013-12-26,0.1939966107848401,0.7486324078769364,0.4681018761217388,0.0915993521008791,0.5455137644177719,0.5514127052677142,0.10239725868396099,True,20,EMA_N150_th5_bL2_sL-1,18
1994-12-21,2014-12-26,0.20975163425580057,0.7932024899239056,0.46810187612173887,0.09882214588825255,0.5796312192203977,0.5514127052677142,0.11092948836754801,True,20,EMA_N150_th5_bL2_sL-1,18
1995-12-20,2015-12-28,0.15803655857736,0.6366516512215195,0.4681018761217388,0.08294532303036317,0.4974720968119255,0.5514127052677141,0.07509123554699682,True,20,EMA_N150_th5_bL2_sL-1,18
1996-12-18,2016-12-27,0.1429326504101529,0.6007243760435395,0.46810187612173876,0.0781870460035714,0.4796027175271344,0.5514127052677141,0.0647456044065815,True,20,EMA_N150_th5_bL2_sL-1,18
1997-12-17,2017-12-27,0.13293526143075418,0.5785256524601264,0.4681018761217388,0.07249080249824891,0.4555942265844254,0.5514127052677142,0.060444458932505274,True,20,EMA_N150_th5_bL2_sL-1,18
1998-12-17,2018-12-28,0.13758762031517624,0.6041590052691751,0.4013649174997762,0.0580092666137928,0.3938494223159738,0.5514127052677141,0.07957835370138344,True,20,EMA_N150_th5_bL2_sL-1,18
1999-12-17,2019-12-30,0.12284040258210416,0.5620470887333419,0.4013649174997762,0.06211027860439855,0.4142398760975171,0.5514127052677142,0.06073012397770561,True,20,EMA_N150_th5_bL2_sL-1,18
2000-12-15,2020-12-29,0.11922747108507559,0.5482439438527729,0.501387878401682,0.07491908915708612,0.45951084451023266,0.5514127052677141,0.04430838192798947,True,20,EMA_N150_th5_bL2_sL-1,18
2001-12-21,2021-12-29,0.1445554202406707,0.6215473745814543,0.501387878401682,0.09565847054814469,0.5722270476299536,0.5514127052677141,0.048896949692526004,True,20,EMA_N150_th5_bL2_sL-1,18
2002-12-23,2022-12-29,0.12264088764773162,0.5530642096386081,0.5013878784016819,0.0970606564669605,0.5803484040095279,0.5514127052677142,0.02558023118077113,True,20,EMA_N150_th5_bL2_sL-1,18
2003-12-23,2024-01-02,0.11819328092509784,0.5392668182687904,0.501387878401682,0.09762254974036666,0.5860340568237379,0.5514127052677141,0.020570731184731184,True,20,EMA_N150_th5_bL2_sL-1,18
2004-12-23,2025-01-02,0.1304275523590066,0.5768073654921143,0.501387878401682,0.10370480888295397,0.6142303164351571,0.5514127052677141,0.026722743476052635,True,20,EMA_N150_th5_bL2_sL-1,18
2005-12-22,2026-01-06,0.12439349832409197,0.5556989337042381,0.501387878401682,0.11005071264687638,0.6372328952998759,0.5514127052677141,0.014342785677215586,True,20,EMA_N150_th5_bL2_sL-1,18
1986-01-03,1990-12-26,0.0370542231249662,0.29410664422931476,0.6364952410973886,0.13133116095848751,0.7266559953203099,0.3288565573843161,-0.09427693783352131,False,5,EMA_N200_th5_bL2_sL0,19
1987-01-02,1991-12-24,0.10522340858768797,0.5212359772698153,0.6364952410973886,0.13812892271730326,0.7770002094103399,0.328856557384316,-0.03290551412961529,False,5,EMA_N200_th5_bL2_sL0,19
1987-12-31,1992-12-22,0.21486627011302528,0.9674007385573941,0.2390475837148419,0.1597665028455073,1.1097658644211132,0.19183356941998955,0.055099767267517974,True,5,EMA_N200_th5_bL2_sL0,19
1988-12-29,1993-12-21,0.2381528027694677,1.068967275613798,0.2390475837148419,0.14188814149307016,1.1249140197770626,0.19183356941998964,0.09626466127639755,True,5,EMA_N200_th5_bL2_sL0,19
1989-12-28,1994-12-20,0.12173867869462796,0.6494874017372201,0.23904758371484194,0.0861594758495241,0.7489912048937678,0.19183356941998958,0.03557920284510385,True,5,EMA_N200_th5_bL2_sL0,19
1990-12-27,1995-12-19,0.307426609620856,1.4036000675014653,0.16653525765246255,0.16463347955803043,1.4752054797759762,0.08522360788061661,0.14279313006282557,True,5,EMA_N200_th5_bL2_sL0,19
1991-12-26,1996-12-17,0.3028117910139261,1.4184039765140508,0.16653525765246258,0.15292725034399135,1.4647052524634705,0.08522360788061664,0.14988454066993473,True,5,EMA_N200_th5_bL2_sL0,19
1992-12-23,1997-12-16,0.40028804171693033,1.4322015161217487,0.2178739019943609,0.19901352989005816,1.4690901794494986,0.11198356632803617,0.20127451182687217,True,5,EMA_N200_th5_bL2_sL0,19
1993-12-22,1998-12-16,0.37357926953872456,1.2442272734547197,0.35590778635108794,0.22440696844455887,1.3716142651793786,0.19020871622272723,0.14917230109416568,True,5,EMA_N200_th5_bL2_sL0,19
1994-12-21,1999-12-16,0.47975770183368227,1.3960586660171583,0.3559077863510877,0.2736922813406599,1.5113288230200046,0.19020871622272728,0.20606542049302234,True,5,EMA_N200_th5_bL2_sL0,19
1995-12-20,2000-12-14,0.2765740776245289,0.8454585203901012,0.35590778635108783,0.18942922862489198,0.9703971362558814,0.19020871622272711,0.08714484899963693,True,5,EMA_N200_th5_bL2_sL0,19
1996-12-18,2001-12-20,0.18070683797992104,0.6650325171385005,0.3559077863510879,0.10817681647414967,0.5947752299604295,0.3544624924361658,0.07253002150577137,True,5,EMA_N200_th5_bL2_sL0,19
1997-12-17,2002-12-20,0.06076055900350963,0.34144878042437127,0.3559077863510878,-0.00035264247384625413,0.10732082288912685,0.4737687737760924,0.06111320147735588,True,5,EMA_N200_th5_bL2_sL0,19
1998-12-17,2003-12-22,0.09955406682974455,0.5170261696621454,0.26449670200208053,-0.0005397138115567079,0.12056454641120017,0.4737687737760924,0.10009378064130126,True,5,EMA_N200_th5_bL2_sL0,19
1999-12-17,2004-12-22,0.06676840962008135,0.4086859156662986,0.26449670200208053,-0.017573962863435155,0.024301372517773208,0.4737687737760924,0.0843423724835165,True,5,EMA_N200_th5_bL2_sL0,19
2000-12-15,2005-12-21,0.1277016900147836,0.8245470478887503,0.1533922203485154,0.009523895832712626,0.11906864949639658,0.4193113902856809,0.11817779418207097,True,5,EMA_N200_th5_bL2_sL0,19
2001-12-21,2006-12-21,0.1861119214437721,1.016578198083594,0.1533922203485154,0.061890896861365174,0.45960169601177236,0.32931991735010696,0.12422102458240691,True,5,EMA_N200_th5_bL2_sL0,19
2002-12-23,2007-12-24,0.21207289942764773,0.9436009951726794,0.1941737511477479,0.12745025953416667,0.9816150785432407,0.13713155595240378,0.08462263989348107,True,5,EMA_N200_th5_bL2_sL0,19
2003-12-23,2008-12-23,0.10841392217867574,0.5806340598081922,0.22372550447964407,-0.027729034994333213,-0.024193482970366165,0.5072237143228874,0.13614295717300895,True,5,EMA_N200_th5_bL2_sL0,19
2004-12-23,2009-12-23,0.12365282091369645,0.6497398474683141,0.22518363342001513,0.005917133826857102,0.1448257067685854,0.5514127052677141,0.11773568708683935,True,5,EMA_N200_th5_bL2_sL0,19
2005-12-22,2010-12-23,0.10356647079435,0.5390347206159773,0.31015753253037226,0.019944713130480407,0.20762707237751302,0.5514127052677141,0.08362175766386959,True,5,EMA_N200_th5_bL2_sL0,19
2006-12-22,2011-12-22,0.0356869120678589,0.2562918896955906,0.31015753253037226,-0.0013731664564993196,0.12260927466610279,0.5514127052677141,0.03706007852435822,True,5,EMA_N200_th5_bL2_sL0,19
2007-12-26,2012-12-26,0.05271411793821734,0.34312840314619897,0.3101575325303722,0.01204987692797066,0.17805295960250486,0.5331644741109138,0.04066424101024668,True,5,EMA_N200_th5_bL2_sL0,19
2008-12-24,2013-12-26,0.21149830003790293,0.9009465487765623,0.3101575325303723,0.1883095353357942,0.9997514863834135,0.27120125137024154,0.023188764702108733,True,5,EMA_N200_th5_bL2_sL0,19
2009-12-24,2014-12-26,0.20719563800381158,0.8866298756423328,0.3101575325303722,0.1557113270721573,0.997609617169241,0.18576371244549406,0.05148431093165429,True,5,EMA_N200_th5_bL2_sL0,19
2010-12-27,2015-12-28,0.15878522847909204,0.7588822425687606,0.23809328877438976,0.12711096084552387,0.8579995392521074,0.185763712445494,0.031674267633568176,True,5,EMA_N200_th5_bL2_sL0,19
2011-12-23,2016-12-27,0.21969826784817958,1.0109613472176169,0.2846564736273393,0.14815208712142192,1.1557655728398548,0.1297146274250496,0.07154618072675767,True,5,EMA_N200_th5_bL2_sL0,19
2012-12-27,2017-12-27,0.2583750455103826,1.2456364094917143,0.2846564736273394,0.15984789530313792,1.304000521155299,0.1297146274250495,0.09852715020724467,True,5,EMA_N200_th5_bL2_sL0,19
2013-12-27,2018-12-28,0.10669187322552842,0.5673726800646322,0.2846564736273393,0.08387471154798298,0.6768723291654465,0.19319029340941687,0.02281716167754544,True,5,EMA_N200_th5_bL2_sL0,19
2014-12-29,2019-12-30,0.10539567948462203,0.566373976992874,0.29192484603172386,0.11284922955954468,0.8653433591374201,0.19319029340941685,-0.007453550074922655,False,5,EMA_N200_th5_bL2_sL0,19
2015-12-29,2020-12-29,0.15709496078970342,0.6853925558177261,0.3904781772706742,0.14684718378343553,0.8322751309705982,0.3369411382620256,0.010247777006267889,True,5,EMA_N200_th5_bL2_sL0,19
2016-12-28,2021-12-29,0.2418988398671129,0.9084047022446328,0.39047817727067435,0.18520952154848147,0.9873871726812262,0.33694113826202565,0.05668931831863144,True,5,EMA_N200_th5_bL2_sL0,19
2017-12-28,2022-12-29,0.08174876597201042,0.4190775999240151,0.3904781772706743,0.09412973739812336,0.5278053558306166,0.3369411382620256,-0.012380971426112941,False,5,EMA_N200_th5_bL2_sL0,19
2018-12-31,2024-01-02,0.1631726182625386,0.6808039881802075,0.39047817727067424,0.15599293612904175,0.8047850802686117,0.33694113826202554,0.007179682133496845,True,5,EMA_N200_th5_bL2_sL0,19
2019-12-31,2025-01-02,0.2000650069267167,0.785642199638169,0.39047817727067435,0.14531985507554634,0.7545210211256641,0.3369411382620256,0.05474515185117035,True,5,EMA_N200_th5_bL2_sL0,19
2020-12-30,2026-01-06,0.19641503157775886,0.8251612501658809,0.3762064326185603,0.1490744525961183,0.90004962009299,0.24441874976840103,0.04734057898164057,True,5,EMA_N200_th5_bL2_sL0,19
1986-01-03,1995-12-19,0.16434892829915815,0.7403214815315262,0.6364952410973886,0.14692497615128453,0.9460487277838104,0.3288565573843161,0.017423952147873623,True,10,EMA_N200_th5_bL2_sL0,19
1987-01-02,1996-12-17,0.20316566625965038,0.8593187898283863,0.6364952410973886,0.14702699777073036,0.9659603955567658,0.328856557384316,0.05613866848892002,True,10,EMA_N200_th5_bL2_sL0,19
1987-12-31,1997-12-16,0.303412763307253,1.2114240002863452,0.2390475837148419,0.17881951074524727,1.279023645493094,0.19183356941998955,0.12459325256200571,True,10,EMA_N200_th5_bL2_sL0,19
1988-12-29,1998-12-16,0.3057118495560911,1.1584364158242364,0.3559077863510877,0.18314271565548568,1.2541090049463974,0.19183356941998964,0.12256913390060542,True,10,EMA_N200_th5_bL2_sL0,19
1989-12-28,1999-12-16,0.2909462163214911,1.0746662167894108,0.3559077863510879,0.1773609147247006,1.1771667156668573,0.19183356941998958,0.11358530159679048,True,10,EMA_N200_th5_bL2_sL0,19
1990-12-27,2000-12-14,0.28924575336983605,1.0103889328900613,0.35590778635108783,0.1757442376900613,1.0990673314525914,0.1902087162227272,0.11350151567977473,True,10,EMA_N200_th5_bL2_sL0,19
1991-12-26,2001-12-20,0.24210018255139265,0.9176924316706708,0.3559077863510878,0.13116887104663966,0.8274015620134825,0.3544624924361658,0.110931311504753,True,10,EMA_N200_th5_bL2_sL0,19
1992-12-23,2002-12-20,0.2173996431762466,0.8492380327064094,0.3559077863510878,0.09419870541686581,0.5783671554403454,0.47376877377609244,0.12320093775938079,True,10,EMA_N200_th5_bL2_sL0,19
1993-12-22,2003-12-22,0.2327164204931651,0.8988237146967821,0.35590778635108794,0.10793989253576086,0.6382113652627169,0.4737687737760924,0.12477652795740424,True,10,EMA_N200_th5_bL2_sL0,19
1994-12-21,2004-12-22,0.25788978811076246,0.9716771149468758,0.3559077863510877,0.11928410631638697,0.6927876320525749,0.4737687737760924,0.1386056817943755,True,10,EMA_N200_th5_bL2_sL0,19
1995-12-20,2005-12-21,0.19974435990916084,0.7832928532245828,0.35590778635108783,0.09325786245396572,0.5570344213552254,0.47376877377609244,0.10648649745519512,True,10,EMA_N200_th5_bL2_sL0,19
1996-12-18,2006-12-21,0.1833271849009368,0.7542718430459501,0.3559077863510879,0.08540631140487931,0.5314529109947129,0.4737687737760924,0.09792087349605749,True,10,EMA_N200_th5_bL2_sL0,19
1997-12-17,2007-12-24,0.1338389911248945,0.6036001551976347,0.3559077863510878,0.06163795899736613,0.41253218275530407,0.4737687737760924,0.07220103212752838,True,10,EMA_N200_th5_bL2_sL0,19
1998-12-17,2008-12-23,0.104069341582824,0.5438862569040971,0.26449670200208053,-0.01415919823058387,0.04876251293040151,0.5072237143228874,0.11822853981340786,True,10,EMA_N200_th5_bL2_sL0,19
1999-12-17,2009-12-23,0.0949617837031842,0.5258192175666543,0.26449670200208053,-0.005820959382251023,0.0887022268960443,0.5514127052677142,0.10078274308543522,True,10,EMA_N200_th5_bL2_sL0,19
2000-12-15,2010-12-23,0.11668041808709129,0.6414891102598574,0.3101575325303722,0.015245783399367996,0.16804007871150634,0.5514127052677141,0.10143463468772329,True,10,EMA_N200_th5_bL2_sL0,19
2001-12-21,2011-12-22,0.10693191419816839,0.5770997941156196,0.3101575325303722,0.029126940401384305,0.24308676130679438,0.5514127052677141,0.07780497379678408,True,10,EMA_N200_th5_bL2_sL0,19
2002-12-23,2012-12-26,0.13001242038678074,0.6456228493313417,0.3101575325303722,0.06839417371007173,0.42305002819718623,0.5514127052677142,0.06161824667670901,True,10,EMA_N200_th5_bL2_sL0,19
2003-12-23,2013-12-26,0.15874261359551012,0.7489357271297559,0.3101575325303723,0.07546816740975926,0.45958732073225644,0.5514127052677141,0.08327444618575086,True,10,EMA_N200_th5_bL2_sL0,19
2004-12-23,2014-12-26,0.16569990773110677,0.7747243078445131,0.31015753253037226,0.07869376773640568,0.47437302119887576,0.5514127052677141,0.08700613999470108,True,10,EMA_N200_th5_bL2_sL0,19
2005-12-22,2015-12-28,0.1308702929891601,0.6461047487385014,0.31015753253037226,0.07220318309463214,0.44312126302346866,0.5514127052677141,0.05866710989452795,True,10,EMA_N200_th5_bL2_sL0,19
2006-12-22,2016-12-27,0.12388093601124761,0.6127151082779139,0.31015753253037226,0.07170785766692211,0.43349038297674664,0.5514127052677141,0.052173078344325496,True,10,EMA_N200_th5_bL2_sL0,19
2007-12-26,2017-12-27,0.15058335563016612,0.7623673540248197,0.3101575325303722,0.08325212445583285,0.4957802388306853,0.5331644741109138,0.06733123117433326,True,10,EMA_N200_th5_bL2_sL0,19
2008-12-24,2018-12-28,0.1578264005515937,0.7417132462731136,0.3101575325303723,0.13482871520012107,0.8535349457651878,0.27120125137024154,0.02299768535147262,True,10,EMA_N200_th5_bL2_sL0,19
2009-12-24,2019-12-30,0.15541526469751754,0.7347056964800016,0.3101575325303722,0.13417388667441887,0.9337157419672938,0.1931902934094168,0.021241378023098667,True,10,EMA_N200_th5_bL2_sL0,19
2010-12-27,2020-12-29,0.15787237927122066,0.7175693930889431,0.3904781772706743,0.1380867175501692,0.8392979135744216,0.33694113826202554,0.01978566172105145,True,10,EMA_N200_th5_bL2_sL0,19
2011-12-23,2021-12-29,0.22859303653774776,0.9474805621594286,0.3904781772706743,0.16549475670765523,1.0368553589863043,0.3369411382620256,0.06309827983009253,True,10,EMA_N200_th5_bL2_sL0,19
2012-12-27,2022-12-29,0.1671287683894811,0.7399874229651391,0.3904781772706743,0.1266884782473816,0.7724636871665684,0.3369411382620256,0.04044029014209949,True,10,EMA_N200_th5_bL2_sL0,19
2013-12-27,2024-01-02,0.13452397184984521,0.6264577902117359,0.3904781772706742,0.12028040739025014,0.736416410531179,0.33694113826202554,0.01424356445959507,True,10,EMA_N200_th5_bL2_sL0,19
2014-12-29,2025-01-02,0.152248579292666,0.6843858658341471,0.3904781772706743,0.12918792519388367,0.7792335951907536,0.33694113826202554,0.02306065409878233,True,10,EMA_N200_th5_bL2_sL0,19
2015-12-29,2026-01-06,0.17684669100774308,0.7543999388396815,0.3904781772706742,0.14806157038177026,0.8634213821134769,0.3369411382620256,0.028785120625972827,True,10,EMA_N200_th5_bL2_sL0,19
1986-01-03,2000-12-14,0.19897954667373496,0.7721139682122045,0.6364952410973886,0.16011857164710452,0.9501398766431252,0.3288565573843161,0.03886097502663044,True,15,EMA_N200_th5_bL2_sL0,19
1987-01-02,2001-12-20,0.19682968733369788,0.7761355999758895,0.6364952410973886,0.1344908960868736,0.8063308631518367,0.35446249243616573,0.06233879124682429,True,15,EMA_N200_th5_bL2_sL0,19
1987-12-31,2002-12-20,0.2160340645909158,0.8804611449867555,0.35590778635108783,0.11538586105559312,0.7210366793095082,0.47376877377609244,0.10064820353532267,True,15,EMA_N200_th5_bL2_sL0,19
1988-12-29,2003-12-22,0.2355543700205489,0.9444052174450516,0.3559077863510877,0.11960655931774866,0.7482070822280353,0.47376877377609244,0.11594781070280025,True,15,EMA_N200_th5_bL2_sL0,19
1989-12-28,2004-12-22,0.21240692742413736,0.8758225206129893,0.3559077863510879,0.10888478614950348,0.693520784936189,0.4737687737760924,0.10352214127463388,True,15,EMA_N200_th5_bL2_sL0,19
1990-12-27,2005-12-21,0.23292391504700038,0.9410881935450722,0.35590778635108783,0.115786535781909,0.7345066555805546,0.47376877377609244,0.11713737926509138,True,15,EMA_N200_th5_bL2_sL0,19
1991-12-26,2006-12-21,0.2230895587413202,0.9261335891580156,0.3559077863510878,0.10800957578633241,0.7076466946608773,0.47376877377609244,0.11507998295498778,True,15,EMA_N200_th5_bL2_sL0,19
1992-12-23,2007-12-24,0.21555912832328317,0.8744869271795441,0.3559077863510878,0.10516481282549806,0.6762052837882725,0.47376877377609244,0.11039431549778511,True,15,EMA_N200_th5_bL2_sL0,19
1993-12-22,2008-12-23,0.18986116018494514,0.8040980821226114,0.35590778635108794,0.06077527876278688,0.39889340991359235,0.5072237143228875,0.12908588142215827,True,15,EMA_N200_th5_bL2_sL0,19
1994-12-21,2009-12-23,0.21151931068015495,0.8759293807600899,0.3559077863510877,0.08018436534592666,0.47787325842896483,0.5514127052677142,0.1313349453342283,True,15,EMA_N200_th5_bL2_sL0,19
1995-12-20,2010-12-23,0.16755766277541384,0.7082068615495869,0.35590778635108783,0.06861286685386592,0.4157864816555877,0.5514127052677141,0.09894479592154792,True,15,EMA_N200_th5_bL2_sL0,19
1996-12-18,2011-12-22,0.13095332076514898,0.6001660757658552,0.3559077863510879,0.055231925647602376,0.3581443833797024,0.5514127052677141,0.07572139511754661,True,15,EMA_N200_th5_bL2_sL0,19
1997-12-17,2012-12-26,0.10641672207203845,0.52379924178319,0.3559077863510878,0.044986149802106246,0.3109420401130756,0.5514127052677142,0.061430572269932204,True,15,EMA_N200_th5_bL2_sL0,19
1998-12-17,2013-12-26,0.13872803098827036,0.6646250875794592,0.3101575325303723,0.04954903054066806,0.3413609016782043,0.5514127052677141,0.0891790004476023,True,15,EMA_N200_th5_bL2_sL0,19
1999-12-17,2014-12-26,0.13182517750265021,0.654686819790393,0.31015753253037226,0.045648102504628696,0.32232951765145973,0.5514127052677142,0.08617707499802152,True,15,EMA_N200_th5_bL2_sL0,19
2000-12-15,2015-12-28,0.13055989732398565,0.6825983374413334,0.3101575325303722,0.051247340558888244,0.3423804390035003,0.5514127052677141,0.07931255676509741,True,15,EMA_N200_th5_bL2_sL0,19
2001-12-21,2016-12-27,0.1432616451180495,0.723194842492118,0.3101575325303722,0.0679689827091301,0.4379267005301233,0.5514127052677141,0.07529266240891941,True,15,EMA_N200_th5_bL2_sL0,19
2002-12-23,2017-12-27,0.17100280101032594,0.8253643886010339,0.3101575325303722,0.09791500740335901,0.6032535516489724,0.5514127052677142,0.07308779360696693,True,15,EMA_N200_th5_bL2_sL0,19
2003-12-23,2018-12-28,0.1410800774194365,0.6901241594823735,0.3101575325303723,0.07823719711497179,0.5039213220577035,0.5514127052677141,0.06284288030446472,True,15,EMA_N200_th5_bL2_sL0,19
2004-12-23,2019-12-30,0.14540843103848822,0.707433728946787,0.31015753253037226,0.09003082997077128,0.562287973559796,0.5514127052677141,0.05537760106771694,True,15,EMA_N200_th5_bL2_sL0,19
2005-12-22,2020-12-29,0.1395034401940376,0.6591603191570093,0.3904781772706743,0.09727196235353652,0.5645661957840065,0.5514127052677141,0.042231477840501075,True,15,EMA_N200_th5_bL2_sL0,19
2006-12-22,2021-12-29,0.16056897379625945,0.7204806050179179,0.3904781772706743,0.1076267045297501,0.6052824971355155,0.5514127052677141,0.052942269266509356,True,15,EMA_N200_th5_bL2_sL0,19
2007-12-26,2022-12-29,0.1274419477654012,0.6153925468621574,0.39047817727067424,0.08699025482176448,0.5066774465071109,0.5331644741109138,0.04045169294363671,True,15,EMA_N200_th5_bL2_sL0,19
2008-12-24,2024-01-02,0.1595598278162318,0.7163116537816903,0.39047817727067424,0.14246258162626368,0.8288447389056053,0.3369411382620256,0.017097246189968107,True,15,EMA_N200_th5_bL2_sL0,19
2009-12-24,2025-01-02,0.17043414143797841,0.7506532820389885,0.39047817727067424,0.1380216324499144,0.8460478294587264,0.33694113826202554,0.032412508988064026,True,15,EMA_N200_th5_bL2_sL0,19
2010-12-27,2026-01-06,0.17074788411025033,0.7543234663731171,0.3904781772706743,0.1418053987481449,0.8594633797056009,0.33694113826202554,0.02894248536210542,True,15,EMA_N200_th5_bL2_sL0,19
1986-01-03,2005-12-21,0.18071671137676626,0.7619195280750237,0.6364952410973886,0.11919975998259358,0.7302840213678852,0.4737687737760924,0.06151695139417268,True,20,EMA_N200_th5_bL2_sL0,19
1987-01-02,2006-12-21,0.1941002204329827,0.80540679724579,0.6364952410973886,0.11620780928428243,0.7251172889080421,0.47376877377609244,0.07789241114870027,True,20,EMA_N200_th5_bL2_sL0,19
1987-12-31,2007-12-24,0.21499598893659555,0.8938433182735271,0.35590778635108783,0.11838262566526936,0.7693164721196109,0.47376877377609244,0.09661336327132619,True,20,EMA_N200_th5_bL2_sL0,19
1988-12-29,2008-12-23,0.2025073357662015,0.8626300092453766,0.3559077863510877,0.08083457711190123,0.5186138026731929,0.5072237143228875,0.12167275865430027,True,20,EMA_N200_th5_bL2_sL0,19
1989-12-28,2009-12-23,0.18963674388505547,0.824325848162928,0.3559077863510879,0.08222866480616187,0.5118328205143172,0.5514127052677141,0.1074080790788936,True,20,EMA_N200_th5_bL2_sL0,19
1990-12-27,2010-12-23,0.19982139258671294,0.8453674808607659,0.35590778635108783,0.0912892667298899,0.5505300735059094,0.5514127052677142,0.10853212585682304,True,20,EMA_N200_th5_bL2_sL0,19
1991-12-26,2011-12-22,0.1725329246153413,0.7631689312523615,0.3559077863510878,0.07925127155798473,0.49156115326943495,0.5514127052677142,0.09328165305735658,True,20,EMA_N200_th5_bL2_sL0,19
1992-12-23,2012-12-26,0.17285533892443805,0.753494731855991,0.3559077863510878,0.08122092786651991,0.49544794018246185,0.5514127052677141,0.09163441105791814,True,20,EMA_N200_th5_bL2_sL0,19
1993-12-22,2013-12-26,0.1951895059213853,0.827236321792033,0.35590778635108794,0.0915993521008791,0.5455137644177719,0.5514127052677142,0.10359015382050618,True,20,EMA_N200_th5_bL2_sL0,19
1994-12-21,2014-12-26,0.21096026988164418,0.878417798597424,0.3559077863510877,0.09882214588825255,0.5796312192203977,0.5514127052677142,0.11213812399339163,True,20,EMA_N200_th5_bL2_sL0,19
1995-12-20,2015-12-28,0.1653684592603517,0.7179388273043733,0.35590778635108783,0.08294532303036317,0.4974720968119255,0.5514127052677141,0.08242313622998854,True,20,EMA_N200_th5_bL2_sL0,19
1996-12-18,2016-12-27,0.1524739632689287,0.6869978861274891,0.3559077863510879,0.0781870460035714,0.4796027175271344,0.5514127052677141,0.0742869172653573,True,20,EMA_N200_th5_bL2_sL0,19
1997-12-17,2017-12-27,0.1423931151145832,0.6711853076816912,0.3559077863510878,0.07249080249824891,0.4555942265844254,0.5514127052677142,0.06990231261633428,True,20,EMA_N200_th5_bL2_sL0,19
1998-12-17,2018-12-28,0.13060087630627848,0.6414333871344223,0.3101575325303723,0.0580092666137928,0.3938494223159738,0.5514127052677141,0.07259160969248568,True,20,EMA_N200_th5_bL2_sL0,19
1999-12-17,2019-12-30,0.12528473452486444,0.6332105284626915,0.31015753253037226,0.06211027860439855,0.4142398760975171,0.5514127052677142,0.06317445592046589,True,20,EMA_N200_th5_bL2_sL0,19
2000-12-15,2020-12-29,0.13710444430637403,0.6800710578347454,0.39047817727067435,0.07491908915708612,0.45951084451023266,0.5514127052677141,0.06218535514928791,True,20,EMA_N200_th5_bL2_sL0,19
2001-12-21,2021-12-29,0.16614144244755114,0.7736002890484847,0.39047817727067435,0.09565847054814469,0.5722270476299536,0.5514127052677141,0.07048297189940644,True,20,EMA_N200_th5_bL2_sL0,19
2002-12-23,2022-12-29,0.14823321999689698,0.6942018272270695,0.39047817727067435,0.0970606564669605,0.5803484040095279,0.5514127052677142,0.05117256352993649,True,20,EMA_N200_th5_bL2_sL0,19
2003-12-23,2024-01-02,0.14653025803655928,0.684619892227172,0.39047817727067424,0.09762254974036666,0.5860340568237379,0.5514127052677141,0.04890770829619262,True,20,EMA_N200_th5_bL2_sL0,19
2004-12-23,2025-01-02,0.15907456734630943,0.7267091781388348,0.3904781772706743,0.10370480888295397,0.6142303164351571,0.5514127052677141,0.055369758463355456,True,20,EMA_N200_th5_bL2_sL0,19
2005-12-22,2026-01-06,0.15359675548900298,0.7021516681399498,0.3904781772706743,0.11005071264687638,0.6372328952998759,0.5514127052677141,0.0435460428421266,True,20,EMA_N200_th5_bL2_sL0,19
1986-01-03,1990-12-26,0.158413814192228,0.7624013142339978,0.342510736401125,0.13133116095848751,0.7266559953203099,0.3288565573843161,0.027082653233740484,True,5,SMA_N200_th0_bL2_sL0,20
1987-01-02,1991-12-24,0.21765154764527983,0.9420612100990932,0.342510736401125,0.13812892271730326,0.7770002094103399,0.328856557384316,0.07952262492797657,True,5,SMA_N200_th0_bL2_sL0,20
1987-12-31,1992-12-22,0.20214126954283884,0.9317501763700874,0.290817882567945,0.1597665028455073,1.1097658644211132,0.19183356941998955,0.042374766697331534,True,5,SMA_N200_th0_bL2_sL0,20
1988-12-29,1993-12-21,0.2085813946788342,0.9826267631077588,0.29081788256794494,0.14188814149307016,1.1249140197770626,0.19183356941998964,0.06669325318576402,True,5,SMA_N200_th0_bL2_sL0,20
1989-12-28,1994-12-20,0.06077761529103598,0.4034915214189141,0.290817882567945,0.0861594758495241,0.7489912048937678,0.19183356941998958,-0.025381860558488123,False,5,SMA_N200_th0_bL2_sL0,20
1990-12-27,1995-12-19,0.2599199273277346,1.2451981645334569,0.21803237640921508,0.16463347955803043,1.4752054797759762,0.08522360788061661,0.09528644776970419,True,5,SMA_N200_th0_bL2_sL0,20
1991-12-26,1996-12-17,0.24537021684656435,1.2420649556240293,0.2180323764092151,0.15292725034399135,1.4647052524634705,0.08522360788061664,0.092442966502573,True,5,SMA_N200_th0_bL2_sL0,20
1992-12-23,1997-12-16,0.34180333502333005,1.29074805647419,0.21803237640921502,0.19901352989005816,1.4690901794494986,0.11198356632803617,0.14278980513327189,True,5,SMA_N200_th0_bL2_sL0,20
1993-12-22,1998-12-16,0.34591956877835184,1.208562308557945,0.28763409098298387,0.22440696844455887,1.3716142651793786,0.19020871622272723,0.12151260033379296,True,5,SMA_N200_th0_bL2_sL0,20
1994-12-21,1999-12-16,0.4542465486337872,1.371732872708036,0.2876340909829839,0.2736922813406599,1.5113288230200046,0.19020871622272728,0.1805542672931273,True,5,SMA_N200_th0_bL2_sL0,20
1995-12-20,2000-12-14,0.20454702655815504,0.6984023440283378,0.4023581815247465,0.18942922862489198,0.9703971362558814,0.19020871622272711,0.015117797933263066,True,5,SMA_N200_th0_bL2_sL0,20
1996-12-18,2001-12-20,0.12636545495920748,0.5364708915003842,0.40235818152474656,0.10817681647414967,0.5947752299604295,0.3544624924361658,0.018188638485057806,True,5,SMA_N200_th0_bL2_sL0,20
1997-12-17,2002-12-20,-0.017133881234035364,0.06974278104264647,0.48335765126449404,-0.00035264247384625413,0.10732082288912685,0.4737687737760924,-0.01678123876018911,False,5,SMA_N200_th0_bL2_sL0,20
1998-12-17,2003-12-22,0.0030302436690408108,0.16515263900883548,0.5417797151725168,-0.0005397138115567079,0.12056454641120017,0.4737687737760924,0.0035699574805975187,True,5,SMA_N200_th0_bL2_sL0,20
1999-12-17,2004-12-22,-0.02460107390130306,0.01415616909998913,0.5116110896517303,-0.017573962863435155,0.024301372517773208,0.4737687737760924,-0.007027111037867906,False,5,SMA_N200_th0_bL2_sL0,20
2000-12-15,2005-12-21,0.033798191098306285,0.28120534229751065,0.24222897621448197,0.009523895832712626,0.11906864949639658,0.4193113902856809,0.02427429526559366,True,5,SMA_N200_th0_bL2_sL0,20
2001-12-21,2006-12-21,0.06317199877765356,0.42092820625249144,0.24222897621448197,0.061890896861365174,0.45960169601177236,0.32931991735010696,0.0012811019162883852,True,5,SMA_N200_th0_bL2_sL0,20
2002-12-23,2007-12-24,0.07001303422166627,0.41696630460292006,0.2696594261804626,0.12745025953416667,0.9816150785432407,0.13713155595240378,-0.057437225312500395,False,5,SMA_N200_th0_bL2_sL0,20
2003-12-23,2008-12-23,-0.01940138631856425,-0.0005687267353768495,0.3385039485063007,-0.027729034994333213,-0.024193482970366165,0.5072237143228874,0.008327648675768962,True,5,SMA_N200_th0_bL2_sL0,20
2004-12-23,2009-12-23,0.04369153333449427,0.31109011158641653,0.3996518162381306,0.005917133826857102,0.1448257067685854,0.5514127052677141,0.03777439950763717,True,5,SMA_N200_th0_bL2_sL0,20
2005-12-22,2010-12-23,0.04607663127460926,0.3206290921598943,0.39965181623813056,0.019944713130480407,0.20762707237751302,0.5514127052677141,0.02613191814412885,True,5,SMA_N200_th0_bL2_sL0,20
2006-12-22,2011-12-22,-0.023934931580023244,0.009213788752692385,0.3996518162381306,-0.0013731664564993196,0.12260927466610279,0.5514127052677141,-0.022561765123523925,False,5,SMA_N200_th0_bL2_sL0,20
2007-12-26,2012-12-26,0.03965974960476437,0.2875908921016473,0.3862766436013375,0.01204987692797066,0.17805295960250486,0.5331644741109138,0.027609872676793712,True,5,SMA_N200_th0_bL2_sL0,20
2008-12-24,2013-12-26,0.18593335921899956,0.801603422595978,0.38627664360133757,0.1883095353357942,0.9997514863834135,0.27120125137024154,-0.002376176116794637,False,5,SMA_N200_th0_bL2_sL0,20
2009-12-24,2014-12-26,0.14802784375981592,0.6948730058725473,0.38627664360133757,0.1557113270721573,0.997609617169241,0.18576371244549406,-0.007683483312341366,False,5,SMA_N200_th0_bL2_sL0,20
2010-12-27,2015-12-28,0.134708352490561,0.664660542507021,0.3316113241011771,0.12711096084552387,0.8579995392521074,0.185763712445494,0.007597391645037144,True,5,SMA_N200_th0_bL2_sL0,20
2011-12-23,2016-12-27,0.23025028029626804,1.0597107033276754,0.19570165116097663,0.14815208712142192,1.1557655728398548,0.1297146274250496,0.08209819317484612,True,5,SMA_N200_th0_bL2_sL0,20
2012-12-27,2017-12-27,0.2706809558327259,1.287714568726972,0.1957016511609767,0.15984789530313792,1.304000521155299,0.1297146274250495,0.11083306052958797,True,5,SMA_N200_th0_bL2_sL0,20
2013-12-27,2018-12-28,0.12700127550657792,0.6657789375698627,0.21421163162553872,0.08387471154798298,0.6768723291654465,0.19319029340941687,0.04312656395859493,True,5,SMA_N200_th0_bL2_sL0,20
2014-12-29,2019-12-30,0.1353584782837638,0.7030455648542911,0.22833384831017128,0.11284922955954468,0.8653433591374201,0.19319029340941685,0.02250924872421911,True,5,SMA_N200_th0_bL2_sL0,20
2015-12-29,2020-12-29,0.1938398626561586,0.8682386516709777,0.3288354477917877,0.14684718378343553,0.8322751309705982,0.3369411382620256,0.04699267887272307,True,5,SMA_N200_th0_bL2_sL0,20
2016-12-28,2021-12-29,0.28049280646548214,1.0817139177149406,0.32883544779178775,0.18520952154848147,0.9873871726812262,0.33694113826202565,0.09528328491700067,True,5,SMA_N200_th0_bL2_sL0,20
2017-12-28,2022-12-29,0.10336318922514809,0.51351864202292,0.32883544779178764,0.09412973739812336,0.5278053558306166,0.3369411382620256,0.00923345182702473,True,5,SMA_N200_th0_bL2_sL0,20
2018-12-31,2024-01-02,0.17195687527334336,0.7560645586326611,0.3858724814482753,0.15599293612904175,0.8047850802686117,0.33694113826202554,0.01596393914430161,True,5,SMA_N200_th0_bL2_sL0,20
2019-12-31,2025-01-02,0.20681012155526446,0.8625353864336921,0.3858724814482753,0.14531985507554634,0.7545210211256641,0.3369411382620256,0.061490266479718114,True,5,SMA_N200_th0_bL2_sL0,20
2020-12-30,2026-01-06,0.23057155385231543,1.016859287296193,0.38587248144827524,0.1490744525961183,0.90004962009299,0.24441874976840103,0.08149710125619714,True,5,SMA_N200_th0_bL2_sL0,20
1986-01-03,1995-12-19,0.20597935932470968,0.9855758331597534,0.342510736401125,0.14692497615128453,0.9460487277838104,0.3288565573843161,0.05905438317342515,True,10,SMA_N200_th0_bL2_sL0,20
1987-01-02,1996-12-17,0.23471248307071102,1.0667027917181366,0.342510736401125,0.14702699777073036,0.9659603955567658,0.328856557384316,0.08768548529998066,True,10,SMA_N200_th0_bL2_sL0,20
1987-12-31,1997-12-16,0.26921680731945874,1.1194411371647777,0.290817882567945,0.17881951074524727,1.279023645493094,0.19183356941998955,0.09039729657421147,True,10,SMA_N200_th0_bL2_sL0,20
1988-12-29,1998-12-16,0.2769817846351532,1.101142366831396,0.29081788256794494,0.18314271565548568,1.2541090049463974,0.19183356941998964,0.09383906897966754,True,10,SMA_N200_th0_bL2_sL0,20
1989-12-28,1999-12-16,0.24452752732944294,0.9681401758921475,0.290817882567945,0.1773609147247006,1.1771667156668573,0.19183356941998958,0.06716661260474233,True,10,SMA_N200_th0_bL2_sL0,20
1990-12-27,2000-12-14,0.22940673643046172,0.8655497561690987,0.40235818152474656,0.1757442376900613,1.0990673314525914,0.1902087162227272,0.05366249874040041,True,10,SMA_N200_th0_bL2_sL0,20
1991-12-26,2001-12-20,0.1861554095073601,0.7764156088036135,0.40235818152474656,0.13116887104663966,0.8274015620134825,0.3544624924361658,0.054986538460720435,True,10,SMA_N200_th0_bL2_sL0,20
1992-12-23,2002-12-20,0.14714328283887324,0.648598282773418,0.4833576512644941,0.09419870541686581,0.5783671554403454,0.47376877377609244,0.05294457742200742,True,10,SMA_N200_th0_bL2_sL0,20
1993-12-22,2003-12-22,0.1654784948063639,0.7077565525383562,0.5417797151725169,0.10793989253576086,0.6382113652627169,0.4737687737760924,0.057538602270603034,True,10,SMA_N200_th0_bL2_sL0,20
1994-12-21,2004-12-22,0.19242641792818738,0.790323922373622,0.5417797151725168,0.11928410631638697,0.6927876320525749,0.4737687737760924,0.0731423116118004,True,10,SMA_N200_th0_bL2_sL0,20
1995-12-20,2005-12-21,0.11586294425768995,0.5309376718218276,0.5417797151725168,0.09325786245396572,0.5570344213552254,0.47376877377609244,0.022605081803724225,True,10,SMA_N200_th0_bL2_sL0,20
1996-12-18,2006-12-21,0.0942735141695843,0.47689826497335025,0.5417797151725168,0.08540631140487931,0.5314529109947129,0.4737687737760924,0.008867202764704984,True,10,SMA_N200_th0_bL2_sL0,20
1997-12-17,2007-12-24,0.02550403268805579,0.22219563232269277,0.5417797151725168,0.06163795899736613,0.41253218275530407,0.4737687737760924,-0.03613392630931034,False,10,SMA_N200_th0_bL2_sL0,20
1998-12-17,2008-12-23,-0.008122123825196947,0.0928784410590444,0.5417797151725168,-0.01415919823058387,0.04876251293040151,0.5072237143228874,0.006037074405386922,True,10,SMA_N200_th0_bL2_sL0,20
1999-12-17,2009-12-23,0.009111405003401574,0.15669347752171395,0.5116110896517303,-0.005820959382251023,0.0887022268960443,0.5514127052677142,0.014932364385652597,True,10,SMA_N200_th0_bL2_sL0,20
2000-12-15,2010-12-23,0.04098453385514711,0.30044748100446483,0.39965181623813056,0.015245783399367996,0.16804007871150634,0.5514127052677141,0.025738750455779114,True,10,SMA_N200_th0_bL2_sL0,20
2001-12-21,2011-12-22,0.0174182494884767,0.1884921951110254,0.39965181623813056,0.029126940401384305,0.24308676130679438,0.5514127052677141,-0.011708690912907604,False,10,SMA_N200_th0_bL2_sL0,20
2002-12-23,2012-12-26,0.055153379095627786,0.3504456290160453,0.39965181623813056,0.06839417371007173,0.42305002819718623,0.5514127052677142,-0.01324079461444394,False,10,SMA_N200_th0_bL2_sL0,20
2003-12-23,2013-12-26,0.07835751391374046,0.4479850487988489,0.39965181623813056,0.07546816740975926,0.45958732073225644,0.5514127052677141,0.002889346503981205,True,10,SMA_N200_th0_bL2_sL0,20
2004-12-23,2014-12-26,0.09560712209549949,0.5164254717521521,0.3996518162381306,0.07869376773640568,0.47437302119887576,0.5514127052677141,0.016913354359093802,True,10,SMA_N200_th0_bL2_sL0,20
2005-12-22,2015-12-28,0.08953797007028474,0.49274361092562086,0.39965181623813056,0.07220318309463214,0.44312126302346866,0.5514127052677141,0.017334786975652605,True,10,SMA_N200_th0_bL2_sL0,20
2006-12-22,2016-12-27,0.09771369818645348,0.514332090959409,0.3996518162381306,0.07170785766692211,0.43349038297674664,0.5514127052677141,0.026005840519531365,True,10,SMA_N200_th0_bL2_sL0,20
2007-12-26,2017-12-27,0.14900502360894285,0.7486997795633508,0.3862766436013375,0.08325212445583285,0.4957802388306853,0.5331644741109138,0.06575289915311,True,10,SMA_N200_th0_bL2_sL0,20
2008-12-24,2018-12-28,0.15600922709474907,0.7367672280795765,0.38627664360133757,0.13482871520012107,0.8535349457651878,0.27120125137024154,0.021180511894627996,True,10,SMA_N200_th0_bL2_sL0,20
2009-12-24,2019-12-30,0.14191855994280278,0.697154297776187,0.38627664360133757,0.13417388667441887,0.9337157419672938,0.1931902934094168,0.007744673268383906,True,10,SMA_N200_th0_bL2_sL0,20
2010-12-27,2020-12-29,0.16628658846334865,0.7689638439402157,0.3316113241011771,0.1380867175501692,0.8392979135744216,0.33694113826202554,0.028199870913179437,True,10,SMA_N200_th0_bL2_sL0,20
2011-12-23,2021-12-29,0.2529122700591129,1.068779385275073,0.32883544779178764,0.16549475670765523,1.0368553589863043,0.3369411382620256,0.08741751335145764,True,10,SMA_N200_th0_bL2_sL0,20
2012-12-27,2022-12-29,0.1844738652962401,0.8449163699330952,0.3288354477917877,0.1266884782473816,0.7724636871665684,0.3369411382620256,0.057785387048858494,True,10,SMA_N200_th0_bL2_sL0,20
2013-12-27,2024-01-02,0.14919581150076366,0.7122183829873915,0.3858724814482753,0.12028040739025014,0.736416410531179,0.33694113826202554,0.02891540411051352,True,10,SMA_N200_th0_bL2_sL0,20
2014-12-29,2025-01-02,0.17103021474142377,0.786774323531291,0.3858724814482754,0.12918792519388367,0.7792335951907536,0.33694113826202554,0.0418422895475401,True,10,SMA_N200_th0_bL2_sL0,20
2015-12-29,2026-01-06,0.21231592855273274,0.9402152987535168,0.3858724814482753,0.14806157038177026,0.8634213821134769,0.3369411382620256,0.06425435817096248,True,10,SMA_N200_th0_bL2_sL0,20
1986-01-03,2000-12-14,0.20386727540310345,0.8318384784339383,0.40235818152474656,0.16011857164710452,0.9501398766431252,0.3288565573843161,0.04374870375599893,True,15,SMA_N200_th0_bL2_sL0,20
1987-01-02,2001-12-20,0.19869214332902008,0.8280932241567199,0.40235818152474656,0.1344908960868736,0.8063308631518367,0.35446249243616573,0.06420124724214649,True,15,SMA_N200_th0_bL2_sL0,20
1987-12-31,2002-12-20,0.16470024396133365,0.7307672557863953,0.48335765126449404,0.11538586105559312,0.7210366793095082,0.47376877377609244,0.04931438290574053,True,15,SMA_N200_th0_bL2_sL0,20
1988-12-29,2003-12-22,0.18066621787780224,0.7844296967780827,0.5417797151725168,0.11960655931774866,0.7482070822280353,0.47376877377609244,0.061059658560053576,True,15,SMA_N200_th0_bL2_sL0,20
1989-12-28,2004-12-22,0.14839586471426136,0.6795599017359243,0.5417797151725169,0.10888478614950348,0.693520784936189,0.4737687737760924,0.039511078564757884,True,15,SMA_N200_th0_bL2_sL0,20
1990-12-27,2005-12-21,0.16037542679806482,0.714006861968049,0.5417797151725168,0.115786535781909,0.7345066555805546,0.47376877377609244,0.04458889101615582,True,15,SMA_N200_th0_bL2_sL0,20
1991-12-26,2006-12-21,0.14362684037291906,0.6761848544107524,0.5417797151725168,0.10800957578633241,0.7076466946608773,0.47376877377609244,0.03561726458658665,True,15,SMA_N200_th0_bL2_sL0,20
1992-12-23,2007-12-24,0.1208074877000258,0.5784237342967334,0.5417797151725169,0.10516481282549806,0.6762052837882725,0.47376877377609244,0.01564267487452775,True,15,SMA_N200_th0_bL2_sL0,20
1993-12-22,2008-12-23,0.10035202559217926,0.5141334623764416,0.5417797151725169,0.06077527876278688,0.39889340991359235,0.5072237143228875,0.039576746829392384,True,15,SMA_N200_th0_bL2_sL0,20
1994-12-21,2009-12-23,0.14071559914794163,0.6528078675798318,0.5417797151725168,0.08018436534592666,0.47787325842896483,0.5514127052677142,0.06053123380201497,True,15,SMA_N200_th0_bL2_sL0,20
1995-12-20,2010-12-23,0.09283595286655677,0.4672059887853493,0.5417797151725168,0.06861286685386592,0.4157864816555877,0.5514127052677141,0.024223086012690853,True,15,SMA_N200_th0_bL2_sL0,20
1996-12-18,2011-12-22,0.052486041090719304,0.3318697030587201,0.5417797151725168,0.055231925647602376,0.3581443833797024,0.5514127052677141,-0.0027458845568830714,False,15,SMA_N200_th0_bL2_sL0,20
1997-12-17,2012-12-26,0.030483680490851484,0.24278463264148453,0.5417797151725168,0.044986149802106246,0.3109420401130756,0.5514127052677142,-0.014502469311254762,False,15,SMA_N200_th0_bL2_sL0,20
1998-12-17,2013-12-26,0.05271984825225129,0.3444275124057511,0.5417797151725168,0.04954903054066806,0.3413609016782043,0.5514127052677141,0.0031708177115832292,True,15,SMA_N200_th0_bL2_sL0,20
1999-12-17,2014-12-26,0.054074608750958486,0.34972975306196025,0.5116110896517303,0.045648102504628696,0.32232951765145973,0.5514127052677142,0.00842650624632979,True,15,SMA_N200_th0_bL2_sL0,20
2000-12-15,2015-12-28,0.07135950119486845,0.431846189710112,0.39965181623813056,0.051247340558888244,0.3423804390035003,0.5514127052677141,0.020112160635980203,True,15,SMA_N200_th0_bL2_sL0,20
2001-12-21,2016-12-27,0.08515903883060161,0.4851876578368823,0.39965181623813056,0.0679689827091301,0.4379267005301233,0.5514127052677141,0.01719005612147151,True,15,SMA_N200_th0_bL2_sL0,20
2002-12-23,2017-12-27,0.12233767051411304,0.6369806171041049,0.39965181623813056,0.09791500740335901,0.6032535516489724,0.5514127052677142,0.024422663110754028,True,15,SMA_N200_th0_bL2_sL0,20
2003-12-23,2018-12-28,0.09429371813462151,0.5178399079137374,0.39965181623813056,0.07823719711497179,0.5039213220577035,0.5514127052677141,0.016056521019649717,True,15,SMA_N200_th0_bL2_sL0,20
2004-12-23,2019-12-30,0.1088628662037554,0.5759231846467231,0.3996518162381306,0.09003082997077128,0.562287973559796,0.5514127052677141,0.01883203623298413,True,15,SMA_N200_th0_bL2_sL0,20
2005-12-22,2020-12-29,0.12478846788922282,0.6223875845828738,0.39965181623813056,0.09727196235353652,0.5645661957840065,0.5514127052677141,0.027516505535686298,True,15,SMA_N200_th0_bL2_sL0,20
2006-12-22,2021-12-29,0.15419451805865325,0.7156989205991537,0.3996518162381306,0.1076267045297501,0.6052824971355155,0.5514127052677141,0.04656781352890316,True,15,SMA_N200_th0_bL2_sL0,20
2007-12-26,2022-12-29,0.1338596841335271,0.6585727514847824,0.3862766436013375,0.08699025482176448,0.5066774465071109,0.5331644741109138,0.046869429311762634,True,15,SMA_N200_th0_bL2_sL0,20
2008-12-24,2024-01-02,0.16125349354317553,0.7430501348170581,0.38627664360133757,0.14246258162626368,0.8288447389056053,0.3369411382620256,0.018790911916911845,True,15,SMA_N200_th0_bL2_sL0,20
2009-12-24,2025-01-02,0.16347327895426367,0.7554189067831947,0.38627664360133757,0.1380216324499144,0.8460478294587264,0.33694113826202554,0.02545164650434928,True,15,SMA_N200_th0_bL2_sL0,20
2010-12-27,2026-01-06,0.18749651233503783,0.8500546755106171,0.3858724814482753,0.1418053987481449,0.8594633797056009,0.33694113826202554,0.04569111358689293,True,15,SMA_N200_th0_bL2_sL0,20
1986-01-03,2005-12-21,0.15887542285247513,0.7245455546526517,0.5417797151725168,0.11919975998259358,0.7302840213678852,0.4737687737760924,0.039675662869881556,True,20,SMA_N200_th0_bL2_sL0,20
1987-01-02,2006-12-21,0.16325187709533107,0.7433375791531562,0.5417797151725168,0.11620780928428243,0.7251172889080421,0.47376877377609244,0.04704406781104864,True,20,SMA_N200_th0_bL2_sL0,20
1987-12-31,2007-12-24,0.14025039801766948,0.6587903380037412,0.5417797151725168,0.11838262566526936,0.7693164721196109,0.47376877377609244,0.021867772352400117,True,20,SMA_N200_th0_bL2_sL0,20
1988-12-29,2008-12-23,0.127179070109666,0.6208796977597787,0.5417797151725168,0.08083457711190123,0.5186138026731929,0.5072237143228875,0.046344492997764775,True,20,SMA_N200_th0_bL2_sL0,20
1989-12-28,2009-12-23,0.12134105164810904,0.5978395334871563,0.5417797151725169,0.08222866480616187,0.5118328205143172,0.5514127052677141,0.03911238684194718,True,20,SMA_N200_th0_bL2_sL0,20
1990-12-27,2010-12-23,0.13125184818806357,0.6215104875257489,0.5417797151725168,0.0912892667298899,0.5505300735059094,0.5514127052677142,0.03996258145817366,True,20,SMA_N200_th0_bL2_sL0,20
1991-12-26,2011-12-22,0.09853135574467897,0.5128210992578424,0.5417797151725168,0.07925127155798473,0.49156115326943495,0.5514127052677142,0.019280084186694246,True,20,SMA_N200_th0_bL2_sL0,20
1992-12-23,2012-12-26,0.1001664608497077,0.509458185346446,0.5417797151725169,0.08122092786651991,0.49544794018246185,0.5514127052677141,0.018945532983187796,True,20,SMA_N200_th0_bL2_sL0,20
1993-12-22,2013-12-26,0.12111644559683854,0.5870484661860884,0.5417797151725169,0.0915993521008791,0.5455137644177719,0.5514127052677142,0.029517093495959434,True,20,SMA_N200_th0_bL2_sL0,20
1994-12-21,2014-12-26,0.1430452187941833,0.6629819732741062,0.5417797151725168,0.09882214588825255,0.5796312192203977,0.5514127052677142,0.04422307290593075,True,20,SMA_N200_th0_bL2_sL0,20
1995-12-20,2015-12-28,0.10317355919798166,0.5115908823734803,0.5417797151725168,0.08294532303036317,0.4974720968119255,0.5514127052677141,0.020228236167618485,True,20,SMA_N200_th0_bL2_sL0,20
1996-12-18,2016-12-27,0.09529327697119161,0.4929296504830548,0.5417797151725168,0.0781870460035714,0.4796027175271344,0.5514127052677141,0.017106230967620206,True,20,SMA_N200_th0_bL2_sL0,20
1997-12-17,2017-12-27,0.08571259613888582,0.4655920350962163,0.5417797151725168,0.07249080249824891,0.4555942265844254,0.5514127052677142,0.013221793640636914,True,20,SMA_N200_th0_bL2_sL0,20
1998-12-17,2018-12-28,0.07078888886269286,0.41836680292152856,0.5417797151725168,0.0580092666137928,0.3938494223159738,0.5514127052677141,0.012779622248900058,True,20,SMA_N200_th0_bL2_sL0,20
1999-12-17,2019-12-30,0.07395242769004717,0.43411387593673256,0.5116110896517303,0.06211027860439855,0.4142398760975171,0.5514127052677142,0.011842149085648623,True,20,SMA_N200_th0_bL2_sL0,20
2000-12-15,2020-12-29,0.10187683237331702,0.5516227861479818,0.39965181623813056,0.07491908915708612,0.45951084451023266,0.5514127052677141,0.0269577432162309,True,20,SMA_N200_th0_bL2_sL0,20
2001-12-21,2021-12-29,0.13001426134357064,0.6515084469889445,0.39965181623813056,0.09565847054814469,0.5722270476299536,0.5514127052677141,0.034355790795425944,True,20,SMA_N200_th0_bL2_sL0,20
2002-12-23,2022-12-29,0.1177687620456449,0.6002706889758472,0.39965181623813056,0.0970606564669605,0.5803484040095279,0.5514127052677142,0.02070810557868441,True,20,SMA_N200_th0_bL2_sL0,20
2003-12-23,2024-01-02,0.11318190736376743,0.5823159581813341,0.39965181623813056,0.09762254974036666,0.5860340568237379,0.5514127052677141,0.015559357623400771,True,20,SMA_N200_th0_bL2_sL0,20
2004-12-23,2025-01-02,0.13281333896784453,0.6542313534264331,0.3996518162381306,0.10370480888295397,0.6142303164351571,0.5514127052677141,0.02910853008489056,True,20,SMA_N200_th0_bL2_sL0,20
2005-12-22,2026-01-06,0.15046960665968645,0.7197110678251604,0.39965181623813056,0.11005071264687638,0.6372328952998759,0.5514127052677141,0.04041889401281007,True,20,SMA_N200_th0_bL2_sL0,20
