base_rank,base_cfg_id,variant_idx,variant_id,stop_tag,stop_loss_pct,reentry_mode,reentry_param,cagr,sharpe,max_drawdown,calmar,sortino,volatility,n_switches,n_stops,avg_bars_stopped,longest_stop_bars,delta_cagr,delta_mdd,effectiveness,base_filter,base_lookback,base_threshold_pct,base_buy_leverage,base_sell_leverage
1,EMA_N150_th5_bL3_sL0,0,01_EMA_N150_th5_bL3_sL0_baseline,baseline,,—,,0.27670974350973787,0.8433518671096548,0.5398373914171773,0.5125798025648453,1.1784359538004283,0.37346175800224085,25,0,,0,0.0,0.0,0.0,EMA,150,0.05,3.0,0.0
1,EMA_N150_th5_bL3_sL0,1,01_EMA_N150_th5_bL3_sL0_sl15_next,sl15_next,0.15,next_signal,,0.014682936784803813,0.17780007041056833,0.5276677096406603,0.027826104414846297,0.2450032787919768,0.13017659362655756,26,13,750.6666666666666,1888,-0.26202680672493406,0.012169681776517005,0.046444415091057005,EMA,150,0.05,3.0,0.0
1,EMA_N150_th5_bL3_sL0,2,01_EMA_N150_th5_bL3_sL0_sl15_cool21,sl15_cool21,0.15,time_cooldown,21.0,0.13658642792855158,0.5736781552335762,0.620069783330311,0.22027589732717553,0.7879584099173945,0.3055333804885661,150,74,21.0,21,-0.1401233155811863,-0.0802323919131337,-0.572584166884402,EMA,150,0.05,3.0,0.0
1,EMA_N150_th5_bL3_sL0,3,01_EMA_N150_th5_bL3_sL0_sl15_cool63,sl15_cool63,0.15,time_cooldown,63.0,0.08007035361256687,0.4267509331272182,0.7456332792985356,0.10738570264446098,0.5800481222467839,0.26188219727332235,110,55,63.0,63,-0.196639389897171,-0.20579588788135827,-1.0465649226687261,EMA,150,0.05,3.0,0.0
1,EMA_N150_th5_bL3_sL0,4,01_EMA_N150_th5_bL3_sL0_sl15_cool126,sl15_cool126,0.15,time_cooldown,126.0,0.023658730540337736,0.2182024845387058,0.609028230726647,0.03884668944181767,0.290781979326475,0.22426496822006897,84,42,126.0,126,-0.25305101296940014,-0.06919083930946968,-0.27342644669767235,EMA,150,0.05,3.0,0.0
1,EMA_N150_th5_bL3_sL0,5,01_EMA_N150_th5_bL3_sL0_sl15_rec5,sl15_rec5,0.15,recovery_trigger,0.05,0.09947006650055457,0.45964931585020746,0.760699407095944,0.13076133039237245,0.6261260539303396,0.31740658276423867,163,81,15.530864197530864,50,-0.1772396770091833,-0.22086201567876662,-1.2461206170406365,EMA,150,0.05,3.0,0.0
1,EMA_N150_th5_bL3_sL0,6,01_EMA_N150_th5_bL3_sL0_sl15_rec10,sl15_rec10,0.15,recovery_trigger,0.1,0.07140744552558687,0.3976567815298322,0.6384200379273686,0.11185025732809269,0.5414823358660443,0.2583309488379527,113,56,65.73214285714286,214,-0.205302297984151,-0.09858264651019122,-0.48018286925264536,EMA,150,0.05,3.0,0.0
1,EMA_N150_th5_bL3_sL0,7,01_EMA_N150_th5_bL3_sL0_sl15_rec15,sl15_rec15,0.15,recovery_trigger,0.15,0.037304455892775534,0.2754988172486084,0.7380841456998815,0.050542280456928025,0.37115585572411364,0.23154039649244362,88,44,122.95348837209302,263,-0.23940528761696234,-0.1982467542827041,-0.8280800990489816,EMA,150,0.05,3.0,0.0
1,EMA_N150_th5_bL3_sL0,8,01_EMA_N150_th5_bL3_sL0_sl20_next,sl20_next,0.2,next_signal,,0.08113497808251946,0.48822584769156646,0.48284127709637614,0.16803654105637855,0.6824266952752205,0.2020280791248459,26,13,588.3333333333334,1212,-0.1955747654272184,0.056996114320801206,0.2914287750584666,EMA,150,0.05,3.0,0.0
1,EMA_N150_th5_bL3_sL0,9,01_EMA_N150_th5_bL3_sL0_sl20_cool21,sl20_cool21,0.2,time_cooldown,21.0,0.21755372546944796,0.7626863771397253,0.5524475021269039,0.39379981741590575,1.063307255659266,0.3305091301668364,88,42,21.0,21,-0.059156018040289915,-0.012610110709726507,-0.2131669968241951,EMA,150,0.05,3.0,0.0
1,EMA_N150_th5_bL3_sL0,10,01_EMA_N150_th5_bL3_sL0_sl20_cool63,sl20_cool63,0.2,time_cooldown,63.0,0.15726188635548666,0.6331773418354303,0.5483645889616684,0.28678344576053494,0.8769904975926904,0.30487850849163217,72,36,63.0,63,-0.11944785715425121,-0.00852719754449105,-0.07138845139330792,EMA,150,0.05,3.0,0.0
1,EMA_N150_th5_bL3_sL0,11,01_EMA_N150_th5_bL3_sL0_sl20_cool126,sl20_cool126,0.2,time_cooldown,126.0,0.058522595094252505,0.3492104540584864,0.6439626211760414,0.0908788696265867,0.4694339966767431,0.2644091545388262,64,32,126.0,126,-0.21818714841548537,-0.10412522975886407,-0.47722897757746213,EMA,150,0.05,3.0,0.0
1,EMA_N150_th5_bL3_sL0,12,01_EMA_N150_th5_bL3_sL0_sl20_rec5,sl20_rec5,0.2,recovery_trigger,0.05,0.16824164337787728,0.6272915231897369,0.6728349527598386,0.25004890528915397,0.863241133478848,0.3427613763682295,99,49,13.489795918367347,44,-0.10846810013186059,-0.13299756134266127,-1.2261444717938375,EMA,150,0.05,3.0,0.0
1,EMA_N150_th5_bL3_sL0,13,01_EMA_N150_th5_bL3_sL0_sl20_rec10,sl20_rec10,0.2,recovery_trigger,0.1,0.15768525479362694,0.6309288186690081,0.5613037525024237,0.2809267782205786,0.8682946124405888,0.3083923739488355,75,37,55.86486486486486,213,-0.11902448871611093,-0.021466361085246355,-0.18035247466129806,EMA,150,0.05,3.0,0.0
1,EMA_N150_th5_bL3_sL0,14,01_EMA_N150_th5_bL3_sL0_sl20_rec15,sl20_rec15,0.2,recovery_trigger,0.15,0.10051151693119698,0.4769454952871999,0.5868887517162916,0.17126161753358213,0.6503591651709197,0.29036515093087645,68,34,103.42424242424242,315,-0.1761982265785409,-0.047051360299114275,-0.26703651457093974,EMA,150,0.05,3.0,0.0
1,EMA_N150_th5_bL3_sL0,15,01_EMA_N150_th5_bL3_sL0_sl25_next,sl25_next,0.25,next_signal,,0.15692739015384527,0.6809263499122183,0.4361834679869887,0.35977381462455243,0.948298060214551,0.26700261847520484,26,13,415.75,975,-0.1197823533558926,0.10365392343018864,0.8653522036106287,EMA,150,0.05,3.0,0.0
1,EMA_N150_th5_bL3_sL0,16,01_EMA_N150_th5_bL3_sL0_sl25_cool21,sl25_cool21,0.25,time_cooldown,21.0,0.22122874847162977,0.7547262325302,0.6048613263872481,0.3657511876201411,1.047477864110096,0.344272889027176,58,27,21.0,21,-0.055480995038108105,-0.06502393497007075,-1.1720037631878792,EMA,150,0.05,3.0,0.0
1,EMA_N150_th5_bL3_sL0,17,01_EMA_N150_th5_bL3_sL0_sl25_cool63,sl25_cool63,0.25,time_cooldown,63.0,0.2081822232146464,0.742874001426896,0.42402732071933924,0.49096417386850594,1.0316014854263218,0.32768845563985727,50,24,63.0,63,-0.06852752029509146,0.11581007069783811,1.6899790069615788,EMA,150,0.05,3.0,0.0
1,EMA_N150_th5_bL3_sL0,18,01_EMA_N150_th5_bL3_sL0_sl25_cool126,sl25_cool126,0.25,time_cooldown,126.0,0.12727243442749603,0.5486301674229699,0.650723927922905,0.19558591434273295,0.7495939632846397,0.3032998767493596,44,22,126.0,126,-0.14943730908224184,-0.11088653650572766,-0.7420271228565952,EMA,150,0.05,3.0,0.0
1,EMA_N150_th5_bL3_sL0,19,01_EMA_N150_th5_bL3_sL0_sl25_rec5,sl25_rec5,0.25,recovery_trigger,0.05,0.2129225468306042,0.7238350858086963,0.7070332483190798,0.30114927033037286,1.0032094863672791,0.35472581692130717,67,30,11.866666666666667,37,-0.06378719667913368,-0.16719585690190242,-2.62115072626473,EMA,150,0.05,3.0,0.0
1,EMA_N150_th5_bL3_sL0,20,01_EMA_N150_th5_bL3_sL0_sl25_rec10,sl25_rec10,0.25,recovery_trigger,0.1,0.21174518600826597,0.7426473668555585,0.6223878511349583,0.3402142018391539,1.028604609303177,0.3352080666470833,51,25,47.96,130,-0.0649645575014719,-0.08255045971778097,-1.2706999461346384,EMA,150,0.05,3.0,0.0
1,EMA_N150_th5_bL3_sL0,21,01_EMA_N150_th5_bL3_sL0_sl25_rec15,sl25_rec15,0.25,recovery_trigger,0.15,0.20000901796321435,0.7258178267801999,0.617200576296895,0.32405837849866664,1.0043586259146937,0.3247906352500302,44,22,100.57142857142857,307,-0.07670072554652352,-0.0773631848797176,-1.0086369369842827,EMA,150,0.05,3.0,0.0
1,EMA_N150_th5_bL3_sL0,22,01_EMA_N150_th5_bL3_sL0_sl30_next,sl30_next,0.3,next_signal,,0.2818596923214933,0.898143880786534,0.47127586082279377,0.5980779321677935,1.258934295580426,0.34259021364642783,25,12,211.91666666666666,891,0.005149948811755456,0.06856153059438358,13.313050886619028,EMA,150,0.05,3.0,0.0
1,EMA_N150_th5_bL3_sL0,23,01_EMA_N150_th5_bL3_sL0_sl30_cool21,sl30_cool21,0.3,time_cooldown,21.0,0.2703463959558645,0.8460527083869498,0.5973328135220571,0.4525892263674908,1.1838149837289447,0.36054743283552654,33,15,21.0,21,-0.006363347553873355,-0.05749542210487979,-9.035404968550312,EMA,150,0.05,3.0,0.0
1,EMA_N150_th5_bL3_sL0,24,01_EMA_N150_th5_bL3_sL0_sl30_cool63,sl30_cool63,0.3,time_cooldown,63.0,0.252517063165685,0.8173853538171155,0.6519448902158649,0.38732884781422905,1.1378124484709689,0.3523445719289792,33,15,63.0,63,-0.024192680344052864,-0.11210749879868753,-4.633942878770199,EMA,150,0.05,3.0,0.0
1,EMA_N150_th5_bL3_sL0,25,01_EMA_N150_th5_bL3_sL0_sl30_cool126,sl30_cool126,0.3,time_cooldown,126.0,0.21829905796388482,0.7541125222142815,0.5251405708506403,0.4156964250739125,1.0514896571956038,0.3387792976910339,31,14,126.0,126,-0.05841068554585305,0.014696820566537094,0.251611848571781,EMA,150,0.05,3.0,0.0
1,EMA_N150_th5_bL3_sL0,26,01_EMA_N150_th5_bL3_sL0_sl30_rec5,sl30_rec5,0.3,recovery_trigger,0.05,0.265123707183748,0.828026103299216,0.6004770317796502,0.4415218120799619,1.1541190231430463,0.3659358769749566,35,16,7.375,17,-0.011586036325989868,-0.060639640362472824,-5.233855535775044,EMA,150,0.05,3.0,0.0
1,EMA_N150_th5_bL3_sL0,27,01_EMA_N150_th5_bL3_sL0_sl30_rec10,sl30_rec10,0.3,recovery_trigger,0.1,0.26641733549083324,0.8414248294559399,0.5913094146707218,0.45055486836648984,1.175382663620528,0.3575960405188725,33,15,36.733333333333334,79,-0.01029240801890463,-0.0514720232535445,-5.00096995367877,EMA,150,0.05,3.0,0.0
1,EMA_N150_th5_bL3_sL0,28,01_EMA_N150_th5_bL3_sL0_sl30_rec15,sl30_rec15,0.3,recovery_trigger,0.15,0.2760476143399473,0.8655251573992532,0.4971322140906399,0.5552800774435768,1.2110873743564958,0.35553476821275987,29,14,92.57142857142857,262,-0.0006621291697905818,0.04270517732653745,42.705177326537445,EMA,150,0.05,3.0,0.0
1,EMA_N150_th5_bL3_sL0,29,01_EMA_N150_th5_bL3_sL0_sl35_next,sl35_next,0.35,next_signal,,0.20091396564111186,0.7273641565239992,0.5398373914171775,0.3721749712699113,1.0241835855895334,0.32530732340105134,25,7,453.7142857142857,1527,-0.07579577786862601,-1.1102230246251565e-16,-1.4647557632424654e-15,EMA,150,0.05,3.0,0.0
1,EMA_N150_th5_bL3_sL0,30,01_EMA_N150_th5_bL3_sL0_sl35_cool21,sl35_cool21,0.35,time_cooldown,21.0,0.27078563870171246,0.8365576202819346,0.5444435998688365,0.4973621487458907,1.172257150604835,0.3686922912950453,37,10,21.0,21,-0.00592410480802541,-0.004606208451659155,-0.7775366238320269,EMA,150,0.05,3.0,0.0
1,EMA_N150_th5_bL3_sL0,31,01_EMA_N150_th5_bL3_sL0_sl35_cool63,sl35_cool63,0.35,time_cooldown,63.0,0.24018094671501622,0.7780014220980284,0.6105586699030642,0.393378979866339,1.0865508319090473,0.3618711005938933,37,10,63.0,63,-0.03652879679472165,-0.07072127848588683,-1.9360418270361954,EMA,150,0.05,3.0,0.0
1,EMA_N150_th5_bL3_sL0,32,01_EMA_N150_th5_bL3_sL0_sl35_cool126,sl35_cool126,0.35,time_cooldown,126.0,0.20583758196366597,0.715414264965119,0.6046680689851989,0.34041417518394623,0.9990445824273461,0.3465427901319913,37,10,126.0,126,-0.0708721615460719,-0.06483067756802152,-0.9147551895376722,EMA,150,0.05,3.0,0.0
1,EMA_N150_th5_bL3_sL0,33,01_EMA_N150_th5_bL3_sL0_sl35_rec5,sl35_rec5,0.35,recovery_trigger,0.05,0.27009661576046917,0.8369466650919494,0.5468355405892624,0.4939265934862551,1.1733837433741403,0.36720602127362206,37,10,17.7,41,-0.006613127749268699,-0.0069981491720850775,-1.0582207750120896,EMA,150,0.05,3.0,0.0
1,EMA_N150_th5_bL3_sL0,34,01_EMA_N150_th5_bL3_sL0_sl35_rec10,sl35_rec10,0.35,recovery_trigger,0.1,0.2461056257878773,0.7905958968937479,0.5801386382348979,0.4242186428689986,1.10550330514149,0.3623560426036776,37,10,51.8,138,-0.030604117721860558,-0.040301246817720515,-1.3168570054523507,EMA,150,0.05,3.0,0.0
1,EMA_N150_th5_bL3_sL0,35,01_EMA_N150_th5_bL3_sL0_sl35_rec15,sl35_rec15,0.35,recovery_trigger,0.15,0.2238026110243374,0.7449720590899809,0.6253137167321611,0.3579045286163108,1.040421856980178,0.35831404929487976,37,10,87.9,172,-0.052907132485400465,-0.08547632531498373,-1.6155917226958125,EMA,150,0.05,3.0,0.0
1,EMA_N150_th5_bL3_sL0,36,01_EMA_N150_th5_bL3_sL0_sl40_next,sl40_next,0.4,next_signal,,0.21183577102504536,0.735959949020012,0.5414449083886447,0.3912415977010008,1.0297337138411553,0.3411866173200849,25,6,307.0,687,-0.06487397248469251,-0.0016075169714673265,-0.024779074101661216,EMA,150,0.05,3.0,0.0
1,EMA_N150_th5_bL3_sL0,37,01_EMA_N150_th5_bL3_sL0_sl40_cool21,sl40_cool21,0.4,time_cooldown,21.0,0.2643579374239262,0.8199318256249835,0.5398373914171775,0.489699197623076,1.1436817427555634,0.3712735769678896,31,6,21.0,21,-0.012351806085811656,-1.1102230246251565e-16,-8.98834564688037e-15,EMA,150,0.05,3.0,0.0
1,EMA_N150_th5_bL3_sL0,38,01_EMA_N150_th5_bL3_sL0_sl40_cool63,sl40_cool63,0.4,time_cooldown,63.0,0.24144186590006966,0.774343016891019,0.6002861372307253,0.40221129712224113,1.0772579281522197,0.3678639350652345,31,6,63.0,63,-0.03526787760966821,-0.06044874581354798,-1.7139887600431272,EMA,150,0.05,3.0,0.0
1,EMA_N150_th5_bL3_sL0,39,01_EMA_N150_th5_bL3_sL0_sl40_cool126,sl40_cool126,0.4,time_cooldown,126.0,0.21960644620654213,0.736038823335213,0.5783971126203117,0.37968109005879946,1.0231334526640035,0.35787823337302904,31,6,126.0,126,-0.057103297303195744,-0.038559721203134334,-0.6752626034604899,EMA,150,0.05,3.0,0.0
1,EMA_N150_th5_bL3_sL0,40,01_EMA_N150_th5_bL3_sL0_sl40_rec5,sl40_rec5,0.4,recovery_trigger,0.05,0.26676405169064954,0.8249070172835813,0.5398373914171776,0.4941563069396551,1.1508641142774658,0.3713961952950058,31,6,9.166666666666666,27,-0.009945691819088331,-2.220446049250313e-16,-2.2325707347866017e-14,EMA,150,0.05,3.0,0.0
1,EMA_N150_th5_bL3_sL0,41,01_EMA_N150_th5_bL3_sL0_sl40_rec10,sl40_rec10,0.4,recovery_trigger,0.1,0.253312982224676,0.7986130968999776,0.5398373914171773,0.4692394158909233,1.1120320965681378,0.36925961309647015,31,6,37.5,101,-0.02339676128506185,0.0,0.0,EMA,150,0.05,3.0,0.0
1,EMA_N150_th5_bL3_sL0,42,01_EMA_N150_th5_bL3_sL0_sl40_rec15,sl40_rec15,0.4,recovery_trigger,0.15,0.24309414767956072,0.776978222587694,0.5398373914171777,0.4503099480408193,1.080944543652653,0.36875989452787894,31,6,59.5,134,-0.03361559583017715,-3.3306690738754696e-16,-9.908106614268267e-15,EMA,150,0.05,3.0,0.0
2,EMA_N150_th5_bL2_sL0,0,02_EMA_N150_th5_bL2_sL0_baseline,baseline,,—,,0.1923292415766995,0.8320202200606628,0.3904781772706746,0.4925479905715174,1.1618719598708318,0.2490177256991199,25,0,,0,0.0,0.0,0.0,EMA,150,0.05,2.0,0.0
2,EMA_N150_th5_bL2_sL0,1,02_EMA_N150_th5_bL2_sL0_sl15_next,sl15_next,0.15,next_signal,,0.07303546504962766,0.5483945787185941,0.2871298163547685,0.2543639179547531,0.7697208049013473,0.14887014028284595,26,13,551.1666666666666,1212,-0.11929377652707185,0.1033483609159061,0.8663348912627711,EMA,150,0.05,2.0,0.0
2,EMA_N150_th5_bL2_sL0,2,02_EMA_N150_th5_bL2_sL0_sl15_cool21,sl15_cool21,0.15,time_cooldown,21.0,0.16092206754532,0.7760532608130868,0.40523890785879957,0.397104188232072,1.0849788042842026,0.22517649476684087,74,34,21.0,21,-0.03140717403137949,-0.014760730588124993,-0.469979584071374,EMA,150,0.05,2.0,0.0
2,EMA_N150_th5_bL2_sL0,3,02_EMA_N150_th5_bL2_sL0_sl15_cool63,sl15_cool63,0.15,time_cooldown,63.0,0.14507779469559545,0.7419373422368469,0.31703054262288455,0.4576145676543505,1.034334368660874,0.21354361082112291,58,29,63.0,63,-0.04725144688110405,0.07344763464779003,1.5543996955818487,EMA,150,0.05,2.0,0.0
2,EMA_N150_th5_bL2_sL0,4,02_EMA_N150_th5_bL2_sL0_sl15_cool126,sl15_cool126,0.15,time_cooldown,126.0,0.08440200834783762,0.5205086072519431,0.40838964570140335,0.20667029449994595,0.713355117017903,0.19098653696824652,52,26,126.0,126,-0.10792723322886189,-0.017911468430728772,-0.16595874734180519,EMA,150,0.05,2.0,0.0
2,EMA_N150_th5_bL2_sL0,5,02_EMA_N150_th5_bL2_sL0_sl15_rec5,sl15_rec5,0.15,recovery_trigger,0.05,0.14822400671891445,0.7083918403507449,0.4676659987999178,0.31694415907778944,0.9825181911644247,0.2341110843740843,75,36,12.944444444444445,42,-0.04410523485778506,-0.07718782152924325,-1.7500829953208774,EMA,150,0.05,2.0,0.0
2,EMA_N150_th5_bL2_sL0,6,02_EMA_N150_th5_bL2_sL0_sl15_rec10,sl15_rec10,0.15,recovery_trigger,0.1,0.13988282806071606,0.7187488900160403,0.42059963157884966,0.33257953064681245,0.99659572916351,0.21438053219672223,61,30,55.2,211,-0.05244641351598345,-0.03012145430817509,-0.5743282007070959,EMA,150,0.05,2.0,0.0
2,EMA_N150_th5_bL2_sL0,7,02_EMA_N150_th5_bL2_sL0_sl15_rec15,sl15_rec15,0.15,recovery_trigger,0.15,0.11746597549212234,0.6431071948061073,0.4377865647703348,0.2683179086451537,0.888510593577054,0.20592626809820455,54,27,105.8076923076923,308,-0.07486326608457716,-0.04730838749966021,-0.6319305845701858,EMA,150,0.05,2.0,0.0
2,EMA_N150_th5_bL2_sL0,8,02_EMA_N150_th5_bL2_sL0_sl20_next,sl20_next,0.2,next_signal,,0.19475130236339888,0.8960308695472683,0.34176462453179257,0.5698404351538794,1.2562086182503402,0.22776839672347846,25,12,213.08333333333334,903,0.002422060786699376,0.048713552738882004,20.11244020232275,EMA,150,0.05,2.0,0.0
2,EMA_N150_th5_bL2_sL0,9,02_EMA_N150_th5_bL2_sL0_sl20_cool21,sl20_cool21,0.2,time_cooldown,21.0,0.1927976856384399,0.8573034912484732,0.3770497213056708,0.5113322587026674,1.2016111147312942,0.2393001257839869,33,15,21.0,21,0.00046844406174040287,0.01342845596500375,13.42845596500375,EMA,150,0.05,2.0,0.0
2,EMA_N150_th5_bL2_sL0,10,02_EMA_N150_th5_bL2_sL0_sl20_cool63,sl20_cool63,0.2,time_cooldown,63.0,0.18298685422618166,0.833389410544947,0.46563041436382646,0.39298733197269725,1.1645200640907651,0.23504060184653905,33,15,63.0,63,-0.009342387350517845,-0.07515223709315189,-8.044221918178787,EMA,150,0.05,2.0,0.0
2,EMA_N150_th5_bL2_sL0,11,02_EMA_N150_th5_bL2_sL0_sl20_cool126,sl20_cool126,0.2,time_cooldown,126.0,0.1574676509698958,0.7563038066725507,0.4067687493281617,0.3871183595838587,1.0541119202705542,0.22796822852281998,29,14,126.0,126,-0.034861590606803716,-0.01629057205748713,-0.4672928507831138,EMA,150,0.05,2.0,0.0
2,EMA_N150_th5_bL2_sL0,12,02_EMA_N150_th5_bL2_sL0_sl20_rec5,sl20_rec5,0.2,recovery_trigger,0.05,0.18850653537272022,0.8321665451720432,0.44807363619588325,0.42070436674902084,1.1615515604294273,0.2434377242724422,35,16,8.0,17,-0.003822706203979287,-0.057595458925208676,-15.066671580791134,EMA,150,0.05,2.0,0.0
2,EMA_N150_th5_bL2_sL0,13,02_EMA_N150_th5_bL2_sL0_sl20_rec10,sl20_rec10,0.2,recovery_trigger,0.1,0.1883666651749445,0.8473328830418978,0.3979085500094326,0.4733918513951992,1.1853271536648424,0.2371079588482048,33,15,38.333333333333336,80,-0.003962576401755014,-0.007430372738758018,-1.8751367760296376,EMA,150,0.05,2.0,0.0
2,EMA_N150_th5_bL2_sL0,14,02_EMA_N150_th5_bL2_sL0_sl20_rec15,sl20_rec15,0.2,recovery_trigger,0.15,0.19366137450425214,0.8697095826427415,0.341764624531793,0.566651316734616,1.218642321324344,0.23574807164555303,29,14,94.21428571428571,262,0.0013321329275526317,0.04871355273888156,36.568086961394414,EMA,150,0.05,2.0,0.0
2,EMA_N150_th5_bL2_sL0,15,02_EMA_N150_th5_bL2_sL0_sl25_next,sl25_next,0.25,next_signal,,0.1361528754864587,0.6947340004935167,0.39047817727067446,0.34868241917672976,0.9722851760416175,0.2183352027437529,25,7,452.2857142857143,1518,-0.05617636609024079,1.1102230246251565e-16,1.9763169138454282e-15,EMA,150,0.05,2.0,0.0
2,EMA_N150_th5_bL2_sL0,16,02_EMA_N150_th5_bL2_sL0_sl25_cool21,sl25_cool21,0.25,time_cooldown,21.0,0.1815188201213611,0.8004230853871394,0.39047817727067463,0.4648629057585836,1.1156038576742602,0.2467646577090204,37,10,21.0,21,-0.010810421455338393,-5.551115123125783e-17,-5.134966426664648e-15,EMA,150,0.05,2.0,0.0
2,EMA_N150_th5_bL2_sL0,17,02_EMA_N150_th5_bL2_sL0_sl25_cool63,sl25_cool63,0.25,time_cooldown,63.0,0.16290253240048735,0.7460360397360798,0.4455837232266369,0.36559354372473424,1.0377013397196366,0.2418302071624195,37,10,63.0,63,-0.02942670917621215,-0.05510554595596234,-1.8726370531608185,EMA,150,0.05,2.0,0.0
2,EMA_N150_th5_bL2_sL0,18,02_EMA_N150_th5_bL2_sL0_sl25_cool126,sl25_cool126,0.25,time_cooldown,126.0,0.1364126741912579,0.6672870512265864,0.500699765426098,0.2724440545227139,0.9261459704619374,0.23246719120808362,37,10,126.0,126,-0.055916567385441596,-0.11022158815542338,-1.9711794430378538,EMA,150,0.05,2.0,0.0
2,EMA_N150_th5_bL2_sL0,19,02_EMA_N150_th5_bL2_sL0_sl25_rec5,sl25_rec5,0.25,recovery_trigger,0.05,0.18214600536965153,0.8041218029628235,0.39047817727067446,0.46646910370970684,1.1216069723844346,0.24607421941138155,37,10,15.0,41,-0.010183236207047974,1.1102230246251565e-16,1.0902457745768032e-14,EMA,150,0.05,2.0,0.0
2,EMA_N150_th5_bL2_sL0,20,02_EMA_N150_th5_bL2_sL0_sl25_rec10,sl25_rec10,0.25,recovery_trigger,0.1,0.1658652894089332,0.7532466479113538,0.42406522850665923,0.39113154830690994,1.0475340467294212,0.2434088068351269,37,10,46.1,138,-0.026463952167766314,-0.033587051235984655,-1.269162331577006,EMA,150,0.05,2.0,0.0
2,EMA_N150_th5_bL2_sL0,21,02_EMA_N150_th5_bL2_sL0_sl25_rec15,sl25_rec15,0.25,recovery_trigger,0.15,0.1516157788691137,0.7078032042214593,0.4694199700420218,0.32298536181905785,0.9830404540113944,0.24073355055343382,37,10,82.2,171,-0.0407134627075858,-0.07894179277134722,-1.9389604204959616,EMA,150,0.05,2.0,0.0
2,EMA_N150_th5_bL2_sL0,22,02_EMA_N150_th5_bL2_sL0_sl30_next,sl30_next,0.3,next_signal,,0.15140912706936094,0.7359654711556988,0.39047817727067463,0.38775310858001166,1.0275678603816591,0.22681004659256887,25,5,327.8,663,-0.04092011450733857,-5.551115123125783e-17,-1.3565737021899712e-15,EMA,150,0.05,2.0,0.0
2,EMA_N150_th5_bL2_sL0,23,02_EMA_N150_th5_bL2_sL0_sl30_cool21,sl30_cool21,0.3,time_cooldown,21.0,0.184005120398663,0.8068670316697681,0.39047817727067424,0.471230227729508,1.124281219422685,0.24768598652536908,31,5,21.0,21,-0.008324121178036492,3.3306690738754696e-16,4.001226078572193e-14,EMA,150,0.05,2.0,0.0
2,EMA_N150_th5_bL2_sL0,24,02_EMA_N150_th5_bL2_sL0_sl30_cool63,sl30_cool63,0.3,time_cooldown,63.0,0.17476544300664698,0.7812202081661851,0.44558372322663675,0.39221684701834636,1.0861058147924223,0.2449080445746758,31,5,63.0,63,-0.017563798570052525,-0.055105545955962176,-3.137450349147188,EMA,150,0.05,2.0,0.0
2,EMA_N150_th5_bL2_sL0,25,02_EMA_N150_th5_bL2_sL0_sl30_cool126,sl30_cool126,0.3,time_cooldown,126.0,0.15755994846628685,0.7346487323778641,0.42641190417444136,0.3695017585668304,1.0202336018395541,0.23807011349917315,31,5,126.0,126,-0.03476929311041266,-0.03593372690376678,-1.0334902924156777,EMA,150,0.05,2.0,0.0
2,EMA_N150_th5_bL2_sL0,26,02_EMA_N150_th5_bL2_sL0_sl30_rec5,sl30_rec5,0.3,recovery_trigger,0.05,0.18702357855806429,0.8183367465029375,0.3904781772706744,0.4789603861227358,1.1405814000608387,0.2471724549227524,31,5,20.0,64,-0.0053056630186352205,1.6653345369377348e-16,3.138786860546055e-14,EMA,150,0.05,2.0,0.0
2,EMA_N150_th5_bL2_sL0,27,02_EMA_N150_th5_bL2_sL0_sl30_rec10,sl30_rec10,0.3,recovery_trigger,0.1,0.17833070786117045,0.790883567704137,0.4088972949171668,0.43612591738298523,1.099810719581595,0.2461316899346721,31,5,39.2,88,-0.01399853371552906,-0.018419117646492233,-1.315789069112236,EMA,150,0.05,2.0,0.0
2,EMA_N150_th5_bL2_sL0,28,02_EMA_N150_th5_bL2_sL0_sl30_rec15,sl30_rec15,0.3,recovery_trigger,0.15,0.17215117935578883,0.7712181416637919,0.397132905146715,0.4334850553171616,1.0716609633176652,0.24533026107212397,31,5,62.2,155,-0.020178062220910675,-0.006654727876040434,-0.3298001464751204,EMA,150,0.05,2.0,0.0
2,EMA_N150_th5_bL2_sL0,29,02_EMA_N150_th5_bL2_sL0_sl35_next,sl35_next,0.35,next_signal,,0.17790405300839018,0.799475952805651,0.39047817727067435,0.45560562244959835,1.117209005531972,0.24162890569044473,25,3,246.0,635,-0.014425188568309322,2.220446049250313e-16,1.5392838982558662e-14,EMA,150,0.05,2.0,0.0
2,EMA_N150_th5_bL2_sL0,30,02_EMA_N150_th5_bL2_sL0_sl35_cool21,sl35_cool21,0.35,time_cooldown,21.0,0.19289210527265688,0.8348215948544726,0.3904781772706745,0.4939894634340769,1.1656232023413602,0.24863373521733956,27,3,21.0,21,0.0005628636959573718,5.551115123125783e-17,5.551115123125783e-14,EMA,150,0.05,2.0,0.0
2,EMA_N150_th5_bL2_sL0,31,02_EMA_N150_th5_bL2_sL0_sl35_cool63,sl35_cool63,0.35,time_cooldown,63.0,0.18272730380948476,0.8029684650983233,0.4455837232266367,0.4100852304170554,1.1186683401994986,0.24747839050047646,27,3,63.0,63,-0.009601937767214741,-0.05510554595596212,-5.739002615088467,EMA,150,0.05,2.0,0.0
2,EMA_N150_th5_bL2_sL0,32,02_EMA_N150_th5_bL2_sL0_sl35_cool126,sl35_cool126,0.35,time_cooldown,126.0,0.17426613690224668,0.7843704245701159,0.42641190417444147,0.4086802811934535,1.093517287898711,0.24266215084827866,27,3,126.0,126,-0.018063104674452823,-0.035933726903766894,-1.9893438891814104,EMA,150,0.05,2.0,0.0
2,EMA_N150_th5_bL2_sL0,33,02_EMA_N150_th5_bL2_sL0_sl35_rec5,sl35_rec5,0.35,recovery_trigger,0.05,0.19027042062752964,0.8264311596461283,0.39047817727067446,0.48727542716333827,1.1533010773392287,0.24843513898686373,27,3,14.0,36,-0.0020588209491698706,1.1102230246251565e-16,5.392518592123348e-14,EMA,150,0.05,2.0,0.0
2,EMA_N150_th5_bL2_sL0,34,02_EMA_N150_th5_bL2_sL0_sl35_rec10,sl35_rec10,0.35,recovery_trigger,0.1,0.18754309769048216,0.8179277327128611,0.4377092211355343,0.42846503714028555,1.1406064549437869,0.24811580359292665,27,3,29.333333333333332,60,-0.004786143886217342,-0.04723104386485971,-9.86828749567495,EMA,150,0.05,2.0,0.0
2,EMA_N150_th5_bL2_sL0,35,02_EMA_N150_th5_bL2_sL0_sl35_rec15,sl35_rec15,0.35,recovery_trigger,0.15,0.1853436414876568,0.8118280773838935,0.3904781772706746,0.4746581301499441,1.1320020413829208,0.24750907021959492,27,3,61.0,127,-0.006985600089042698,0.0,0.0,EMA,150,0.05,2.0,0.0
2,EMA_N150_th5_bL2_sL0,36,02_EMA_N150_th5_bL2_sL0_sl40_next,sl40_next,0.4,next_signal,,0.1923292415766995,0.8320202200606628,0.3904781772706746,0.4925479905715174,1.1618719598708318,0.2490177256991199,25,0,,0,0.0,0.0,0.0,EMA,150,0.05,2.0,0.0
2,EMA_N150_th5_bL2_sL0,37,02_EMA_N150_th5_bL2_sL0_sl40_cool21,sl40_cool21,0.4,time_cooldown,21.0,0.1923292415766995,0.8320202200606628,0.3904781772706746,0.4925479905715174,1.1618719598708318,0.2490177256991199,25,0,,0,0.0,0.0,0.0,EMA,150,0.05,2.0,0.0
2,EMA_N150_th5_bL2_sL0,38,02_EMA_N150_th5_bL2_sL0_sl40_cool63,sl40_cool63,0.4,time_cooldown,63.0,0.1923292415766995,0.8320202200606628,0.3904781772706746,0.4925479905715174,1.1618719598708318,0.2490177256991199,25,0,,0,0.0,0.0,0.0,EMA,150,0.05,2.0,0.0
2,EMA_N150_th5_bL2_sL0,39,02_EMA_N150_th5_bL2_sL0_sl40_cool126,sl40_cool126,0.4,time_cooldown,126.0,0.1923292415766995,0.8320202200606628,0.3904781772706746,0.4925479905715174,1.1618719598708318,0.2490177256991199,25,0,,0,0.0,0.0,0.0,EMA,150,0.05,2.0,0.0
2,EMA_N150_th5_bL2_sL0,40,02_EMA_N150_th5_bL2_sL0_sl40_rec5,sl40_rec5,0.4,recovery_trigger,0.05,0.1923292415766995,0.8320202200606628,0.3904781772706746,0.4925479905715174,1.1618719598708318,0.2490177256991199,25,0,,0,0.0,0.0,0.0,EMA,150,0.05,2.0,0.0
2,EMA_N150_th5_bL2_sL0,41,02_EMA_N150_th5_bL2_sL0_sl40_rec10,sl40_rec10,0.4,recovery_trigger,0.1,0.1923292415766995,0.8320202200606628,0.3904781772706746,0.4925479905715174,1.1618719598708318,0.2490177256991199,25,0,,0,0.0,0.0,0.0,EMA,150,0.05,2.0,0.0
2,EMA_N150_th5_bL2_sL0,42,02_EMA_N150_th5_bL2_sL0_sl40_rec15,sl40_rec15,0.4,recovery_trigger,0.15,0.1923292415766995,0.8320202200606628,0.3904781772706746,0.4925479905715174,1.1618719598708318,0.2490177256991199,25,0,,0,0.0,0.0,0.0,EMA,150,0.05,2.0,0.0
3,EMA_N100_th5_bL3_sL0,0,03_EMA_N100_th5_bL3_sL0_baseline,baseline,,—,,0.2674114834118788,0.8344556884423305,0.6275702829883345,0.4261060325204238,1.1730382989861652,0.36438205522325995,32,0,,0,0.0,0.0,0.0,EMA,100,0.05,3.0,0.0
3,EMA_N100_th5_bL3_sL0,1,03_EMA_N100_th5_bL3_sL0_sl15_next,sl15_next,0.15,next_signal,,0.04711082707825276,0.37480264706745453,0.5277742494113136,0.08926321648091169,0.5192175937396585,0.1553720221837805,32,16,525.625,1288,-0.22030065633362605,0.09979603357702094,0.452999256733437,EMA,100,0.05,3.0,0.0
3,EMA_N100_th5_bL3_sL0,2,03_EMA_N100_th5_bL3_sL0_sl15_cool21,sl15_cool21,0.15,time_cooldown,21.0,0.13802319272129382,0.5799384308363915,0.6955748469678594,0.19843039656043152,0.799020256371367,0.3030406829400739,145,72,21.0,21,-0.129388290690585,-0.06800456397952492,-0.5255851485212742,EMA,100,0.05,3.0,0.0
3,EMA_N100_th5_bL3_sL0,3,03_EMA_N100_th5_bL3_sL0_sl15_cool63,sl15_cool63,0.15,time_cooldown,63.0,0.08053189203715072,0.4263166707057103,0.7006998655190192,0.11493065148157194,0.5803603095261322,0.2651584922596122,109,55,63.0,63,-0.1868795913747281,-0.07312958253068469,-0.39131925531689743,EMA,100,0.05,3.0,0.0
3,EMA_N100_th5_bL3_sL0,4,03_EMA_N100_th5_bL3_sL0_sl15_cool126,sl15_cool126,0.15,time_cooldown,126.0,0.0539372410386445,0.34439417114480014,0.5068325136176168,0.10642024651034486,0.4661288494597018,0.23128742654649956,81,41,126.0,126,-0.2134742423732343,0.12073776937071767,0.5655847189265206,EMA,100,0.05,3.0,0.0
3,EMA_N100_th5_bL3_sL0,5,03_EMA_N100_th5_bL3_sL0_sl15_rec5,sl15_rec5,0.15,recovery_trigger,0.05,0.10964177969821853,0.4898031539307978,0.788827201650783,0.13899340624761744,0.6723268556420664,0.3145491867005141,158,79,15.746835443037975,50,-0.15776970371366028,-0.1612569186624485,-1.0221031976780361,EMA,100,0.05,3.0,0.0
3,EMA_N100_th5_bL3_sL0,6,03_EMA_N100_th5_bL3_sL0_sl15_rec10,sl15_rec10,0.15,recovery_trigger,0.1,0.06911089624124211,0.38782521431510797,0.5910749879151863,0.11692407503996578,0.5291776518946286,0.2612768534837361,114,57,65.21052631578948,214,-0.1983005871706367,0.03649529507314819,0.18404027740847873,EMA,100,0.05,3.0,0.0
3,EMA_N100_th5_bL3_sL0,7,03_EMA_N100_th5_bL3_sL0_sl15_rec15,sl15_rec15,0.15,recovery_trigger,0.15,0.0398000300015382,0.28493708705834336,0.7657354787992565,0.05197621254790009,0.38537233542938276,0.23543711346984855,89,45,121.97727272727273,263,-0.22761145341034061,-0.13816519581092201,-0.6070221587743925,EMA,100,0.05,3.0,0.0
3,EMA_N100_th5_bL3_sL0,8,03_EMA_N100_th5_bL3_sL0_sl20_next,sl20_next,0.2,next_signal,,0.08710683748152026,0.49329080753835997,0.5429470702333244,0.16043338707783658,0.6891505726901769,0.21786939037548134,32,16,427.0625,1193,-0.18030464593035855,0.08462321275501006,0.46933462151438515,EMA,100,0.05,3.0,0.0
3,EMA_N100_th5_bL3_sL0,9,03_EMA_N100_th5_bL3_sL0_sl20_cool21,sl20_cool21,0.2,time_cooldown,21.0,0.2061328840089931,0.7340410470405996,0.5589389462552055,0.36879320253141756,1.0216659826999352,0.33062267482697616,87,43,21.0,21,-0.061278599402885714,0.06863133673312904,1.1199886649154889,EMA,100,0.05,3.0,0.0
3,EMA_N100_th5_bL3_sL0,10,03_EMA_N100_th5_bL3_sL0_sl20_cool63,sl20_cool63,0.2,time_cooldown,63.0,0.13471829654265655,0.5673297818424146,0.6428988972648243,0.20954818419475854,0.784121060058719,0.30636705841832,75,38,63.0,63,-0.13269318686922227,-0.015328614276489794,-0.11551922625535505,EMA,100,0.05,3.0,0.0
3,EMA_N100_th5_bL3_sL0,11,03_EMA_N100_th5_bL3_sL0_sl20_cool126,sl20_cool126,0.2,time_cooldown,126.0,0.0734930044358757,0.40051153848252485,0.6491387919569099,0.11321616478091205,0.5434061831521906,0.2677090832963239,63,32,126.0,126,-0.19391847897600312,-0.02156850896857543,-0.1112246191413479,EMA,100,0.05,3.0,0.0
3,EMA_N100_th5_bL3_sL0,12,03_EMA_N100_th5_bL3_sL0_sl20_rec5,sl20_rec5,0.2,recovery_trigger,0.05,0.149224792717084,0.5813887127538451,0.8022308020152886,0.18601229514276382,0.8011951256813235,0.33944333161308493,104,51,13.686274509803921,44,-0.11818669069479482,-0.17466051902695412,-1.4778357698329776,EMA,100,0.05,3.0,0.0
3,EMA_N100_th5_bL3_sL0,13,03_EMA_N100_th5_bL3_sL0_sl20_rec10,sl20_rec10,0.2,recovery_trigger,0.1,0.1420494683781206,0.5846498854392929,0.5844757461752174,0.24303740455901865,0.8032298269058161,0.31081118828750515,78,39,56.07692307692308,213,-0.1253620150337582,0.043094536813117146,0.3437607221095832,EMA,100,0.05,3.0,0.0
3,EMA_N100_th5_bL3_sL0,14,03_EMA_N100_th5_bL3_sL0_sl20_rec15,sl20_rec15,0.2,recovery_trigger,0.15,0.08721453266851231,0.43370707025374905,0.5928946783402818,0.14709953699138623,0.5905111194436391,0.2931337302582632,71,36,103.14285714285714,315,-0.1801969507433665,0.03467560464805275,0.19243169490385645,EMA,100,0.05,3.0,0.0
3,EMA_N100_th5_bL3_sL0,15,03_EMA_N100_th5_bL3_sL0_sl25_next,sl25_next,0.25,next_signal,,0.12905226201352438,0.5840010495538224,0.5557153482344093,0.23222727683074204,0.8085849000157825,0.2717441114975898,32,14,359.42857142857144,1165,-0.13835922139835444,0.07185493475392524,0.5193360733582434,EMA,100,0.05,3.0,0.0
3,EMA_N100_th5_bL3_sL0,16,03_EMA_N100_th5_bL3_sL0_sl25_cool21,sl25_cool21,0.25,time_cooldown,21.0,0.20655955851443641,0.7196877807604927,0.6481801904781469,0.318676135970867,0.9972649662280796,0.34421952990317395,60,26,21.0,21,-0.0608519248974424,-0.020609907489812396,-0.33868949132747367,EMA,100,0.05,3.0,0.0
3,EMA_N100_th5_bL3_sL0,17,03_EMA_N100_th5_bL3_sL0_sl25_cool63,sl25_cool63,0.25,time_cooldown,63.0,0.1842311448419902,0.6805783437654759,0.5948414701843693,0.30971469555558784,0.9423549332147569,0.32878390549221886,56,24,63.0,63,-0.0831803385698886,0.032728812803965224,0.39346813642104,EMA,100,0.05,3.0,0.0
3,EMA_N100_th5_bL3_sL0,18,03_EMA_N100_th5_bL3_sL0_sl25_cool126,sl25_cool126,0.25,time_cooldown,126.0,0.11483149849818508,0.5133816188041744,0.6558018009392548,0.1751009197195261,0.7016702472656843,0.3012593020578487,50,21,126.0,126,-0.15257998491369373,-0.02823151795092027,-0.1850276624872477,EMA,100,0.05,3.0,0.0
3,EMA_N100_th5_bL3_sL0,19,03_EMA_N100_th5_bL3_sL0_sl25_rec5,sl25_rec5,0.25,recovery_trigger,0.05,0.21022214568023445,0.718646203529044,0.6705487913954646,0.3135076050808259,1.0006864527542165,0.3532887345480969,66,28,11.214285714285714,33,-0.05718933773164436,-0.042978508407130134,-0.7515126090251784,EMA,100,0.05,3.0,0.0
3,EMA_N100_th5_bL3_sL0,20,03_EMA_N100_th5_bL3_sL0_sl25_rec10,sl25_rec10,0.25,recovery_trigger,0.1,0.1804732386121628,0.664423093755946,0.6423333746587699,0.28096506538841537,0.9166130913061984,0.33541699022044036,58,26,49.07692307692308,130,-0.08693824479971601,-0.014763091670435435,-0.16981124595333053,EMA,100,0.05,3.0,0.0
3,EMA_N100_th5_bL3_sL0,21,03_EMA_N100_th5_bL3_sL0_sl25_rec15,sl25_rec15,0.25,recovery_trigger,0.15,0.16307232141953154,0.629569617442029,0.6629724669032907,0.2459714838253144,0.8669161209633188,0.3247554274258596,52,23,94.78260869565217,307,-0.10433916199234727,-0.0354021839149562,-0.3392991014970272,EMA,100,0.05,3.0,0.0
3,EMA_N100_th5_bL3_sL0,22,03_EMA_N100_th5_bL3_sL0_sl30_next,sl30_next,0.3,next_signal,,0.23665558515982976,0.8072809527212477,0.6275702829883341,0.3770981379693993,1.1361550051231584,0.33217052854329127,32,9,235.55555555555554,756,-0.030755898252049052,4.440892098500626e-16,1.443915590468817e-14,EMA,100,0.05,3.0,0.0
3,EMA_N100_th5_bL3_sL0,23,03_EMA_N100_th5_bL3_sL0_sl30_cool21,sl30_cool21,0.3,time_cooldown,21.0,0.24230634056767908,0.7877065116064456,0.627570282988334,0.38610231735938233,1.1001331335373545,0.3574648192157755,42,13,21.0,21,-0.025105142844199735,5.551115123125783e-16,2.211146599553528e-14,EMA,100,0.05,3.0,0.0
3,EMA_N100_th5_bL3_sL0,24,03_EMA_N100_th5_bL3_sL0_sl30_cool63,sl30_cool63,0.3,time_cooldown,63.0,0.22200956952547068,0.7543392207094252,0.6882525592690992,0.3225699149760333,1.0479788140783766,0.3461886682495836,42,13,63.0,63,-0.04540191388640813,-0.060682276280764724,-1.3365576709516434,EMA,100,0.05,3.0,0.0
3,EMA_N100_th5_bL3_sL0,25,03_EMA_N100_th5_bL3_sL0_sl30_cool126,sl30_cool126,0.3,time_cooldown,126.0,0.19029488116877102,0.7014109318101603,0.6190448332062228,0.3074008067932262,0.9756175783017541,0.32402375874310124,42,12,126.0,126,-0.07711660224310779,0.008525449782111671,0.11055271542223094,EMA,100,0.05,3.0,0.0
3,EMA_N100_th5_bL3_sL0,26,03_EMA_N100_th5_bL3_sL0_sl30_rec5,sl30_rec5,0.3,recovery_trigger,0.05,0.2466194223977214,0.7936332268887007,0.6275702829883341,0.39297498476725323,1.110126177692677,0.36055024741483094,42,13,9.307692307692308,24,-0.020792061014157426,4.440892098500626e-16,2.1358594972748488e-14,EMA,100,0.05,3.0,0.0
3,EMA_N100_th5_bL3_sL0,27,03_EMA_N100_th5_bL3_sL0_sl30_rec10,sl30_rec10,0.3,recovery_trigger,0.1,0.23115964999424143,0.767770663016252,0.6284295968405201,0.3678369878764702,1.070161982786426,0.3528794854900994,42,13,34.53846153846154,77,-0.03625183341763738,-0.0008593138521856281,-0.023704010836802295,EMA,100,0.05,3.0,0.0
3,EMA_N100_th5_bL3_sL0,28,03_EMA_N100_th5_bL3_sL0_sl30_rec15,sl30_rec15,0.3,recovery_trigger,0.15,0.23492615835992137,0.7834410054889377,0.6275702829883338,0.3743423879812494,1.0941959959988503,0.34711118096345317,38,12,90.0,262,-0.03248532505195745,6.661338147750939e-16,2.0505684142291048e-14,EMA,100,0.05,3.0,0.0
3,EMA_N100_th5_bL3_sL0,29,03_EMA_N100_th5_bL3_sL0_sl35_next,sl35_next,0.35,next_signal,,0.1212286253458863,0.546993725786702,0.6299571000896528,0.1924394936236667,0.7579936536389085,0.2836878126610251,32,6,708.0,1516,-0.14618285806599252,-0.0023868171013182726,-0.01632761277824225,EMA,100,0.05,3.0,0.0
3,EMA_N100_th5_bL3_sL0,30,03_EMA_N100_th5_bL3_sL0_sl35_cool21,sl35_cool21,0.35,time_cooldown,21.0,0.24966368064941014,0.8072715912226125,0.5189692428026424,0.4810760639708163,1.1312992872534828,0.3549875728473837,46,8,21.0,21,-0.01774780276246868,0.10860104018569205,6.1191259357102465,EMA,100,0.05,3.0,0.0
3,EMA_N100_th5_bL3_sL0,31,03_EMA_N100_th5_bL3_sL0_sl35_cool63,sl35_cool63,0.35,time_cooldown,63.0,0.23086280000812764,0.7754064991102496,0.6191001214667808,0.3729005891020732,1.082430819459298,0.3459296694744868,42,7,63.0,63,-0.03654868340375117,0.008470161521553665,0.23175011334838758,EMA,100,0.05,3.0,0.0
3,EMA_N100_th5_bL3_sL0,32,03_EMA_N100_th5_bL3_sL0_sl35_cool126,sl35_cool126,0.35,time_cooldown,126.0,0.20992969999848032,0.7433244895773756,0.6478157805666608,0.32405771254113247,1.0324999096144434,0.33088446416804473,42,7,126.0,126,-0.05748178341339849,-0.020245497578326277,-0.3522071928896909,EMA,100,0.05,3.0,0.0
3,EMA_N100_th5_bL3_sL0,33,03_EMA_N100_th5_bL3_sL0_sl35_rec5,sl35_rec5,0.35,recovery_trigger,0.05,0.2417206065888391,0.7858660738589948,0.5932648869332557,0.4074412828279073,1.0986945196932763,0.3578952368522079,48,9,11.0,21,-0.02569087682303972,0.03430539605507876,1.3353143332310673,EMA,100,0.05,3.0,0.0
3,EMA_N100_th5_bL3_sL0,34,03_EMA_N100_th5_bL3_sL0_sl35_rec10,sl35_rec10,0.35,recovery_trigger,0.1,0.23503775121215287,0.7800800254668813,0.6183536824019381,0.38010245253035496,1.0887475996076512,0.3500663754323814,44,8,33.125,58,-0.032373732199725946,0.009216600586396395,0.2846937921625983,EMA,100,0.05,3.0,0.0
3,EMA_N100_th5_bL3_sL0,35,03_EMA_N100_th5_bL3_sL0_sl35_rec15,sl35_rec15,0.35,recovery_trigger,0.15,0.21322001387443756,0.7321736089736802,0.6935690270575995,0.3074243594455236,1.018585161223593,0.34730548338051015,44,8,61.75,113,-0.05419146953744125,-0.06599874406926498,-1.2178806855139075,EMA,100,0.05,3.0,0.0
3,EMA_N100_th5_bL3_sL0,36,03_EMA_N100_th5_bL3_sL0_sl40_next,sl40_next,0.4,next_signal,,0.2314959016488003,0.7939972580770417,0.5189692428026424,0.4460686348166404,1.1115871377203794,0.33277517042686694,32,4,567.0,1181,-0.03591558176307852,0.10860104018569205,3.023786191244011,EMA,100,0.05,3.0,0.0
3,EMA_N100_th5_bL3_sL0,37,03_EMA_N100_th5_bL3_sL0_sl40_cool21,sl40_cool21,0.4,time_cooldown,21.0,0.2734308384795425,0.8539754341681652,0.5189692428026424,0.5268729164042673,1.2022363551118582,0.3595128486928708,36,4,21.0,21,0.006019355067663712,0.10860104018569205,18.04197276367737,EMA,100,0.05,3.0,0.0
3,EMA_N100_th5_bL3_sL0,38,03_EMA_N100_th5_bL3_sL0_sl40_cool63,sl40_cool63,0.4,time_cooldown,63.0,0.2636118436811059,0.8401089615356409,0.5382944807577025,0.489716787194337,1.1787298871191771,0.3538048565948661,36,4,63.0,63,-0.003799639730772908,0.08927580223063203,23.49585975417514,EMA,100,0.05,3.0,0.0
3,EMA_N100_th5_bL3_sL0,39,03_EMA_N100_th5_bL3_sL0_sl40_cool126,sl40_cool126,0.4,time_cooldown,126.0,0.26425322884491775,0.848126521445822,0.5583620496748755,0.47326502400868364,1.1892215624728504,0.34911484689295114,36,4,126.0,126,-0.0031582545669610607,0.06920823331345904,21.91344359554039,EMA,100,0.05,3.0,0.0
3,EMA_N100_th5_bL3_sL0,40,03_EMA_N100_th5_bL3_sL0_sl40_rec5,sl40_rec5,0.4,recovery_trigger,0.05,0.2612122142633264,0.8249132190168245,0.6219561436650122,0.41998494093824124,1.1580939118447768,0.3612893226455419,38,4,9.75,20,-0.0061992691485524,0.005614139323322331,0.905613095478085,EMA,100,0.05,3.0,0.0
3,EMA_N100_th5_bL3_sL0,41,03_EMA_N100_th5_bL3_sL0_sl40_rec10,sl40_rec10,0.4,recovery_trigger,0.1,0.265123930162112,0.8391078339971554,0.5691925729147117,0.46578951092855947,1.1773652950533153,0.35706590912114483,36,4,33.75,56,-0.002287553249766816,0.0583777100736228,25.51971635177174,EMA,100,0.05,3.0,0.0
3,EMA_N100_th5_bL3_sL0,42,03_EMA_N100_th5_bL3_sL0_sl40_rec15,sl40_rec15,0.4,recovery_trigger,0.15,0.2560952902242257,0.8196208959192731,0.6216517915354189,0.41195938580293556,1.1487881151377137,0.35661719569427675,36,4,67.0,111,-0.01131619318765309,0.005918491452915564,0.5230108177521334,EMA,100,0.05,3.0,0.0
4,SMA_N200_th2_bL3_sL0,0,04_SMA_N200_th2_bL3_sL0_baseline,baseline,,—,,0.24709671569284297,0.7915244722309769,0.5756035213286743,0.4292828423329758,1.1062814262138925,0.36339397154626896,56,0,,0,0.0,0.0,0.0,SMA,200,0.02,3.0,0.0
4,SMA_N200_th2_bL3_sL0,1,04_SMA_N200_th2_bL3_sL0_sl15_next,sl15_next,0.15,next_signal,,0.030144226879225133,0.2553256624113164,0.6943515341367943,0.0434134950341831,0.34956538086567457,0.1825703080487076,56,27,295.22222222222223,994,-0.21695248881361784,-0.11874801280811997,-0.5473457043866201,SMA,200,0.02,3.0,0.0
4,SMA_N200_th2_bL3_sL0,2,04_SMA_N200_th2_bL3_sL0_sl15_cool21,sl15_cool21,0.15,time_cooldown,21.0,0.12541792972568921,0.5423174474233557,0.7056544868663557,0.17773277441009483,0.7458383571260417,0.3041018966525239,157,75,21.0,21,-0.12167878596715376,-0.13005096553768136,-1.0688055810549228,SMA,200,0.02,3.0,0.0
4,SMA_N200_th2_bL3_sL0,3,04_SMA_N200_th2_bL3_sL0_sl15_cool63,sl15_cool63,0.15,time_cooldown,63.0,0.08238382646936149,0.43366384680539816,0.7571302069026921,0.10881064540586957,0.5909200099194694,0.2637143457779478,117,57,63.0,63,-0.16471288922348148,-0.18152668557401774,-1.1020794209232976,SMA,200,0.02,3.0,0.0
4,SMA_N200_th2_bL3_sL0,4,04_SMA_N200_th2_bL3_sL0_sl15_cool126,sl15_cool126,0.15,time_cooldown,126.0,0.03843912397254834,0.2806994897002706,0.6473544085396042,0.05937879384997914,0.3781451948434817,0.22970863237401273,87,43,126.0,126,-0.20865759172029463,-0.07175088721092993,-0.34386904698445836,SMA,200,0.02,3.0,0.0
4,SMA_N200_th2_bL3_sL0,5,04_SMA_N200_th2_bL3_sL0_sl15_rec5,sl15_rec5,0.15,recovery_trigger,0.05,0.10815834761502963,0.48360479784496485,0.799667944191024,0.13525407439515025,0.6615229251598185,0.3188351329346384,166,82,15.792682926829269,50,-0.13893836807781335,-0.22406442286234973,-1.6126893237788786,SMA,200,0.02,3.0,0.0
4,SMA_N200_th2_bL3_sL0,6,04_SMA_N200_th2_bL3_sL0_sl15_rec10,sl15_rec10,0.15,recovery_trigger,0.1,0.08700777808095883,0.4497217336757859,0.6688588289398507,0.1300839195303248,0.6165886598276428,0.26354256314817,116,58,65.77586206896552,214,-0.16008893761188414,-0.0932553076111764,-0.5825218719188603,SMA,200,0.02,3.0,0.0
4,SMA_N200_th2_bL3_sL0,7,04_SMA_N200_th2_bL3_sL0_sl15_rec15,sl15_rec15,0.15,recovery_trigger,0.15,0.05827210363855362,0.3600871558535203,0.7321345030154611,0.07959207413193452,0.4898716792274418,0.23468335428119083,87,44,122.97674418604652,263,-0.18882461205428935,-0.1565309816867868,-0.8289755238145664,SMA,200,0.02,3.0,0.0
4,SMA_N200_th2_bL3_sL0,8,04_SMA_N200_th2_bL3_sL0_sl20_next,sl20_next,0.2,next_signal,,0.08337329465277032,0.45619681362428754,0.7664466747333329,0.10877898932992057,0.6330147812009778,0.23874440537877745,56,22,244.72727272727272,867,-0.16372342104007265,-0.19084315340465863,-1.1656435725096912,SMA,200,0.02,3.0,0.0
4,SMA_N200_th2_bL3_sL0,9,04_SMA_N200_th2_bL3_sL0_sl20_cool21,sl20_cool21,0.2,time_cooldown,21.0,0.2161369533936146,0.7609651842665279,0.6372233657050618,0.3391855431328508,1.063441615852155,0.3290383398048931,93,42,21.0,21,-0.030959762299228366,-0.061619844376387456,-1.9903203319465814,SMA,200,0.02,3.0,0.0
4,SMA_N200_th2_bL3_sL0,10,04_SMA_N200_th2_bL3_sL0_sl20_cool63,sl20_cool63,0.2,time_cooldown,63.0,0.14299940448378945,0.5949916782434564,0.5670694373952859,0.252172653036332,0.8221880651150646,0.3022215749432337,83,37,63.0,63,-0.10409731120905352,0.008534083933388392,0.08198179025248606,SMA,200,0.02,3.0,0.0
4,SMA_N200_th2_bL3_sL0,11,04_SMA_N200_th2_bL3_sL0_sl20_cool126,sl20_cool126,0.2,time_cooldown,126.0,0.0654695125917173,0.37405025460788666,0.7836298378365925,0.08354647747010549,0.5050720594780954,0.26391572180866457,67,32,126.0,126,-0.18162720310112568,-0.20802631650791814,-1.1453477945817074,SMA,200,0.02,3.0,0.0
4,SMA_N200_th2_bL3_sL0,12,04_SMA_N200_th2_bL3_sL0_sl20_rec5,sl20_rec5,0.2,recovery_trigger,0.05,0.1640964534867746,0.6187847582900692,0.7871953327027049,0.20845709656760358,0.8529931748722971,0.34032427474903554,112,49,13.918367346938776,44,-0.08300026220606838,-0.2115918113740306,-2.549290878728821,SMA,200,0.02,3.0,0.0
4,SMA_N200_th2_bL3_sL0,13,04_SMA_N200_th2_bL3_sL0_sl20_rec10,sl20_rec10,0.2,recovery_trigger,0.1,0.15564562870638232,0.6229973849116726,0.6455797947101625,0.24109433099011487,0.8579524735870048,0.31051819841554457,82,39,56.61538461538461,213,-0.09145108698646065,-0.06997627338148815,-0.7651770546133383,SMA,200,0.02,3.0,0.0
4,SMA_N200_th2_bL3_sL0,14,04_SMA_N200_th2_bL3_sL0_sl20_rec15,sl20_rec15,0.2,recovery_trigger,0.15,0.11129566985608075,0.5098371545643472,0.7058656074424126,0.15767260606355682,0.6974758134608866,0.29118961195891696,69,34,102.06060606060606,315,-0.13580104583676222,-0.13026208611373824,-0.9592126872890064,SMA,200,0.02,3.0,0.0
4,SMA_N200_th2_bL3_sL0,15,04_SMA_N200_th2_bL3_sL0_sl25_next,sl25_next,0.25,next_signal,,0.11245075483233014,0.5242481199965326,0.5832721238246679,0.19279295244724046,0.7214479737269397,0.2778744189307224,56,18,255.61111111111111,1029,-0.13464596086051284,-0.007668602495993548,-0.05695382503109674,SMA,200,0.02,3.0,0.0
4,SMA_N200_th2_bL3_sL0,16,04_SMA_N200_th2_bL3_sL0_sl25_cool21,sl25_cool21,0.25,time_cooldown,21.0,0.2168695448733846,0.7491131720906452,0.7266463445608944,0.29845267439477297,1.0400904603407168,0.3401564522983151,78,28,21.0,21,-0.03022717081945836,-0.15104282323222007,-4.996922276794366,SMA,200,0.02,3.0,0.0
4,SMA_N200_th2_bL3_sL0,17,04_SMA_N200_th2_bL3_sL0_sl25_cool63,sl25_cool63,0.25,time_cooldown,63.0,0.20415365691469578,0.7389142564735354,0.4965428252653908,0.4111501496483819,1.0277947248878545,0.32265918016180695,64,25,63.0,63,-0.04294305877814719,0.07906069606328353,1.8410587953626592,SMA,200,0.02,3.0,0.0
4,SMA_N200_th2_bL3_sL0,18,04_SMA_N200_th2_bL3_sL0_sl25_cool126,sl25_cool126,0.25,time_cooldown,126.0,0.13086073286503241,0.5625068537997935,0.7076012528220414,0.18493569979297833,0.7728583839338403,0.2991599572960924,58,22,126.0,126,-0.11623598282781056,-0.13199773149336713,-1.1356012852655593,SMA,200,0.02,3.0,0.0
4,SMA_N200_th2_bL3_sL0,19,04_SMA_N200_th2_bL3_sL0_sl25_rec5,sl25_rec5,0.25,recovery_trigger,0.05,0.22248771520464716,0.7491850801966954,0.6201544020871849,0.35876180908471333,1.0416077881804697,0.35175256129079857,80,29,15.310344827586206,64,-0.02460900048819581,-0.04455088075851055,-1.8103490541958522,SMA,200,0.02,3.0,0.0
4,SMA_N200_th2_bL3_sL0,20,04_SMA_N200_th2_bL3_sL0_sl25_rec10,sl25_rec10,0.25,recovery_trigger,0.1,0.20190724863835174,0.7239429181451734,0.6154885382746765,0.3280438807265746,1.0025238443193814,0.3303121985254439,70,27,51.44444444444444,110,-0.04518946705449123,-0.039885016946002216,-0.882617555500429,SMA,200,0.02,3.0,0.0
4,SMA_N200_th2_bL3_sL0,21,04_SMA_N200_th2_bL3_sL0_sl25_rec15,sl25_rec15,0.25,recovery_trigger,0.15,0.18667200971793507,0.6981774028867296,0.6795369598449726,0.2747047191671838,0.9678255294904199,0.31881710824749265,58,23,104.6086956521739,307,-0.0604247059749079,-0.10393343851629833,-1.7200487257556198,SMA,200,0.02,3.0,0.0
4,SMA_N200_th2_bL3_sL0,22,04_SMA_N200_th2_bL3_sL0_sl30_next,sl30_next,0.3,next_signal,,0.22532309914471949,0.7844509434305126,0.5701743669896231,0.3951827935274759,1.0945655642751506,0.3288886811224381,56,14,159.5,474,-0.021773616548123487,0.005429154339051223,0.24934554749101262,SMA,200,0.02,3.0,0.0
4,SMA_N200_th2_bL3_sL0,23,04_SMA_N200_th2_bL3_sL0_sl30_cool21,sl30_cool21,0.3,time_cooldown,21.0,0.25417002949139045,0.8223299389585111,0.6140968126622612,0.4138924421208126,1.1520793874375692,0.35124348491489715,64,16,21.0,21,0.007073313798547476,-0.03849329133358692,-5.442044907083243,SMA,200,0.02,3.0,0.0
4,SMA_N200_th2_bL3_sL0,24,04_SMA_N200_th2_bL3_sL0_sl30_cool63,sl30_cool63,0.3,time_cooldown,63.0,0.22507110842107725,0.768240812765042,0.6468756676036972,0.3479356539330602,1.0695316322806778,0.3406564945026916,62,16,63.0,63,-0.022025607271765724,-0.07127214627502287,-3.2358765592985717,SMA,200,0.02,3.0,0.0
4,SMA_N200_th2_bL3_sL0,25,04_SMA_N200_th2_bL3_sL0_sl30_cool126,sl30_cool126,0.3,time_cooldown,126.0,0.22274282636406006,0.7780321884967024,0.6397566158259611,0.34816807025353974,1.0889884441215527,0.32863766773457265,54,14,126.0,126,-0.024353889328782907,-0.06415309449728679,-2.634203253172657,SMA,200,0.02,3.0,0.0
4,SMA_N200_th2_bL3_sL0,26,04_SMA_N200_th2_bL3_sL0_sl30_rec5,sl30_rec5,0.3,recovery_trigger,0.05,0.2490655670578732,0.8039643593314871,0.6039883442708649,0.41236816806215904,1.1215768820747751,0.35679541655302216,64,17,15.117647058823529,39,0.001968851365030222,-0.02838482294219058,-14.416945558383922,SMA,200,0.02,3.0,0.0
4,SMA_N200_th2_bL3_sL0,27,04_SMA_N200_th2_bL3_sL0_sl30_rec10,sl30_rec10,0.3,recovery_trigger,0.1,0.257479168958872,0.8345742459406749,0.5899894958076457,0.43641314089228794,1.16972204545043,0.347798812054578,58,15,49.333333333333336,170,0.010382453266029046,-0.014385974478971386,-1.385604549364233,SMA,200,0.02,3.0,0.0
4,SMA_N200_th2_bL3_sL0,28,04_SMA_N200_th2_bL3_sL0_sl30_rec15,sl30_rec15,0.3,recovery_trigger,0.15,0.2524638536326762,0.834744160055384,0.5793631178849674,0.43576100348659563,1.1712160876031306,0.33949026441648655,54,14,112.21428571428571,298,0.005367137939833233,-0.003759596556293099,-0.7004844292132943,SMA,200,0.02,3.0,0.0
4,SMA_N200_th2_bL3_sL0,29,04_SMA_N200_th2_bL3_sL0_sl35_next,sl35_next,0.35,next_signal,,0.23827466294792488,0.7943876785085178,0.5036099071016354,0.4731333907214771,1.1230246109925683,0.3443656081832928,56,10,213.6,597,-0.008822052744918096,0.07199361422703887,8.16064200800777,SMA,200,0.02,3.0,0.0
4,SMA_N200_th2_bL3_sL0,30,04_SMA_N200_th2_bL3_sL0_sl35_cool21,sl35_cool21,0.35,time_cooldown,21.0,0.25857491329953053,0.8241616089837848,0.5150243825418076,0.5020634402266196,1.1592275104687495,0.357278173091362,60,11,21.0,21,0.011478197606687557,0.060579138786866715,5.2777570889327965,SMA,200,0.02,3.0,0.0
4,SMA_N200_th2_bL3_sL0,31,04_SMA_N200_th2_bL3_sL0_sl35_cool63,sl35_cool63,0.35,time_cooldown,63.0,0.24112545235600114,0.7902513251011779,0.5532654604406421,0.4358223485774071,1.1076253880316385,0.3530681648258821,60,11,63.0,63,-0.005971263336841837,0.022338060888032252,3.7409271083741404,SMA,200,0.02,3.0,0.0
4,SMA_N200_th2_bL3_sL0,32,04_SMA_N200_th2_bL3_sL0_sl35_cool126,sl35_cool126,0.35,time_cooldown,126.0,0.19946782355745496,0.7116294700047687,0.6204272852602285,0.3215007274765347,0.9925879543350923,0.3355219805191396,62,11,126.0,126,-0.04762889213538801,-0.044823763931554184,-0.9411044834748605,SMA,200,0.02,3.0,0.0
4,SMA_N200_th2_bL3_sL0,33,04_SMA_N200_th2_bL3_sL0_sl35_rec5,sl35_rec5,0.35,recovery_trigger,0.05,0.26389924593757463,0.8353308550174264,0.5036099071016354,0.5240151994951047,1.1755309169501522,0.35776792029974974,60,11,15.090909090909092,34,0.01680253024473166,0.07199361422703887,4.284688864024635,SMA,200,0.02,3.0,0.0
4,SMA_N200_th2_bL3_sL0,34,04_SMA_N200_th2_bL3_sL0_sl35_rec10,sl35_rec10,0.35,recovery_trigger,0.1,0.2536939555249711,0.8154080905192396,0.5087123285478133,0.4986982647917617,1.1460352620265994,0.3556210413017684,60,11,52.09090909090909,101,0.006597239832128121,0.06689119278086098,10.139269525280147,SMA,200,0.02,3.0,0.0
4,SMA_N200_th2_bL3_sL0,35,04_SMA_N200_th2_bL3_sL0_sl35_rec15,sl35_rec15,0.35,recovery_trigger,0.15,0.2393050237690546,0.783850609682541,0.5657404986877986,0.4229943310123782,1.1004174695443079,0.35485132212659865,60,11,84.81818181818181,225,-0.007791691923788369,0.009863022640875685,1.2658383746877178,SMA,200,0.02,3.0,0.0
4,SMA_N200_th2_bL3_sL0,36,04_SMA_N200_th2_bL3_sL0_sl40_next,sl40_next,0.4,next_signal,,0.22589551223035098,0.7584101955707677,0.6224895386139726,0.3628904555301075,1.0624947376609843,0.35046230437368325,56,7,208.42857142857142,368,-0.02120120346249199,-0.04688601728529829,-2.211479049679725,SMA,200,0.02,3.0,0.0
4,SMA_N200_th2_bL3_sL0,37,04_SMA_N200_th2_bL3_sL0_sl40_cool21,sl40_cool21,0.4,time_cooldown,21.0,0.2429265704807797,0.7863843371993897,0.6187238699551062,0.392625179465609,1.1036194916654172,0.3595850568383922,60,8,21.0,21,-0.00417014521206327,-0.04312034862643188,-10.340251102454332,SMA,200,0.02,3.0,0.0
4,SMA_N200_th2_bL3_sL0,38,04_SMA_N200_th2_bL3_sL0_sl40_cool63,sl40_cool63,0.4,time_cooldown,63.0,0.23254904957979128,0.7687599995264848,0.66096277848034,0.35183380539893494,1.0755164556545078,0.3546573633801431,60,8,63.0,63,-0.014547666113051694,-0.0853592571516657,-5.867556794906377,SMA,200,0.02,3.0,0.0
4,SMA_N200_th2_bL3_sL0,39,04_SMA_N200_th2_bL3_sL0_sl40_cool126,sl40_cool126,0.4,time_cooldown,126.0,0.2367794889003645,0.7886964354858977,0.5868722534391018,0.40346001623492067,1.110413593792895,0.34608542431292594,58,7,126.0,126,-0.010317226792478484,-0.011268732110427448,-1.0922249105392,SMA,200,0.02,3.0,0.0
4,SMA_N200_th2_bL3_sL0,40,04_SMA_N200_th2_bL3_sL0_sl40_rec5,sl40_rec5,0.4,recovery_trigger,0.05,0.24857611307447125,0.7984165345795633,0.5488599767297865,0.45289531686302875,1.1212413303712907,0.36006609839831144,60,8,14.5,30,0.001479397381628278,0.026743544598887836,18.07732319321326,SMA,200,0.02,3.0,0.0
4,SMA_N200_th2_bL3_sL0,41,04_SMA_N200_th2_bL3_sL0_sl40_rec10,sl40_rec10,0.4,recovery_trigger,0.1,0.23865358575006734,0.7783956836768547,0.5815431500482741,0.41037984151349155,1.0923393192564752,0.3582066077914308,60,8,48.875,93,-0.008443129942775629,-0.005939628719599743,-0.7034865932250624,SMA,200,0.02,3.0,0.0
4,SMA_N200_th2_bL3_sL0,42,04_SMA_N200_th2_bL3_sL0_sl40_rec15,sl40_rec15,0.4,recovery_trigger,0.15,0.22588576501509583,0.7526863156386104,0.6740219330359357,0.3351311788885847,1.055831523747493,0.3552477345708358,60,8,92.375,221,-0.021210950677747142,-0.0984184117072614,-4.639981168336516,SMA,200,0.02,3.0,0.0
5,EMA_N100_th5_bL2_sL0,0,05_EMA_N100_th5_bL2_sL0_baseline,baseline,,—,,0.18554558495177997,0.8228512311521098,0.4762523148182948,0.3895951351387582,1.1559614097382118,0.24296736284606194,32,0,,0,0.0,0.0,0.0,EMA,100,0.05,2.0,0.0
5,EMA_N100_th5_bL2_sL0,1,05_EMA_N100_th5_bL2_sL0_sl15_next,sl15_next,0.15,next_signal,,0.07622909125568134,0.5390442785902704,0.38065997276437946,0.2002550746328812,0.7528168524037914,0.16024244284101663,32,16,396.375,1193,-0.10931649369609864,0.09559234205391531,0.8744548861918618,EMA,100,0.05,2.0,0.0
5,EMA_N100_th5_bL2_sL0,2,05_EMA_N100_th5_bL2_sL0_sl15_cool21,sl15_cool21,0.15,time_cooldown,21.0,0.15853487731953142,0.7649749650219917,0.4114728937777072,0.38528632071977453,1.0689596607380036,0.22598439298805328,69,33,21.0,21,-0.027010707632248554,0.06477942104058759,2.398286706241132,EMA,100,0.05,2.0,0.0
5,EMA_N100_th5_bL2_sL0,3,05_EMA_N100_th5_bL2_sL0_sl15_cool63,sl15_cool63,0.15,time_cooldown,63.0,0.11755771574162543,0.6325002456029196,0.4404568352466345,0.26689951508142407,0.8760222633009604,0.21124935605444664,65,31,63.0,63,-0.06798786921015454,0.035795479571660294,0.5264980354217947,EMA,100,0.05,2.0,0.0
5,EMA_N100_th5_bL2_sL0,4,05_EMA_N100_th5_bL2_sL0_sl15_cool126,sl15_cool126,0.15,time_cooldown,126.0,0.0752377386768266,0.47722746472649963,0.4083896457014035,0.18423027975551837,0.6536371777656321,0.1901965977257879,55,27,126.0,126,-0.11030784627495338,0.06786266911689126,0.6152116228227025,EMA,100,0.05,2.0,0.0
5,EMA_N100_th5_bL2_sL0,5,05_EMA_N100_th5_bL2_sL0_sl15_rec5,sl15_rec5,0.15,recovery_trigger,0.05,0.14042737182178922,0.685061933017173,0.574331235096836,0.24450589353391555,0.9507256609709075,0.2310638171928734,78,37,13.432432432432432,49,-0.04511821312999076,-0.09807892027854126,-2.173821024249445,EMA,100,0.05,2.0,0.0
5,EMA_N100_th5_bL2_sL0,6,05_EMA_N100_th5_bL2_sL0_sl15_rec10,sl15_rec10,0.15,recovery_trigger,0.1,0.12606718430328812,0.658259192654967,0.4417265185507295,0.2853964591415177,0.9097870690316194,0.21612288280922412,66,32,55.75,211,-0.05947840064849186,0.0345257962675653,0.5804762046580138,EMA,100,0.05,2.0,0.0
5,EMA_N100_th5_bL2_sL0,7,05_EMA_N100_th5_bL2_sL0_sl15_rec15,sl15_rec15,0.15,recovery_trigger,0.15,0.10264187273580694,0.5749730041802805,0.4596235679079935,0.223317253297058,0.7915251112495014,0.20775987125650588,59,29,102.10714285714286,308,-0.08290371221597304,0.01662874691030125,0.20057903881290126,EMA,100,0.05,2.0,0.0
5,EMA_N100_th5_bL2_sL0,8,05_EMA_N100_th5_bL2_sL0_sl20_next,sl20_next,0.2,next_signal,,0.1621283252466179,0.7987201971955019,0.47625231481829505,0.3404252750109464,1.1252538548715012,0.2180990738447938,32,11,223.54545454545453,756,-0.023417259705162063,-2.7755575615628914e-16,-1.185261468040623e-14,EMA,100,0.05,2.0,0.0
5,EMA_N100_th5_bL2_sL0,9,05_EMA_N100_th5_bL2_sL0_sl20_cool21,sl20_cool21,0.2,time_cooldown,21.0,0.1716367330367734,0.7885695456648906,0.4762523148182951,0.3603903386847749,1.1028012995627687,0.23663384977008645,44,15,21.0,21,-0.01390885191500657,-3.3306690738754696e-16,-2.394639826657394e-14,EMA,100,0.05,2.0,0.0
5,EMA_N100_th5_bL2_sL0,10,05_EMA_N100_th5_bL2_sL0_sl20_cool63,sl20_cool63,0.2,time_cooldown,63.0,0.1574279783678334,0.750881197707474,0.4832194260513007,0.3257898376608728,1.0465927624468299,0.23027407709782366,44,15,63.0,63,-0.028117606583946575,-0.006967111233005918,-0.24778464739540493,EMA,100,0.05,2.0,0.0
5,EMA_N100_th5_bL2_sL0,11,05_EMA_N100_th5_bL2_sL0_sl20_cool126,sl20_cool126,0.2,time_cooldown,126.0,0.12332414002963366,0.6514476868977274,0.4651049795922567,0.2651533426663119,0.9032261017809159,0.2138813829842132,44,14,126.0,126,-0.06222144492214632,0.011147335226038058,0.17915583991959685,EMA,100,0.05,2.0,0.0
5,EMA_N100_th5_bL2_sL0,12,05_EMA_N100_th5_bL2_sL0_sl20_rec5,sl20_rec5,0.2,recovery_trigger,0.05,0.16664354335493936,0.7658802764386791,0.5141603963056447,0.3241080887448932,1.0704468055028942,0.23870887360859938,48,16,10.0,24,-0.018902041596840613,-0.03790808148734992,-2.0055019608932656,EMA,100,0.05,2.0,0.0
5,EMA_N100_th5_bL2_sL0,13,05_EMA_N100_th5_bL2_sL0_sl20_rec10,sl20_rec10,0.2,recovery_trigger,0.1,0.1602812140704406,0.7550319776908153,0.47625231481829494,0.3365468451982073,1.0530088303672616,0.2331595037019777,44,15,40.53333333333333,77,-0.02526437088133937,-1.6653345369377348e-16,-6.591632717709092e-15,EMA,100,0.05,2.0,0.0
5,EMA_N100_th5_bL2_sL0,14,05_EMA_N100_th5_bL2_sL0_sl20_rec15,sl20_rec15,0.2,recovery_trigger,0.15,0.1590740550770542,0.7600996661361566,0.47625231481829455,0.33401214047168676,1.0621924782983363,0.22894072706825588,40,14,93.57142857142857,262,-0.026471529874725785,2.220446049250313e-16,8.388053353011258e-15,EMA,100,0.05,2.0,0.0
5,EMA_N100_th5_bL2_sL0,15,05_EMA_N100_th5_bL2_sL0_sl25_next,sl25_next,0.25,next_signal,,0.11322603533388409,0.6248181495768956,0.4777283731635592,0.23700923305871777,0.8681243892102172,0.20582311420399813,32,5,546.4,1182,-0.07231954961789588,-0.0014760583452644305,-0.02041022590797733,EMA,100,0.05,2.0,0.0
5,EMA_N100_th5_bL2_sL0,16,05_EMA_N100_th5_bL2_sL0_sl25_cool21,sl25_cool21,0.25,time_cooldown,21.0,0.18436042175455647,0.8315890445707229,0.3791229044855552,0.48628141315999207,1.1678109433490371,0.2376836014502375,42,6,21.0,21,-0.0011851631972235044,0.09712941033273959,81.95446041548183,EMA,100,0.05,2.0,0.0
5,EMA_N100_th5_bL2_sL0,17,05_EMA_N100_th5_bL2_sL0_sl25_cool63,sl25_cool63,0.25,time_cooldown,63.0,0.17066318510479794,0.7955209932247388,0.4479983083861164,0.3809460480321913,1.1123791334096869,0.2322227800319919,40,6,63.0,63,-0.01488239984698203,0.028254006432178402,1.8984845671854442,EMA,100,0.05,2.0,0.0
5,EMA_N100_th5_bL2_sL0,18,05_EMA_N100_th5_bL2_sL0_sl25_cool126,sl25_cool126,0.25,time_cooldown,126.0,0.16131049199147562,0.7814903266728004,0.489292588653209,0.32968104510940394,1.0885699690737989,0.22360106192652146,40,6,126.0,126,-0.02423509296030435,-0.01304027383491424,-0.538074017552705,EMA,100,0.05,2.0,0.0
5,EMA_N100_th5_bL2_sL0,19,05_EMA_N100_th5_bL2_sL0_sl25_rec5,sl25_rec5,0.25,recovery_trigger,0.05,0.17502033562770358,0.7948191809668531,0.4472344551986535,0.3913391144024507,1.1125663124619976,0.23916975471558055,44,7,11.714285714285714,21,-0.010525249324076391,0.029017859619641262,2.7569759847173625,EMA,100,0.05,2.0,0.0
5,EMA_N100_th5_bL2_sL0,20,05_EMA_N100_th5_bL2_sL0_sl25_rec10,sl25_rec10,0.25,recovery_trigger,0.1,0.17563774070049853,0.8083321513615801,0.40388218012680105,0.43487370659769164,1.1307812369593464,0.23443223787174133,40,6,37.5,58,-0.009907844251281439,0.07237013469149373,7.3043270418924555,EMA,100,0.05,2.0,0.0
5,EMA_N100_th5_bL2_sL0,21,05_EMA_N100_th5_bL2_sL0_sl25_rec15,sl25_rec15,0.25,recovery_trigger,0.15,0.1656984154442851,0.7735502081372881,0.4886264222117006,0.33911063322010687,1.079778692499276,0.23380356658457355,40,6,63.5,113,-0.019847169507494877,-0.012374107393405831,-0.6234696281871832,EMA,100,0.05,2.0,0.0
5,EMA_N100_th5_bL2_sL0,22,05_EMA_N100_th5_bL2_sL0_sl30_next,sl30_next,0.3,next_signal,,0.14491725318207127,0.7393837474809506,0.3982405147251813,0.3638937974004882,1.0338229321617036,0.21431033502081195,32,4,686.0,1181,-0.0406283317697087,0.07801180009311348,1.920132988361506,EMA,100,0.05,2.0,0.0
5,EMA_N100_th5_bL2_sL0,23,05_EMA_N100_th5_bL2_sL0_sl30_cool21,sl30_cool21,0.3,time_cooldown,21.0,0.1798602320259055,0.8117778740788775,0.4756980771013026,0.3780974544229727,1.1367643105944676,0.23926218269350585,38,4,21.0,21,-0.005685352925874465,0.0005542377169922008,0.09748519119540032,EMA,100,0.05,2.0,0.0
5,EMA_N100_th5_bL2_sL0,24,05_EMA_N100_th5_bL2_sL0_sl30_cool63,sl30_cool63,0.3,time_cooldown,63.0,0.18218656288172808,0.8304229212969697,0.39824051472518207,0.4574787249043494,1.1630250530719244,0.235053291945619,38,4,63.0,63,-0.003359022070051898,0.0780118000931127,23.224557167588777,EMA,100,0.05,2.0,0.0
5,EMA_N100_th5_bL2_sL0,25,05_EMA_N100_th5_bL2_sL0_sl30_cool126,sl30_cool126,0.3,time_cooldown,126.0,0.17539683599221978,0.8138870047248533,0.44652013655759,0.3928083453176987,1.1376672218968193,0.23182274242378448,38,4,126.0,126,-0.010148748959560194,0.02973217826070479,2.9296397397530325,EMA,100,0.05,2.0,0.0
5,EMA_N100_th5_bL2_sL0,26,05_EMA_N100_th5_bL2_sL0_sl30_rec5,sl30_rec5,0.3,recovery_trigger,0.05,0.17962795289114797,0.8087791290442125,0.49141222416953934,0.3655341565723354,1.1333007655036842,0.24017461732155773,40,4,25.0,64,-0.005917632060632005,-0.01515990935124456,-2.561820200363298,EMA,100,0.05,2.0,0.0
5,EMA_N100_th5_bL2_sL0,27,05_EMA_N100_th5_bL2_sL0_sl30_rec10,sl30_rec10,0.3,recovery_trigger,0.1,0.17804414486107967,0.8089884168594739,0.4278871884272722,0.4161006678313804,1.1315452059024802,0.2377339905702255,38,4,49.75,88,-0.0075014400907003065,0.048365126391022584,6.447445531289632,EMA,100,0.05,2.0,0.0
5,EMA_N100_th5_bL2_sL0,28,05_EMA_N100_th5_bL2_sL0_sl30_rec15,sl30_rec15,0.3,recovery_trigger,0.15,0.17022893607799983,0.7831206689886797,0.47569807710130313,0.3578507971175768,1.0940867271040426,0.23679946246838002,38,4,87.0,155,-0.015316648873780148,0.0005542377169916457,0.03618531191508994,EMA,100,0.05,2.0,0.0
5,EMA_N100_th5_bL2_sL0,29,05_EMA_N100_th5_bL2_sL0_sl35_next,sl35_next,0.35,next_signal,,0.13997662852957848,0.7007759304287242,0.4367077726544007,0.32052699149083475,0.9810638146711718,0.22250124574787047,32,3,634.3333333333334,1165,-0.04556895642220149,0.03954454216389408,0.8677956501243843,EMA,100,0.05,2.0,0.0
5,EMA_N100_th5_bL2_sL0,30,05_EMA_N100_th5_bL2_sL0_sl35_cool21,sl35_cool21,0.35,time_cooldown,21.0,0.18318474663499695,0.8196469038020993,0.43670777265440053,0.41946756642677097,1.1499666015109054,0.2408645282687043,36,3,21.0,21,-0.0023608383167830205,0.03954454216389425,16.750211940722536,EMA,100,0.05,2.0,0.0
5,EMA_N100_th5_bL2_sL0,31,05_EMA_N100_th5_bL2_sL0_sl35_cool63,sl35_cool63,0.35,time_cooldown,63.0,0.1732710829743398,0.7866395408386171,0.4495676700220837,0.3854171341231641,1.1014508832227505,0.2400098460260901,36,3,63.0,63,-0.012274501977440178,0.026684644796211077,2.173990019738145,EMA,100,0.05,2.0,0.0
5,EMA_N100_th5_bL2_sL0,32,05_EMA_N100_th5_bL2_sL0_sl35_cool126,sl35_cool126,0.35,time_cooldown,126.0,0.17552540673609562,0.799057954771688,0.4083087045527354,0.4298840675668856,1.1191850782659474,0.23811512729621181,36,3,126.0,126,-0.01002017821568435,0.0679436102655594,6.780678826571054,EMA,100,0.05,2.0,0.0
5,EMA_N100_th5_bL2_sL0,33,05_EMA_N100_th5_bL2_sL0_sl35_rec5,sl35_rec5,0.35,recovery_trigger,0.05,0.1765951478316432,0.7944897459875047,0.5239235141969554,0.3370628403695904,1.1123459426206,0.2417270708517136,38,3,15.0,36,-0.008950437120136767,-0.0476711993786606,-5.326130862526205,EMA,100,0.05,2.0,0.0
5,EMA_N100_th5_bL2_sL0,34,05_EMA_N100_th5_bL2_sL0_sl35_rec10,sl35_rec10,0.35,recovery_trigger,0.1,0.17738846617653525,0.8007634362940552,0.43770922113553434,0.4052655452776213,1.1218230053918181,0.24021527677793872,36,3,44.666666666666664,60,-0.00815711877524472,0.03854309368276043,4.725086730345435,EMA,100,0.05,2.0,0.0
5,EMA_N100_th5_bL2_sL0,35,05_EMA_N100_th5_bL2_sL0_sl35_rec15,sl35_rec15,0.35,recovery_trigger,0.15,0.17211468859613532,0.7837915325949275,0.43670777265440075,0.39411867471464135,1.0974919147981839,0.2394515350510089,36,3,92.66666666666667,127,-0.01343089635564465,0.039544542163894025,2.944296576845707,EMA,100,0.05,2.0,0.0
5,EMA_N100_th5_bL2_sL0,36,05_EMA_N100_th5_bL2_sL0_sl40_next,sl40_next,0.4,next_signal,,0.18554558495177997,0.8228512311521098,0.4762523148182948,0.3895951351387582,1.1559614097382118,0.24296736284606194,32,1,91.0,91,0.0,0.0,0.0,EMA,100,0.05,2.0,0.0
5,EMA_N100_th5_bL2_sL0,37,05_EMA_N100_th5_bL2_sL0_sl40_cool21,sl40_cool21,0.4,time_cooldown,21.0,0.18554558495177997,0.8228512311521098,0.4762523148182948,0.3895951351387582,1.1559614097382118,0.24296736284606194,32,1,21.0,21,0.0,0.0,0.0,EMA,100,0.05,2.0,0.0
5,EMA_N100_th5_bL2_sL0,38,05_EMA_N100_th5_bL2_sL0_sl40_cool63,sl40_cool63,0.4,time_cooldown,63.0,0.18554558495177997,0.8228512311521098,0.4762523148182948,0.3895951351387582,1.1559614097382118,0.24296736284606194,32,1,63.0,63,0.0,0.0,0.0,EMA,100,0.05,2.0,0.0
5,EMA_N100_th5_bL2_sL0,39,05_EMA_N100_th5_bL2_sL0_sl40_cool126,sl40_cool126,0.4,time_cooldown,126.0,0.1880560603402801,0.8336122893368557,0.40265619597556057,0.46703878450114367,1.1715800214300578,0.24212359630820707,32,1,126.0,126,0.002510475388500133,0.0735961188427342,29.315610573144763,EMA,100,0.05,2.0,0.0
5,EMA_N100_th5_bL2_sL0,40,05_EMA_N100_th5_bL2_sL0_sl40_rec5,sl40_rec5,0.4,recovery_trigger,0.05,0.18554558495177997,0.8228512311521098,0.4762523148182948,0.3895951351387582,1.1559614097382118,0.24296736284606194,32,1,9.0,9,0.0,0.0,0.0,EMA,100,0.05,2.0,0.0
5,EMA_N100_th5_bL2_sL0,41,05_EMA_N100_th5_bL2_sL0_sl40_rec10,sl40_rec10,0.4,recovery_trigger,0.1,0.18554558495177997,0.8228512311521098,0.4762523148182948,0.3895951351387582,1.1559614097382118,0.24296736284606194,32,1,36.0,36,0.0,0.0,0.0,EMA,100,0.05,2.0,0.0
5,EMA_N100_th5_bL2_sL0,42,05_EMA_N100_th5_bL2_sL0_sl40_rec15,sl40_rec15,0.4,recovery_trigger,0.15,0.18554558495177997,0.8228512311521098,0.4762523148182948,0.3895951351387582,1.1559614097382118,0.24296736284606194,32,1,91.0,91,0.0,0.0,0.0,EMA,100,0.05,2.0,0.0
6,SMA_N150_th5_bL3_sL0,0,06_SMA_N150_th5_bL3_sL0_baseline,baseline,,—,,0.2567977175414138,0.8039044407111787,0.6203411224075822,0.4139621061147228,1.1246475526909687,0.37093851518698007,31,0,,0,0.0,0.0,0.0,SMA,150,0.05,3.0,0.0
6,SMA_N150_th5_bL3_sL0,1,06_SMA_N150_th5_bL3_sL0_sl15_next,sl15_next,0.15,next_signal,,0.008846172383886186,0.13357993337757734,0.5201179437306391,0.01700801229897094,0.18366350838043535,0.13756598250584895,31,15,598.9333333333333,1892,-0.2479515451575276,0.10022317867694308,0.40420469496679157,SMA,150,0.05,3.0,0.0
6,SMA_N150_th5_bL3_sL0,2,06_SMA_N150_th5_bL3_sL0_sl15_cool21,sl15_cool21,0.15,time_cooldown,21.0,0.13009081853793258,0.5551126386917986,0.7638823257189647,0.17030217110402618,0.7623071413774423,0.3052794479098685,150,74,21.0,21,-0.1267068990034812,-0.14354120331138254,-1.132860202880025,SMA,150,0.05,3.0,0.0
6,SMA_N150_th5_bL3_sL0,3,06_SMA_N150_th5_bL3_sL0_sl15_cool63,sl15_cool63,0.15,time_cooldown,63.0,0.07563304013384431,0.409571495953302,0.7521271180933407,0.1005588527715578,0.5575208186718558,0.2644568287358626,112,56,63.0,63,-0.18116467740756947,-0.13178599568575844,-0.7274375864632656,SMA,150,0.05,3.0,0.0
6,SMA_N150_th5_bL3_sL0,4,06_SMA_N150_th5_bL3_sL0_sl15_cool126,sl15_cool126,0.15,time_cooldown,126.0,0.02599933327005255,0.22831464861188686,0.5919644978076256,0.04392042659034886,0.3058860657441822,0.2285367722380947,86,43,126.0,126,-0.23079838427136123,0.0283766245999566,0.12294984078654893,SMA,150,0.05,3.0,0.0
6,SMA_N150_th5_bL3_sL0,5,06_SMA_N150_th5_bL3_sL0_sl15_rec5,sl15_rec5,0.15,recovery_trigger,0.05,0.09168383986438311,0.4371396882647716,0.826330593528307,0.11095297763684017,0.5958798250360281,0.317621256040363,163,81,15.617283950617283,50,-0.16511387767703067,-0.20598947112072474,-1.247560011422228,SMA,150,0.05,3.0,0.0
6,SMA_N150_th5_bL3_sL0,6,06_SMA_N150_th5_bL3_sL0_sl15_rec10,sl15_rec10,0.15,recovery_trigger,0.1,0.064462291139044,0.37157231560336074,0.680415147018967,0.09473964743651875,0.5063569002021614,0.26038458655260044,115,57,65.89473684210526,214,-0.19233542640236978,-0.06007402461138478,-0.3123398831669661,SMA,150,0.05,3.0,0.0
6,SMA_N150_th5_bL3_sL0,7,06_SMA_N150_th5_bL3_sL0_sl15_rec15,sl15_rec15,0.15,recovery_trigger,0.15,0.03350771612232806,0.25935832783448964,0.7427249057197156,0.04511457184791507,0.3500132420572453,0.23404144568877433,90,45,122.13636363636364,263,-0.22329000141908573,-0.1223837833121334,-0.5480934324615604,SMA,150,0.05,3.0,0.0
6,SMA_N150_th5_bL3_sL0,8,06_SMA_N150_th5_bL3_sL0_sl20_next,sl20_next,0.2,next_signal,,0.07085462021510369,0.4308161831130949,0.5124642339640517,0.13826256647614943,0.6034889260412859,0.21106470952923775,31,15,467.0,1193,-0.1859430973263101,0.1078768884435305,0.5801607588272997,SMA,150,0.05,3.0,0.0
6,SMA_N150_th5_bL3_sL0,9,06_SMA_N150_th5_bL3_sL0_sl20_cool21,sl20_cool21,0.2,time_cooldown,21.0,0.2147073247178488,0.7538235809559775,0.6671001326146752,0.32185171943574814,1.0519507226184364,0.33188326514473687,88,42,21.0,21,-0.04209039282356497,-0.046759010207092944,-1.1109188361129805,SMA,150,0.05,3.0,0.0
6,SMA_N150_th5_bL3_sL0,10,06_SMA_N150_th5_bL3_sL0_sl20_cool63,sl20_cool63,0.2,time_cooldown,63.0,0.15299457477931466,0.620303833416443,0.5663741132861871,0.27012988621887624,0.8600274752982007,0.3055820556490126,74,36,63.0,63,-0.10380314276209912,0.05396700912139507,0.5198976416839245,SMA,150,0.05,3.0,0.0
6,SMA_N150_th5_bL3_sL0,11,06_SMA_N150_th5_bL3_sL0_sl20_cool126,sl20_cool126,0.2,time_cooldown,126.0,0.05850079301411282,0.34779759563757057,0.7351803142977505,0.07957339427674039,0.46923492649878434,0.26865511572325274,66,33,126.0,126,-0.19829692452730097,-0.11483919189016834,-0.5791274482139414,SMA,150,0.05,3.0,0.0
6,SMA_N150_th5_bL3_sL0,12,06_SMA_N150_th5_bL3_sL0_sl20_rec5,sl20_rec5,0.2,recovery_trigger,0.05,0.1466428793616552,0.5735522190982999,0.8517697624282738,0.1721625794083102,0.7878678772838986,0.34167395612644597,105,50,13.76,44,-0.11015483817975857,-0.23142864002069163,-2.100939403524244,SMA,150,0.05,3.0,0.0
6,SMA_N150_th5_bL3_sL0,13,06_SMA_N150_th5_bL3_sL0_sl20_rec10,sl20_rec10,0.2,recovery_trigger,0.1,0.147533291484371,0.6002080445938266,0.6885598996764752,0.21426355434536715,0.8263040397095496,0.3106561645625892,77,38,56.078947368421055,213,-0.10926442605704278,-0.06821877726889303,-0.6243457246851652,SMA,150,0.05,3.0,0.0
6,SMA_N150_th5_bL3_sL0,14,06_SMA_N150_th5_bL3_sL0_sl20_rec15,sl20_rec15,0.2,recovery_trigger,0.15,0.09395949693375028,0.45491768387911585,0.6927289171380848,0.13563674708705845,0.6208650104536182,0.29293186628875795,70,35,102.61764705882354,315,-0.1628382206076635,-0.07238779473050261,-0.4445381094215659,SMA,150,0.05,3.0,0.0
6,SMA_N150_th5_bL3_sL0,15,06_SMA_N150_th5_bL3_sL0_sl25_next,sl25_next,0.25,next_signal,,0.14494872549119453,0.6309211719242667,0.5549375670721074,0.26119825741110836,0.8798767061670015,0.27512912858759964,31,14,350.14285714285717,974,-0.11184899205021925,0.06540355533547482,0.5847487235835721,SMA,150,0.05,3.0,0.0
6,SMA_N150_th5_bL3_sL0,16,06_SMA_N150_th5_bL3_sL0_sl25_cool21,sl25_cool21,0.25,time_cooldown,21.0,0.21514044347027816,0.7381125652834524,0.7402182472695513,0.29064460956463634,1.0249953873123065,0.34611549902202904,59,26,21.0,21,-0.04165727407113562,-0.11987712486196911,-2.877699694350191,SMA,150,0.05,3.0,0.0
6,SMA_N150_th5_bL3_sL0,17,06_SMA_N150_th5_bL3_sL0_sl25_cool63,sl25_cool63,0.25,time_cooldown,63.0,0.2076045640125106,0.7368722592093601,0.5865923592019991,0.35391624312143455,1.0245274923296597,0.3313397118221465,51,23,63.0,63,-0.04919315352890319,0.033748763205583066,0.6860459390096663,SMA,150,0.05,3.0,0.0
6,SMA_N150_th5_bL3_sL0,18,06_SMA_N150_th5_bL3_sL0_sl25_cool126,sl25_cool126,0.25,time_cooldown,126.0,0.12840897067949775,0.5489172161434739,0.7440626279899623,0.17257817534309766,0.75191253393771,0.30704763337407276,47,22,126.0,126,-0.12838874686191604,-0.12372150558238004,-0.9636475828792403,SMA,150,0.05,3.0,0.0
6,SMA_N150_th5_bL3_sL0,19,06_SMA_N150_th5_bL3_sL0_sl25_rec5,sl25_rec5,0.25,recovery_trigger,0.05,0.20238392012385953,0.6969737499203068,0.7567350953695097,0.26744354974713647,0.9661627199573205,0.35704941175521465,65,29,10.620689655172415,33,-0.054413797417554255,-0.13639397296192746,-2.5066064019624155,SMA,150,0.05,3.0,0.0
6,SMA_N150_th5_bL3_sL0,20,06_SMA_N150_th5_bL3_sL0_sl25_rec10,sl25_rec10,0.25,recovery_trigger,0.1,0.20097494660852022,0.7136264819658814,0.7359009916166813,0.27310052425259507,0.9886312452047701,0.33730176717546884,53,25,50.04,130,-0.05582277093289356,-0.11555986920909911,-2.0701206206337828,SMA,150,0.05,3.0,0.0
6,SMA_N150_th5_bL3_sL0,21,06_SMA_N150_th5_bL3_sL0_sl25_rec15,sl25_rec15,0.25,recovery_trigger,0.15,0.19267694970579874,0.704236034006506,0.7194978804963643,0.2677936307093435,0.9750024402509165,0.32709845632656775,47,22,99.4090909090909,307,-0.06412076783561504,-0.0991567580887821,-1.546406280457964,SMA,150,0.05,3.0,0.0
6,SMA_N150_th5_bL3_sL0,22,06_SMA_N150_th5_bL3_sL0_sl30_next,sl30_next,0.3,next_signal,,0.21358556299493037,0.7617674160570789,0.6460381753109229,0.33060826922826453,1.0692458961171973,0.32362148523550105,31,12,290.25,1517,-0.04321215454648342,-0.025697052903340678,-0.594671873528044,SMA,150,0.05,3.0,0.0
6,SMA_N150_th5_bL3_sL0,23,06_SMA_N150_th5_bL3_sL0_sl30_cool21,sl30_cool21,0.3,time_cooldown,21.0,0.25250786113775847,0.8088592634529522,0.6712593181252096,0.37617036265954423,1.1288467012410155,0.3589166294722023,41,15,21.0,21,-0.004289856403655312,-0.050918195717627346,-11.869440588790066,SMA,150,0.05,3.0,0.0
6,SMA_N150_th5_bL3_sL0,24,06_SMA_N150_th5_bL3_sL0_sl30_cool63,sl30_cool63,0.3,time_cooldown,63.0,0.24040956781165135,0.7938130653086718,0.6689326926385306,0.35939276171924345,1.1035451120770061,0.3491452376940344,39,15,63.0,63,-0.016388149729762436,-0.0485915702309484,-2.965043097128988,SMA,150,0.05,3.0,0.0
6,SMA_N150_th5_bL3_sL0,25,06_SMA_N150_th5_bL3_sL0_sl30_cool126,sl30_cool126,0.3,time_cooldown,126.0,0.20665122229686372,0.7314769083125023,0.5289034585735596,0.3907163376359786,1.0194707709631883,0.33381569777036524,37,14,126.0,126,-0.05014649524455006,0.09143766383402263,1.8234108562942912,SMA,150,0.05,3.0,0.0
6,SMA_N150_th5_bL3_sL0,26,06_SMA_N150_th5_bL3_sL0_sl30_rec5,sl30_rec5,0.3,recovery_trigger,0.05,0.24954305486591677,0.7969859427179565,0.6403846290245303,0.38967683413331566,1.108367997539835,0.3635418817586027,41,16,9.375,40,-0.0072546626754970145,-0.020043506616948092,-2.762844740479256,SMA,150,0.05,3.0,0.0
6,SMA_N150_th5_bL3_sL0,27,06_SMA_N150_th5_bL3_sL0_sl30_rec10,sl30_rec10,0.3,recovery_trigger,0.1,0.2498749551006798,0.8080872044824245,0.6145377333468912,0.40660636693504976,1.1266549604656848,0.3548635636142606,39,15,37.2,90,-0.006922762440733976,0.005803389060691,0.8383053889793312,SMA,150,0.05,3.0,0.0
6,SMA_N150_th5_bL3_sL0,28,06_SMA_N150_th5_bL3_sL0_sl30_rec15,sl30_rec15,0.3,recovery_trigger,0.15,0.22612128860249103,0.7631264201878307,0.6667891081025152,0.3391196494585303,1.062283897403808,0.3469333332425388,39,15,89.73333333333333,262,-0.03067642893892275,-0.046447985694933025,-1.5141262298624032,SMA,150,0.05,3.0,0.0
6,SMA_N150_th5_bL3_sL0,29,06_SMA_N150_th5_bL3_sL0_sl35_next,sl35_next,0.35,next_signal,,0.21005950800732065,0.7384565820088086,0.585802168191534,0.35858438123540637,1.0315396953336335,0.33525540598079134,31,7,317.0,724,-0.046738209534093134,0.034538954216048245,0.7389875341898547,SMA,150,0.05,3.0,0.0
6,SMA_N150_th5_bL3_sL0,30,06_SMA_N150_th5_bL3_sL0_sl35_cool21,sl35_cool21,0.35,time_cooldown,21.0,0.2491901139845174,0.7922841520221172,0.6260753617780074,0.3980193586868457,1.1051793786072155,0.3668366957899261,41,9,21.0,21,-0.007607603556896381,-0.005734239370425165,-0.7537510764775605,SMA,150,0.05,3.0,0.0
6,SMA_N150_th5_bL3_sL0,31,06_SMA_N150_th5_bL3_sL0_sl35_cool63,sl35_cool63,0.35,time_cooldown,63.0,0.23564335739854214,0.7702563922275569,0.6172735787914663,0.38174865326310947,1.0718746136019397,0.35987859597409794,39,9,63.0,63,-0.021154360142871642,0.003067543616115942,0.14500762941532921,SMA,150,0.05,3.0,0.0
6,SMA_N150_th5_bL3_sL0,32,06_SMA_N150_th5_bL3_sL0_sl35_cool126,sl35_cool126,0.35,time_cooldown,126.0,0.21713010377418152,0.7449209117761477,0.6716833411484069,0.323262600800765,1.0357067154665782,0.34441381233423274,39,9,126.0,126,-0.03966761376723227,-0.051342218740824674,-1.2943107453374547,SMA,150,0.05,3.0,0.0
6,SMA_N150_th5_bL3_sL0,33,06_SMA_N150_th5_bL3_sL0_sl35_rec5,sl35_rec5,0.35,recovery_trigger,0.05,0.2519759554431622,0.7983629632111258,0.5858021681915339,0.4301383114047747,1.114392529363403,0.3668236575950652,39,9,13.666666666666666,40,-0.004821762098251581,0.034538954216048356,7.163139431655603,SMA,150,0.05,3.0,0.0
6,SMA_N150_th5_bL3_sL0,34,06_SMA_N150_th5_bL3_sL0_sl35_rec10,sl35_rec10,0.35,recovery_trigger,0.1,0.2389765192848894,0.7764294470558551,0.6312572088236965,0.3785723409483202,1.080382292178294,0.3610388947329501,39,9,49.0,131,-0.017821198256524395,-0.010916086416114301,-0.6125338071539543,SMA,150,0.05,3.0,0.0
6,SMA_N150_th5_bL3_sL0,35,06_SMA_N150_th5_bL3_sL0_sl35_rec15,sl35_rec15,0.35,recovery_trigger,0.15,0.2246393111828917,0.7471004884025059,0.6709321731182409,0.3348167224398444,1.0390079979590252,0.35827325135201615,39,9,80.44444444444444,164,-0.032158406358522074,-0.050591050710658725,-1.5731827674119785,SMA,150,0.05,3.0,0.0
6,SMA_N150_th5_bL3_sL0,36,06_SMA_N150_th5_bL3_sL0_sl40_next,sl40_next,0.4,next_signal,,0.23072655604604586,0.7714614858695019,0.6042290810361222,0.3818527828061498,1.0764364278081904,0.3490651848553596,31,4,333.75,582,-0.026071161495367923,0.01611204137146005,0.6180024382236551,SMA,150,0.05,3.0,0.0
6,SMA_N150_th5_bL3_sL0,37,06_SMA_N150_th5_bL3_sL0_sl40_cool21,sl40_cool21,0.4,time_cooldown,21.0,0.25825675623141797,0.8104166715986847,0.585802168191534,0.440860021103538,1.1338778115067636,0.36808326936254804,37,5,21.0,21,0.0014590386900041885,0.034538954216048245,23.67240461316971,SMA,150,0.05,3.0,0.0
6,SMA_N150_th5_bL3_sL0,38,06_SMA_N150_th5_bL3_sL0_sl40_cool63,sl40_cool63,0.4,time_cooldown,63.0,0.2493653004491616,0.7968290193751967,0.6336111106600244,0.39356207025694523,1.111170793635203,0.36322699970161604,35,5,63.0,63,-0.007432417092252175,-0.013269988252442189,-1.7854202862586,SMA,150,0.05,3.0,0.0
6,SMA_N150_th5_bL3_sL0,39,06_SMA_N150_th5_bL3_sL0_sl40_cool126,sl40_cool126,0.4,time_cooldown,126.0,0.24015871115778187,0.7844324383937016,0.6003326519820419,0.4000427269196177,1.095542893321204,0.35625574353922185,35,5,126.0,126,-0.016639006383631916,0.020008470425540326,1.202503921461501,SMA,150,0.05,3.0,0.0
6,SMA_N150_th5_bL3_sL0,40,06_SMA_N150_th5_bL3_sL0_sl40_rec5,sl40_rec5,0.4,recovery_trigger,0.05,0.2561020665744629,0.8048184205891855,0.6005234771293687,0.42646470342622705,1.1255873460085055,0.36888327172628305,35,5,11.6,30,-0.0006956509669509003,0.019817645278213503,19.8176452782135,SMA,150,0.05,3.0,0.0
6,SMA_N150_th5_bL3_sL0,41,06_SMA_N150_th5_bL3_sL0_sl40_rec10,sl40_rec10,0.4,recovery_trigger,0.1,0.24905736473126905,0.793387788834263,0.6243360596792357,0.3989155533627626,1.1063752694163684,0.36562324722706424,35,5,38.8,80,-0.007740352810144735,-0.003994937271653454,-0.5161182402974669,SMA,150,0.05,3.0,0.0
6,SMA_N150_th5_bL3_sL0,42,06_SMA_N150_th5_bL3_sL0_sl40_rec15,sl40_rec15,0.4,recovery_trigger,0.15,0.24195053344214412,0.7781513982494289,0.67008048174395,0.3610768258947704,1.0842120759857863,0.3652897115072505,35,5,54.4,92,-0.014847184099269661,-0.04973935933636775,-3.35008706053658,SMA,150,0.05,3.0,0.0
7,SMA_N150_th5_bL2_sL0,0,07_SMA_N150_th5_bL2_sL0_baseline,baseline,,—,,0.17953829921834186,0.7922540279185106,0.44923352057004506,0.3996547252095539,1.1076373207925183,0.24733766845067767,31,0,,0,0.0,0.0,0.0,SMA,150,0.05,2.0,0.0
7,SMA_N150_th5_bL2_sL0,1,07_SMA_N150_th5_bL2_sL0_sl15_next,sl15_next,0.15,next_signal,,0.0665675266635326,0.49508900373003467,0.3741104662758417,0.17793548340465454,0.6959205334350731,0.1543531225677047,31,15,437.2,1193,-0.11297077255480925,0.07512305429420335,0.6649777866904152,SMA,150,0.05,2.0,0.0
7,SMA_N150_th5_bL2_sL0,2,07_SMA_N150_th5_bL2_sL0_sl15_cool21,sl15_cool21,0.15,time_cooldown,21.0,0.15814485189862837,0.7616983717632287,0.5113076072839619,0.3092949325332459,1.064764874379094,0.22673876381868113,72,34,21.0,21,-0.021393447319713488,-0.06207408671391679,-2.9015467113015108,SMA,150,0.05,2.0,0.0
7,SMA_N150_th5_bL2_sL0,3,07_SMA_N150_th5_bL2_sL0_sl15_cool63,sl15_cool63,0.15,time_cooldown,63.0,0.13945316101918248,0.7178469217582579,0.4233210675129576,0.32942646072041737,1.0013192924760659,0.2139716749333162,60,29,63.0,63,-0.040085138199159376,0.025912453057087448,0.6464354177436977,SMA,150,0.05,2.0,0.0
7,SMA_N150_th5_bL2_sL0,4,07_SMA_N150_th5_bL2_sL0_sl15_cool126,sl15_cool126,0.15,time_cooldown,126.0,0.08460871950078164,0.5170430288020382,0.5069638311901047,0.16689300951147043,0.7105012867090704,0.1936042341967854,54,27,126.0,126,-0.09492957971756022,-0.05773031062005962,-0.6081382725155011,SMA,150,0.05,2.0,0.0
7,SMA_N150_th5_bL2_sL0,5,07_SMA_N150_th5_bL2_sL0_sl15_rec5,sl15_rec5,0.15,recovery_trigger,0.05,0.1371425055762734,0.669077295561463,0.6481808621097708,0.21158061521576985,0.924860601787904,0.23299007118636747,79,37,12.567567567567568,42,-0.04239579364206847,-0.1989473415397257,-4.692619820243544,SMA,150,0.05,2.0,0.0
7,SMA_N150_th5_bL2_sL0,6,07_SMA_N150_th5_bL2_sL0_sl15_rec10,sl15_rec10,0.15,recovery_trigger,0.1,0.13335000214099568,0.6887115862100163,0.5385818478009745,0.2475946834923284,0.9551596310937053,0.2158334444111251,63,31,55.483870967741936,211,-0.046188297077346174,-0.08934832723092945,-1.9344364889943482,SMA,150,0.05,2.0,0.0
7,SMA_N150_th5_bL2_sL0,7,07_SMA_N150_th5_bL2_sL0_sl15_rec15,sl15_rec15,0.15,recovery_trigger,0.15,0.11317255781949243,0.6211514629424988,0.5380507694436385,0.21033806519135068,0.8586810295345789,0.2075409983915213,56,28,104.70370370370371,308,-0.06636574139884943,-0.08881724887359344,-1.3382996558391984,SMA,150,0.05,2.0,0.0
7,SMA_N150_th5_bL2_sL0,8,07_SMA_N150_th5_bL2_sL0_sl20_next,sl20_next,0.2,next_signal,,0.15065297731393845,0.7607309672124096,0.4610512947286674,0.32675968820909396,1.0680704829125383,0.21509512815499138,31,12,291.4166666666667,1517,-0.028885321904403405,-0.01181777415862234,-0.4091273137870341,SMA,150,0.05,2.0,0.0
7,SMA_N150_th5_bL2_sL0,9,07_SMA_N150_th5_bL2_sL0_sl20_cool21,sl20_cool21,0.2,time_cooldown,21.0,0.17904683967183233,0.8118778508551344,0.4875900522187092,0.3672077370264326,1.1344997157752537,0.23803034163719516,41,15,21.0,21,-0.0004914595465095317,-0.03835653164866415,-38.35653164866415,SMA,150,0.05,2.0,0.0
7,SMA_N150_th5_bL2_sL0,10,07_SMA_N150_th5_bL2_sL0_sl20_cool63,sl20_cool63,0.2,time_cooldown,63.0,0.1737969883355006,0.8053373743319865,0.493374812146829,0.35226157488513704,1.123671136041816,0.23292320442686204,39,15,63.0,63,-0.005741310882841244,-0.044141291576783925,-7.688364639634251,SMA,150,0.05,2.0,0.0
7,SMA_N150_th5_bL2_sL0,11,07_SMA_N150_th5_bL2_sL0_sl20_cool126,sl20_cool126,0.2,time_cooldown,126.0,0.14175665299305007,0.7076548998463159,0.42715008374379254,0.33186614819459254,0.9841016730703572,0.2226059098442636,37,14,126.0,126,-0.03778164622529179,0.022083436826252523,0.5845017100252616,SMA,150,0.05,2.0,0.0
7,SMA_N150_th5_bL2_sL0,12,07_SMA_N150_th5_bL2_sL0_sl20_rec5,sl20_rec5,0.2,recovery_trigger,0.05,0.1709749568541763,0.7760562319555099,0.5192402532242418,0.3292790876525864,1.0785630971463025,0.24118198871257407,45,17,9.882352941176471,40,-0.00856334236416556,-0.07000673265419677,-8.175164518371846,SMA,150,0.05,2.0,0.0
7,SMA_N150_th5_bL2_sL0,13,07_SMA_N150_th5_bL2_sL0_sl20_rec10,sl20_rec10,0.2,recovery_trigger,0.1,0.17708058037044783,0.8114276425073308,0.43323933811863835,0.40873615295284205,1.1327885275854543,0.2353117128463439,39,15,38.733333333333334,90,-0.0024577188478940304,0.015994182451406713,6.507734790377591,SMA,150,0.05,2.0,0.0
7,SMA_N150_th5_bL2_sL0,14,07_SMA_N150_th5_bL2_sL0_sl20_rec15,sl20_rec15,0.2,recovery_trigger,0.15,0.16149262408080767,0.7667849383686371,0.48654521925241095,0.3319169887825538,1.068838303648215,0.22999557003065307,39,15,91.26666666666667,262,-0.01804567513753419,-0.03731169868236589,-2.0676255334309572,SMA,150,0.05,2.0,0.0
7,SMA_N150_th5_bL2_sL0,15,07_SMA_N150_th5_bL2_sL0_sl25_next,sl25_next,0.25,next_signal,,0.14562099007636609,0.7196678700088023,0.4321975290801469,0.33693156549574366,1.0069173285129398,0.2240444654195893,31,7,306.42857142857144,720,-0.03391730914197577,0.01703599148989815,0.5022801608048132,SMA,150,0.05,2.0,0.0
7,SMA_N150_th5_bL2_sL0,16,07_SMA_N150_th5_bL2_sL0_sl25_cool21,sl25_cool21,0.25,time_cooldown,21.0,0.172211154513084,0.7742493759646308,0.4479731280005568,0.3844229569789507,1.0788804198130775,0.24398488071320598,43,9,21.0,21,-0.00732714470525786,0.001260392569488289,0.1720168797244919,SMA,150,0.05,2.0,0.0
7,SMA_N150_th5_bL2_sL0,17,07_SMA_N150_th5_bL2_sL0_sl25_cool63,sl25_cool63,0.25,time_cooldown,63.0,0.16275382901216906,0.7536725768931948,0.4730665598983049,0.344040020599123,1.0474092639272536,0.23796842474917324,41,9,63.0,63,-0.016784470206172797,-0.02383303932825981,-1.4199458806566783,SMA,150,0.05,2.0,0.0
7,SMA_N150_th5_bL2_sL0,18,07_SMA_N150_th5_bL2_sL0_sl25_cool126,sl25_cool126,0.25,time_cooldown,126.0,0.1453418864178706,0.710025871695991,0.5556823427772807,0.26155570409427986,0.9844113932371491,0.22805423714882034,41,9,126.0,126,-0.034196412800471254,-0.10644882220723562,-3.112865165955906,SMA,150,0.05,2.0,0.0
7,SMA_N150_th5_bL2_sL0,19,07_SMA_N150_th5_bL2_sL0_sl25_rec5,sl25_rec5,0.25,recovery_trigger,0.05,0.1719518273842766,0.7722343664500112,0.432197529080147,0.3978547210814566,1.0763838471912854,0.2444954365843182,41,9,13.333333333333334,37,-0.007586471834065245,0.01703599148989804,2.2455750001472325,SMA,150,0.05,2.0,0.0
7,SMA_N150_th5_bL2_sL0,20,07_SMA_N150_th5_bL2_sL0_sl25_rec10,sl25_rec10,0.25,recovery_trigger,0.1,0.16149643245916634,0.7455207281696019,0.4659363520469729,0.34660620865848485,1.0354444392286335,0.23966706354624698,41,9,49.77777777777778,127,-0.018041866759175518,-0.01670283147692786,-0.9257817774556689,SMA,150,0.05,2.0,0.0
7,SMA_N150_th5_bL2_sL0,21,07_SMA_N150_th5_bL2_sL0_sl25_rec15,sl25_rec15,0.25,recovery_trigger,0.15,0.14987747708774912,0.7105334372207124,0.5376317374150177,0.2787734924436821,0.9848704466984243,0.23612239655656653,41,9,83.88888888888889,160,-0.029660822130592734,-0.08839821684497262,-2.9803023144728353,SMA,150,0.05,2.0,0.0
7,SMA_N150_th5_bL2_sL0,22,07_SMA_N150_th5_bL2_sL0_sl30_next,sl30_next,0.3,next_signal,,0.1462741386643318,0.7199110685135629,0.4696788900176609,0.31143434753652993,1.003785363420516,0.22509282861883348,31,4,456.75,673,-0.03326416055401005,-0.020445369447615824,-0.6146365670169032,SMA,150,0.05,2.0,0.0
7,SMA_N150_th5_bL2_sL0,23,07_SMA_N150_th5_bL2_sL0_sl30_cool21,sl30_cool21,0.3,time_cooldown,21.0,0.16987840755596584,0.7642696218260585,0.5396172911382494,0.31481275775583545,1.063894048652398,0.24483516519219026,37,5,21.0,21,-0.009659891662376019,-0.09038377056820435,-9.35660292342998,SMA,150,0.05,2.0,0.0
7,SMA_N150_th5_bL2_sL0,24,07_SMA_N150_th5_bL2_sL0_sl30_cool63,sl30_cool63,0.3,time_cooldown,63.0,0.17255691650468208,0.7815642700802534,0.4728130583776452,0.36495801765030234,1.0881073198443025,0.2412071395317793,37,5,63.0,63,-0.006981382713659778,-0.023579537807600137,-3.3774882103890964,SMA,150,0.05,2.0,0.0
7,SMA_N150_th5_bL2_sL0,25,07_SMA_N150_th5_bL2_sL0_sl30_cool126,sl30_cool126,0.3,time_cooldown,126.0,0.15997474392186284,0.7468193314945105,0.5425438170446718,0.29486050508007333,1.039956380695222,0.23642573326281727,37,5,126.0,126,-0.019563555296479018,-0.09331029647462674,-4.7695981155030855,SMA,150,0.05,2.0,0.0
7,SMA_N150_th5_bL2_sL0,26,07_SMA_N150_th5_bL2_sL0_sl30_rec5,sl30_rec5,0.3,recovery_trigger,0.05,0.17561186322420963,0.7836340526655041,0.4551114162946558,0.3858656516550929,1.0937834203091503,0.24510072973917557,37,5,24.2,74,-0.003926435994132227,-0.005877895724610727,-1.4970053589043129,SMA,150,0.05,2.0,0.0
7,SMA_N150_th5_bL2_sL0,27,07_SMA_N150_th5_bL2_sL0_sl30_rec10,sl30_rec10,0.3,recovery_trigger,0.1,0.16729380978029074,0.7584731932619913,0.4976351707616069,0.33617762491396164,1.0543498640995905,0.24329573593332154,37,5,52.0,98,-0.01224448943805112,-0.04840165019156184,-3.952933312282364,SMA,150,0.05,2.0,0.0
7,SMA_N150_th5_bL2_sL0,28,07_SMA_N150_th5_bL2_sL0_sl30_rec15,sl30_rec15,0.3,recovery_trigger,0.15,0.16068152707044958,0.7368238886193458,0.5396172911382495,0.297769418640225,1.0232695279687243,0.2424525050267761,37,5,70.8,165,-0.018856772147892276,-0.09038377056820446,-4.793172970396587,SMA,150,0.05,2.0,0.0
7,SMA_N150_th5_bL2_sL0,29,07_SMA_N150_th5_bL2_sL0_sl35_next,sl35_next,0.35,next_signal,,0.1823999877797422,0.8030877177835795,0.43219752908014736,0.42202922392441,1.1231560483729677,0.24687856796845442,31,2,161.0,260,0.002861688561400344,0.017035991489897706,5.953125619498329,SMA,150,0.05,2.0,0.0
7,SMA_N150_th5_bL2_sL0,30,07_SMA_N150_th5_bL2_sL0_sl35_cool21,sl35_cool21,0.35,time_cooldown,21.0,0.1823999877797422,0.8030877177835795,0.43219752908014736,0.42202922392441,1.1231560483729677,0.24687856796845442,31,2,21.0,21,0.002861688561400344,0.017035991489897706,5.953125619498329,SMA,150,0.05,2.0,0.0
7,SMA_N150_th5_bL2_sL0,31,07_SMA_N150_th5_bL2_sL0_sl35_cool63,sl35_cool63,0.35,time_cooldown,63.0,0.18169975365754198,0.8007484811568013,0.445583723226637,0.4077791539192381,1.1197601915376483,0.24685116071983063,31,2,63.0,63,0.002161454439200128,0.00364979734340809,1.6885839817927142,SMA,150,0.05,2.0,0.0
7,SMA_N150_th5_bL2_sL0,32,07_SMA_N150_th5_bL2_sL0_sl35_cool126,sl35_cool126,0.35,time_cooldown,126.0,0.17838511592051765,0.7936171740961151,0.4264119041744417,0.41833990602556376,1.1126029981269387,0.24490209035680285,31,2,126.0,126,-0.0011531832978242118,0.022821616395603372,19.790103133354815,SMA,150,0.05,2.0,0.0
7,SMA_N150_th5_bL2_sL0,33,07_SMA_N150_th5_bL2_sL0_sl35_rec5,sl35_rec5,0.35,recovery_trigger,0.05,0.1823999877797422,0.8030877177835795,0.43219752908014736,0.42202922392441,1.1231560483729677,0.24687856796845442,31,2,13.0,25,0.002861688561400344,0.017035991489897706,5.953125619498329,SMA,150,0.05,2.0,0.0
7,SMA_N150_th5_bL2_sL0,34,07_SMA_N150_th5_bL2_sL0_sl35_rec10,sl35_rec10,0.35,recovery_trigger,0.1,0.1823999877797422,0.8030877177835795,0.43219752908014736,0.42202922392441,1.1231560483729677,0.24687856796845442,31,2,43.5,75,0.002861688561400344,0.017035991489897706,5.953125619498329,SMA,150,0.05,2.0,0.0
7,SMA_N150_th5_bL2_sL0,35,07_SMA_N150_th5_bL2_sL0_sl35_rec15,sl35_rec15,0.35,recovery_trigger,0.15,0.1823999877797422,0.8030877177835795,0.43219752908014736,0.42202922392441,1.1231560483729677,0.24687856796845442,31,2,50.0,87,0.002861688561400344,0.017035991489897706,5.953125619498329,SMA,150,0.05,2.0,0.0
7,SMA_N150_th5_bL2_sL0,36,07_SMA_N150_th5_bL2_sL0_sl40_next,sl40_next,0.4,next_signal,,0.16091040312896032,0.7441238336570475,0.503646407287406,0.31949081895691306,1.0395724996738411,0.2392843613898573,31,2,457.0,665,-0.018627896089381535,-0.05441288671736089,-2.921043066606855,SMA,150,0.05,2.0,0.0
7,SMA_N150_th5_bL2_sL0,37,07_SMA_N150_th5_bL2_sL0_sl40_cool21,sl40_cool21,0.4,time_cooldown,21.0,0.17767969771193703,0.7875364404438207,0.4338996589373471,0.4094949006115561,1.1010547008685236,0.24657544307532367,33,2,21.0,21,-0.0018586015064048222,0.015333861632697954,8.250214787762086,SMA,150,0.05,2.0,0.0
7,SMA_N150_th5_bL2_sL0,38,07_SMA_N150_th5_bL2_sL0_sl40_cool63,sl40_cool63,0.4,time_cooldown,63.0,0.17442337168167832,0.7782744595414459,0.46790763953360776,0.37277307943836263,1.0886588987837869,0.24565390557156422,33,2,63.0,63,-0.005114927536663538,-0.01867411896356269,-3.6509058690876,SMA,150,0.05,2.0,0.0
7,SMA_N150_th5_bL2_sL0,39,07_SMA_N150_th5_bL2_sL0_sl40_cool126,sl40_cool126,0.4,time_cooldown,126.0,0.16900267497125454,0.7628678782746374,0.44070142781352045,0.38348565333617834,1.0661939095438828,0.2440214686881004,33,2,126.0,126,-0.010535624247087316,0.008532092756524612,0.8098326740234114,SMA,150,0.05,2.0,0.0
7,SMA_N150_th5_bL2_sL0,40,07_SMA_N150_th5_bL2_sL0_sl40_rec5,sl40_rec5,0.4,recovery_trigger,0.05,0.1772552195435566,0.7859053825233963,0.4455940750170433,0.3977952793397822,1.0987408964749417,0.24665236316107234,33,2,15.0,16,-0.002283079674785249,0.0036394455530017744,1.5940948505636836,SMA,150,0.05,2.0,0.0
7,SMA_N150_th5_bL2_sL0,41,07_SMA_N150_th5_bL2_sL0_sl40_rec10,sl40_rec10,0.4,recovery_trigger,0.1,0.17496313209625125,0.778557959665831,0.45796936703549607,0.3820411247783092,1.088130770000833,0.24639353087605212,33,2,50.5,64,-0.0045751671220906065,-0.008735846465451003,-1.9094048878064127,SMA,150,0.05,2.0,0.0
7,SMA_N150_th5_bL2_sL0,42,07_SMA_N150_th5_bL2_sL0_sl40_rec15,sl40_rec15,0.4,recovery_trigger,0.15,0.1725598416295313,0.7704556876577608,0.5008725918330057,0.3445184353131144,1.0765242424690542,0.24629376924908603,33,2,64.0,76,-0.006978457588810549,-0.051639071262960634,-7.399782918471861,SMA,150,0.05,2.0,0.0
8,SMA_N200_th2_bL2_sL0,0,08_SMA_N200_th2_bL2_sL0_baseline,baseline,,—,,0.1723946684307749,0.7784598993731179,0.42396636550785316,0.4066234551985507,1.0872579952478294,0.2423222329683376,56,0,,0,0.0,0.0,0.0,SMA,200,0.02,2.0,0.0
8,SMA_N200_th2_bL2_sL0,1,08_SMA_N200_th2_bL2_sL0_sl15_next,sl15_next,0.15,next_signal,,0.08196598620722195,0.5403399449888773,0.38571562269132587,0.2125036720973481,0.7541656329449121,0.17400099212317918,56,20,231.45,1061,-0.09042868222355294,0.038250742816527294,0.42299347813081983,SMA,200,0.02,2.0,0.0
8,SMA_N200_th2_bL2_sL0,2,08_SMA_N200_th2_bL2_sL0_sl15_cool21,sl15_cool21,0.15,time_cooldown,21.0,0.16653861255148605,0.8015168438500945,0.39371390415493884,0.42299398317908493,1.1245297348089107,0.2235867760660352,81,33,21.0,21,-0.005856055879288835,0.030252461352914317,5.166013094224129,SMA,200,0.02,2.0,0.0
8,SMA_N200_th2_bL2_sL0,3,08_SMA_N200_th2_bL2_sL0_sl15_cool63,sl15_cool63,0.15,time_cooldown,63.0,0.14754648171216123,0.763412654402676,0.3309710467597415,0.4457987584009672,1.0674002071560142,0.2091183977612431,69,29,63.0,63,-0.024848186718613663,0.09299531874811168,3.7425394376342687,SMA,200,0.02,2.0,0.0
8,SMA_N200_th2_bL2_sL0,4,08_SMA_N200_th2_bL2_sL0_sl15_cool126,sl15_cool126,0.15,time_cooldown,126.0,0.09869978487508169,0.5888693592200105,0.4671152624004945,0.21129642471510304,0.8157187320987925,0.19106038355306534,59,25,126.0,126,-0.0736948835556932,-0.04314889689264134,-0.5855073623941961,SMA,200,0.02,2.0,0.0
8,SMA_N200_th2_bL2_sL0,5,08_SMA_N200_th2_bL2_sL0_sl15_rec5,sl15_rec5,0.15,recovery_trigger,0.05,0.15675521818077498,0.7486713918457993,0.49759860537636164,0.3150234274917476,1.0421990641241201,0.23016543882104565,88,35,16.65714285714286,73,-0.01563945024999991,-0.07363223986850848,-4.708109216851079,SMA,200,0.02,2.0,0.0
8,SMA_N200_th2_bL2_sL0,6,08_SMA_N200_th2_bL2_sL0_sl15_rec10,sl15_rec10,0.15,recovery_trigger,0.1,0.1506220547833832,0.7616525088254992,0.42677149503678424,0.3529337280841608,1.0612374530622328,0.21469572823537103,70,31,53.645161290322584,131,-0.021772613647391692,-0.002805129528931083,-0.12883751920464223,SMA,200,0.02,2.0,0.0
8,SMA_N200_th2_bL2_sL0,7,08_SMA_N200_th2_bL2_sL0_sl15_rec15,sl15_rec15,0.15,recovery_trigger,0.15,0.12547653908444234,0.6780447253015742,0.5007147343702559,0.25059486064905395,0.9416599816836213,0.20579683418952754,61,27,101.96153846153847,308,-0.04691812934633255,-0.07674836886240277,-1.635793454079856,SMA,200,0.02,2.0,0.0
8,SMA_N200_th2_bL2_sL0,8,08_SMA_N200_th2_bL2_sL0_sl20_next,sl20_next,0.2,next_signal,,0.11738224058146907,0.6426410161886413,0.41906719984110813,0.28010362210637163,0.8929903913099924,0.20596131308715915,56,14,213.21428571428572,994,-0.05501242784930582,0.004899165666745031,0.08905561630846749,SMA,200,0.02,2.0,0.0
8,SMA_N200_th2_bL2_sL0,9,08_SMA_N200_th2_bL2_sL0_sl20_cool21,sl20_cool21,0.2,time_cooldown,21.0,0.1796647640471276,0.8266659057668639,0.44924828833627,0.3999230908869829,1.1595866162271398,0.23292769473339936,66,18,21.0,21,0.007270095616352723,-0.025281922828416847,-3.47752274007922,SMA,200,0.02,2.0,0.0
8,SMA_N200_th2_bL2_sL0,10,08_SMA_N200_th2_bL2_sL0_sl20_cool63,sl20_cool63,0.2,time_cooldown,63.0,0.154288559706232,0.7470989967171165,0.47863289612673166,0.32235260249512754,1.04247842708581,0.22669599863392942,64,18,63.0,63,-0.01810610872454288,-0.054666530618878495,-3.019231324109849,SMA,200,0.02,2.0,0.0
8,SMA_N200_th2_bL2_sL0,11,08_SMA_N200_th2_bL2_sL0_sl20_cool126,sl20_cool126,0.2,time_cooldown,126.0,0.14325479337629954,0.7260757589721304,0.4104811427593277,0.34899238589455095,1.0159829443451467,0.21705310270409303,56,16,126.0,126,-0.02913987505447535,0.013485222748525483,0.4627755858017792,SMA,200,0.02,2.0,0.0
8,SMA_N200_th2_bL2_sL0,12,08_SMA_N200_th2_bL2_sL0_sl20_rec5,sl20_rec5,0.2,recovery_trigger,0.05,0.16999635819168968,0.782782666212014,0.43963102016974964,0.3866796253959763,1.0914406935551013,0.23662372458761977,68,19,18.05263157894737,44,-0.0023983102390852107,-0.015664654661896482,-6.531538083192883,SMA,200,0.02,2.0,0.0
8,SMA_N200_th2_bL2_sL0,13,08_SMA_N200_th2_bL2_sL0_sl20_rec10,sl20_rec10,0.2,recovery_trigger,0.1,0.17287402763228044,0.8090491832820477,0.3982256586779053,0.4341107205553151,1.1341692316065886,0.2300280190003423,60,17,53.05882352941177,170,0.000479359201505547,0.025740706829947835,25.740706829947833,SMA,200,0.02,2.0,0.0
8,SMA_N200_th2_bL2_sL0,14,08_SMA_N200_th2_bL2_sL0_sl20_rec15,sl20_rec15,0.2,recovery_trigger,0.15,0.16351667236794443,0.7887330000777637,0.4067475323679263,0.40201023818390197,1.1061567872513431,0.2240688846532664,56,16,112.75,298,-0.008877996062830462,0.017218833139926837,1.939495469255386,SMA,200,0.02,2.0,0.0
8,SMA_N200_th2_bL2_sL0,15,08_SMA_N200_th2_bL2_sL0_sl25_next,sl25_next,0.25,next_signal,,0.18287870694357866,0.8313978403520813,0.36591392321872535,0.4997861391414253,1.1723832977001243,0.23561833744620947,56,9,172.55555555555554,369,0.010484038512803773,0.058052442289127815,5.537221388325738,SMA,200,0.02,2.0,0.0
8,SMA_N200_th2_bL2_sL0,16,08_SMA_N200_th2_bL2_sL0_sl25_cool21,sl25_cool21,0.25,time_cooldown,21.0,0.18228738243742937,0.8217609934062172,0.3733523781889083,0.4882448675476117,1.1555800875640887,0.23866518448783305,58,9,21.0,21,0.00989271400665448,0.05061398731894484,5.1162893504147196,SMA,200,0.02,2.0,0.0
8,SMA_N200_th2_bL2_sL0,17,08_SMA_N200_th2_bL2_sL0_sl25_cool63,sl25_cool63,0.25,time_cooldown,63.0,0.17560271601893795,0.8029906868647582,0.41059397705871925,0.42767971726439846,1.1262056115762433,0.23656855189950354,58,9,63.0,63,0.0032080475881630655,0.01337238844913391,4.168388429920694,SMA,200,0.02,2.0,0.0
8,SMA_N200_th2_bL2_sL0,18,08_SMA_N200_th2_bL2_sL0_sl25_cool126,sl25_cool126,0.25,time_cooldown,126.0,0.15274890637668204,0.7386771950450765,0.44974951800411483,0.33963106187316583,1.0335574308274762,0.22780409937893703,60,9,126.0,126,-0.019645762054092852,-0.025783152496261674,-1.3124027678473384,SMA,200,0.02,2.0,0.0
8,SMA_N200_th2_bL2_sL0,19,08_SMA_N200_th2_bL2_sL0_sl25_rec5,sl25_rec5,0.25,recovery_trigger,0.05,0.18397105774655653,0.8271539410633952,0.36591392321872535,0.5027714062593559,1.1634491401601244,0.2388975113213762,58,9,17.0,34,0.011576389315781643,0.058052442289127815,5.014727883243109,SMA,200,0.02,2.0,0.0
8,SMA_N200_th2_bL2_sL0,20,08_SMA_N200_th2_bL2_sL0_sl25_rec10,sl25_rec10,0.25,recovery_trigger,0.1,0.18002186927826913,0.8148422600485489,0.36784640371538907,0.4893941260808303,1.1451161901343958,0.2382016300201817,58,9,50.22222222222222,97,0.007627200847494242,0.05611996179246409,7.357871244586556,SMA,200,0.02,2.0,0.0
8,SMA_N200_th2_bL2_sL0,21,08_SMA_N200_th2_bL2_sL0_sl25_rec15,sl25_rec15,0.25,recovery_trigger,0.15,0.17368312243370831,0.7930475424389328,0.4182552192673431,0.4152563182306457,1.1135356645886338,0.2378458309535564,58,9,83.55555555555556,225,0.0012884540029334257,0.005711146240510057,4.432557334221849,SMA,200,0.02,2.0,0.0
8,SMA_N200_th2_bL2_sL0,22,08_SMA_N200_th2_bL2_sL0_sl30_next,sl30_next,0.3,next_signal,,0.15793578299837785,0.7444562300263508,0.4239663655078533,0.3725196049672302,1.0391913789392402,0.23404062139255655,56,5,208.4,448,-0.01445888543239704,-1.6653345369377348e-16,-1.151772413388333e-14,SMA,200,0.02,2.0,0.0
8,SMA_N200_th2_bL2_sL0,23,08_SMA_N200_th2_bL2_sL0_sl30_cool21,sl30_cool21,0.3,time_cooldown,21.0,0.17098096631477855,0.7763032450077225,0.4239663655078533,0.40328898758269865,1.0842215513371298,0.241039864143921,60,6,21.0,21,-0.0014137021159963403,-1.6653345369377348e-16,-1.177995362738812e-13,SMA,200,0.02,2.0,0.0
8,SMA_N200_th2_bL2_sL0,24,08_SMA_N200_th2_bL2_sL0_sl30_cool63,sl30_cool63,0.3,time_cooldown,63.0,0.16181536304125177,0.7501367568255767,0.4912912293334521,0.32936749809434007,1.043248282124888,0.23801464391568494,60,6,63.0,63,-0.01057930538952312,-0.06732486382559894,-6.363826484513056,SMA,200,0.02,2.0,0.0
8,SMA_N200_th2_bL2_sL0,25,08_SMA_N200_th2_bL2_sL0_sl30_cool126,sl30_cool126,0.3,time_cooldown,126.0,0.15553454705774694,0.7424907214492743,0.4736999844330601,0.3283397765864313,1.035456880247717,0.23086784911697603,60,6,126.0,126,-0.016860121373027948,-0.049733618925206946,-2.9497782266721115,SMA,200,0.02,2.0,0.0
8,SMA_N200_th2_bL2_sL0,26,08_SMA_N200_th2_bL2_sL0_sl30_rec5,sl30_rec5,0.3,recovery_trigger,0.05,0.17135011843608106,0.7790122655462802,0.4239663655078533,0.4041596984487843,1.087740941383023,0.24041379753797212,60,6,23.5,69,-0.001044549994693833,-1.6653345369377348e-16,-1.5943081187089176e-13,SMA,200,0.02,2.0,0.0
8,SMA_N200_th2_bL2_sL0,27,08_SMA_N200_th2_bL2_sL0_sl30_rec10,sl30_rec10,0.3,recovery_trigger,0.1,0.164029331859612,0.7552098862096102,0.4239663655078532,0.3868923226094303,1.0522862280764473,0.23934981571036268,60,6,59.166666666666664,93,-0.008365336571162896,-5.551115123125783e-17,-6.6358538905196756e-15,SMA,200,0.02,2.0,0.0
8,SMA_N200_th2_bL2_sL0,28,08_SMA_N200_th2_bL2_sL0_sl30_rec15,sl30_rec15,0.3,recovery_trigger,0.15,0.1564935873528619,0.7300424254210418,0.44834798561429745,0.3490449212980058,1.0162795852541866,0.23838332002608795,60,6,103.16666666666667,209,-0.015901081077912993,-0.02438162010644429,-1.5333309720878654,SMA,200,0.02,2.0,0.0
8,SMA_N200_th2_bL2_sL0,29,08_SMA_N200_th2_bL2_sL0_sl35_next,sl35_next,0.35,next_signal,,0.13431826891301024,0.6749860512949969,0.4677795394883654,0.28714011104444853,0.9398164571909183,0.22424920543478122,56,5,261.4,402,-0.03807639951776465,-0.043813173980512266,-1.150664835315406,SMA,200,0.02,2.0,0.0
8,SMA_N200_th2_bL2_sL0,30,08_SMA_N200_th2_bL2_sL0_sl35_cool21,sl35_cool21,0.35,time_cooldown,21.0,0.16164094172364307,0.7445316433648687,0.42396636550785355,0.3812588801237084,1.037350578702919,0.24034126312012882,64,5,21.0,21,-0.010753726707131817,-3.885780586188048e-16,-3.613426946782103e-14,SMA,200,0.02,2.0,0.0
8,SMA_N200_th2_bL2_sL0,31,08_SMA_N200_th2_bL2_sL0_sl35_cool63,sl35_cool63,0.35,time_cooldown,63.0,0.14577957876089176,0.6931875810300024,0.4912912293334521,0.29672741961763655,0.962176365578227,0.2372320670182721,64,5,63.0,63,-0.02661508966988313,-0.06732486382559894,-2.5295749389032425,SMA,200,0.02,2.0,0.0
8,SMA_N200_th2_bL2_sL0,32,08_SMA_N200_th2_bL2_sL0_sl35_cool126,sl35_cool126,0.35,time_cooldown,126.0,0.1289106925778305,0.6399377855841362,0.4736999844330603,0.27213573319432355,0.8884386681268958,0.2317463591045452,64,5,126.0,126,-0.04348397585294439,-0.04973361892520711,-1.143722899060518,SMA,200,0.02,2.0,0.0
8,SMA_N200_th2_bL2_sL0,33,08_SMA_N200_th2_bL2_sL0_sl35_rec5,sl35_rec5,0.35,recovery_trigger,0.05,0.16294121363633307,0.7488465099767283,0.42396636550785316,0.3843258024516921,1.0437364259357083,0.2405025214298605,64,5,13.8,23,-0.009453454794441818,0.0,0.0,SMA,200,0.02,2.0,0.0
8,SMA_N200_th2_bL2_sL0,34,08_SMA_N200_th2_bL2_sL0_sl35_rec10,sl35_rec10,0.35,recovery_trigger,0.1,0.15200679498361636,0.7124167282568113,0.4411920324301517,0.3445365822821872,0.9901577333978434,0.23904722300843112,64,5,34.8,57,-0.020387873447158533,-0.017225666922298544,-0.8448976773837731,SMA,200,0.02,2.0,0.0
8,SMA_N200_th2_bL2_sL0,35,08_SMA_N200_th2_bL2_sL0_sl35_rec15,sl35_rec15,0.35,recovery_trigger,0.15,0.14354300405148845,0.6835296543221813,0.4403705055685909,0.3259596231726527,0.948680442586582,0.23798672411796237,64,5,54.4,114,-0.028851664379286435,-0.01640414006073776,-0.5685682408157651,SMA,200,0.02,2.0,0.0
8,SMA_N200_th2_bL2_sL0,36,08_SMA_N200_th2_bL2_sL0_sl40_next,sl40_next,0.4,next_signal,,0.16116097919654648,0.7502357563001756,0.431114152953894,0.37382437596239626,1.047005833429565,0.23684109346568333,56,2,179.5,304,-0.011233689234228406,-0.007147787446040832,-0.6362813940287697,SMA,200,0.02,2.0,0.0
8,SMA_N200_th2_bL2_sL0,37,08_SMA_N200_th2_bL2_sL0_sl40_cool21,sl40_cool21,0.4,time_cooldown,21.0,0.1647840709113617,0.7526860080497823,0.438676394813927,0.37563924765374723,1.0490155978953675,0.24179832209700883,58,2,21.0,21,-0.007610597519413176,-0.014710029306073846,-1.9328350065223368,SMA,200,0.02,2.0,0.0
8,SMA_N200_th2_bL2_sL0,38,08_SMA_N200_th2_bL2_sL0_sl40_cool63,sl40_cool63,0.4,time_cooldown,63.0,0.15905781819151454,0.7346754692306502,0.49129122933345215,0.3237546463170379,1.0229174049015914,0.2406304225433586,58,2,63.0,63,-0.013336850239260345,-0.06732486382559899,-5.048033277558405,SMA,200,0.02,2.0,0.0
8,SMA_N200_th2_bL2_sL0,39,08_SMA_N200_th2_bL2_sL0_sl40_cool126,sl40_cool126,0.4,time_cooldown,126.0,0.1506678669876076,0.710768376230232,0.4995551213896016,0.3016040883906826,0.991431265809664,0.23737979367104758,58,2,126.0,126,-0.0217268014431673,-0.07558875588174846,-3.4790558600847254,SMA,200,0.02,2.0,0.0
8,SMA_N200_th2_bL2_sL0,40,08_SMA_N200_th2_bL2_sL0_sl40_rec5,sl40_rec5,0.4,recovery_trigger,0.05,0.16901815433024026,0.7671886459849181,0.423966365507853,0.39865934678044546,1.0701932483442043,0.24203227302786376,58,2,3.5,6,-0.0033765141005346333,1.6653345369377348e-16,4.9321118981083114e-14,SMA,200,0.02,2.0,0.0
8,SMA_N200_th2_bL2_sL0,41,08_SMA_N200_th2_bL2_sL0_sl40_rec10,sl40_rec10,0.4,recovery_trigger,0.1,0.1663708817048941,0.7581296168953856,0.42396636550785327,0.3924152839473592,1.05692507398038,0.24188673561615193,58,2,12.0,12,-0.006023786725880775,-1.1102230246251565e-16,-1.8430649608744637e-14,SMA,200,0.02,2.0,0.0
8,SMA_N200_th2_bL2_sL0,42,08_SMA_N200_th2_bL2_sL0_sl40_rec15,sl40_rec15,0.4,recovery_trigger,0.15,0.16433820582541836,0.7511856163102599,0.4472652097452804,0.36742899345784064,1.0467995924233806,0.24175871191153678,58,2,18.0,23,-0.00805646260535653,-0.02329884423742723,-2.8919446882228987,SMA,200,0.02,2.0,0.0
9,EMA_N150_th5_bL3_sL-1,0,09_EMA_N150_th5_bL3_sL-1_baseline,baseline,,—,,0.24450430076777052,0.7514912395394138,0.6226314857160353,0.3926950473546756,1.051967586224378,0.39729289963930964,25,0,,0,0.0,0.0,0.0,EMA,150,0.05,3.0,-1.0
9,EMA_N150_th5_bL3_sL-1,1,09_EMA_N150_th5_bL3_sL-1_sl15_next,sl15_next,0.15,next_signal,,-0.11639670301009142,-0.4485803726513884,0.9952141812616475,-0.11695643530976782,-0.6297289314784847,0.22113698837473572,26,13,750.6666666666666,1888,-0.36090100377786194,-0.3725826955456122,-1.0323681332151142,EMA,150,0.05,3.0,-1.0
9,EMA_N150_th5_bL3_sL-1,2,09_EMA_N150_th5_bL3_sL-1_sl15_cool21,sl15_cool21,0.15,time_cooldown,21.0,0.04426759825723625,0.29879305662074923,0.8467253536590255,0.05228094099927321,0.41239442741295856,0.3390797173457466,152,91,21.0,21,-0.20023670251053427,-0.22409386794299013,-1.119144817774857,EMA,150,0.05,3.0,-1.0
9,EMA_N150_th5_bL3_sL-1,3,09_EMA_N150_th5_bL3_sL-1_sl15_cool63,sl15_cool63,0.15,time_cooldown,63.0,-0.017269200831342868,0.09694243672709388,0.9167068156734931,-0.018838303082382345,0.13345346538791877,0.3054352595164254,112,64,63.0,63,-0.2617735015991134,-0.2940753299574578,-1.1233960968586203,EMA,150,0.05,3.0,-1.0
9,EMA_N150_th5_bL3_sL-1,4,09_EMA_N150_th5_bL3_sL-1_sl15_cool126,sl15_cool126,0.15,time_cooldown,126.0,-0.09088370849077754,-0.2092184070469734,0.9815693043945651,-0.09259021047610579,-0.2841844711854294,0.274080714301732,84,48,126.0,126,-0.33538800925854806,-0.3589378186785298,-1.070216611118698,EMA,150,0.05,3.0,-1.0
9,EMA_N150_th5_bL3_sL-1,5,09_EMA_N150_th5_bL3_sL-1_sl15_rec5,sl15_rec5,0.15,recovery_trigger,0.05,0.006666209757693942,0.194105699646132,0.964140413578536,0.006914148254559119,0.2661433428195469,0.3463967970093158,163,97,17.742268041237114,89,-0.23783809101007658,-0.34150892786250064,-1.4358882818649592,EMA,150,0.05,3.0,-1.0
9,EMA_N150_th5_bL3_sL-1,6,09_EMA_N150_th5_bL3_sL-1_sl15_rec10,sl15_rec10,0.15,recovery_trigger,0.1,-0.037917191778787274,0.02178290885459933,0.9650160108121439,-0.03929177480369128,0.029986669669668488,0.29949333822510893,117,65,66.58461538461539,214,-0.2824214925465578,-0.3423845250961086,-1.2123175258684173,EMA,150,0.05,3.0,-1.0
9,EMA_N150_th5_bL3_sL-1,7,09_EMA_N150_th5_bL3_sL-1_sl15_rec15,sl15_rec15,0.15,recovery_trigger,0.15,-0.05686918733648716,-0.0656802814054777,0.959738272337055,-0.059254891646662394,-0.0904553895573187,0.2819733883167212,82,47,125.5,263,-0.3013734881042577,-0.33710678662101967,-1.1185681552200781,EMA,150,0.05,3.0,-1.0
9,EMA_N150_th5_bL3_sL-1,8,09_EMA_N150_th5_bL3_sL-1_sl20_next,sl20_next,0.2,next_signal,,-0.030899883284897456,0.014676604364604122,0.9284973429948005,-0.03327945256712543,0.020654778274985155,0.2649340890984467,26,13,588.3333333333334,1212,-0.275404184052668,-0.30586585727876514,-1.1106071548291063,EMA,150,0.05,3.0,-1.0
9,EMA_N150_th5_bL3_sL-1,9,09_EMA_N150_th5_bL3_sL-1_sl20_cool21,sl20_cool21,0.2,time_cooldown,21.0,0.17236407734783388,0.6232673656075222,0.6456798776232656,0.2669497429319038,0.8741656204016247,0.3598647636867381,90,49,21.0,21,-0.07214022341993664,-0.023048391907230292,-0.31949432389560145,EMA,150,0.05,3.0,-1.0
9,EMA_N150_th5_bL3_sL-1,10,09_EMA_N150_th5_bL3_sL-1_sl20_cool63,sl20_cool63,0.2,time_cooldown,63.0,0.08069613962093092,0.40016648552606227,0.6379097819524242,0.12650086564584034,0.5573374899146426,0.3365940946851874,74,40,63.0,63,-0.1638081611468396,-0.015278296236388877,-0.09326944475430152,EMA,150,0.05,3.0,-1.0
9,EMA_N150_th5_bL3_sL-1,11,09_EMA_N150_th5_bL3_sL-1_sl20_cool126,sl20_cool126,0.2,time_cooldown,126.0,-0.05346600317432182,-0.024337277035475197,0.9448735832502757,-0.056585350804711707,-0.03307310642796356,0.30662549339323397,66,35,126.0,126,-0.29797030394209234,-0.3222420975342404,-1.0814570890824913,EMA,150,0.05,3.0,-1.0
9,EMA_N150_th5_bL3_sL-1,12,09_EMA_N150_th5_bL3_sL-1_sl20_rec5,sl20_rec5,0.2,recovery_trigger,0.05,0.08706993382716632,0.41270359324163625,0.8346734369132991,0.10431616722961633,0.5697602068978245,0.3684796988300458,107,58,15.120689655172415,44,-0.1574343669406042,-0.21204195119726377,-1.3468593631609136,EMA,150,0.05,3.0,-1.0
9,EMA_N150_th5_bL3_sL-1,13,09_EMA_N150_th5_bL3_sL-1_sl20_rec10,sl20_rec10,0.2,recovery_trigger,0.1,0.059417861876004396,0.34118725819866735,0.6580204160295829,0.09029790023009426,0.47268761767859896,0.3360471951493508,77,43,58.95348837209303,213,-0.18508643889176613,-0.03538893031354762,-0.19120217842778947,EMA,150,0.05,3.0,-1.0
9,EMA_N150_th5_bL3_sL-1,14,09_EMA_N150_th5_bL3_sL-1_sl20_rec15,sl20_rec15,0.2,recovery_trigger,0.15,-0.0006608540975420185,0.1599940712911342,0.8541419083649647,-0.0007737052720045712,0.22001007272355233,0.32124926516861907,66,37,105.55555555555556,315,-0.24516515486531254,-0.2315104226489294,-0.9443039439112597,EMA,150,0.05,3.0,-1.0
9,EMA_N150_th5_bL3_sL-1,15,09_EMA_N150_th5_bL3_sL-1_sl25_next,sl25_next,0.25,next_signal,,0.07077439887970183,0.37628394331211995,0.806047617739819,0.08780424049655441,0.526737755022005,0.31193386680310287,26,13,415.75,975,-0.1737299018880687,-0.1834161320237837,-1.0557545363834702,EMA,150,0.05,3.0,-1.0
9,EMA_N150_th5_bL3_sL-1,16,09_EMA_N150_th5_bL3_sL-1_sl25_cool21,sl25_cool21,0.25,time_cooldown,21.0,0.15430412183192077,0.5735829589073277,0.6915542923409984,0.2231265477502596,0.7974305158440858,0.37187866289619514,64,32,21.0,21,-0.09020017893584975,-0.06892280662496308,-0.7641094223768768,EMA,150,0.05,3.0,-1.0
9,EMA_N150_th5_bL3_sL-1,17,09_EMA_N150_th5_bL3_sL-1_sl25_cool63,sl25_cool63,0.25,time_cooldown,63.0,0.12227479309196077,0.5039567162424748,0.5960403549195442,0.20514515851609724,0.699436757847024,0.3552554004504308,56,29,63.0,63,-0.12222950767580976,0.026591130796491114,0.21755082960015654,EMA,150,0.05,3.0,-1.0
9,EMA_N150_th5_bL3_sL-1,18,09_EMA_N150_th5_bL3_sL-1_sl25_cool126,sl25_cool126,0.25,time_cooldown,126.0,0.02933322158617324,0.25492003093488225,0.8746614919546075,0.03353665601605742,0.34966483349423444,0.33283986495769374,46,24,126.0,126,-0.21517107918159728,-0.2520300062385722,-1.1713005632409696,EMA,150,0.05,3.0,-1.0
9,EMA_N150_th5_bL3_sL-1,19,09_EMA_N150_th5_bL3_sL-1_sl25_rec5,sl25_rec5,0.25,recovery_trigger,0.05,0.14851954255990418,0.5556862162472006,0.7901146786628649,0.18797213438845145,0.7705359966455768,0.3816617553051309,69,36,14.333333333333334,64,-0.09598475820786634,-0.16748319294682956,-1.7448936276333051,EMA,150,0.05,3.0,-1.0
9,EMA_N150_th5_bL3_sL-1,20,09_EMA_N150_th5_bL3_sL-1_sl25_rec10,sl25_rec10,0.25,recovery_trigger,0.1,0.1027601012031587,0.4543623062370097,0.7176121494272999,0.1431972706777161,0.6274753919761134,0.3566462150448691,61,31,52.61290322580645,130,-0.14174419956461182,-0.09498066371126457,-0.6700850123180466,EMA,150,0.05,3.0,-1.0
9,EMA_N150_th5_bL3_sL-1,21,09_EMA_N150_th5_bL3_sL-1_sl25_rec15,sl25_rec15,0.25,recovery_trigger,0.15,0.07290882123293096,0.3779299742900779,0.7416099938207289,0.09831154089133727,0.5212290344265224,0.34806602532132996,52,27,98.15384615384616,307,-0.17159547953483956,-0.11897850810469357,-0.693366214699945,EMA,150,0.05,3.0,-1.0
9,EMA_N150_th5_bL3_sL-1,22,09_EMA_N150_th5_bL3_sL-1_sl30_next,sl30_next,0.3,next_signal,,0.2442295460561148,0.7754521258905961,0.5191528657104703,0.4704385975446407,1.0894452400458554,0.37175306598127794,25,12,211.91666666666666,891,-0.0002747547116557225,0.10347862000556507,103.47862000556506,EMA,150,0.05,3.0,-1.0
9,EMA_N150_th5_bL3_sL-1,23,09_EMA_N150_th5_bL3_sL-1_sl30_cool21,sl30_cool21,0.3,time_cooldown,21.0,0.24088512775715176,0.754582496540864,0.6531149708429574,0.3688249979115438,1.0588751886397343,0.38537608731800327,35,18,21.0,21,-0.003619173010618759,-0.030483485126922116,-8.4227764291684,EMA,150,0.05,3.0,-1.0
9,EMA_N150_th5_bL3_sL-1,24,09_EMA_N150_th5_bL3_sL-1_sl30_cool63,sl30_cool63,0.3,time_cooldown,63.0,0.19392425968608662,0.6597903094890037,0.7697492119641743,0.2519317417568363,0.9195435887751503,0.3780273997043336,33,17,63.0,63,-0.0505800410816839,-0.147117726248139,-2.9086122332433897,EMA,150,0.05,3.0,-1.0
9,EMA_N150_th5_bL3_sL-1,25,09_EMA_N150_th5_bL3_sL-1_sl30_cool126,sl30_cool126,0.3,time_cooldown,126.0,0.1452611559910253,0.5556901070733421,0.7323103951159953,0.19836009014731582,0.7757954739610182,0.3649465152530111,31,16,126.0,126,-0.09924314477674523,-0.10967890939995995,-1.1051535060350086,EMA,150,0.05,3.0,-1.0
9,EMA_N150_th5_bL3_sL-1,26,09_EMA_N150_th5_bL3_sL-1_sl30_rec5,sl30_rec5,0.3,recovery_trigger,0.05,0.22432503491635547,0.7184637214835071,0.6848883536718916,0.3275351868865659,1.0049515143408188,0.3870555369417187,37,20,11.1,39,-0.02017926585141505,-0.06225686795585628,-3.085189937744468,EMA,150,0.05,3.0,-1.0
9,EMA_N150_th5_bL3_sL-1,27,09_EMA_N150_th5_bL3_sL-1_sl30_rec10,sl30_rec10,0.3,recovery_trigger,0.1,0.21463547926937188,0.7019980202829387,0.6599745121450011,0.32521783087013356,0.980768575170739,0.38188031114512616,35,18,41.888888888888886,123,-0.029868821498398646,-0.03734302642896581,-1.2502343432253555,EMA,150,0.05,3.0,-1.0
9,EMA_N150_th5_bL3_sL-1,28,09_EMA_N150_th5_bL3_sL-1_sl30_rec15,sl30_rec15,0.3,recovery_trigger,0.15,0.2161013963942804,0.7072355255635692,0.6374503952667582,0.3390089613229387,0.9895531202613597,0.379394046186892,31,16,88.25,262,-0.028402904373490134,-0.014818909550722847,-0.5217392332790475,EMA,150,0.05,3.0,-1.0
9,EMA_N150_th5_bL3_sL-1,29,09_EMA_N150_th5_bL3_sL-1_sl35_next,sl35_next,0.35,next_signal,,0.23790216627965965,0.7463899258132375,0.6226314857160354,0.38209144853326626,1.0497043772847068,0.3876016409872408,25,11,158.72727272727272,635,-0.006602134488110867,-1.1102230246251565e-16,-1.6816122522563693e-14,EMA,150,0.05,3.0,-1.0
9,EMA_N150_th5_bL3_sL-1,30,09_EMA_N150_th5_bL3_sL-1_sl35_cool21,sl35_cool21,0.35,time_cooldown,21.0,0.24657021347812957,0.75792522582681,0.6226314857160352,0.3960130817903792,1.0644250145474161,0.39453785778429007,29,13,21.0,21,0.0020659127103590524,1.1102230246251565e-16,5.374007425668055e-14,EMA,150,0.05,3.0,-1.0
9,EMA_N150_th5_bL3_sL-1,31,09_EMA_N150_th5_bL3_sL-1_sl35_cool63,sl35_cool63,0.35,time_cooldown,63.0,0.20509990103656373,0.6739868970124864,0.7139859479143084,0.287260416869128,0.9433731360423895,0.39190751753071124,27,12,63.0,63,-0.039404399731206796,-0.09135446219827303,-2.3183822827257474,EMA,150,0.05,3.0,-1.0
9,EMA_N150_th5_bL3_sL-1,32,09_EMA_N150_th5_bL3_sL-1_sl35_cool126,sl35_cool126,0.35,time_cooldown,126.0,0.16148232746806634,0.5856675473643842,0.7884102966924245,0.2048201655223486,0.8192215457927863,0.38014540543091574,27,12,126.0,126,-0.08302197329970418,-0.16577881097638913,-1.996806440361733,EMA,150,0.05,3.0,-1.0
9,EMA_N150_th5_bL3_sL-1,33,09_EMA_N150_th5_bL3_sL-1_sl35_rec5,sl35_rec5,0.35,recovery_trigger,0.05,0.23934886937584898,0.7437470214681534,0.6570129280538413,0.36429856880416617,1.0442987718789996,0.3938966948739923,31,14,16.428571428571427,50,-0.005155431391921539,-0.034381442337805934,-6.668974858569738,EMA,150,0.05,3.0,-1.0
9,EMA_N150_th5_bL3_sL-1,34,09_EMA_N150_th5_bL3_sL-1_sl35_rec10,sl35_rec10,0.35,recovery_trigger,0.1,0.22943027901566615,0.724078062267242,0.6816040361766091,0.33660346306432215,1.0156835541217486,0.39301620795321557,29,13,51.30769230769231,123,-0.015074021752104372,-0.058972550460573814,-3.9121975163888227,EMA,150,0.05,3.0,-1.0
9,EMA_N150_th5_bL3_sL-1,35,09_EMA_N150_th5_bL3_sL-1_sl35_rec15,sl35_rec15,0.35,recovery_trigger,0.15,0.22111923591651195,0.7080422663415091,0.7205475578810712,0.30687667107881367,0.9940001142672937,0.3914198872237726,27,12,78.25,190,-0.023385064851258575,-0.09791607216503584,-4.187119975413112,EMA,150,0.05,3.0,-1.0
9,EMA_N150_th5_bL3_sL-1,36,09_EMA_N150_th5_bL3_sL-1_sl40_next,sl40_next,0.4,next_signal,,0.16145001976480944,0.5917190693502538,0.7569490717747454,0.21329046534963467,0.8312788315974425,0.3694759736575163,23,7,271.85714285714283,735,-0.08305428100296108,-0.13431758605871003,-1.617226522663188,EMA,150,0.05,3.0,-1.0
9,EMA_N150_th5_bL3_sL-1,37,09_EMA_N150_th5_bL3_sL-1_sl40_cool21,sl40_cool21,0.4,time_cooldown,21.0,0.23032614181277067,0.7243375956502817,0.6815947482559828,0.33792241269774037,1.012643514098842,0.3952286111546472,31,10,21.0,21,-0.014178158954999853,-0.058963262539947436,-4.158738996162429,EMA,150,0.05,3.0,-1.0
9,EMA_N150_th5_bL3_sL-1,38,09_EMA_N150_th5_bL3_sL-1_sl40_cool63,sl40_cool63,0.4,time_cooldown,63.0,0.1816448393908383,0.625189416462491,0.7442791931616612,0.24405470562628523,0.8713033349502018,0.389953144196693,31,10,63.0,63,-0.06285946137693221,-0.12164770744562592,-1.9352330545146457,EMA,150,0.05,3.0,-1.0
9,EMA_N150_th5_bL3_sL-1,39,09_EMA_N150_th5_bL3_sL-1_sl40_cool126,sl40_cool126,0.4,time_cooldown,126.0,0.14206723745361538,0.5429317262442256,0.7791718115846065,0.18233107941198792,0.7567466491498509,0.37683400218307117,31,10,126.0,126,-0.10243706331415514,-0.15654032586857114,-1.5281610073933054,EMA,150,0.05,3.0,-1.0
9,EMA_N150_th5_bL3_sL-1,40,09_EMA_N150_th5_bL3_sL-1_sl40_rec5,sl40_rec5,0.4,recovery_trigger,0.05,0.2263520255076723,0.7172618305472357,0.6838865575739975,0.3309789072483424,1.0030314700024048,0.39382704519475054,31,10,20.3,52,-0.018152275260098216,-0.061255071857962196,-3.374512064204494,EMA,150,0.05,3.0,-1.0
9,EMA_N150_th5_bL3_sL-1,41,09_EMA_N150_th5_bL3_sL-1_sl40_rec10,sl40_rec10,0.4,recovery_trigger,0.1,0.19395238080271904,0.6511867823352868,0.7171140101188929,0.2704624063481384,0.9084990817283553,0.3908409740266726,31,10,49.2,149,-0.050551919965051484,-0.09448252440285754,-1.8690195044654485,EMA,150,0.05,3.0,-1.0
9,EMA_N150_th5_bL3_sL-1,42,09_EMA_N150_th5_bL3_sL-1_sl40_rec15,sl40_rec15,0.4,recovery_trigger,0.15,0.1645044917376881,0.5898744370253103,0.7615710221712956,0.21600676358282853,0.8214070050072381,0.38569443937792913,31,10,93.4,182,-0.07999980903008241,-0.13893953645526025,-1.7367483515243727,EMA,150,0.05,3.0,-1.0
10,EMA_N200_th2_bL3_sL0,0,10_EMA_N200_th2_bL3_sL0_baseline,baseline,,—,,0.21307164132094858,0.7104079187851533,0.6329379881188306,0.3366390473010218,0.988784926288674,0.36847663274642906,78,0,,0,0.0,0.0,0.0,EMA,200,0.02,3.0,0.0
10,EMA_N200_th2_bL3_sL0,1,10_EMA_N200_th2_bL3_sL0_sl15_next,sl15_next,0.15,next_signal,,0.02846375286132563,0.24260833985255553,0.7093930170862773,0.0401240950724834,0.33369645601271186,0.194022938869687,78,32,229.09375,1045,-0.18460788845962295,-0.07645502896744671,-0.4141482230547737,EMA,200,0.02,3.0,0.0
10,EMA_N200_th2_bL3_sL0,2,10_EMA_N200_th2_bL3_sL0_sl15_cool21,sl15_cool21,0.15,time_cooldown,21.0,0.09584961201329656,0.45119787449090565,0.6642409692345989,0.1442994582579625,0.6152849568819421,0.3120727475618223,179,80,21.0,21,-0.11722202930765202,-0.031302981115768236,-0.26704008880116564,EMA,200,0.02,3.0,0.0
10,EMA_N200_th2_bL3_sL0,3,10_EMA_N200_th2_bL3_sL0_sl15_cool63,sl15_cool63,0.15,time_cooldown,63.0,0.06599501641880434,0.3738146141931665,0.7128119740082713,0.09258404575852222,0.5050964694437067,0.26912570441368006,127,58,63.0,63,-0.14707662490214424,-0.07987398588944072,-0.5430773648945505,EMA,200,0.02,3.0,0.0
10,EMA_N200_th2_bL3_sL0,4,10_EMA_N200_th2_bL3_sL0_sl15_cool126,sl15_cool126,0.15,time_cooldown,126.0,0.03333481151775164,0.25896567955439,0.6853272475163618,0.04864072111324567,0.3484748819470601,0.2324251822378841,91,43,126.0,126,-0.17973682980319694,-0.05238925939753114,-0.29147759785734967,EMA,200,0.02,3.0,0.0
10,EMA_N200_th2_bL3_sL0,5,10_EMA_N200_th2_bL3_sL0_sl15_rec5,sl15_rec5,0.15,recovery_trigger,0.05,0.08640947141541933,0.4198174507012736,0.827551206450765,0.10441586060398093,0.5735272396846144,0.32327171514002834,188,87,16.49425287356322,60,-0.12666216990552925,-0.19461321833193435,-1.5364746907232543,EMA,200,0.02,3.0,0.0
10,EMA_N200_th2_bL3_sL0,6,10_EMA_N200_th2_bL3_sL0_sl15_rec10,sl15_rec10,0.15,recovery_trigger,0.1,0.05814538652658019,0.34675287493415746,0.6399325020183134,0.09086174923635337,0.4701203263951016,0.26690921159648046,132,61,64.37704918032787,214,-0.1549262547943684,-0.0069945138994828016,-0.04514737614206533,EMA,200,0.02,3.0,0.0
10,EMA_N200_th2_bL3_sL0,7,10_EMA_N200_th2_bL3_sL0_sl15_rec15,sl15_rec15,0.15,recovery_trigger,0.15,0.056746160395598766,0.3544151867424371,0.7173812377435014,0.0791018184056387,0.4802341528239609,0.2339572119334207,89,44,125.93023255813954,263,-0.1563254809253498,-0.08444324962467076,-0.5401758505703558,EMA,200,0.02,3.0,0.0
10,EMA_N200_th2_bL3_sL0,8,10_EMA_N200_th2_bL3_sL0_sl20_next,sl20_next,0.2,next_signal,,0.08918290776122872,0.4580638053819895,0.6088389132300176,0.14648030180609642,0.638042739679643,0.2619716062548967,78,29,174.06896551724137,957,-0.12388873355971985,0.02409907488881302,0.19452192460419493,EMA,200,0.02,3.0,0.0
10,EMA_N200_th2_bL3_sL0,9,10_EMA_N200_th2_bL3_sL0_sl20_cool21,sl20_cool21,0.2,time_cooldown,21.0,0.19347970108826895,0.6942479624433737,0.5921146674291594,0.32676052753146306,0.9638493187334454,0.33792091432847576,113,47,21.0,21,-0.019591940232679628,0.040823320689671205,2.0836793193957046,EMA,200,0.02,3.0,0.0
10,EMA_N200_th2_bL3_sL0,10,10_EMA_N200_th2_bL3_sL0_sl20_cool63,sl20_cool63,0.2,time_cooldown,63.0,0.1460931909174299,0.5964397832115045,0.5603351880159173,0.26072464132536305,0.8235677129811471,0.3101699369392288,93,38,63.0,63,-0.06697845040351869,0.07260280010291331,1.083972526469486,EMA,200,0.02,3.0,0.0
10,EMA_N200_th2_bL3_sL0,11,10_EMA_N200_th2_bL3_sL0_sl20_cool126,sl20_cool126,0.2,time_cooldown,126.0,0.08299461802887809,0.4317057383850238,0.6491387919569109,0.1278534252723987,0.58649193651531,0.2706215837820327,71,31,126.0,126,-0.1300770232920705,-0.016200803838080313,-0.1245477750648059,EMA,200,0.02,3.0,0.0
10,EMA_N200_th2_bL3_sL0,12,10_EMA_N200_th2_bL3_sL0_sl20_rec5,sl20_rec5,0.2,recovery_trigger,0.05,0.14499363016437683,0.5654178644086413,0.7415693992889253,0.19552267165205045,0.7786326537520103,0.34730361232896584,130,54,15.462962962962964,44,-0.06807801115657175,-0.10863141117009467,-1.5956901402459405,EMA,200,0.02,3.0,0.0
10,EMA_N200_th2_bL3_sL0,13,10_EMA_N200_th2_bL3_sL0_sl20_rec10,sl20_rec10,0.2,recovery_trigger,0.1,0.13606306540355706,0.5627502148409383,0.646525437351405,0.21045276418041833,0.7710680018520806,0.31720016887712005,96,41,55.36585365853659,213,-0.07700857591739152,-0.013587449232574378,-0.17644072846055325,EMA,200,0.02,3.0,0.0
10,EMA_N200_th2_bL3_sL0,14,10_EMA_N200_th2_bL3_sL0_sl20_rec15,sl20_rec15,0.2,recovery_trigger,0.15,0.11517402509988739,0.5230806094519079,0.5928946783402816,0.19425714095174465,0.7141204180090498,0.28971982382191575,71,34,109.24242424242425,315,-0.09789761622106119,0.040043309778548974,0.4090325313757156,EMA,200,0.02,3.0,0.0
10,EMA_N200_th2_bL3_sL0,15,10_EMA_N200_th2_bL3_sL0_sl25_next,sl25_next,0.25,next_signal,,0.17280140922405773,0.6723961393235424,0.5944776722786945,0.2906777113456457,0.9324191372914685,0.3086277830683478,78,23,138.6086956521739,794,-0.040270232096890846,0.038460315840136095,0.9550557282014153,EMA,200,0.02,3.0,0.0
10,EMA_N200_th2_bL3_sL0,16,10_EMA_N200_th2_bL3_sL0_sl25_cool21,sl25_cool21,0.25,time_cooldown,21.0,0.17486754830950346,0.6393505595381007,0.659951621270306,0.2649702533844983,0.8800588054941076,0.3478164262806004,100,31,21.0,21,-0.03820409301144512,-0.027013633151475425,-0.7070874092831553,EMA,200,0.02,3.0,0.0
10,EMA_N200_th2_bL3_sL0,17,10_EMA_N200_th2_bL3_sL0_sl25_cool63,sl25_cool63,0.25,time_cooldown,63.0,0.17287067341998874,0.6563311449184681,0.6246901106141642,0.276730286717731,0.9052622518784245,0.32374137063503106,84,28,63.0,63,-0.04020096790095984,0.008247877504666379,0.20516614239204556,EMA,200,0.02,3.0,0.0
10,EMA_N200_th2_bL3_sL0,18,10_EMA_N200_th2_bL3_sL0_sl25_cool126,sl25_cool126,0.25,time_cooldown,126.0,0.11211197707526743,0.5119887782332723,0.6558018009392546,0.17095405489081925,0.6980959178348448,0.29180608961019394,68,24,126.0,126,-0.10095966424568115,-0.022863812820423934,-0.22646482623779132,EMA,200,0.02,3.0,0.0
10,EMA_N200_th2_bL3_sL0,19,10_EMA_N200_th2_bL3_sL0_sl25_rec5,sl25_rec5,0.25,recovery_trigger,0.05,0.1881712519128509,0.6636720491795577,0.6298461118587719,0.29875750341226814,0.9190231003558589,0.3567253363548039,104,33,15.696969696969697,63,-0.02490038940809769,0.00309187626005869,0.12416979547529493,EMA,200,0.02,3.0,0.0
10,EMA_N200_th2_bL3_sL0,20,10_EMA_N200_th2_bL3_sL0_sl25_rec10,sl25_rec10,0.25,recovery_trigger,0.1,0.1520662822532357,0.5930453409949239,0.6852059462510164,0.221927849700137,0.8132448144403741,0.3338409580532617,92,30,50.1,159,-0.06100535906771287,-0.052267958132185766,-0.8567765017852115,EMA,200,0.02,3.0,0.0
10,EMA_N200_th2_bL3_sL0,21,10_EMA_N200_th2_bL3_sL0_sl25_rec15,sl25_rec15,0.25,recovery_trigger,0.15,0.14955394620835238,0.6035498781601485,0.6936388166944367,0.21560781001423426,0.8279024384539938,0.31333460263953594,68,26,108.96153846153847,307,-0.0635176951125962,-0.0607008285756061,-0.9556522551393482,EMA,200,0.02,3.0,0.0
10,EMA_N200_th2_bL3_sL0,22,10_EMA_N200_th2_bL3_sL0_sl30_next,sl30_next,0.3,next_signal,,0.20771414899903684,0.7185924408235671,0.6117479277324064,0.3395420557761107,0.9975975218433969,0.3477270287033226,78,18,103.5,756,-0.005357492321911739,0.021190060386424237,3.955219926262608,EMA,200,0.02,3.0,0.0
10,EMA_N200_th2_bL3_sL0,23,10_EMA_N200_th2_bL3_sL0_sl30_cool21,sl30_cool21,0.3,time_cooldown,21.0,0.2033510475226663,0.6978332408136192,0.6954794489345396,0.29238972889018644,0.9681126936557491,0.3582735479488716,84,20,21.0,21,-0.009720593798282273,-0.062541460815709,-6.433913618194878,EMA,200,0.02,3.0,0.0
10,EMA_N200_th2_bL3_sL0,24,10_EMA_N200_th2_bL3_sL0_sl30_cool63,sl30_cool63,0.3,time_cooldown,63.0,0.19894230693599746,0.702238732985498,0.6297018373456991,0.31593096150802624,0.9693134611666266,0.34337429630919897,74,18,63.0,63,-0.01412933438495112,0.003236150773131552,0.22903773702024588,EMA,200,0.02,3.0,0.0
10,EMA_N200_th2_bL3_sL0,25,10_EMA_N200_th2_bL3_sL0_sl30_cool126,sl30_cool126,0.3,time_cooldown,126.0,0.18912311563419726,0.700364449899469,0.6155909480195432,0.3072220542596302,0.973616620246823,0.3222698098437152,64,15,126.0,126,-0.02394852568675132,0.017347040099287447,0.7243468899166552,EMA,200,0.02,3.0,0.0
10,EMA_N200_th2_bL3_sL0,26,10_EMA_N200_th2_bL3_sL0_sl30_rec5,sl30_rec5,0.3,recovery_trigger,0.05,0.20447221283362516,0.696091445506891,0.6534388076564194,0.3129171552680988,0.9656758567856922,0.36294371177943824,88,20,13.3,34,-0.008599428487323424,-0.020500819537588755,-2.383974652246878,EMA,200,0.02,3.0,0.0
10,EMA_N200_th2_bL3_sL0,27,10_EMA_N200_th2_bL3_sL0_sl30_rec10,sl30_rec10,0.3,recovery_trigger,0.1,0.19774710785324134,0.6907276658248516,0.6564818573992198,0.30122250238057585,0.9568600488176796,0.35192458963931433,78,18,48.333333333333336,170,-0.015324533467707235,-0.023543869280389207,-1.5363514543527372,EMA,200,0.02,3.0,0.0
10,EMA_N200_th2_bL3_sL0,28,10_EMA_N200_th2_bL3_sL0_sl30_rec15,sl30_rec15,0.3,recovery_trigger,0.15,0.18329803337977335,0.6686414077036424,0.6606322081373013,0.2774585179499422,0.9239237926535578,0.33835565384971344,68,18,100.0,298,-0.02977360794117523,-0.02769422001847066,-0.9301600287471747,EMA,200,0.02,3.0,0.0
10,EMA_N200_th2_bL3_sL0,29,10_EMA_N200_th2_bL3_sL0_sl35_next,sl35_next,0.35,next_signal,,0.13813318512894845,0.5685734308506857,0.6897441119511226,0.20026729150061523,0.7876194688253982,0.31644195372596795,78,12,232.41666666666666,1001,-0.07493845619200012,-0.056806123832292,-0.758037017559433,EMA,200,0.02,3.0,0.0
10,EMA_N200_th2_bL3_sL0,30,10_EMA_N200_th2_bL3_sL0_sl35_cool21,sl35_cool21,0.35,time_cooldown,21.0,0.21709696536385836,0.7264976355067772,0.6344438192458176,0.3421846959151214,1.0114410397055498,0.3612148970336347,82,14,21.0,21,0.004025324042909784,-0.0015058311269869895,-0.3740894176307034,EMA,200,0.02,3.0,0.0
10,EMA_N200_th2_bL3_sL0,31,10_EMA_N200_th2_bL3_sL0_sl35_cool63,sl35_cool63,0.35,time_cooldown,63.0,0.19257138774454918,0.6798223671290035,0.659572251427168,0.2919640529568481,0.9423435120441421,0.35031200628005066,78,14,63.0,63,-0.020500253576399396,-0.026634263308337403,-1.2992162857438843,EMA,200,0.02,3.0,0.0
10,EMA_N200_th2_bL3_sL0,32,10_EMA_N200_th2_bL3_sL0_sl35_cool126,sl35_cool126,0.35,time_cooldown,126.0,0.17806107094850887,0.6596208331215097,0.6221677368985706,0.28619463914365173,0.9161751627177009,0.33371875197410306,70,12,126.0,126,-0.03501057037243971,0.010770251220259985,0.30762855633846853,EMA,200,0.02,3.0,0.0
10,EMA_N200_th2_bL3_sL0,33,10_EMA_N200_th2_bL3_sL0_sl35_rec5,sl35_rec5,0.35,recovery_trigger,0.05,0.21858668262434322,0.7270763902990757,0.6437477020271016,0.3395533404407256,1.0139227551880328,0.3639622490623385,84,14,15.0,34,0.005515041303394641,-0.010809713908271013,-1.9600422396868311,EMA,200,0.02,3.0,0.0
10,EMA_N200_th2_bL3_sL0,34,10_EMA_N200_th2_bL3_sL0_sl35_rec10,sl35_rec10,0.35,recovery_trigger,0.1,0.20366722653669678,0.6981132986319273,0.6352112057214161,0.32062914618357485,0.9698587119999359,0.35872122074015983,82,14,42.42857142857143,97,-0.009404414784251802,-0.0022732176025854756,-0.24171813501804498,EMA,200,0.02,3.0,0.0
10,EMA_N200_th2_bL3_sL0,35,10_EMA_N200_th2_bL3_sL0_sl35_rec15,sl35_rec15,0.35,recovery_trigger,0.15,0.18479022147492952,0.6580717965045495,0.6614476173592702,0.27937241986398953,0.9131884325657051,0.35385147738735734,76,14,73.57142857142857,225,-0.028281419846019062,-0.028509629240439538,-1.0080692339940138,EMA,200,0.02,3.0,0.0
10,EMA_N200_th2_bL3_sL0,36,10_EMA_N200_th2_bL3_sL0_sl40_next,sl40_next,0.4,next_signal,,0.22269443654575172,0.7329757934611371,0.6329379881188307,0.3518424248916183,1.0224323514464044,0.36730528011193014,78,8,53.5,105,0.009622795224803138,-1.1102230246251565e-16,-1.1537427521719598e-14,EMA,200,0.02,3.0,0.0
10,EMA_N200_th2_bL3_sL0,37,10_EMA_N200_th2_bL3_sL0_sl40_cool21,sl40_cool21,0.4,time_cooldown,21.0,0.22346381445793329,0.7355168336682019,0.6329379881188306,0.3530579909132886,1.025656747489695,0.3664892718104541,78,8,21.0,21,0.010392173136984706,0.0,0.0,EMA,200,0.02,3.0,0.0
10,EMA_N200_th2_bL3_sL0,38,10_EMA_N200_th2_bL3_sL0_sl40_cool63,sl40_cool63,0.4,time_cooldown,63.0,0.20039768044453998,0.6870929851185839,0.6329379881188305,0.3166150305500647,0.9547553228140426,0.36247711717211345,76,8,63.0,63,-0.012673960876408596,1.1102230246251565e-16,8.759874166029135e-15,EMA,200,0.02,3.0,0.0
10,EMA_N200_th2_bL3_sL0,39,10_EMA_N200_th2_bL3_sL0_sl40_cool126,sl40_cool126,0.4,time_cooldown,126.0,0.1971279807745483,0.6905922333445533,0.6274552245981959,0.31417059424564253,0.9634911251276009,0.3502133029119637,70,8,126.0,126,-0.015943660546400285,0.005482763520634704,0.3438836084523003,EMA,200,0.02,3.0,0.0
10,EMA_N200_th2_bL3_sL0,40,10_EMA_N200_th2_bL3_sL0_sl40_rec5,sl40_rec5,0.4,recovery_trigger,0.05,0.22269443654575172,0.7329757934611371,0.6329379881188307,0.3518424248916183,1.0224323514464044,0.36730528011193014,78,8,13.0,30,0.009622795224803138,-1.1102230246251565e-16,-1.1537427521719598e-14,EMA,200,0.02,3.0,0.0
10,EMA_N200_th2_bL3_sL0,41,10_EMA_N200_th2_bL3_sL0_sl40_rec10,sl40_rec10,0.4,recovery_trigger,0.1,0.22056248781555565,0.7292924714168899,0.6329379881188308,0.3484740874395837,1.0164150577394595,0.3662343927810975,78,8,33.625,93,0.007490846494607073,-2.220446049250313e-16,-2.964212456961828e-14,EMA,200,0.02,3.0,0.0
10,EMA_N200_th2_bL3_sL0,42,10_EMA_N200_th2_bL3_sL0_sl40_rec15,sl40_rec15,0.4,recovery_trigger,0.15,0.21723672123978166,0.7240549208665482,0.6329379881188306,0.3432195970499983,1.0087755280789354,0.3639538731054153,74,8,69.375,221,0.004165079918833081,0.0,0.0,EMA,200,0.02,3.0,0.0
11,EMA_N100_th5_bL3_sL-1,0,11_EMA_N100_th5_bL3_sL-1_baseline,baseline,,—,,0.23078282091123103,0.7292246694427105,0.686176341363986,0.3363316497512569,1.0271131957107793,0.3898762243610234,32,0,,0,0.0,0.0,0.0,EMA,100,0.05,3.0,-1.0
11,EMA_N100_th5_bL3_sL-1,1,11_EMA_N100_th5_bL3_sL-1_sl15_next,sl15_next,0.15,next_signal,,-0.0757555073132603,-0.21636916065093414,0.9694005648710212,-0.07814675383786225,-0.3038954458785613,0.23546304369924176,32,16,525.625,1288,-0.30653832822449134,-0.28322422350703524,-0.9239439164019249,EMA,100,0.05,3.0,-1.0
11,EMA_N100_th5_bL3_sL-1,2,11_EMA_N100_th5_bL3_sL-1_sl15_cool21,sl15_cool21,0.15,time_cooldown,21.0,0.04561887900755046,0.3022516701736388,0.8843616622800597,0.05158396270812548,0.4180370552065319,0.3367253042151713,149,90,21.0,21,-0.18516394190368057,-0.19818532091607377,-1.0703235137387965,EMA,100,0.05,3.0,-1.0
11,EMA_N100_th5_bL3_sL-1,3,11_EMA_N100_th5_bL3_sL-1_sl15_cool63,sl15_cool63,0.15,time_cooldown,63.0,-0.027285276063922836,0.06407824460072428,0.9573542093475225,-0.0285007114373257,0.08801441624680449,0.30627450339789614,111,64,63.0,63,-0.25806809697515387,-0.2711778679835365,-1.0507996577726724,EMA,100,0.05,3.0,-1.0
11,EMA_N100_th5_bL3_sL-1,4,11_EMA_N100_th5_bL3_sL-1_sl15_cool126,sl15_cool126,0.15,time_cooldown,126.0,-0.07498067680893716,-0.14267261019386387,0.9862058018751761,-0.07602944199513789,-0.19488291196552848,0.2762989550371449,83,47,126.0,126,-0.3057634977201682,-0.30002946051119017,-0.9812468222932688,EMA,100,0.05,3.0,-1.0
11,EMA_N100_th5_bL3_sL-1,5,11_EMA_N100_th5_bL3_sL-1_sl15_rec5,sl15_rec5,0.15,recovery_trigger,0.05,0.019661143468490128,0.23014086791866328,0.9361038484782982,0.02100316487369503,0.31716449813285025,0.3442127735733878,158,94,17.45744680851064,89,-0.2111216774427409,-0.24992750711431222,-1.183807888141169,EMA,100,0.05,3.0,-1.0
11,EMA_N100_th5_bL3_sL-1,6,11_EMA_N100_th5_bL3_sL-1_sl15_rec10,sl15_rec10,0.15,recovery_trigger,0.1,-0.046503483812706414,-0.0074886125363671785,0.969370541251269,-0.04797286675606983,-0.010294941211609841,0.3001540009003722,114,66,66.75757575757575,214,-0.27728630472393745,-0.283194199887283,-1.0213061195691846,EMA,100,0.05,3.0,-1.0
11,EMA_N100_th5_bL3_sL-1,7,11_EMA_N100_th5_bL3_sL-1_sl15_rec15,sl15_rec15,0.15,recovery_trigger,0.15,-0.07645183470978667,-0.13910562607850097,0.9828958345282442,-0.07778223492673655,-0.19083045721908318,0.28262447135589236,87,49,123.20833333333333,263,-0.3072346556210177,-0.2967194931642583,-0.9657748165306905,EMA,100,0.05,3.0,-1.0
11,EMA_N100_th5_bL3_sL-1,8,11_EMA_N100_th5_bL3_sL-1_sl20_next,sl20_next,0.2,next_signal,,-0.021384932372486953,0.060384352438994114,0.9406084390586107,-0.02273521210790926,0.08491248833983465,0.27607143682446234,32,16,427.0625,1193,-0.252167753283718,-0.2544320976946247,-1.0089795161412216,EMA,100,0.05,3.0,-1.0
11,EMA_N100_th5_bL3_sL-1,9,11_EMA_N100_th5_bL3_sL-1_sl20_cool21,sl20_cool21,0.2,time_cooldown,21.0,0.14968333033724135,0.5695987193808935,0.645679877623265,0.23182282044814959,0.7989410353104557,0.35867532805675856,95,51,21.0,21,-0.08109949057398969,0.04049646374072102,0.4993430100991176,EMA,100,0.05,3.0,-1.0
11,EMA_N100_th5_bL3_sL-1,10,11_EMA_N100_th5_bL3_sL-1_sl20_cool63,sl20_cool63,0.2,time_cooldown,63.0,0.04224206877574166,0.29267933459434414,0.7922282652074603,0.053320577705820375,0.40536451998387524,0.3376098357522915,81,42,63.0,63,-0.18854075213548938,-0.10605192384347428,-0.5624880703099303,EMA,100,0.05,3.0,-1.0
11,EMA_N100_th5_bL3_sL-1,11,11_EMA_N100_th5_bL3_sL-1_sl20_cool126,sl20_cool126,0.2,time_cooldown,126.0,-0.04414294723523615,0.00931333818945436,0.931805471070002,-0.04737356519762257,0.012709806346778874,0.30844983071578036,67,35,126.0,126,-0.2749257681464672,-0.24562912970601603,-0.8934380046004152,EMA,100,0.05,3.0,-1.0
11,EMA_N100_th5_bL3_sL-1,12,11_EMA_N100_th5_bL3_sL-1_sl20_rec5,sl20_rec5,0.2,recovery_trigger,0.05,0.07633275550244023,0.3855386416104836,0.8438416067670701,0.0904586297834811,0.533697224701857,0.36650101524618417,110,59,15.067796610169491,49,-0.1544500654087908,-0.15766526540308412,-1.020817084057449,EMA,100,0.05,3.0,-1.0
11,EMA_N100_th5_bL3_sL-1,13,11_EMA_N100_th5_bL3_sL-1_sl20_rec10,sl20_rec10,0.2,recovery_trigger,0.1,0.04556898552970101,0.3022845445034597,0.7269989275264134,0.0626809528932151,0.41785683695820164,0.33854876816272383,82,44,57.29545454545455,213,-0.18521383538153002,-0.0408225861624274,-0.2204078657425088,EMA,100,0.05,3.0,-1.0
11,EMA_N100_th5_bL3_sL-1,14,11_EMA_N100_th5_bL3_sL-1_sl20_rec15,sl20_rec15,0.2,recovery_trigger,0.15,-0.02900728066889635,0.0725530996752791,0.9330656383962782,-0.03108814586587187,0.09927170864795548,0.32393232036081493,73,39,103.92105263157895,315,-0.2597901015801274,-0.24688929703229223,-0.9503414315273434,EMA,100,0.05,3.0,-1.0
11,EMA_N100_th5_bL3_sL-1,15,11_EMA_N100_th5_bL3_sL-1_sl25_next,sl25_next,0.25,next_signal,,0.03740299840630956,0.27526761305484626,0.9107779462538032,0.04106708837225908,0.3834375359419058,0.31571883279011403,32,16,330.0625,1165,-0.19337982250492147,-0.22460160488981717,-1.1614531546283797,EMA,100,0.05,3.0,-1.0
11,EMA_N100_th5_bL3_sL-1,16,11_EMA_N100_th5_bL3_sL-1_sl25_cool21,sl25_cool21,0.25,time_cooldown,21.0,0.1252134905769684,0.5061663401762704,0.8176657814765906,0.15313529490111505,0.7023076953038269,0.3683484827213807,69,36,21.0,21,-0.10556933033426263,-0.13148944011260466,-1.2455268939972581,EMA,100,0.05,3.0,-1.0
11,EMA_N100_th5_bL3_sL-1,17,11_EMA_N100_th5_bL3_sL-1_sl25_cool63,sl25_cool63,0.25,time_cooldown,63.0,0.08221935018407756,0.40195653426870054,0.7204757828499253,0.1141181315752896,0.5553061393435788,0.3528493954786177,61,31,63.0,63,-0.14856347072715348,-0.03429944148593933,-0.23087399155430674,EMA,100,0.05,3.0,-1.0
11,EMA_N100_th5_bL3_sL-1,18,11_EMA_N100_th5_bL3_sL-1_sl25_cool126,sl25_cool126,0.25,time_cooldown,126.0,0.003282483023916205,0.17586826582473064,0.8741330555764355,0.0037551297287935358,0.24035637247670785,0.3284968002279137,49,26,126.0,126,-0.22750033788731483,-0.18795671421244953,-0.8261821321142301,EMA,100,0.05,3.0,-1.0
11,EMA_N100_th5_bL3_sL-1,19,11_EMA_N100_th5_bL3_sL-1_sl25_rec5,sl25_rec5,0.25,recovery_trigger,0.05,0.14272833312777355,0.543997932251922,0.7482161807942158,0.19075814823500664,0.757753736551532,0.3771320653273519,70,37,15.621621621621621,79,-0.08805448778345748,-0.06203983943022984,-0.7045619251434118,EMA,100,0.05,3.0,-1.0
11,EMA_N100_th5_bL3_sL-1,20,11_EMA_N100_th5_bL3_sL-1_sl25_rec10,sl25_rec10,0.25,recovery_trigger,0.1,0.08561501937605187,0.4102254194450785,0.7413588581956334,0.11548390962027105,0.5653411694994749,0.3580167107312362,63,33,56.375,211,-0.14516780153517916,-0.05518251683164743,-0.38012917636060506,EMA,100,0.05,3.0,-1.0
11,EMA_N100_th5_bL3_sL-1,21,11_EMA_N100_th5_bL3_sL-1_sl25_rec15,sl25_rec15,0.25,recovery_trigger,0.15,0.04888762479288822,0.3130467322047726,0.787837741827241,0.06205291038672836,0.43025556803929005,0.34946211272058725,55,29,99.71428571428571,307,-0.18189519611834282,-0.101661400463255,-0.5589009640315794,EMA,100,0.05,3.0,-1.0
11,EMA_N100_th5_bL3_sL-1,22,11_EMA_N100_th5_bL3_sL-1_sl30_next,sl30_next,0.3,next_signal,,0.21564532344639686,0.7081537473338355,0.6861763413639851,0.31427099776966355,0.9953669462038027,0.37697433782348694,32,16,147.3125,756,-0.015137497464834171,8.881784197001252e-16,5.867405902220279e-14,EMA,100,0.05,3.0,-1.0
11,EMA_N100_th5_bL3_sL-1,23,11_EMA_N100_th5_bL3_sL-1_sl30_cool21,sl30_cool21,0.3,time_cooldown,21.0,0.20628000618984776,0.6841338597481393,0.6411663613458991,0.3217261831341819,0.9574503011138652,0.38148237960439657,43,22,21.0,21,-0.02450281472138327,0.04500998001808687,1.8369310028209649,EMA,100,0.05,3.0,-1.0
11,EMA_N100_th5_bL3_sL-1,24,11_EMA_N100_th5_bL3_sL-1_sl30_cool63,sl30_cool63,0.3,time_cooldown,63.0,0.18688080219373782,0.6458093819779592,0.7618181209069572,0.2453089485076216,0.9025837500616524,0.3754636733916178,37,19,63.0,63,-0.04390201871749322,-0.07564177954297124,-1.7229681402516233,EMA,100,0.05,3.0,-1.0
11,EMA_N100_th5_bL3_sL-1,25,11_EMA_N100_th5_bL3_sL-1_sl30_cool126,sl30_cool126,0.3,time_cooldown,126.0,0.1301047309447516,0.521607186882163,0.7323103951159953,0.17766336762725252,0.7286335227689394,0.3591571665194365,35,18,126.0,126,-0.10067808996647942,-0.046134053752009296,-0.4582333034662213,EMA,100,0.05,3.0,-1.0
11,EMA_N100_th5_bL3_sL-1,26,11_EMA_N100_th5_bL3_sL-1_sl30_rec5,sl30_rec5,0.3,recovery_trigger,0.05,0.1959377525055921,0.6607763701619265,0.6515649316108101,0.3007186897262739,0.9244484599328621,0.38254394618102083,45,23,20.818181818181817,93,-0.034845068405638946,0.03461140975317589,0.993294355179821,EMA,100,0.05,3.0,-1.0
11,EMA_N100_th5_bL3_sL-1,27,11_EMA_N100_th5_bL3_sL-1_sl30_rec10,sl30_rec10,0.3,recovery_trigger,0.1,0.17468025608859294,0.6172554394528924,0.666617201230383,0.2620398270044391,0.8606689799593586,0.377107969369185,41,21,54.8,138,-0.05610256482263809,0.019559140133602937,0.34863183520106333,EMA,100,0.05,3.0,-1.0
11,EMA_N100_th5_bL3_sL-1,28,11_EMA_N100_th5_bL3_sL-1_sl30_rec15,sl30_rec15,0.3,recovery_trigger,0.15,0.17218950830904922,0.6119452005794701,0.6630743377170072,0.2596835656495242,0.8551366195255832,0.37650080854557477,35,18,101.47058823529412,262,-0.05859331260218181,0.023102003646978786,0.3942771388234934,EMA,100,0.05,3.0,-1.0
11,EMA_N100_th5_bL3_sL-1,29,11_EMA_N100_th5_bL3_sL-1_sl35_next,sl35_next,0.35,next_signal,,0.13129275671936047,0.5222859532300491,0.686176341363985,0.1913396729161137,0.7344558710986505,0.3640646404053767,30,12,269.9166666666667,1041,-0.09949006419187056,9.992007221626409e-16,1.0043221202829282e-14,EMA,100,0.05,3.0,-1.0
11,EMA_N100_th5_bL3_sL-1,30,11_EMA_N100_th5_bL3_sL-1_sl35_cool21,sl35_cool21,0.35,time_cooldown,21.0,0.18444127676538735,0.6332853662295443,0.6371919546560769,0.2894595190941153,0.8895673501063813,0.3857135493994908,42,16,21.0,21,-0.04634154414584368,0.048984386707909056,1.0570296611987713,EMA,100,0.05,3.0,-1.0
11,EMA_N100_th5_bL3_sL-1,31,11_EMA_N100_th5_bL3_sL-1_sl35_cool63,sl35_cool63,0.35,time_cooldown,63.0,0.1525833241741985,0.5667108246964284,0.6371919546560769,0.23946210095599066,0.7916954228673907,0.377255938268731,40,15,63.0,63,-0.07819949673703253,0.048984386707909056,0.6264028382769857,EMA,100,0.05,3.0,-1.0
11,EMA_N100_th5_bL3_sL-1,32,11_EMA_N100_th5_bL3_sL-1_sl35_cool126,sl35_cool126,0.35,time_cooldown,126.0,0.0867380125396382,0.4126345132673438,0.8131597807924102,0.10666785862812041,0.5750172882126717,0.3587765854931166,40,13,126.0,126,-0.14404480837159284,-0.12698343942842427,-0.881555127629763,EMA,100,0.05,3.0,-1.0
11,EMA_N100_th5_bL3_sL-1,33,11_EMA_N100_th5_bL3_sL-1_sl35_rec5,sl35_rec5,0.35,recovery_trigger,0.05,0.18240760412809287,0.6277738191823268,0.7164080596216648,0.25461411506791587,0.8801640939388232,0.3875339972737085,46,17,16.176470588235293,50,-0.048375216783138164,-0.030231718257678786,-0.6249422797050175,EMA,100,0.05,3.0,-1.0
11,EMA_N100_th5_bL3_sL-1,34,11_EMA_N100_th5_bL3_sL-1_sl35_rec10,sl35_rec10,0.35,recovery_trigger,0.1,0.15222654911168365,0.5633111621002201,0.6861763413639855,0.2218475629880896,0.7872878296465012,0.38257295476171327,42,16,45.1875,115,-0.07855627179954738,4.440892098500626e-16,5.653135003443752e-15,EMA,100,0.05,3.0,-1.0
11,EMA_N100_th5_bL3_sL-1,35,11_EMA_N100_th5_bL3_sL-1_sl35_rec15,sl35_rec15,0.35,recovery_trigger,0.15,0.11911069705381028,0.48849147593160036,0.6779656877112546,0.17568838543424853,0.6816442504531198,0.37732199751662737,40,15,79.66666666666667,172,-0.11167212385742076,0.008210653652731326,0.07352464848984527,EMA,100,0.05,3.0,-1.0
11,EMA_N100_th5_bL3_sL-1,36,11_EMA_N100_th5_bL3_sL-1_sl40_next,sl40_next,0.4,next_signal,,0.16215767295335004,0.5994783211127683,0.7468631654572988,0.21711831625015554,0.8450611414155631,0.3590612834422562,28,5,395.0,1184,-0.068625147957881,-0.06068682409331283,-0.8843233989172549,EMA,100,0.05,3.0,-1.0
11,EMA_N100_th5_bL3_sL-1,37,11_EMA_N100_th5_bL3_sL-1_sl40_cool21,sl40_cool21,0.4,time_cooldown,21.0,0.23270843298612554,0.7380479529734905,0.5764362224610259,0.40370196028383604,1.0444893641424475,0.3842617333592331,34,7,21.0,21,0.0019256120748945005,0.1097401189029601,56.989733463824734,EMA,100,0.05,3.0,-1.0
11,EMA_N100_th5_bL3_sL-1,38,11_EMA_N100_th5_bL3_sL-1_sl40_cool63,sl40_cool63,0.4,time_cooldown,63.0,0.20395665216698333,0.6832647055879224,0.6418388279216045,0.3177692643298529,0.9634009928144184,0.3758578966719229,34,7,63.0,63,-0.026826168744247703,0.04433751344238146,1.6527709888460569,EMA,100,0.05,3.0,-1.0
11,EMA_N100_th5_bL3_sL-1,39,11_EMA_N100_th5_bL3_sL-1_sl40_cool126,sl40_cool126,0.4,time_cooldown,126.0,0.1768612657005446,0.6314482920119739,0.738527611781726,0.2394782034944639,0.8873019966009664,0.36316794976353045,34,7,126.0,126,-0.05392155521068642,-0.052351270417740015,-0.9708783475029444,EMA,100,0.05,3.0,-1.0
11,EMA_N100_th5_bL3_sL-1,40,11_EMA_N100_th5_bL3_sL-1_sl40_rec5,sl40_rec5,0.4,recovery_trigger,0.05,0.21010303942576813,0.6889103412351624,0.6753950001921071,0.3110817216088469,0.9685892689800104,0.38574458622593233,38,8,13.75,29,-0.0206797814854629,0.0107813411718789,0.5213469581125784,EMA,100,0.05,3.0,-1.0
11,EMA_N100_th5_bL3_sL-1,41,11_EMA_N100_th5_bL3_sL-1_sl40_rec10,sl40_rec10,0.4,recovery_trigger,0.1,0.20710150454789722,0.6894736946222391,0.6632496985115608,0.3122526930847709,0.9701008593794161,0.3768503077583733,34,7,43.57142857142857,87,-0.023681316363333815,0.022926642852425183,0.9681321131253875,EMA,100,0.05,3.0,-1.0
11,EMA_N100_th5_bL3_sL-1,42,11_EMA_N100_th5_bL3_sL-1_sl40_rec15,sl40_rec15,0.4,recovery_trigger,0.15,0.17922403406065301,0.6292641842159188,0.7720036938831709,0.23215437371699338,0.8838754523723689,0.37409677757151716,34,7,79.57142857142857,124,-0.05155878685057802,-0.08582735251918494,-1.6646503488904867,EMA,100,0.05,3.0,-1.0
12,SMA_N200_th0_bL3_sL0,0,12_SMA_N200_th0_bL3_sL0_baseline,baseline,,—,,0.22091599334848122,0.7374833966879619,0.7028933266986126,0.314295192395824,1.0292027518410949,0.35890986134136654,236,0,,0,0.0,0.0,0.0,SMA,200,0.0,3.0,0.0
12,SMA_N200_th0_bL3_sL0,1,12_SMA_N200_th0_bL3_sL0_sl15_next,sl15_next,0.15,next_signal,,0.08659664658080612,0.4662760602577981,0.6366562520690657,0.13601790023953453,0.6576134324142785,0.24052095792802866,226,42,108.52380952380952,579,-0.1343193467676751,0.06623707462954687,0.493131304041506,SMA,200,0.0,3.0,0.0
12,SMA_N200_th0_bL3_sL0,2,12_SMA_N200_th0_bL3_sL0_sl15_cool21,sl15_cool21,0.15,time_cooldown,21.0,0.11676439849872189,0.515402576732723,0.7770148441373207,0.15027306026355178,0.7064757937142006,0.3064384950905146,235,76,21.0,21,-0.10415159484975933,-0.0741215174387081,-0.7116695384802297,SMA,200,0.0,3.0,0.0
12,SMA_N200_th0_bL3_sL0,3,12_SMA_N200_th0_bL3_sL0_sl15_cool63,sl15_cool63,0.15,time_cooldown,63.0,0.06013983345969076,0.3551739187602354,0.865958374230117,0.06944887335162994,0.4813293598394264,0.26311019543189007,179,58,63.0,63,-0.16077615988879046,-0.16306504753150441,-1.0142364865804556,SMA,200,0.0,3.0,0.0
12,SMA_N200_th0_bL3_sL0,4,12_SMA_N200_th0_bL3_sL0_sl15_cool126,sl15_cool126,0.15,time_cooldown,126.0,0.009911582574437361,0.15799401761382176,0.7643454353214335,0.012967412528955839,0.21001806881384355,0.2245790096443473,129,44,126.0,126,-0.21100441077404386,-0.06145210862282091,-0.29123613291964545,SMA,200,0.0,3.0,0.0
12,SMA_N200_th0_bL3_sL0,5,12_SMA_N200_th0_bL3_sL0_sl15_rec5,sl15_rec5,0.15,recovery_trigger,0.05,0.10561495853870206,0.4762699795237457,0.8805312932464531,0.11994458271813101,0.6533712658134176,0.3184252400629674,242,82,16.841463414634145,52,-0.11530103480977916,-0.17763796654784048,-1.5406450327258838,SMA,200,0.0,3.0,0.0
12,SMA_N200_th0_bL3_sL0,6,12_SMA_N200_th0_bL3_sL0_sl15_rec10,sl15_rec10,0.15,recovery_trigger,0.1,0.07132827826936805,0.3940583620503113,0.8021905257029444,0.08891687944938571,0.5376454650667858,0.2647453376387125,162,59,65.11864406779661,214,-0.14958771507911317,-0.09929719900433176,-0.663805840953022,SMA,200,0.0,3.0,0.0
12,SMA_N200_th0_bL3_sL0,7,12_SMA_N200_th0_bL3_sL0_sl15_rec15,sl15_rec15,0.15,recovery_trigger,0.15,0.03677048156410212,0.2725100963646155,0.8831975494483225,0.04163336004166939,0.3680576164524938,0.2358671123965607,117,46,117.97777777777777,263,-0.1841455117843791,-0.18030422274970992,-0.9791399258257945,SMA,200,0.0,3.0,0.0
12,SMA_N200_th0_bL3_sL0,8,12_SMA_N200_th0_bL3_sL0_sl20_next,sl20_next,0.2,next_signal,,0.14595088990939797,0.6141112637187768,0.6543972657057304,0.2230310203878957,0.8562294903983914,0.29180765741013653,226,32,83.625,408,-0.07496510343908325,0.04849606099288217,0.6469151480900729,SMA,200,0.0,3.0,0.0
12,SMA_N200_th0_bL3_sL0,9,12_SMA_N200_th0_bL3_sL0_sl20_cool21,sl20_cool21,0.2,time_cooldown,21.0,0.205536960219024,0.733898457701479,0.7409583098433175,0.2773934207748972,1.0223467181901948,0.32947025928359897,200,44,21.0,21,-0.015379033129457209,-0.038064983144704856,-2.4751219939694824,SMA,200,0.0,3.0,0.0
12,SMA_N200_th0_bL3_sL0,10,12_SMA_N200_th0_bL3_sL0_sl20_cool63,sl20_cool63,0.2,time_cooldown,63.0,0.11619182728192734,0.516097405781342,0.8339724505046832,0.1393233400115474,0.7117238177756067,0.3027189283715341,190,38,63.0,63,-0.10472416606655388,-0.13107912380607056,-1.2516607076418989,SMA,200,0.0,3.0,0.0
12,SMA_N200_th0_bL3_sL0,11,12_SMA_N200_th0_bL3_sL0_sl20_cool126,sl20_cool126,0.2,time_cooldown,126.0,0.07925917512066194,0.42089594122998486,0.7601586368541293,0.10426662446232442,0.5720255837790966,0.2670298257069519,138,31,126.0,126,-0.14165681822781928,-0.057265310155516724,-0.40425382182042174,SMA,200,0.0,3.0,0.0
12,SMA_N200_th0_bL3_sL0,12,12_SMA_N200_th0_bL3_sL0_sl20_rec5,sl20_rec5,0.2,recovery_trigger,0.05,0.15163400253396486,0.58714689290395,0.80872292963584,0.18749808738852522,0.8103972645741918,0.3399193543114186,228,49,16.0,42,-0.06928199081451636,-0.10582960293722743,-1.5275196583273327,SMA,200,0.0,3.0,0.0
12,SMA_N200_th0_bL3_sL0,13,12_SMA_N200_th0_bL3_sL0_sl20_rec10,sl20_rec10,0.2,recovery_trigger,0.1,0.1432112205492415,0.5879834946455319,0.7792115292172602,0.18378991477846995,0.8089353729953795,0.31072135312682075,164,39,56.38461538461539,159,-0.07770477279923971,-0.07631820251864763,-0.9821559187339178,SMA,200,0.0,3.0,0.0
12,SMA_N200_th0_bL3_sL0,14,12_SMA_N200_th0_bL3_sL0_sl20_rec15,sl20_rec15,0.2,recovery_trigger,0.15,0.11268070611488401,0.5119386713733539,0.7192454409374898,0.15666516560468152,0.7017268209737854,0.294103420952508,128,33,102.48484848484848,315,-0.10823528723359721,-0.01635211423887717,-0.15107932594649526,SMA,200,0.0,3.0,0.0
12,SMA_N200_th0_bL3_sL0,15,12_SMA_N200_th0_bL3_sL0_sl25_next,sl25_next,0.25,next_signal,,0.14750051690285293,0.6005018791192488,0.67203934925701,0.21948196495625713,0.8316691202904937,0.30986216850231807,232,25,73.32,366,-0.07341547644562829,0.030853977441602565,0.42026530284051355,SMA,200,0.0,3.0,0.0
12,SMA_N200_th0_bL3_sL0,16,12_SMA_N200_th0_bL3_sL0_sl25_cool21,sl25_cool21,0.25,time_cooldown,21.0,0.19129809892904026,0.6859088519859365,0.8170977689525314,0.23411898330633377,0.951350440960388,0.3408235209191125,210,27,21.0,21,-0.02961789441944096,-0.11420444225391879,-3.8559271174576093,SMA,200,0.0,3.0,0.0
12,SMA_N200_th0_bL3_sL0,17,12_SMA_N200_th0_bL3_sL0_sl25_cool63,sl25_cool63,0.25,time_cooldown,63.0,0.16328750522093105,0.6318528942778727,0.734052609724748,0.2224465972298088,0.8751605643358665,0.32262898229267034,188,26,63.0,63,-0.05762848812755017,-0.031159283026135354,-0.5406923561341737,SMA,200,0.0,3.0,0.0
12,SMA_N200_th0_bL3_sL0,18,12_SMA_N200_th0_bL3_sL0_sl25_cool126,sl25_cool126,0.25,time_cooldown,126.0,0.11168361834355878,0.5083161758760241,0.8180799656712091,0.13651919498105036,0.699269848099018,0.29469054761295205,162,22,126.0,126,-0.10923237500492244,-0.11518663897259651,-1.0545100659708786,SMA,200,0.0,3.0,0.0
12,SMA_N200_th0_bL3_sL0,19,12_SMA_N200_th0_bL3_sL0_sl25_rec5,sl25_rec5,0.25,recovery_trigger,0.05,0.19658843311116514,0.6896604039817403,0.7893170343605603,0.24906143482691326,0.9613602038284463,0.3498977362104557,220,30,14.166666666666666,39,-0.02432756023731608,-0.08642370766194774,-3.5525020519477444,SMA,200,0.0,3.0,0.0
12,SMA_N200_th0_bL3_sL0,20,12_SMA_N200_th0_bL3_sL0_sl25_rec10,sl25_rec10,0.25,recovery_trigger,0.1,0.17925144090113565,0.6673005020626692,0.7805518354211785,0.22964706860808706,0.9238321305058331,0.32925589039037817,184,27,53.851851851851855,144,-0.04166455244734557,-0.07765850872256586,-1.863898785921399,SMA,200,0.0,3.0,0.0
12,SMA_N200_th0_bL3_sL0,21,12_SMA_N200_th0_bL3_sL0_sl25_rec15,sl25_rec15,0.25,recovery_trigger,0.15,0.15178263560752114,0.6068313283054212,0.7752650927794295,0.19578159396208594,0.8379352056953784,0.3162279135637184,152,24,102.375,308,-0.06913335774096008,-0.07237176608081686,-1.0468429199112672,SMA,200,0.0,3.0,0.0
12,SMA_N200_th0_bL3_sL0,22,12_SMA_N200_th0_bL3_sL0_sl30_next,sl30_next,0.3,next_signal,,0.198240489583136,0.7054859028477752,0.6810249970197654,0.29109135560464966,0.9823060058709397,0.3383802109257644,232,16,50.9375,228,-0.022675503765345217,0.02186832967884722,0.9644032567103715,SMA,200,0.0,3.0,0.0
12,SMA_N200_th0_bL3_sL0,23,12_SMA_N200_th0_bL3_sL0_sl30_cool21,sl30_cool21,0.3,time_cooldown,21.0,0.22065571719645694,0.7462444308926464,0.7350850513340537,0.3001771248048162,1.0411147266971643,0.35029679327707997,216,17,21.0,21,-0.0002602761520242858,-0.032191724635441066,-32.19172463544106,SMA,200,0.0,3.0,0.0
12,SMA_N200_th0_bL3_sL0,24,12_SMA_N200_th0_bL3_sL0_sl30_cool63,sl30_cool63,0.3,time_cooldown,63.0,0.20520889968339362,0.7199959163938551,0.7046784139484223,0.2912092886932301,0.9996222050606066,0.34087519830048985,190,15,63.0,63,-0.0157070936650876,-0.001785087249809747,-0.11364847551507812,SMA,200,0.0,3.0,0.0
12,SMA_N200_th0_bL3_sL0,25,12_SMA_N200_th0_bL3_sL0_sl30_cool126,sl30_cool126,0.3,time_cooldown,126.0,0.1736174436265523,0.6605401727081217,0.7427156115562787,0.2337603261937043,0.915667065093914,0.3214980499073503,182,14,126.0,126,-0.04729854972192893,-0.039822284857666146,-0.8419345855588343,SMA,200,0.0,3.0,0.0
12,SMA_N200_th0_bL3_sL0,26,12_SMA_N200_th0_bL3_sL0_sl30_rec5,sl30_rec5,0.3,recovery_trigger,0.05,0.21358293689740537,0.725650445542206,0.7317066989519819,0.2918969270109439,1.0112731596981774,0.3540757286370526,224,18,14.166666666666666,48,-0.007333056451075848,-0.02881337225336933,-3.9292445715649795,SMA,200,0.0,3.0,0.0
12,SMA_N200_th0_bL3_sL0,27,12_SMA_N200_th0_bL3_sL0_sl30_rec10,sl30_rec10,0.3,recovery_trigger,0.1,0.2153220094863577,0.7367671928892187,0.6673465202068901,0.3226539780556641,1.0264453361125627,0.3475668772482927,198,16,41.75,114,-0.005593983862123508,0.03554680649172248,6.354470689915203,SMA,200,0.0,3.0,0.0
12,SMA_N200_th0_bL3_sL0,28,12_SMA_N200_th0_bL3_sL0_sl30_rec15,sl30_rec15,0.3,recovery_trigger,0.15,0.21759584881541372,0.7505225801371208,0.6966686579156633,0.312337646229745,1.0475076052919994,0.3403411775391591,180,14,100.14285714285714,262,-0.003320144533067504,0.00622466878294925,1.8748186173685144,SMA,200,0.0,3.0,0.0
12,SMA_N200_th0_bL3_sL0,29,12_SMA_N200_th0_bL3_sL0_sl35_next,sl35_next,0.35,next_signal,,0.22779045839511203,0.754401575306842,0.678916556908551,0.33552055267639475,1.054463172146217,0.3577307156900283,230,11,32.18181818181818,157,0.006874465046630807,0.02397676979006158,3.487801541999644,SMA,200,0.0,3.0,0.0
12,SMA_N200_th0_bL3_sL0,30,12_SMA_N200_th0_bL3_sL0_sl35_cool21,sl35_cool21,0.35,time_cooldown,21.0,0.22501973681599097,0.7516054159197896,0.7781885043581953,0.2891583922864219,1.0483974717115212,0.3545801597332077,214,11,21.0,21,0.004103743467509746,-0.07529517765958271,-18.347925072732117,SMA,200,0.0,3.0,0.0
12,SMA_N200_th0_bL3_sL0,31,12_SMA_N200_th0_bL3_sL0_sl35_cool63,sl35_cool63,0.35,time_cooldown,63.0,0.21600447635266962,0.7384021114019829,0.6836103861460521,0.3159760014332501,1.0294278489503301,0.3474799775079845,204,10,63.0,63,-0.0049115169958116045,0.019282940552560524,3.9260661357793207,SMA,200,0.0,3.0,0.0
12,SMA_N200_th0_bL3_sL0,32,12_SMA_N200_th0_bL3_sL0_sl35_cool126,sl35_cool126,0.35,time_cooldown,126.0,0.19687964793298507,0.7054749374109685,0.7425866849323189,0.26512682213111477,0.9819159927646517,0.33520204069576315,196,10,126.0,126,-0.024036345415496152,-0.039693358233706344,-1.6513890754838365,SMA,200,0.0,3.0,0.0
12,SMA_N200_th0_bL3_sL0,33,12_SMA_N200_th0_bL3_sL0_sl35_rec5,sl35_rec5,0.35,recovery_trigger,0.05,0.2293295066588712,0.7586108372613402,0.7218722011685215,0.3176871283970306,1.061322443169689,0.3570726368690657,218,11,16.272727272727273,39,0.008413513310389975,-0.01897887446990887,-2.255760913395308,SMA,200,0.0,3.0,0.0
12,SMA_N200_th0_bL3_sL0,34,12_SMA_N200_th0_bL3_sL0_sl35_rec10,sl35_rec10,0.35,recovery_trigger,0.1,0.22489531178859545,0.7521835744672594,0.7698810717910718,0.2921169516031782,1.0492573544034864,0.3538055745715386,210,11,41.09090909090909,102,0.003979318440114232,-0.0669877450924592,-16.8339744859766,SMA,200,0.0,3.0,0.0
12,SMA_N200_th0_bL3_sL0,35,12_SMA_N200_th0_bL3_sL0_sl35_rec15,sl35_rec15,0.35,recovery_trigger,0.15,0.2210884457784663,0.7469723791655978,0.7354808730999052,0.3006039366416459,1.0414074163282223,0.3505734332389326,198,10,85.7,245,0.0001724524299850927,-0.03258754640129258,-32.58754640129258,SMA,200,0.0,3.0,0.0
12,SMA_N200_th0_bL3_sL0,36,12_SMA_N200_th0_bL3_sL0_sl40_next,sl40_next,0.4,next_signal,,0.21146220490656686,0.7226614358057142,0.6801068980384174,0.31092495241038115,1.0054024701160273,0.3522357265111314,232,10,48.3,215,-0.009453788441914357,0.0227864286601952,2.410296020500014,SMA,200,0.0,3.0,0.0
12,SMA_N200_th0_bL3_sL0,37,12_SMA_N200_th0_bL3_sL0_sl40_cool21,sl40_cool21,0.4,time_cooldown,21.0,0.20947897044773245,0.7147672955764982,0.7016893865127087,0.29853518447644134,0.9944870312849292,0.3554165808761847,226,10,21.0,21,-0.011437022900748772,0.0012039401859038623,0.10526692097687776,SMA,200,0.0,3.0,0.0
12,SMA_N200_th0_bL3_sL0,38,12_SMA_N200_th0_bL3_sL0_sl40_cool63,sl40_cool63,0.4,time_cooldown,63.0,0.19058927155797467,0.6785914131255731,0.7196092621446722,0.2648510540150025,0.9404359210109123,0.34658183514157437,216,10,63.0,63,-0.03032672179050655,-0.01671593544605965,-0.5511949349992847,SMA,200,0.0,3.0,0.0
12,SMA_N200_th0_bL3_sL0,39,12_SMA_N200_th0_bL3_sL0_sl40_cool126,sl40_cool126,0.4,time_cooldown,126.0,0.17857353767668305,0.660147282123512,0.7284272495630522,0.24514944736595257,0.9133256297743068,0.3346789248196812,208,9,126.0,126,-0.042342455671798174,-0.025533922864439562,-0.6030335855425175,SMA,200,0.0,3.0,0.0
12,SMA_N200_th0_bL3_sL0,40,12_SMA_N200_th0_bL3_sL0_sl40_rec5,sl40_rec5,0.4,recovery_trigger,0.05,0.21574013651275425,0.7275521638444103,0.7097156984994841,0.3039810687136873,1.0133370592204622,0.3570897641803662,226,10,16.1,52,-0.005175856835726966,-0.0068223718008715295,-1.3181144721351832,SMA,200,0.0,3.0,0.0
12,SMA_N200_th0_bL3_sL0,41,12_SMA_N200_th0_bL3_sL0_sl40_rec10,sl40_rec10,0.4,recovery_trigger,0.1,0.1993527379574873,0.693405249228386,0.6971938099108649,0.2859358977713446,0.9630857180695706,0.35300673942704125,218,10,36.4,110,-0.021563255390993907,0.005699516787747716,0.2643161565543657,SMA,200,0.0,3.0,0.0
12,SMA_N200_th0_bL3_sL0,42,12_SMA_N200_th0_bL3_sL0_sl40_rec15,sl40_rec15,0.4,recovery_trigger,0.15,0.19902987974369446,0.6985337680623155,0.6491683128619419,0.30659210531433007,0.9698141463096197,0.34700956265419214,208,9,90.0,261,-0.02188611360478676,0.05372501383667072,2.454753493782487,SMA,200,0.0,3.0,0.0
13,SMA_N100_th5_bL3_sL0,0,13_SMA_N100_th5_bL3_sL0_baseline,baseline,,—,,0.2258459211720405,0.7429501558942435,0.7362974648123558,0.3067319011204214,1.035101187140749,0.36453612355520876,43,0,,0,0.0,0.0,0.0,SMA,100,0.05,3.0,0.0
13,SMA_N100_th5_bL3_sL0,1,13_SMA_N100_th5_bL3_sL0_sl15_next,sl15_next,0.15,next_signal,,0.004970261127874576,0.11089488336022192,0.5767808458066294,0.008617243731323382,0.15180548696031262,0.15708132231369593,43,22,412.8095238095238,1276,-0.22087566004416592,0.15951661900572645,0.7222009839102678,SMA,100,0.05,3.0,0.0
13,SMA_N100_th5_bL3_sL0,2,13_SMA_N100_th5_bL3_sL0_sl15_cool21,sl15_cool21,0.15,time_cooldown,21.0,0.10193910546043794,0.4719752200436754,0.8619618855167234,0.11826405224324756,0.6452720191368158,0.306184421324806,155,77,21.0,21,-0.12390681571160256,-0.12566442070436756,-1.014184893564337,SMA,100,0.05,3.0,0.0
13,SMA_N100_th5_bL3_sL0,3,13_SMA_N100_th5_bL3_sL0_sl15_cool63,sl15_cool63,0.15,time_cooldown,63.0,0.0664965696159221,0.3762484827601977,0.8043024315698192,0.08267607681619911,0.5105693097541283,0.2671078931243431,117,58,63.0,63,-0.1593493515561184,-0.06800496675746337,-0.42676651077248917,SMA,100,0.05,3.0,0.0
13,SMA_N100_th5_bL3_sL0,4,13_SMA_N100_th5_bL3_sL0_sl15_cool126,sl15_cool126,0.15,time_cooldown,126.0,0.04019478429805057,0.28686698888473355,0.6899554017856921,0.058257076028423525,0.3879294983601958,0.2347648659810656,85,43,126.0,126,-0.18565113687398993,0.04634206302666366,0.24961906405193832,SMA,100,0.05,3.0,0.0
13,SMA_N100_th5_bL3_sL0,5,13_SMA_N100_th5_bL3_sL0_sl15_rec5,sl15_rec5,0.15,recovery_trigger,0.05,0.07854696497087787,0.39937986714328627,0.8988509593748057,0.08738597222559687,0.5439586212708982,0.3152993475120169,167,84,16.202380952380953,50,-0.14729895620116262,-0.16255349456244994,-1.103561754643085,SMA,100,0.05,3.0,0.0
13,SMA_N100_th5_bL3_sL0,6,13_SMA_N100_th5_bL3_sL0_sl15_rec10,sl15_rec10,0.15,recovery_trigger,0.1,0.06244971191839732,0.3628948388162524,0.7248571339986756,0.0861545109915569,0.4946509027259798,0.26404012398160964,117,59,66.15254237288136,214,-0.16339620925364318,0.011440330813680233,0.07001588877696165,SMA,100,0.05,3.0,0.0
13,SMA_N100_th5_bL3_sL0,7,13_SMA_N100_th5_bL3_sL0_sl15_rec15,sl15_rec15,0.15,recovery_trigger,0.15,0.04019943100039436,0.28634099956602277,0.6928409426823502,0.058021153953115565,0.3870673170696943,0.23676659770913916,91,46,122.31111111111112,263,-0.18564649017164614,0.043456522130005615,0.23408210998132162,SMA,100,0.05,3.0,0.0
13,SMA_N100_th5_bL3_sL0,8,13_SMA_N100_th5_bL3_sL0_sl20_next,sl20_next,0.2,next_signal,,0.07807665028638544,0.436182179343144,0.6026515383550545,0.129555216102985,0.6060646130752235,0.23764011312953923,43,22,300.3809523809524,1181,-0.14776927088565506,0.13364592645730133,0.9044229944175439,SMA,100,0.05,3.0,0.0
13,SMA_N100_th5_bL3_sL0,9,13_SMA_N100_th5_bL3_sL0_sl20_cool21,sl20_cool21,0.2,time_cooldown,21.0,0.17394404989699797,0.6479851139206434,0.8115632020728949,0.21433210556209306,0.8967229322750881,0.33515412539258316,91,45,21.0,21,-0.05190187127504253,-0.07526573726053909,-1.450154597734731,SMA,100,0.05,3.0,0.0
13,SMA_N100_th5_bL3_sL0,10,13_SMA_N100_th5_bL3_sL0_sl20_cool63,sl20_cool63,0.2,time_cooldown,63.0,0.14362446147801067,0.5885837772203654,0.6465888432840551,0.222126414598395,0.813231472882311,0.3111589725230889,79,39,63.0,63,-0.08222145969402983,0.08970862152830072,1.0910609208609627,SMA,100,0.05,3.0,0.0
13,SMA_N100_th5_bL3_sL0,11,13_SMA_N100_th5_bL3_sL0_sl20_cool126,sl20_cool126,0.2,time_cooldown,126.0,0.07171037790767776,0.3908287422445356,0.7745049433495186,0.09258866392453263,0.5306153560418715,0.27569069833428067,67,34,126.0,126,-0.15413554326436274,-0.038207478537162776,-0.24788233607891413,SMA,100,0.05,3.0,0.0
13,SMA_N100_th5_bL3_sL0,12,13_SMA_N100_th5_bL3_sL0_sl20_rec5,sl20_rec5,0.2,recovery_trigger,0.05,0.12846323326085618,0.5265285379725981,0.9167728470106594,0.140125477843,0.7225173994140008,0.34170823636734404,107,53,14.018867924528301,44,-0.09738268791118432,-0.1804753821983036,-1.8532594044118202,SMA,100,0.05,3.0,0.0
13,SMA_N100_th5_bL3_sL0,13,13_SMA_N100_th5_bL3_sL0_sl20_rec10,sl20_rec10,0.2,recovery_trigger,0.1,0.1423115104637005,0.5811148370931756,0.7461719664912222,0.19072213491603296,0.7989356180233136,0.31584383702566127,79,40,56.05,213,-0.08353441070834,-0.009874501678866388,-0.11820879078614875,SMA,100,0.05,3.0,0.0
13,SMA_N100_th5_bL3_sL0,14,13_SMA_N100_th5_bL3_sL0_sl20_rec15,sl20_rec15,0.2,recovery_trigger,0.15,0.08148102094395426,0.4145098289914943,0.733677442878826,0.11105837004370278,0.5629420779126422,0.2962380856107773,75,38,106.56756756756756,315,-0.14436490022808623,0.002620021933529837,0.01814860765594954,SMA,100,0.05,3.0,0.0
13,SMA_N100_th5_bL3_sL0,15,13_SMA_N100_th5_bL3_sL0_sl25_next,sl25_next,0.25,next_signal,,0.11650443630320195,0.5219708127899333,0.6827270880443191,0.17064569187803938,0.7252848446025484,0.2956103115447195,43,19,236.11111111111111,825,-0.10934148486883855,0.053570376768036665,0.48993643018747585,SMA,100,0.05,3.0,0.0
13,SMA_N100_th5_bL3_sL0,16,13_SMA_N100_th5_bL3_sL0_sl25_cool21,sl25_cool21,0.25,time_cooldown,21.0,0.1893234785113409,0.6714378231525281,0.8746493302772339,0.2164564379776428,0.928825753584895,0.3511131568504135,65,28,21.0,21,-0.036522442660699594,-0.1383518654648781,-3.788132868061239,SMA,100,0.05,3.0,0.0
13,SMA_N100_th5_bL3_sL0,17,13_SMA_N100_th5_bL3_sL0_sl25_cool63,sl25_cool63,0.25,time_cooldown,63.0,0.1898010636906453,0.685020962636501,0.6855270255057587,0.2768688273822852,0.9509662303813496,0.33801201136899867,59,26,63.0,63,-0.03604485748139519,0.05077043930659708,1.408534888306955,SMA,100,0.05,3.0,0.0
13,SMA_N100_th5_bL3_sL0,18,13_SMA_N100_th5_bL3_sL0_sl25_cool126,sl25_cool126,0.25,time_cooldown,126.0,0.09777557944440196,0.4607685872716243,0.8206999261880656,0.11913682007812977,0.628743565871994,0.30402743216093886,59,25,126.0,126,-0.12807034172763854,-0.08440246137570984,-0.6590320618899009,SMA,100,0.05,3.0,0.0
13,SMA_N100_th5_bL3_sL0,19,13_SMA_N100_th5_bL3_sL0_sl25_rec5,sl25_rec5,0.25,recovery_trigger,0.05,0.1942952967389553,0.679571086656265,0.8265830612550458,0.23505840591984337,0.944625709177583,0.3550333484974491,67,29,14.379310344827585,42,-0.031550624433085206,-0.09028559644268996,-2.861610445592734,SMA,100,0.05,3.0,0.0
13,SMA_N100_th5_bL3_sL0,20,13_SMA_N100_th5_bL3_sL0_sl25_rec10,sl25_rec10,0.25,recovery_trigger,0.1,0.17972729187180803,0.6572377486922502,0.8117309949456937,0.22141238044486908,0.9093490364586463,0.34098032559625724,61,27,54.96296296296296,138,-0.04611862930023247,-0.07543353013333787,-1.6356411991836373,SMA,100,0.05,3.0,0.0
13,SMA_N100_th5_bL3_sL0,21,13_SMA_N100_th5_bL3_sL0_sl25_rec15,sl25_rec15,0.25,recovery_trigger,0.15,0.15324080467674261,0.5978441997681306,0.7873480298186709,0.1946290571299639,0.8246362943568825,0.3314720659043008,57,25,102.8,307,-0.07260511649529788,-0.05105056500631511,-0.7031262736093989,SMA,100,0.05,3.0,0.0
13,SMA_N100_th5_bL3_sL0,22,13_SMA_N100_th5_bL3_sL0_sl30_next,sl30_next,0.3,next_signal,,0.14169398352473173,0.5927288780162958,0.6430538844738737,0.22034542819170008,0.8269175174786916,0.3004909883641457,43,12,281.6666666666667,874,-0.08415193764730877,0.09324358033848212,1.1080384236579026,SMA,100,0.05,3.0,0.0
13,SMA_N100_th5_bL3_sL0,23,13_SMA_N100_th5_bL3_sL0_sl30_cool21,sl30_cool21,0.3,time_cooldown,21.0,0.22339596539192064,0.7494309035118153,0.7029156609113587,0.31781332784971483,1.0443406308746772,0.3532388782864898,63,18,21.0,21,-0.0024499557801198613,0.0333818039009971,13.625472007239221,SMA,100,0.05,3.0,0.0
13,SMA_N100_th5_bL3_sL0,24,13_SMA_N100_th5_bL3_sL0_sl30_cool63,sl30_cool63,0.3,time_cooldown,63.0,0.21488671775769164,0.7440212173209316,0.7584986626762656,0.28330533504105504,1.0323982479649512,0.3405087608589218,57,17,63.0,63,-0.010959203414348861,-0.02220119786390984,-2.025803977216251,SMA,100,0.05,3.0,0.0
13,SMA_N100_th5_bL3_sL0,25,13_SMA_N100_th5_bL3_sL0_sl30_cool126,sl30_cool126,0.3,time_cooldown,126.0,0.16332230903174505,0.6350132392256328,0.6476325913352037,0.25218358559600684,0.8819664100696776,0.3194372438645281,53,16,126.0,126,-0.06252361214029545,0.08866487347715213,1.418102224775479,SMA,100,0.05,3.0,0.0
13,SMA_N100_th5_bL3_sL0,26,13_SMA_N100_th5_bL3_sL0_sl30_rec5,sl30_rec5,0.3,recovery_trigger,0.05,0.2102574315291661,0.7171196771153749,0.7845030431115796,0.2680135321020817,0.9977463120115578,0.35494587820501083,65,19,14.157894736842104,35,-0.015588489642874404,-0.048205578299223784,-3.092382867333068,SMA,100,0.05,3.0,0.0
13,SMA_N100_th5_bL3_sL0,27,13_SMA_N100_th5_bL3_sL0_sl30_rec10,sl30_rec10,0.3,recovery_trigger,0.1,0.21021580227999115,0.7238413758811932,0.7413582278942968,0.2835549594924895,1.006834216118633,0.34841500213487464,55,17,53.588235294117645,138,-0.01563011889204935,-0.005060763081941033,-0.3237827630674848,SMA,100,0.05,3.0,0.0
13,SMA_N100_th5_bL3_sL0,28,13_SMA_N100_th5_bL3_sL0_sl30_rec15,sl30_rec15,0.3,recovery_trigger,0.15,0.19332571903763762,0.6946668579791876,0.6484546240911483,0.2981329947466969,0.9641712786279575,0.33729118431182087,53,16,99.625,262,-0.032520202134402876,0.08784284072120752,2.7011775744247064,SMA,100,0.05,3.0,0.0
13,SMA_N100_th5_bL3_sL0,29,13_SMA_N100_th5_bL3_sL0_sl35_next,sl35_next,0.35,next_signal,,0.09761235876095009,0.4663342244546333,0.7123344988743481,0.13703163178984032,0.6418656332839562,0.29256220579766473,43,9,433.0,1504,-0.1282335624110904,0.02396296593800773,0.18686968908488555,SMA,100,0.05,3.0,0.0
13,SMA_N100_th5_bL3_sL0,30,13_SMA_N100_th5_bL3_sL0_sl35_cool21,sl35_cool21,0.35,time_cooldown,21.0,0.21727562341627138,0.7320138236734922,0.7663188028397507,0.2835316354121969,1.0208481981138744,0.35625652446246253,61,12,21.0,21,-0.008570297755769118,-0.030021338027394928,-3.502951575653948,SMA,100,0.05,3.0,0.0
13,SMA_N100_th5_bL3_sL0,31,13_SMA_N100_th5_bL3_sL0_sl35_cool63,sl35_cool63,0.35,time_cooldown,63.0,0.1932696998459691,0.686610670713503,0.6902133688738985,0.2800144253382019,0.9548893770764519,0.34504928023542075,59,12,63.0,63,-0.03257622132607141,0.0460840959384573,1.4146544338945557,SMA,100,0.05,3.0,0.0
13,SMA_N100_th5_bL3_sL0,32,13_SMA_N100_th5_bL3_sL0_sl35_cool126,sl35_cool126,0.35,time_cooldown,126.0,0.16847114047223366,0.6441356976879813,0.8210943388688787,0.20517878701284892,0.8888022952995489,0.32444195149908484,55,11,126.0,126,-0.05737478069980684,-0.08479687405652292,-1.477946809072656,SMA,100,0.05,3.0,0.0
13,SMA_N100_th5_bL3_sL0,33,13_SMA_N100_th5_bL3_sL0_sl35_rec5,sl35_rec5,0.35,recovery_trigger,0.05,0.19419592283807408,0.6781491768646573,0.7871525200857041,0.24670685525713654,0.9420902845027194,0.35644543116067856,65,13,18.46153846153846,36,-0.03164999833396642,-0.050855055273348326,-1.606794879947,SMA,100,0.05,3.0,0.0
13,SMA_N100_th5_bL3_sL0,34,13_SMA_N100_th5_bL3_sL0_sl35_rec10,sl35_rec10,0.35,recovery_trigger,0.1,0.18768202436765846,0.6715927077054196,0.7494500125543223,0.2504263409483294,0.9306473592880736,0.346661434010894,59,12,53.583333333333336,138,-0.038163896804382036,-0.013152547741966503,-0.3446332487843932,SMA,100,0.05,3.0,0.0
13,SMA_N100_th5_bL3_sL0,35,13_SMA_N100_th5_bL3_sL0_sl35_rec15,sl35_rec15,0.35,recovery_trigger,0.15,0.1753443529564167,0.6471083215942943,0.8260223460600454,0.21227555621560695,0.894122377988062,0.3402107816154292,55,11,96.45454545454545,161,-0.05050156821562379,-0.08972488124768963,-1.776675149266577,SMA,100,0.05,3.0,0.0
13,SMA_N100_th5_bL3_sL0,36,13_SMA_N100_th5_bL3_sL0_sl40_next,sl40_next,0.4,next_signal,,0.1543389047925039,0.6115047996193654,0.6791457092041698,0.22725447971004611,0.8455758031344297,0.3188447918506246,43,8,322.5,860,-0.0715070163795366,0.05715175560818597,0.7992468222257036,SMA,100,0.05,3.0,0.0
13,SMA_N100_th5_bL3_sL0,37,13_SMA_N100_th5_bL3_sL0_sl40_cool21,sl40_cool21,0.4,time_cooldown,21.0,0.22658246132250026,0.7509962621338562,0.6955065628986309,0.3257804791635364,1.0480133176330246,0.3584496159285742,53,9,21.0,21,0.0007365401504597635,0.04079090191372492,40.790901913724916,SMA,100,0.05,3.0,0.0
13,SMA_N100_th5_bL3_sL0,38,13_SMA_N100_th5_bL3_sL0_sl40_cool63,sl40_cool63,0.4,time_cooldown,63.0,0.19673369983902056,0.6900769238157218,0.7856834064738043,0.25039818611159625,0.9574353041976075,0.3500609118745545,51,8,63.0,63,-0.02911222133301994,-0.049385941661448496,-1.6963989486241473,SMA,100,0.05,3.0,0.0
13,SMA_N100_th5_bL3_sL0,39,13_SMA_N100_th5_bL3_sL0_sl40_cool126,sl40_cool126,0.4,time_cooldown,126.0,0.17710193196033863,0.6534754155964152,0.7825383965307185,0.2263172423813283,0.9042761287909453,0.33789916625236627,51,8,126.0,126,-0.048743989211701866,-0.04624093171836274,-0.9486488994064889,SMA,100,0.05,3.0,0.0
13,SMA_N100_th5_bL3_sL0,40,13_SMA_N100_th5_bL3_sL0_sl40_rec5,sl40_rec5,0.4,recovery_trigger,0.05,0.20855727028244875,0.7084246623942552,0.7512924012775563,0.27759800302492305,0.9853224912820846,0.35980072712583594,55,9,15.444444444444445,35,-0.01728865088959175,-0.014994936465200448,-0.8673283161861877,SMA,100,0.05,3.0,0.0
13,SMA_N100_th5_bL3_sL0,41,13_SMA_N100_th5_bL3_sL0_sl40_rec10,sl40_rec10,0.4,recovery_trigger,0.1,0.20694232720636974,0.7097814358430591,0.7493183315406302,0.27617411518664914,0.9856332103302008,0.35462764442646844,51,8,50.875,133,-0.018903593965670762,-0.013020866728274405,-0.6888037667292534,SMA,100,0.05,3.0,0.0
13,SMA_N100_th5_bL3_sL0,42,13_SMA_N100_th5_bL3_sL0_sl40_rec15,sl40_rec15,0.4,recovery_trigger,0.15,0.1876854629511746,0.6658101930091317,0.7903034916524846,0.23748530144885707,0.9225386032682367,0.3530326233467538,51,8,79.875,145,-0.03816045822086589,-0.054006026840128785,-1.4152352817031595,SMA,100,0.05,3.0,0.0
14,SMA_N150_th5_bL3_sL-1,0,14_SMA_N150_th5_bL3_sL-1_baseline,baseline,,—,,0.2181594675168239,0.6989499392709329,0.6726198209544081,0.3243429062308459,0.9796186852305484,0.39520900593569513,31,0,,0,0.0,0.0,0.0,SMA,150,0.05,3.0,-1.0
14,SMA_N150_th5_bL3_sL-1,1,14_SMA_N150_th5_bL3_sL-1_sl15_next,sl15_next,0.15,next_signal,,-0.12267705455324163,-0.4684655746268634,0.9958992888974858,-0.12318218912381365,-0.6564001121372899,0.22507301676766864,31,15,598.9333333333333,1892,-0.34083652207006554,-0.3232794679430777,-0.9484883426800763,SMA,150,0.05,3.0,-1.0
14,SMA_N150_th5_bL3_sL-1,2,14_SMA_N150_th5_bL3_sL-1_sl15_cool21,sl15_cool21,0.15,time_cooldown,21.0,0.019161246380533736,0.22687471846596108,0.9164036433059725,0.020909177435620586,0.3116209564152346,0.3384428971382903,158,93,21.0,21,-0.19899822113629018,-0.24378382235156437,-1.225055284210814,SMA,150,0.05,3.0,-1.0
14,SMA_N150_th5_bL3_sL-1,3,14_SMA_N150_th5_bL3_sL-1_sl15_cool63,sl15_cool63,0.15,time_cooldown,63.0,-0.009202789131748768,0.12528239404026223,0.926142460793643,-0.009936688491598348,0.17250602064785348,0.30804576340932305,110,63,63.0,63,-0.22736225664857268,-0.25352263983923495,-1.1150603603970102,SMA,150,0.05,3.0,-1.0
14,SMA_N150_th5_bL3_sL-1,4,14_SMA_N150_th5_bL3_sL-1_sl15_cool126,sl15_cool126,0.15,time_cooldown,126.0,-0.08761307285922482,-0.185660652958689,0.9774169254708991,-0.08963736004163696,-0.2530276776292577,0.28028246882391,86,48,126.0,126,-0.30577254037604873,-0.304797104516491,-0.9968099298309845,SMA,150,0.05,3.0,-1.0
14,SMA_N150_th5_bL3_sL-1,5,14_SMA_N150_th5_bL3_sL-1_sl15_rec5,sl15_rec5,0.15,recovery_trigger,0.05,-0.005124289106975821,0.15998905747582476,0.9718180998514602,-0.005272889142277815,0.21932343337134397,0.3462335728098576,163,97,17.123711340206185,89,-0.22328375662379973,-0.2991982788970521,-1.3399912444197952,SMA,150,0.05,3.0,-1.0
14,SMA_N150_th5_bL3_sL-1,6,14_SMA_N150_th5_bL3_sL-1_sl15_rec10,sl15_rec10,0.15,recovery_trigger,0.1,-0.045757101290745616,-0.003966528824317366,0.9717514691257189,-0.04708724683679985,-0.005452479202671378,0.3010148719214963,113,65,65.98461538461538,214,-0.26391656880756953,-0.29913164817131077,-1.1334326204787004,SMA,150,0.05,3.0,-1.0
14,SMA_N150_th5_bL3_sL-1,7,14_SMA_N150_th5_bL3_sL-1_sl15_rec15,sl15_rec15,0.15,recovery_trigger,0.15,-0.06042610416629235,-0.0788843225655869,0.9594803782582253,-0.0629779467465356,-0.10863854299109804,0.28212945432331016,82,47,124.8913043478261,263,-0.27858557168311626,-0.2868605573038172,-1.0297035685326645,SMA,150,0.05,3.0,-1.0
14,SMA_N150_th5_bL3_sL-1,8,14_SMA_N150_th5_bL3_sL-1_sl20_next,sl20_next,0.2,next_signal,,-0.0422362266544789,-0.022998291086499718,0.9547004513998424,-0.04424029190784341,-0.03239844358865522,0.27112127592705243,31,15,467.0,1193,-0.2603956941713028,-0.2820806304454343,-1.0832768619432929,SMA,150,0.05,3.0,-1.0
14,SMA_N150_th5_bL3_sL-1,9,14_SMA_N150_th5_bL3_sL-1_sl20_cool21,sl20_cool21,0.2,time_cooldown,21.0,0.15955564215229479,0.5922483995533768,0.7033781577955465,0.22684190628318232,0.8310331746918955,0.3605621716652961,92,50,21.0,21,-0.05860382536452913,-0.03075833684113838,-0.5248520322660598,SMA,150,0.05,3.0,-1.0
14,SMA_N150_th5_bL3_sL-1,10,14_SMA_N150_th5_bL3_sL-1_sl20_cool63,sl20_cool63,0.2,time_cooldown,63.0,0.06542121017120617,0.3578351780147935,0.6550532250359852,0.0998715946595214,0.49740386994013785,0.3375984312224248,80,41,63.0,63,-0.15273825734561775,0.01756659591842291,0.11501110608243377,SMA,150,0.05,3.0,-1.0
14,SMA_N150_th5_bL3_sL-1,11,14_SMA_N150_th5_bL3_sL-1_sl20_cool126,sl20_cool126,0.2,time_cooldown,126.0,-0.03726071799786845,0.03365476375976199,0.9477718944322303,-0.039314014497327715,0.045888170697619246,0.30959423744563697,68,35,126.0,126,-0.25542018551469237,-0.2751520734778222,-1.0772526569243872,SMA,150,0.05,3.0,-1.0
14,SMA_N150_th5_bL3_sL-1,12,14_SMA_N150_th5_bL3_sL-1_sl20_rec5,sl20_rec5,0.2,recovery_trigger,0.05,0.078893607786781,0.3921552484881276,0.8555979424782267,0.09220873949073187,0.5407019031505395,0.3700510508241471,107,57,14.140350877192983,44,-0.1392658597300429,-0.18297812152381865,-1.313876364806916,SMA,150,0.05,3.0,-1.0
14,SMA_N150_th5_bL3_sL-1,13,14_SMA_N150_th5_bL3_sL-1_sl20_rec10,sl20_rec10,0.2,recovery_trigger,0.1,0.04763624534434352,0.30799081981901577,0.7532921113921376,0.06323741430971358,0.42567245144863775,0.3366456599560435,83,44,57.29545454545455,213,-0.1705232221724804,-0.0806722904377295,-0.47308682893718307,SMA,150,0.05,3.0,-1.0
14,SMA_N150_th5_bL3_sL-1,14,14_SMA_N150_th5_bL3_sL-1_sl20_rec15,sl20_rec15,0.2,recovery_trigger,0.15,-0.010545237481693448,0.1303418617231211,0.8719998395085146,-0.012093164475393782,0.17909532949611653,0.3233961740729233,72,38,103.72972972972973,315,-0.22870470499851736,-0.19938001855410648,-0.8717792603147321,SMA,150,0.05,3.0,-1.0
14,SMA_N150_th5_bL3_sL-1,15,14_SMA_N150_th5_bL3_sL-1_sl25_next,sl25_next,0.25,next_signal,,0.057224672694940804,0.3349992644860416,0.8295586315561104,0.06898207133062685,0.46932227616870725,0.31815286603647125,31,15,327.6,974,-0.1609347948218831,-0.15693881060170234,-0.9751701661247129,SMA,150,0.05,3.0,-1.0
14,SMA_N150_th5_bL3_sL-1,16,14_SMA_N150_th5_bL3_sL-1_sl25_cool21,sl25_cool21,0.25,time_cooldown,21.0,0.1347277957238895,0.5281234897005386,0.8472427145733231,0.15901912569615811,0.732598974548604,0.37061103333094564,68,33,21.0,21,-0.08343167179293443,-0.17462289361891503,-2.093004848953576,SMA,150,0.05,3.0,-1.0
14,SMA_N150_th5_bL3_sL-1,17,14_SMA_N150_th5_bL3_sL-1_sl25_cool63,sl25_cool63,0.25,time_cooldown,63.0,0.1240442380449287,0.5082650267620482,0.665315910183576,0.1864441179690142,0.7057550722579008,0.35553748684768677,54,27,63.0,63,-0.09411522947189521,0.007303910770832034,0.0776060453958,SMA,150,0.05,3.0,-1.0
14,SMA_N150_th5_bL3_sL-1,18,14_SMA_N150_th5_bL3_sL-1_sl25_cool126,sl25_cool126,0.25,time_cooldown,126.0,0.04403196421227484,0.2978897174769286,0.8741330555764355,0.05037215322241595,0.40970721119999254,0.3362633959676162,46,24,126.0,126,-0.17412750330454907,-0.20151323462202742,-1.1572740135691297,SMA,150,0.05,3.0,-1.0
14,SMA_N150_th5_bL3_sL-1,19,14_SMA_N150_th5_bL3_sL-1_sl25_rec5,sl25_rec5,0.25,recovery_trigger,0.05,0.1373900138564963,0.5302791180136229,0.8303373559747921,0.16546288429382341,0.7354211646590985,0.3813008479402498,67,35,12.542857142857143,37,-0.08076945366032762,-0.157717535020384,-1.9526879020831087,SMA,150,0.05,3.0,-1.0
14,SMA_N150_th5_bL3_sL-1,20,14_SMA_N150_th5_bL3_sL-1_sl25_rec10,sl25_rec10,0.25,recovery_trigger,0.1,0.11492863126962383,0.48403659204892663,0.7371420954804179,0.15591109499006614,0.6713953737158371,0.35937181648463673,58,30,51.06896551724138,130,-0.10323083624720009,-0.06452227452600978,-0.6250290792133325,SMA,150,0.05,3.0,-1.0
14,SMA_N150_th5_bL3_sL-1,21,14_SMA_N150_th5_bL3_sL-1_sl25_rec15,sl25_rec15,0.25,recovery_trigger,0.15,0.09401518493702143,0.43289720918558156,0.7729488769535893,0.1216318281068755,0.5987484265046099,0.3523137410790215,50,26,96.16,307,-0.12414428257980248,-0.10032905599918118,-0.8081649344961788,SMA,150,0.05,3.0,-1.0
14,SMA_N150_th5_bL3_sL-1,22,14_SMA_N150_th5_bL3_sL-1_sl30_next,sl30_next,0.3,next_signal,,0.2167969790386699,0.7095962539458033,0.6945690078589336,0.31213166234837414,0.9958495867074345,0.3782851946067621,31,15,161.13333333333333,480,-0.0013624884781540114,-0.02194918690452552,-16.10963120529556,SMA,150,0.05,3.0,-1.0
14,SMA_N150_th5_bL3_sL-1,23,14_SMA_N150_th5_bL3_sL-1_sl30_cool21,sl30_cool21,0.3,time_cooldown,21.0,0.20481889368611528,0.6790218249197246,0.6591493315022137,0.31073215718709624,0.9498279600551606,0.3840536865855617,40,20,21.0,21,-0.013340573830708635,0.013470489452194423,1.0097383833060265,SMA,150,0.05,3.0,-1.0
14,SMA_N150_th5_bL3_sL-1,24,14_SMA_N150_th5_bL3_sL-1_sl30_cool63,sl30_cool63,0.3,time_cooldown,63.0,0.1777948917976544,0.6243468226455933,0.773754620616322,0.2297820097746682,0.8686552672246043,0.3771995166237616,38,19,63.0,63,-0.040364575719169515,-0.10113479966191397,-2.505533573932355,SMA,150,0.05,3.0,-1.0
14,SMA_N150_th5_bL3_sL-1,25,14_SMA_N150_th5_bL3_sL-1_sl30_cool126,sl30_cool126,0.3,time_cooldown,126.0,0.13172308562319435,0.5233925461157447,0.7323103951159966,0.17987329758214024,0.7297043274690335,0.3642799370515577,36,18,126.0,126,-0.08643638189362957,-0.05969057416158852,-0.690572336022174,SMA,150,0.05,3.0,-1.0
14,SMA_N150_th5_bL3_sL-1,26,14_SMA_N150_th5_bL3_sL-1_sl30_rec5,sl30_rec5,0.3,recovery_trigger,0.05,0.2024356516132324,0.671470850219214,0.6848883536718917,0.2955746736353658,0.937669489094687,0.387553993136053,40,21,12.5,41,-0.01572381590359151,-0.012268532717483627,-0.780251612757775,SMA,150,0.05,3.0,-1.0
14,SMA_N150_th5_bL3_sL-1,27,14_SMA_N150_th5_bL3_sL-1_sl30_rec10,sl30_rec10,0.3,recovery_trigger,0.1,0.18605980799836375,0.6406440217565272,0.6862826349151515,0.27111251040377443,0.8937576432278259,0.38034965276257293,40,20,45.578947368421055,111,-0.032099659518460166,-0.013662813960743425,-0.4256373483614706,SMA,150,0.05,3.0,-1.0
14,SMA_N150_th5_bL3_sL-1,28,14_SMA_N150_th5_bL3_sL-1_sl30_rec15,sl30_rec15,0.3,recovery_trigger,0.15,0.1701342406465851,0.607853242201007,0.7180680186222937,0.23693332140457896,0.8477954425317643,0.3756910868030227,38,19,93.22222222222223,262,-0.0480252268702388,-0.04544819766788566,-0.9463400931073972,SMA,150,0.05,3.0,-1.0
14,SMA_N150_th5_bL3_sL-1,29,14_SMA_N150_th5_bL3_sL-1_sl35_next,sl35_next,0.35,next_signal,,0.19644411570376663,0.6585026287544083,0.672619820954408,0.2920581725127041,0.922432793848553,0.3875825389555945,31,12,121.83333333333333,342,-0.021715351813057282,1.1102230246251565e-16,5.112618179907118e-15,SMA,150,0.05,3.0,-1.0
14,SMA_N150_th5_bL3_sL-1,30,14_SMA_N150_th5_bL3_sL-1_sl35_cool21,sl35_cool21,0.35,time_cooldown,21.0,0.20348054961883766,0.6689616349610764,0.6736402981068231,0.30206112993936496,0.936094431739378,0.39420985258887037,33,14,21.0,21,-0.014678917897986254,-0.0010204771524150447,-0.06951991689762364,SMA,150,0.05,3.0,-1.0
14,SMA_N150_th5_bL3_sL-1,31,14_SMA_N150_th5_bL3_sL-1_sl35_cool63,sl35_cool63,0.35,time_cooldown,63.0,0.17671893045237863,0.6147257277967785,0.6878997899825163,0.256896328543537,0.8570704147519732,0.38927975879087734,33,14,63.0,63,-0.04144053706444528,-0.015279969028108242,-0.36872034270081866,SMA,150,0.05,3.0,-1.0
14,SMA_N150_th5_bL3_sL-1,32,14_SMA_N150_th5_bL3_sL-1_sl35_cool126,sl35_cool126,0.35,time_cooldown,126.0,0.12919818893598056,0.5143988361555447,0.818865886020959,0.1577769829486751,0.7160028709016962,0.3721681652258203,33,13,126.0,126,-0.08896127858084335,-0.1462460650665509,-1.6439294421072215,SMA,150,0.05,3.0,-1.0
14,SMA_N150_th5_bL3_sL-1,33,14_SMA_N150_th5_bL3_sL-1_sl35_rec5,sl35_rec5,0.35,recovery_trigger,0.05,0.20562755902018903,0.6737324177860169,0.7162649035763519,0.28708311407340886,0.9433749619077383,0.39384315889588195,35,15,16.2,50,-0.01253190849663488,-0.043645082621943776,-3.482716350319948,SMA,150,0.05,3.0,-1.0
14,SMA_N150_th5_bL3_sL-1,34,14_SMA_N150_th5_bL3_sL-1_sl35_rec10,sl35_rec10,0.35,recovery_trigger,0.1,0.19011610646955313,0.641681228627245,0.7663390522017655,0.24808354203447072,0.8976854850567529,0.3924866948244688,35,15,47.266666666666666,115,-0.028043361047270787,-0.09371923124735737,-3.34194004382646,SMA,150,0.05,3.0,-1.0
14,SMA_N150_th5_bL3_sL-1,35,14_SMA_N150_th5_bL3_sL-1_sl35_rec15,sl35_rec15,0.35,recovery_trigger,0.15,0.1619545729306271,0.5819682522180765,0.8331941235045628,0.19437795870356997,0.8130314373829103,0.389675308345736,35,15,71.93333333333334,176,-0.05620489458619682,-0.1605743025501547,-2.856945177681903,SMA,150,0.05,3.0,-1.0
14,SMA_N150_th5_bL3_sL-1,36,14_SMA_N150_th5_bL3_sL-1_sl40_next,sl40_next,0.4,next_signal,,0.15621229234542566,0.5759553391319672,0.7938139584430667,0.19678703137421513,0.8100732517955858,0.3755626562310587,31,9,211.33333333333334,740,-0.06194717517139825,-0.1211941374886586,-1.9564110413966926,SMA,150,0.05,3.0,-1.0
14,SMA_N150_th5_bL3_sL-1,37,14_SMA_N150_th5_bL3_sL-1_sl40_cool21,sl40_cool21,0.4,time_cooldown,21.0,0.21419894283128116,0.6926869406205426,0.7061413854581589,0.30333718890064,0.970360582744525,0.3925786510039291,37,11,21.0,21,-0.0039605246855427545,-0.03352156450375077,-8.463920102837823,SMA,150,0.05,3.0,-1.0
14,SMA_N150_th5_bL3_sL-1,38,14_SMA_N150_th5_bL3_sL-1_sl40_cool63,sl40_cool63,0.4,time_cooldown,63.0,0.1817574201551342,0.6287854213120989,0.7073393456522712,0.25695929580663585,0.8784125791895954,0.3841851462844447,37,11,63.0,63,-0.03640204736168973,-0.0347195246978631,-0.9537794496252058,SMA,150,0.05,3.0,-1.0
14,SMA_N150_th5_bL3_sL-1,39,14_SMA_N150_th5_bL3_sL-1_sl40_cool126,sl40_cool126,0.4,time_cooldown,126.0,0.1377745147316869,0.5360769855363224,0.8035281236393914,0.17146196962922675,0.7470201725012401,0.369101094056153,37,11,126.0,126,-0.08038495278513702,-0.13090830268498332,-1.6285175042012086,SMA,150,0.05,3.0,-1.0
14,SMA_N150_th5_bL3_sL-1,40,14_SMA_N150_th5_bL3_sL-1_sl40_rec5,sl40_rec5,0.4,recovery_trigger,0.05,0.19842176562285951,0.6601554009609816,0.7221053000173367,0.2747823144603643,0.9244073657210239,0.3913590143447652,39,12,20.0,50,-0.0197377018939644,-0.04948547906292866,-2.5071550542599312,SMA,150,0.05,3.0,-1.0
14,SMA_N150_th5_bL3_sL-1,41,14_SMA_N150_th5_bL3_sL-1_sl40_rec10,sl40_rec10,0.4,recovery_trigger,0.1,0.17359731286536917,0.6107841341578248,0.7438715506757669,0.23337001221200815,0.8510099707610844,0.38425256249950435,37,11,54.09090909090909,147,-0.044562154651454744,-0.07125172972135885,-1.5989291873038463,SMA,150,0.05,3.0,-1.0
14,SMA_N150_th5_bL3_sL-1,42,14_SMA_N150_th5_bL3_sL-1_sl40_rec15,sl40_rec15,0.4,recovery_trigger,0.15,0.1380484675720992,0.5329072750270497,0.7983466500910341,0.17291795181498887,0.7400685287433413,0.37859919051332896,37,11,93.27272727272727,180,-0.0801109999447247,-0.12572682913662603,-1.569407811953109,SMA,150,0.05,3.0,-1.0
15,EMA_N200_th0_bL3_sL0,0,15_EMA_N200_th0_bL3_sL0_baseline,baseline,,—,,0.20514185964960485,0.6947265210703871,0.6616901961453183,0.310027050188533,0.9656714070664922,0.36605854633295337,276,0,,0,0.0,0.0,0.0,EMA,200,0.0,3.0,0.0
15,EMA_N200_th0_bL3_sL0,1,15_EMA_N200_th0_bL3_sL0_sl15_next,sl15_next,0.15,next_signal,,0.11320269969394614,0.5435763074530195,0.6956638745345428,0.1627261438143359,0.7598158203339055,0.2599999557760831,260,51,84.05882352941177,554,-0.09193915995565871,-0.03397367838922449,-0.3695234805887898,EMA,200,0.0,3.0,0.0
15,EMA_N200_th0_bL3_sL0,2,15_EMA_N200_th0_bL3_sL0_sl15_cool21,sl15_cool21,0.15,time_cooldown,21.0,0.11667810751490992,0.510844994479712,0.7247256087092587,0.16099625308220367,0.6998167234869221,0.3130842368067487,263,82,21.0,21,-0.08846375213469493,-0.06303541256394041,-0.7125563978787908,EMA,200,0.0,3.0,0.0
15,EMA_N200_th0_bL3_sL0,3,15_EMA_N200_th0_bL3_sL0_sl15_cool63,sl15_cool63,0.15,time_cooldown,63.0,0.05577303902251751,0.338731399824934,0.8422554416099978,0.06621867460530216,0.4559203780952994,0.2664134753423954,189,61,63.0,63,-0.14936882062708734,-0.18056524546467945,-1.208854998698,EMA,200,0.0,3.0,0.0
15,EMA_N200_th0_bL3_sL0,4,15_EMA_N200_th0_bL3_sL0_sl15_cool126,sl15_cool126,0.15,time_cooldown,126.0,0.0018722463520093324,0.1226879832135275,0.744686387341908,0.0025141406957795345,0.16296531468587483,0.22524241364355302,135,46,126.0,126,-0.20326961329759552,-0.08299619119658963,-0.4083059432748544,EMA,200,0.0,3.0,0.0
15,EMA_N200_th0_bL3_sL0,5,15_EMA_N200_th0_bL3_sL0_sl15_rec5,sl15_rec5,0.15,recovery_trigger,0.05,0.0974743071613986,0.4508838815144764,0.8692224330357554,0.11213965891442772,0.6172196170200243,0.3239364311449831,272,89,16.89887640449438,80,-0.10766755248820625,-0.2075322368904371,-1.9275281372553712,EMA,200,0.0,3.0,0.0
15,EMA_N200_th0_bL3_sL0,6,15_EMA_N200_th0_bL3_sL0_sl15_rec10,sl15_rec10,0.15,recovery_trigger,0.1,0.059940585753825104,0.35293620659458397,0.7778135525213224,0.0770629228039607,0.47916824046126594,0.2673296915503975,182,63,64.5079365079365,214,-0.14520127389577975,-0.11612335637600413,-0.7997406170096917,EMA,200,0.0,3.0,0.0
15,EMA_N200_th0_bL3_sL0,7,15_EMA_N200_th0_bL3_sL0_sl15_rec15,sl15_rec15,0.15,recovery_trigger,0.15,0.04731540082246277,0.3168882252247935,0.8055968553780863,0.05873334845660053,0.4278135674389624,0.2317638999520125,119,45,124.18181818181819,263,-0.15782645882714208,-0.14390665923276802,-0.9118031304901824,EMA,200,0.0,3.0,0.0
15,EMA_N200_th0_bL3_sL0,8,15_EMA_N200_th0_bL3_sL0_sl20_next,sl20_next,0.2,next_signal,,0.14396867953194326,0.5929823945099346,0.7104558285228387,0.20264268903427704,0.8243033602025008,0.30706332423861715,266,38,61.36842105263158,554,-0.061173180117661596,-0.04876563237752041,-0.7971734064458266,EMA,200,0.0,3.0,0.0
15,EMA_N200_th0_bL3_sL0,9,15_EMA_N200_th0_bL3_sL0_sl20_cool21,sl20_cool21,0.2,time_cooldown,21.0,0.19749174448008633,0.7070465235334928,0.6672952551174833,0.2959585625186502,0.982332209252015,0.3352759793268832,229,48,21.0,21,-0.007650115169518523,-0.005605058972165011,-0.7326764170163177,EMA,200,0.0,3.0,0.0
15,EMA_N200_th0_bL3_sL0,10,15_EMA_N200_th0_bL3_sL0_sl20_cool63,sl20_cool63,0.2,time_cooldown,63.0,0.13067627105353985,0.5567288161058989,0.6886199106377197,0.18976545556535346,0.7671329788682888,0.3052023371316241,187,40,63.0,63,-0.074465588596065,-0.026929714492401335,-0.3616397184272627,EMA,200,0.0,3.0,0.0
15,EMA_N200_th0_bL3_sL0,11,15_EMA_N200_th0_bL3_sL0_sl20_cool126,sl20_cool126,0.2,time_cooldown,126.0,0.08098859600940544,0.4261274015553489,0.7572853480433285,0.10694594345270712,0.5795692575411342,0.26832653188413785,147,31,126.0,126,-0.12415326364019941,-0.09559515189801016,-0.7699769550565204,EMA,200,0.0,3.0,0.0
15,EMA_N200_th0_bL3_sL0,12,15_EMA_N200_th0_bL3_sL0_sl20_rec5,sl20_rec5,0.2,recovery_trigger,0.05,0.1461380899400817,0.5692337501972807,0.7819128961405598,0.1868981707059751,0.7846625244546447,0.34577446975205034,254,53,15.584905660377359,52,-0.059003769709523146,-0.12022269999524149,-2.0375426957819895,EMA,200,0.0,3.0,0.0
15,EMA_N200_th0_bL3_sL0,13,15_EMA_N200_th0_bL3_sL0_sl20_rec10,sl20_rec10,0.2,recovery_trigger,0.1,0.12861129819245187,0.54339567361792,0.7208978393746884,0.17840433299676714,0.7443333921792354,0.3152021568721926,190,42,55.523809523809526,156,-0.07653056145715298,-0.05920764322937011,-0.7736470516098145,EMA,200,0.0,3.0,0.0
15,EMA_N200_th0_bL3_sL0,14,15_EMA_N200_th0_bL3_sL0_sl20_rec15,sl20_rec15,0.2,recovery_trigger,0.15,0.09540471211598178,0.45886976244130945,0.6642685713027496,0.1436237031790862,0.6261879790840036,0.2939684297944793,139,35,102.5,315,-0.10973714753362307,-0.002578375157431312,-0.02349591925233255,EMA,200,0.0,3.0,0.0
15,EMA_N200_th0_bL3_sL0,15,15_EMA_N200_th0_bL3_sL0_sl25_next,sl25_next,0.25,next_signal,,0.1593983210338077,0.6147146570315174,0.6948849314723129,0.22938808112600262,0.851866570211503,0.3300854334885537,266,29,56.689655172413794,366,-0.045743538615797164,-0.03319473532699457,-0.7256704735022629,EMA,200,0.0,3.0,0.0
15,EMA_N200_th0_bL3_sL0,16,15_EMA_N200_th0_bL3_sL0_sl25_cool21,sl25_cool21,0.25,time_cooldown,21.0,0.17961210244946546,0.6526987866416907,0.7745145789432732,0.23190280381103137,0.9029859119861706,0.34560719692974323,244,30,21.0,21,-0.02552975720013939,-0.11282438279795493,-4.419328468871568,EMA,200,0.0,3.0,0.0
15,EMA_N200_th0_bL3_sL0,17,15_EMA_N200_th0_bL3_sL0_sl25_cool63,sl25_cool63,0.25,time_cooldown,63.0,0.165924730244432,0.6378696496148932,0.6573082472181958,0.2524306228419384,0.883037772600119,0.3237074841449611,200,27,63.0,63,-0.03921712940517286,0.004381948927122514,0.11173558579084888,EMA,200,0.0,3.0,0.0
15,EMA_N200_th0_bL3_sL0,18,15_EMA_N200_th0_bL3_sL0_sl25_cool126,sl25_cool126,0.25,time_cooldown,126.0,0.09452198710922,0.45642074507983665,0.7348470151561358,0.12862811600199062,0.6240333290005368,0.2931698142594038,168,23,126.0,126,-0.11061987254038486,-0.0731568190108175,-0.6613352314622273,EMA,200,0.0,3.0,0.0
15,EMA_N200_th0_bL3_sL0,19,15_EMA_N200_th0_bL3_sL0_sl25_rec5,sl25_rec5,0.25,recovery_trigger,0.05,0.16933665658610186,0.6199715723061349,0.7868613159628354,0.21520521234278073,0.8583594157701536,0.35510442232134304,258,34,13.294117647058824,36,-0.03580520306350299,-0.12517111981751705,-3.495891912566938,EMA,200,0.0,3.0,0.0
15,EMA_N200_th0_bL3_sL0,20,15_EMA_N200_th0_bL3_sL0_sl25_rec10,sl25_rec10,0.25,recovery_trigger,0.1,0.16624750603529503,0.631526642654417,0.6850829400302368,0.24266770681511574,0.871521687267299,0.3315945546916768,202,28,55.67857142857143,142,-0.03889435361430982,-0.02339274388491852,-0.6014431841929873,EMA,200,0.0,3.0,0.0
15,EMA_N200_th0_bL3_sL0,21,15_EMA_N200_th0_bL3_sL0_sl25_rec15,sl25_rec15,0.25,recovery_trigger,0.15,0.15135983611446746,0.6074841987760179,0.6823740040724453,0.22181360252756363,0.8375956273777435,0.3142920689239228,152,24,108.91666666666667,308,-0.05378202353513739,-0.020683807927126985,-0.3845859000380237,EMA,200,0.0,3.0,0.0
15,EMA_N200_th0_bL3_sL0,22,15_EMA_N200_th0_bL3_sL0_sl30_next,sl30_next,0.3,next_signal,,0.20064881950448776,0.6980937547788354,0.6412521434034409,0.31290159661618544,0.9697301852406538,0.35129548059391513,266,18,51.44444444444444,247,-0.004493040145117089,0.020438052741877377,4.548824867298122,EMA,200,0.0,3.0,0.0
15,EMA_N200_th0_bL3_sL0,23,15_EMA_N200_th0_bL3_sL0_sl30_cool21,sl30_cool21,0.3,time_cooldown,21.0,0.2085284801299212,0.7132454434632066,0.6888396159984038,0.30272428485066166,0.9919262078496921,0.35472482138558803,250,18,21.0,21,0.003386620480316349,-0.0271494198530855,-8.01667030920141,EMA,200,0.0,3.0,0.0
15,EMA_N200_th0_bL3_sL0,24,15_EMA_N200_th0_bL3_sL0_sl30_cool63,sl30_cool63,0.3,time_cooldown,63.0,0.20384099635624553,0.7144743105584814,0.7240084190356364,0.28154506356121844,0.992177360967016,0.34285242767122515,212,16,63.0,63,-0.0013008632933593223,-0.062318222890318076,-47.905281983465606,EMA,200,0.0,3.0,0.0
15,EMA_N200_th0_bL3_sL0,25,15_EMA_N200_th0_bL3_sL0_sl30_cool126,sl30_cool126,0.3,time_cooldown,126.0,0.1640285990162338,0.6361042835829624,0.7070651493345315,0.23198512777869562,0.8793016841289683,0.32039088969419344,196,15,126.0,126,-0.04111326063337106,-0.04537495318921314,-1.1036573721030272,EMA,200,0.0,3.0,0.0
15,EMA_N200_th0_bL3_sL0,26,15_EMA_N200_th0_bL3_sL0_sl30_rec5,sl30_rec5,0.3,recovery_trigger,0.05,0.19072567329807577,0.6656274830466777,0.7591482268742433,0.25123640752396886,0.9230231927255524,0.3614562563966138,272,19,10.263157894736842,31,-0.014416186351529081,-0.097458030728925,-6.7603198482924665,EMA,200,0.0,3.0,0.0
15,EMA_N200_th0_bL3_sL0,27,15_EMA_N200_th0_bL3_sL0_sl30_rec10,sl30_rec10,0.3,recovery_trigger,0.1,0.20089784405444067,0.6996060706921886,0.7339013337118152,0.273739581638815,0.9702642990604501,0.350425689745143,236,17,44.294117647058826,132,-0.004244015595164186,-0.07221113756649689,-17.01481437739705,EMA,200,0.0,3.0,0.0
15,EMA_N200_th0_bL3_sL0,28,15_EMA_N200_th0_bL3_sL0_sl30_rec15,sl30_rec15,0.3,recovery_trigger,0.15,0.216414781185299,0.7498591136536326,0.5787997203086904,0.37390270518769225,1.0437483085841928,0.3385689375459427,186,15,101.33333333333333,262,0.011272921535694147,0.0828904758366279,7.353060657272089,EMA,200,0.0,3.0,0.0
15,EMA_N200_th0_bL3_sL0,29,15_EMA_N200_th0_bL3_sL0_sl35_next,sl35_next,0.35,next_signal,,0.21628948939440784,0.7226387071043827,0.6412521434034407,0.3372924232992861,1.0055461462102524,0.3632398239145945,268,11,36.90909090909091,137,0.01114762974480299,0.0204380527418776,1.8333989565275788,EMA,200,0.0,3.0,0.0
15,EMA_N200_th0_bL3_sL0,30,15_EMA_N200_th0_bL3_sL0_sl35_cool21,sl35_cool21,0.35,time_cooldown,21.0,0.21441624815130256,0.72071136077716,0.6767929594897917,0.3168121729767147,1.0027842116866685,0.3608689765058604,258,11,21.0,21,0.009274388501697706,-0.015102763344473358,-1.628437642191585,EMA,200,0.0,3.0,0.0
15,EMA_N200_th0_bL3_sL0,31,15_EMA_N200_th0_bL3_sL0_sl35_cool63,sl35_cool63,0.35,time_cooldown,63.0,0.20219320909498695,0.6992335871888968,0.6919688213941634,0.2921998836415961,0.9711780991284468,0.35390486564312273,238,11,63.0,63,-0.0029486505546179043,-0.03027862524884506,-10.268638038992268,EMA,200,0.0,3.0,0.0
15,EMA_N200_th0_bL3_sL0,32,15_EMA_N200_th0_bL3_sL0_sl35_cool126,sl35_cool126,0.35,time_cooldown,126.0,0.19306810943908648,0.6889982068578764,0.6022772065945383,0.32056353341138927,0.9596389624572492,0.34190857479144443,218,9,126.0,126,-0.012073750210518375,0.059412989550780004,4.920839715486309,EMA,200,0.0,3.0,0.0
15,EMA_N200_th0_bL3_sL0,33,15_EMA_N200_th0_bL3_sL0_sl35_rec5,sl35_rec5,0.35,recovery_trigger,0.05,0.21414501972968236,0.7178577818260826,0.659119918282069,0.3248953851794226,0.9995592881968778,0.36311429444810317,264,11,13.727272727272727,39,0.00900316008007751,0.0025702778632493706,0.28548618933667147,EMA,200,0.0,3.0,0.0
15,EMA_N200_th0_bL3_sL0,34,15_EMA_N200_th0_bL3_sL0_sl35_rec10,sl35_rec10,0.35,recovery_trigger,0.1,0.21166986338572613,0.7169146106840659,0.6807215430428053,0.3109492648632333,0.9969693879364901,0.3583550638527647,250,11,47.54545454545455,109,0.0065280037361212795,-0.019031346897486978,-2.9153394616153765,EMA,200,0.0,3.0,0.0
15,EMA_N200_th0_bL3_sL0,35,15_EMA_N200_th0_bL3_sL0_sl35_rec15,sl35_rec15,0.35,recovery_trigger,0.15,0.2157249342819647,0.732773694154639,0.6382027712829453,0.3380194257826619,1.0202034817954908,0.3521032290465588,218,10,100.6,262,0.010583074632359857,0.023487424862372985,2.2193384888882397,EMA,200,0.0,3.0,0.0
15,EMA_N200_th0_bL3_sL0,36,15_EMA_N200_th0_bL3_sL0_sl40_next,sl40_next,0.4,next_signal,,0.21131214264174836,0.7093588428568612,0.6412521434034408,0.3295305049901444,0.9869846371709287,0.3653217825943421,274,9,22.333333333333332,87,0.006170282992143505,0.020438052741877488,3.312336365755159,EMA,200,0.0,3.0,0.0
15,EMA_N200_th0_bL3_sL0,37,15_EMA_N200_th0_bL3_sL0_sl40_cool21,sl40_cool21,0.4,time_cooldown,21.0,0.21221851787986012,0.7129288157271789,0.6440526033618041,0.3295049453602532,0.9922095503430265,0.3637050812419721,266,9,21.0,21,0.007076658230255273,0.017637592783514178,2.492361819609585,EMA,200,0.0,3.0,0.0
15,EMA_N200_th0_bL3_sL0,38,15_EMA_N200_th0_bL3_sL0_sl40_cool63,sl40_cool63,0.4,time_cooldown,63.0,0.19592001893734068,0.6805826318067546,0.6839359839162631,0.2864595861961957,0.9453836816682802,0.35810835871370533,250,9,63.0,63,-0.009221840712264173,-0.02224578777094477,-2.4122936477703396,EMA,200,0.0,3.0,0.0
15,EMA_N200_th0_bL3_sL0,39,15_EMA_N200_th0_bL3_sL0_sl40_cool126,sl40_cool126,0.4,time_cooldown,126.0,0.20564549176913904,0.716244111321383,0.6350629892895034,0.3238190466731676,0.9992620219863739,0.3450613505089028,216,8,126.0,126,0.000503632119534192,0.026627206855814878,26.627206855814876,EMA,200,0.0,3.0,0.0
15,EMA_N200_th0_bL3_sL0,40,15_EMA_N200_th0_bL3_sL0_sl40_rec5,sl40_rec5,0.4,recovery_trigger,0.05,0.20704803115695092,0.7001062522464349,0.6884825733295167,0.30073096862228793,0.9739715971231631,0.36486091683470684,272,9,18.11111111111111,84,0.001906171507346066,-0.026792377184198357,-14.055596299149903,EMA,200,0.0,3.0,0.0
15,EMA_N200_th0_bL3_sL0,41,15_EMA_N200_th0_bL3_sL0_sl40_rec10,sl40_rec10,0.4,recovery_trigger,0.1,0.20943079767662853,0.7078506029147702,0.6563464592207076,0.31908574310782395,0.9850042130974459,0.3623686528807587,256,9,48.22222222222222,140,0.004288938027023681,0.005343736924610765,1.2459347491012978,EMA,200,0.0,3.0,0.0
15,EMA_N200_th0_bL3_sL0,42,15_EMA_N200_th0_bL3_sL0_sl40_rec15,sl40_rec15,0.4,recovery_trigger,0.15,0.22030075502565216,0.7374900373733212,0.6144615541086856,0.35852650756191246,1.02867786155296,0.3575738091045987,230,8,102.75,245,0.01515889537604731,0.047228642036632684,3.115572795050689,EMA,200,0.0,3.0,0.0
16,SMA_N200_th5_bL2_sL0,0,16_SMA_N200_th5_bL2_sL0_baseline,baseline,,—,,0.16908984229356006,0.7415693883296566,0.633011821543756,0.26711956481506555,1.0062298196133537,0.256485914866855,25,0,,0,0.0,0.0,0.0,SMA,200,0.05,2.0,0.0
16,SMA_N200_th5_bL2_sL0,1,16_SMA_N200_th5_bL2_sL0_sl15_next,sl15_next,0.15,next_signal,,0.0832089744526463,0.596833016866586,0.2871298163547682,0.28979565936069845,0.8452808418531107,0.15385217232727433,26,13,533.0,1221,-0.08588086784091375,0.3458820051889878,4.027462855052906,SMA,200,0.05,2.0,0.0
16,SMA_N200_th5_bL2_sL0,2,16_SMA_N200_th5_bL2_sL0_sl15_cool21,sl15_cool21,0.15,time_cooldown,21.0,0.15626805824006285,0.7612976703326734,0.41147289377770707,0.37977728448981296,1.0637154303716256,0.22387363587279055,74,33,21.0,21,-0.01282178405349721,0.22153892776604894,17.2783231133598,SMA,200,0.05,2.0,0.0
16,SMA_N200_th5_bL2_sL0,3,16_SMA_N200_th5_bL2_sL0_sl15_cool63,sl15_cool63,0.15,time_cooldown,63.0,0.14337965304005662,0.7374147516664397,0.3210698474955003,0.44656841543510567,1.0293099480902137,0.21254112682629736,56,28,63.0,63,-0.025710189253503435,0.3119419740482557,12.133009639582816,SMA,200,0.05,2.0,0.0
16,SMA_N200_th5_bL2_sL0,4,16_SMA_N200_th5_bL2_sL0_sl15_cool126,sl15_cool126,0.15,time_cooldown,126.0,0.09744613539862468,0.581229918179136,0.4083896457014038,0.238610690609607,0.802510610648519,0.19189110993870787,50,25,126.0,126,-0.07164370689493538,0.22462217584235222,3.135267360910818,SMA,200,0.05,2.0,0.0
16,SMA_N200_th5_bL2_sL0,5,16_SMA_N200_th5_bL2_sL0_sl15_rec5,sl15_rec5,0.15,recovery_trigger,0.05,0.14150872997995,0.6862895289849275,0.48798386169715596,0.2899864956349124,0.9510516796822744,0.23257047549688215,75,35,12.228571428571428,42,-0.027581112313610046,0.14502795984660005,5.258234628015174,SMA,200,0.05,2.0,0.0
16,SMA_N200_th5_bL2_sL0,6,16_SMA_N200_th5_bL2_sL0_sl15_rec10,sl15_rec10,0.15,recovery_trigger,0.1,0.13898471909711696,0.7181069077524121,0.4266726141358354,0.3257408947574728,0.9967820270865377,0.21307713651907556,59,29,55.172413793103445,211,-0.030105123196443095,0.2063392074079206,6.8539565861102165,SMA,200,0.05,2.0,0.0
16,SMA_N200_th5_bL2_sL0,7,16_SMA_N200_th5_bL2_sL0_sl15_rec15,sl15_rec15,0.15,recovery_trigger,0.15,0.11903021263990632,0.6517149491437095,0.4436794025584028,0.26827978029527305,0.9024246476242316,0.20507308328760185,52,26,106.64,308,-0.05005962965365374,0.1893324189853532,3.7821378283315816,SMA,200,0.05,2.0,0.0
16,SMA_N200_th5_bL2_sL0,8,16_SMA_N200_th5_bL2_sL0_sl20_next,sl20_next,0.2,next_signal,,0.1877931243787414,0.8761400646524857,0.3417646245317929,0.549480873381826,1.228896664887083,0.22573380090595077,25,12,217.66666666666666,894,0.01870328208518135,0.2912471970119631,15.571983338834357,SMA,200,0.05,2.0,0.0
16,SMA_N200_th5_bL2_sL0,9,16_SMA_N200_th5_bL2_sL0_sl20_cool21,sl20_cool21,0.2,time_cooldown,21.0,0.18383803484490113,0.8296717338166998,0.34545544402330886,0.5321613482301847,1.1622689742699555,0.23771514810110733,35,15,21.0,21,0.014748192551341077,0.28755637752044716,19.497736859578715,SMA,200,0.05,2.0,0.0
16,SMA_N200_th5_bL2_sL0,10,16_SMA_N200_th5_bL2_sL0_sl20_cool63,sl20_cool63,0.2,time_cooldown,63.0,0.1762092719903916,0.8126694508840868,0.491914807061454,0.3582109533213911,1.1360137234139454,0.2335089741713344,33,15,63.0,63,0.007119429696831547,0.141097014482302,19.81858386003815,SMA,200,0.05,2.0,0.0
16,SMA_N200_th5_bL2_sL0,11,16_SMA_N200_th5_bL2_sL0_sl20_cool126,sl20_cool126,0.2,time_cooldown,126.0,0.15806100018885605,0.7612768562938732,0.41298670022005696,0.3827266110618923,1.0632103107252913,0.22678959613285798,29,14,126.0,126,-0.011028842104704006,0.22002512132369906,19.94997473305509,SMA,200,0.05,2.0,0.0
16,SMA_N200_th5_bL2_sL0,12,16_SMA_N200_th5_bL2_sL0_sl20_rec5,sl20_rec5,0.2,recovery_trigger,0.05,0.17769295542838215,0.7979081799817591,0.485850807227038,0.36573563897640343,1.1125406239757505,0.24197924529106324,37,16,7.6875,17,0.008603113134822093,0.14716101431671802,17.10555376995646,SMA,200,0.05,2.0,0.0
16,SMA_N200_th5_bL2_sL0,13,16_SMA_N200_th5_bL2_sL0_sl20_rec10,sl20_rec10,0.2,recovery_trigger,0.1,0.181249091253042,0.8246828982524669,0.4254864314818907,0.425980895846161,1.154055603528262,0.236007162628128,33,15,34.93333333333333,79,0.01215924895948195,0.20752539006186532,17.067286865611397,SMA,200,0.05,2.0,0.0
16,SMA_N200_th5_bL2_sL0,14,16_SMA_N200_th5_bL2_sL0_sl20_rec15,sl20_rec15,0.2,recovery_trigger,0.15,0.1871945147733851,0.8517441295587208,0.34176462453179274,0.5477293474414913,1.1940147006083999,0.23379079823788282,29,14,94.21428571428571,262,0.018104672479825057,0.2912471970119633,16.086852570048677,SMA,200,0.05,2.0,0.0
16,SMA_N200_th5_bL2_sL0,15,16_SMA_N200_th5_bL2_sL0_sl25_next,sl25_next,0.25,next_signal,,0.12046324265116515,0.6525203656876098,0.3799491791448467,0.31705093539691886,0.9164245511804404,0.20756103960492187,25,7,525.4285714285714,1544,-0.04862659964239491,0.2530626423989093,5.204201903072771,SMA,200,0.05,2.0,0.0
16,SMA_N200_th5_bL2_sL0,16,16_SMA_N200_th5_bL2_sL0_sl25_cool21,sl25_cool21,0.25,time_cooldown,21.0,0.17525902711976515,0.7827787115612497,0.43219752908014714,0.4055067771737884,1.0914845926842263,0.2449613783268205,37,10,21.0,21,0.0061691848262050986,0.20081429246360888,32.55118757515609,SMA,200,0.05,2.0,0.0
16,SMA_N200_th5_bL2_sL0,17,16_SMA_N200_th5_bL2_sL0_sl25_cool63,sl25_cool63,0.25,time_cooldown,63.0,0.15888863077997906,0.7356259116822759,0.445583723226637,0.35658535646097567,1.0233928149676121,0.23991456962089458,37,10,63.0,63,-0.010201211513580999,0.18742809831711904,18.373121473620433,SMA,200,0.05,2.0,0.0
16,SMA_N200_th5_bL2_sL0,18,16_SMA_N200_th5_bL2_sL0_sl25_cool126,sl25_cool126,0.25,time_cooldown,126.0,0.1358410362660465,0.6691341851561794,0.4916349907312144,0.27630465452430175,0.9289890537838155,0.23032409933526674,37,10,126.0,126,-0.03324880602751357,0.1413768308125416,4.252087449262133,SMA,200,0.05,2.0,0.0
16,SMA_N200_th5_bL2_sL0,19,16_SMA_N200_th5_bL2_sL0_sl25_rec5,sl25_rec5,0.25,recovery_trigger,0.05,0.17196089702854334,0.7714635519953625,0.43219752908014736,0.39787570603314265,1.0750088657745354,0.244885554214436,39,10,14.4,41,0.0028710547349832805,0.20081429246360866,69.94443192486823,SMA,200,0.05,2.0,0.0
16,SMA_N200_th5_bL2_sL0,20,16_SMA_N200_th5_bL2_sL0_sl25_rec10,sl25_rec10,0.25,recovery_trigger,0.1,0.1597655527354509,0.734655595802802,0.46206720891302155,0.34576258529854864,1.0213637752745537,0.24192803497097304,37,10,42.3,138,-0.009324289558109156,0.17094461263073446,18.333258696590693,SMA,200,0.05,2.0,0.0
16,SMA_N200_th5_bL2_sL0,21,16_SMA_N200_th5_bL2_sL0_sl25_rec15,sl25_rec15,0.25,recovery_trigger,0.15,0.14653723765465276,0.6928835173272324,0.504429302522832,0.2905010413189072,0.9619091423655927,0.2388903866286587,37,10,78.8,171,-0.022552604638907292,0.128582519020924,5.701448727527288,SMA,200,0.05,2.0,0.0
16,SMA_N200_th5_bL2_sL0,22,16_SMA_N200_th5_bL2_sL0_sl30_next,sl30_next,0.3,next_signal,,0.14313679815249603,0.6781875551901053,0.633011821543756,0.22612026076135752,0.9165781782077298,0.24197401013654035,25,5,238.2,586,-0.02595304414106403,0.0,0.0,SMA,200,0.05,2.0,0.0
16,SMA_N200_th5_bL2_sL0,23,16_SMA_N200_th5_bL2_sL0_sl30_cool21,sl30_cool21,0.3,time_cooldown,21.0,0.1659952491424177,0.7334276695404184,0.633011821543756,0.2622308833626475,0.9941087167280391,0.2553073322296417,29,5,21.0,21,-0.0030945931511423552,0.0,0.0,SMA,200,0.05,2.0,0.0
16,SMA_N200_th5_bL2_sL0,24,16_SMA_N200_th5_bL2_sL0_sl30_cool63,sl30_cool63,0.3,time_cooldown,63.0,0.15417411922673363,0.6963545897070399,0.633011821543756,0.24355646131653888,0.9418233091452061,0.2536546041216962,29,5,63.0,63,-0.014915723066826425,0.0,0.0,SMA,200,0.05,2.0,0.0
16,SMA_N200_th5_bL2_sL0,25,16_SMA_N200_th5_bL2_sL0_sl30_cool126,sl30_cool126,0.3,time_cooldown,126.0,0.1429467358444163,0.6676760697887165,0.633011821543756,0.22582000995780033,0.9017069812534778,0.24760725101677453,29,5,126.0,126,-0.02614310644914375,0.0,0.0,SMA,200,0.05,2.0,0.0
16,SMA_N200_th5_bL2_sL0,26,16_SMA_N200_th5_bL2_sL0_sl30_rec5,sl30_rec5,0.3,recovery_trigger,0.05,0.16571541162894565,0.7325030652941322,0.633011821543756,0.26178881023865813,0.9928257252962647,0.2552988155385493,29,5,10.0,27,-0.003374430664614403,0.0,0.0,SMA,200,0.05,2.0,0.0
16,SMA_N200_th5_bL2_sL0,27,16_SMA_N200_th5_bL2_sL0_sl30_rec10,sl30_rec10,0.3,recovery_trigger,0.1,0.15983617347689227,0.7139462417764645,0.633011821543756,0.2525010877160117,0.9662104743394514,0.25460196316235034,29,5,24.6,71,-0.009253668816667782,0.0,0.0,SMA,200,0.05,2.0,0.0
16,SMA_N200_th5_bL2_sL0,28,16_SMA_N200_th5_bL2_sL0_sl30_rec15,sl30_rec15,0.3,recovery_trigger,0.15,0.15589447558232994,0.7008910692571746,0.633011821543756,0.24627419311402854,0.9479647558296215,0.2544186188398095,29,5,44.4,80,-0.013195366711230117,0.0,0.0,SMA,200,0.05,2.0,0.0
16,SMA_N200_th5_bL2_sL0,29,16_SMA_N200_th5_bL2_sL0_sl35_next,sl35_next,0.35,next_signal,,0.149750324913694,0.6886113040891069,0.633011821543756,0.2365679752212064,0.9324361086434394,0.2493255331734686,25,4,211.75,572,-0.019339517379866056,0.0,0.0,SMA,200,0.05,2.0,0.0
16,SMA_N200_th5_bL2_sL0,30,16_SMA_N200_th5_bL2_sL0_sl35_cool21,sl35_cool21,0.35,time_cooldown,21.0,0.16553552610582378,0.730354335257452,0.633011821543756,0.2615046362043041,0.9903494675350343,0.2561280723978715,27,4,21.0,21,-0.0035543161877362728,0.0,0.0,SMA,200,0.05,2.0,0.0
16,SMA_N200_th5_bL2_sL0,31,16_SMA_N200_th5_bL2_sL0_sl35_cool63,sl35_cool63,0.35,time_cooldown,63.0,0.16031935722198076,0.7144774150695999,0.633011821543756,0.2532643969128449,0.9677369369793886,0.25521014339505627,27,4,63.0,63,-0.008770485071579293,0.0,0.0,SMA,200,0.05,2.0,0.0
16,SMA_N200_th5_bL2_sL0,32,16_SMA_N200_th5_bL2_sL0_sl35_cool126,sl35_cool126,0.35,time_cooldown,126.0,0.15206215111885002,0.6943916238566663,0.633011821543756,0.24022008111635076,0.9399098258270457,0.2506011460689113,27,4,126.0,126,-0.017027691174710036,0.0,0.0,SMA,200,0.05,2.0,0.0
16,SMA_N200_th5_bL2_sL0,33,16_SMA_N200_th5_bL2_sL0_sl35_rec5,sl35_rec5,0.35,recovery_trigger,0.05,0.16614099264367566,0.7322834079087209,0.633011821543756,0.2624611215608892,0.9930967858658509,0.25618147057523544,27,4,5.0,13,-0.0029488496498843997,0.0,0.0,SMA,200,0.05,2.0,0.0
16,SMA_N200_th5_bL2_sL0,34,16_SMA_N200_th5_bL2_sL0_sl35_rec10,sl35_rec10,0.35,recovery_trigger,0.1,0.16289301016500524,0.7224073262665287,0.633011821543756,0.25733012342131356,0.9787572838572067,0.25562490443603453,27,4,21.75,57,-0.006196832128554819,0.0,0.0,SMA,200,0.05,2.0,0.0
16,SMA_N200_th5_bL2_sL0,35,16_SMA_N200_th5_bL2_sL0_sl35_rec15,sl35_rec15,0.35,recovery_trigger,0.15,0.16096417704865695,0.7160203448570676,0.633011821543756,0.25428305060102346,0.969892671491362,0.2555636293062385,27,4,43.75,66,-0.008125665244903102,0.0,0.0,SMA,200,0.05,2.0,0.0
16,SMA_N200_th5_bL2_sL0,36,16_SMA_N200_th5_bL2_sL0_sl40_next,sl40_next,0.4,next_signal,,0.14998259813233994,0.6910163034588355,0.633011821543756,0.23693490868238487,0.935119260464696,0.24843228040103013,25,2,416.0,666,-0.019107244161220116,0.0,0.0,SMA,200,0.05,2.0,0.0
16,SMA_N200_th5_bL2_sL0,37,16_SMA_N200_th5_bL2_sL0_sl40_cool21,sl40_cool21,0.4,time_cooldown,21.0,0.16617422218014832,0.7329059984017952,0.633011821543756,0.26251361589881744,0.9941620207103089,0.25590481510578394,27,2,21.0,21,-0.002915620113411732,0.0,0.0,SMA,200,0.05,2.0,0.0
16,SMA_N200_th5_bL2_sL0,38,16_SMA_N200_th5_bL2_sL0_sl40_cool63,sl40_cool63,0.4,time_cooldown,63.0,0.16294970919679663,0.7236906452200395,0.633011821543756,0.25741969367871115,0.9818954778176643,0.25501668300185604,27,2,63.0,63,-0.006140133096763423,0.0,0.0,SMA,200,0.05,2.0,0.0
16,SMA_N200_th5_bL2_sL0,39,16_SMA_N200_th5_bL2_sL0_sl40_cool126,sl40_cool126,0.4,time_cooldown,126.0,0.15758197059840295,0.7083345490008468,0.633011821543756,0.2489400122324735,0.9599874828114902,0.25344403657186343,27,2,126.0,126,-0.011507871695157101,0.0,0.0,SMA,200,0.05,2.0,0.0
16,SMA_N200_th5_bL2_sL0,40,16_SMA_N200_th5_bL2_sL0_sl40_rec5,sl40_rec5,0.4,recovery_trigger,0.05,0.16575389099943338,0.7313589109926811,0.633011821543756,0.26184959799834623,0.9920537889517486,0.2559788966498403,27,2,8.5,16,-0.003335951294126671,0.0,0.0,SMA,200,0.05,2.0,0.0
16,SMA_N200_th5_bL2_sL0,41,16_SMA_N200_th5_bL2_sL0_sl40_rec10,sl40_rec10,0.4,recovery_trigger,0.1,0.16348419636070965,0.7241981037955505,0.633011821543756,0.25826404941698083,0.9820169541763816,0.25572929696117475,27,2,19.5,37,-0.0056056459328504005,0.0,0.0,SMA,200,0.05,2.0,0.0
16,SMA_N200_th5_bL2_sL0,42,16_SMA_N200_th5_bL2_sL0_sl40_rec15,sl40_rec15,0.4,recovery_trigger,0.15,0.1611043851130971,0.7163609062620813,0.633011821543756,0.25450454419666946,0.9711446633684969,0.2556329652028259,27,2,52.5,53,-0.007985457180462951,0.0,0.0,SMA,200,0.05,2.0,0.0
17,SMA_N100_th5_bL2_sL0,0,17_SMA_N100_th5_bL2_sL0_baseline,baseline,,—,,0.1593247832514102,0.7306234937522958,0.5623616119448593,0.28331376087426163,1.0172104294440796,0.24308472474112008,43,0,,0,0.0,0.0,0.0,SMA,100,0.05,2.0,0.0
17,SMA_N100_th5_bL2_sL0,1,17_SMA_N100_th5_bL2_sL0_sl15_next,sl15_next,0.15,next_signal,,0.09574789447953336,0.5848991785342126,0.4712128840195536,0.20319455967074146,0.8198033414106785,0.18609080436255312,43,21,251.55,1181,-0.06357688877187684,0.09114872792530576,1.4336770748936882,SMA,100,0.05,2.0,0.0
17,SMA_N100_th5_bL2_sL0,2,17_SMA_N100_th5_bL2_sL0_sl15_cool21,sl15_cool21,0.15,time_cooldown,21.0,0.15065753647226887,0.7253970404806908,0.6526526732081678,0.23083876410357654,1.0119243201243924,0.23025692741690149,69,34,21.0,21,-0.008667246779141324,-0.09029106126330844,-10.41750207004648,SMA,100,0.05,2.0,0.0
17,SMA_N100_th5_bL2_sL0,3,17_SMA_N100_th5_bL2_sL0_sl15_cool63,sl15_cool63,0.15,time_cooldown,63.0,0.13484855034922516,0.6883197402244877,0.4913503722868924,0.2744447912425495,0.9587865128806425,0.2187883252112926,63,31,63.0,63,-0.024476232902185036,0.07101123965796696,2.9012323890588436,SMA,100,0.05,2.0,0.0
17,SMA_N100_th5_bL2_sL0,4,17_SMA_N100_th5_bL2_sL0_sl15_cool126,sl15_cool126,0.15,time_cooldown,126.0,0.07584802457612216,0.47224349092274964,0.5911688127273754,0.12830180304369404,0.6470219088017798,0.1956453772660969,59,29,126.0,126,-0.08347675867528803,-0.028807200782516085,-0.3450924693251656,SMA,100,0.05,2.0,0.0
17,SMA_N100_th5_bL2_sL0,5,17_SMA_N100_th5_bL2_sL0_sl15_rec5,sl15_rec5,0.15,recovery_trigger,0.05,0.135263899810242,0.6613008720602243,0.7396327118263606,0.18287982352245818,0.9194315074979884,0.23326010780097223,77,37,14.486486486486486,45,-0.02406088344116819,-0.17727109988150125,-7.367605612443567,SMA,100,0.05,2.0,0.0
17,SMA_N100_th5_bL2_sL0,6,17_SMA_N100_th5_bL2_sL0_sl15_rec10,sl15_rec10,0.15,recovery_trigger,0.1,0.13425118388753976,0.6840594819978637,0.6101676720641861,0.22002342968019012,0.949655970833796,0.21969576227843887,65,32,57.71875,211,-0.025073599363870436,-0.047806060119326754,-1.9066293365208842,SMA,100,0.05,2.0,0.0
17,SMA_N100_th5_bL2_sL0,7,17_SMA_N100_th5_bL2_sL0_sl15_rec15,sl15_rec15,0.15,recovery_trigger,0.15,0.1080870203518669,0.5906501231192031,0.593013475998714,0.18226739311418497,0.8156454588071457,0.21214885925082713,61,30,105.75862068965517,308,-0.05123776289954329,-0.03065186405385467,-0.5982279927785037,SMA,100,0.05,2.0,0.0
17,SMA_N100_th5_bL2_sL0,8,17_SMA_N100_th5_bL2_sL0_sl20_next,sl20_next,0.2,next_signal,,0.10332808062279075,0.5943719014324425,0.4595567370283575,0.22484292427294952,0.8305699706248307,0.19892549597767709,43,12,283.4166666666667,874,-0.055996702628619444,0.10280487491650186,1.8359094391382818,SMA,100,0.05,2.0,0.0
17,SMA_N100_th5_bL2_sL0,9,17_SMA_N100_th5_bL2_sL0_sl20_cool21,sl20_cool21,0.2,time_cooldown,21.0,0.16194396623044605,0.7575133062066814,0.502743908309874,0.3221201958962959,1.057233844141123,0.2347935331688175,61,18,21.0,21,0.00261918297903585,0.05961770363498531,22.761946802560253,SMA,100,0.05,2.0,0.0
17,SMA_N100_th5_bL2_sL0,10,17_SMA_N100_th5_bL2_sL0_sl20_cool63,sl20_cool63,0.2,time_cooldown,63.0,0.15559512554199428,0.7509210312733763,0.58934209465879,0.26401495320316265,1.0454224768771954,0.2272247830701686,57,17,63.0,63,-0.0037296577094159122,-0.02698048271393061,-7.234037227012964,SMA,100,0.05,2.0,0.0
17,SMA_N100_th5_bL2_sL0,11,17_SMA_N100_th5_bL2_sL0_sl20_cool126,sl20_cool126,0.2,time_cooldown,126.0,0.11321613832291022,0.6106451732822012,0.5204690481980949,0.2175271300279497,0.8459226186503946,0.21308062606435615,53,16,126.0,126,-0.046108644928499976,0.04189256374676442,0.9085620237100143,SMA,100,0.05,2.0,0.0
17,SMA_N100_th5_bL2_sL0,12,17_SMA_N100_th5_bL2_sL0_sl20_rec5,sl20_rec5,0.2,recovery_trigger,0.05,0.1464524689406257,0.6982746512015964,0.6823171556304791,0.2146398749204829,0.9708298845510398,0.23584473326193175,67,20,14.85,36,-0.012872314310784505,-0.11995554368561978,-9.318879324219132,SMA,100,0.05,2.0,0.0
17,SMA_N100_th5_bL2_sL0,13,17_SMA_N100_th5_bL2_sL0_sl20_rec10,sl20_rec10,0.2,recovery_trigger,0.1,0.1508075535857727,0.7242619505321103,0.5551081536453341,0.27167238059004556,1.008455778106328,0.23107370277824318,55,17,54.88235294117647,139,-0.008517229665637505,0.007253458299525284,0.8516217812922356,SMA,100,0.05,2.0,0.0
17,SMA_N100_th5_bL2_sL0,14,17_SMA_N100_th5_bL2_sL0_sl20_rec15,sl20_rec15,0.2,recovery_trigger,0.15,0.13879102362714835,0.6938142140542384,0.4648941298793289,0.2985432912718728,0.9639836521324656,0.2236358829030174,53,16,100.9375,262,-0.02053375962426185,0.09746748206553046,4.746694411985172,SMA,100,0.05,2.0,0.0
17,SMA_N100_th5_bL2_sL0,15,17_SMA_N100_th5_bL2_sL0_sl25_next,sl25_next,0.25,next_signal,,0.0524736091742275,0.3675751091261494,0.553822313246499,0.09474809504627558,0.5035979041454447,0.18712299450615796,43,9,509.22222222222223,1504,-0.1068511740771827,0.008539298698360342,0.07991768712051849,SMA,100,0.05,2.0,0.0
17,SMA_N100_th5_bL2_sL0,16,17_SMA_N100_th5_bL2_sL0_sl25_cool21,sl25_cool21,0.25,time_cooldown,21.0,0.15303240824455444,0.7187648012712206,0.6248439119572219,0.2449130179810912,1.0015586765669793,0.23770415619510576,59,11,21.0,21,-0.006292375006855755,-0.062482300012362546,-9.929843651131087,SMA,100,0.05,2.0,0.0
17,SMA_N100_th5_bL2_sL0,17,17_SMA_N100_th5_bL2_sL0_sl25_cool63,sl25_cool63,0.25,time_cooldown,63.0,0.1386839091766019,0.6796254867976468,0.5885576300902476,0.23563352522562067,0.9442968326468464,0.23046594267584056,57,11,63.0,63,-0.020640874074808302,-0.0261960181453883,-1.2691331796534682,SMA,100,0.05,2.0,0.0
17,SMA_N100_th5_bL2_sL0,18,17_SMA_N100_th5_bL2_sL0_sl25_cool126,sl25_cool126,0.25,time_cooldown,126.0,0.11132478154981396,0.5971308865246243,0.6685310115694618,0.1665214920822668,0.8223037727635172,0.21622855159867088,57,11,126.0,126,-0.04800000170159624,-0.10616939962460248,-2.211862413768869,SMA,100,0.05,2.0,0.0
17,SMA_N100_th5_bL2_sL0,19,17_SMA_N100_th5_bL2_sL0_sl25_rec5,sl25_rec5,0.25,recovery_trigger,0.05,0.13938693655363132,0.6682596735420037,0.6342089989703591,0.21978076120005643,0.9277740007941288,0.23794193160815724,63,12,18.333333333333332,36,-0.01993784669777887,-0.07184738702549975,-3.6035680339293483,SMA,100,0.05,2.0,0.0
17,SMA_N100_th5_bL2_sL0,20,17_SMA_N100_th5_bL2_sL0_sl25_rec10,sl25_rec10,0.25,recovery_trigger,0.1,0.13713914122133342,0.6716575077054436,0.595104060578688,0.23044564859459585,0.9305423488703686,0.2315754705831234,57,11,54.27272727272727,135,-0.02218564203007678,-0.03274244863382869,-1.4758395808171876,SMA,100,0.05,2.0,0.0
17,SMA_N100_th5_bL2_sL0,21,17_SMA_N100_th5_bL2_sL0_sl25_rec15,sl25_rec15,0.25,recovery_trigger,0.15,0.1179272300156684,0.6047434088977046,0.6885677604720174,0.17126452440182297,0.8336202420932508,0.2274518691292052,57,11,88.72727272727273,147,-0.04139755323574179,-0.12620614852715806,-3.0486378701771746,SMA,100,0.05,2.0,0.0
17,SMA_N100_th5_bL2_sL0,22,17_SMA_N100_th5_bL2_sL0_sl30_next,sl30_next,0.3,next_signal,,0.1454060068513785,0.7204028943686737,0.5368160871239948,0.2708674541226861,1.0032562372081082,0.22330108551405078,43,5,281.4,557,-0.013918776400031696,0.025545524820864585,1.8353283425694238,SMA,100,0.05,2.0,0.0
17,SMA_N100_th5_bL2_sL0,23,17_SMA_N100_th5_bL2_sL0_sl30_cool21,sl30_cool21,0.3,time_cooldown,21.0,0.15199526378080197,0.7135021469369988,0.6297954165474435,0.24134069538651828,0.9907514114198595,0.2384662087862426,53,7,21.0,21,-0.007329519470608226,-0.06743380460258419,-9.200303631499642,SMA,100,0.05,2.0,0.0
17,SMA_N100_th5_bL2_sL0,24,17_SMA_N100_th5_bL2_sL0_sl30_cool63,sl30_cool63,0.3,time_cooldown,63.0,0.14501299340381713,0.6987726384613565,0.601108932994008,0.24124245281389395,0.9682316306254604,0.23289952303453756,51,6,63.0,63,-0.01431178984759307,-0.038747321049148686,-2.707370738514941,SMA,100,0.05,2.0,0.0
17,SMA_N100_th5_bL2_sL0,25,17_SMA_N100_th5_bL2_sL0_sl30_cool126,sl30_cool126,0.3,time_cooldown,126.0,0.13998627216427773,0.6906733157227299,0.668253239887528,0.20948087313102806,0.9543053770191654,0.22743980299237743,51,6,126.0,126,-0.01933851108713247,-0.10589162794266871,-5.475686699227184,SMA,100,0.05,2.0,0.0
17,SMA_N100_th5_bL2_sL0,26,17_SMA_N100_th5_bL2_sL0_sl30_rec5,sl30_rec5,0.3,recovery_trigger,0.05,0.14819565877995666,0.6964338161829604,0.6046813013855133,0.24508060434545306,0.967514795715311,0.2401365294474625,55,7,18.0,34,-0.011129124471453533,-0.04231968944065401,-3.802607253535982,SMA,100,0.05,2.0,0.0
17,SMA_N100_th5_bL2_sL0,27,17_SMA_N100_th5_bL2_sL0_sl30_rec10,sl30_rec10,0.3,recovery_trigger,0.1,0.1464468060702484,0.6972883436331754,0.6078454432941531,0.24092770240506478,0.9670086051747215,0.23636686488053907,51,6,53.0,125,-0.012877977181161793,-0.04548383134929379,-3.531908055857453,SMA,100,0.05,2.0,0.0
17,SMA_N100_th5_bL2_sL0,28,17_SMA_N100_th5_bL2_sL0_sl30_rec15,sl30_rec15,0.3,recovery_trigger,0.15,0.13698933910235267,0.6672330814940545,0.640617402730153,0.21383955309134278,0.9226133311781362,0.23363505746633803,51,6,94.5,220,-0.022335444149057526,-0.07825579078529366,-3.5036594868249247,SMA,100,0.05,2.0,0.0
17,SMA_N100_th5_bL2_sL0,29,17_SMA_N100_th5_bL2_sL0_sl35_next,sl35_next,0.35,next_signal,,0.1470788931978717,0.7046021111690933,0.5144322236156719,0.2859052882887701,0.9809211785869036,0.2338177610747326,43,3,278.6666666666667,534,-0.012245890053538488,0.04792938832918747,3.913916270654261,SMA,100,0.05,2.0,0.0
17,SMA_N100_th5_bL2_sL0,30,17_SMA_N100_th5_bL2_sL0_sl35_cool21,sl35_cool21,0.35,time_cooldown,21.0,0.1576487699482112,0.728047109429178,0.5365454800946144,0.2938218208834998,1.01442487895707,0.2413801567818393,49,4,21.0,21,-0.0016760133031989977,0.025816131850244894,15.403297695173292,SMA,100,0.05,2.0,0.0
17,SMA_N100_th5_bL2_sL0,31,17_SMA_N100_th5_bL2_sL0_sl35_cool63,sl35_cool63,0.35,time_cooldown,63.0,0.15631254006470763,0.7265468910417089,0.5590655761831695,0.27959607374125667,1.010836438261319,0.23975351225122485,47,3,63.0,63,-0.003012243186702568,0.0032960357616897973,1.0942130357336421,SMA,100,0.05,2.0,0.0
17,SMA_N100_th5_bL2_sL0,32,17_SMA_N100_th5_bL2_sL0_sl35_cool126,sl35_cool126,0.35,time_cooldown,126.0,0.16036328262537825,0.7454637471217165,0.5144322236156722,0.31172868895783684,1.0374471308086133,0.2377068682361844,45,3,126.0,126,0.0010384993739680493,0.04792938832918714,46.15254426784252,SMA,100,0.05,2.0,0.0
17,SMA_N100_th5_bL2_sL0,33,17_SMA_N100_th5_bL2_sL0_sl35_rec5,sl35_rec5,0.35,recovery_trigger,0.05,0.1542202761065845,0.715356477042381,0.5810242917126077,0.2654282760743273,0.9947823184869181,0.2415960478968993,49,4,13.75,30,-0.005104507144825687,-0.01866267976774838,-3.65611786569175,SMA,100,0.05,2.0,0.0
17,SMA_N100_th5_bL2_sL0,34,17_SMA_N100_th5_bL2_sL0_sl35_rec10,sl35_rec10,0.35,recovery_trigger,0.1,0.158299212013157,0.7337990166433038,0.5144322236156715,0.30771636135185254,1.0214435151801118,0.2397094195201981,45,3,75.0,133,-0.0010255712382531978,0.047929388329187805,46.73433355134202,SMA,100,0.05,2.0,0.0
17,SMA_N100_th5_bL2_sL0,35,17_SMA_N100_th5_bL2_sL0_sl35_rec15,sl35_rec15,0.35,recovery_trigger,0.15,0.15519954281969928,0.7266085003776344,0.5144322236156716,0.30169094332560253,1.0103220383002787,0.23774888113329212,45,3,144.33333333333334,197,-0.004125240431710919,0.047929388329187694,11.618568450156797,SMA,100,0.05,2.0,0.0
17,SMA_N100_th5_bL2_sL0,36,17_SMA_N100_th5_bL2_sL0_sl40_next,sl40_next,0.4,next_signal,,0.15764575826976523,0.7318715379041476,0.556122215824016,0.2834732254603042,1.017913527248761,0.23950936251091,43,2,202.0,204,-0.001679024981644961,0.0062393961208433435,3.7160829582955532,SMA,100,0.05,2.0,0.0
17,SMA_N100_th5_bL2_sL0,37,17_SMA_N100_th5_bL2_sL0_sl40_cool21,sl40_cool21,0.4,time_cooldown,21.0,0.15544301364633206,0.7191674038223904,0.6281484433894362,0.24746222852607042,1.0001202939835505,0.24188880603064442,47,2,21.0,21,-0.0038817696050781336,-0.06578683144457687,-16.947639385530376,SMA,100,0.05,2.0,0.0
17,SMA_N100_th5_bL2_sL0,38,17_SMA_N100_th5_bL2_sL0_sl40_cool63,sl40_cool63,0.4,time_cooldown,63.0,0.1568523683193439,0.7265462095127102,0.556122215824016,0.28204657871279787,1.0103464238022568,0.24072295215381317,45,2,63.0,63,-0.0024724149320662914,0.0062393961208433435,2.5236039630406384,SMA,100,0.05,2.0,0.0
17,SMA_N100_th5_bL2_sL0,39,17_SMA_N100_th5_bL2_sL0_sl40_cool126,sl40_cool126,0.4,time_cooldown,126.0,0.15417865654823748,0.7180425863438588,0.556122215824016,0.27723880140229296,0.9979744960474154,0.24016209554406545,45,2,126.0,126,-0.005146126703172715,0.0062393961208433435,1.2124451030318784,SMA,100,0.05,2.0,0.0
17,SMA_N100_th5_bL2_sL0,40,17_SMA_N100_th5_bL2_sL0_sl40_rec5,sl40_rec5,0.4,recovery_trigger,0.05,0.15550549914968226,0.7193152142106264,0.6051701294485239,0.25696162381872756,1.0004666838094973,0.24192677557717993,47,2,21.0,27,-0.0038192841017279378,-0.042808517503664545,-11.208518759915483,SMA,100,0.05,2.0,0.0
17,SMA_N100_th5_bL2_sL0,41,17_SMA_N100_th5_bL2_sL0_sl40_rec10,sl40_rec10,0.4,recovery_trigger,0.1,0.15564223740241112,0.7225008887234561,0.556122215824016,0.27987056257372006,1.004436804130284,0.2405711509721099,45,2,94.5,118,-0.0036825458489990748,0.0062393961208433435,1.6943159370410086,SMA,100,0.05,2.0,0.0
17,SMA_N100_th5_bL2_sL0,42,17_SMA_N100_th5_bL2_sL0_sl40_rec15,sl40_rec15,0.4,recovery_trigger,0.15,0.15372543078420287,0.7157264703366786,0.556122215824016,0.27642382629225704,0.9947743618002349,0.2405057403362559,45,2,105.0,130,-0.00559935246720733,0.0062393961208433435,1.1143067269625258,SMA,100,0.05,2.0,0.0
18,EMA_N150_th5_bL2_sL-1,0,18_EMA_N150_th5_bL2_sL-1_baseline,baseline,,—,,0.16225232604098094,0.6730169893997732,0.501387878401682,0.32360639941716757,0.9432139322502232,0.2834850362548081,25,0,,0,0.0,0.0,0.0,EMA,150,0.05,2.0,-1.0
18,EMA_N150_th5_bL2_sL-1,1,18_EMA_N150_th5_bL2_sL-1_sl15_next,sl15_next,0.15,next_signal,,-0.028788000988894114,-0.017423401436667943,0.8401882950990934,-0.03426374915815603,-0.024632671326573378,0.22475658550945754,26,13,551.1666666666666,1212,-0.19104032702987506,-0.33880041669741146,-1.773449731607869,EMA,150,0.05,2.0,-1.0
18,EMA_N150_th5_bL2_sL-1,2,18_EMA_N150_th5_bL2_sL-1_sl15_cool21,sl15_cool21,0.15,time_cooldown,21.0,0.10295479135427299,0.5013984406395592,0.5286910638039971,0.19473525921452242,0.7026949509332688,0.2666141937744023,76,51,21.0,21,-0.05929753468670795,-0.027303185402315133,-0.460443853974175,EMA,150,0.05,2.0,-1.0
18,EMA_N150_th5_bL2_sL-1,3,18_EMA_N150_th5_bL2_sL-1_sl15_cool63,sl15_cool63,0.15,time_cooldown,63.0,0.07210636165685647,0.3998648346047149,0.4727499213577734,0.15252538054318773,0.5601937141605506,0.25699972884789735,66,40,63.0,63,-0.09014596438412448,0.02863795704390859,0.3176842939066942,EMA,150,0.05,2.0,-1.0
18,EMA_N150_th5_bL2_sL-1,4,18_EMA_N150_th5_bL2_sL-1_sl15_cool126,sl15_cool126,0.15,time_cooldown,126.0,-0.05501892274311049,-0.1142720966032792,0.9443587393867295,-0.058260616912212834,-0.15684126481728267,0.24067147997356372,58,34,126.0,126,-0.21727124878409143,-0.44297086098504757,-2.038791894758428,EMA,150,0.05,2.0,-1.0
18,EMA_N150_th5_bL2_sL-1,5,18_EMA_N150_th5_bL2_sL-1_sl15_rec5,sl15_rec5,0.15,recovery_trigger,0.05,0.08191310275266339,0.42672497189164943,0.631274655990488,0.1297582628660094,0.5949843159932736,0.2708537243349444,81,55,17.072727272727274,89,-0.08033922328831755,-0.12988677758880607,-1.6167293169200134,EMA,150,0.05,2.0,-1.0
18,EMA_N150_th5_bL2_sL-1,6,18_EMA_N150_th5_bL2_sL-1_sl15_rec10,sl15_rec10,0.15,recovery_trigger,0.1,0.03364445468648469,0.2577962049542817,0.622421431825973,0.054054139150998215,0.35740649768766564,0.25698500746685793,75,44,56.65909090909091,211,-0.12860787135449625,-0.12103355342429101,-0.9411053316532446,EMA,150,0.05,2.0,-1.0
18,EMA_N150_th5_bL2_sL-1,7,18_EMA_N150_th5_bL2_sL-1_sl15_rec15,sl15_rec15,0.15,recovery_trigger,0.15,0.022264116122287625,0.2137974882122673,0.6176754968984023,0.03604500459235428,0.29725955375412594,0.25173929608455997,56,34,106.36363636363636,308,-0.13998820991869332,-0.11628761849672031,-0.8306958033413059,EMA,150,0.05,2.0,-1.0
18,EMA_N150_th5_bL2_sL-1,8,18_EMA_N150_th5_bL2_sL-1_sl20_next,sl20_next,0.2,next_signal,,0.1605370247133231,0.6874580642785211,0.44787134793377276,0.3584445074549888,0.9680019536281843,0.2697565269284864,25,12,213.08333333333334,903,-0.0017153013276578477,0.05351653046790922,31.199492243723252,EMA,150,0.05,2.0,-1.0
18,EMA_N150_th5_bL2_sL-1,9,18_EMA_N150_th5_bL2_sL-1_sl20_cool21,sl20_cool21,0.2,time_cooldown,21.0,0.16006641794650056,0.6766635305373145,0.47123136139005206,0.33967692106555036,0.9539902771841527,0.2759481728677017,35,22,21.0,21,-0.002185908094480382,0.030156517011629913,13.795875996698067,EMA,150,0.05,2.0,-1.0
18,EMA_N150_th5_bL2_sL-1,10,18_EMA_N150_th5_bL2_sL-1_sl20_cool63,sl20_cool63,0.2,time_cooldown,63.0,0.12193573917671618,0.5600765868079302,0.613193431893876,0.19885362894398928,0.7836001224835494,0.27159041362427655,37,21,63.0,63,-0.04031658686426476,-0.11180555349219401,-2.7731899495513748,EMA,150,0.05,2.0,-1.0
18,EMA_N150_th5_bL2_sL-1,11,18_EMA_N150_th5_bL2_sL-1_sl20_cool126,sl20_cool126,0.2,time_cooldown,126.0,0.0905130742909872,0.45836044708577556,0.7016141757966109,0.12900690637873571,0.640859529086655,0.26733068857528597,31,17,126.0,126,-0.07173925174999374,-0.20022629739492892,-2.7910285166160294,EMA,150,0.05,2.0,-1.0
18,EMA_N150_th5_bL2_sL-1,12,18_EMA_N150_th5_bL2_sL-1_sl20_rec5,sl20_rec5,0.2,recovery_trigger,0.05,0.1439496634060229,0.6226072543670488,0.631736373137348,0.22786350371300576,0.87096535697236,0.27877078227495633,41,25,10.64,35,-0.018302662634958056,-0.130348494735666,-7.121832344038325,EMA,150,0.05,2.0,-1.0
18,EMA_N150_th5_bL2_sL-1,13,18_EMA_N150_th5_bL2_sL-1_sl20_rec10,sl20_rec10,0.2,recovery_trigger,0.1,0.1313840977235936,0.590141327209596,0.5177694934460697,0.25375017143082884,0.8287152002815185,0.27224619402997796,35,22,49.72727272727273,127,-0.030868228317387336,-0.016381615044387732,-0.5306950200041237,EMA,150,0.05,2.0,-1.0
18,EMA_N150_th5_bL2_sL-1,14,18_EMA_N150_th5_bL2_sL-1_sl20_rec15,sl20_rec15,0.2,recovery_trigger,0.15,0.11647501934731697,0.5441663144487319,0.4773986708830508,0.2439785161778342,0.7634555054735657,0.2694771679844346,33,20,91.85,262,-0.04577730669366398,0.02398920751863115,0.5240414793112215,EMA,150,0.05,2.0,-1.0
18,EMA_N150_th5_bL2_sL-1,15,18_EMA_N150_th5_bL2_sL-1_sl25_next,sl25_next,0.25,next_signal,,0.16225232604098094,0.6730169893997732,0.501387878401682,0.32360639941716757,0.9432139322502232,0.2834850362548081,25,12,152.5,628,0.0,0.0,0.0,EMA,150,0.05,2.0,-1.0
18,EMA_N150_th5_bL2_sL-1,16,18_EMA_N150_th5_bL2_sL-1_sl25_cool21,sl25_cool21,0.25,time_cooldown,21.0,0.160232555233371,0.6676866995831936,0.5013878784016812,0.3195780395492579,0.9355858136426927,0.2828879934448518,29,15,21.0,21,-0.002019770807609955,7.771561172376096e-16,3.8477440821973146e-13,EMA,150,0.05,2.0,-1.0
18,EMA_N150_th5_bL2_sL-1,17,18_EMA_N150_th5_bL2_sL-1_sl25_cool63,sl25_cool63,0.25,time_cooldown,63.0,0.13212812272510432,0.5830454438449469,0.5963766310783283,0.2215514757615487,0.8142915509580965,0.28093486635487985,27,14,63.0,63,-0.03012420331587662,-0.0949887526766463,-3.153237006157888,EMA,150,0.05,2.0,-1.0
18,EMA_N150_th5_bL2_sL-1,18,18_EMA_N150_th5_bL2_sL-1_sl25_cool126,sl25_cool126,0.25,time_cooldown,126.0,0.08943548126738121,0.4498918118049408,0.6658422023112428,0.1343193341559556,0.6271640642890881,0.2747400771908314,27,14,126.0,126,-0.07281684477359973,-0.16445432390956083,-2.2584653924634885,EMA,150,0.05,2.0,-1.0
18,EMA_N150_th5_bL2_sL-1,19,18_EMA_N150_th5_bL2_sL-1_sl25_rec5,sl25_rec5,0.25,recovery_trigger,0.05,0.1585081832840609,0.6629860869690933,0.5013878784016805,0.3161388420265599,0.9285608425548031,0.282474131822098,29,16,21.0,62,-0.0037441427569200325,1.4432899320127035e-15,3.8547940762813425e-13,EMA,150,0.05,2.0,-1.0
18,EMA_N150_th5_bL2_sL-1,20,18_EMA_N150_th5_bL2_sL-1_sl25_rec10,sl25_rec10,0.25,recovery_trigger,0.1,0.13390154052914438,0.5895441658598027,0.6177080645122578,0.2167715596118581,0.8239710302265826,0.2800879109059212,31,16,48.875,116,-0.028350785511836563,-0.11632018611057582,-4.102891119613306,EMA,150,0.05,2.0,-1.0
18,EMA_N150_th5_bL2_sL-1,21,18_EMA_N150_th5_bL2_sL-1_sl25_rec15,sl25_rec15,0.25,recovery_trigger,0.15,0.12207072498897698,0.5524139544470609,0.7044080008934098,0.17329548334793626,0.7724458768747557,0.2797238303596793,29,15,80.8,191,-0.04018160105200397,-0.20302012249172785,-5.052564287544801,EMA,150,0.05,2.0,-1.0
18,EMA_N150_th5_bL2_sL-1,22,18_EMA_N150_th5_bL2_sL-1_sl30_next,sl30_next,0.3,next_signal,,0.028728761223545396,0.23858105660872378,0.8625981286311152,0.03330491948682522,0.3366166257046231,0.2503472608835915,21,7,492.57142857142856,1961,-0.13352356481743555,-0.3612102502294332,-2.7052172455349712,EMA,150,0.05,2.0,-1.0
18,EMA_N150_th5_bL2_sL-1,23,18_EMA_N150_th5_bL2_sL-1_sl30_cool21,sl30_cool21,0.3,time_cooldown,21.0,0.1539676374621184,0.6492164670834896,0.5692137641966492,0.270491768025705,0.9093976875313802,0.28236106261752,29,11,21.0,21,-0.008284688578862553,-0.06782588579496718,-8.18689624230623,EMA,150,0.05,2.0,-1.0
18,EMA_N150_th5_bL2_sL-1,24,18_EMA_N150_th5_bL2_sL-1_sl30_cool63,sl30_cool63,0.3,time_cooldown,63.0,0.12278652943101065,0.5548587796527834,0.636670404772937,0.19285729085334413,0.7741668217641442,0.2795836808469132,29,11,63.0,63,-0.039465796609970294,-0.13528252637125504,-3.427842283489558,EMA,150,0.05,2.0,-1.0
18,EMA_N150_th5_bL2_sL-1,25,18_EMA_N150_th5_bL2_sL-1_sl30_cool126,sl30_cool126,0.3,time_cooldown,126.0,0.08218450743318373,0.42671984310347866,0.7235084695528373,0.11359163146214124,0.594820480325667,0.27266148565701276,29,11,126.0,126,-0.08006781860779721,-0.22212059115115534,-2.774155647216854,EMA,150,0.05,2.0,-1.0
18,EMA_N150_th5_bL2_sL-1,26,18_EMA_N150_th5_bL2_sL-1_sl30_rec5,sl30_rec5,0.3,recovery_trigger,0.05,0.15046567537979172,0.6401590094859003,0.574973072009621,0.2616916908019546,0.8982751845259455,0.2809684111412566,29,12,23.583333333333332,72,-0.011786650661189224,-0.07358519360793903,-6.243096170673695,EMA,150,0.05,2.0,-1.0
18,EMA_N150_th5_bL2_sL-1,27,18_EMA_N150_th5_bL2_sL-1_sl30_rec10,sl30_rec10,0.3,recovery_trigger,0.1,0.1332217546249721,0.5867650460146766,0.6077598058508646,0.2192013248366457,0.81995829132302,0.2806727239152276,29,11,45.45454545454545,89,-0.029030571416008843,-0.10637192744918267,-3.664134815841899,EMA,150,0.05,2.0,-1.0
18,EMA_N150_th5_bL2_sL-1,28,18_EMA_N150_th5_bL2_sL-1_sl30_rec15,sl30_rec15,0.3,recovery_trigger,0.15,0.11194363787832384,0.5206794716330432,0.658716408138122,0.1699420820482296,0.7265863224577144,0.2789368113135534,29,11,80.81818181818181,172,-0.0503086881626571,-0.15732852973644007,-3.1272636095731308,EMA,150,0.05,2.0,-1.0
18,EMA_N150_th5_bL2_sL-1,29,18_EMA_N150_th5_bL2_sL-1_sl35_next,sl35_next,0.35,next_signal,,0.09570363065038201,0.4748185027394837,0.7332793517324147,0.1305145582297888,0.6680873176551773,0.26912895539216,25,6,285.8333333333333,724,-0.06654869539059893,-0.23189147333073268,-3.484538231285764,EMA,150,0.05,2.0,-1.0
18,EMA_N150_th5_bL2_sL-1,30,18_EMA_N150_th5_bL2_sL-1_sl35_cool21,sl35_cool21,0.35,time_cooldown,21.0,0.14685631076314887,0.6278014435678748,0.6107715293759371,0.24044393639828135,0.8785133123078284,0.28196463061030574,35,9,21.0,21,-0.015396015277832076,-0.10938365097425518,-7.104672800094646,EMA,150,0.05,2.0,-1.0
18,EMA_N150_th5_bL2_sL-1,31,18_EMA_N150_th5_bL2_sL-1_sl35_cool63,sl35_cool63,0.35,time_cooldown,63.0,0.11885059630402606,0.5429302011446006,0.6490894674681966,0.18310356624273735,0.7582207744687396,0.27888388030079503,35,9,63.0,63,-0.043401729736954886,-0.14770158906651465,-3.4031267869204873,EMA,150,0.05,2.0,-1.0
18,EMA_N150_th5_bL2_sL-1,32,18_EMA_N150_th5_bL2_sL-1_sl35_cool126,sl35_cool126,0.35,time_cooldown,126.0,0.0786538944534998,0.41466364136808503,0.7326069082076451,0.10736166090206548,0.5784848526607501,0.2727659135171607,35,9,126.0,126,-0.08359843158748115,-0.2312190298059631,-2.765829757990198,EMA,150,0.05,2.0,-1.0
18,EMA_N150_th5_bL2_sL-1,33,18_EMA_N150_th5_bL2_sL-1_sl35_rec5,sl35_rec5,0.35,recovery_trigger,0.05,0.14729616154487335,0.6301608840459317,0.5735944104628435,0.25679497369232984,0.8820528588418726,0.28115067322725207,35,9,23.11111111111111,70,-0.014956164496107593,-0.07220653206116157,-4.827877633998585,EMA,150,0.05,2.0,-1.0
18,EMA_N150_th5_bL2_sL-1,34,18_EMA_N150_th5_bL2_sL-1_sl35_rec10,sl35_rec10,0.35,recovery_trigger,0.1,0.12251215794001014,0.5536794874426902,0.6269628074987482,0.19540578240800152,0.772727856037577,0.27989045631336384,35,9,52.0,138,-0.03974016810097081,-0.12557492909706625,-3.1598992932795014,EMA,150,0.05,2.0,-1.0
18,EMA_N150_th5_bL2_sL-1,35,18_EMA_N150_th5_bL2_sL-1_sl35_rec15,sl35_rec15,0.35,recovery_trigger,0.15,0.0990376601125329,0.47943466958527176,0.6867921766507147,0.14420324441596105,0.6684375733092685,0.2780605554870253,35,9,85.77777777777777,171,-0.06321466592844804,-0.1854042982490327,-2.9329317101650068,EMA,150,0.05,2.0,-1.0
18,EMA_N150_th5_bL2_sL-1,36,18_EMA_N150_th5_bL2_sL-1_sl40_next,sl40_next,0.4,next_signal,,0.12256663062952788,0.5590677608554411,0.6268579851311596,0.19552535588085848,0.7840451323326693,0.27461776979240876,25,4,257.0,638,-0.03968569541145306,-0.12547010672947767,-3.1615952657155084,EMA,150,0.05,2.0,-1.0
18,EMA_N150_th5_bL2_sL-1,37,18_EMA_N150_th5_bL2_sL-1_sl40_cool21,sl40_cool21,0.4,time_cooldown,21.0,0.15303006683923903,0.6456330943939349,0.5202643368116919,0.2941390674153162,0.9031995141427607,0.2829208918619539,29,4,21.0,21,-0.009222259201741911,-0.018876458410009955,-2.0468366803705265,EMA,150,0.05,2.0,-1.0
18,EMA_N150_th5_bL2_sL-1,38,18_EMA_N150_th5_bL2_sL-1_sl40_cool63,sl40_cool63,0.4,time_cooldown,63.0,0.1320062840542826,0.5830608931713807,0.5988562226491599,0.2204306794547888,0.8152788384753774,0.28052307584589486,29,4,63.0,63,-0.030246041986698335,-0.09746834424747797,-3.222515669664903,EMA,150,0.05,2.0,-1.0
18,EMA_N150_th5_bL2_sL-1,39,18_EMA_N150_th5_bL2_sL-1_sl40_cool126,sl40_cool126,0.4,time_cooldown,126.0,0.1091693503248019,0.5133341669489562,0.6848517050539786,0.1594058239457802,0.7165264017284844,0.2769742987365055,29,4,126.0,126,-0.05308297571617904,-0.18346382665229666,-3.4561707247391396,EMA,150,0.05,2.0,-1.0
18,EMA_N150_th5_bL2_sL-1,40,18_EMA_N150_th5_bL2_sL-1_sl40_rec5,sl40_rec5,0.4,recovery_trigger,0.05,0.154297689785859,0.6495322391943061,0.5013878784016812,0.30774116493946263,0.9087806117155289,0.28291064651706804,29,4,15.0,39,-0.007954636255121939,7.771561172376096e-16,9.769851094538783e-14,EMA,150,0.05,2.0,-1.0
18,EMA_N150_th5_bL2_sL-1,41,18_EMA_N150_th5_bL2_sL-1_sl40_rec10,sl40_rec10,0.4,recovery_trigger,0.1,0.1462782695161371,0.6252386752749549,0.5296104521208747,0.2761997406402235,0.8737195565121424,0.2826163298141127,29,4,34.0,63,-0.01597405652484385,-0.02822257371919268,-1.7667756261722982,EMA,150,0.05,2.0,-1.0
18,EMA_N150_th5_bL2_sL-1,42,18_EMA_N150_th5_bL2_sL-1_sl40_rec15,sl40_rec15,0.4,recovery_trigger,0.15,0.13678000361982923,0.5964288292947435,0.5523268205595346,0.24764324043012118,0.8325835147853416,0.2820368244654414,29,4,57.75,130,-0.025472322421151716,-0.05093894215785266,-1.9997761223198858,EMA,150,0.05,2.0,-1.0
19,EMA_N200_th5_bL2_sL0,0,19_EMA_N200_th5_bL2_sL0_baseline,baseline,,—,,0.16755863557465478,0.7327583265921253,0.6364952410973886,0.2632519848628641,0.9925698597781185,0.25851738903238963,25,0,,0,0.0,0.0,0.0,EMA,200,0.05,2.0,0.0
19,EMA_N200_th5_bL2_sL0,1,19_EMA_N200_th5_bL2_sL0_sl15_next,sl15_next,0.15,next_signal,,0.089497614916342,0.6377296214822512,0.2871298163547683,0.3116973919760449,0.9077353822166225,0.15280839398259854,26,13,531.8333333333334,1249,-0.07806102065831277,0.34936542474262033,4.475542617766377,EMA,200,0.05,2.0,0.0
19,EMA_N200_th5_bL2_sL0,2,19_EMA_N200_th5_bL2_sL0_sl15_cool21,sl15_cool21,0.15,time_cooldown,21.0,0.15779871701862502,0.7627449899086821,0.40110006026419026,0.3934148424577365,1.0671553237704199,0.22572809001168267,72,34,21.0,21,-0.009759918556029756,0.23539518083319838,24.118559953327615,EMA,200,0.05,2.0,0.0
19,EMA_N200_th5_bL2_sL0,3,19_EMA_N200_th5_bL2_sL0_sl15_cool63,sl15_cool63,0.15,time_cooldown,63.0,0.14329057768867082,0.7409245885174982,0.316586056871794,0.4526117767299473,1.033195793927464,0.21098776770929342,60,29,63.0,63,-0.024268057885983962,0.31990918422559467,13.182315030258705,EMA,200,0.05,2.0,0.0
19,EMA_N200_th5_bL2_sL0,4,19_EMA_N200_th5_bL2_sL0_sl15_cool126,sl15_cool126,0.15,time_cooldown,126.0,0.09556629991977217,0.5762446932478823,0.40838964570140424,0.23400764668173263,0.7954420974163752,0.18991851532622664,50,25,126.0,126,-0.07199233565488261,0.2281055953959844,3.168470550663597,EMA,200,0.05,2.0,0.0
19,EMA_N200_th5_bL2_sL0,5,19_EMA_N200_th5_bL2_sL0_sl15_rec5,sl15_rec5,0.15,recovery_trigger,0.05,0.1439478970209953,0.6950503139455565,0.44741381639334116,0.32173324056323815,0.9637264941797505,0.23278036285899537,77,37,12.405405405405405,42,-0.02361073855365947,0.18908142470404748,8.00828081994671,EMA,200,0.05,2.0,0.0
19,EMA_N200_th5_bL2_sL0,6,19_EMA_N200_th5_bL2_sL0_sl15_rec10,sl15_rec10,0.15,recovery_trigger,0.1,0.14087989553064229,0.726287523936463,0.4014448712176393,0.3509321095654643,1.008986463540492,0.21291867481683294,61,30,55.53333333333333,211,-0.026678740044012494,0.23505036987974937,8.81039994737314,EMA,200,0.05,2.0,0.0
19,EMA_N200_th5_bL2_sL0,7,19_EMA_N200_th5_bL2_sL0_sl15_rec15,sl15_rec15,0.15,recovery_trigger,0.15,0.1242168394759664,0.6766718931144201,0.4191999980185343,0.29631879786047693,0.9385099715579829,0.20402520910362634,52,26,106.64,308,-0.04334179609868838,0.21729524307885434,5.013526494935225,EMA,200,0.05,2.0,0.0
19,EMA_N200_th5_bL2_sL0,8,19_EMA_N200_th5_bL2_sL0_sl20_next,sl20_next,0.2,next_signal,,0.1946889349569747,0.9039506401611115,0.34176462453179285,0.569657948723314,1.2706344389744484,0.22501318210915505,25,12,216.5,917,0.027130299382319922,0.2947306165655958,10.863522455548859,EMA,200,0.05,2.0,0.0
19,EMA_N200_th5_bL2_sL0,9,19_EMA_N200_th5_bL2_sL0_sl20_cool21,sl20_cool21,0.2,time_cooldown,21.0,0.18462644650533067,0.8298482998832026,0.45466776659001845,0.4060689146495213,1.1616713565155579,0.23877697878754442,35,16,21.0,21,0.017067810930675886,0.1818274745073702,10.653239319670025,EMA,200,0.05,2.0,0.0
19,EMA_N200_th5_bL2_sL0,10,19_EMA_N200_th5_bL2_sL0_sl20_cool63,sl20_cool63,0.2,time_cooldown,63.0,0.18233124867649275,0.8342201579302838,0.4850649562199643,0.3758903757908462,1.1682553021066062,0.23377460801395272,31,15,63.0,63,0.014772613101837972,0.15143028487742433,10.25074466064394,EMA,200,0.05,2.0,0.0
19,EMA_N200_th5_bL2_sL0,11,19_EMA_N200_th5_bL2_sL0_sl20_cool126,sl20_cool126,0.2,time_cooldown,126.0,0.15473180315154456,0.7529896266280236,0.3871567451515596,0.39966190719723077,1.0509213732949447,0.22488875626241941,29,14,126.0,126,-0.012826832423110224,0.24933849594582902,19.43882072526289,EMA,200,0.05,2.0,0.0
19,EMA_N200_th5_bL2_sL0,12,19_EMA_N200_th5_bL2_sL0_sl20_rec5,sl20_rec5,0.2,recovery_trigger,0.05,0.18059682544254718,0.8057199900908594,0.44807363619588325,0.40305166573914675,1.1233439898114295,0.24300355393773687,37,17,8.058823529411764,20,0.013038189867892402,0.1884216049015054,14.451515648311645,EMA,200,0.05,2.0,0.0
19,EMA_N200_th5_bL2_sL0,13,19_EMA_N200_th5_bL2_sL0_sl20_rec10,sl20_rec10,0.2,recovery_trigger,0.1,0.1847334954571862,0.8342028390132846,0.48032783134250084,0.3845987748427194,1.16717351922875,0.23718521856499097,33,16,42.75,128,0.017174859882531424,0.1561674097548878,9.092790906185261,EMA,200,0.05,2.0,0.0
19,EMA_N200_th5_bL2_sL0,14,19_EMA_N200_th5_bL2_sL0_sl20_rec15,sl20_rec15,0.2,recovery_trigger,0.15,0.19269707838640904,0.8740553184637793,0.3417646245317926,0.563829795580506,1.226957695194317,0.23286726376013894,29,14,94.21428571428571,262,0.025138442811754258,0.294730616565596,11.724298866586341,EMA,200,0.05,2.0,0.0
19,EMA_N200_th5_bL2_sL0,15,19_EMA_N200_th5_bL2_sL0_sl25_next,sl25_next,0.25,next_signal,,0.16998978111189333,0.7701995976019779,0.39047817727067474,0.4353374682807395,1.0762308355056691,0.24226704289712844,25,8,242.625,721,0.002431145537238555,0.2460170638267139,101.1938857869263,EMA,200,0.05,2.0,0.0
19,EMA_N200_th5_bL2_sL0,16,19_EMA_N200_th5_bL2_sL0_sl25_cool21,sl25_cool21,0.25,time_cooldown,21.0,0.18065259056808713,0.791745569334752,0.3904781772706745,0.4626445242876174,1.1029615749827386,0.24937170486395374,29,9,21.0,21,0.013093954993432355,0.24601706382671412,18.78859855178294,EMA,200,0.05,2.0,0.0
19,EMA_N200_th5_bL2_sL0,17,19_EMA_N200_th5_bL2_sL0_sl25_cool63,sl25_cool63,0.25,time_cooldown,63.0,0.16958255783063048,0.7586671863792595,0.4455837232266368,0.38058517174420187,1.0555519191310945,0.2470605225387924,29,9,63.0,63,0.0020239222559756964,0.19091151787075183,94.32749568669416,EMA,200,0.05,2.0,0.0
19,EMA_N200_th5_bL2_sL0,18,19_EMA_N200_th5_bL2_sL0_sl25_cool126,sl25_cool126,0.25,time_cooldown,126.0,0.15387265540741968,0.7172830808845209,0.4535908772053302,0.33923225342507285,0.9977365999653592,0.24004309892494421,29,9,126.0,126,-0.013685980167235101,0.18290436389205844,13.36435985271558,EMA,200,0.05,2.0,0.0
19,EMA_N200_th5_bL2_sL0,19,19_EMA_N200_th5_bL2_sL0_sl25_rec5,sl25_rec5,0.25,recovery_trigger,0.05,0.17523349698421442,0.7738022303153365,0.39047817727067446,0.4487664284059204,1.0771610267839062,0.2491258138305892,31,9,12.222222222222221,41,0.007674861409559641,0.24601706382671418,32.05491939180565,EMA,200,0.05,2.0,0.0
19,EMA_N200_th5_bL2_sL0,20,19_EMA_N200_th5_bL2_sL0_sl25_rec10,sl25_rec10,0.25,recovery_trigger,0.1,0.1757311734570779,0.7791099474533218,0.4215350595616186,0.41688388538745047,1.085427302913702,0.2474260849825923,29,9,53.22222222222222,138,0.008172537882423114,0.21496018153577007,26.302745197191488,EMA,200,0.05,2.0,0.0
19,EMA_N200_th5_bL2_sL0,21,19_EMA_N200_th5_bL2_sL0_sl25_rec15,sl25_rec15,0.25,recovery_trigger,0.15,0.16953919693701924,0.7614638910347618,0.46708905136666906,0.362969751572981,1.0605940009900119,0.24563836706393352,29,9,86.22222222222223,174,0.0019805613623644636,0.16940618973071958,85.53443127279658,EMA,200,0.05,2.0,0.0
19,EMA_N200_th5_bL2_sL0,22,19_EMA_N200_th5_bL2_sL0_sl30_next,sl30_next,0.3,next_signal,,0.15104736436673716,0.6973321078222079,0.6364952410973886,0.237311066311061,0.945690269942593,0.2469767817899705,25,5,233.4,567,-0.01651127120791762,0.0,0.0,EMA,200,0.05,2.0,0.0
19,EMA_N200_th5_bL2_sL0,23,19_EMA_N200_th5_bL2_sL0_sl30_cool21,sl30_cool21,0.3,time_cooldown,21.0,0.16776206909894098,0.7346330659964586,0.6364952410973886,0.2635716000165225,0.9950238398923162,0.2578652883488518,29,6,21.0,21,0.00020343352428620065,0.0,0.0,EMA,200,0.05,2.0,0.0
19,EMA_N200_th5_bL2_sL0,24,19_EMA_N200_th5_bL2_sL0_sl30_cool63,sl30_cool63,0.3,time_cooldown,63.0,0.1514222756564514,0.6835606202909722,0.6364952410973886,0.23790009080882132,0.9226383029833517,0.25569461836982565,29,6,63.0,63,-0.01613635991820339,0.0,0.0,EMA,200,0.05,2.0,0.0
19,EMA_N200_th5_bL2_sL0,25,19_EMA_N200_th5_bL2_sL0_sl30_cool126,sl30_cool126,0.3,time_cooldown,126.0,0.1335080605800949,0.6306792188586384,0.6364952410973886,0.20975500201684485,0.8496142288154767,0.2499179938744677,29,6,126.0,126,-0.03405057499455988,0.0,0.0,EMA,200,0.05,2.0,0.0
19,EMA_N200_th5_bL2_sL0,26,19_EMA_N200_th5_bL2_sL0_sl30_rec5,sl30_rec5,0.3,recovery_trigger,0.05,0.16492609207282305,0.7256550101245984,0.6364952410973886,0.25911598614385883,0.9823109831018939,0.25761459420911137,29,6,10.166666666666666,34,-0.00263254350183173,0.0,0.0,EMA,200,0.05,2.0,0.0
19,EMA_N200_th5_bL2_sL0,27,19_EMA_N200_th5_bL2_sL0_sl30_rec10,sl30_rec10,0.3,recovery_trigger,0.1,0.1591810668899567,0.7083354449949338,0.6364952410973886,0.25008995607808604,0.9573548736446339,0.25654369314843023,29,6,27.5,78,-0.008377568684698078,0.0,0.0,EMA,200,0.05,2.0,0.0
19,EMA_N200_th5_bL2_sL0,28,19_EMA_N200_th5_bL2_sL0_sl30_rec15,sl30_rec15,0.3,recovery_trigger,0.15,0.15447834322127596,0.6927201905268571,0.6364952410973886,0.2427014897313892,0.9358065882978904,0.2564031264277623,29,6,50.0,87,-0.01308029235337882,0.0,0.0,EMA,200,0.05,2.0,0.0
19,EMA_N200_th5_bL2_sL0,29,19_EMA_N200_th5_bL2_sL0_sl35_next,sl35_next,0.35,next_signal,,0.15272255923732403,0.6965413691953386,0.6364952410973886,0.2399429710959242,0.9437040297645394,0.2506873346699439,25,4,205.25,548,-0.01483607633733075,0.0,0.0,EMA,200,0.05,2.0,0.0
19,EMA_N200_th5_bL2_sL0,30,19_EMA_N200_th5_bL2_sL0_sl35_cool21,sl35_cool21,0.35,time_cooldown,21.0,0.16178439041710302,0.7146666369458001,0.6364952410973886,0.2541800471880492,0.9669997579423287,0.2578979416316075,29,5,21.0,21,-0.005774245157551761,0.0,0.0,EMA,200,0.05,2.0,0.0
19,EMA_N200_th5_bL2_sL0,31,19_EMA_N200_th5_bL2_sL0_sl35_cool63,sl35_cool63,0.35,time_cooldown,63.0,0.15031593755981443,0.6785970397457192,0.6364952410973886,0.23616191898096994,0.9158717422280733,0.25642273199881566,29,5,63.0,63,-0.017242698014840352,0.0,0.0,EMA,200,0.05,2.0,0.0
19,EMA_N200_th5_bL2_sL0,32,19_EMA_N200_th5_bL2_sL0_sl35_cool126,sl35_cool126,0.35,time_cooldown,126.0,0.14013267891625514,0.6520320947631717,0.6364952410973886,0.22016296410111535,0.8794399270315445,0.25114591861805463,29,5,126.0,126,-0.02742595665839964,0.0,0.0,EMA,200,0.05,2.0,0.0
19,EMA_N200_th5_bL2_sL0,33,19_EMA_N200_th5_bL2_sL0_sl35_rec5,sl35_rec5,0.35,recovery_trigger,0.05,0.16264189034924836,0.7174409250227526,0.6364952410973886,0.25552726846603857,0.9708887266057025,0.2579471998106078,29,5,8.4,20,-0.004916745225406416,0.0,0.0,EMA,200,0.05,2.0,0.0
19,EMA_N200_th5_bL2_sL0,34,19_EMA_N200_th5_bL2_sL0_sl35_rec10,sl35_rec10,0.35,recovery_trigger,0.1,0.15663197575902466,0.6984291649631313,0.6364952410973886,0.24608506968406188,0.9440625769084184,0.2573108784334581,29,5,26.2,59,-0.010926659815630124,0.0,0.0,EMA,200,0.05,2.0,0.0
19,EMA_N200_th5_bL2_sL0,35,19_EMA_N200_th5_bL2_sL0_sl35_rec15,sl35_rec15,0.35,recovery_trigger,0.15,0.15228926099490558,0.6843783947708103,0.6364952410973886,0.23926221464333644,0.9244825082374521,0.25696429780907926,29,5,51.6,81,-0.015269374579749195,0.0,0.0,EMA,200,0.05,2.0,0.0
19,EMA_N200_th5_bL2_sL0,36,19_EMA_N200_th5_bL2_sL0_sl40_next,sl40_next,0.4,next_signal,,0.16755863557465478,0.7327583265921253,0.6364952410973886,0.2632519848628641,0.9925698597781185,0.25851738903238963,25,1,171.0,171,0.0,0.0,0.0,EMA,200,0.05,2.0,0.0
19,EMA_N200_th5_bL2_sL0,37,19_EMA_N200_th5_bL2_sL0_sl40_cool21,sl40_cool21,0.4,time_cooldown,21.0,0.16755863557465478,0.7327583265921253,0.6364952410973886,0.2632519848628641,0.9925698597781185,0.25851738903238963,25,1,21.0,21,0.0,0.0,0.0,EMA,200,0.05,2.0,0.0
19,EMA_N200_th5_bL2_sL0,38,19_EMA_N200_th5_bL2_sL0_sl40_cool63,sl40_cool63,0.4,time_cooldown,63.0,0.16755863557465478,0.7327583265921253,0.6364952410973886,0.2632519848628641,0.9925698597781185,0.25851738903238963,25,1,63.0,63,0.0,0.0,0.0,EMA,200,0.05,2.0,0.0
19,EMA_N200_th5_bL2_sL0,39,19_EMA_N200_th5_bL2_sL0_sl40_cool126,sl40_cool126,0.4,time_cooldown,126.0,0.16755863557465478,0.7327583265921253,0.6364952410973886,0.2632519848628641,0.9925698597781185,0.25851738903238963,25,1,126.0,126,0.0,0.0,0.0,EMA,200,0.05,2.0,0.0
19,EMA_N200_th5_bL2_sL0,40,19_EMA_N200_th5_bL2_sL0_sl40_rec5,sl40_rec5,0.4,recovery_trigger,0.05,0.16755863557465478,0.7327583265921253,0.6364952410973886,0.2632519848628641,0.9925698597781185,0.25851738903238963,25,1,1.0,1,0.0,0.0,0.0,EMA,200,0.05,2.0,0.0
19,EMA_N200_th5_bL2_sL0,41,19_EMA_N200_th5_bL2_sL0_sl40_rec10,sl40_rec10,0.4,recovery_trigger,0.1,0.16755863557465478,0.7327583265921253,0.6364952410973886,0.2632519848628641,0.9925698597781185,0.25851738903238963,25,1,2.0,2,0.0,0.0,0.0,EMA,200,0.05,2.0,0.0
19,EMA_N200_th5_bL2_sL0,42,19_EMA_N200_th5_bL2_sL0_sl40_rec15,sl40_rec15,0.4,recovery_trigger,0.15,0.16755863557465478,0.7327583265921253,0.6364952410973886,0.2632519848628641,0.9925698597781185,0.25851738903238963,25,1,53.0,53,0.0,0.0,0.0,EMA,200,0.05,2.0,0.0
20,SMA_N200_th0_bL2_sL0,0,20_SMA_N200_th0_bL2_sL0_baseline,baseline,,—,,0.15284189042577512,0.7144597303184673,0.5417797151725168,0.28211076595421497,0.9957992752118963,0.23948917108678835,236,0,,0,0.0,0.0,0.0,SMA,200,0.0,2.0,0.0
20,SMA_N200_th0_bL2_sL0,1,20_SMA_N200_th0_bL2_sL0_sl15_next,sl15_next,0.15,next_signal,,0.11877782300404194,0.6561621875963097,0.49822518258334525,0.2384018856456985,0.9161705024539474,0.20247681004752727,222,29,84.79310344827586,373,-0.03406406742173318,0.043554532589171524,1.2786063405153825,SMA,200,0.0,2.0,0.0
20,SMA_N200_th0_bL2_sL0,2,20_SMA_N200_th0_bL2_sL0_sl15_cool21,sl15_cool21,0.15,time_cooldown,21.0,0.13339555857909402,0.6736185951063195,0.5786876342258171,0.2305139261486967,0.936166780700064,0.22308502965282195,202,38,21.0,21,-0.019446331846681097,-0.036907919053300375,-1.897937325367583,SMA,200,0.0,2.0,0.0
20,SMA_N200_th0_bL2_sL0,3,20_SMA_N200_th0_bL2_sL0_sl15_cool63,sl15_cool63,0.15,time_cooldown,63.0,0.10210462052995228,0.5744360586519925,0.6417831484259428,0.1590952033882118,0.7935386510203815,0.20668800900389048,174,34,63.0,63,-0.050737269895822834,-0.10000343325342598,-1.9710054060606677,SMA,200,0.0,2.0,0.0
20,SMA_N200_th0_bL2_sL0,4,20_SMA_N200_th0_bL2_sL0_sl15_cool126,sl15_cool126,0.15,time_cooldown,126.0,0.05111951828523997,0.36954791924317043,0.767618817547154,0.06659492591464482,0.5015974649621618,0.17821894805130195,148,29,126.0,126,-0.10172237214053514,-0.22583910237463722,-2.2201517485517135,SMA,200,0.0,2.0,0.0
20,SMA_N200_th0_bL2_sL0,5,20_SMA_N200_th0_bL2_sL0_sl15_rec5,sl15_rec5,0.15,recovery_trigger,0.05,0.12830754653125354,0.6408252103799598,0.6448918578124656,0.19895978678733037,0.889302251780528,0.22989467747201847,216,40,15.15,59,-0.024534343894521582,-0.10311214263994883,-4.202767479059155,SMA,200,0.0,2.0,0.0
20,SMA_N200_th0_bL2_sL0,6,20_SMA_N200_th0_bL2_sL0_sl15_rec10,sl15_rec10,0.15,recovery_trigger,0.1,0.1023078434809066,0.564734981799958,0.687190572102731,0.14887841544137506,0.7768835720124182,0.21291954884951397,170,36,51.72222222222222,140,-0.050534046944868516,-0.14541085693021427,-2.8774829193643283,SMA,200,0.0,2.0,0.0
20,SMA_N200_th0_bL2_sL0,7,20_SMA_N200_th0_bL2_sL0_sl15_rec15,sl15_rec15,0.15,recovery_trigger,0.15,0.09602530660512154,0.5555135330788012,0.5675552722980931,0.16919111017382432,0.7645799623721137,0.20209621591326743,130,29,103.62068965517241,311,-0.05681658382065358,-0.02577555712557633,-0.4536625645593035,SMA,200,0.0,2.0,0.0
20,SMA_N200_th0_bL2_sL0,8,20_SMA_N200_th0_bL2_sL0_sl20_next,sl20_next,0.2,next_signal,,0.1362566417954003,0.6850510824793787,0.5314590988641342,0.25638217896093235,0.9541281894632211,0.2230223635573486,232,18,72.11111111111111,313,-0.016585248630374805,0.010320616308382546,0.6222768520624411,SMA,200,0.0,2.0,0.0
20,SMA_N200_th0_bL2_sL0,9,20_SMA_N200_th0_bL2_sL0_sl20_cool21,sl20_cool21,0.2,time_cooldown,21.0,0.14790006562849745,0.7087486010326131,0.5791098396710653,0.2553920784915427,0.9873824170239462,0.23327096199244654,216,19,21.0,21,-0.004941824797277672,-0.037330124498548556,-7.553915007086611,SMA,200,0.0,2.0,0.0
20,SMA_N200_th0_bL2_sL0,10,20_SMA_N200_th0_bL2_sL0_sl20_cool63,sl20_cool63,0.2,time_cooldown,63.0,0.1345153482797259,0.6762717239958789,0.5362228891268375,0.250857154752877,0.9374634304738655,0.22399045827354622,192,17,63.0,63,-0.01832654214604923,0.005556826045679308,0.3032119207974664,SMA,200,0.0,2.0,0.0
20,SMA_N200_th0_bL2_sL0,11,20_SMA_N200_th0_bL2_sL0_sl20_cool126,sl20_cool126,0.2,time_cooldown,126.0,0.11947733938255456,0.6386305293433443,0.5998182018657785,0.19918925269508583,0.8856943170701558,0.21224617247629737,176,15,126.0,126,-0.03336455104322056,-0.058038486693261726,-1.739525480743873,SMA,200,0.0,2.0,0.0
20,SMA_N200_th0_bL2_sL0,12,20_SMA_N200_th0_bL2_sL0_sl20_rec5,sl20_rec5,0.2,recovery_trigger,0.05,0.15387970343200497,0.7260599715368901,0.5321243703663805,0.28917995867405033,1.013293456105616,0.23562732038496179,218,19,15.052631578947368,51,0.0010378130062298485,0.009655344806136279,9.303549626162491,SMA,200,0.0,2.0,0.0
20,SMA_N200_th0_bL2_sL0,13,20_SMA_N200_th0_bL2_sL0_sl20_rec10,sl20_rec10,0.2,recovery_trigger,0.1,0.14998053180410742,0.7241937567158865,0.49453806112169874,0.3032739916194223,1.0096080334248134,0.22962715106249568,192,17,47.11764705882353,168,-0.002861358621667698,0.04724165405081804,16.510217801110155,SMA,200,0.0,2.0,0.0
20,SMA_N200_th0_bL2_sL0,14,20_SMA_N200_th0_bL2_sL0_sl20_rec15,sl20_rec15,0.2,recovery_trigger,0.15,0.14201357738765297,0.7057241313140002,0.4983923161429837,0.2849433524310409,0.9835458194751835,0.22394868364084916,172,16,100.1875,296,-0.01082831303812215,0.04338739902953309,4.0068475003246995,SMA,200,0.0,2.0,0.0
20,SMA_N200_th0_bL2_sL0,15,20_SMA_N200_th0_bL2_sL0_sl25_next,sl25_next,0.25,next_signal,,0.1566770684740899,0.7294925708834441,0.5175443068652171,0.3027317012201101,1.0179319237235263,0.2389177899804333,232,11,30.90909090909091,157,0.0038351780483147913,0.024235408307299644,6.319239420435482,SMA,200,0.0,2.0,0.0
20,SMA_N200_th0_bL2_sL0,16,20_SMA_N200_th0_bL2_sL0_sl25_cool21,sl25_cool21,0.25,time_cooldown,21.0,0.15292766799869484,0.7196254696676935,0.6244643602688549,0.244894148855595,1.001103567800839,0.2370839554850669,218,11,21.0,21,8.577757291972077e-05,-0.0826846450963381,-82.6846450963381,SMA,200,0.0,2.0,0.0
20,SMA_N200_th0_bL2_sL0,17,20_SMA_N200_th0_bL2_sL0_sl25_cool63,sl25_cool63,0.25,time_cooldown,63.0,0.1468106874904762,0.7065490647958487,0.5167343842628933,0.2841124801476051,0.9823421896471006,0.232351244922077,208,10,63.0,63,-0.006031202935298907,0.025045330909623464,4.152626130856964,SMA,200,0.0,2.0,0.0
20,SMA_N200_th0_bL2_sL0,18,20_SMA_N200_th0_bL2_sL0_sl25_cool126,sl25_cool126,0.25,time_cooldown,126.0,0.1323766728720388,0.6687643984638058,0.5844665658699245,0.22649143783786563,0.9276917886123445,0.22349199970367184,196,10,126.0,126,-0.020465217553736315,-0.04268685069740774,-2.085824427975086,SMA,200,0.0,2.0,0.0
20,SMA_N200_th0_bL2_sL0,19,20_SMA_N200_th0_bL2_sL0_sl25_rec5,sl25_rec5,0.25,recovery_trigger,0.05,0.1557740147579274,0.7265721563831972,0.56083546364999,0.2777535032184482,1.0137638286856057,0.2387453762413558,222,11,13.909090909090908,36,0.002932124332152286,-0.019055748477473267,-6.498956496665901,SMA,200,0.0,2.0,0.0
20,SMA_N200_th0_bL2_sL0,20,20_SMA_N200_th0_bL2_sL0_sl25_rec10,sl25_rec10,0.25,recovery_trigger,0.1,0.1528469455663839,0.7203831977241607,0.6156830364159923,0.248255898775667,1.0022071770686005,0.23656659967476154,214,11,39.0,97,5.05514060877843e-06,-0.07390332124347554,-73.90332124347553,SMA,200,0.0,2.0,0.0
20,SMA_N200_th0_bL2_sL0,21,20_SMA_N200_th0_bL2_sL0_sl25_rec15,sl25_rec15,0.25,recovery_trigger,0.15,0.15067678663791328,0.7174444655192669,0.5792347798216563,0.26013076542866775,0.9977121976087379,0.23409476368952484,196,10,88.0,245,-0.002165103787861833,-0.0374550646491395,-17.29943149105502,SMA,200,0.0,2.0,0.0
20,SMA_N200_th0_bL2_sL0,22,20_SMA_N200_th0_bL2_sL0_sl30_next,sl30_next,0.3,next_signal,,0.14186530238210948,0.6867815585456432,0.5175443068652166,0.27411238129812004,0.9573432568443827,0.23292184604369093,232,8,68.875,415,-0.010976588043665636,0.0242354083073002,2.207918181031305,SMA,200,0.0,2.0,0.0
20,SMA_N200_th0_bL2_sL0,23,20_SMA_N200_th0_bL2_sL0_sl30_cool21,sl30_cool21,0.3,time_cooldown,21.0,0.1523497657434767,0.7157150768955919,0.5243106054545431,0.2905715889752018,0.9971812686607749,0.23796313202920658,228,8,21.0,21,-0.0004921246822984227,0.017469109717973663,17.469109717973662,SMA,200,0.0,2.0,0.0
20,SMA_N200_th0_bL2_sL0,24,20_SMA_N200_th0_bL2_sL0_sl30_cool63,sl30_cool63,0.3,time_cooldown,63.0,0.15004338253384608,0.7151334211226675,0.530291383944283,0.282945163879206,0.9960349723729095,0.2340630367588458,218,8,63.0,63,-0.0027985078919290363,0.011488331228233783,4.105163062561448,SMA,200,0.0,2.0,0.0
20,SMA_N200_th0_bL2_sL0,25,20_SMA_N200_th0_bL2_sL0_sl30_cool126,sl30_cool126,0.3,time_cooldown,126.0,0.13805493943888747,0.6800825184974866,0.4650663253912292,0.2968500016051497,0.9463963887639518,0.22895345598931113,214,7,126.0,126,-0.014786950986887648,0.07671338978128756,5.187911277268267,SMA,200,0.0,2.0,0.0
20,SMA_N200_th0_bL2_sL0,26,20_SMA_N200_th0_bL2_sL0_sl30_rec5,sl30_rec5,0.3,recovery_trigger,0.05,0.15265672463814917,0.7169558013876137,0.5632956256869953,0.2710064088496498,0.9986772138472391,0.23790485256922378,232,8,25.25,74,-0.0001851657876259516,-0.021515910514478542,-21.51591051447854,SMA,200,0.0,2.0,0.0
20,SMA_N200_th0_bL2_sL0,27,20_SMA_N200_th0_bL2_sL0_sl30_rec10,sl30_rec10,0.3,recovery_trigger,0.1,0.14463856697904554,0.6916818512129312,0.542416252724498,0.2666560344616182,0.9614220742583559,0.23577293102524313,224,8,48.875,110,-0.008203323446729582,-0.0006365375519812311,-0.07759508156843424,SMA,200,0.0,2.0,0.0
20,SMA_N200_th0_bL2_sL0,28,20_SMA_N200_th0_bL2_sL0_sl30_rec15,sl30_rec15,0.3,recovery_trigger,0.15,0.14512331017287816,0.7000453460562043,0.4650663253912293,0.3120486310222431,0.9734527028887396,0.23244280588114366,214,7,116.71428571428571,245,-0.007718580252896956,0.0767133897812875,9.93879538306222,SMA,200,0.0,2.0,0.0
20,SMA_N200_th0_bL2_sL0,29,20_SMA_N200_th0_bL2_sL0_sl35_next,sl35_next,0.35,next_signal,,0.14362201679462028,0.6924488707769594,0.5417797151725168,0.26509301247812,0.965377194310987,0.23341382624732193,236,4,61.5,239,-0.00921987363115484,0.0,0.0,SMA,200,0.0,2.0,0.0
20,SMA_N200_th0_bL2_sL0,30,20_SMA_N200_th0_bL2_sL0_sl35_cool21,sl35_cool21,0.35,time_cooldown,21.0,0.14709881024624472,0.6978149345497311,0.5710588677511863,0.25758957360300816,0.9713498615016016,0.23728843766495938,236,5,21.0,21,-0.005743080179530402,-0.02927915257866953,-5.098161903263488,SMA,200,0.0,2.0,0.0
20,SMA_N200_th0_bL2_sL0,31,20_SMA_N200_th0_bL2_sL0_sl35_cool63,sl35_cool63,0.35,time_cooldown,63.0,0.1286778589173896,0.6353128955464716,0.6509561038298426,0.19767517066100893,0.8809270174800766,0.2338759062221014,236,5,63.0,63,-0.02416403150838553,-0.10917638865732582,-4.518136330828688,SMA,200,0.0,2.0,0.0
20,SMA_N200_th0_bL2_sL0,32,20_SMA_N200_th0_bL2_sL0_sl35_cool126,sl35_cool126,0.35,time_cooldown,126.0,0.1286764005301262,0.6385516204720798,0.6349721631081452,0.20264888448064247,0.8859437068951992,0.2319992352289031,230,4,126.0,126,-0.02416548989564893,-0.09319244793562842,-3.856427009675811,SMA,200,0.0,2.0,0.0
20,SMA_N200_th0_bL2_sL0,33,20_SMA_N200_th0_bL2_sL0_sl35_rec5,sl35_rec5,0.35,recovery_trigger,0.05,0.14917959376491452,0.7042038131456692,0.5708495082510547,0.261329109701723,0.9811857639497358,0.23792312289030595,236,5,14.0,23,-0.003662296660860598,-0.029069793078537964,-7.937585556410631,SMA,200,0.0,2.0,0.0
20,SMA_N200_th0_bL2_sL0,34,20_SMA_N200_th0_bL2_sL0_sl35_rec10,sl35_rec10,0.35,recovery_trigger,0.1,0.13581118988353946,0.6588660062964439,0.5908322069507963,0.22986422927829597,0.9144236950709735,0.23575188742040618,236,5,39.4,58,-0.017030700542235655,-0.04905249177827953,-2.88023922777755,SMA,200,0.0,2.0,0.0
20,SMA_N200_th0_bL2_sL0,35,20_SMA_N200_th0_bL2_sL0_sl35_rec15,sl35_rec15,0.35,recovery_trigger,0.15,0.13899741547087285,0.6716889109607163,0.5108578663806564,0.27208627803981283,0.9333037625593077,0.23524243615105736,230,4,101.0,234,-0.013844474954902264,0.03092184879186033,2.2335154559914203,SMA,200,0.0,2.0,0.0
20,SMA_N200_th0_bL2_sL0,36,20_SMA_N200_th0_bL2_sL0_sl40_next,sl40_next,0.4,next_signal,,0.15284189042577512,0.7144597303184673,0.5417797151725168,0.28211076595421497,0.9957992752118963,0.23948917108678835,236,1,313.0,313,0.0,0.0,0.0,SMA,200,0.0,2.0,0.0
20,SMA_N200_th0_bL2_sL0,37,20_SMA_N200_th0_bL2_sL0_sl40_cool21,sl40_cool21,0.4,time_cooldown,21.0,0.15284189042577512,0.7144597303184673,0.5417797151725168,0.28211076595421497,0.9957992752118963,0.23948917108678835,236,1,21.0,21,0.0,0.0,0.0,SMA,200,0.0,2.0,0.0
20,SMA_N200_th0_bL2_sL0,38,20_SMA_N200_th0_bL2_sL0_sl40_cool63,sl40_cool63,0.4,time_cooldown,63.0,0.15284189042577512,0.7144597303184673,0.5417797151725168,0.28211076595421497,0.9957992752118963,0.23948917108678835,236,1,63.0,63,0.0,0.0,0.0,SMA,200,0.0,2.0,0.0
20,SMA_N200_th0_bL2_sL0,39,20_SMA_N200_th0_bL2_sL0_sl40_cool126,sl40_cool126,0.4,time_cooldown,126.0,0.15284189042577512,0.7144597303184673,0.5417797151725168,0.28211076595421497,0.9957992752118963,0.23948917108678835,236,1,126.0,126,0.0,0.0,0.0,SMA,200,0.0,2.0,0.0
20,SMA_N200_th0_bL2_sL0,40,20_SMA_N200_th0_bL2_sL0_sl40_rec5,sl40_rec5,0.4,recovery_trigger,0.05,0.15284189042577512,0.7144597303184673,0.5417797151725168,0.28211076595421497,0.9957992752118963,0.23948917108678835,236,1,15.0,15,0.0,0.0,0.0,SMA,200,0.0,2.0,0.0
20,SMA_N200_th0_bL2_sL0,41,20_SMA_N200_th0_bL2_sL0_sl40_rec10,sl40_rec10,0.4,recovery_trigger,0.1,0.15284189042577512,0.7144597303184673,0.5417797151725168,0.28211076595421497,0.9957992752118963,0.23948917108678835,236,1,137.0,137,0.0,0.0,0.0,SMA,200,0.0,2.0,0.0
20,SMA_N200_th0_bL2_sL0,42,20_SMA_N200_th0_bL2_sL0_sl40_rec15,sl40_rec15,0.4,recovery_trigger,0.15,0.15284189042577512,0.7144597303184673,0.5417797151725168,0.28211076595421497,0.9957992752118963,0.23948917108678835,236,1,146.0,146,0.0,0.0,0.0,SMA,200,0.0,2.0,0.0
