window_start,window_end,strat_cagr,strat_sharpe,strat_mdd,bench_cagr,bench_sharpe,bench_mdd,excess_cagr,strat_beats_bench,window_years,cfg_id,rank
2009-06-26,2012-06-25,-0.008577753315904935,0.0729732315292296,0.2638115814186387,0.14945549422780413,0.8305938172466265,0.18609403934920818,-0.15803324754370907,False,3,EMA_N150_th5_bL2_sL0,1
2009-12-24,2012-12-26,0.047458040015905034,0.31286082229757,0.2638115814186387,0.1028776274728247,0.6346074715938919,0.18609403934920826,-0.05541958745691966,False,3,EMA_N150_th5_bL2_sL0,1
2010-06-28,2013-06-27,0.19315083377684816,0.8879599821679494,0.24432272985026837,0.16869601747869378,0.9844529526755283,0.18609403934920812,0.02445481629815438,True,3,EMA_N150_th5_bL2_sL0,1
2010-12-27,2013-12-26,0.23840584351992278,1.03475864112019,0.24432272985026843,0.15946732100934313,0.9821906044773536,0.18609403934920812,0.07893852251057965,True,3,EMA_N150_th5_bL2_sL0,1
2011-06-27,2014-06-27,0.277418601728894,1.2143236719854273,0.2360038652099411,0.17697402094278591,1.1030082165577275,0.1836927506351847,0.10044458078610807,True,3,EMA_N150_th5_bL2_sL0,1
2011-12-23,2014-12-26,0.3952184009080639,1.5493557204297508,0.18814389461434644,0.20614476853452834,1.6833068658067296,0.09686971235172698,0.18907363237353558,True,3,EMA_N150_th5_bL2_sL0,1
2012-06-26,2015-06-29,0.36495660011036013,1.4839210868214163,0.14488787786824822,0.18308889166388775,1.530082697823417,0.07345078071669656,0.18186770844647238,True,3,EMA_N150_th5_bL2_sL0,1
2012-12-27,2015-12-28,0.22434277007996672,1.0198434232388838,0.21375795844526504,0.15480927321584348,1.1866434787749554,0.11941491863415796,0.06953349686412325,True,3,EMA_N150_th5_bL2_sL0,1
2013-06-28,2016-06-28,0.10187204135783046,0.5541784087199574,0.2868354658047432,0.10419160805742389,0.7969574131035633,0.1301816569841239,-0.002319566699593434,False,3,EMA_N150_th5_bL2_sL0,1
2013-12-27,2016-12-27,0.08080275482780586,0.47717543564481857,0.2868354658047431,0.09387608525612334,0.7386410173561695,0.13018165698412396,-0.013073330428317487,False,3,EMA_N150_th5_bL2_sL0,1
2014-06-30,2017-06-28,0.0884694804908368,0.5256253842393138,0.28683546580474323,0.09782906274150527,0.7828528200101873,0.13018165698412393,-0.009359582250668463,False,3,EMA_N150_th5_bL2_sL0,1
2014-12-29,2017-12-27,0.10974161064485544,0.6714232741645975,0.2868354658047432,0.10847476035404835,0.9005335108615838,0.1301816569841239,0.0012668502908070867,True,3,EMA_N150_th5_bL2_sL0,1
2015-06-30,2018-06-28,0.12303743309264359,0.6842469982698206,0.2846520291816396,0.11817573246846158,0.9218142722529249,0.13018165698412412,0.004861700624182008,True,3,EMA_N150_th5_bL2_sL0,1
2015-12-29,2018-12-28,0.15182816684363987,0.7534709688200809,0.2218277216551191,0.08239082339051196,0.7012674144852037,0.19338759224206176,0.06943734345312791,True,3,EMA_N150_th5_bL2_sL0,1
2016-06-29,2019-07-01,0.1896717835975994,0.9484103764337888,0.28527227335415606,0.14913150443132817,1.2295284091741003,0.19338759224206173,0.04054027916627123,True,3,EMA_N150_th5_bL2_sL0,1
2016-12-28,2019-12-30,0.18392016241035947,0.8253088461655164,0.28527227335415606,0.14862900914070898,1.1235943535269455,0.1933875922420617,0.03529115326965049,True,3,EMA_N150_th5_bL2_sL0,1
2017-06-29,2020-06-30,0.004987240005053906,0.14546608268982275,0.39107992943975883,0.10651509131766357,0.5577499286276987,0.33699940470536144,-0.10152785131260966,False,3,EMA_N150_th5_bL2_sL0,1
2017-12-28,2020-12-29,0.05786215011820328,0.3434646467558878,0.3910799294397589,0.13654747814625168,0.6784285010690688,0.3369994047053614,-0.0786853280280484,False,3,EMA_N150_th5_bL2_sL0,1
2018-06-29,2021-06-30,0.15666089879268164,0.6366161850212646,0.3910799294397589,0.18587229711521447,0.8729105915443839,0.33699940470536144,-0.029211398322532833,False,3,EMA_N150_th5_bL2_sL0,1
2018-12-31,2021-12-29,0.2866295857248655,0.9981352604167707,0.39107992943975883,0.2624928689400243,1.1868577289334332,0.3369994047053614,0.024136716784841195,True,3,EMA_N150_th5_bL2_sL0,1
2019-07-02,2022-06-30,0.15185960655770625,0.6277182390195456,0.3910799294397589,0.10170515025821913,0.5318956289698472,0.3369994047053614,0.050154456299487116,True,3,EMA_N150_th5_bL2_sL0,1
2019-12-31,2022-12-29,0.0920248071421439,0.4595265288144454,0.39107992943975894,0.07742304938000899,0.4271353587929381,0.3369994047053614,0.014601757762134904,True,3,EMA_N150_th5_bL2_sL0,1
2020-07-01,2023-07-03,0.2633229978343812,1.1042472104188445,0.34697983829149687,0.14378350414623386,0.8408777680234975,0.24497192419560299,0.11953949368814731,True,3,EMA_N150_th5_bL2_sL0,1
2020-12-30,2024-01-02,0.15932741372520276,0.779883031627663,0.3469798382914968,0.09949682496571421,0.6300791413140667,0.24497192419560299,0.059830588759488545,True,3,EMA_N150_th5_bL2_sL0,1
2021-07-01,2024-07-03,0.15615771909580767,0.806079750018489,0.34697983829149676,0.10245843112717434,0.6619306510055024,0.24497192419560296,0.053699287968633325,True,3,EMA_N150_th5_bL2_sL0,1
2021-12-30,2025-01-02,0.1131222310975295,0.590454894002573,0.3469798382914968,0.08677336857472029,0.5582726327358701,0.24497192419560296,0.026348862522809213,True,3,EMA_N150_th5_bL2_sL0,1
2022-07-01,2025-07-08,0.16836875164371112,0.78585540418136,0.2786129277288874,0.19331224516654322,1.1182296747600589,0.18755388287414093,-0.024943493522832094,False,3,EMA_N150_th5_bL2_sL0,1
2022-12-30,2026-01-06,0.24715743807170631,1.0134427493397795,0.2786129277288874,0.2349833795995595,1.4485395534969876,0.1875538828741409,0.01217405847214681,True,3,EMA_N150_th5_bL2_sL0,1
2009-06-26,2014-06-27,0.17525695938657426,0.8357594064988028,0.2638115814186387,0.1874842300953372,1.1357017974165047,0.18609403934920818,-0.01222727070876295,False,5,EMA_N150_th5_bL2_sL0,1
2009-12-24,2014-12-26,0.20694453457062711,0.9169108265428113,0.2638115814186387,0.15462027959582092,0.9916501320173801,0.18609403934920826,0.052324254974806195,True,5,EMA_N150_th5_bL2_sL0,1
2010-06-28,2015-06-29,0.23269631206185992,1.039996906549032,0.24432272985026837,0.16182205923404358,1.0660807083897479,0.18609403934920812,0.07087425282781634,True,5,EMA_N150_th5_bL2_sL0,1
2010-12-27,2015-12-28,0.15271202235632342,0.736812385510355,0.24432272985026843,0.12604680189485995,0.8518306243107862,0.18609403934920812,0.026665220461463468,True,5,EMA_N150_th5_bL2_sL0,1
2011-06-27,2016-06-28,0.12962096391606992,0.6756284653068332,0.2868354658047432,0.12001744596020347,0.8138175783695463,0.1836927506351847,0.009603517955866447,True,5,EMA_N150_th5_bL2_sL0,1
2011-12-23,2016-12-27,0.21329026055717537,0.9885301680415591,0.2868354658047431,0.14706815982265087,1.1483898466367322,0.13018165698412398,0.0662221007345245,True,5,EMA_N150_th5_bL2_sL0,1
2012-06-26,2017-06-28,0.24025534222222156,1.1435702800986545,0.28683546580474306,0.15393017594300362,1.2310177283345358,0.13018165698412398,0.08632516627921794,True,5,EMA_N150_th5_bL2_sL0,1
2012-12-27,2017-12-27,0.25014734425207563,1.2218777779851373,0.28683546580474323,0.15875296914039883,1.296051569902984,0.13018165698412404,0.0913943751116768,True,5,EMA_N150_th5_bL2_sL0,1
2013-06-28,2018-06-28,0.19165329985205015,0.9332809815482697,0.2868354658047432,0.13283126606049356,1.065159336615451,0.1301816569841239,0.058822033791556594,True,5,EMA_N150_th5_bL2_sL0,1
2013-12-27,2018-12-28,0.10370800579267336,0.5581645758469764,0.2868354658047431,0.08285122710564341,0.6696998235923756,0.19338759224206176,0.020856778687029953,True,5,EMA_N150_th5_bL2_sL0,1
2014-06-30,2019-07-01,0.09008282064357442,0.5049577261641212,0.28683546580474323,0.10790346001217888,0.8322775556330115,0.19338759224206184,-0.017820639368604452,False,5,EMA_N150_th5_bL2_sL0,1
2014-12-29,2019-12-30,0.0955822388718448,0.5292847269085816,0.2868354658047432,0.11179848558783756,0.8583035390815078,0.19338759224206184,-0.016216246715992755,False,5,EMA_N150_th5_bL2_sL0,1
2015-06-30,2020-06-30,0.028081286683982354,0.24135009516791373,0.39107992943975883,0.10613430323723305,0.6281405442270795,0.33699940470536144,-0.0780530165532507,False,5,EMA_N150_th5_bL2_sL0,1
2015-12-29,2020-12-29,0.14609630149635877,0.6534721318357322,0.39107992943975894,0.14576444055863802,0.8272650197027058,0.33699940470536144,0.00033186093772075154,True,5,EMA_N150_th5_bL2_sL0,1
2016-06-29,2021-06-30,0.21913819869895668,0.8958162977818319,0.39107992943975883,0.17871501772607035,0.9927495905590052,0.3369994047053615,0.04042318097288633,True,5,EMA_N150_th5_bL2_sL0,1
2016-12-28,2021-12-29,0.2292693888647932,0.878069838195382,0.39107992943975883,0.18409069501103126,0.9823722035860941,0.3369994047053615,0.04517869385376194,True,5,EMA_N150_th5_bL2_sL0,1
2017-06-29,2022-06-30,0.13268504504405687,0.5750571250945911,0.39107992943975883,0.11279020867223455,0.6189100231508629,0.33699940470536144,0.019894836371822322,True,5,EMA_N150_th5_bL2_sL0,1
2017-12-28,2022-12-29,0.08521665942976986,0.4384896891519246,0.3910799294397589,0.09309654517671673,0.5234151250795963,0.3369994047053614,-0.007879885746946869,False,5,EMA_N150_th5_bL2_sL0,1
2018-06-29,2023-07-03,0.10542951382507249,0.510916046317054,0.3910799294397589,0.12250097238437707,0.6489498134886903,0.33699940470536144,-0.017071458559304586,False,5,EMA_N150_th5_bL2_sL0,1
2018-12-31,2024-01-02,0.15110076288850594,0.6678625369310075,0.39107992943975883,0.1549015701880534,0.8002777412598205,0.3369994047053614,-0.0038008072995474596,False,5,EMA_N150_th5_bL2_sL0,1
2019-07-02,2024-07-03,0.19967621573574879,0.8231647919953182,0.3910799294397589,0.1504397934144135,0.7790232710847329,0.3369994047053614,0.049236422321335294,True,5,EMA_N150_th5_bL2_sL0,1
2019-12-31,2025-01-02,0.1822737858430219,0.7609618475242577,0.39107992943975894,0.14423852701047402,0.7500138707875222,0.3369994047053614,0.03803525883254788,True,5,EMA_N150_th5_bL2_sL0,1
2020-07-01,2025-07-08,0.236636219134863,0.9921818028120512,0.34697983829149687,0.1651684268367719,0.9671260303471783,0.24497192419560299,0.07146779229809108,True,5,EMA_N150_th5_bL2_sL0,1
2020-12-30,2026-01-06,0.1972558840259555,0.8867300532634104,0.3469798382914968,0.14798962687550477,0.8945167909240211,0.24497192419560299,0.04926625715045074,True,5,EMA_N150_th5_bL2_sL0,1
2009-06-26,2016-06-28,0.10242008290679783,0.5534916489280819,0.2868354658047432,0.14324779962103285,0.9229857783330687,0.18609403934920818,-0.04082771671423502,False,7,EMA_N150_th5_bL2_sL0,1
2009-12-24,2016-12-27,0.13855338264920047,0.6878847533381667,0.2868354658047432,0.1279355405481737,0.861694372123826,0.18609403934920826,0.010617842101026786,True,7,EMA_N150_th5_bL2_sL0,1
2010-06-28,2017-06-28,0.1852138015630238,0.9073470512691412,0.2868354658047431,0.14723429367953234,1.009233700054355,0.18609403934920812,0.03797950788349147,True,7,EMA_N150_th5_bL2_sL0,1
2010-12-27,2017-12-27,0.19034912123301595,0.9331377347846599,0.2868354658047432,0.1369600618415734,0.9813239561983147,0.18609403934920812,0.05338905939144256,True,7,EMA_N150_th5_bL2_sL0,1
2011-06-27,2018-06-28,0.18614675736609687,0.9021250617444599,0.2868354658047432,0.13605560430959884,0.9673463390315307,0.1836927506351847,0.05009115305649803,True,7,EMA_N150_th5_bL2_sL0,1
2011-12-23,2018-12-28,0.19155078138126136,0.8910413144992178,0.2868354658047431,0.12344669757899962,0.9799896628447098,0.19338759224206176,0.06810408380226174,True,7,EMA_N150_th5_bL2_sL0,1
2012-06-26,2019-07-01,0.19608692221217616,0.9316349884098852,0.28683546580474306,0.14505107822562713,1.1267121957989252,0.1933875922420618,0.051035843986549034,True,7,EMA_N150_th5_bL2_sL0,1
2012-12-27,2019-12-30,0.1972574939409908,0.927835365073874,0.28683546580474323,0.1466001403616386,1.1285824056338578,0.19338759224206184,0.05065735357935219,True,7,EMA_N150_th5_bL2_sL0,1
2013-06-28,2020-06-30,0.09998903045129293,0.5125994579846946,0.3910799294397589,0.11992927101481166,0.743910899929552,0.33699940470536144,-0.01994024056351873,False,7,EMA_N150_th5_bL2_sL0,1
2013-12-27,2020-12-29,0.11328222230542129,0.5545262029803529,0.3910799294397589,0.12762026872172538,0.7744715730266725,0.33699940470536144,-0.014338046416304095,False,7,EMA_N150_th5_bL2_sL0,1
2014-06-30,2021-06-30,0.1373697470667321,0.6333923699074353,0.3910799294397589,0.14004350065035354,0.8314402252233055,0.3369994047053614,-0.00267375358362143,False,7,EMA_N150_th5_bL2_sL0,1
2014-12-29,2021-12-29,0.1506159331857262,0.6789133877348633,0.3910799294397589,0.14683892208088012,0.865210199955837,0.33699940470536144,0.003777011104846073,True,7,EMA_N150_th5_bL2_sL0,1
2015-06-30,2022-06-30,0.11251141653502605,0.5502647006541725,0.39107992943975883,0.11071963373746829,0.6588112686857001,0.33699940470536144,0.0017917827975577616,True,7,EMA_N150_th5_bL2_sL0,1
2015-12-29,2022-12-29,0.1407557002975861,0.6552296275737364,0.39107992943975894,0.11173969347378221,0.6601008530237202,0.33699940470536144,0.029016006823803897,True,7,EMA_N150_th5_bL2_sL0,1
2016-06-29,2023-07-03,0.1627093720107189,0.7419074174002069,0.39107992943975883,0.13534463421269205,0.7779373167617571,0.3369994047053615,0.02736473779802684,True,7,EMA_N150_th5_bL2_sL0,1
2016-12-28,2024-01-02,0.15023980569512152,0.667075236664536,0.39107992943975883,0.13166990649070898,0.7394472496585377,0.3369994047053615,0.018569899204412543,True,7,EMA_N150_th5_bL2_sL0,1
2017-06-29,2024-07-03,0.17167712645647026,0.7319970756180725,0.39107992943975883,0.14444465213272584,0.7943353571603482,0.33699940470536144,0.027232474323744427,True,7,EMA_N150_th5_bL2_sL0,1
2017-12-28,2025-01-02,0.15058804805305015,0.6602081574443482,0.3910799294397589,0.13638554149329862,0.7568211715743866,0.3369994047053614,0.014202506559751527,True,7,EMA_N150_th5_bL2_sL0,1
2018-06-29,2025-07-08,0.13105950610584438,0.599748479602873,0.3910799294397589,0.14357245769291516,0.7691136416044998,0.33699940470536144,-0.012512951587070775,False,7,EMA_N150_th5_bL2_sL0,1
2018-12-31,2026-01-06,0.1802705289183384,0.7686081127761963,0.39107992943975883,0.17442895666513802,0.9192006107713039,0.3369994047053614,0.005841572253200367,True,7,EMA_N150_th5_bL2_sL0,1
2009-06-26,2019-07-01,0.13171558927704208,0.6722471935738834,0.2868354658047432,0.1468828164072553,0.994011455782532,0.19338759224206176,-0.015167227130213234,False,10,EMA_N150_th5_bL2_sL0,1
2009-12-24,2019-12-30,0.15006121312549725,0.7296492559013883,0.2868354658047432,0.13310308901921242,0.9272834089499606,0.19338759224206184,0.016958124106284833,True,10,EMA_N150_th5_bL2_sL0,1
2010-06-28,2020-06-30,0.1260987714538273,0.6206652247208353,0.3910799294397589,0.13381143506763826,0.816339705310364,0.3369994047053615,-0.007712663613810955,False,10,EMA_N150_th5_bL2_sL0,1
2010-12-27,2020-12-29,0.14933586995747516,0.6907223036219625,0.39107992943975883,0.13701222258584833,0.8337979865946171,0.33699940470536144,0.012323647371626834,True,10,EMA_N150_th5_bL2_sL0,1
2011-06-27,2021-06-30,0.1774905382763392,0.7926881028919792,0.39107992943975894,0.1508704048885765,0.9075971360184851,0.33699940470536144,0.0266201333877627,True,10,EMA_N150_th5_bL2_sL0,1
2011-12-23,2021-12-29,0.2192011642363696,0.9214488011204766,0.3910799294397589,0.16439449866200562,1.0309905644674207,0.3369994047053614,0.05480666557436398,True,10,EMA_N150_th5_bL2_sL0,1
2012-06-26,2022-06-30,0.1832073384526689,0.8094639533283451,0.3910799294397589,0.13211703089069649,0.8254023137814531,0.3369994047053614,0.051090307561972415,True,10,EMA_N150_th5_bL2_sL0,1
2012-12-27,2022-12-29,0.1651303658448584,0.7551634587159012,0.3910799294397589,0.12562469829742895,0.7670289583913944,0.33699940470536144,0.03950566754742946,True,10,EMA_N150_th5_bL2_sL0,1
2013-06-28,2023-07-03,0.14799986611376514,0.6903709564057731,0.3910799294397589,0.12776280945014507,0.7739468957032904,0.33699940470536144,0.02023705666362008,True,10,EMA_N150_th5_bL2_sL0,1
2013-12-27,2024-01-02,0.12710176681534135,0.6154475454511397,0.3910799294397589,0.11922265235064877,0.7310198493740576,0.33699940470536144,0.007879114464692583,True,10,EMA_N150_th5_bL2_sL0,1
2014-06-30,2024-07-03,0.1441212109952481,0.6765056650490384,0.3910799294397589,0.1292107289046538,0.7813179199416441,0.3369994047053614,0.014910482090594313,True,10,EMA_N150_th5_bL2_sL0,1
2014-12-29,2025-01-02,0.13855136832729542,0.653606545754534,0.3910799294397589,0.12812179206090124,0.7738656130834332,0.33699940470536144,0.01042957626639418,True,10,EMA_N150_th5_bL2_sL0,1
2015-06-30,2025-07-08,0.12891909548913127,0.6160102707292077,0.39107992943975883,0.1360035423647974,0.79008208159337,0.33699940470536144,-0.007084446875666117,False,10,EMA_N150_th5_bL2_sL0,1
2015-12-29,2026-01-06,0.17159570509256183,0.7624514237360555,0.39107992943975894,0.14697768943228318,0.8581693213836324,0.33699940470536144,0.024618015660278658,True,10,EMA_N150_th5_bL2_sL0,1
2009-06-26,2012-06-25,-0.0036849101596075906,0.09353353722559833,0.30604151253418044,0.14945549422780413,0.8305938172466265,0.18609403934920818,-0.15314040438741172,False,3,SMA_N150_th2_bL2_sL0,2
2009-12-24,2012-12-26,0.05262742966773315,0.33380302560709046,0.30604151253418044,0.1028776274728247,0.6346074715938919,0.18609403934920826,-0.050250197805091545,False,3,SMA_N150_th2_bL2_sL0,2
2010-06-28,2013-06-27,0.15034395363781816,0.721383392606489,0.3060415125341804,0.16869601747869378,0.9844529526755283,0.18609403934920812,-0.01835206384087562,False,3,SMA_N150_th2_bL2_sL0,2
2010-12-27,2013-12-26,0.18191066181633642,0.83464018424435,0.30604151253418044,0.15946732100934313,0.9821906044773536,0.18609403934920812,0.022443340806993284,True,3,SMA_N150_th2_bL2_sL0,2
2011-06-27,2014-06-27,0.2191436861236098,1.0088070212651357,0.29840207841160865,0.17697402094278591,1.1030082165577275,0.1836927506351847,0.04216966518082388,True,3,SMA_N150_th2_bL2_sL0,2
2011-12-23,2014-12-26,0.3276590129750643,1.3783076049582657,0.2248709472557635,0.20614476853452834,1.6833068658067296,0.09686971235172698,0.12151424444053593,True,3,SMA_N150_th2_bL2_sL0,2
2012-06-26,2015-06-29,0.3223636349826082,1.3579464693160905,0.14488787786824697,0.18308889166388775,1.530082697823417,0.07345078071669656,0.13927474331872047,True,3,SMA_N150_th2_bL2_sL0,2
2012-12-27,2015-12-28,0.2080859329586957,0.9491123531386257,0.211229519201292,0.15480927321584348,1.1866434787749554,0.11941491863415796,0.05327665974285223,True,3,SMA_N150_th2_bL2_sL0,2
2013-06-28,2016-06-28,0.09098258923319724,0.4954982207061536,0.2387697749414665,0.10419160805742389,0.7969574131035633,0.1301816569841239,-0.013209018824226648,False,3,SMA_N150_th2_bL2_sL0,2
2013-12-27,2016-12-27,0.07012152378362257,0.4210652540930892,0.2387697749414666,0.09387608525612334,0.7386410173561695,0.13018165698412396,-0.023754561472500768,False,3,SMA_N150_th2_bL2_sL0,2
2014-06-30,2017-06-28,0.0777124816270458,0.4638478766530413,0.2387697749414665,0.09782906274150527,0.7828528200101873,0.13018165698412393,-0.020116581114459464,False,3,SMA_N150_th2_bL2_sL0,2
2014-12-29,2017-12-27,0.13416560362869245,0.7522994617103714,0.2387697749414665,0.10847476035404835,0.9005335108615838,0.1301816569841239,0.025690843274644104,True,3,SMA_N150_th2_bL2_sL0,2
2015-06-30,2018-06-28,0.14775405011712617,0.7608860066506122,0.23643917958469982,0.11817573246846158,0.9218142722529249,0.13018165698412412,0.029578317648664587,True,3,SMA_N150_th2_bL2_sL0,2
2015-12-29,2018-12-28,0.16704261462027592,0.8851543338570378,0.19764099184545922,0.08239082339051196,0.7012674144852037,0.19338759224206176,0.08465179122976396,True,3,SMA_N150_th2_bL2_sL0,2
2016-06-29,2019-07-01,0.22962330557883637,1.1679045836313453,0.21092464374721157,0.14913150443132817,1.2295284091741003,0.19338759224206173,0.0804918011475082,True,3,SMA_N150_th2_bL2_sL0,2
2016-12-28,2019-12-30,0.22367853362223444,1.0223848255737138,0.2109246437472116,0.14862900914070898,1.1235943535269455,0.1933875922420617,0.07504952448152546,True,3,SMA_N150_th2_bL2_sL0,2
2017-06-29,2020-06-30,0.10157983337753196,0.4963104708627631,0.27390980922343255,0.10651509131766357,0.5577499286276987,0.33699940470536144,-0.00493525794013161,False,3,SMA_N150_th2_bL2_sL0,2
2017-12-28,2020-12-29,0.15953672313068146,0.6818180109918301,0.27390980922343255,0.13654747814625168,0.6784285010690688,0.3369994047053614,0.02298924498442978,True,3,SMA_N150_th2_bL2_sL0,2
2018-06-29,2021-06-30,0.26783134098293804,1.0344708173153452,0.2739098092234324,0.18587229711521447,0.8729105915443839,0.33699940470536144,0.08195904386772357,True,3,SMA_N150_th2_bL2_sL0,2
2018-12-31,2021-12-29,0.38718446243379523,1.341505396469692,0.2739098092234325,0.2624928689400243,1.1868577289334332,0.3369994047053614,0.1246915934937709,True,3,SMA_N150_th2_bL2_sL0,2
2019-07-02,2022-06-30,0.20984117061267948,0.8540007222600732,0.2739098092234325,0.10170515025821913,0.5318956289698472,0.3369994047053614,0.10813602035446035,True,3,SMA_N150_th2_bL2_sL0,2
2019-12-31,2022-12-29,0.06780425658179512,0.38891577970737223,0.3939408779887625,0.07742304938000899,0.4271353587929381,0.3369994047053614,-0.009618792798213871,False,3,SMA_N150_th2_bL2_sL0,2
2020-07-01,2023-07-03,0.20423460314537212,0.8799360086285181,0.4342829823413909,0.14378350414623386,0.8408777680234975,0.24497192419560299,0.06045109899913825,True,3,SMA_N150_th2_bL2_sL0,2
2020-12-30,2024-01-02,0.06671947605501072,0.399554322623922,0.434282982341391,0.09949682496571421,0.6300791413140667,0.24497192419560299,-0.0327773489107035,False,3,SMA_N150_th2_bL2_sL0,2
2021-07-01,2024-07-03,0.0638029789944794,0.40715492674005754,0.434282982341391,0.10245843112717434,0.6619306510055024,0.24497192419560296,-0.038655452132694945,False,3,SMA_N150_th2_bL2_sL0,2
2021-12-30,2025-01-02,0.024205197844988646,0.21098704480520772,0.43428298234139084,0.08677336857472029,0.5582726327358701,0.24497192419560296,-0.06256817072973164,False,3,SMA_N150_th2_bL2_sL0,2
2022-07-01,2025-07-08,0.12176545930829263,0.6040965988728937,0.2546541783494374,0.19331224516654322,1.1182296747600589,0.18755388287414093,-0.07154678585825058,False,3,SMA_N150_th2_bL2_sL0,2
2022-12-30,2026-01-06,0.28621354428527046,1.1763230392053783,0.20383959259001683,0.2349833795995595,1.4485395534969876,0.1875538828741409,0.051230164685710955,True,3,SMA_N150_th2_bL2_sL0,2
2009-06-26,2014-06-27,0.17873174854204432,0.8530825186551466,0.30604151253418044,0.1874842300953372,1.1357017974165047,0.18609403934920818,-0.00875248155329289,False,5,SMA_N150_th2_bL2_sL0,2
2009-12-24,2014-12-26,0.18771726395899746,0.8562502476269974,0.30604151253418044,0.15462027959582092,0.9916501320173801,0.18609403934920826,0.03309698436317654,True,5,SMA_N150_th2_bL2_sL0,2
2010-06-28,2015-06-29,0.18327084565813245,0.8577887157985271,0.3060415125341804,0.16182205923404358,1.0660807083897479,0.18609403934920812,0.021448786424088873,True,5,SMA_N150_th2_bL2_sL0,2
2010-12-27,2015-12-28,0.11193394434459103,0.5765105111965646,0.30604151253418044,0.12604680189485995,0.8518306243107862,0.18609403934920812,-0.01411285755026892,False,5,SMA_N150_th2_bL2_sL0,2
2011-06-27,2016-06-28,0.09190673583591447,0.5160996291627451,0.29840207841160865,0.12001744596020347,0.8138175783695463,0.1836927506351847,-0.028110710124289007,False,5,SMA_N150_th2_bL2_sL0,2
2011-12-23,2016-12-27,0.19318539447836325,0.9152776003728954,0.23876977494146656,0.14706815982265087,1.1483898466367322,0.13018165698412398,0.04611723465571238,True,5,SMA_N150_th2_bL2_sL0,2
2012-06-26,2017-06-28,0.2328903989662061,1.0938660276487238,0.2387697749414666,0.15393017594300362,1.2310177283345358,0.13018165698412398,0.07896022302320249,True,5,SMA_N150_th2_bL2_sL0,2
2012-12-27,2017-12-27,0.242723659839172,1.1662548630297405,0.23876977494146656,0.15875296914039883,1.296051569902984,0.13018165698412404,0.08397069069877316,True,5,SMA_N150_th2_bL2_sL0,2
2013-06-28,2018-06-28,0.18457696755540454,0.8886519179435003,0.2387697749414665,0.13283126606049356,1.065159336615451,0.1301816569841239,0.05174570149491098,True,5,SMA_N150_th2_bL2_sL0,2
2013-12-27,2018-12-28,0.10807747234755993,0.5857062704897418,0.2387697749414666,0.08285122710564341,0.6696998235923756,0.19338759224206176,0.025226245241916523,True,5,SMA_N150_th2_bL2_sL0,2
2014-06-30,2019-07-01,0.10528749575860097,0.5760928220701067,0.2387697749414665,0.10790346001217888,0.8322775556330115,0.19338759224206184,-0.002615964253577907,False,5,SMA_N150_th2_bL2_sL0,2
2014-12-29,2019-12-30,0.1321843239077205,0.6857496193985405,0.2387697749414665,0.11179848558783756,0.8583035390815078,0.19338759224206184,0.020385838319882943,True,5,SMA_N150_th2_bL2_sL0,2
2015-06-30,2020-06-30,0.10051966179124738,0.541572932621809,0.2739098092234325,0.10613430323723305,0.6281405442270795,0.33699940470536144,-0.005614641445985669,False,5,SMA_N150_th2_bL2_sL0,2
2015-12-29,2020-12-29,0.20847240688601643,0.9339529608413861,0.27390980922343255,0.14576444055863802,0.8272650197027058,0.33699940470536144,0.0627079663273784,True,5,SMA_N150_th2_bL2_sL0,2
2016-06-29,2021-06-30,0.28811172636620497,1.1890506658657038,0.27390980922343255,0.17871501772607035,0.9927495905590052,0.3369994047053615,0.10939670864013462,True,5,SMA_N150_th2_bL2_sL0,2
2016-12-28,2021-12-29,0.2988160951314416,1.1611569022175294,0.2739098092234324,0.18409069501103126,0.9823722035860941,0.3369994047053615,0.11472540012041033,True,5,SMA_N150_th2_bL2_sL0,2
2017-06-29,2022-06-30,0.1898770108492034,0.8079661738825893,0.27390980922343255,0.11279020867223455,0.6189100231508629,0.33699940470536144,0.07708680217696884,True,5,SMA_N150_th2_bL2_sL0,2
2017-12-28,2022-12-29,0.0921377788101283,0.4772638958422499,0.39394087798876254,0.09309654517671673,0.5234151250795963,0.3369994047053614,-0.0009587663665884261,False,5,SMA_N150_th2_bL2_sL0,2
2018-06-29,2023-07-03,0.13489656092008961,0.635832627644454,0.434282982341391,0.12250097238437707,0.6489498134886903,0.33699940470536144,0.012395588535712543,True,5,SMA_N150_th2_bL2_sL0,2
2018-12-31,2024-01-02,0.14559029688470804,0.6693325464541038,0.434282982341391,0.1549015701880534,0.8002777412598205,0.3369994047053614,-0.009311273303345358,False,5,SMA_N150_th2_bL2_sL0,2
2019-07-02,2024-07-03,0.18217073745814383,0.7954028237066104,0.4342829823413909,0.1504397934144135,0.7790232710847329,0.3369994047053614,0.031730944043730336,True,5,SMA_N150_th2_bL2_sL0,2
2019-12-31,2025-01-02,0.16502224096383622,0.7296140270229576,0.43428298234139096,0.14423852701047402,0.7500138707875222,0.3369994047053614,0.020783713953362204,True,5,SMA_N150_th2_bL2_sL0,2
2020-07-01,2025-07-08,0.19986716610701816,0.876828462784449,0.4342829823413909,0.1651684268367719,0.9671260303471783,0.24497192419560299,0.03469873927024625,True,5,SMA_N150_th2_bL2_sL0,2
2020-12-30,2026-01-06,0.16165773122525007,0.7643032532055117,0.434282982341391,0.14798962687550477,0.8945167909240211,0.24497192419560299,0.013668104349745303,True,5,SMA_N150_th2_bL2_sL0,2
2009-06-26,2016-06-28,0.10005791908658113,0.5401747448941325,0.30604151253418044,0.14324779962103285,0.9229857783330687,0.18609403934920818,-0.04318988053445172,False,7,SMA_N150_th2_bL2_sL0,2
2009-12-24,2016-12-27,0.13611379573530114,0.673691858705005,0.30604151253418044,0.1279355405481737,0.861694372123826,0.18609403934920826,0.008178255187127448,True,7,SMA_N150_th2_bL2_sL0,2
2010-06-28,2017-06-28,0.1618612041749583,0.7999365862247697,0.3060415125341804,0.14723429367953234,1.009233700054355,0.18609403934920812,0.014626910495425971,True,7,SMA_N150_th2_bL2_sL0,2
2010-12-27,2017-12-27,0.1618311933583243,0.807988747198986,0.30604151253418044,0.1369600618415734,0.9813239561983147,0.18609403934920812,0.02487113151675091,True,7,SMA_N150_th2_bL2_sL0,2
2011-06-27,2018-06-28,0.15772950811377107,0.7821197107027162,0.29840207841160865,0.13605560430959884,0.9673463390315307,0.1836927506351847,0.021673903804172223,True,7,SMA_N150_th2_bL2_sL0,2
2011-12-23,2018-12-28,0.18577661596142536,0.8939903822028501,0.23876977494146656,0.12344669757899962,0.9799896628447098,0.19338759224206176,0.06232991838242574,True,7,SMA_N150_th2_bL2_sL0,2
2012-06-26,2019-07-01,0.20797720615596904,0.9881746874386615,0.2387697749414666,0.14505107822562713,1.1267121957989252,0.1933875922420618,0.06292612793034191,True,7,SMA_N150_th2_bL2_sL0,2
2012-12-27,2019-12-30,0.20915941452253417,0.9841758531255397,0.23876977494146656,0.1466001403616386,1.1285824056338578,0.19338759224206184,0.06255927416089557,True,7,SMA_N150_th2_bL2_sL0,2
2013-06-28,2020-06-30,0.13922408086506288,0.690128546683827,0.2739098092234325,0.11992927101481166,0.743910899929552,0.33699940470536144,0.019294809850251227,True,7,SMA_N150_th2_bL2_sL0,2
2013-12-27,2020-12-29,0.1529914220407922,0.7250692239398071,0.27390980922343244,0.12762026872172538,0.7744715730266725,0.33699940470536144,0.025371153319066808,True,7,SMA_N150_th2_bL2_sL0,2
2014-06-30,2021-06-30,0.17793811468668208,0.8058433726300934,0.2739098092234324,0.14004350065035354,0.8314402252233055,0.3369994047053614,0.037894614036328544,True,7,SMA_N150_th2_bL2_sL0,2
2014-12-29,2021-12-29,0.2079453083592948,0.907507444821236,0.2739098092234324,0.14683892208088012,0.865210199955837,0.33699940470536144,0.06110638627841469,True,7,SMA_N150_th2_bL2_sL0,2
2015-06-30,2022-06-30,0.16313618049814105,0.763250479870746,0.2739098092234325,0.11071963373746829,0.6588112686857001,0.33699940470536144,0.052416546760672755,True,7,SMA_N150_th2_bL2_sL0,2
2015-12-29,2022-12-29,0.14428011610750602,0.7077934363157655,0.3939408779887625,0.11173969347378221,0.6601008530237202,0.33699940470536144,0.03254042263372381,True,7,SMA_N150_th2_bL2_sL0,2
2016-06-29,2023-07-03,0.1847594898566931,0.8515156476478657,0.43428298234139096,0.13534463421269205,0.7779373167617571,0.3369994047053615,0.049414855644001054,True,7,SMA_N150_th2_bL2_sL0,2
2016-12-28,2024-01-02,0.15444358390540458,0.710295274122486,0.434282982341391,0.13166990649070898,0.7394472496585377,0.3369994047053615,0.022773677414695603,True,7,SMA_N150_th2_bL2_sL0,2
2017-06-29,2024-07-03,0.17595925158315917,0.7781601022210629,0.434282982341391,0.14444465213272584,0.7943353571603482,0.33699940470536144,0.031514599450433334,True,7,SMA_N150_th2_bL2_sL0,2
2017-12-28,2025-01-02,0.15479309898370763,0.6986408045806901,0.434282982341391,0.13638554149329862,0.7568211715743866,0.3369994047053614,0.01840755749040901,True,7,SMA_N150_th2_bL2_sL0,2
2018-06-29,2025-07-08,0.15130962432643313,0.7003763288465787,0.434282982341391,0.14357245769291516,0.7691136416044998,0.33699940470536144,0.007737166633517978,True,7,SMA_N150_th2_bL2_sL0,2
2018-12-31,2026-01-06,0.1929319709072923,0.840995148797255,0.434282982341391,0.17442895666513802,0.9192006107713039,0.3369994047053614,0.01850301424215428,True,7,SMA_N150_th2_bL2_sL0,2
2009-06-26,2019-07-01,0.14126055003386884,0.7171248587819721,0.30604151253418044,0.1468828164072553,0.994011455782532,0.19338759224206176,-0.005622266373386475,False,10,SMA_N150_th2_bL2_sL0,2
2009-12-24,2019-12-30,0.15976090203253435,0.7736367332253596,0.30604151253418044,0.13310308901921242,0.9272834089499606,0.19338759224206184,0.02665781301332193,True,10,SMA_N150_th2_bL2_sL0,2
2010-06-28,2020-06-30,0.14149326252278538,0.6996401310985892,0.3060415125341804,0.13381143506763826,0.816339705310364,0.3369994047053615,0.007681827455147117,True,10,SMA_N150_th2_bL2_sL0,2
2010-12-27,2020-12-29,0.16150702877734213,0.7577893685281507,0.30604151253418044,0.13701222258584833,0.8337979865946171,0.33699940470536144,0.0244948061914938,True,10,SMA_N150_th2_bL2_sL0,2
2011-06-27,2021-06-30,0.18995984748773842,0.864404862462069,0.29840207841160865,0.1508704048885765,0.9075971360184851,0.33699940470536144,0.03908944259916192,True,10,SMA_N150_th2_bL2_sL0,2
2011-12-23,2021-12-29,0.2427791859366255,1.0432617476016313,0.2739098092234325,0.16439449866200562,1.0309905644674207,0.3369994047053614,0.07838468727461989,True,10,SMA_N150_th2_bL2_sL0,2
2012-06-26,2022-06-30,0.20909453278043144,0.9369884731037723,0.27390980922343255,0.13211703089069649,0.8254023137814531,0.3369994047053614,0.07697750188973496,True,10,SMA_N150_th2_bL2_sL0,2
2012-12-27,2022-12-29,0.16536416038024182,0.778352745100944,0.39394087798876254,0.12562469829742895,0.7670289583913944,0.33699940470536144,0.03973946208281287,True,10,SMA_N150_th2_bL2_sL0,2
2013-06-28,2023-07-03,0.1597366375718765,0.7507354790005141,0.434282982341391,0.12776280945014507,0.7739468957032904,0.33699940470536144,0.03197382812173144,True,10,SMA_N150_th2_bL2_sL0,2
2013-12-27,2024-01-02,0.12662442506285188,0.6288721744718049,0.434282982341391,0.11922265235064877,0.7310198493740576,0.33699940470536144,0.007401772712203103,True,10,SMA_N150_th2_bL2_sL0,2
2014-06-30,2024-07-03,0.14363666129441666,0.6924637131026271,0.434282982341391,0.1292107289046538,0.7813179199416441,0.3369994047053614,0.014425932389762863,True,10,SMA_N150_th2_bL2_sL0,2
2014-12-29,2025-01-02,0.14893436380404568,0.7069917173977389,0.43428298234139107,0.12812179206090124,0.7738656130834332,0.33699940470536144,0.020812571743144437,True,10,SMA_N150_th2_bL2_sL0,2
2015-06-30,2025-07-08,0.15050982330758478,0.7153344965324846,0.434282982341391,0.1360035423647974,0.79008208159337,0.33699940470536144,0.014506280942787386,True,10,SMA_N150_th2_bL2_sL0,2
2015-12-29,2026-01-06,0.18502966387940667,0.8501087691698518,0.434282982341391,0.14697768943228318,0.8581693213836324,0.33699940470536144,0.03805197444712349,True,10,SMA_N150_th2_bL2_sL0,2
2009-06-26,2012-06-25,0.003778448289893266,0.08955267959918002,0.13769137450229985,0.14945549422780413,0.8305938172466265,0.18609403934920818,-0.14567704593791087,False,3,EMA_N150_th5_bL1_sL0,3
2009-12-24,2012-12-26,0.03400522443833465,0.33632832920856537,0.13769137450229985,0.1028776274728247,0.6346074715938919,0.18609403934920826,-0.06887240303449005,False,3,EMA_N150_th5_bL1_sL0,3
2010-06-28,2013-06-27,0.10365646193300915,0.9195046028307775,0.12261636984730599,0.16869601747869378,0.9844529526755283,0.18609403934920812,-0.06503955554568464,False,3,EMA_N150_th5_bL1_sL0,3
2010-12-27,2013-12-26,0.12570068899225717,1.0713764221059892,0.12261636984730603,0.15946732100934313,0.9821906044773536,0.18609403934920812,-0.03376663201708596,False,3,EMA_N150_th5_bL1_sL0,3
2011-06-27,2014-06-27,0.1426975493780256,1.2536844104719853,0.12002780125239189,0.17697402094278591,1.1030082165577275,0.1836927506351847,-0.034276471564760325,False,3,EMA_N150_th5_bL1_sL0,3
2011-12-23,2014-12-26,0.19576811031525532,1.596575528291224,0.09686971235172671,0.20614476853452834,1.6833068658067296,0.09686971235172698,-0.010376658219273027,False,3,EMA_N150_th5_bL1_sL0,3
2012-06-26,2015-06-29,0.1830888916638893,1.530082697823419,0.0734507807166965,0.18308889166388775,1.530082697823417,0.07345078071669656,1.5543122344752192e-15,True,3,EMA_N150_th5_bL1_sL0,3
2012-12-27,2015-12-28,0.11971493029072189,1.062770933698809,0.11007548678426254,0.15480927321584348,1.1866434787749554,0.11941491863415796,-0.03509434292512159,False,3,EMA_N150_th5_bL1_sL0,3
2013-06-28,2016-06-28,0.06024415977384545,0.5959586753731264,0.15060180026536932,0.10419160805742389,0.7969574131035633,0.1301816569841239,-0.04394744828357844,False,3,EMA_N150_th5_bL1_sL0,3
2013-12-27,2016-12-27,0.050339200593496614,0.521503520275658,0.15060180026536912,0.09387608525612334,0.7386410173561695,0.13018165698412396,-0.04353688466262673,False,3,EMA_N150_th5_bL1_sL0,3
2014-06-30,2017-06-28,0.05413484734720342,0.576417494098567,0.1506018002653693,0.09782906274150527,0.7828528200101873,0.13018165698412393,-0.04369421539430185,False,3,EMA_N150_th5_bL1_sL0,3
2014-12-29,2017-12-27,0.06435684019523236,0.7338767201386387,0.15060180026536912,0.10847476035404835,0.9005335108615838,0.1301816569841239,-0.04411792015881599,False,3,EMA_N150_th5_bL1_sL0,3
2015-06-30,2018-06-28,0.0736717081523699,0.7559371169393876,0.15060180026536937,0.11817573246846158,0.9218142722529249,0.13018165698412412,-0.044504024316091684,False,3,EMA_N150_th5_bL1_sL0,3
2015-12-29,2018-12-28,0.09110178496909449,0.8406360769898626,0.11009826268288486,0.08239082339051196,0.7012674144852037,0.19338759224206176,0.008710961578582532,True,3,EMA_N150_th5_bL1_sL0,3
2016-06-29,2019-07-01,0.11052855758356084,1.0446660244296622,0.14313978318014908,0.14913150443132817,1.2295284091741003,0.19338759224206173,-0.03860294684776733,False,3,EMA_N150_th5_bL1_sL0,3
2016-12-28,2019-12-30,0.11004294269254822,0.9309612559318554,0.14313978318014917,0.14862900914070898,1.1235943535269455,0.1933875922420617,-0.03858606644816076,False,3,EMA_N150_th5_bL1_sL0,3
2017-06-29,2020-06-30,0.025469018292554324,0.22625762639102776,0.21150730331185355,0.10651509131766357,0.5577499286276987,0.33699940470536144,-0.08104607302510924,False,3,EMA_N150_th5_bL1_sL0,3
2017-12-28,2020-12-29,0.05330169990688338,0.41273537893777573,0.2115073033118535,0.13654747814625168,0.6784285010690688,0.3369994047053614,-0.0832457782393683,False,3,EMA_N150_th5_bL1_sL0,3
2018-06-29,2021-06-30,0.0990137503637174,0.6963990784228753,0.2115073033118535,0.18587229711521447,0.8729105915443839,0.33699940470536144,-0.08685854675149707,False,3,EMA_N150_th5_bL1_sL0,3
2018-12-31,2021-12-29,0.15685815631521716,1.046981199445619,0.21150730331185347,0.2624928689400243,1.1868577289334332,0.3369994047053614,-0.10563471262480717,False,3,EMA_N150_th5_bL1_sL0,3
2019-07-02,2022-06-30,0.09349510194582789,0.6699530236969198,0.2115073033118535,0.10170515025821913,0.5318956289698472,0.3369994047053614,-0.00821004831239125,False,3,EMA_N150_th5_bL1_sL0,3
2019-12-31,2022-12-29,0.06049204967286559,0.487586221013344,0.21150730331185344,0.07742304938000899,0.4271353587929381,0.3369994047053614,-0.0169309997071434,False,3,EMA_N150_th5_bL1_sL0,3
2020-07-01,2023-07-03,0.1411858502926433,1.1661101886085652,0.18575976276727854,0.14378350414623386,0.8408777680234975,0.24497192419560299,-0.0025976538535905647,False,3,EMA_N150_th5_bL1_sL0,3
2020-12-30,2024-01-02,0.09699975086556334,0.8895030977459979,0.18575976276727843,0.09949682496571421,0.6300791413140667,0.24497192419560299,-0.0024970741001508756,False,3,EMA_N150_th5_bL1_sL0,3
2021-07-01,2024-07-03,0.09995463090478962,0.9645803367103736,0.18575976276727837,0.10245843112717434,0.6619306510055024,0.24497192419560296,-0.0025038002223847222,False,3,EMA_N150_th5_bL1_sL0,3
2021-12-30,2025-01-02,0.08430519079577503,0.7830189878416326,0.1857597627672785,0.08677336857472029,0.5582726327358701,0.24497192419560296,-0.0024681777789452575,False,3,EMA_N150_th5_bL1_sL0,3
2022-07-01,2025-07-08,0.11469763563608226,0.9856918297860853,0.1466072288421402,0.19331224516654322,1.1182296747600589,0.18755388287414093,-0.07861460953046095,False,3,EMA_N150_th5_bL1_sL0,3
2022-12-30,2026-01-06,0.15820914193298785,1.236540012745914,0.1466072288421402,0.2349833795995595,1.4485395534969876,0.1875538828741409,-0.07677423766657165,False,3,EMA_N150_th5_bL1_sL0,3
2009-06-26,2014-06-27,0.09479794476911874,0.8665464299877761,0.13769137450229985,0.1874842300953372,1.1357017974165047,0.18609403934920818,-0.09268628532621848,False,5,EMA_N150_th5_bL1_sL0,3
2009-12-24,2014-12-26,0.11082417362889596,0.9511045538718805,0.13769137450229985,0.15462027959582092,0.9916501320173801,0.18609403934920826,-0.04379610596692496,False,5,EMA_N150_th5_bL1_sL0,3
2010-06-28,2015-06-29,0.12260488217034382,1.0802305990548138,0.12261636984730599,0.16182205923404358,1.0660807083897479,0.18609403934920812,-0.03921717706369976,False,5,EMA_N150_th5_bL1_sL0,3
2010-12-27,2015-12-28,0.08597981490925988,0.7770594017380429,0.12261636984730603,0.12604680189485995,0.8518306243107862,0.18609403934920812,-0.04006698698560007,False,5,EMA_N150_th5_bL1_sL0,3
2011-06-27,2016-06-28,0.07386574476029484,0.7128054441842004,0.15060180026536915,0.12001744596020347,0.8138175783695463,0.1836927506351847,-0.046151701199908635,False,5,EMA_N150_th5_bL1_sL0,3
2011-12-23,2016-12-27,0.11368252945917745,1.0306865994812626,0.15060180026536923,0.14706815982265087,1.1483898466367322,0.13018165698412398,-0.03338563036347342,False,5,EMA_N150_th5_bL1_sL0,3
2012-06-26,2017-06-28,0.12616493977309506,1.19020311426628,0.15060180026536923,0.15393017594300362,1.2310177283345358,0.13018165698412398,-0.027765236169908558,False,5,EMA_N150_th5_bL1_sL0,3
2012-12-27,2017-12-27,0.13087168956083128,1.2748296838471764,0.1506018002653692,0.15875296914039883,1.296051569902984,0.13018165698412404,-0.02788127957956754,False,5,EMA_N150_th5_bL1_sL0,3
2013-06-28,2018-06-28,0.10557370030949542,0.9960737665742799,0.15060180026536932,0.13283126606049356,1.065159336615451,0.1301816569841239,-0.027257565750998136,False,5,EMA_N150_th5_bL1_sL0,3
2013-12-27,2018-12-28,0.06585024464751355,0.6296215544355993,0.15060180026536912,0.08285122710564341,0.6696998235923756,0.19338759224206176,-0.017000982458129865,False,5,EMA_N150_th5_bL1_sL0,3
2014-06-30,2019-07-01,0.0593149595014697,0.5790712385585945,0.1506018002653693,0.10790346001217888,0.8322775556330115,0.19338759224206184,-0.048588500510709176,False,5,EMA_N150_th5_bL1_sL0,3
2014-12-29,2019-12-30,0.06303916382870445,0.611327319538829,0.15060180026536912,0.11179848558783756,0.8583035390815078,0.19338759224206184,-0.04875932175913311,False,5,EMA_N150_th5_bL1_sL0,3
2015-06-30,2020-06-30,0.03138295505308486,0.31283783857015307,0.21150730331185347,0.10613430323723305,0.6281405442270795,0.33699940470536144,-0.07475134818414819,False,5,EMA_N150_th5_bL1_sL0,3
2015-12-29,2020-12-29,0.09060535344297183,0.7222217846034145,0.2115073033118535,0.14576444055863802,0.8272650197027058,0.33699940470536144,-0.055159087115666194,False,5,EMA_N150_th5_bL1_sL0,3
2016-06-29,2021-06-30,0.12615568571472568,0.9649921899950312,0.21150730331185347,0.17871501772607035,0.9927495905590052,0.3369994047053615,-0.05255933201134466,False,5,EMA_N150_th5_bL1_sL0,3
2016-12-28,2021-12-29,0.13129165959135025,0.9466555305929848,0.2115073033118535,0.18409069501103126,0.9823722035860941,0.3369994047053615,-0.052799035419681006,False,5,EMA_N150_th5_bL1_sL0,3
2017-06-29,2022-06-30,0.08534027671907962,0.6384748965433446,0.21150730331185355,0.11279020867223455,0.6189100231508629,0.33699940470536144,-0.027449931953154927,False,5,EMA_N150_th5_bL1_sL0,3
2017-12-28,2022-12-29,0.060801474523159094,0.4957282647077773,0.2115073033118535,0.09309654517671673,0.5234151250795963,0.3369994047053614,-0.032295070653557634,False,5,EMA_N150_th5_bL1_sL0,3
2018-06-29,2023-07-03,0.07098696795232584,0.5758282588541304,0.2115073033118535,0.12250097238437707,0.6489498134886903,0.33699940470536144,-0.05151400443205123,False,5,EMA_N150_th5_bL1_sL0,3
2018-12-31,2024-01-02,0.09444912770885239,0.7474521725354677,0.21150730331185347,0.1549015701880534,0.8002777412598205,0.3369994047053614,-0.06045244247920101,False,5,EMA_N150_th5_bL1_sL0,3
2019-07-02,2024-07-03,0.12036785849988618,0.920551637619786,0.2115073033118535,0.1504397934144135,0.7790232710847329,0.3369994047053614,-0.03007193491452731,False,5,EMA_N150_th5_bL1_sL0,3
2019-12-31,2025-01-02,0.11432869017422465,0.8702849666212878,0.21150730331185344,0.14423852701047402,0.7500138707875222,0.3369994047053614,-0.02990983683624937,False,5,EMA_N150_th5_bL1_sL0,3
2020-07-01,2025-07-08,0.13943180998591376,1.1216254933865795,0.18575976276727854,0.1651684268367719,0.9671260303471783,0.24497192419560299,-0.02573661685085815,False,5,EMA_N150_th5_bL1_sL0,3
2020-12-30,2026-01-06,0.12263246091121172,1.0408158672681513,0.18575976276727843,0.14798962687550477,0.8945167909240211,0.24497192419560299,-0.02535716596429305,False,5,EMA_N150_th5_bL1_sL0,3
2009-06-26,2016-06-28,0.06018710740015498,0.5850398890764801,0.15060180026536926,0.14324779962103285,0.9229857783330687,0.18609403934920818,-0.08306069222087786,False,7,EMA_N150_th5_bL1_sL0,3
2009-12-24,2016-12-27,0.078295335320121,0.7225680332285689,0.15060180026536926,0.1279355405481737,0.861694372123826,0.18609403934920826,-0.04964020522805268,False,7,EMA_N150_th5_bL1_sL0,3
2010-06-28,2017-06-28,0.10014252448840333,0.9496773058651353,0.1506018002653692,0.14723429367953234,1.009233700054355,0.18609403934920812,-0.04709176919112901,False,7,EMA_N150_th5_bL1_sL0,3
2010-12-27,2017-12-27,0.10330285904720382,0.981906489311648,0.1506018002653693,0.1369600618415734,0.9813239561983147,0.18609403934920812,-0.03365720279436957,False,7,EMA_N150_th5_bL1_sL0,3
2011-06-27,2018-06-28,0.10242517599182999,0.9552118951171107,0.15060180026536915,0.13605560430959884,0.9673463390315307,0.1836927506351847,-0.03363042831776886,False,7,EMA_N150_th5_bL1_sL0,3
2011-12-23,2018-12-28,0.1067195906535654,0.9521634982413784,0.15060180026536923,0.12344669757899962,0.9799896628447098,0.19338759224206176,-0.01672710692543422,False,7,EMA_N150_th5_bL1_sL0,3
2012-06-26,2019-07-01,0.10896032036821435,0.9959079651674877,0.15060180026536923,0.14505107822562713,1.1267121957989252,0.1933875922420618,-0.03609075785741278,False,7,EMA_N150_th5_bL1_sL0,3
2012-12-27,2019-12-30,0.11046055775961827,0.9980180512109373,0.1506018002653692,0.1466001403616386,1.1285824056338578,0.19338759224206184,-0.036139582602020326,False,7,EMA_N150_th5_bL1_sL0,3
2013-06-28,2020-06-30,0.06534401343082852,0.5772674904567251,0.21150730331185347,0.11992927101481166,0.743910899929552,0.33699940470536144,-0.05458525758398314,False,7,EMA_N150_th5_bL1_sL0,3
2013-12-27,2020-12-29,0.0726601525624957,0.6176505577584464,0.21150730331185344,0.12762026872172538,0.7744715730266725,0.33699940470536144,-0.05496011615922969,False,7,EMA_N150_th5_bL1_sL0,3
2014-06-30,2021-06-30,0.0844778772216912,0.6948577151377321,0.2115073033118535,0.14004350065035354,0.8314402252233055,0.3369994047053614,-0.055565623428662336,False,7,EMA_N150_th5_bL1_sL0,3
2014-12-29,2021-12-29,0.09094209038864509,0.7406813072690145,0.21150730331185352,0.14683892208088012,0.865210199955837,0.33699940470536144,-0.05589683169223503,False,7,EMA_N150_th5_bL1_sL0,3
2015-06-30,2022-06-30,0.07227064878584755,0.6107294279961326,0.21150730331185347,0.11071963373746829,0.6588112686857001,0.33699940470536144,-0.038448984951620746,False,7,EMA_N150_th5_bL1_sL0,3
2015-12-29,2022-12-29,0.08529324592305287,0.7152177052594567,0.2115073033118535,0.11173969347378221,0.6601008530237202,0.33699940470536144,-0.026446447550729335,False,7,EMA_N150_th5_bL1_sL0,3
2016-06-29,2023-07-03,0.09788733614924183,0.8132227336744702,0.21150730331185347,0.13534463421269205,0.7779373167617571,0.3369994047053615,-0.03745729806345022,False,7,EMA_N150_th5_bL1_sL0,3
2016-12-28,2024-01-02,0.09433384506980458,0.7538854547102178,0.2115073033118535,0.13166990649070898,0.7394472496585377,0.3369994047053615,-0.0373360614209044,False,7,EMA_N150_th5_bL1_sL0,3
2017-06-29,2024-07-03,0.10668712621480592,0.8307972753872589,0.21150730331185355,0.14444465213272584,0.7943353571603482,0.33699940470536144,-0.03775752591791992,False,7,EMA_N150_th5_bL1_sL0,3
2017-12-28,2025-01-02,0.09889390180961155,0.7678721260843645,0.2115073033118535,0.13638554149329862,0.7568211715743866,0.3369994047053614,-0.03749163968368707,False,7,EMA_N150_th5_bL1_sL0,3
2018-06-29,2025-07-08,0.08940499365597554,0.7089148199719825,0.2115073033118535,0.14357245769291516,0.7691136416044998,0.33699940470536144,-0.05416746403693962,False,7,EMA_N150_th5_bL1_sL0,3
2018-12-31,2026-01-06,0.1133917732660894,0.8853607308149586,0.21150730331185347,0.17442895666513802,0.9192006107713039,0.3369994047053614,-0.06103718339904862,False,7,EMA_N150_th5_bL1_sL0,3
2009-06-26,2019-07-01,0.07682361697625284,0.7240214661050322,0.15060180026536926,0.1468828164072553,0.994011455782532,0.19338759224206176,-0.07005919943100247,False,10,EMA_N150_th5_bL1_sL0,3
2009-12-24,2019-12-30,0.08677912247858122,0.7862253523082889,0.15060180026536926,0.13310308901921242,0.9272834089499606,0.19338759224206184,-0.0463239665406312,False,10,EMA_N150_th5_bL1_sL0,3
2010-06-28,2020-06-30,0.07621619570136007,0.6753097060664538,0.21150730331185352,0.13381143506763826,0.816339705310364,0.3369994047053615,-0.057595239366278195,False,10,EMA_N150_th5_bL1_sL0,3
2010-12-27,2020-12-29,0.08825357399651468,0.7458032733345098,0.21150730331185355,0.13701222258584833,0.8337979865946171,0.33699940470536144,-0.04875864858933365,False,10,EMA_N150_th5_bL1_sL0,3
2011-06-27,2021-06-30,0.10151747399729083,0.8472793787331829,0.21150730331185347,0.1508704048885765,0.9075971360184851,0.33699940470536144,-0.04935293089128567,False,10,EMA_N150_th5_bL1_sL0,3
2011-12-23,2021-12-29,0.12146964462646803,0.9775253684359769,0.21150730331185347,0.16439449866200562,1.0309905644674207,0.3369994047053614,-0.042924854035537585,False,10,EMA_N150_th5_bL1_sL0,3
2012-06-26,2022-06-30,0.1045442635195244,0.8650404894987178,0.2115073033118534,0.13211703089069649,0.8254023137814531,0.3369994047053614,-0.02757276737117209,False,10,EMA_N150_th5_bL1_sL0,3
2012-12-27,2022-12-29,0.09546203525249197,0.8101123799432234,0.21150730331185352,0.12562469829742895,0.7670289583913944,0.33699940470536144,-0.030162663044936977,False,10,EMA_N150_th5_bL1_sL0,3
2013-06-28,2023-07-03,0.08826305093758147,0.7538054461348903,0.21150730331185347,0.12776280945014507,0.7739468957032904,0.33699940470536144,-0.0394997585125636,False,10,EMA_N150_th5_bL1_sL0,3
2013-12-27,2024-01-02,0.08002201182660418,0.6910311373421922,0.21150730331185344,0.11922265235064877,0.7310198493740576,0.33699940470536144,-0.039200640524044594,False,10,EMA_N150_th5_bL1_sL0,3
2014-06-30,2024-07-03,0.08966025718509352,0.7628724581888593,0.2115073033118535,0.1292107289046538,0.7813179199416441,0.3369994047053614,-0.039550471719560276,False,10,EMA_N150_th5_bL1_sL0,3
2014-12-29,2025-01-02,0.08860946022501404,0.7500642922588149,0.21150730331185352,0.12812179206090124,0.7738656130834332,0.33699940470536144,-0.039512331835887204,False,10,EMA_N150_th5_bL1_sL0,3
2015-06-30,2025-07-08,0.08478458025172331,0.7154843101493646,0.21150730331185347,0.1360035423647974,0.79008208159337,0.33699940470536144,-0.051218962113074085,False,10,EMA_N150_th5_bL1_sL0,3
2015-12-29,2026-01-06,0.10661641401925359,0.8710833024779449,0.2115073033118535,0.14697768943228318,0.8581693213836324,0.33699940470536144,-0.040361275413029585,False,10,EMA_N150_th5_bL1_sL0,3
2009-06-26,2012-06-25,-0.028837955580272023,0.07750545525750581,0.3778792111720928,0.14945549422780413,0.8305938172466265,0.18609403934920818,-0.17829344980807615,False,3,EMA_N150_th5_bL3_sL0,4
2009-12-24,2012-12-26,0.051479655099210486,0.3210425514268321,0.3778792111720928,0.1028776274728247,0.6346074715938919,0.18609403934920826,-0.05139797237361421,False,3,EMA_N150_th5_bL3_sL0,4
2010-06-28,2013-06-27,0.2809902186022111,0.898009485097574,0.35660671957192075,0.16869601747869378,0.9844529526755283,0.18609403934920812,0.11229420112351729,True,3,EMA_N150_th5_bL3_sL0,4
2010-12-27,2013-12-26,0.3528148643882141,1.0392188092459622,0.3566067195719208,0.15946732100934313,0.9821906044773536,0.18609403934920812,0.19334754337887095,True,3,EMA_N150_th5_bL3_sL0,4
2011-06-27,2014-06-27,0.41758353604962895,1.2183620166658016,0.34140905144444067,0.17697402094278591,1.1030082165577275,0.1836927506351847,0.24060951510684303,True,3,EMA_N150_th5_bL3_sL0,4
2011-12-23,2014-12-26,0.615590469200987,1.5495390351856315,0.2726435723354601,0.20614476853452834,1.6833068658067296,0.09686971235172698,0.4094457006664587,True,3,EMA_N150_th5_bL3_sL0,4
2012-06-26,2015-06-29,0.562514715543744,1.478184398122201,0.21269008916199156,0.18308889166388775,1.530082697823417,0.07345078071669656,0.37942582387985624,True,3,EMA_N150_th5_bL3_sL0,4
2012-12-27,2015-12-28,0.3341889206701312,1.0290696698433959,0.30233050027411784,0.15480927321584348,1.1866434787749554,0.11941491863415796,0.1793796474542877,True,3,EMA_N150_th5_bL3_sL0,4
2013-06-28,2016-06-28,0.14241488638597022,0.5630169205406368,0.4004097386756446,0.10419160805742389,0.7969574131035633,0.1301816569841239,0.03822327832854633,True,3,EMA_N150_th5_bL3_sL0,4
2013-12-27,2016-12-27,0.10888670991291138,0.48828371056913755,0.40040973867564456,0.09387608525612334,0.7386410173561695,0.13018165698412396,0.01501062465678804,True,3,EMA_N150_th5_bL3_sL0,4
2014-06-30,2017-06-28,0.12160943112093148,0.5352912857737928,0.40040973867564444,0.09782906274150527,0.7828528200101873,0.13018165698412393,0.02378036837942621,True,3,EMA_N150_th5_bL3_sL0,4
2014-12-29,2017-12-27,0.15676707418288194,0.680616708311839,0.40040973867564456,0.10847476035404835,0.9005335108615838,0.1301816569841239,0.04829231382883359,True,3,EMA_N150_th5_bL3_sL0,4
2015-06-30,2018-06-28,0.17238556982068753,0.6888662499553967,0.3959257768672699,0.11817573246846158,0.9218142722529249,0.13018165698412412,0.054209837352225954,True,3,EMA_N150_th5_bL3_sL0,4
2015-12-29,2018-12-28,0.20864222054570702,0.7407938656520922,0.3241900222222989,0.08239082339051196,0.7012674144852037,0.19338759224206176,0.12625139715519507,True,3,EMA_N150_th5_bL3_sL0,4
2016-06-29,2019-07-01,0.2677795768032314,0.933921894623648,0.4077664159477243,0.14913150443132817,1.2295284091741003,0.19338759224206173,0.11864807237190322,True,3,EMA_N150_th5_bL3_sL0,4
2016-12-28,2019-12-30,0.25474649932270865,0.8079074906411772,0.4077664159477243,0.14862900914070898,1.1235943535269455,0.1933875922420617,0.10611749018199967,True,3,EMA_N150_th5_bL3_sL0,4
2017-06-29,2020-06-30,-0.03104449830138656,0.13209023312219137,0.5423361717633458,0.10651509131766357,0.5577499286276987,0.33699940470536144,-0.13755958961905013,False,3,EMA_N150_th5_bL3_sL0,4
2017-12-28,2020-12-29,0.04157924712938943,0.33343897805517136,0.5423361717633457,0.13654747814625168,0.6784285010690688,0.3369994047053614,-0.09496823101686225,False,3,EMA_N150_th5_bL3_sL0,4
2018-06-29,2021-06-30,0.19562874129652363,0.6296512074471277,0.5423361717633457,0.18587229711521447,0.8729105915443839,0.33699940470536144,0.009756444181309165,True,3,EMA_N150_th5_bL3_sL0,4
2018-12-31,2021-12-29,0.4064145900774212,0.9944708346602545,0.5423361717633458,0.2624928689400243,1.1868577289334332,0.3369994047053614,0.14392172113739687,True,3,EMA_N150_th5_bL3_sL0,4
2019-07-02,2022-06-30,0.18993208665630368,0.6245016241547655,0.5423361717633457,0.10170515025821913,0.5318956289698472,0.3369994047053614,0.08822693639808454,True,3,EMA_N150_th5_bL3_sL0,4
2019-12-31,2022-12-29,0.10453159006760337,0.45918565187539173,0.5423361717633458,0.07742304938000899,0.4271353587929381,0.3369994047053614,0.027108540687594385,True,3,EMA_N150_th5_bL3_sL0,4
2020-07-01,2023-07-03,0.38548254687124306,1.0990218661952584,0.4804604914287371,0.14378350414623386,0.8408777680234975,0.24497192419560299,0.2416990427250092,True,3,EMA_N150_th5_bL3_sL0,4
2020-12-30,2024-01-02,0.2159800194701631,0.7584491645370169,0.4804604914287371,0.09949682496571421,0.6300791413140667,0.24497192419560299,0.11648319450444888,True,3,EMA_N150_th5_bL3_sL0,4
2021-07-01,2024-07-03,0.20720195155328103,0.7690468115274873,0.48046049142873704,0.10245843112717434,0.6619306510055024,0.24497192419560296,0.10474352042610668,True,3,EMA_N150_th5_bL3_sL0,4
2021-12-30,2025-01-02,0.1344009470919536,0.5401810799872321,0.4804604914287371,0.08677336857472029,0.5582726327358701,0.24497192419560296,0.047627578517233315,True,3,EMA_N150_th5_bL3_sL0,4
2022-07-01,2025-07-08,0.21420463303718296,0.7329274692638831,0.39517702963453105,0.19331224516654322,1.1182296747600589,0.18755388287414093,0.02089238787063974,True,3,EMA_N150_th5_bL3_sL0,4
2022-12-30,2026-01-06,0.3301228364798612,0.9543058240046083,0.39517702963453105,0.2349833795995595,1.4485395534969876,0.1875538828741409,0.09513945688030168,True,3,EMA_N150_th5_bL3_sL0,4
2009-06-26,2014-06-27,0.25282080920662064,0.843807934134171,0.3778792111720928,0.1874842300953372,1.1357017974165047,0.18609403934920818,0.06533657911128343,True,5,EMA_N150_th5_bL3_sL0,4
2009-12-24,2014-12-26,0.3003909154562019,0.9238977915228881,0.3778792111720928,0.15462027959582092,0.9916501320173801,0.18609403934920826,0.14577063586038097,True,5,EMA_N150_th5_bL3_sL0,4
2010-06-28,2015-06-29,0.3434468411946292,1.0436924132782843,0.35660671957192075,0.16182205923404358,1.0660807083897479,0.18609403934920812,0.18162478196058562,True,5,EMA_N150_th5_bL3_sL0,4
2010-12-27,2015-12-28,0.21711942868088108,0.7461445094068287,0.3566067195719208,0.12604680189485995,0.8518306243107862,0.18609403934920812,0.09107262678602113,True,5,EMA_N150_th5_bL3_sL0,4
2011-06-27,2016-06-28,0.18131194306955933,0.6846294296608204,0.4004097386756445,0.12001744596020347,0.8138175783695463,0.1836927506351847,0.06129449710935586,True,5,EMA_N150_th5_bL3_sL0,4
2011-12-23,2016-12-27,0.31535750778923255,0.9962661050024332,0.40040973867564456,0.14706815982265087,1.1483898466367322,0.13018165698412398,0.16828934796658168,True,5,EMA_N150_th5_bL3_sL0,4
2012-06-26,2017-06-28,0.3610222025703389,1.1492197852273944,0.4004097386756445,0.15393017594300362,1.2310177283345358,0.13018165698412398,0.20709202662733528,True,5,EMA_N150_th5_bL3_sL0,4
2012-12-27,2017-12-27,0.37864277973979243,1.22488972104228,0.40040973867564456,0.15875296914039883,1.296051569902984,0.13018165698412404,0.2198898105993936,True,5,EMA_N150_th5_bL3_sL0,4
2013-06-28,2018-06-28,0.2803766630602089,0.9331198560727005,0.4004097386756446,0.13283126606049356,1.065159336615451,0.1301816569841239,0.14754539699971536,True,5,EMA_N150_th5_bL3_sL0,4
2013-12-27,2018-12-28,0.1377300243229418,0.5573211485678299,0.40040973867564456,0.08285122710564341,0.6696998235923756,0.19338759224206176,0.05487879721729838,True,5,EMA_N150_th5_bL3_sL0,4
2014-06-30,2019-07-01,0.11648455459326312,0.5020931757561367,0.4077664159477243,0.10790346001217888,0.8322775556330115,0.19338759224206184,0.008581094581084248,True,5,EMA_N150_th5_bL3_sL0,4
2014-12-29,2019-12-30,0.12409739460586566,0.5253070249934614,0.4077664159477243,0.11179848558783756,0.8583035390815078,0.19338759224206184,0.012298909018028104,True,5,EMA_N150_th5_bL3_sL0,4
2015-06-30,2020-06-30,0.015289465976465966,0.23746844645663942,0.5423361717633458,0.10613430323723305,0.6281405442270795,0.33699940470536144,-0.09084483726076709,False,5,EMA_N150_th5_bL3_sL0,4
2015-12-29,2020-12-29,0.18951818115773156,0.643764495118808,0.5423361717633458,0.14576444055863802,0.8272650197027058,0.33699940470536144,0.04375374059909354,True,5,EMA_N150_th5_bL3_sL0,4
2016-06-29,2021-06-30,0.3032688331635496,0.8868125711983778,0.5423361717633458,0.17871501772607035,0.9927495905590052,0.3369994047053615,0.12455381543747923,True,5,EMA_N150_th5_bL3_sL0,4
2016-12-28,2021-12-29,0.31837249301135384,0.8697354489035114,0.5423361717633457,0.18409069501103126,0.9823722035860941,0.3369994047053615,0.13428179800032258,True,5,EMA_N150_th5_bL3_sL0,4
2017-06-29,2022-06-30,0.1649383820849608,0.5668725089658561,0.5423361717633458,0.11279020867223455,0.6189100231508629,0.33699940470536144,0.05214817341272626,True,5,EMA_N150_th5_bL3_sL0,4
2017-12-28,2022-12-29,0.0939690392965753,0.43195267177500296,0.5423361717633457,0.09309654517671673,0.5234151250795963,0.3369994047053614,0.000872494119858569,True,5,EMA_N150_th5_bL3_sL0,4
2018-06-29,2023-07-03,0.1256381644339155,0.5018883038387416,0.5423361717633457,0.12250097238437707,0.6489498134886903,0.33699940470536144,0.0031371920495384398,True,5,EMA_N150_th5_bL3_sL0,4
2018-12-31,2024-01-02,0.19479316083353004,0.6532441761867203,0.5423361717633458,0.1549015701880534,0.8002777412598205,0.3369994047053614,0.03989159064547665,True,5,EMA_N150_th5_bL3_sL0,4
2019-07-02,2024-07-03,0.26736497127641856,0.803239120388109,0.5423361717633457,0.1504397934144135,0.7790232710847329,0.3369994047053614,0.11692517786200507,True,5,EMA_N150_th5_bL3_sL0,4
2019-12-31,2025-01-02,0.237070224376684,0.7368419581281909,0.5423361717633458,0.14423852701047402,0.7500138707875222,0.3369994047053614,0.09283169736621,True,5,EMA_N150_th5_bL3_sL0,4
2020-07-01,2025-07-08,0.3288392660041437,0.9635016916365503,0.4804604914287371,0.1651684268367719,0.9671260303471783,0.24497192419560299,0.1636708391673718,True,5,EMA_N150_th5_bL3_sL0,4
2020-12-30,2026-01-06,0.26574341616335406,0.8497469024826582,0.4804604914287371,0.14798962687550477,0.8945167909240211,0.24497192419560299,0.1177537892878493,True,5,EMA_N150_th5_bL3_sL0,4
2009-06-26,2016-06-28,0.13941460941650874,0.5626799703358475,0.4004097386756445,0.14324779962103285,0.9229857783330687,0.18609403934920818,-0.003833190204524106,False,7,EMA_N150_th5_bL3_sL0,4
2009-12-24,2016-12-27,0.19469646301929266,0.6972705056029256,0.4004097386756445,0.1279355405481737,0.861694372123826,0.18609403934920826,0.06676092247111898,True,7,EMA_N150_th5_bL3_sL0,4
2010-06-28,2017-06-28,0.2710333309218895,0.915820546686611,0.4004097386756446,0.14723429367953234,1.009233700054355,0.18609403934920812,0.12379903724235719,True,7,EMA_N150_th5_bL3_sL0,4
2010-12-27,2017-12-27,0.2790875224500613,0.9387857143655965,0.4004097386756445,0.1369600618415734,0.9813239561983147,0.18609403934920812,0.1421274606084879,True,7,EMA_N150_th5_bL3_sL0,4
2011-06-27,2018-06-28,0.26930732172486693,0.9048558636278924,0.4004097386756445,0.13605560430959884,0.9673463390315307,0.1836927506351847,0.1332517174152681,True,7,EMA_N150_th5_bL3_sL0,4
2011-12-23,2018-12-28,0.2758749702532768,0.8910706933601944,0.40040973867564456,0.12344669757899962,0.9799896628447098,0.19338759224206176,0.15242827267427717,True,7,EMA_N150_th5_bL3_sL0,4
2012-06-26,2019-07-01,0.28358465980451975,0.929738782646379,0.4077664159477243,0.14505107822562713,1.1267121957989252,0.1933875922420618,0.13853358157889262,True,7,EMA_N150_th5_bL3_sL0,4
2012-12-27,2019-12-30,0.2846392749822466,0.923838480657961,0.4077664159477242,0.1466001403616386,1.1285824056338578,0.19338759224206184,0.13803913462060802,True,7,EMA_N150_th5_bL3_sL0,4
2013-06-28,2020-06-30,0.12662445784228593,0.5081850013470021,0.5423361717633458,0.11992927101481166,0.743910899929552,0.33699940470536144,0.006695186827474275,True,7,EMA_N150_th5_bL3_sL0,4
2013-12-27,2020-12-29,0.14445682002646643,0.5512863949535917,0.5423361717633457,0.12762026872172538,0.7744715730266725,0.33699940470536144,0.016836551304741043,True,7,EMA_N150_th5_bL3_sL0,4
2014-06-30,2021-06-30,0.18084544049778595,0.6301404441137274,0.5423361717633458,0.14004350065035354,0.8314402252233055,0.3369994047053614,0.04080193984743241,True,7,EMA_N150_th5_bL3_sL0,4
2014-12-29,2021-12-29,0.20169990792073045,0.676754193640887,0.5423361717633457,0.14683892208088012,0.865210199955837,0.33699940470536144,0.05486098583985033,True,7,EMA_N150_th5_bL3_sL0,4
2015-06-30,2022-06-30,0.14266741789366377,0.5480322790823887,0.5423361717633458,0.11071963373746829,0.6588112686857001,0.33699940470536144,0.03194778415619548,True,7,EMA_N150_th5_bL3_sL0,4
2015-12-29,2022-12-29,0.1860472797055206,0.648248728760736,0.5423361717633458,0.11173969347378221,0.6601008530237202,0.33699940470536144,0.07430758623173839,True,7,EMA_N150_th5_bL3_sL0,4
2016-06-29,2023-07-03,0.21793240657231805,0.7319706005995084,0.5423361717633458,0.13534463421269205,0.7779373167617571,0.3369994047053615,0.082587772359626,True,7,EMA_N150_th5_bL3_sL0,4
2016-12-28,2024-01-02,0.19533458893004574,0.6519118211562245,0.5423361717633457,0.13166990649070898,0.7394472496585377,0.3369994047053615,0.06366468243933676,True,7,EMA_N150_th5_bL3_sL0,4
2017-06-29,2024-07-03,0.2260011496361305,0.712580591173459,0.5423361717633458,0.14444465213272584,0.7943353571603482,0.33699940470536144,0.08155649750340466,True,7,EMA_N150_th5_bL3_sL0,4
2017-12-28,2025-01-02,0.18944533128063767,0.6381238797678691,0.5423361717633457,0.13638554149329862,0.7568211715743866,0.3369994047053614,0.05305978978733905,True,7,EMA_N150_th5_bL3_sL0,4
2018-06-29,2025-07-08,0.1594163814292604,0.5762701513522821,0.5423361717633457,0.14357245769291516,0.7691136416044998,0.33699940470536144,0.015843923736345245,True,7,EMA_N150_th5_bL3_sL0,4
2018-12-31,2026-01-06,0.2357041789238774,0.7420327152977523,0.5423361717633458,0.17442895666513802,0.9192006107713039,0.3369994047053614,0.06127522225873938,True,7,EMA_N150_th5_bL3_sL0,4
2009-06-26,2019-07-01,0.18242574566726577,0.6747248721622515,0.4077664159477243,0.1468828164072553,0.994011455782532,0.19338759224206176,0.03554292926001046,True,10,EMA_N150_th5_bL3_sL0,4
2009-12-24,2019-12-30,0.20938041187812217,0.7309963427941347,0.4077664159477243,0.13310308901921242,0.9272834089499606,0.19338759224206184,0.07627732285890976,True,10,EMA_N150_th5_bL3_sL0,4
2010-06-28,2020-06-30,0.1686392223322155,0.6199885717340025,0.5423361717633457,0.13381143506763826,0.816339705310364,0.3369994047053615,0.03482778726457725,True,10,EMA_N150_th5_bL3_sL0,4
2010-12-27,2020-12-29,0.20315129069648363,0.6897430936085186,0.5423361717633458,0.13701222258584833,0.8337979865946171,0.33699940470536144,0.0661390681106353,True,10,EMA_N150_th5_bL3_sL0,4
2011-06-27,2021-06-30,0.2470417501445683,0.7918192494348785,0.5423361717633458,0.1508704048885765,0.9075971360184851,0.33699940470536144,0.0961713452559918,True,10,EMA_N150_th5_bL3_sL0,4
2011-12-23,2021-12-29,0.3135479505179424,0.9202001630725715,0.5423361717633459,0.16439449866200562,1.0309905644674207,0.3369994047053614,0.14915345185593676,True,10,EMA_N150_th5_bL3_sL0,4
2012-06-26,2022-06-30,0.255834471389599,0.8073672415956799,0.5423361717633458,0.13211703089069649,0.8254023137814531,0.3369994047053614,0.12371744049890254,True,10,EMA_N150_th5_bL3_sL0,4
2012-12-27,2022-12-29,0.2285504027435845,0.7526622462278583,0.5423361717633458,0.12562469829742895,0.7670289583913944,0.33699940470536144,0.10292570444615556,True,10,EMA_N150_th5_bL3_sL0,4
2013-06-28,2023-07-03,0.20081473704362462,0.6853711483634872,0.5423361717633458,0.12776280945014507,0.7739468957032904,0.33699940470536144,0.07305192759347956,True,10,EMA_N150_th5_bL3_sL0,4
2013-12-27,2024-01-02,0.16584149363729406,0.6071442634584379,0.5423361717633457,0.11922265235064877,0.7310198493740576,0.33699940470536144,0.046618841286645285,True,10,EMA_N150_th5_bL3_sL0,4
2014-06-30,2024-07-03,0.19058325462392323,0.6643453907122167,0.5423361717633458,0.1292107289046538,0.7813179199416441,0.3369994047053614,0.06137252571926943,True,10,EMA_N150_th5_bL3_sL0,4
2014-12-29,2025-01-02,0.18001730751607115,0.6385896457751068,0.5423361717633457,0.12812179206090124,0.7738656130834332,0.33699940470536144,0.051895515455169905,True,10,EMA_N150_th5_bL3_sL0,4
2015-06-30,2025-07-08,0.16359309361699093,0.5994887924997295,0.5423361717633458,0.1360035423647974,0.79008208159337,0.33699940470536144,0.027589551252193534,True,10,EMA_N150_th5_bL3_sL0,4
2015-12-29,2026-01-06,0.2274270018025597,0.7397149227942913,0.5423361717633458,0.14697768943228318,0.8581693213836324,0.33699940470536144,0.08044931237027653,True,10,EMA_N150_th5_bL3_sL0,4
2009-06-26,2012-06-25,-0.02827264368880822,0.0767961874542839,0.4441789755715463,0.14945549422780413,0.8305938172466265,0.18609403934920818,-0.17772813791661235,False,3,SMA_N150_th2_bL3_sL0,5
2009-12-24,2012-12-26,0.05209171974493576,0.3220164498018642,0.4441789755715463,0.1028776274728247,0.6346074715938919,0.18609403934920826,-0.050785907727888935,False,3,SMA_N150_th2_bL3_sL0,5
2010-06-28,2013-06-27,0.20443196305694555,0.7118579331902084,0.4441789755715463,0.16869601747869378,0.9844529526755283,0.18609403934920812,0.03573594557825177,True,3,SMA_N150_th2_bL3_sL0,5
2010-12-27,2013-12-26,0.25414866519959345,0.8222794068317729,0.44417897557154623,0.15946732100934313,0.9821906044773536,0.18609403934920812,0.09468134419025032,True,3,SMA_N150_th2_bL3_sL0,5
2011-06-27,2014-06-27,0.3141934985683106,0.9959022572651948,0.4310498619725989,0.17697402094278591,1.1030082165577275,0.1836927506351847,0.13721947762552467,True,3,SMA_N150_th2_bL3_sL0,5
2011-12-23,2014-12-26,0.5027929791610908,1.3817048258637685,0.3213213903988973,0.20614476853452834,1.6833068658067296,0.09686971235172698,0.29664821062656244,True,3,SMA_N150_th2_bL3_sL0,5
2012-06-26,2015-06-29,0.49148871071851374,1.3546695406334903,0.21269008916199195,0.18308889166388775,1.530082697823417,0.07345078071669656,0.308399819054626,True,3,SMA_N150_th2_bL3_sL0,5
2012-12-27,2015-12-28,0.30406972748364014,0.9497258475876813,0.307088595213316,0.15480927321584348,1.1866434787749554,0.11941491863415796,0.14926045426779666,True,3,SMA_N150_th2_bL3_sL0,5
2013-06-28,2016-06-28,0.12257834840140269,0.49932803742484116,0.3459733526854742,0.10419160805742389,0.7969574131035633,0.1301816569841239,0.018386740343978802,True,3,SMA_N150_th2_bL3_sL0,5
2013-12-27,2016-12-27,0.08963234479223647,0.42704302244699743,0.3459733526854743,0.09387608525612334,0.7386410173561695,0.13018165698412396,-0.004243740463886869,False,3,SMA_N150_th2_bL3_sL0,5
2014-06-30,2017-06-28,0.1021341526127324,0.4678989307874627,0.3459733526854743,0.09782906274150527,0.7828528200101873,0.13018165698412393,0.00430508987122713,True,3,SMA_N150_th2_bL3_sL0,5
2014-12-29,2017-12-27,0.1908110943688266,0.752611973303618,0.34597335268547424,0.10847476035404835,0.9005335108615838,0.1301816569841239,0.08233633401477825,True,3,SMA_N150_th2_bL3_sL0,5
2015-06-30,2018-06-28,0.20688924726403046,0.7579350303622693,0.34108229507933474,0.11817573246846158,0.9218142722529249,0.13018165698412412,0.08871351479556888,True,3,SMA_N150_th2_bL3_sL0,5
2015-12-29,2018-12-28,0.23611507939695664,0.87438802214574,0.2934422927252438,0.08239082339051196,0.7012674144852037,0.19338759224206176,0.15372425600644468,True,3,SMA_N150_th2_bL3_sL0,5
2016-06-29,2019-07-01,0.3349256199758526,1.1514100235078812,0.30873584027295675,0.14913150443132817,1.2295284091741003,0.19338759224206173,0.1857941155445244,True,3,SMA_N150_th2_bL3_sL0,5
2016-12-28,2019-12-30,0.3212022651007487,1.002587549756877,0.3087358402729569,0.14862900914070898,1.1235943535269455,0.1933875922420617,0.1725732559600397,True,3,SMA_N150_th2_bL3_sL0,5
2017-06-29,2020-06-30,0.12238058936700469,0.4797452124754102,0.39095244447417543,0.10651509131766357,0.5577499286276987,0.33699940470536144,0.01586549804934112,True,3,SMA_N150_th2_bL3_sL0,5
2017-12-28,2020-12-29,0.20650362913068876,0.6701193132950648,0.39095244447417543,0.13654747814625168,0.6784285010690688,0.3369994047053614,0.06995615098443708,True,3,SMA_N150_th2_bL3_sL0,5
2018-06-29,2021-06-30,0.3849454272853958,1.0273107863396147,0.39095244447417543,0.18587229711521447,0.8729105915443839,0.33699940470536144,0.19907313017018136,True,3,SMA_N150_th2_bL3_sL0,5
2018-12-31,2021-12-29,0.5849239774383721,1.3389517827013513,0.39095244447417543,0.2624928689400243,1.1868577289334332,0.3369994047053614,0.3224311084983478,True,3,SMA_N150_th2_bL3_sL0,5
2019-07-02,2022-06-30,0.2943226658400644,0.8559426020414068,0.3909524444741754,0.10170515025821913,0.5318956289698472,0.3369994047053614,0.19261751558184526,True,3,SMA_N150_th2_bL3_sL0,5
2019-12-31,2022-12-29,0.07651174819124185,0.3944460408995255,0.5319603843650885,0.07742304938000899,0.4271353587929381,0.3369994047053614,-0.0009113011887671441,False,3,SMA_N150_th2_bL3_sL0,5
2020-07-01,2023-07-03,0.28837097176699267,0.8772885027343612,0.5821086001109401,0.14378350414623386,0.8408777680234975,0.24497192419560299,0.1445874676207588,True,3,SMA_N150_th2_bL3_sL0,5
2020-12-30,2024-01-02,0.07414330264525892,0.3844062820014802,0.5821086001109402,0.09949682496571421,0.6300791413140667,0.24497192419560299,-0.02535352232045529,False,3,SMA_N150_th2_bL3_sL0,5
2021-07-01,2024-07-03,0.06638914327412726,0.3771754006092025,0.5821086001109402,0.10245843112717434,0.6619306510055024,0.24497192419560296,-0.03606928785304708,False,3,SMA_N150_th2_bL3_sL0,5
2021-12-30,2025-01-02,0.002079935790556764,0.16836558344186767,0.5821086001109401,0.08677336857472029,0.5582726327358701,0.24497192419560296,-0.08469343278416352,False,3,SMA_N150_th2_bL3_sL0,5
2022-07-01,2025-07-08,0.14298822501287423,0.5551514278069988,0.36791179453221523,0.19331224516654322,1.1182296747600589,0.18755388287414093,-0.05032402015366899,False,3,SMA_N150_th2_bL3_sL0,5
2022-12-30,2026-01-06,0.39740202780426404,1.1176689206151806,0.292587782383312,0.2349833795995595,1.4485395534969876,0.1875538828741409,0.16241864820470453,True,3,SMA_N150_th2_bL3_sL0,5
2009-06-26,2014-06-27,0.25325808557795226,0.8470703475035348,0.4441789755715463,0.1874842300953372,1.1357017974165047,0.18609403934920818,0.06577385548261505,True,5,SMA_N150_th2_bL3_sL0,5
2009-12-24,2014-12-26,0.26505502310628515,0.8507324154047119,0.4441789755715463,0.15462027959582092,0.9916501320173801,0.18609403934920826,0.11043474351046423,True,5,SMA_N150_th2_bL3_sL0,5
2010-06-28,2015-06-29,0.2590842650884635,0.8508354043007309,0.4441789755715463,0.16182205923404358,1.0660807083897479,0.18609403934920812,0.09726220585441991,True,5,SMA_N150_th2_bL3_sL0,5
2010-12-27,2015-12-28,0.1472637656078446,0.5708872691705521,0.44417897557154623,0.12604680189485995,0.8518306243107862,0.18609403934920812,0.02121696371298465,True,5,SMA_N150_th2_bL3_sL0,5
2011-06-27,2016-06-28,0.11706781215021578,0.5118283767866363,0.4310498619725989,0.12001744596020347,0.8138175783695463,0.1836927506351847,-0.002949633809987695,False,5,SMA_N150_th2_bL3_sL0,5
2011-12-23,2016-12-27,0.281588758495118,0.9202300093434814,0.3459733526854743,0.14706815982265087,1.1483898466367322,0.13018165698412398,0.13452059867246713,True,5,SMA_N150_th2_bL3_sL0,5
2012-06-26,2017-06-28,0.346800632429731,1.0957784070174674,0.34597335268547436,0.15393017594300362,1.2310177283345358,0.13018165698412398,0.1928704564867274,True,5,SMA_N150_th2_bL3_sL0,5
2012-12-27,2017-12-27,0.3642370889627544,1.1651447155032102,0.34597335268547424,0.15875296914039883,1.296051569902984,0.13018165698412404,0.2054841198223556,True,5,SMA_N150_th2_bL3_sL0,5
2013-06-28,2018-06-28,0.2669977729247508,0.885123757341382,0.3459733526854742,0.13283126606049356,1.065159336615451,0.1301816569841239,0.13416650686425724,True,5,SMA_N150_th2_bL3_sL0,5
2013-12-27,2018-12-28,0.14455923006659877,0.5816197516406847,0.3459733526854743,0.08285122710564341,0.6696998235923756,0.19338759224206176,0.061708002960955355,True,5,SMA_N150_th2_bL3_sL0,5
2014-06-30,2019-07-01,0.13954555193839968,0.5694811295102299,0.3459733526854743,0.10790346001217888,0.8322775556330115,0.19338759224206184,0.031642091926220806,True,5,SMA_N150_th2_bL3_sL0,5
2014-12-29,2019-12-30,0.17977443311408892,0.6767825204493361,0.34597335268547424,0.11179848558783756,0.8583035390815078,0.19338759224206184,0.06797594752625136,True,5,SMA_N150_th2_bL3_sL0,5
2015-06-30,2020-06-30,0.12830251769517043,0.5337331842509904,0.39095244447417543,0.10613430323723305,0.6281405442270795,0.33699940470536144,0.022168214457937374,True,5,SMA_N150_th2_bL3_sL0,5
2015-12-29,2020-12-29,0.2952250195824371,0.9251497070473909,0.39095244447417543,0.14576444055863802,0.8272650197027058,0.33699940470536144,0.14946057902379906,True,5,SMA_N150_th2_bL3_sL0,5
2016-06-29,2021-06-30,0.4233624896298287,1.1796348871970048,0.39095244447417543,0.17871501772607035,0.9927495905590052,0.3369994047053615,0.24464747190375835,True,5,SMA_N150_th2_bL3_sL0,5
2016-12-28,2021-12-29,0.4398579219891747,1.1524531562633267,0.39095244447417543,0.18409069501103126,0.9823722035860941,0.3369994047053615,0.25576722697814347,True,5,SMA_N150_th2_bL3_sL0,5
2017-06-29,2022-06-30,0.2637013495524594,0.8014630445332545,0.39095244447417543,0.11279020867223455,0.6189100231508629,0.33699940470536144,0.15091114088022484,True,5,SMA_N150_th2_bL3_sL0,5
2017-12-28,2022-12-29,0.11110173334998041,0.4728993972369926,0.5319603843650886,0.09309654517671673,0.5234151250795963,0.3369994047053614,0.018005188173263686,True,5,SMA_N150_th2_bL3_sL0,5
2018-06-29,2023-07-03,0.17693984631255621,0.6281353904470319,0.5821086001109401,0.12250097238437707,0.6489498134886903,0.33699940470536144,0.05443887392817914,True,5,SMA_N150_th2_bL3_sL0,5
2018-12-31,2024-01-02,0.1915488964978589,0.657952858567109,0.5821086001109402,0.1549015701880534,0.8002777412598205,0.3369994047053614,0.036647326309805495,True,5,SMA_N150_th2_bL3_sL0,5
2019-07-02,2024-07-03,0.24577876082771155,0.77880583984898,0.5821086001109402,0.1504397934144135,0.7790232710847329,0.3369994047053614,0.09533896741329806,True,5,SMA_N150_th2_bL3_sL0,5
2019-12-31,2025-01-02,0.2160000048200159,0.7085225408409205,0.5821086001109401,0.14423852701047402,0.7500138707875222,0.3369994047053614,0.0717614778095419,True,5,SMA_N150_th2_bL3_sL0,5
2020-07-01,2025-07-08,0.2728894963658621,0.8521717515419619,0.5821086001109401,0.1651684268367719,0.9671260303471783,0.24497192419560299,0.10772106952909022,True,5,SMA_N150_th2_bL3_sL0,5
2020-12-30,2026-01-06,0.21245024943713076,0.7314602174141226,0.5821086001109402,0.14798962687550477,0.8945167909240211,0.24497192419560299,0.06446062256162599,True,5,SMA_N150_th2_bL3_sL0,5
2009-06-26,2016-06-28,0.131181397515582,0.5375733706402797,0.4441789755715463,0.14324779962103285,0.9229857783330687,0.18609403934920818,-0.012066402105450846,False,7,SMA_N150_th2_bL3_sL0,5
2009-12-24,2016-12-27,0.1860637940539871,0.6712951748673119,0.4441789755715463,0.1279355405481737,0.861694372123826,0.18609403934920826,0.05812825350581341,True,7,SMA_N150_th2_bL3_sL0,5
2010-06-28,2017-06-28,0.2286771041322304,0.7970505074243982,0.4441789755715463,0.14723429367953234,1.009233700054355,0.18609403934920812,0.08144281045269808,True,7,SMA_N150_th2_bL3_sL0,5
2010-12-27,2017-12-27,0.22901654382247116,0.8031194550611458,0.44417897557154623,0.1369600618415734,0.9813239561983147,0.18609403934920812,0.09205648198089778,True,7,SMA_N150_th2_bL3_sL0,5
2011-06-27,2018-06-28,0.21961919744687308,0.7750321005044999,0.4310498619725989,0.13605560430959884,0.9673463390315307,0.1836927506351847,0.08356359313727424,True,7,SMA_N150_th2_bL3_sL0,5
2011-12-23,2018-12-28,0.2672310654871346,0.892026750205317,0.3459733526854743,0.12344669757899962,0.9799896628447098,0.19338759224206176,0.14378436790813498,True,7,SMA_N150_th2_bL3_sL0,5
2012-06-26,2019-07-01,0.30246241944225494,0.983315146772861,0.34597335268547436,0.14505107822562713,1.1267121957989252,0.1933875922420618,0.1574113412166278,True,7,SMA_N150_th2_bL3_sL0,5
2012-12-27,2019-12-30,0.3035325449111681,0.9772397209753753,0.34597335268547424,0.1466001403616386,1.1285824056338578,0.19338759224206184,0.1569324045495295,True,7,SMA_N150_th2_bL3_sL0,5
2013-06-28,2020-06-30,0.190855715003039,0.6834321147306404,0.3909524444741754,0.11992927101481166,0.743910899929552,0.33699940470536144,0.07092644398822734,True,7,SMA_N150_th2_bL3_sL0,5
2013-12-27,2020-12-29,0.20970473809251278,0.7199693743819483,0.39095244447417543,0.12762026872172538,0.7744715730266725,0.33699940470536144,0.0820844693707874,True,7,SMA_N150_th2_bL3_sL0,5
2014-06-30,2021-06-30,0.24816795123128998,0.8008129658063733,0.39095244447417543,0.14004350065035354,0.8314402252233055,0.3369994047053614,0.10812445058093645,True,7,SMA_N150_th2_bL3_sL0,5
2014-12-29,2021-12-29,0.2957713371218129,0.9027861812930646,0.3909524444741754,0.14683892208088012,0.865210199955837,0.33699940470536144,0.1489324150409328,True,7,SMA_N150_th2_bL3_sL0,5
2015-06-30,2022-06-30,0.2261755523310689,0.7604239711244826,0.39095244447417543,0.11071963373746829,0.6588112686857001,0.33699940470536144,0.1154559185936006,True,7,SMA_N150_th2_bL3_sL0,5
2015-12-29,2022-12-29,0.19670706209692934,0.7039260526753686,0.5319603843650886,0.11173969347378221,0.6601008530237202,0.33699940470536144,0.08496736862314713,True,7,SMA_N150_th2_bL3_sL0,5
2016-06-29,2023-07-03,0.25731870360974396,0.842619978943645,0.5821086001109401,0.13534463421269205,0.7779373167617571,0.3369994047053615,0.12197406939705191,True,7,SMA_N150_th2_bL3_sL0,5
2016-12-28,2024-01-02,0.20714658984301626,0.6968761882345538,0.5821086001109402,0.13166990649070898,0.7394472496585377,0.3369994047053615,0.07547668335230728,True,7,SMA_N150_th2_bL3_sL0,5
2017-06-29,2024-07-03,0.23811618992101624,0.7602386936780837,0.5821086001109402,0.14444465213272584,0.7943353571603482,0.33699940470536144,0.0936715377882904,True,7,SMA_N150_th2_bL3_sL0,5
2017-12-28,2025-01-02,0.20119913600538109,0.6777809935069115,0.5821086001109402,0.13638554149329862,0.7568211715743866,0.3369994047053614,0.06481359451208246,True,7,SMA_N150_th2_bL3_sL0,5
2018-06-29,2025-07-08,0.19739125613914887,0.6784193907186707,0.5821086001109401,0.14357245769291516,0.7691136416044998,0.33699940470536144,0.05381879844623372,True,7,SMA_N150_th2_bL3_sL0,5
2018-12-31,2026-01-06,0.2612389111611624,0.8166239276322398,0.5821086001109402,0.17442895666513802,0.9192006107713039,0.3369994047053614,0.08680995449602436,True,7,SMA_N150_th2_bL3_sL0,5
2009-06-26,2019-07-01,0.19477836182770059,0.7107728839153235,0.4441789755715463,0.1468828164072553,0.994011455782532,0.19338759224206176,0.047895545420445274,True,10,SMA_N150_th2_bL3_sL0,5
2009-12-24,2019-12-30,0.22201461920540666,0.7663688244314116,0.4441789755715463,0.13310308901921242,0.9272834089499606,0.19338759224206184,0.08891153018619424,True,10,SMA_N150_th2_bL3_sL0,5
2010-06-28,2020-06-30,0.1926470666253326,0.6920684670348741,0.4441789755715463,0.13381143506763826,0.816339705310364,0.3369994047053615,0.058835631557694335,True,10,SMA_N150_th2_bL3_sL0,5
2010-12-27,2020-12-29,0.22268810808121597,0.7505464414842269,0.44417897557154623,0.13701222258584833,0.8337979865946171,0.33699940470536144,0.08567588549536764,True,10,SMA_N150_th2_bL3_sL0,5
2011-06-27,2021-06-30,0.2672912625143782,0.8572552850257483,0.4310498619725989,0.1508704048885765,0.9075971360184851,0.33699940470536144,0.11642085762580168,True,10,SMA_N150_th2_bL3_sL0,5
2011-12-23,2021-12-29,0.3549827575452362,1.0409821561413448,0.3909524444741755,0.16439449866200562,1.0309905644674207,0.3369994047053614,0.1905882588832306,True,10,SMA_N150_th2_bL3_sL0,5
2012-06-26,2022-06-30,0.30111621296988833,0.9347099662065051,0.39095244447417543,0.13211703089069649,0.8254023137814531,0.3369994047053614,0.16899918207919185,True,10,SMA_N150_th2_bL3_sL0,5
2012-12-27,2022-12-29,0.23164625994707522,0.7759991326697652,0.5319603843650885,0.12562469829742895,0.7670289583913944,0.33699940470536144,0.10602156164964627,True,10,SMA_N150_th2_bL3_sL0,5
2013-06-28,2023-07-03,0.22143357054548174,0.7453020848623977,0.5821086001109401,0.12776280945014507,0.7739468957032904,0.33699940470536144,0.09367076109533667,True,10,SMA_N150_th2_bL3_sL0,5
2013-12-27,2024-01-02,0.1677458260706144,0.6208918122900372,0.5821086001109402,0.11922265235064877,0.7310198493740576,0.33699940470536144,0.04852317371996562,True,10,SMA_N150_th2_bL3_sL0,5
2014-06-30,2024-07-03,0.1925280012457602,0.6804755421173108,0.5821086001109401,0.1292107289046538,0.7813179199416441,0.3369994047053614,0.0633172723411064,True,10,SMA_N150_th2_bL3_sL0,5
2014-12-29,2025-01-02,0.19854079771825406,0.691535369532825,0.5821086001109401,0.12812179206090124,0.7738656130834332,0.33699940470536144,0.07041900565735282,True,10,SMA_N150_th2_bL3_sL0,5
2015-06-30,2025-07-08,0.20052914727157045,0.6986620439264802,0.5821086001109401,0.1360035423647974,0.79008208159337,0.33699940470536144,0.06452560490677306,True,10,SMA_N150_th2_bL3_sL0,5
2015-12-29,2026-01-06,0.2535401176819345,0.8294881781963268,0.5821086001109402,0.14697768943228318,0.8581693213836324,0.33699940470536144,0.10656242824965134,True,10,SMA_N150_th2_bL3_sL0,5
2009-06-26,2012-06-25,0.0021254717788525834,0.07440711492479683,0.17299262979977117,0.14945549422780413,0.8305938172466265,0.18609403934920818,-0.14733002244895155,False,3,SMA_N150_th2_bL1_sL0,6
2009-12-24,2012-12-26,0.03230247185263946,0.3237310001883064,0.17299262979977117,0.1028776274728247,0.6346074715938919,0.18609403934920826,-0.07057515562018524,False,3,SMA_N150_th2_bL1_sL0,6
2010-06-28,2013-06-27,0.07934494410201265,0.7152017705060184,0.17299262979977115,0.16869601747869378,0.9844529526755283,0.18609403934920812,-0.08935107337668113,False,3,SMA_N150_th2_bL1_sL0,6
2010-12-27,2013-12-26,0.09507796151321046,0.833674071609289,0.17299262979977112,0.15946732100934313,0.9821906044773536,0.18609403934920812,-0.06438935949613267,False,3,SMA_N150_th2_bL1_sL0,6
2011-06-27,2014-06-27,0.11161245190251168,1.008813520145694,0.17055268764369202,0.17697402094278591,1.1030082165577275,0.1836927506351847,-0.06536156904027424,False,3,SMA_N150_th2_bL1_sL0,6
2011-12-23,2014-12-26,0.1650980549730976,1.4168291387688523,0.11809361559258573,0.20614476853452834,1.6833068658067296,0.09686971235172698,-0.04104671356143075,False,3,SMA_N150_th2_bL1_sL0,6
2012-06-26,2015-06-29,0.16350471765575225,1.3982600136144057,0.07345078071669679,0.18308889166388775,1.530082697823417,0.07345078071669656,-0.019584174008135502,False,3,SMA_N150_th2_bL1_sL0,6
2012-12-27,2015-12-28,0.11171674401352982,0.9862752196214775,0.10747708072051348,0.15480927321584348,1.1866434787749554,0.11941491863415796,-0.043092529202313656,False,3,SMA_N150_th2_bL1_sL0,6
2013-06-28,2016-06-28,0.05499071769893038,0.5319999416189745,0.1202342243262574,0.10419160805742389,0.7969574131035633,0.1301816569841239,-0.04920089035849351,False,3,SMA_N150_th2_bL1_sL0,6
2013-12-27,2016-12-27,0.045134836958512725,0.4600055319101298,0.12023422432625747,0.09387608525612334,0.7386410173561695,0.13018165698412396,-0.04874124829761062,False,3,SMA_N150_th2_bL1_sL0,6
2014-06-30,2017-06-28,0.048911676525050796,0.508925045734517,0.1202342243262574,0.09782906274150527,0.7828528200101873,0.13018165698412393,-0.04891738621645447,False,3,SMA_N150_th2_bL1_sL0,6
2014-12-29,2017-12-27,0.0769095624273961,0.8136295028147716,0.12023422432625726,0.10847476035404835,0.9005335108615838,0.1301816569841239,-0.031565197926652244,False,3,SMA_N150_th2_bL1_sL0,6
2015-06-30,2018-06-28,0.08633428729124026,0.8313296447200846,0.12023422432625737,0.11817573246846158,0.9218142722529249,0.13018165698412412,-0.03184144517722132,False,3,SMA_N150_th2_bL1_sL0,6
2015-12-29,2018-12-28,0.09636927411333107,0.9680507987323129,0.10101891269421395,0.08239082339051196,0.7012674144852037,0.19338759224206176,0.013978450722819113,True,3,SMA_N150_th2_bL1_sL0,6
2016-06-29,2019-07-01,0.12743578396102118,1.2650115494568126,0.1077293019198602,0.14913150443132817,1.2295284091741003,0.19338759224206173,-0.02169572047030699,False,3,SMA_N150_th2_bL1_sL0,6
2016-12-28,2019-12-30,0.12694277583294244,1.129248539996091,0.10772930191986012,0.14862900914070898,1.1235943535269455,0.1933875922420617,-0.021686233307766534,False,3,SMA_N150_th2_bL1_sL0,6
2017-06-29,2020-06-30,0.06978323035231004,0.5839642409405343,0.14457038911992975,0.10651509131766357,0.5577499286276987,0.33699940470536144,-0.036731860965353524,False,3,SMA_N150_th2_bL1_sL0,6
2017-12-28,2020-12-29,0.09881866244787996,0.7555159462157728,0.1445703891199298,0.13654747814625168,0.6784285010690688,0.3369994047053614,-0.03772881569837172,False,3,SMA_N150_th2_bL1_sL0,6
2018-06-29,2021-06-30,0.14650609535069226,1.0989079458448627,0.14457038911992975,0.18587229711521447,0.8729105915443839,0.33699940470536144,-0.03936620176452221,False,3,SMA_N150_th2_bL1_sL0,6
2018-12-31,2021-12-29,0.19944146310027544,1.400238387336173,0.14457038911992978,0.2624928689400243,1.1868577289334332,0.3369994047053614,-0.06305140583974889,False,3,SMA_N150_th2_bL1_sL0,6
2019-07-02,2022-06-30,0.11712576898188942,0.8980096852548505,0.1445703891199298,0.10170515025821913,0.5318956289698472,0.3369994047053614,0.015420618723670287,True,3,SMA_N150_th2_bL1_sL0,6
2019-12-31,2022-12-29,0.04619397895547617,0.41589577825231333,0.21945865058097977,0.07742304938000899,0.4271353587929381,0.3369994047053614,-0.031229070424532823,False,3,SMA_N150_th2_bL1_sL0,6
2020-07-01,2023-07-03,0.11490928467085992,0.9395040826018087,0.240649700924096,0.14378350414623386,0.8408777680234975,0.24497192419560299,-0.02887421947537394,False,3,SMA_N150_th2_bL1_sL0,6
2020-12-30,2024-01-02,0.05162820546397806,0.49736378497920897,0.24064970092409602,0.09949682496571421,0.6300791413140667,0.24497192419560299,-0.047868619501736154,False,3,SMA_N150_th2_bL1_sL0,6
2021-07-01,2024-07-03,0.054460872646045155,0.5508772643774653,0.2406497009240959,0.10245843112717434,0.6619306510055024,0.24497192419560296,-0.04799755848112919,False,3,SMA_N150_th2_bL1_sL0,6
2021-12-30,2025-01-02,0.039458688183036994,0.3885581286432662,0.24064970092409607,0.08677336857472029,0.5582726327358701,0.24497192419560296,-0.047314680391683295,False,3,SMA_N150_th2_bL1_sL0,6
2022-07-01,2025-07-08,0.09176503849377426,0.797173109025832,0.1278697387811569,0.19331224516654322,1.1182296747600589,0.18755388287414093,-0.10154720667276895,False,3,SMA_N150_th2_bL1_sL0,6
2022-12-30,2026-01-06,0.17473394980841794,1.4058784758238347,0.1056789742151097,0.2349833795995595,1.4485395534969876,0.1875538828741409,-0.06024942979114156,False,3,SMA_N150_th2_bL1_sL0,6
2009-06-26,2014-06-27,0.09371644297128778,0.8603238235801873,0.17299262979977117,0.1874842300953372,1.1357017974165047,0.18609403934920818,-0.09376778712404943,False,5,SMA_N150_th2_bL1_sL0,6
2009-12-24,2014-12-26,0.09867402366429245,0.8645633081804758,0.17299262979977117,0.15462027959582092,0.9916501320173801,0.18609403934920826,-0.055946255931528466,False,5,SMA_N150_th2_bL1_sL0,6
2010-06-28,2015-06-29,0.09667660018501012,0.8707563326178761,0.17299262979977115,0.16182205923404358,1.0660807083897479,0.18609403934920812,-0.06514545904903346,False,5,SMA_N150_th2_bL1_sL0,6
2010-12-27,2015-12-28,0.06358405664144273,0.5908096133259656,0.17299262979977112,0.12604680189485995,0.8518306243107862,0.18609403934920812,-0.06246274525341722,False,5,SMA_N150_th2_bL1_sL0,6
2011-06-27,2016-06-28,0.053109168756352076,0.5276678745942572,0.17055268764369202,0.12001744596020347,0.8138175783695463,0.1836927506351847,-0.0669082772038514,False,5,SMA_N150_th2_bL1_sL0,6
2011-12-23,2016-12-27,0.10420031581772049,0.9534973122185371,0.12023422432625742,0.14706815982265087,1.1483898466367322,0.13018165698412398,-0.04286784400493038,False,5,SMA_N150_th2_bL1_sL0,6
2012-06-26,2017-06-28,0.1228153409900008,1.1374984779949922,0.1202342243262573,0.15393017594300362,1.2310177283345358,0.13018165698412398,-0.031114834953002823,False,5,SMA_N150_th2_bL1_sL0,6
2012-12-27,2017-12-27,0.12750809129790608,1.2159638488152358,0.12023422432625731,0.15875296914039883,1.296051569902984,0.13018165698412404,-0.031244877842492746,False,5,SMA_N150_th2_bL1_sL0,6
2013-06-28,2018-06-28,0.10228534689838442,0.9480018221174876,0.1202342243262574,0.13283126606049356,1.065159336615451,0.1301816569841239,-0.030545919162109136,False,5,SMA_N150_th2_bL1_sL0,6
2013-12-27,2018-12-28,0.0666114780406244,0.6505848278058678,0.12023422432625747,0.08285122710564341,0.6696998235923756,0.19338759224206176,-0.016239749065019016,False,5,SMA_N150_th2_bL1_sL0,6
2014-06-30,2019-07-01,0.0657776436425046,0.6463114104918881,0.1202342243262574,0.10790346001217888,0.8322775556330115,0.19338759224206184,-0.042125816369674274,False,5,SMA_N150_th2_bL1_sL0,6
2014-12-29,2019-12-30,0.08028413757008623,0.7667203773082821,0.12023422432625726,0.11179848558783756,0.8583035390815078,0.19338759224206184,-0.031514348017751326,False,5,SMA_N150_th2_bL1_sL0,6
2015-06-30,2020-06-30,0.06534832258323542,0.6166448168666162,0.14457038911992978,0.10613430323723305,0.6281405442270795,0.33699940470536144,-0.04078598065399763,False,5,SMA_N150_th2_bL1_sL0,6
2015-12-29,2020-12-29,0.11772841975446413,1.0074223196552587,0.14457038911992984,0.14576444055863802,0.8272650197027058,0.33699940470536144,-0.02803602080417389,False,5,SMA_N150_th2_bL1_sL0,6
2016-06-29,2021-06-30,0.1550919082783475,1.2628487450364134,0.1445703891199298,0.17871501772607035,0.9927495905590052,0.3369994047053615,-0.023623109447722834,False,5,SMA_N150_th2_bL1_sL0,6
2016-12-28,2021-12-29,0.16035984941763393,1.2340132401046613,0.14457038911992978,0.18409069501103126,0.9823722035860941,0.3369994047053615,-0.02373084559339733,False,5,SMA_N150_th2_bL1_sL0,6
2017-06-29,2022-06-30,0.10935174791213287,0.8735713101493486,0.14457038911992975,0.11279020867223455,0.6189100231508629,0.33699940470536144,-0.0034384607601016803,False,5,SMA_N150_th2_bL1_sL0,6
2017-12-28,2022-12-29,0.06177875828393398,0.5344974060147017,0.21945865058097985,0.09309654517671673,0.5234151250795963,0.3369994047053614,-0.03131778689278275,False,5,SMA_N150_th2_bL1_sL0,6
2018-06-29,2023-07-03,0.0832667189979941,0.7034227473049859,0.24064970092409604,0.12250097238437707,0.6489498134886903,0.33699940470536144,-0.03923425338638298,False,5,SMA_N150_th2_bL1_sL0,6
2018-12-31,2024-01-02,0.090458657614914,0.7514512475614343,0.2406497009240959,0.1549015701880534,0.8002777412598205,0.3369994047053614,-0.06444291257313939,False,5,SMA_N150_th2_bL1_sL0,6
2019-07-02,2024-07-03,0.1103063654235461,0.894026932292453,0.24064970092409604,0.1504397934144135,0.7790232710847329,0.3369994047053614,-0.04013342799086739,False,5,SMA_N150_th2_bL1_sL0,6
2019-12-31,2025-01-02,0.1043214320081729,0.8406708376454867,0.24064970092409588,0.14423852701047402,0.7500138707875222,0.3369994047053614,-0.03991709500230112,False,5,SMA_N150_th2_bL1_sL0,6
2020-07-01,2025-07-08,0.12139783702040918,1.0032485891032175,0.240649700924096,0.1651684268367719,0.9671260303471783,0.24497192419560299,-0.043770589816362726,False,5,SMA_N150_th2_bL1_sL0,6
2020-12-30,2026-01-06,0.10486437398153314,0.9156357965712314,0.24064970092409602,0.14798962687550477,0.8945167909240211,0.24497192419560299,-0.04312525289397162,False,5,SMA_N150_th2_bL1_sL0,6
2009-06-26,2016-06-28,0.05718783519104753,0.5536224384413135,0.17299262979977117,0.14324779962103285,0.9229857783330687,0.18609403934920818,-0.08605996442998531,False,7,SMA_N150_th2_bL1_sL0,6
2009-12-24,2016-12-27,0.07524483488499834,0.690445427961624,0.17299262979977117,0.1279355405481737,0.861694372123826,0.18609403934920826,-0.05269070566317535,False,7,SMA_N150_th2_bL1_sL0,6
2010-06-28,2017-06-28,0.08738265524816757,0.8226831726976827,0.17299262979977115,0.14723429367953234,1.009233700054355,0.18609403934920812,-0.05985163843136476,False,7,SMA_N150_th2_bL1_sL0,6
2010-12-27,2017-12-27,0.08803134354394504,0.8370031275166646,0.17299262979977112,0.1369600618415734,0.9813239561983147,0.18609403934920812,-0.04892871829762835,False,7,SMA_N150_th2_bL1_sL0,6
2011-06-27,2018-06-28,0.08716580905709681,0.8162187396759211,0.17055268764369202,0.13605560430959884,0.9673463390315307,0.1836927506351847,-0.04888979525250203,False,7,SMA_N150_th2_bL1_sL0,6
2011-12-23,2018-12-28,0.1028867813932901,0.9498233918031611,0.12023422432625742,0.12344669757899962,0.9799896628447098,0.19338759224206176,-0.020559916185709515,False,7,SMA_N150_th2_bL1_sL0,6
2012-06-26,2019-07-01,0.11378756547184299,1.0496765971320838,0.1202342243262573,0.14505107822562713,1.1267121957989252,0.1933875922420618,-0.03126351275378414,False,7,SMA_N150_th2_bL1_sL0,6
2012-12-27,2019-12-30,0.11529433331656325,1.0516651611478558,0.12023422432625731,0.1466001403616386,1.1285824056338578,0.19338759224206184,-0.03130580704507535,False,7,SMA_N150_th2_bL1_sL0,6
2013-06-28,2020-06-30,0.08251600075285537,0.7559446266694135,0.1445703891199298,0.11992927101481166,0.743910899929552,0.33699940470536144,-0.03741327026195629,False,7,SMA_N150_th2_bL1_sL0,6
2013-12-27,2020-12-29,0.08995006672020289,0.7890741586968308,0.14457038911992975,0.12762026872172538,0.7744715730266725,0.33699940470536144,-0.03767020200152249,False,7,SMA_N150_th2_bL1_sL0,6
2014-06-30,2021-06-30,0.10195827803484914,0.868029781617974,0.1445703891199298,0.14004350065035354,0.8314402252233055,0.3369994047053614,-0.0380852226155044,False,7,SMA_N150_th2_bL1_sL0,6
2014-12-29,2021-12-29,0.11647914441474105,0.9719002918263542,0.1445703891199298,0.14683892208088012,0.865210199955837,0.33699940470536144,-0.030359777666139065,False,7,SMA_N150_th2_bL1_sL0,6
2015-06-30,2022-06-30,0.094640752520051,0.8252441832187163,0.14457038911992978,0.11071963373746829,0.6588112686857001,0.33699940470536144,-0.016078881217417296,False,7,SMA_N150_th2_bL1_sL0,6
2015-12-29,2022-12-29,0.08538333296306666,0.7688834505440124,0.2194586505809799,0.11173969347378221,0.6601008530237202,0.33699940470536144,-0.02635636051071555,False,7,SMA_N150_th2_bL1_sL0,6
2016-06-29,2023-07-03,0.10686219649317175,0.92555113024142,0.24064970092409602,0.13534463421269205,0.7779373167617571,0.3369994047053615,-0.028482437719520304,False,7,SMA_N150_th2_bL1_sL0,6
2016-12-28,2024-01-02,0.09436507302587294,0.7976464133253921,0.2406497009240961,0.13166990649070898,0.7394472496585377,0.3369994047053615,-0.03730483346483604,False,7,SMA_N150_th2_bL1_sL0,6
2017-06-29,2024-07-03,0.10671870668461825,0.8783470258513386,0.24064970092409602,0.14444465213272584,0.7943353571603482,0.33699940470536144,-0.03772594544810759,False,7,SMA_N150_th2_bL1_sL0,6
2017-12-28,2025-01-02,0.09892525989164858,0.8079355515563514,0.24064970092409602,0.13638554149329862,0.7568211715743866,0.3369994047053614,-0.03746028160165005,False,7,SMA_N150_th2_bL1_sL0,6
2018-06-29,2025-07-08,0.09675533988701379,0.8134821431302127,0.24064970092409604,0.14357245769291516,0.7691136416044998,0.33699940470536144,-0.046817117805901365,False,7,SMA_N150_th2_bL1_sL0,6
2018-12-31,2026-01-06,0.1179519645420013,0.9636074663977751,0.2406497009240959,0.17442895666513802,0.9192006107713039,0.3369994047053614,-0.05647699212313673,False,7,SMA_N150_th2_bL1_sL0,6
2009-06-26,2019-07-01,0.07956865667505153,0.755123904388111,0.17299262979977117,0.1468828164072553,0.994011455782532,0.19338759224206176,-0.06731415973220378,False,10,SMA_N150_th2_bL1_sL0,6
2009-12-24,2019-12-30,0.08954954076064503,0.8168464858188557,0.17299262979977117,0.13310308901921242,0.9272834089499606,0.19338759224206184,-0.04355354825856739,False,10,SMA_N150_th2_bL1_sL0,6
2010-06-28,2020-06-30,0.08108641018722285,0.7433741721683845,0.17299262979977115,0.13381143506763826,0.816339705310364,0.3369994047053615,-0.052725024880415416,False,10,SMA_N150_th2_bL1_sL0,6
2010-12-27,2020-12-29,0.09144122593321402,0.8023919092912108,0.17299262979977112,0.13701222258584833,0.8337979865946171,0.33699940470536144,-0.04557099665263431,False,10,SMA_N150_th2_bL1_sL0,6
2011-06-27,2021-06-30,0.10474397781330946,0.9085502679169887,0.17055268764369202,0.1508704048885765,0.9075971360184851,0.33699940470536144,-0.04612642707526704,False,10,SMA_N150_th2_bL1_sL0,6
2011-12-23,2021-12-29,0.13093685433511704,1.099741264009856,0.14457038911992973,0.16439449866200562,1.0309905644674207,0.3369994047053614,-0.03345764432688858,False,10,SMA_N150_th2_bL1_sL0,6
2012-06-26,2022-06-30,0.11502945130672226,0.9923746853905168,0.1445703891199297,0.13211703089069649,0.8254023137814531,0.3369994047053614,-0.01708757958397422,False,10,SMA_N150_th2_bL1_sL0,6
2012-12-27,2022-12-29,0.09433587086913553,0.8323269870070449,0.21945865058097985,0.12562469829742895,0.7670289583913944,0.33699940470536144,-0.03128882742829342,False,10,SMA_N150_th2_bL1_sL0,6
2013-06-28,2023-07-03,0.09285346324317656,0.8144083717524109,0.24064970092409607,0.12776280945014507,0.7739468957032904,0.33699940470536144,-0.034909346206968506,False,10,SMA_N150_th2_bL1_sL0,6
2013-12-27,2024-01-02,0.07843681419168846,0.7028100922935713,0.24064970092409602,0.11922265235064877,0.7310198493740576,0.33699940470536144,-0.04078583815896031,False,10,SMA_N150_th2_bL1_sL0,6
2014-06-30,2024-07-03,0.08806091305725472,0.777686601114497,0.240649700924096,0.1292107289046538,0.7813179199416441,0.3369994047053614,-0.041149815847399074,False,10,SMA_N150_th2_bL1_sL0,6
2014-12-29,2025-01-02,0.09246355073657875,0.8039878396205764,0.24064970092409604,0.12812179206090124,0.7738656130834332,0.33699940470536144,-0.03565824132432249,False,10,SMA_N150_th2_bL1_sL0,6
2015-06-30,2025-07-08,0.09373878005016567,0.8167987793608648,0.2406497009240961,0.1360035423647974,0.79008208159337,0.33699940470536144,-0.04226476231463172,False,10,SMA_N150_th2_bL1_sL0,6
2015-12-29,2026-01-06,0.1113897489722353,0.962040393511003,0.24064970092409602,0.14697768943228318,0.8581693213836324,0.33699940470536144,-0.03558794046004787,False,10,SMA_N150_th2_bL1_sL0,6
2009-06-26,2012-06-25,-0.02137508164110047,0.0036465243114867556,0.25233540117766595,0.14945549422780413,0.8305938172466265,0.18609403934920818,-0.1708305758689046,False,3,SMA_N200_th2_bL2_sL0,7
2009-12-24,2012-12-26,0.03393739884633007,0.26032688891049505,0.25233540117766595,0.1028776274728247,0.6346074715938919,0.18609403934920826,-0.06894022862649463,False,3,SMA_N200_th2_bL2_sL0,7
2010-06-28,2013-06-27,0.2174818644792169,0.9658914530241184,0.2271319964118554,0.16869601747869378,0.9844529526755283,0.18609403934920812,0.04878584700052313,True,3,SMA_N200_th2_bL2_sL0,7
2010-12-27,2013-12-26,0.2508909110579538,1.0768755716015321,0.22713199641185552,0.15946732100934313,0.9821906044773536,0.18609403934920812,0.09142359004861067,True,3,SMA_N200_th2_bL2_sL0,7
2011-06-27,2014-06-27,0.2902969788783363,1.2573694892397205,0.21862388777784086,0.17697402094278591,1.1030082165577275,0.1836927506351847,0.11332295793555036,True,3,SMA_N200_th2_bL2_sL0,7
2011-12-23,2014-12-26,0.40928438425010816,1.5912653274045325,0.1881438946143466,0.20614476853452834,1.6833068658067296,0.09686971235172698,0.2031396157155798,True,3,SMA_N200_th2_bL2_sL0,7
2012-06-26,2015-06-29,0.36495660011036013,1.4839210868214163,0.1448878778682475,0.18308889166388775,1.530082697823417,0.07345078071669656,0.18186770844647238,True,3,SMA_N200_th2_bL2_sL0,7
2012-12-27,2015-12-28,0.24699804506809575,1.079982168924273,0.2112295192012932,0.15480927321584348,1.1866434787749554,0.11941491863415796,0.09218877185225227,True,3,SMA_N200_th2_bL2_sL0,7
2013-06-28,2016-06-28,0.11943331299266036,0.6091463285550113,0.25223750764248126,0.10419160805742389,0.7969574131035633,0.1301816569841239,0.015241704935236466,True,3,SMA_N200_th2_bL2_sL0,7
2013-12-27,2016-12-27,0.09802823115245607,0.5360299577595359,0.2522375076424814,0.09387608525612334,0.7386410173561695,0.13018165698412396,0.004152145896332726,True,3,SMA_N200_th2_bL2_sL0,7
2014-06-30,2017-06-28,0.1058171465497435,0.5834088055165499,0.2522375076424814,0.09782906274150527,0.7828528200101873,0.13018165698412393,0.007988083808238233,True,3,SMA_N200_th2_bL2_sL0,7
2014-12-29,2017-12-27,0.1274283048684346,0.7220694637886025,0.2522375076424813,0.10847476035404835,0.9005335108615838,0.1301816569841239,0.018953544514386245,True,3,SMA_N200_th2_bL2_sL0,7
2015-06-30,2018-06-28,0.140936031730575,0.7333782760934178,0.24994814532437412,0.11817573246846158,0.9218142722529249,0.13018165698412412,0.022760299262113426,True,3,SMA_N200_th2_bL2_sL0,7
2015-12-29,2018-12-28,0.11123950066802313,0.6394888361723601,0.2812610507001578,0.08239082339051196,0.7012674144852037,0.19338759224206176,0.02884867727751117,True,3,SMA_N200_th2_bL2_sL0,7
2016-06-29,2019-07-01,0.17924065198333317,0.9479655176329254,0.3038839444441269,0.14913150443132817,1.2295284091741003,0.19338759224206173,0.030109147552005,True,3,SMA_N200_th2_bL2_sL0,7
2016-12-28,2019-12-30,0.17353946144295418,0.8162797616307953,0.303883944444127,0.14862900914070898,1.1235943535269455,0.1933875922420617,0.0249104523022452,True,3,SMA_N200_th2_bL2_sL0,7
2017-06-29,2020-06-30,-0.020606272463992936,0.045516936255648587,0.421299260232459,0.10651509131766357,0.5577499286276987,0.33699940470536144,-0.1271213637816565,False,3,SMA_N200_th2_bL2_sL0,7
2017-12-28,2020-12-29,0.03092209849182992,0.259533473634692,0.42129926023245895,0.13654747814625168,0.6784285010690688,0.3369994047053614,-0.10562537965442176,False,3,SMA_N200_th2_bL2_sL0,7
2018-06-29,2021-06-30,0.127204788349369,0.5623240106895318,0.42129926023245895,0.18587229711521447,0.8729105915443839,0.33699940470536144,-0.05866750876584548,False,3,SMA_N200_th2_bL2_sL0,7
2018-12-31,2021-12-29,0.28755877513902517,1.0051241881468942,0.42129926023245895,0.2624928689400243,1.1868577289334332,0.3369994047053614,0.025065906199000842,True,3,SMA_N200_th2_bL2_sL0,7
2019-07-02,2022-06-30,0.09835119961950944,0.4694435159832646,0.42129926023245895,0.10170515025821913,0.5318956289698472,0.3369994047053614,-0.0033539506387096907,False,3,SMA_N200_th2_bL2_sL0,7
2019-12-31,2022-12-29,0.041295961860563724,0.2927711662907191,0.421299260232459,0.07742304938000899,0.4271353587929381,0.3369994047053614,-0.03612708751944527,False,3,SMA_N200_th2_bL2_sL0,7
2020-07-01,2023-07-03,0.25715372812590376,1.0551115207603394,0.3564875065186506,0.14378350414623386,0.8408777680234975,0.24497192419560299,0.11337022397966989,True,3,SMA_N200_th2_bL2_sL0,7
2020-12-30,2024-01-02,0.11686023771798038,0.5992387444938974,0.3564875065186506,0.09949682496571421,0.6300791413140667,0.24497192419560299,0.01736341275226616,True,3,SMA_N200_th2_bL2_sL0,7
2021-07-01,2024-07-03,0.1138066517720524,0.6154652763644052,0.3564875065186506,0.10245843112717434,0.6619306510055024,0.24497192419560296,0.01134822064487806,True,3,SMA_N200_th2_bL2_sL0,7
2021-12-30,2025-01-02,0.07234759129695911,0.4134818171265998,0.3564875065186506,0.08677336857472029,0.5582726327358701,0.24497192419560296,-0.014425777277761176,False,3,SMA_N200_th2_bL2_sL0,7
2022-07-01,2025-07-08,0.2027563725817645,0.9459221903767865,0.2092183483139635,0.19331224516654322,1.1182296747600589,0.18755388287414093,0.00944412741522127,True,3,SMA_N200_th2_bL2_sL0,7
2022-12-30,2026-01-06,0.2838639805653749,1.170111124247882,0.2092183483139635,0.2349833795995595,1.4485395534969876,0.1875538828741409,0.04888060096581537,True,3,SMA_N200_th2_bL2_sL0,7
2009-06-26,2014-06-27,0.16613596635754768,0.8185461875174298,0.25233540117766595,0.1874842300953372,1.1357017974165047,0.18609403934920818,-0.02134826373778953,False,5,SMA_N200_th2_bL2_sL0,7
2009-12-24,2014-12-26,0.1975776190222298,0.9015467529838342,0.25233540117766595,0.15462027959582092,0.9916501320173801,0.18609403934920826,0.04295733942640889,True,5,SMA_N200_th2_bL2_sL0,7
2010-06-28,2015-06-29,0.24770984601567436,1.0861400657029419,0.2271319964118554,0.16182205923404358,1.0660807083897479,0.18609403934920812,0.08588778678163078,True,5,SMA_N200_th2_bL2_sL0,7
2010-12-27,2015-12-28,0.17248805340601292,0.8021730126328874,0.22713199641185552,0.12604680189485995,0.8518306243107862,0.18609403934920812,0.04644125151115297,True,5,SMA_N200_th2_bL2_sL0,7
2011-06-27,2016-06-28,0.14726377881450747,0.730998214592873,0.2522375076424814,0.12001744596020347,0.8138175783695463,0.1836927506351847,0.027246332854304,True,5,SMA_N200_th2_bL2_sL0,7
2011-12-23,2016-12-27,0.23223985176419348,1.0354769277854432,0.2522375076424814,0.14706815982265087,1.1483898466367322,0.13018165698412398,0.08517169194154262,True,5,SMA_N200_th2_bL2_sL0,7
2012-06-26,2017-06-28,0.2520715936708242,1.1594241177079452,0.2522375076424813,0.15393017594300362,1.2310177283345358,0.13018165698412398,0.09814141772782059,True,5,SMA_N200_th2_bL2_sL0,7
2012-12-27,2017-12-27,0.26205783950623607,1.2340980245509408,0.25223750764248143,0.15875296914039883,1.296051569902984,0.13018165698412404,0.10330487036583724,True,5,SMA_N200_th2_bL2_sL0,7
2013-06-28,2018-06-28,0.2030065063662665,0.9554257454694722,0.25223750764248126,0.13283126606049356,1.065159336615451,0.1301816569841239,0.07017524030577293,True,5,SMA_N200_th2_bL2_sL0,7
2013-12-27,2018-12-28,0.0966444693598334,0.5316605935277988,0.28126105070015767,0.08285122710564341,0.6696998235923756,0.19338759224206176,0.013793242254189986,True,5,SMA_N200_th2_bL2_sL0,7
2014-06-30,2019-07-01,0.09467181277131709,0.5250368697047827,0.30388394444412703,0.10790346001217888,0.8322775556330115,0.19338759224206184,-0.013231647240861788,False,5,SMA_N200_th2_bL2_sL0,7
2014-12-29,2019-12-30,0.10019438225605981,0.5493490095143145,0.303883944444127,0.11179848558783756,0.8583035390815078,0.19338759224206184,-0.011604103331777749,False,5,SMA_N200_th2_bL2_sL0,7
2015-06-30,2020-06-30,0.02194407983874158,0.2168103067730257,0.421299260232459,0.10613430323723305,0.6281405442270795,0.33699940470536144,-0.08419022339849147,False,5,SMA_N200_th2_bL2_sL0,7
2015-12-29,2020-12-29,0.12218914822068805,0.5964302794956348,0.421299260232459,0.14576444055863802,0.8272650197027058,0.33699940470536144,-0.02357529233794997,False,5,SMA_N200_th2_bL2_sL0,7
2016-06-29,2021-06-30,0.20042369906391388,0.8561466179581126,0.42129926023245895,0.17871501772607035,0.9927495905590052,0.3369994047053615,0.02170868133784354,True,5,SMA_N200_th2_bL2_sL0,7
2016-12-28,2021-12-29,0.21039936940856596,0.8381369765353169,0.4212992602324589,0.18409069501103126,0.9823722035860941,0.3369994047053615,0.026308674397534704,True,5,SMA_N200_th2_bL2_sL0,7
2017-06-29,2022-06-30,0.09503278414387917,0.4572960627592226,0.421299260232459,0.11279020867223455,0.6189100231508629,0.33699940470536144,-0.01775742452835538,False,5,SMA_N200_th2_bL2_sL0,7
2017-12-28,2022-12-29,0.04914232352072667,0.31744790409030915,0.42129926023245895,0.09309654517671673,0.5234151250795963,0.3369994047053614,-0.043954221655990056,False,5,SMA_N200_th2_bL2_sL0,7
2018-06-29,2023-07-03,0.08526986520407998,0.4448555332479575,0.42129926023245895,0.12250097238437707,0.6489498134886903,0.33699940470536144,-0.037231107180297096,False,5,SMA_N200_th2_bL2_sL0,7
2018-12-31,2024-01-02,0.12611344452468343,0.581519898247335,0.42129926023245895,0.1549015701880534,0.8002777412598205,0.3369994047053614,-0.028788125663369968,False,5,SMA_N200_th2_bL2_sL0,7
2019-07-02,2024-07-03,0.16123487533666503,0.6982880922989391,0.42129926023245895,0.1504397934144135,0.7790232710847329,0.3369994047053614,0.010795081922251537,True,5,SMA_N200_th2_bL2_sL0,7
2019-12-31,2025-01-02,0.1443900731792409,0.6381551736454035,0.421299260232459,0.14423852701047402,0.7500138707875222,0.3369994047053614,0.00015154616876689175,True,5,SMA_N200_th2_bL2_sL0,7
2020-07-01,2025-07-08,0.23547207383141155,0.9955748507709368,0.3564875065186506,0.1651684268367719,0.9671260303471783,0.24497192419560299,0.07030364699463965,True,5,SMA_N200_th2_bL2_sL0,7
2020-12-30,2026-01-06,0.19612881060464393,0.889727213825811,0.3564875065186506,0.14798962687550477,0.8945167909240211,0.24497192419560299,0.04813918372913917,True,5,SMA_N200_th2_bL2_sL0,7
2009-06-26,2016-06-28,0.103752192472792,0.5592108721263674,0.25233540117766595,0.14324779962103285,0.9229857783330687,0.18609403934920818,-0.03949560714824085,False,7,SMA_N200_th2_bL2_sL0,7
2009-12-24,2016-12-27,0.13992915389642135,0.693584251826317,0.25233540117766595,0.1279355405481737,0.861694372123826,0.18609403934920826,0.011993613348247667,True,7,SMA_N200_th2_bL2_sL0,7
2010-06-28,2017-06-28,0.20362724718185365,0.9586593148809472,0.2522375076424812,0.14723429367953234,1.009233700054355,0.18609403934920812,0.05639295350232132,True,7,SMA_N200_th2_bL2_sL0,7
2010-12-27,2017-12-27,0.20359615755042304,0.9685742269010101,0.25223750764248126,0.1369600618415734,0.9813239561983147,0.18609403934920812,0.06663609570884965,True,7,SMA_N200_th2_bL2_sL0,7
2011-06-27,2018-06-28,0.19934702684361594,0.9376961408972203,0.2522375076424814,0.13605560430959884,0.9673463390315307,0.1836927506351847,0.0632914225340171,True,7,SMA_N200_th2_bL2_sL0,7
2011-12-23,2018-12-28,0.19120627301765536,0.8933577725054288,0.2812610507001578,0.12344669757899962,0.9799896628447098,0.19338759224206176,0.06775957543865574,True,7,SMA_N200_th2_bL2_sL0,7
2012-06-26,2019-07-01,0.19968054955023096,0.9468436718490939,0.3038839444441271,0.14505107822562713,1.1267121957989252,0.1933875922420618,0.05462947132460383,True,7,SMA_N200_th2_bL2_sL0,7
2012-12-27,2019-12-30,0.20085463824632255,0.9430012522609715,0.30388394444412703,0.1466001403616386,1.1285824056338578,0.19338759224206184,0.05425449788468395,True,7,SMA_N200_th2_bL2_sL0,7
2013-06-28,2020-06-30,0.09529575065483997,0.4972400224567467,0.421299260232459,0.11992927101481166,0.743910899929552,0.33699940470536144,-0.024633520359971683,False,7,SMA_N200_th2_bL2_sL0,7
2013-12-27,2020-12-29,0.10853222497176396,0.5399755890351734,0.42129926023245895,0.12762026872172538,0.7744715730266725,0.33699940470536144,-0.019088043749961425,False,7,SMA_N200_th2_bL2_sL0,7
2014-06-30,2021-06-30,0.1325169764415426,0.6196558831773334,0.4212992602324589,0.14004350065035354,0.8314402252233055,0.3369994047053614,-0.007526524208810947,False,7,SMA_N200_th2_bL2_sL0,7
2014-12-29,2021-12-29,0.14570664558084756,0.6655845761458131,0.421299260232459,0.14683892208088012,0.865210199955837,0.33699940470536144,-0.0011322765000325585,False,7,SMA_N200_th2_bL2_sL0,7
2015-06-30,2022-06-30,0.09335320479841491,0.48149414255708717,0.421299260232459,0.11071963373746829,0.6588112686857001,0.33699940470536144,-0.01736642893905338,False,7,SMA_N200_th2_bL2_sL0,7
2015-12-29,2022-12-29,0.1090925033228971,0.5560874829206696,0.421299260232459,0.11173969347378221,0.6601008530237202,0.33699940470536144,-0.0026471901508851037,False,7,SMA_N200_th2_bL2_sL0,7
2016-06-29,2023-07-03,0.14752712548977076,0.6944347470292945,0.42129926023245895,0.13534463421269205,0.7779373167617571,0.3369994047053615,0.01218249127707871,True,7,SMA_N200_th2_bL2_sL0,7
2016-12-28,2024-01-02,0.1195665591878825,0.5654898588030381,0.4212992602324589,0.13166990649070898,0.7394472496585377,0.3369994047053615,-0.012103347302826473,False,7,SMA_N200_th2_bL2_sL0,7
2017-06-29,2024-07-03,0.1404322146139576,0.6325231126309325,0.421299260232459,0.14444465213272584,0.7943353571603482,0.33699940470536144,-0.00401243751876823,False,7,SMA_N200_th2_bL2_sL0,7
2017-12-28,2025-01-02,0.1199055150269166,0.5629447238164785,0.42129926023245895,0.13638554149329862,0.7568211715743866,0.3369994047053614,-0.016480026466382025,False,7,SMA_N200_th2_bL2_sL0,7
2018-06-29,2025-07-08,0.11788107557146854,0.5640597734435732,0.42129926023245895,0.14357245769291516,0.7691136416044998,0.33699940470536144,-0.025691382121446615,False,7,SMA_N200_th2_bL2_sL0,7
2018-12-31,2026-01-06,0.17984167884462976,0.7722220772050933,0.42129926023245895,0.17442895666513802,0.9192006107713039,0.3369994047053614,0.005412722179491736,True,7,SMA_N200_th2_bL2_sL0,7
2009-06-26,2019-07-01,0.1296866774933303,0.6715560367765928,0.303883944444127,0.1468828164072553,0.994011455782532,0.19338759224206176,-0.01719613891392502,False,10,SMA_N200_th2_bL2_sL0,7
2009-12-24,2019-12-30,0.14799941176002251,0.7295566362212893,0.303883944444127,0.13310308901921242,0.9272834089499606,0.19338759224206184,0.014896322740810097,True,10,SMA_N200_th2_bL2_sL0,7
2010-06-28,2020-06-30,0.12954763088546417,0.6346019747335689,0.421299260232459,0.13381143506763826,0.816339705310364,0.3369994047053615,-0.004263804182174091,False,10,SMA_N200_th2_bL2_sL0,7
2010-12-27,2020-12-29,0.1493519547480231,0.6934363039145667,0.421299260232459,0.13701222258584833,0.8337979865946171,0.33699940470536144,0.012339732162174766,True,10,SMA_N200_th2_bL2_sL0,7
2011-06-27,2021-06-30,0.17750701708742977,0.7959831711996052,0.421299260232459,0.1508704048885765,0.9075971360184851,0.33699940470536144,0.02663661219885327,True,10,SMA_N200_th2_bL2_sL0,7
2011-12-23,2021-12-29,0.21921822678168423,0.9254376863935206,0.42129926023245895,0.16439449866200562,1.0309905644674207,0.3369994047053614,0.054823728119678616,True,10,SMA_N200_th2_bL2_sL0,7
2012-06-26,2022-06-30,0.16890968539170115,0.759416264264181,0.42129926023245906,0.13211703089069649,0.8254023137814531,0.3369994047053614,0.03679265450100466,True,10,SMA_N200_th2_bL2_sL0,7
2012-12-27,2022-12-29,0.151051151492255,0.703955452821195,0.42129926023245895,0.12562469829742895,0.7670289583913944,0.33699940470536144,0.02542645319482606,True,10,SMA_N200_th2_bL2_sL0,7
2013-06-28,2023-07-03,0.14289143740173849,0.6699812847317111,0.421299260232459,0.12776280945014507,0.7739468957032904,0.33699940470536144,0.01512862795159342,True,10,SMA_N200_th2_bL2_sL0,7
2013-12-27,2024-01-02,0.11123473149200436,0.5563734045156323,0.42129926023245895,0.11922265235064877,0.7310198493740576,0.33699940470536144,-0.007987920858644415,False,10,SMA_N200_th2_bL2_sL0,7
2014-06-30,2024-07-03,0.12801458051738557,0.6173238423410736,0.4212992602324589,0.1292107289046538,0.7813179199416441,0.3369994047053614,-0.0011961483872682255,False,10,SMA_N200_th2_bL2_sL0,7
2014-12-29,2025-01-02,0.12252314859543634,0.5950603692679999,0.421299260232459,0.12812179206090124,0.7738656130834332,0.33699940470536144,-0.005598643465464903,False,10,SMA_N200_th2_bL2_sL0,7
2015-06-30,2025-07-08,0.12501610866584145,0.6059184678441054,0.421299260232459,0.1360035423647974,0.79008208159337,0.33699940470536144,-0.01098743369895594,False,10,SMA_N200_th2_bL2_sL0,7
2015-12-29,2026-01-06,0.15877103706812945,0.7348894313761232,0.421299260232459,0.14697768943228318,0.8581693213836324,0.33699940470536144,0.011793347635846274,True,10,SMA_N200_th2_bL2_sL0,7
2009-06-26,2012-06-25,0.020300539866684675,0.20761073841908373,0.36271438919518917,0.14945549422780413,0.8305938172466265,0.18609403934920818,-0.12915495436111946,False,3,EMA_N100_th5_bL2_sL0,8
2009-12-24,2012-12-26,0.06633059995957313,0.38566903126790386,0.3627143891951891,0.1028776274728247,0.6346074715938919,0.18609403934920826,-0.03654702751325156,False,3,EMA_N100_th5_bL2_sL0,8
2010-06-28,2013-06-27,0.20425450800164713,0.8477884706951689,0.3627143891951892,0.16869601747869378,0.9844529526755283,0.18609403934920812,0.035558490522953345,True,3,EMA_N100_th5_bL2_sL0,8
2010-12-27,2013-12-26,0.24993066892779225,0.9806423371446339,0.36271438919518917,0.15946732100934313,0.9821906044773536,0.18609403934920812,0.09046334791844912,True,3,EMA_N100_th5_bL2_sL0,8
2011-06-27,2014-06-27,0.28930648681497084,1.1350134075184144,0.35569883779126427,0.17697402094278591,1.1030082165577275,0.1836927506351847,0.11233246587218493,True,3,EMA_N100_th5_bL2_sL0,8
2011-12-23,2014-12-26,0.4181641092676882,1.6330337810991884,0.18814389461434688,0.20614476853452834,1.6833068658067296,0.09686971235172698,0.21201934073315987,True,3,EMA_N100_th5_bL2_sL0,8
2012-06-26,2015-06-29,0.3649566001103606,1.483921086821417,0.14488787786824742,0.18308889166388775,1.530082697823417,0.07345078071669656,0.18186770844647282,True,3,EMA_N100_th5_bL2_sL0,8
2012-12-27,2015-12-28,0.26013724722506026,1.1719556068590957,0.1433493038936166,0.15480927321584348,1.1866434787749554,0.11941491863415796,0.10532797400921678,True,3,EMA_N100_th5_bL2_sL0,8
2013-06-28,2016-06-28,0.15792227259467517,0.8433941692548099,0.14334930389361672,0.10419160805742389,0.7969574131035633,0.1301816569841239,0.05373066453725128,True,3,EMA_N100_th5_bL2_sL0,8
2013-12-27,2016-12-27,0.08978724320903386,0.5508955134560579,0.20087552260017444,0.09387608525612334,0.7386410173561695,0.13018165698412396,-0.00408884204708948,False,3,EMA_N100_th5_bL2_sL0,8
2014-06-30,2017-06-28,0.09751770076702337,0.6132715011271963,0.20087552260017452,0.09782906274150527,0.7828528200101873,0.13018165698412393,-0.00031136197448189407,False,3,EMA_N100_th5_bL2_sL0,8
2014-12-29,2017-12-27,0.11896666171219095,0.8013032455452275,0.20087552260017455,0.10847476035404835,0.9005335108615838,0.1301816569841239,0.010491901358142597,True,3,EMA_N100_th5_bL2_sL0,8
2015-06-30,2018-06-28,0.13237300956507037,0.7880540080769043,0.19842890955828713,0.11817573246846158,0.9218142722529249,0.13018165698412412,0.014197277096608785,True,3,EMA_N100_th5_bL2_sL0,8
2015-12-29,2018-12-28,0.1472099121596684,0.8303719195171598,0.19764099184545925,0.08239082339051196,0.7012674144852037,0.19338759224206176,0.06481908876915643,True,3,EMA_N100_th5_bL2_sL0,8
2016-06-29,2019-07-01,0.17389015354725035,0.9026637316770251,0.2490061166907437,0.14913150443132817,1.2295284091741003,0.19338759224206173,0.024758649115922182,True,3,EMA_N100_th5_bL2_sL0,8
2016-12-28,2019-12-30,0.20364152900154853,0.9528829095084864,0.24900611669074374,0.14862900914070898,1.1235943535269455,0.1933875922420617,0.05501251986083955,True,3,EMA_N100_th5_bL2_sL0,8
2017-06-29,2020-06-30,0.08949722927293413,0.4528720834852836,0.261888252359674,0.10651509131766357,0.5577499286276987,0.33699940470536144,-0.017017862044729437,False,3,EMA_N100_th5_bL2_sL0,8
2017-12-28,2020-12-29,0.14681842278982105,0.6437942977798358,0.2618882523596739,0.13654747814625168,0.6784285010690688,0.3369994047053614,0.010270944643569369,True,3,EMA_N100_th5_bL2_sL0,8
2018-06-29,2021-06-30,0.25392521843026805,0.9970921064792105,0.261888252359674,0.18587229711521447,0.8729105915443839,0.33699940470536144,0.06805292131505358,True,3,EMA_N100_th5_bL2_sL0,8
2018-12-31,2021-12-29,0.3719692232184526,1.3066150761329887,0.26188825235967395,0.2624928689400243,1.1868577289334332,0.3369994047053614,0.10947635427842828,True,3,EMA_N100_th5_bL2_sL0,8
2019-07-02,2022-06-30,0.22826021350610026,0.8926233827886242,0.26188825235967395,0.10170515025821913,0.5318956289698472,0.3369994047053614,0.12655506324788113,True,3,EMA_N100_th5_bL2_sL0,8
2019-12-31,2022-12-29,0.06725866012374393,0.38310614071879967,0.404723902332592,0.07742304938000899,0.4271353587929381,0.3369994047053614,-0.01016438925626506,False,3,EMA_N100_th5_bL2_sL0,8
2020-07-01,2023-07-03,0.15787252852256128,0.714741507382194,0.4970603831765777,0.14378350414623386,0.8408777680234975,0.24497192419560299,0.01408902437632742,True,3,EMA_N100_th5_bL2_sL0,8
2020-12-30,2024-01-02,0.06255752979769702,0.3771466916311957,0.49706038317657764,0.09949682496571421,0.6300791413140667,0.24497192419560299,-0.036939295168017194,False,3,EMA_N100_th5_bL2_sL0,8
2021-07-01,2024-07-03,0.05965241183382375,0.3828705714883108,0.4970603831765777,0.10245843112717434,0.6619306510055024,0.24497192419560296,-0.042806019293350595,False,3,EMA_N100_th5_bL2_sL0,8
2021-12-30,2025-01-02,0.020209126632660945,0.1955500385941224,0.49706038317657775,0.08677336857472029,0.5582726327358701,0.24497192419560296,-0.06656424194205934,False,3,EMA_N100_th5_bL2_sL0,8
2022-07-01,2025-07-08,0.08694942078932288,0.473670638769283,0.35068183092817484,0.19331224516654322,1.1182296747600589,0.18755388287414093,-0.10636282437722033,False,3,EMA_N100_th5_bL2_sL0,8
2022-12-30,2026-01-06,0.2659143872096219,1.1244701297063275,0.2068406548871521,0.2349833795995595,1.4485395534969876,0.1875538828741409,0.0309310076100624,True,3,EMA_N100_th5_bL2_sL0,8
2009-06-26,2014-06-27,0.1956678281057489,0.8523182221835653,0.36271438919518917,0.1874842300953372,1.1357017974165047,0.18609403934920818,0.008183598010411686,True,5,EMA_N100_th5_bL2_sL0,8
2009-12-24,2014-12-26,0.2199386505329337,0.918203116053898,0.3627143891951891,0.15462027959582092,0.9916501320173801,0.18609403934920826,0.06531837093711279,True,5,EMA_N100_th5_bL2_sL0,8
2010-06-28,2015-06-29,0.23956292331271434,1.0004231438259445,0.3627143891951892,0.16182205923404358,1.0660807083897479,0.18609403934920812,0.07774086407867076,True,5,EMA_N100_th5_bL2_sL0,8
2010-12-27,2015-12-28,0.1793378144735729,0.7975702074609775,0.36271438919518917,0.12604680189485995,0.8518306243107862,0.18609403934920812,0.05329101257871294,True,5,EMA_N100_th5_bL2_sL0,8
2011-06-27,2016-06-28,0.17021948397396547,0.8073200310033599,0.35569883779126427,0.12001744596020347,0.8138175783695463,0.1836927506351847,0.050202038013761996,True,5,EMA_N100_th5_bL2_sL0,8
2011-12-23,2016-12-27,0.23131469160752105,1.1116135366995847,0.20087552260017447,0.14706815982265087,1.1483898466367322,0.13018165698412398,0.08424653178487018,True,5,EMA_N100_th5_bL2_sL0,8
2012-06-26,2017-06-28,0.24642780977526413,1.2254495306175575,0.20087552260017458,0.15393017594300362,1.2310177283345358,0.13018165698412398,0.0924976338322605,True,5,EMA_N100_th5_bL2_sL0,8
2012-12-27,2017-12-27,0.2563690420398004,1.318031601988531,0.20087552260017455,0.15875296914039883,1.296051569902984,0.13018165698412404,0.09761607289940155,True,5,EMA_N100_th5_bL2_sL0,8
2013-06-28,2018-06-28,0.1975838861413488,1.0020768413851695,0.2008755226001745,0.13283126606049356,1.065159336615451,0.1301816569841239,0.06475262008085525,True,5,EMA_N100_th5_bL2_sL0,8
2013-12-27,2018-12-28,0.12024440946055037,0.6731058267106528,0.20087552260017444,0.08285122710564341,0.6696998235923756,0.19338759224206176,0.03739318235490696,True,5,EMA_N100_th5_bL2_sL0,8
2014-06-30,2019-07-01,0.10641508375933739,0.6164659552001506,0.24900611669074368,0.10790346001217888,0.8322775556330115,0.19338759224206184,-0.0014883762528414834,False,5,EMA_N100_th5_bL2_sL0,8
2014-12-29,2019-12-30,0.11199689751186193,0.6427496936229182,0.24900611669074363,0.11179848558783756,0.8583035390815078,0.19338759224206184,0.00019841192402436647,True,5,EMA_N100_th5_bL2_sL0,8
2015-06-30,2020-06-30,0.08445537755161081,0.5001115290361198,0.261888252359674,0.10613430323723305,0.6281405442270795,0.33699940470536144,-0.02167892568562224,False,5,EMA_N100_th5_bL2_sL0,8
2015-12-29,2020-12-29,0.18822975381472107,0.8759303099475236,0.26188825235967406,0.14576444055863802,0.8272650197027058,0.33699940470536144,0.04246531325608305,True,5,EMA_N100_th5_bL2_sL0,8
2016-06-29,2021-06-30,0.2568996371607135,1.0683330381023997,0.26188825235967406,0.17871501772607035,0.9927495905590052,0.3369994047053615,0.07818461943464317,True,5,EMA_N100_th5_bL2_sL0,8
2016-12-28,2021-12-29,0.29025418287046856,1.138152570530108,0.26188825235967395,0.18409069501103126,0.9823722035860941,0.3369994047053615,0.1061634878594373,True,5,EMA_N100_th5_bL2_sL0,8
2017-06-29,2022-06-30,0.18887823164013073,0.7961677229722306,0.261888252359674,0.11279020867223455,0.6189100231508629,0.33699940470536144,0.07608802296789619,True,5,EMA_N100_th5_bL2_sL0,8
2017-12-28,2022-12-29,0.08104680125556563,0.43425796743115636,0.40472390233259203,0.09309654517671673,0.5234151250795963,0.3369994047053614,-0.012049743921151101,False,5,EMA_N100_th5_bL2_sL0,8
2018-06-29,2023-07-03,0.10118198937529854,0.5126696619968145,0.4970603831765777,0.12250097238437707,0.6489498134886903,0.33699940470536144,-0.02131898300907853,False,5,EMA_N100_th5_bL2_sL0,8
2018-12-31,2024-01-02,0.1353736663190528,0.6275217325467404,0.49706038317657775,0.1549015701880534,0.8002777412598205,0.3369994047053614,-0.019527903869000607,False,5,EMA_N100_th5_bL2_sL0,8
2019-07-02,2024-07-03,0.18328544934479685,0.7883568129209062,0.49706038317657764,0.1504397934144135,0.7790232710847329,0.3369994047053614,0.032845655930383355,True,5,EMA_N100_th5_bL2_sL0,8
2019-12-31,2025-01-02,0.1661207829079634,0.7241801014697303,0.49706038317657775,0.14423852701047402,0.7500138707875222,0.3369994047053614,0.021882255897489378,True,5,EMA_N100_th5_bL2_sL0,8
2020-07-01,2025-07-08,0.1842123074850044,0.8150671516962835,0.4970603831765777,0.1651684268367719,0.9671260303471783,0.24497192419560299,0.01904388064823248,True,5,EMA_N100_th5_bL2_sL0,8
2020-12-30,2026-01-06,0.1465013972049567,0.700257264205767,0.49706038317657764,0.14798962687550477,0.8945167909240211,0.24497192419560299,-0.001488229670548069,False,5,EMA_N100_th5_bL2_sL0,8
2009-06-26,2016-06-28,0.14002691536914824,0.6854858681979601,0.36271438919518917,0.14324779962103285,0.9229857783330687,0.18609403934920818,-0.0032208842518846037,False,7,EMA_N100_th5_bL2_sL0,8
2009-12-24,2016-12-27,0.15136818607138647,0.7293095438485054,0.3627143891951891,0.1279355405481737,0.861694372123826,0.18609403934920826,0.02343264552321278,True,7,EMA_N100_th5_bL2_sL0,8
2010-06-28,2017-06-28,0.19415080951584573,0.9202812314278465,0.3627143891951892,0.14723429367953234,1.009233700054355,0.18609403934920812,0.0469165158363134,True,7,EMA_N100_th5_bL2_sL0,8
2010-12-27,2017-12-27,0.1993248516447481,0.9451802821308166,0.36271438919518917,0.1369600618415734,0.9813239561983147,0.18609403934920812,0.062364789803174725,True,7,EMA_N100_th5_bL2_sL0,8
2011-06-27,2018-06-28,0.19509080019601943,0.915610438815961,0.35569883779126427,0.13605560430959884,0.9673463390315307,0.1836927506351847,0.05903519588642059,True,7,EMA_N100_th5_bL2_sL0,8
2011-12-23,2018-12-28,0.2127146377065543,1.0331426532172296,0.20087552260017447,0.12344669757899962,0.9799896628447098,0.19338759224206176,0.08926794012755468,True,7,EMA_N100_th5_bL2_sL0,8
2012-06-26,2019-07-01,0.20885712787895439,1.0404777877839477,0.24900611669074382,0.14505107822562713,1.1267121957989252,0.1933875922420618,0.06380604965332726,True,7,EMA_N100_th5_bL2_sL0,8
2012-12-27,2019-12-30,0.21004019739655555,1.0359811178240863,0.24900611669074374,0.1466001403616386,1.1285824056338578,0.19338759224206184,0.06344005703491695,True,7,EMA_N100_th5_bL2_sL0,8
2013-06-28,2020-06-30,0.14273298386460942,0.7319726412437327,0.26188825235967395,0.11992927101481166,0.743910899929552,0.33699940470536144,0.022803712849797764,True,7,EMA_N100_th5_bL2_sL0,8
2013-12-27,2020-12-29,0.15654272957300153,0.7646886168826861,0.261888252359674,0.12762026872172538,0.7744715730266725,0.33699940470536144,0.028922460851276144,True,7,EMA_N100_th5_bL2_sL0,8
2014-06-30,2021-06-30,0.18156626006503984,0.8481076559455205,0.2618882523596739,0.14004350065035354,0.8314402252233055,0.3369994047053614,0.041522759414686305,True,7,EMA_N100_th5_bL2_sL0,8
2014-12-29,2021-12-29,0.19532717346467043,0.8980585822812033,0.261888252359674,0.14683892208088012,0.865210199955837,0.33699940470536144,0.048488251383790315,True,7,EMA_N100_th5_bL2_sL0,8
2015-06-30,2022-06-30,0.15574197142578416,0.7557657818069874,0.261888252359674,0.11071963373746829,0.6588112686857001,0.33699940470536144,0.04502233768831587,True,7,EMA_N100_th5_bL2_sL0,8
2015-12-29,2022-12-29,0.12766185679969166,0.6388610654034421,0.4047239023325919,0.11173969347378221,0.6601008530237202,0.33699940470536144,0.015922163325909455,True,7,EMA_N100_th5_bL2_sL0,8
2016-06-29,2023-07-03,0.14477705772356275,0.6858912186538192,0.4970603831765777,0.13534463421269205,0.7779373167617571,0.3369994047053615,0.009432423510870702,True,7,EMA_N100_th5_bL2_sL0,8
2016-12-28,2024-01-02,0.14708185389216188,0.6781359214921061,0.4970603831765777,0.13166990649070898,0.7394472496585377,0.3369994047053615,0.015411947401452908,True,7,EMA_N100_th5_bL2_sL0,8
2017-06-29,2024-07-03,0.16846031907799164,0.7458054470115137,0.4970603831765777,0.14444465213272584,0.7943353571603482,0.33699940470536144,0.0240156669452658,True,7,EMA_N100_th5_bL2_sL0,8
2017-12-28,2025-01-02,0.14742914016025876,0.6686836366063577,0.4970603831765777,0.13638554149329862,0.7568211715743866,0.3369994047053614,0.011043598666960142,True,7,EMA_N100_th5_bL2_sL0,8
2018-06-29,2025-07-08,0.135188078044022,0.6399717244815872,0.4970603831765777,0.14357245769291516,0.7691136416044998,0.33699940470536144,-0.008384379648893159,False,7,EMA_N100_th5_bL2_sL0,8
2018-12-31,2026-01-06,0.17622759566852753,0.7798045633652042,0.49706038317657775,0.17442895666513802,0.9192006107713039,0.3369994047053614,0.0017986390033895017,True,7,EMA_N100_th5_bL2_sL0,8
2009-06-26,2019-07-01,0.150012827076065,0.7429806677220516,0.36271438919518917,0.1468828164072553,0.994011455782532,0.19338759224206176,0.0031300106688096907,True,10,EMA_N100_th5_bL2_sL0,8
2009-12-24,2019-12-30,0.1648590741770073,0.7916253486420398,0.3627143891951891,0.13310308901921242,0.9272834089499606,0.19338759224206184,0.031755985157794875,True,10,EMA_N100_th5_bL2_sL0,8
2010-06-28,2020-06-30,0.15976436549297168,0.768256821433223,0.3627143891951892,0.13381143506763826,0.816339705310364,0.3369994047053615,0.02595293042533342,True,10,EMA_N100_th5_bL2_sL0,8
2010-12-27,2020-12-29,0.1836961550350098,0.8346173757338069,0.36271438919518917,0.13701222258584833,0.8337979865946171,0.33699940470536144,0.04668393244916147,True,10,EMA_N100_th5_bL2_sL0,8
2011-06-27,2021-06-30,0.2126925289466315,0.9402326698552476,0.35569883779126427,0.1508704048885765,0.9075971360184851,0.33699940470536144,0.061822124058054984,True,10,EMA_N100_th5_bL2_sL0,8
2011-12-23,2021-12-29,0.2583058129328393,1.122011145494207,0.261888252359674,0.16439449866200562,1.0309905644674207,0.3369994047053614,0.09391131427083366,True,10,EMA_N100_th5_bL2_sL0,8
2012-06-26,2022-06-30,0.2152017015502241,0.9760027200389291,0.261888252359674,0.13211703089069649,0.8254023137814531,0.3369994047053614,0.08308467065952763,True,10,EMA_N100_th5_bL2_sL0,8
2012-12-27,2022-12-29,0.16577962033902205,0.7920681940345093,0.40472390233259203,0.12562469829742895,0.7670289583913944,0.33699940470536144,0.0401549220415931,True,10,EMA_N100_th5_bL2_sL0,8
2013-06-28,2023-07-03,0.14863957484870394,0.7229005214933937,0.49706038317657764,0.12776280945014507,0.7739468957032904,0.33699940470536144,0.020876765398558872,True,10,EMA_N100_th5_bL2_sL0,8
2013-12-27,2024-01-02,0.12772983034276786,0.6424701041693385,0.49706038317657764,0.11922265235064877,0.7310198493740576,0.33699940470536144,0.008507177992119086,True,10,EMA_N100_th5_bL2_sL0,8
2014-06-30,2024-07-03,0.14475875839756625,0.7075156277326837,0.4970603831765777,0.1292107289046538,0.7813179199416441,0.3369994047053614,0.015548029492912452,True,10,EMA_N100_th5_bL2_sL0,8
2014-12-29,2025-01-02,0.13918581200363556,0.682341703234667,0.49706038317657764,0.12812179206090124,0.7738656130834332,0.33699940470536144,0.011064019942734316,True,10,EMA_N100_th5_bL2_sL0,8
2015-06-30,2025-07-08,0.13461330431702145,0.6691009308592187,0.4970603831765777,0.1360035423647974,0.79008208159337,0.33699940470536144,-0.001390238047775938,False,10,EMA_N100_th5_bL2_sL0,8
2015-12-29,2026-01-06,0.16737893675222892,0.7862001211637006,0.4970603831765777,0.14697768943228318,0.8581693213836324,0.33699940470536144,0.020401247319945748,True,10,EMA_N100_th5_bL2_sL0,8
2009-06-26,2012-06-25,0.05861594370826673,0.3390243454669983,0.37645187114731743,0.14945549422780413,0.8305938172466265,0.18609403934920818,-0.0908395505195374,False,3,SMA_N100_th0_bL3_sL0,9
2009-12-24,2012-12-26,0.045997069311201066,0.3192189798112115,0.37645187114731743,0.1028776274728247,0.6346074715938919,0.18609403934920826,-0.05688055816162363,False,3,SMA_N100_th0_bL3_sL0,9
2010-06-28,2013-06-27,0.238164347989253,0.7968142302834068,0.3764518711473174,0.16869601747869378,0.9844529526755283,0.18609403934920812,0.06946833051055923,True,3,SMA_N100_th0_bL3_sL0,9
2010-12-27,2013-12-26,0.27716495151614806,0.8840051670656897,0.3764518711473175,0.15946732100934313,0.9821906044773536,0.18609403934920812,0.11769763050680493,True,3,SMA_N100_th0_bL3_sL0,9
2011-06-27,2014-06-27,0.2808770248604171,0.8988786112262294,0.3322840742610462,0.17697402094278591,1.1030082165577275,0.1836927506351847,0.10390300391763119,True,3,SMA_N100_th0_bL3_sL0,9
2011-12-23,2014-12-26,0.35296370428900103,1.1426326279900145,0.2752331639200046,0.20614476853452834,1.6833068658067296,0.09686971235172698,0.1468189357544727,True,3,SMA_N100_th0_bL3_sL0,9
2012-06-26,2015-06-29,0.24404748109197105,0.8386043154542229,0.27123508662374013,0.18308889166388775,1.530082697823417,0.07345078071669656,0.0609585894280833,True,3,SMA_N100_th0_bL3_sL0,9
2012-12-27,2015-12-28,0.15610889123191618,0.6117402880905319,0.40639769882503946,0.15480927321584348,1.1866434787749554,0.11941491863415796,0.0012996180160727011,True,3,SMA_N100_th0_bL3_sL0,9
2013-06-28,2016-06-28,0.0003955661331589422,0.13655558671862314,0.45336183400753155,0.10419160805742389,0.7969574131035633,0.1301816569841239,-0.10379604192426495,False,3,SMA_N100_th0_bL3_sL0,9
2013-12-27,2016-12-27,-0.03492383927928244,0.03421275189311054,0.45336183400753144,0.09387608525612334,0.7386410173561695,0.13018165698412396,-0.12879992453540579,False,3,SMA_N100_th0_bL3_sL0,9
2014-06-30,2017-06-28,0.003751362454026852,0.15585365239208318,0.45336183400753144,0.09782906274150527,0.7828528200101873,0.13018165698412393,-0.09407770028747842,False,3,SMA_N100_th0_bL3_sL0,9
2014-12-29,2017-12-27,0.10858370015027208,0.5197985992902998,0.398290977850579,0.10847476035404835,0.9005335108615838,0.1301816569841239,0.00010893979622372818,True,3,SMA_N100_th0_bL3_sL0,9
2015-06-30,2018-06-28,0.09032601837717014,0.450922217398017,0.35098938098496396,0.11817573246846158,0.9218142722529249,0.13018165698412412,-0.027849714091291444,False,3,SMA_N100_th0_bL3_sL0,9
2015-12-29,2018-12-28,0.18093203177497452,0.7917280313415161,0.35098938098496396,0.08239082339051196,0.7012674144852037,0.19338759224206176,0.09854120838446256,True,3,SMA_N100_th0_bL3_sL0,9
2016-06-29,2019-07-01,0.301700184949677,1.1902082269230534,0.3509893809849639,0.14913150443132817,1.2295284091741003,0.19338759224206173,0.15256868051834882,True,3,SMA_N100_th0_bL3_sL0,9
2016-12-28,2019-12-30,0.13463844357601218,0.5667601858586817,0.4770288150999725,0.14862900914070898,1.1235943535269455,0.1933875922420617,-0.0139905655646968,False,3,SMA_N100_th0_bL3_sL0,9
2017-06-29,2020-06-30,0.050492283272751015,0.29278796382156974,0.4770288150999725,0.10651509131766357,0.5577499286276987,0.33699940470536144,-0.05602280804491255,False,3,SMA_N100_th0_bL3_sL0,9
2017-12-28,2020-12-29,0.10344468931962547,0.4596285350641986,0.47702881509997247,0.13654747814625168,0.6784285010690688,0.3369994047053614,-0.033102788826626206,False,3,SMA_N100_th0_bL3_sL0,9
2018-06-29,2021-06-30,0.35823237104612105,1.0122102137827607,0.4166902638047763,0.18587229711521447,0.8729105915443839,0.33699940470536144,0.17236007393090658,True,3,SMA_N100_th0_bL3_sL0,9
2018-12-31,2021-12-29,0.4400170932223668,1.1259605284252485,0.41669026380477625,0.2624928689400243,1.1868577289334332,0.3369994047053614,0.1775242242823425,True,3,SMA_N100_th0_bL3_sL0,9
2019-07-02,2022-06-30,0.21085836129138102,0.6989407404532298,0.41669026380477625,0.10170515025821913,0.5318956289698472,0.3369994047053614,0.10915321103316189,True,3,SMA_N100_th0_bL3_sL0,9
2019-12-31,2022-12-29,0.16244622870374248,0.5876285020906677,0.4694586191315355,0.07742304938000899,0.4271353587929381,0.3369994047053614,0.08502317932373349,True,3,SMA_N100_th0_bL3_sL0,9
2020-07-01,2023-07-03,0.2697005993893473,0.8287259804728996,0.5022504285027247,0.14378350414623386,0.8408777680234975,0.24497192419560299,0.12591709524311345,True,3,SMA_N100_th0_bL3_sL0,9
2020-12-30,2024-01-02,0.12563310701938413,0.5193946567894798,0.5022504285027246,0.09949682496571421,0.6300791413140667,0.24497192419560299,0.026136282053669913,True,3,SMA_N100_th0_bL3_sL0,9
2021-07-01,2024-07-03,0.11750724663953038,0.5178139008509091,0.5022504285027246,0.10245843112717434,0.6619306510055024,0.24497192419560296,0.01504881551235604,True,3,SMA_N100_th0_bL3_sL0,9
2021-12-30,2025-01-02,0.05299273784021885,0.3152368642550818,0.5022504285027246,0.08677336857472029,0.5582726327358701,0.24497192419560296,-0.03378063073450144,False,3,SMA_N100_th0_bL3_sL0,9
2022-07-01,2025-07-08,0.20540855610659814,0.7108135985118257,0.3596838303916463,0.19331224516654322,1.1182296747600589,0.18755388287414093,0.012096310940054922,True,3,SMA_N100_th0_bL3_sL0,9
2022-12-30,2026-01-06,0.46527975259789534,1.3016297233265899,0.24637981501133713,0.2349833795995595,1.4485395534969876,0.1875538828741409,0.23029637299833583,True,3,SMA_N100_th0_bL3_sL0,9
2009-06-26,2014-06-27,0.22230564584717394,0.7799949784541915,0.37645187114731743,0.1874842300953372,1.1357017974165047,0.18609403934920818,0.034821415751836726,True,5,SMA_N100_th0_bL3_sL0,9
2009-12-24,2014-12-26,0.20653888761442873,0.7378018083515803,0.37645187114731743,0.15462027959582092,0.9916501320173801,0.18609403934920826,0.051918608018607815,True,5,SMA_N100_th0_bL3_sL0,9
2010-06-28,2015-06-29,0.21151093129560317,0.7453949979832563,0.3764518711473174,0.16182205923404358,1.0660807083897479,0.18609403934920812,0.049688872061559586,True,5,SMA_N100_th0_bL3_sL0,9
2010-12-27,2015-12-28,0.09423450201397365,0.4382740519523327,0.4063976988250394,0.12604680189485995,0.8518306243107862,0.18609403934920812,-0.0318122998808863,False,5,SMA_N100_th0_bL3_sL0,9
2011-06-27,2016-06-28,0.04670656999746292,0.3040912015013157,0.45336183400753144,0.12001744596020347,0.8138175783695463,0.1836927506351847,-0.07331087596274055,False,5,SMA_N100_th0_bL3_sL0,9
2011-12-23,2016-12-27,0.15281764978751067,0.629429911649056,0.4533618340075315,0.14706815982265087,1.1483898466367322,0.13018165698412398,0.0057494899648598,True,5,SMA_N100_th0_bL3_sL0,9
2012-06-26,2017-06-28,0.18354199100277535,0.7110418529215909,0.4533618340075315,0.15393017594300362,1.2310177283345358,0.13018165698412398,0.02961181505977173,True,5,SMA_N100_th0_bL3_sL0,9
2012-12-27,2017-12-27,0.25083516740512346,0.9116444173640386,0.4533618340075315,0.15875296914039883,1.296051569902984,0.13018165698412404,0.09208219826472464,True,5,SMA_N100_th0_bL3_sL0,9
2013-06-28,2018-06-28,0.12667244321206694,0.5411513340041201,0.45336183400753155,0.13283126606049356,1.065159336615451,0.1301816569841239,-0.006158822848426615,False,5,SMA_N100_th0_bL3_sL0,9
2013-12-27,2018-12-28,0.050642647543473585,0.3170293562844197,0.45336183400753144,0.08285122710564341,0.6696998235923756,0.19338759224206176,-0.032208579562169826,False,5,SMA_N100_th0_bL3_sL0,9
2014-06-30,2019-07-01,0.06807193430789726,0.3743676003355003,0.45336183400753144,0.10790346001217888,0.8322775556330115,0.19338759224206184,-0.03983152570428161,False,5,SMA_N100_th0_bL3_sL0,9
2014-12-29,2019-12-30,0.031616163950061615,0.25677511799936087,0.4770288150999725,0.11179848558783756,0.8583035390815078,0.19338759224206184,-0.08018232163777594,False,5,SMA_N100_th0_bL3_sL0,9
2015-06-30,2020-06-30,0.06393664257529807,0.3600481181274123,0.47702881509997247,0.10613430323723305,0.6281405442270795,0.33699940470536144,-0.04219766066193498,False,5,SMA_N100_th0_bL3_sL0,9
2015-12-29,2020-12-29,0.2099448181581094,0.7684066432747895,0.4770288150999725,0.14576444055863802,0.8272650197027058,0.33699940470536144,0.06418037759947137,True,5,SMA_N100_th0_bL3_sL0,9
2016-06-29,2021-06-30,0.3405280828277375,1.0713263855703692,0.47702881509997247,0.17871501772607035,0.9927495905590052,0.3369994047053615,0.16181306510166715,True,5,SMA_N100_th0_bL3_sL0,9
2016-12-28,2021-12-29,0.34208320155323735,1.0102746268023166,0.4770288150999725,0.18409069501103126,0.9823722035860941,0.3369994047053615,0.1579925065422061,True,5,SMA_N100_th0_bL3_sL0,9
2017-06-29,2022-06-30,0.20366329938984773,0.6946603285407508,0.4770288150999725,0.11279020867223455,0.6189100231508629,0.33699940470536144,0.09087309071761318,True,5,SMA_N100_th0_bL3_sL0,9
2017-12-28,2022-12-29,0.061963531021397955,0.3536987736054944,0.47702881509997247,0.09309654517671673,0.5234151250795963,0.3369994047053614,-0.031133014155318772,False,5,SMA_N100_th0_bL3_sL0,9
2018-06-29,2023-07-03,0.16921758015041055,0.6155866037301155,0.5022504285027246,0.12250097238437707,0.6489498134886903,0.33699940470536144,0.04671660776603348,True,5,SMA_N100_th0_bL3_sL0,9
2018-12-31,2024-01-02,0.1765777373107129,0.6284123919369414,0.5022504285027246,0.1549015701880534,0.8002777412598205,0.3369994047053614,0.021676167122659518,True,5,SMA_N100_th0_bL3_sL0,9
2019-07-02,2024-07-03,0.22506695359781403,0.7402242472551623,0.5022504285027247,0.1504397934144135,0.7790232710847329,0.3369994047053614,0.07462716018340054,True,5,SMA_N100_th0_bL3_sL0,9
2019-12-31,2025-01-02,0.2792235005070989,0.8452567258757745,0.5022504285027246,0.14423852701047402,0.7500138707875222,0.3369994047053614,0.13498497349662486,True,5,SMA_N100_th0_bL3_sL0,9
2020-07-01,2025-07-08,0.30238287986840073,0.9203499894950085,0.5022504285027247,0.1651684268367719,0.9671260303471783,0.24497192419560299,0.13721445303162882,True,5,SMA_N100_th0_bL3_sL0,9
2020-12-30,2026-01-06,0.25784516854008044,0.8423727485715501,0.5022504285027246,0.14798962687550477,0.8945167909240211,0.24497192419560299,0.10985554166457567,True,5,SMA_N100_th0_bL3_sL0,9
2009-06-26,2016-06-28,0.0724445981649906,0.37944186197492974,0.4533618340075315,0.14324779962103285,0.9229857783330687,0.18609403934920818,-0.07080320145604224,False,7,SMA_N100_th0_bL3_sL0,9
2009-12-24,2016-12-27,0.11201940870075644,0.49645782270431166,0.45336183400753155,0.1279355405481737,0.861694372123826,0.18609403934920826,-0.015916131847417248,False,7,SMA_N100_th0_bL3_sL0,9
2010-06-28,2017-06-28,0.17802509390642274,0.6796863865922915,0.4533618340075315,0.14723429367953234,1.009233700054355,0.18609403934920812,0.030790800226890402,True,7,SMA_N100_th0_bL3_sL0,9
2010-12-27,2017-12-27,0.17588134888963491,0.6797134014694557,0.4533618340075315,0.1369600618415734,0.9813239561983147,0.18609403934920812,0.038921287048061526,True,7,SMA_N100_th0_bL3_sL0,9
2011-06-27,2018-06-28,0.12479623438508658,0.5331140358407278,0.45336183400753144,0.13605560430959884,0.9673463390315307,0.1836927506351847,-0.011259369924512264,False,7,SMA_N100_th0_bL3_sL0,9
2011-12-23,2018-12-28,0.16422713444144832,0.6729153591347314,0.4533618340075315,0.12344669757899962,0.9799896628447098,0.19338759224206176,0.0407804368624487,True,7,SMA_N100_th0_bL3_sL0,9
2012-06-26,2019-07-01,0.1802937104710043,0.7105803031955968,0.4533618340075315,0.14505107822562713,1.1267121957989252,0.1933875922420618,0.03524263224537716,True,7,SMA_N100_th0_bL3_sL0,9
2012-12-27,2019-12-30,0.14787478489182404,0.6129674553043356,0.4770288150999724,0.1466001403616386,1.1285824056338578,0.19338759224206184,0.0012746445301854425,True,7,SMA_N100_th0_bL3_sL0,9
2013-06-28,2020-06-30,0.09680068157667066,0.449479367958273,0.47702881509997247,0.11992927101481166,0.743910899929552,0.33699940470536144,-0.023128589438141,False,7,SMA_N100_th0_bL3_sL0,9
2013-12-27,2020-12-29,0.10534097133519205,0.47439157645708013,0.4770288150999725,0.12762026872172538,0.7744715730266725,0.33699940470536144,-0.022279297386533337,False,7,SMA_N100_th0_bL3_sL0,9
2014-06-30,2021-06-30,0.15418659331857687,0.6017899368966333,0.47702881509997247,0.14004350065035354,0.8314402252233055,0.3369994047053614,0.014143092668223334,True,7,SMA_N100_th0_bL3_sL0,9
2014-12-29,2021-12-29,0.19511960031369546,0.7037179985560896,0.4770288150999725,0.14683892208088012,0.865210199955837,0.33699940470536144,0.048280678232815344,True,7,SMA_N100_th0_bL3_sL0,9
2015-06-30,2022-06-30,0.16828899594835578,0.6419861884646809,0.47702881509997247,0.11071963373746829,0.6588112686857001,0.33699940470536144,0.05756936221088749,True,7,SMA_N100_th0_bL3_sL0,9
2015-12-29,2022-12-29,0.14668073438654106,0.5925397043043842,0.4770288150999725,0.11173969347378221,0.6601008530237202,0.33699940470536144,0.03494104091275885,True,7,SMA_N100_th0_bL3_sL0,9
2016-06-29,2023-07-03,0.20901201851473838,0.7510214127985954,0.5022504285027246,0.13534463421269205,0.7779373167617571,0.3369994047053615,0.07366738430204633,True,7,SMA_N100_th0_bL3_sL0,9
2016-12-28,2024-01-02,0.18539110044015095,0.6616193254075459,0.5022504285027246,0.13166990649070898,0.7394472496585377,0.3369994047053615,0.05372119394944197,True,7,SMA_N100_th0_bL3_sL0,9
2017-06-29,2024-07-03,0.21580255885418342,0.7281898516746732,0.5022504285027246,0.14444465213272584,0.7943353571603482,0.33699940470536144,0.07135790672145759,True,7,SMA_N100_th0_bL3_sL0,9
2017-12-28,2025-01-02,0.16687061425846283,0.6127354004124521,0.5022504285027246,0.13638554149329862,0.7568211715743866,0.3369994047053614,0.03048507276516421,True,7,SMA_N100_th0_bL3_sL0,9
2018-06-29,2025-07-08,0.21902737194783373,0.73987286050741,0.5022504285027246,0.14357245769291516,0.7691136416044998,0.33699940470536144,0.07545491425491857,True,7,SMA_N100_th0_bL3_sL0,9
2018-12-31,2026-01-06,0.2576720916246493,0.8189157796792345,0.5022504285027246,0.17442895666513802,0.9192006107713039,0.3369994047053614,0.0832431349595113,True,7,SMA_N100_th0_bL3_sL0,9
2009-06-26,2019-07-01,0.1423498947450108,0.5894956290348935,0.4533618340075315,0.1468828164072553,0.994011455782532,0.19338759224206176,-0.0045329216622445045,False,10,SMA_N100_th0_bL3_sL0,9
2009-12-24,2019-12-30,0.11600871396183443,0.513997544025887,0.47702881509997247,0.13310308901921242,0.9272834089499606,0.19338759224206184,-0.017094375057377986,False,10,SMA_N100_th0_bL3_sL0,9
2010-06-28,2020-06-30,0.13527132762812655,0.5611203994636241,0.4770288150999724,0.13381143506763826,0.816339705310364,0.3369994047053615,0.001459892560488285,True,10,SMA_N100_th0_bL3_sL0,9
2010-12-27,2020-12-29,0.15414233616918493,0.6024074083960183,0.4770288150999725,0.13701222258584833,0.8337979865946171,0.33699940470536144,0.017130113583336604,True,10,SMA_N100_th0_bL3_sL0,9
2011-06-27,2021-06-30,0.19052939688340342,0.6926532899701752,0.4770288150999725,0.1508704048885765,0.9075971360184851,0.33699940470536144,0.03965899199482692,True,10,SMA_N100_th0_bL3_sL0,9
2011-12-23,2021-12-29,0.24075154001800092,0.8292587361609917,0.4770288150999725,0.16439449866200562,1.0309905644674207,0.3369994047053614,0.0763570413559953,True,10,SMA_N100_th0_bL3_sL0,9
2012-06-26,2022-06-30,0.19042458699157438,0.7003480475896319,0.47702881509997247,0.13211703089069649,0.8254023137814531,0.3369994047053614,0.0583075561008779,True,10,SMA_N100_th0_bL3_sL0,9
2012-12-27,2022-12-29,0.15300283968920225,0.5979632582585523,0.4770288150999724,0.12562469829742895,0.7670289583913944,0.33699940470536144,0.027378141391773303,True,10,SMA_N100_th0_bL3_sL0,9
2013-06-28,2023-07-03,0.14805312186533515,0.5790336435366659,0.5022504285027246,0.12776280945014507,0.7739468957032904,0.33699940470536144,0.02029031241519008,True,10,SMA_N100_th0_bL3_sL0,9
2013-12-27,2024-01-02,0.11178177333425321,0.48830983796815053,0.5022504285027246,0.11922265235064877,0.7310198493740576,0.33699940470536144,-0.007440879016395563,False,10,SMA_N100_th0_bL3_sL0,9
2014-06-30,2024-07-03,0.14490505298233236,0.5764218284011637,0.5022504285027246,0.1292107289046538,0.7813179199416441,0.3369994047053614,0.015694324077678568,True,10,SMA_N100_th0_bL3_sL0,9
2014-12-29,2025-01-02,0.14954513001719727,0.585691624492581,0.5022504285027246,0.12812179206090124,0.7738656130834332,0.33699940470536144,0.02142333795629603,True,10,SMA_N100_th0_bL3_sL0,9
2015-06-30,2025-07-08,0.17922014585393575,0.663281564566147,0.5022504285027246,0.1360035423647974,0.79008208159337,0.33699940470536144,0.04321660348913836,True,10,SMA_N100_th0_bL3_sL0,9
2015-12-29,2026-01-06,0.23404995080605562,0.8060521377772962,0.5022504285027247,0.14697768943228318,0.8581693213836324,0.33699940470536144,0.08707226137377244,True,10,SMA_N100_th0_bL3_sL0,9
2009-06-26,2012-06-25,-0.10332977416421607,-0.37347194119765176,0.385843571574546,0.14945549422780413,0.8305938172466265,0.18609403934920818,-0.2527852683920202,False,3,SMA_N200_th0_bL2_sL0,10
2009-12-24,2012-12-26,-0.06763577438907309,-0.1642419631378476,0.385843571574546,0.1028776274728247,0.6346074715938919,0.18609403934920826,-0.17051340186189778,False,3,SMA_N200_th0_bL2_sL0,10
2010-06-28,2013-06-27,0.14786311189336732,0.6986904186520017,0.32339259146095706,0.16869601747869378,0.9844529526755283,0.18609403934920812,-0.020832905585326467,False,3,SMA_N200_th0_bL2_sL0,10
2010-12-27,2013-12-26,0.19360626232367495,0.8692624241461497,0.323392591460957,0.15946732100934313,0.9821906044773536,0.18609403934920812,0.03413894131433182,True,3,SMA_N200_th0_bL2_sL0,10
2011-06-27,2014-06-27,0.2312077261349199,1.0418844515090153,0.31594416649355833,0.17697402094278591,1.1030082165577275,0.1836927506351847,0.054233705192133996,True,3,SMA_N200_th0_bL2_sL0,10
2011-12-23,2014-12-26,0.3802590153995762,1.5273765404619821,0.1881438946143464,0.20614476853452834,1.6833068658067296,0.09686971235172698,0.17411424686504784,True,3,SMA_N200_th0_bL2_sL0,10
2012-06-26,2015-06-29,0.3284736516878404,1.3753479897298821,0.14414622784126896,0.18308889166388775,1.530082697823417,0.07345078071669656,0.14538476002395262,True,3,SMA_N200_th0_bL2_sL0,10
2012-12-27,2015-12-28,0.23477512028834369,1.0614099790938378,0.1661281676699326,0.15480927321584348,1.1866434787749554,0.11941491863415796,0.0799658470725002,True,3,SMA_N200_th0_bL2_sL0,10
2013-06-28,2016-06-28,0.12020476406987757,0.6289871407379718,0.19746257517688087,0.10419160805742389,0.7969574131035633,0.1301816569841239,0.016013156012453678,True,3,SMA_N200_th0_bL2_sL0,10
2013-12-27,2016-12-27,0.09878493103971708,0.5529569602348138,0.19746257517688082,0.09387608525612334,0.7386410173561695,0.13018165698412396,0.0049088457835937405,True,3,SMA_N200_th0_bL2_sL0,10
2014-06-30,2017-06-28,0.10657921412358617,0.6046170695450698,0.19746257517688084,0.09782906274150527,0.7828528200101873,0.13018165698412393,0.008750151382080906,True,3,SMA_N200_th0_bL2_sL0,10
2014-12-29,2017-12-27,0.14085092160658985,0.8136357354829711,0.1974625751768808,0.10847476035404835,0.9005335108615838,0.1301816569841239,0.0323761612525415,True,3,SMA_N200_th0_bL2_sL0,10
2015-06-30,2018-06-28,0.15451946493917945,0.8130048984861137,0.19764099184545952,0.11817573246846158,0.9218142722529249,0.13018165698412412,0.03634373247071787,True,3,SMA_N200_th0_bL2_sL0,10
2015-12-29,2018-12-28,0.15600975295192643,0.8354494151578719,0.21611657323609484,0.08239082339051196,0.7012674144852037,0.19338759224206176,0.07361892956141447,True,3,SMA_N200_th0_bL2_sL0,10
2016-06-29,2019-07-01,0.20142624863193936,1.0428357342888297,0.23207008725497016,0.14913150443132817,1.2295284091741003,0.19338759224206173,0.0522947442006112,True,3,SMA_N200_th0_bL2_sL0,10
2016-12-28,2019-12-30,0.19561779897228582,0.9056578007010148,0.23207008725497016,0.14862900914070898,1.1235943535269455,0.1933875922420617,0.04698878983157684,True,3,SMA_N200_th0_bL2_sL0,10
2017-06-29,2020-06-30,0.049769412110738154,0.2988030972848879,0.32865784890819705,0.10651509131766357,0.5577499286276987,0.33699940470536144,-0.056745679206925415,False,3,SMA_N200_th0_bL2_sL0,10
2017-12-28,2020-12-29,0.10500042509813734,0.5009172235736244,0.328657848908197,0.13654747814625168,0.6784285010690688,0.3369994047053614,-0.03154705304811434,False,3,SMA_N200_th0_bL2_sL0,10
2018-06-29,2021-06-30,0.20820164018298049,0.8353548597586262,0.32865784890819694,0.18587229711521447,0.8729105915443839,0.33699940470536144,0.022329343067766017,True,3,SMA_N200_th0_bL2_sL0,10
2018-12-31,2021-12-29,0.3406855312080992,1.198184580034754,0.32865784890819694,0.2624928689400243,1.1868577289334332,0.3369994047053614,0.07819266226807486,True,3,SMA_N200_th0_bL2_sL0,10
2019-07-02,2022-06-30,0.1793564135449346,0.7345844199420603,0.328657848908197,0.10170515025821913,0.5318956289698472,0.3369994047053614,0.07765126328671546,True,3,SMA_N200_th0_bL2_sL0,10
2019-12-31,2022-12-29,0.09003950209459277,0.46571070817185645,0.32865784890819694,0.07742304938000899,0.4271353587929381,0.3369994047053614,0.012616452714583781,True,3,SMA_N200_th0_bL2_sL0,10
2020-07-01,2023-07-03,0.2223104436238006,0.9550047434603683,0.3896439463571084,0.14378350414623386,0.8408777680234975,0.24497192419560299,0.07852693947756673,True,3,SMA_N200_th0_bL2_sL0,10
2020-12-30,2024-01-02,0.11241694930374946,0.5884211201692746,0.3896439463571084,0.09949682496571421,0.6300791413140667,0.24497192419560299,0.012920124338035244,True,3,SMA_N200_th0_bL2_sL0,10
2021-07-01,2024-07-03,0.10937551166662285,0.6049937104064756,0.38964394635710836,0.10245843112717434,0.6619306510055024,0.24497192419560296,0.006917080539448506,True,3,SMA_N200_th0_bL2_sL0,10
2021-12-30,2025-01-02,0.0680813908651372,0.39916602384521876,0.3896439463571084,0.08677336857472029,0.5582726327358701,0.24497192419560296,-0.018691977709583085,False,3,SMA_N200_th0_bL2_sL0,10
2022-07-01,2025-07-08,0.17166905158708579,0.8215951662825727,0.2013678672205083,0.19331224516654322,1.1182296747600589,0.18755388287414093,-0.02164319357945743,False,3,SMA_N200_th0_bL2_sL0,10
2022-12-30,2026-01-06,0.28286837368561746,1.1644319968834573,0.20136786722050842,0.2349833795995595,1.4485395534969876,0.1875538828741409,0.04788499408605795,True,3,SMA_N200_th0_bL2_sL0,10
2009-06-26,2014-06-27,0.09601947816418255,0.5219538401383338,0.385843571574546,0.1874842300953372,1.1357017974165047,0.18609403934920818,-0.09146475193115466,False,5,SMA_N200_th0_bL2_sL0,10
2009-12-24,2014-12-26,0.11807214050543524,0.5917004199461426,0.385843571574546,0.15462027959582092,0.9916501320173801,0.18609403934920826,-0.03654813909038568,False,5,SMA_N200_th0_bL2_sL0,10
2010-06-28,2015-06-29,0.19639712027423428,0.8914781069469235,0.32339259146095706,0.16182205923404358,1.0660807083897479,0.18609403934920812,0.0345750610401907,True,5,SMA_N200_th0_bL2_sL0,10
2010-12-27,2015-12-28,0.13327289891299965,0.6601742426578201,0.323392591460957,0.12604680189485995,0.8518306243107862,0.18609403934920812,0.007226097018139699,True,5,SMA_N200_th0_bL2_sL0,10
2011-06-27,2016-06-28,0.11592282195233605,0.6155346403817044,0.31594416649355833,0.12001744596020347,0.8138175783695463,0.1836927506351847,-0.00409462400786742,False,5,SMA_N200_th0_bL2_sL0,10
2011-12-23,2016-12-27,0.22562507763060546,1.0441191311665423,0.19746257517688082,0.14706815982265087,1.1483898466367322,0.13018165698412398,0.0785569178079546,True,5,SMA_N200_th0_bL2_sL0,10
2012-06-26,2017-06-28,0.2406683616536347,1.143702032223492,0.19746257517688087,0.15393017594300362,1.2310177283345358,0.13018165698412398,0.08673818571063108,True,5,SMA_N200_th0_bL2_sL0,10
2012-12-27,2017-12-27,0.2625793352312513,1.2656415947638526,0.19746257517688076,0.15875296914039883,1.296051569902984,0.13018165698412404,0.1038263660908525,True,5,SMA_N200_th0_bL2_sL0,10
2013-06-28,2018-06-28,0.203503601452242,0.9764714156412347,0.1976409918454594,0.13283126606049356,1.065159336615451,0.1301816569841239,0.07067233539174844,True,5,SMA_N200_th0_bL2_sL0,10
2013-12-27,2018-12-28,0.11631643040320294,0.6237531251408455,0.21611657323609484,0.08285122710564341,0.6696998235923756,0.19338759224206176,0.03346520329755953,True,5,SMA_N200_th0_bL2_sL0,10
2014-06-30,2019-07-01,0.10743331931598821,0.5891638158385255,0.2320700872549701,0.10790346001217888,0.8322775556330115,0.19338759224206184,-0.00047014069619066845,False,5,SMA_N200_th0_bL2_sL0,10
2014-12-29,2019-12-30,0.12048488086078568,0.6443049544007237,0.23207008725497014,0.11179848558783756,0.8583035390815078,0.19338759224206184,0.008686395272948122,True,5,SMA_N200_th0_bL2_sL0,10
2015-06-30,2020-06-30,0.0729558701047337,0.4286532413928983,0.3286578489081971,0.10613430323723305,0.6281405442270795,0.33699940470536144,-0.03317843313249935,False,5,SMA_N200_th0_bL2_sL0,10
2015-12-29,2020-12-29,0.177289438143869,0.8139489553154868,0.32865784890819694,0.14576444055863802,0.8272650197027058,0.33699940470536144,0.031524997585230974,True,5,SMA_N200_th0_bL2_sL0,10
2016-06-29,2021-06-30,0.2514310998270275,1.0533560160702582,0.32865784890819694,0.17871501772607035,0.9927495905590052,0.3369994047053615,0.07271608210095715,True,5,SMA_N200_th0_bL2_sL0,10
2016-12-28,2021-12-29,0.2618306480204313,1.0294160599732736,0.328657848908197,0.18409069501103126,0.9823722035860941,0.3369994047053615,0.07773995300940006,True,5,SMA_N200_th0_bL2_sL0,10
2017-06-29,2022-06-30,0.1556167881548982,0.6738844877644707,0.32865784890819705,0.11279020867223455,0.6189100231508629,0.33699940470536144,0.04282657948266366,True,5,SMA_N200_th0_bL2_sL0,10
2017-12-28,2022-12-29,0.09044347730305757,0.4687596435928444,0.328657848908197,0.09309654517671673,0.5234151250795963,0.3369994047053614,-0.002653067873659154,False,5,SMA_N200_th0_bL2_sL0,10
2018-06-29,2023-07-03,0.11247404186020504,0.553815054186298,0.3896439463571083,0.12250097238437707,0.6489498134886903,0.33699940470536144,-0.010026930524172029,False,5,SMA_N200_th0_bL2_sL0,10
2018-12-31,2024-01-02,0.1509972629158005,0.6861559496271177,0.38964394635710836,0.1549015701880534,0.8002777412598205,0.3369994047053614,-0.0039043072722528827,False,5,SMA_N200_th0_bL2_sL0,10
2019-07-02,2024-07-03,0.19426314862096183,0.8324680343548466,0.38964394635710836,0.1504397934144135,0.7790232710847329,0.3369994047053614,0.04382335520654834,True,5,SMA_N200_th0_bL2_sL0,10
2019-12-31,2025-01-02,0.17693924034909703,0.7665803927992726,0.3896439463571083,0.14423852701047402,0.7500138707875222,0.3369994047053614,0.03270071333862301,True,5,SMA_N200_th0_bL2_sL0,10
2020-07-01,2025-07-08,0.23119618062433345,0.9878829470229257,0.3896439463571084,0.1651684268367719,0.9671260303471783,0.24497192419560299,0.06602775378756154,True,5,SMA_N200_th0_bL2_sL0,10
2020-12-30,2026-01-06,0.19198908202284493,0.8810938680344571,0.3896439463571084,0.14798962687550477,0.8945167909240211,0.24497192419560299,0.04399945514734016,True,5,SMA_N200_th0_bL2_sL0,10
2009-06-26,2016-06-28,0.05625237993398313,0.3583625968822302,0.385843571574546,0.14324779962103285,0.9229857783330687,0.18609403934920818,-0.08699541968704971,False,7,SMA_N200_th0_bL2_sL0,10
2009-12-24,2016-12-27,0.09087247116739672,0.4969571922060639,0.385843571574546,0.1279355405481737,0.861694372123826,0.18609403934920826,-0.03706306938077697,False,7,SMA_N200_th0_bL2_sL0,10
2010-06-28,2017-06-28,0.1740019689431327,0.8468144455825983,0.32339259146095706,0.14723429367953234,1.009233700054355,0.18609403934920812,0.026767675263600355,True,7,SMA_N200_th0_bL2_sL0,10
2010-12-27,2017-12-27,0.1800231064437059,0.8850869871276706,0.323392591460957,0.1369600618415734,0.9813239561983147,0.18609403934920812,0.043063044602132505,True,7,SMA_N200_th0_bL2_sL0,10
2011-06-27,2018-06-28,0.17585719715189096,0.8562671682993945,0.31594416649355833,0.13605560430959884,0.9673463390315307,0.1836927506351847,0.03980159284229212,True,7,SMA_N200_th0_bL2_sL0,10
2011-12-23,2018-12-28,0.20144413468503752,0.9548052396276094,0.21611657323609493,0.12344669757899962,0.9799896628447098,0.19338759224206176,0.0779974371060379,True,7,SMA_N200_th0_bL2_sL0,10
2012-06-26,2019-07-01,0.20141929255680702,0.9704016781727691,0.23207008725497022,0.14505107822562713,1.1267121957989252,0.1933875922420618,0.05636821433117989,True,7,SMA_N200_th0_bL2_sL0,10
2012-12-27,2019-12-30,0.21083534229175838,0.9962626234151845,0.23207008725497014,0.1466001403616386,1.1285824056338578,0.19338759224206184,0.06423520193011978,True,7,SMA_N200_th0_bL2_sL0,10
2013-06-28,2020-06-30,0.12866600763000058,0.6458785949432482,0.32865784890819694,0.11992927101481166,0.743910899929552,0.33699940470536144,0.008736736615188923,True,7,SMA_N200_th0_bL2_sL0,10
2013-12-27,2020-12-29,0.14230575617595065,0.6828549346828211,0.3286578489081971,0.12762026872172538,0.7744715730266725,0.33699940470536144,0.014685487454225266,True,7,SMA_N200_th0_bL2_sL0,10
2014-06-30,2021-06-30,0.16702124847034483,0.763953348627248,0.32865784890819705,0.14004350065035354,0.8314402252233055,0.3369994047053614,0.026977747819991293,True,7,SMA_N200_th0_bL2_sL0,10
2014-12-29,2021-12-29,0.1862617408586278,0.8307461412066296,0.328657848908197,0.14683892208088012,0.865210199955837,0.33699940470536144,0.03942281877774767,True,7,SMA_N200_th0_bL2_sL0,10
2015-06-30,2022-06-30,0.14199096590989813,0.6764201877011995,0.3286578489081971,0.11071963373746829,0.6588112686857001,0.33699940470536144,0.03127133217242983,True,7,SMA_N200_th0_bL2_sL0,10
2015-12-29,2022-12-29,0.14525674666135546,0.7083719772079708,0.32865784890819694,0.11173969347378221,0.6601008530237202,0.33699940470536144,0.033517053187573254,True,7,SMA_N200_th0_bL2_sL0,10
2016-06-29,2023-07-03,0.16799590244934115,0.788881319514083,0.38964394635710836,0.13534463421269205,0.7779373167617571,0.3369994047053615,0.0326512682366491,True,7,SMA_N200_th0_bL2_sL0,10
2016-12-28,2024-01-02,0.15136875146432516,0.6951526434286266,0.38964394635710836,0.13166990649070898,0.7394472496585377,0.3369994047053615,0.01969884497361618,True,7,SMA_N200_th0_bL2_sL0,10
2017-06-29,2024-07-03,0.17282711268389583,0.7627637648559138,0.3896439463571084,0.14444465213272584,0.7943353571603482,0.33699940470536144,0.028382460551169997,True,7,SMA_N200_th0_bL2_sL0,10
2017-12-28,2025-01-02,0.1517173356177084,0.6846772043781586,0.3896439463571084,0.13638554149329862,0.7568211715743866,0.3369994047053614,0.01533179412440977,True,7,SMA_N200_th0_bL2_sL0,10
2018-06-29,2025-07-08,0.14875200655382237,0.6870889722558899,0.3896439463571083,0.14357245769291516,0.7691136416044998,0.33699940470536144,0.005179548860907213,True,7,SMA_N200_th0_bL2_sL0,10
2018-12-31,2026-01-06,0.19748052539133765,0.8537383570301087,0.38964394635710836,0.17442895666513802,0.9192006107713039,0.3369994047053614,0.023051568726199623,True,7,SMA_N200_th0_bL2_sL0,10
2009-06-26,2019-07-01,0.10157410912157405,0.5543022007293201,0.385843571574546,0.1468828164072553,0.994011455782532,0.19338759224206176,-0.04530870728568126,False,10,SMA_N200_th0_bL2_sL0,10
2009-12-24,2019-12-30,0.1194311258832248,0.6157890481125917,0.385843571574546,0.13310308901921242,0.9272834089499606,0.19338759224206184,-0.01367196313598762,False,10,SMA_N200_th0_bL2_sL0,10
2010-06-28,2020-06-30,0.1333452075523709,0.6621211450842142,0.32865784890819705,0.13381143506763826,0.816339705310364,0.3369994047053615,-0.00046622751526737005,False,10,SMA_N200_th0_bL2_sL0,10
2010-12-27,2020-12-29,0.15737332677568228,0.7387652085170373,0.32865784890819694,0.13701222258584833,0.8337979865946171,0.33699940470536144,0.020361104189833945,True,10,SMA_N200_th0_bL2_sL0,10
2011-06-27,2021-06-30,0.18572488439101686,0.8446839361762474,0.32865784890819705,0.1508704048885765,0.9075971360184851,0.33699940470536144,0.03485447950244036,True,10,SMA_N200_th0_bL2_sL0,10
2011-12-23,2021-12-29,0.24149709856572632,1.033739667495488,0.32865784890819705,0.16439449866200562,1.0309905644674207,0.3369994047053614,0.0771025999037207,True,10,SMA_N200_th0_bL2_sL0,10
2012-06-26,2022-06-30,0.19531876248298508,0.8779303543692094,0.32865784890819705,0.13211703089069649,0.8254023137814531,0.3369994047053614,0.06320173159228859,True,10,SMA_N200_th0_bL2_sL0,10
2012-12-27,2022-12-29,0.17372226884768782,0.8095742926585535,0.328657848908197,0.12562469829742895,0.7670289583913944,0.33699940470536144,0.04809757055025887,True,10,SMA_N200_th0_bL2_sL0,10
2013-06-28,2023-07-03,0.1573603216807451,0.7438578740790498,0.38964394635710836,0.12776280945014507,0.7739468957032904,0.33699940470536144,0.02959751223060003,True,10,SMA_N200_th0_bL2_sL0,10
2013-12-27,2024-01-02,0.13346782287401915,0.6552792681261442,0.3896439463571084,0.11922265235064877,0.7310198493740576,0.33699940470536144,0.014245170523370376,True,10,SMA_N200_th0_bL2_sL0,10
2014-06-30,2024-07-03,0.15058339567241164,0.7189168020229831,0.3896439463571083,0.1292107289046538,0.7813179199416441,0.3369994047053614,0.021372666767757842,True,10,SMA_N200_th0_bL2_sL0,10
2014-12-29,2025-01-02,0.14881363683480253,0.7080364544299432,0.3896439463571084,0.12812179206090124,0.7738656130834332,0.33699940470536144,0.02069184477390129,True,10,SMA_N200_th0_bL2_sL0,10
2015-06-30,2025-07-08,0.1507457192286612,0.7173443820254014,0.3896439463571084,0.1360035423647974,0.79008208159337,0.33699940470536144,0.01474217686386381,True,10,SMA_N200_th0_bL2_sL0,10
2015-12-29,2026-01-06,0.18481229769171525,0.8463770177597106,0.38964394635710836,0.14697768943228318,0.8581693213836324,0.33699940470536144,0.03783460825943208,True,10,SMA_N200_th0_bL2_sL0,10
2009-06-26,2012-06-25,-0.022892634544385726,-0.005142068038617612,0.3538263814047221,0.14945549422780413,0.8305938172466265,0.18609403934920818,-0.17234812877218986,False,3,SMA_N150_th0_bL2_sL0,11
2009-12-24,2012-12-26,0.0214701483583557,0.20796866969328645,0.3538263814047221,0.1028776274728247,0.6346074715938919,0.18609403934920826,-0.081407479114469,False,3,SMA_N150_th0_bL2_sL0,11
2010-06-28,2013-06-27,0.11913929106460808,0.604820564283713,0.3538263814047221,0.16869601747869378,0.9844529526755283,0.18609403934920812,-0.049556726414085706,False,3,SMA_N150_th0_bL2_sL0,11
2010-12-27,2013-12-26,0.16139751595019125,0.7706985516672915,0.3538263814047222,0.15946732100934313,0.9821906044773536,0.18609403934920812,0.0019301949408481178,True,3,SMA_N150_th0_bL2_sL0,11
2011-06-27,2014-06-27,0.23467974255603274,1.053559209439073,0.26466158470292384,0.17697402094278591,1.1030082165577275,0.1836927506351847,0.05770572161324683,True,3,SMA_N150_th0_bL2_sL0,11
2011-12-23,2014-12-26,0.3541282736187097,1.485788786702942,0.1991401831716072,0.20614476853452834,1.6833068658067296,0.09686971235172698,0.14798350508418134,True,3,SMA_N150_th0_bL2_sL0,11
2012-06-26,2015-06-29,0.3378912578893336,1.4028490015325552,0.12022387156879012,0.18308889166388775,1.530082697823417,0.07345078071669656,0.15480236622544585,True,3,SMA_N150_th0_bL2_sL0,11
2012-12-27,2015-12-28,0.20600734193459203,0.9573478926472835,0.23226323018980982,0.15480927321584348,1.1866434787749554,0.11941491863415796,0.051198068718748546,True,3,SMA_N150_th0_bL2_sL0,11
2013-06-28,2016-06-28,0.09200656939313667,0.506641135691686,0.26121666612034267,0.10419160805742389,0.7969574131035633,0.1301816569841239,-0.012185038664287218,False,3,SMA_N150_th0_bL2_sL0,11
2013-12-27,2016-12-27,0.0591721600023849,0.37872397465736585,0.26121666612034256,0.09387608525612334,0.7386410173561695,0.13018165698412396,-0.034703925253738444,False,3,SMA_N150_th0_bL2_sL0,11
2014-06-30,2017-06-28,0.06668544801389831,0.42155547024699025,0.26121666612034267,0.09782906274150527,0.7828528200101873,0.13018165698412393,-0.03114361472760696,False,3,SMA_N150_th0_bL2_sL0,11
2014-12-29,2017-12-27,0.10152268379738572,0.6171929748128827,0.2612166661203425,0.10847476035404835,0.9005335108615838,0.1301816569841239,-0.006952076556662634,False,3,SMA_N150_th0_bL2_sL0,11
2015-06-30,2018-06-28,0.035616538845909984,0.27570485920730625,0.3205254382272102,0.11817573246846158,0.9218142722529249,0.13018165698412412,-0.0825591936225516,False,3,SMA_N150_th0_bL2_sL0,11
2015-12-29,2018-12-28,0.025311080392871554,0.2605164653653702,0.4137272490866538,0.08239082339051196,0.7012674144852037,0.19338759224206176,-0.057079742997640404,False,3,SMA_N150_th0_bL2_sL0,11
2016-06-29,2019-07-01,0.08588120788775844,0.5726834545641143,0.42080741631085733,0.14913150443132817,1.2295284091741003,0.19338759224206173,-0.06325029654356973,False,3,SMA_N150_th0_bL2_sL0,11
2016-12-28,2019-12-30,0.09282732726988474,0.5026056964413764,0.42080741631085733,0.14862900914070898,1.1235943535269455,0.1933875922420617,-0.05580168187082424,False,3,SMA_N150_th0_bL2_sL0,11
2017-06-29,2020-06-30,-0.04951509240086249,-0.10120065819739509,0.4265997682982048,0.10651509131766357,0.5577499286276987,0.33699940470536144,-0.15603018371852606,False,3,SMA_N150_th0_bL2_sL0,11
2017-12-28,2020-12-29,0.000492312720973942,0.14734863246546095,0.42659976829820473,0.13654747814625168,0.6784285010690688,0.3369994047053614,-0.13605516542527774,False,3,SMA_N150_th0_bL2_sL0,11
2018-06-29,2021-06-30,0.17948586720830195,0.7511837556910712,0.34508483714635896,0.18587229711521447,0.8729105915443839,0.33699940470536144,-0.006386429906912516,False,3,SMA_N150_th0_bL2_sL0,11
2018-12-31,2021-12-29,0.35075275343720436,1.2242086717023,0.3450848371463589,0.2624928689400243,1.1868577289334332,0.3369994047053614,0.08825988449718003,True,3,SMA_N150_th0_bL2_sL0,11
2019-07-02,2022-06-30,0.19623235166638553,0.7971355178541646,0.34508483714635896,0.10170515025821913,0.5318956289698472,0.3369994047053614,0.0945272014081664,True,3,SMA_N150_th0_bL2_sL0,11
2019-12-31,2022-12-29,0.07969201584878483,0.4261309529527358,0.34508483714635896,0.07742304938000899,0.4271353587929381,0.3369994047053614,0.002268966468775835,True,3,SMA_N150_th0_bL2_sL0,11
2020-07-01,2023-07-03,0.2596984406954874,1.0522044433049293,0.3319845002204814,0.14378350414623386,0.8408777680234975,0.24497192419560299,0.11591493654925356,True,3,SMA_N150_th0_bL2_sL0,11
2020-12-30,2024-01-02,0.13202743475260692,0.6549864479271666,0.3319845002204815,0.09949682496571421,0.6300791413140667,0.24497192419560299,0.032530609786892706,True,3,SMA_N150_th0_bL2_sL0,11
2021-07-01,2024-07-03,0.12893238046700706,0.6732739409738441,0.3319845002204814,0.10245843112717434,0.6619306510055024,0.24497192419560296,0.026473949339832714,True,3,SMA_N150_th0_bL2_sL0,11
2021-12-30,2025-01-02,0.0869102972269693,0.47125282184434436,0.3319845002204815,0.08677336857472029,0.5582726327358701,0.24497192419560296,0.00013692865224901318,True,3,SMA_N150_th0_bL2_sL0,11
2022-07-01,2025-07-08,0.18103404795868716,0.8295290958300641,0.20524954596848216,0.19331224516654322,1.1182296747600589,0.18755388287414093,-0.012278197207856056,False,3,SMA_N150_th0_bL2_sL0,11
2022-12-30,2026-01-06,0.3241963160967065,1.3182342711862265,0.18157935194477448,0.2349833795995595,1.4485395534969876,0.1875538828741409,0.08921293649714701,True,3,SMA_N150_th0_bL2_sL0,11
2009-06-26,2014-06-27,0.1576831838029915,0.7902835785738623,0.3538263814047221,0.1874842300953372,1.1357017974165047,0.18609403934920818,-0.0298010462923457,False,5,SMA_N150_th0_bL2_sL0,11
2009-12-24,2014-12-26,0.17981820503859036,0.8459841534417614,0.3538263814047221,0.15462027959582092,0.9916501320173801,0.18609403934920826,0.025197925442769442,True,5,SMA_N150_th0_bL2_sL0,11
2010-06-28,2015-06-29,0.17684321269737668,0.8362190060854537,0.3538263814047221,0.16182205923404358,1.0660807083897479,0.18609403934920812,0.015021153463333103,True,5,SMA_N150_th0_bL2_sL0,11
2010-12-27,2015-12-28,0.09918466737379039,0.5342017461657628,0.3538263814047222,0.12604680189485995,0.8518306243107862,0.18609403934920812,-0.02686213452106956,False,5,SMA_N150_th0_bL2_sL0,11
2011-06-27,2016-06-28,0.10084908174026919,0.5451173757793198,0.26466158470292384,0.12001744596020347,0.8138175783695463,0.1836927506351847,-0.019168364219934286,False,5,SMA_N150_th0_bL2_sL0,11
2011-12-23,2016-12-27,0.1864334236008871,0.908531584861517,0.26121666612034267,0.14706815982265087,1.1483898466367322,0.13018165698412398,0.03936526377823624,True,5,SMA_N150_th0_bL2_sL0,11
2012-06-26,2017-06-28,0.22036435436237944,1.056067131493278,0.2612166661203426,0.15393017594300362,1.2310177283345358,0.13018165698412398,0.06643417841937582,True,5,SMA_N150_th0_bL2_sL0,11
2012-12-27,2017-12-27,0.23508276247056248,1.1558500408464887,0.26121666612034267,0.15875296914039883,1.296051569902984,0.13018165698412404,0.07632979333016365,True,5,SMA_N150_th0_bL2_sL0,11
2013-06-28,2018-06-28,0.12531462186264863,0.6644857174559362,0.32052543822721025,0.13283126606049356,1.065159336615451,0.1301816569841239,-0.007516644197844924,False,5,SMA_N150_th0_bL2_sL0,11
2013-12-27,2018-12-28,0.024237953607575857,0.21994058733169944,0.4137272490866539,0.08285122710564341,0.6696998235923756,0.19338759224206176,-0.05861327349806755,False,5,SMA_N150_th0_bL2_sL0,11
2014-06-30,2019-07-01,0.026462004537352257,0.22976285836361002,0.42080741631085733,0.10790346001217888,0.8322775556330115,0.19338759224206184,-0.08144145547482662,False,5,SMA_N150_th0_bL2_sL0,11
2014-12-29,2019-12-30,0.03957895320457672,0.2928767090944591,0.4208074163108573,0.11179848558783756,0.8583035390815078,0.19338759224206184,-0.07221953238326084,False,5,SMA_N150_th0_bL2_sL0,11
2015-06-30,2020-06-30,-0.009143416994071396,0.072574479651441,0.4265997682982048,0.10613430323723305,0.6281405442270795,0.33699940470536144,-0.11527772023130445,False,5,SMA_N150_th0_bL2_sL0,11
2015-12-29,2020-12-29,0.10048626176489872,0.5401224465045733,0.42659976829820473,0.14576444055863802,0.8272650197027058,0.33699940470536144,-0.0452781787937393,False,5,SMA_N150_th0_bL2_sL0,11
2016-06-29,2021-06-30,0.1711394310553238,0.7979461869500156,0.4265997682982048,0.17871501772607035,0.9927495905590052,0.3369994047053615,-0.007575586670746537,False,5,SMA_N150_th0_bL2_sL0,11
2016-12-28,2021-12-29,0.18884590735018736,0.8039466677069192,0.42659976829820473,0.18409069501103126,0.9823722035860941,0.3369994047053615,0.004755212339156101,True,5,SMA_N150_th0_bL2_sL0,11
2017-06-29,2022-06-30,0.10433814352794646,0.5074699103817575,0.4265997682982048,0.11279020867223455,0.6189100231508629,0.33699940470536144,-0.00845206514428809,False,5,SMA_N150_th0_bL2_sL0,11
2017-12-28,2022-12-29,0.027322915493201094,0.23825129857536867,0.42659976829820473,0.09309654517671673,0.5234151250795963,0.3369994047053614,-0.06577362968351563,False,5,SMA_N150_th0_bL2_sL0,11
2018-06-29,2023-07-03,0.11653433224904175,0.5644814639109983,0.34508483714635896,0.12250097238437707,0.6489498134886903,0.33699940470536144,-0.0059666401353353216,False,5,SMA_N150_th0_bL2_sL0,11
2018-12-31,2024-01-02,0.16835231576185827,0.739273505861325,0.3450848371463589,0.1549015701880534,0.8002777412598205,0.3369994047053614,0.013450745573804879,True,5,SMA_N150_th0_bL2_sL0,11
2019-07-02,2024-07-03,0.20001816456411237,0.8449819988584221,0.34508483714635896,0.1504397934144135,0.7790232710847329,0.3369994047053614,0.049578371149698874,True,5,SMA_N150_th0_bL2_sL0,11
2019-12-31,2025-01-02,0.182610774382572,0.7797376099686792,0.34508483714635896,0.14423852701047402,0.7500138707875222,0.3369994047053614,0.03837224737209799,True,5,SMA_N150_th0_bL2_sL0,11
2020-07-01,2025-07-08,0.2547707078274053,1.0606358390590176,0.3319845002204814,0.1651684268367719,0.9671260303471783,0.24497192419560299,0.08960228099063339,True,5,SMA_N150_th0_bL2_sL0,11
2020-12-30,2026-01-06,0.21481288498953566,0.9582941661191128,0.3319845002204815,0.14798962687550477,0.8945167909240211,0.24497192419560299,0.06682325811403089,True,5,SMA_N150_th0_bL2_sL0,11
2009-06-26,2016-06-28,0.08643020774112276,0.49316579955716316,0.3538263814047221,0.14324779962103285,0.9229857783330687,0.18609403934920818,-0.05681759187991009,False,7,SMA_N150_th0_bL2_sL0,11
2009-12-24,2016-12-27,0.11665971366032579,0.6110917517432778,0.3538263814047221,0.1279355405481737,0.861694372123826,0.18609403934920826,-0.011275826887847895,False,7,SMA_N150_th0_bL2_sL0,11
2010-06-28,2017-06-28,0.1432117082536284,0.733717039980523,0.3538263814047221,0.14723429367953234,1.009233700054355,0.18609403934920812,-0.004022585425903946,False,7,SMA_N150_th0_bL2_sL0,11
2010-12-27,2017-12-27,0.1480847784718129,0.7657048719469324,0.3538263814047222,0.1369600618415734,0.9813239561983147,0.18609403934920812,0.011124716630239506,True,7,SMA_N150_th0_bL2_sL0,11
2011-06-27,2018-06-28,0.12213442551373332,0.6432134274903387,0.32052543822721014,0.13605560430959884,0.9673463390315307,0.1836927506351847,-0.013921178795865519,False,7,SMA_N150_th0_bL2_sL0,11
2011-12-23,2018-12-28,0.12138460991330935,0.6536259999158243,0.4137272490866538,0.12344669757899962,0.9799896628447098,0.19338759224206176,-0.002062087665690271,False,7,SMA_N150_th0_bL2_sL0,11
2012-06-26,2019-07-01,0.14250451519778062,0.7366668352657314,0.4208074163108573,0.14505107822562713,1.1267121957989252,0.1933875922420618,-0.0025465630278465046,False,7,SMA_N150_th0_bL2_sL0,11
2012-12-27,2019-12-30,0.1469304156614566,0.7522967972440109,0.42080741631085733,0.1466001403616386,1.1285824056338578,0.19338759224206184,0.00033027529981799475,True,7,SMA_N150_th0_bL2_sL0,11
2013-06-28,2020-06-30,0.06477597913043365,0.38964114157485163,0.4265997682982048,0.11992927101481166,0.743910899929552,0.33699940470536144,-0.05515329188437801,False,7,SMA_N150_th0_bL2_sL0,11
2013-12-27,2020-12-29,0.0776436268800127,0.4388601800464907,0.42659976829820484,0.12762026872172538,0.7744715730266725,0.33699940470536144,-0.04997664184171269,False,7,SMA_N150_th0_bL2_sL0,11
2014-06-30,2021-06-30,0.10096005736480662,0.5250635055986992,0.42659976829820473,0.14004350065035354,0.8314402252233055,0.3369994047053614,-0.039083443285546915,False,7,SMA_N150_th0_bL2_sL0,11
2014-12-29,2021-12-29,0.1198959460253155,0.5955538742227668,0.42659976829820473,0.14683892208088012,0.865210199955837,0.33699940470536144,-0.026942976055564616,False,7,SMA_N150_th0_bL2_sL0,11
2015-06-30,2022-06-30,0.08987408188972634,0.4854186471716736,0.4265997682982048,0.11071963373746829,0.6588112686857001,0.33699940470536144,-0.02084555184774195,False,7,SMA_N150_th0_bL2_sL0,11
2015-12-29,2022-12-29,0.09135301412507224,0.5030341522563712,0.42659976829820473,0.11173969347378221,0.6601008530237202,0.33699940470536144,-0.02038667934870997,False,7,SMA_N150_th0_bL2_sL0,11
2016-06-29,2023-07-03,0.12844238202009395,0.6455025726976853,0.4265997682982048,0.13534463421269205,0.7779373167617571,0.3369994047053615,-0.006902252192598102,False,7,SMA_N150_th0_bL2_sL0,11
2016-12-28,2024-01-02,0.11169652801751373,0.5511730803604987,0.42659976829820473,0.13166990649070898,0.7394472496585377,0.3369994047053615,-0.019973378473195247,False,7,SMA_N150_th0_bL2_sL0,11
2017-06-29,2024-07-03,0.1324155076097624,0.6211899597349749,0.4265997682982048,0.14444465213272584,0.7943353571603482,0.33699940470536144,-0.012029144522963442,False,7,SMA_N150_th0_bL2_sL0,11
2017-12-28,2025-01-02,0.11203310115495957,0.5479601151621301,0.42659976829820473,0.13638554149329862,0.7568211715743866,0.3369994047053614,-0.024352440338339054,False,7,SMA_N150_th0_bL2_sL0,11
2018-06-29,2025-07-08,0.15248382078953915,0.700126831054761,0.34508483714635896,0.14357245769291516,0.7691136416044998,0.33699940470536144,0.008911363096623992,True,7,SMA_N150_th0_bL2_sL0,11
2018-12-31,2026-01-06,0.21770510070258986,0.9180953590495445,0.3450848371463589,0.17442895666513802,0.9192006107713039,0.3369994047053614,0.043276144037451836,True,7,SMA_N150_th0_bL2_sL0,11
2009-06-26,2019-07-01,0.08996842971005625,0.5153559342780406,0.42080741631085733,0.1468828164072553,0.994011455782532,0.19338759224206176,-0.05691438669719906,False,10,SMA_N150_th0_bL2_sL0,11
2009-12-24,2019-12-30,0.10763731313590541,0.5794638359222741,0.42080741631085733,0.13310308901921242,0.9272834089499606,0.19338759224206184,-0.025465775883307007,False,10,SMA_N150_th0_bL2_sL0,11
2010-06-28,2020-06-30,0.07982022563305424,0.4557154299023785,0.42659976829820473,0.13381143506763826,0.816339705310364,0.3369994047053615,-0.05399120943458402,False,10,SMA_N150_th0_bL2_sL0,11
2010-12-27,2020-12-29,0.1020484435558251,0.5370264759435325,0.4265997682982048,0.13701222258584833,0.8337979865946171,0.33699940470536144,-0.034963779030023234,False,10,SMA_N150_th0_bL2_sL0,11
2011-06-27,2021-06-30,0.1393009653367221,0.6769790864965364,0.42659976829820473,0.1508704048885765,0.9075971360184851,0.33699940470536144,-0.01156943955185441,False,10,SMA_N150_th0_bL2_sL0,11
2011-12-23,2021-12-29,0.18565615862296392,0.8504831825828865,0.4265997682982048,0.16439449866200562,1.0309905644674207,0.3369994047053614,0.0212616599609583,True,10,SMA_N150_th0_bL2_sL0,11
2012-06-26,2022-06-30,0.15891101317317324,0.752224044321851,0.42659976829820473,0.13211703089069649,0.8254023137814531,0.3369994047053614,0.026793982282476758,True,10,SMA_N150_th0_bL2_sL0,11
2012-12-27,2022-12-29,0.12678999675887992,0.6329645671999892,0.4265997682982048,0.12562469829742895,0.7670289583913944,0.33699940470536144,0.0011652984614509698,True,10,SMA_N150_th0_bL2_sL0,11
2013-06-28,2023-07-03,0.1211880169818993,0.6063868654665149,0.4265997682982048,0.12776280945014507,0.7739468957032904,0.33699940470536144,-0.0065747924682457715,False,10,SMA_N150_th0_bL2_sL0,11
2013-12-27,2024-01-02,0.09388550339763757,0.5033614980270134,0.42659976829820484,0.11922265235064877,0.7310198493740576,0.33699940470536144,-0.0253371489530112,False,10,SMA_N150_th0_bL2_sL0,11
2014-06-30,2024-07-03,0.11040337588477689,0.5672226656849748,0.42659976829820473,0.1292107289046538,0.7813179199416441,0.3369994047053614,-0.018807353019876905,False,10,SMA_N150_th0_bL2_sL0,11
2014-12-29,2025-01-02,0.10923933398901653,0.5593415735848988,0.42659976829820473,0.12812179206090124,0.7738656130834332,0.33699940470536144,-0.01888245807188471,False,10,SMA_N150_th0_bL2_sL0,11
2015-06-30,2025-07-08,0.11639432612230682,0.588175830995305,0.4265997682982048,0.1360035423647974,0.79008208159337,0.33699940470536144,-0.019609216242490568,False,10,SMA_N150_th0_bL2_sL0,11
2015-12-29,2026-01-06,0.1564396633041223,0.7461300444218796,0.42659976829820473,0.14697768943228318,0.8581693213836324,0.33699940470536144,0.009461973871839113,True,10,SMA_N150_th0_bL2_sL0,11
2009-06-26,2012-06-25,0.019076514682093926,0.21107185999168931,0.20120680253078557,0.14945549422780413,0.8305938172466265,0.18609403934920818,-0.1303789795457102,False,3,EMA_N100_th5_bL1_sL0,12
2009-12-24,2012-12-26,0.04393021577292111,0.39474557608709593,0.20120680253078563,0.1028776274728247,0.6346074715938919,0.18609403934920826,-0.058947411699903585,False,3,EMA_N100_th5_bL1_sL0,12
2010-06-28,2013-06-27,0.10850450735204364,0.8590602152405646,0.2012068025307856,0.16869601747869378,0.9844529526755283,0.18609403934920812,-0.06019151012665014,False,3,EMA_N100_th5_bL1_sL0,12
2010-12-27,2013-12-26,0.13064556836071128,0.9969139021179384,0.2012068025307855,0.15946732100934313,0.9821906044773536,0.18609403934920812,-0.02882175264863185,False,3,EMA_N100_th5_bL1_sL0,12
2011-06-27,2014-06-27,0.14771709106575526,1.1530306893911524,0.19885010140970286,0.17697402094278591,1.1030082165577275,0.1836927506351847,-0.029256929877030657,False,3,EMA_N100_th5_bL1_sL0,12
2011-12-23,2014-12-26,0.20614476853452857,1.6833068658067243,0.0968697123517263,0.20614476853452834,1.6833068658067296,0.09686971235172698,2.220446049250313e-16,True,3,EMA_N100_th5_bL1_sL0,12
2012-06-26,2015-06-29,0.18308889166388886,1.5300826978234174,0.07345078071669633,0.18308889166388775,1.530082697823417,0.07345078071669656,1.1102230246251565e-15,True,3,EMA_N100_th5_bL1_sL0,12
2012-12-27,2015-12-28,0.13552511063269446,1.2143131487769954,0.07272983954355006,0.15480927321584348,1.1866434787749554,0.11941491863415796,-0.019284162583149023,False,3,EMA_N100_th5_bL1_sL0,12
2013-06-28,2016-06-28,0.08557600093125117,0.8858520871051466,0.07272983954355014,0.10419160805742389,0.7969574131035633,0.1301816569841239,-0.018615607126172717,False,3,EMA_N100_th5_bL1_sL0,12
2013-12-27,2016-12-27,0.053005770460632595,0.5943026615973025,0.10121249072679366,0.09387608525612334,0.7386410173561695,0.13018165698412396,-0.04087031479549075,False,3,EMA_N100_th5_bL1_sL0,12
2014-06-30,2017-06-28,0.056811053489224994,0.6636084668993385,0.10121249072679364,0.09782906274150527,0.7828528200101873,0.13018165698412393,-0.041018009252280274,False,3,EMA_N100_th5_bL1_sL0,12
2014-12-29,2017-12-27,0.06705899762812817,0.8640393892867837,0.10121249072679377,0.10847476035404835,0.9005335108615838,0.1301816569841239,-0.04141576272592018,False,3,EMA_N100_th5_bL1_sL0,12
2015-06-30,2018-06-28,0.07639751389449567,0.8603847017845575,0.10121249072679361,0.11817573246846158,0.9218142722529249,0.13018165698412412,-0.04177821857396591,False,3,EMA_N100_th5_bL1_sL0,12
2015-12-29,2018-12-28,0.08530415706517136,0.9153842128385362,0.10101891269421388,0.08239082339051196,0.7012674144852037,0.19338759224206176,0.002913333674659402,True,3,EMA_N100_th5_bL1_sL0,12
2016-06-29,2019-07-01,0.10026764649752029,0.9955536576970948,0.1271848860649896,0.14913150443132817,1.2295284091741003,0.19338759224206173,-0.048863857933807875,False,3,EMA_N100_th5_bL1_sL0,12
2016-12-28,2019-12-30,0.11689944985549428,1.05543208902597,0.1271848860649896,0.14862900914070898,1.1235943535269455,0.1933875922420617,-0.031729559285214703,False,3,EMA_N100_th5_bL1_sL0,12
2017-06-29,2020-06-30,0.06317148287807384,0.5364831740171468,0.1374873031582705,0.10651509131766357,0.5577499286276987,0.33699940470536144,-0.04334360843958973,False,3,EMA_N100_th5_bL1_sL0,12
2017-12-28,2020-12-29,0.09202746278241958,0.7136397464749619,0.1374873031582705,0.13654747814625168,0.6784285010690688,0.3369994047053614,-0.0445200153638321,False,3,EMA_N100_th5_bL1_sL0,12
2018-06-29,2021-06-30,0.13942016563609472,1.0572992588653027,0.1374873031582705,0.18587229711521447,0.8729105915443839,0.33699940470536144,-0.04645213147911975,False,3,EMA_N100_th5_bL1_sL0,12
2018-12-31,2021-12-29,0.19202836870961493,1.3610728270868306,0.13748730315827062,0.2624928689400243,1.1868577289334332,0.3369994047053614,-0.0704645002304094,False,3,EMA_N100_th5_bL1_sL0,12
2019-07-02,2022-06-30,0.12673898303680353,0.9389221783062329,0.13748730315827049,0.10170515025821913,0.5318956289698472,0.3369994047053614,0.025033832778584397,True,3,EMA_N100_th5_bL1_sL0,12
2019-12-31,2022-12-29,0.04747761080067736,0.41547598403525654,0.2230193875753521,0.07742304938000899,0.4271353587929381,0.3369994047053614,-0.02994543857933163,False,3,EMA_N100_th5_bL1_sL0,12
2020-07-01,2023-07-03,0.09392420452945349,0.7764222558731486,0.28267161828611304,0.14378350414623386,0.8408777680234975,0.24497192419560299,-0.04985929961678037,False,3,EMA_N100_th5_bL1_sL0,12
2020-12-30,2024-01-02,0.051568050486155315,0.4829321253457544,0.28267161828611304,0.09949682496571421,0.6300791413140667,0.24497192419560299,-0.0479287744795589,False,3,EMA_N100_th5_bL1_sL0,12
2021-07-01,2024-07-03,0.05440055563469093,0.5329073471910668,0.2826716182861131,0.10245843112717434,0.6619306510055024,0.24497192419560296,-0.048057875492483415,False,3,EMA_N100_th5_bL1_sL0,12
2021-12-30,2025-01-02,0.039399229322946594,0.37780054569625093,0.282671618286113,0.08677336857472029,0.5582726327358701,0.24497192419560296,-0.047374139251773695,False,3,EMA_N100_th5_bL1_sL0,12
2022-07-01,2025-07-08,0.07473858028357472,0.6717018116675529,0.1870283429196066,0.19331224516654322,1.1182296747600589,0.18755388287414093,-0.1185736648829685,False,3,EMA_N100_th5_bL1_sL0,12
2022-12-30,2026-01-06,0.1649355378059152,1.3578911995474532,0.10628540088141465,0.2349833795995595,1.4485395534969876,0.1875538828741409,-0.07004784179364432,False,3,EMA_N100_th5_bL1_sL0,12
2009-06-26,2014-06-27,0.10477348419918298,0.8719816725052959,0.20120680253078557,0.1874842300953372,1.1357017974165047,0.18609403934920818,-0.08271074589615424,False,5,EMA_N100_th5_bL1_sL0,12
2009-12-24,2014-12-26,0.1172059632506044,0.9412902836145627,0.20120680253078563,0.15462027959582092,0.9916501320173801,0.18609403934920826,-0.037414316345216525,False,5,EMA_N100_th5_bL1_sL0,12
2010-06-28,2015-06-29,0.1255594888952576,1.0268861435465908,0.2012068025307856,0.16182205923404358,1.0660807083897479,0.18609403934920812,-0.03626257033878599,False,5,EMA_N100_th5_bL1_sL0,12
2010-12-27,2015-12-28,0.09803177877118197,0.8242158107072556,0.2012068025307855,0.12604680189485995,0.8518306243107862,0.18609403934920812,-0.028015023123677985,False,5,EMA_N100_th5_bL1_sL0,12
2011-06-27,2016-06-28,0.09204583037558378,0.830271549260676,0.19885010140970286,0.12001744596020347,0.8138175783695463,0.1836927506351847,-0.02797161558461969,False,5,EMA_N100_th5_bL1_sL0,12
2011-12-23,2016-12-27,0.12117150897136275,1.1553219862948045,0.10121249072679361,0.14706815982265087,1.1483898466367322,0.13018165698412398,-0.025896650851288117,False,5,EMA_N100_th5_bL1_sL0,12
2012-06-26,2017-06-28,0.12787860558315556,1.2711820723709848,0.10121249072679361,0.15393017594300362,1.2310177283345358,0.13018165698412398,-0.026051570359848064,False,5,EMA_N100_th5_bL1_sL0,12
2012-12-27,2017-12-27,0.1325925175510514,1.3703753969723271,0.10121249072679361,0.15875296914039883,1.296051569902984,0.13018165698412404,-0.026160451589347433,False,5,EMA_N100_th5_bL1_sL0,12
2013-06-28,2018-06-28,0.10725603278479445,1.065046129299317,0.10121249072679368,0.13283126606049356,1.065159336615451,0.1301816569841239,-0.025575233275699105,False,5,EMA_N100_th5_bL1_sL0,12
2013-12-27,2018-12-28,0.07142129487716109,0.7421506207367324,0.10121249072679366,0.08285122710564341,0.6696998235923756,0.19338759224206176,-0.01142993222848232,False,5,EMA_N100_th5_bL1_sL0,12
2014-06-30,2019-07-01,0.06485185070925081,0.6883215254075321,0.12718488606498957,0.10790346001217888,0.8322775556330115,0.19338759224206184,-0.04305160930292806,False,5,EMA_N100_th5_bL1_sL0,12
2014-12-29,2019-12-30,0.06859552093188381,0.7230259119049245,0.12718488606498957,0.11179848558783756,0.8583035390815078,0.19338759224206184,-0.043202964655953746,False,5,EMA_N100_th5_bL1_sL0,12
2015-06-30,2020-06-30,0.055562101681565945,0.5737663188603073,0.13748730315827057,0.10613430323723305,0.6281405442270795,0.33699940470536144,-0.05057220155566711,False,5,EMA_N100_th5_bL1_sL0,12
2015-12-29,2020-12-29,0.10682723012253614,0.9466079973965013,0.1374873031582704,0.14576444055863802,0.8272650197027058,0.33699940470536144,-0.03893721043610188,False,5,EMA_N100_th5_bL1_sL0,12
2016-06-29,2021-06-30,0.1401989488110813,1.1390620748302216,0.1374873031582704,0.17871501772607035,0.9927495905590052,0.3369994047053615,-0.03851606891498904,False,5,EMA_N100_th5_bL1_sL0,12
2016-12-28,2021-12-29,0.15605386094924922,1.208352657071749,0.1374873031582705,0.18409069501103126,0.9823722035860941,0.3369994047053615,-0.028036834061782034,False,5,EMA_N100_th5_bL1_sL0,12
2017-06-29,2022-06-30,0.1090966743253905,0.8603203293619627,0.1374873031582705,0.11279020867223455,0.6189100231508629,0.33699940470536144,-0.003693534346844052,False,5,EMA_N100_th5_bL1_sL0,12
2017-12-28,2022-12-29,0.05687091469723593,0.4919003072830207,0.2230193875753521,0.09309654517671673,0.5234151250795963,0.3369994047053614,-0.0362256304794808,False,5,EMA_N100_th5_bL1_sL0,12
2018-06-29,2023-07-03,0.06701866808527157,0.578850356026183,0.2826716182861131,0.12250097238437707,0.6489498134886903,0.33699940470536144,-0.0554823042991055,False,5,EMA_N100_th5_bL1_sL0,12
2018-12-31,2024-01-02,0.08637479853962104,0.7123141673039317,0.28267161828611304,0.1549015701880534,0.8002777412598205,0.3369994047053614,-0.06852677164843235,False,5,EMA_N100_th5_bL1_sL0,12
2019-07-02,2024-07-03,0.11210231316650687,0.8917710220941156,0.28267161828611304,0.1504397934144135,0.7790232710847329,0.3369994047053614,-0.03833748024790662,False,5,EMA_N100_th5_bL1_sL0,12
2019-12-31,2025-01-02,0.10610769897473316,0.8396876856157021,0.28267161828611304,0.14423852701047402,0.7500138707875222,0.3369994047053614,-0.03813082803574086,False,5,EMA_N100_th5_bL1_sL0,12
2020-07-01,2025-07-08,0.11475860210361577,0.9438858516264003,0.28267161828611304,0.1651684268367719,0.9671260303471783,0.24497192419560299,-0.05040982473315614,False,5,EMA_N100_th5_bL1_sL0,12
2020-12-30,2026-01-06,0.09832302541825233,0.8536084054664321,0.28267161828611304,0.14798962687550477,0.8945167909240211,0.24497192419560299,-0.049666601457252435,False,5,EMA_N100_th5_bL1_sL0,12
2009-06-26,2016-06-28,0.07792126356404672,0.7084488536680132,0.20120680253078557,0.14324779962103285,0.9229857783330687,0.18609403934920818,-0.06532653605698613,False,7,EMA_N100_th5_bL1_sL0,12
2009-12-24,2016-12-27,0.0838919404473073,0.7545867202307701,0.20120680253078563,0.1279355405481737,0.861694372123826,0.18609403934920826,-0.04404360010086639,False,7,EMA_N100_th5_bL1_sL0,12
2010-06-28,2017-06-28,0.10340696092502011,0.9509682134546308,0.2012068025307856,0.14723429367953234,1.009233700054355,0.18609403934920812,-0.04382733275451223,False,7,EMA_N100_th5_bL1_sL0,12
2010-12-27,2017-12-27,0.10657667309722596,0.9820614556799848,0.2012068025307855,0.1369600618415734,0.9813239561983147,0.18609403934920812,-0.030383388744347428,False,7,EMA_N100_th5_bL1_sL0,12
2011-06-27,2018-06-28,0.10569638570606732,0.957121232508824,0.19885010140970286,0.13605560430959884,0.9673463390315307,0.1836927506351847,-0.030359218603531524,False,7,EMA_N100_th5_bL1_sL0,12
2011-12-23,2018-12-28,0.11496547449182182,1.0933048319823753,0.10121249072679361,0.12344669757899962,0.9799896628447098,0.19338759224206176,-0.008481223087177803,False,7,EMA_N100_th5_bL1_sL0,12
2012-06-26,2019-07-01,0.11309656717216932,1.102148567601972,0.12718488606498957,0.14505107822562713,1.1267121957989252,0.1933875922420618,-0.03195451105345781,False,7,EMA_N100_th5_bL1_sL0,12
2012-12-27,2019-12-30,0.11460240021203916,1.1039720958779686,0.1271848860649896,0.1466001403616386,1.1285824056338578,0.19338759224206184,-0.03199774014959944,False,7,EMA_N100_th5_bL1_sL0,12
2013-06-28,2020-06-30,0.08312029981276292,0.7983307538206366,0.1374873031582705,0.11992927101481166,0.743910899929552,0.33699940470536144,-0.036808971202048735,False,7,EMA_N100_th5_bL1_sL0,12
2013-12-27,2020-12-29,0.09055851574100915,0.8289707725310208,0.1374873031582705,0.12762026872172538,0.7744715730266725,0.33699940470536144,-0.037061752980716234,False,7,EMA_N100_th5_bL1_sL0,12
2014-06-30,2021-06-30,0.10257343046771017,0.9103586537558981,0.1374873031582706,0.14004350065035354,0.8314402252233055,0.3369994047053614,-0.03747007018264337,False,7,EMA_N100_th5_bL1_sL0,12
2014-12-29,2021-12-29,0.10914550522964261,0.9603601599824925,0.1374873031582705,0.14683892208088012,0.865210199955837,0.33699940470536144,-0.037693416851237505,False,7,EMA_N100_th5_bL1_sL0,12
2015-06-30,2022-06-30,0.09016251272036757,0.8165224621059559,0.13748730315827057,0.11071963373746829,0.6588112686857001,0.33699940470536144,-0.02055712101710072,False,7,EMA_N100_th5_bL1_sL0,12
2015-12-29,2022-12-29,0.07710904682540587,0.6998884130895197,0.22301938757535222,0.11173969347378221,0.6601008530237202,0.33699940470536144,-0.03463064664837634,False,7,EMA_N100_th5_bL1_sL0,12
2016-06-29,2023-07-03,0.0877642872993949,0.7587749122088713,0.2826716182861131,0.13534463421269205,0.7779373167617571,0.3369994047053615,-0.047580346913297156,False,7,EMA_N100_th5_bL1_sL0,12
2016-12-28,2024-01-02,0.09143667584446313,0.7674680687540828,0.282671618286113,0.13166990649070898,0.7394472496585377,0.3369994047053615,-0.04023323064624584,False,7,EMA_N100_th5_bL1_sL0,12
2017-06-29,2024-07-03,0.10375725257652268,0.8477934459603891,0.28267161828611304,0.14444465213272584,0.7943353571603482,0.33699940470536144,-0.04068739955620315,False,7,EMA_N100_th5_bL1_sL0,12
2017-12-28,2025-01-02,0.09598466016586493,0.7795965216559235,0.282671618286113,0.13638554149329862,0.7568211715743866,0.3369994047053614,-0.04040088132743369,False,7,EMA_N100_th5_bL1_sL0,12
2018-06-29,2025-07-08,0.08921866668621359,0.7530907199343714,0.2826716182861131,0.14357245769291516,0.7691136416044998,0.33699940470536144,-0.05435379100670157,False,7,EMA_N100_th5_bL1_sL0,12
2018-12-31,2026-01-06,0.11026963257194344,0.9024317700842533,0.28267161828611304,0.17442895666513802,0.9192006107713039,0.3369994047053614,-0.06415932409319458,False,7,EMA_N100_th5_bL1_sL0,12
2009-06-26,2019-07-01,0.08453860911719291,0.7854762833672924,0.20120680253078557,0.1468828164072553,0.994011455782532,0.19338759224206176,-0.0623442072900624,False,10,EMA_N100_th5_bL1_sL0,12
2009-12-24,2019-12-30,0.09273875844192103,0.8391969727885353,0.20120680253078563,0.13310308901921242,0.9272834089499606,0.19338759224206184,-0.040364330577291385,False,10,EMA_N100_th5_bL1_sL0,12
2010-06-28,2020-06-30,0.0901844480006635,0.815561348512797,0.2012068025307856,0.13381143506763826,0.816339705310364,0.3369994047053615,-0.043626987066974765,False,10,EMA_N100_th5_bL1_sL0,12
2010-12-27,2020-12-29,0.10237805990177984,0.8826248997461438,0.2012068025307855,0.13701222258584833,0.8337979865946171,0.33699940470536144,-0.03463416268406849,False,10,EMA_N100_th5_bL1_sL0,12
2011-06-27,2021-06-30,0.11581411258193763,0.9878447359115013,0.19885010140970286,0.1508704048885765,0.9075971360184851,0.33699940470536144,-0.03505629230663887,False,10,EMA_N100_th5_bL1_sL0,12
2011-12-23,2021-12-29,0.13747574104287152,1.1797270854203692,0.1374873031582705,0.16439449866200562,1.0309905644674207,0.3369994047053614,-0.026918757619134093,False,10,EMA_N100_th5_bL1_sL0,12
2012-06-26,2022-06-30,0.11741126817000436,1.031860444905675,0.1374873031582705,0.13211703089069649,0.8254023137814531,0.3369994047053614,-0.014705762720692128,False,10,EMA_N100_th5_bL1_sL0,12
2012-12-27,2022-12-29,0.09426274555171177,0.8475510807065638,0.2230193875753522,0.12562469829742895,0.7670289583913944,0.33699940470536144,-0.03136195274571718,False,10,EMA_N100_th5_bL1_sL0,12
2013-06-28,2023-07-03,0.08707164253936317,0.7874426054115903,0.28267161828611304,0.12776280945014507,0.7739468957032904,0.33699940470536144,-0.040691166910781895,False,10,EMA_N100_th5_bL1_sL0,12
2013-12-27,2024-01-02,0.0788396255514825,0.7198718903015213,0.282671618286113,0.11922265235064877,0.7310198493740576,0.33699940470536144,-0.04038302679916628,False,10,EMA_N100_th5_bL1_sL0,12
2014-06-30,2024-07-03,0.08846731915370798,0.7964785537066611,0.28267161828611304,0.1292107289046538,0.7813179199416441,0.3369994047053614,-0.040743409750945814,False,10,EMA_N100_th5_bL1_sL0,12
2014-12-29,2025-01-02,0.08741767258490762,0.7818905772112975,0.28267161828611304,0.12812179206090124,0.7738656130834332,0.33699940470536144,-0.040704119475993616,False,10,EMA_N100_th5_bL1_sL0,12
2015-06-30,2025-07-08,0.08547933221497384,0.7720922307285144,0.282671618286113,0.1360035423647974,0.79008208159337,0.33699940470536144,-0.050524210149823556,False,10,EMA_N100_th5_bL1_sL0,12
2015-12-29,2026-01-06,0.10268146181948601,0.8990984334439079,0.2826716182861131,0.14697768943228318,0.8581693213836324,0.33699940470536144,-0.04429622761279717,False,10,EMA_N100_th5_bL1_sL0,12
2009-06-26,2012-06-25,-0.0030350258998410595,0.02379939929110266,0.13297500385586108,0.14945549422780413,0.8305938172466265,0.18609403934920818,-0.1524905201276452,False,3,SMA_N200_th2_bL1_sL0,13
2009-12-24,2012-12-26,0.026986576129274242,0.2871930088424222,0.13297500385586108,0.1028776274728247,0.6346074715938919,0.18609403934920826,-0.07589105134355045,False,3,SMA_N200_th2_bL1_sL0,13
2010-06-28,2013-06-27,0.11533550267231196,0.9989781251477841,0.11682337123493727,0.16869601747869378,0.9844529526755283,0.18609403934920812,-0.05336051480638182,False,3,SMA_N200_th2_bL1_sL0,13
2010-12-27,2013-12-26,0.13159313465433709,1.1149309538930097,0.11682337123493713,0.15946732100934313,0.9821906044773536,0.18609403934920812,-0.027874186355006048,False,3,SMA_N200_th2_bL1_sL0,13
2011-06-27,2014-06-27,0.1486789645834563,1.2982179584635856,0.11421771139992741,0.17697402094278591,1.1030082165577275,0.1836927506351847,-0.028295056359329607,False,3,SMA_N200_th2_bL1_sL0,13
2011-12-23,2014-12-26,0.20202732174097515,1.640013688433732,0.09686971235172748,0.20614476853452834,1.6833068658067296,0.09686971235172698,-0.004117446793553192,False,3,SMA_N200_th2_bL1_sL0,13
2012-06-26,2015-06-29,0.1830888916638891,1.5300826978234252,0.07345078071669613,0.18308889166388775,1.530082697823417,0.07345078071669656,1.3322676295501878e-15,True,3,SMA_N200_th2_bL1_sL0,13
2012-12-27,2015-12-28,0.13042922006294866,1.122761561530055,0.10747708072051387,0.15480927321584348,1.1866434787749554,0.11941491863415796,-0.02438005315289482,False,3,SMA_N200_th2_bL1_sL0,13
2013-06-28,2016-06-28,0.06946627036371655,0.6509242005997163,0.12827395827523094,0.10419160805742389,0.7969574131035633,0.1301816569841239,-0.03472533769370734,False,3,SMA_N200_th2_bL1_sL0,13
2013-12-27,2016-12-27,0.059475156849851496,0.5801576246718345,0.12827395827523083,0.09387608525612334,0.7386410173561695,0.13018165698412396,-0.03440092840627185,False,3,SMA_N200_th2_bL1_sL0,13
2014-06-30,2017-06-28,0.06330381852167921,0.6335280749172439,0.12827395827523086,0.09782906274150527,0.7828528200101873,0.13018165698412393,-0.03452524421982606,False,3,SMA_N200_th2_bL1_sL0,13
2014-12-29,2017-12-27,0.0736147232940274,0.7830580378029777,0.12827395827523086,0.10847476035404835,0.9005335108615838,0.1301816569841239,-0.03486003706002094,False,3,SMA_N200_th2_bL1_sL0,13
2015-06-30,2018-06-28,0.08301061291173206,0.8035139327925773,0.1282739582752309,0.11817573246846158,0.9218142722529249,0.13018165698412412,-0.03516511955672952,False,3,SMA_N200_th2_bL1_sL0,13
2015-12-29,2018-12-28,0.0695608659689293,0.7189002585736837,0.1505653253650866,0.08239082339051196,0.7012674144852037,0.19338759224206176,-0.01282995742158266,False,3,SMA_N200_th2_bL1_sL0,13
2016-06-29,2019-07-01,0.10398481613523369,1.0422062351759518,0.1621877378473669,0.14913150443132817,1.2295284091741003,0.19338759224206173,-0.04514668829609447,False,3,SMA_N200_th2_bL1_sL0,13
2016-12-28,2019-12-30,0.10350206270894269,0.9202495014259001,0.16218773784736693,0.14862900914070898,1.1235943535269455,0.1933875922420617,-0.04512694643176629,False,3,SMA_N200_th2_bL1_sL0,13
2017-06-29,2020-06-30,0.009095083490287426,0.11420162637398967,0.2352072520142605,0.10651509131766357,0.5577499286276987,0.33699940470536144,-0.09742000782737614,False,3,SMA_N200_th2_bL1_sL0,13
2017-12-28,2020-12-29,0.036483353322304346,0.3171848061627348,0.23520725201426046,0.13654747814625168,0.6784285010690688,0.3369994047053614,-0.10006412482394733,False,3,SMA_N200_th2_bL1_sL0,13
2018-06-29,2021-06-30,0.08146550738977232,0.6103207359424755,0.2352072520142605,0.18587229711521447,0.8729105915443839,0.33699940470536144,-0.10440678972544215,False,3,SMA_N200_th2_bL1_sL0,13
2018-12-31,2021-12-29,0.15620791822850433,1.0505317616988576,0.23520725201426046,0.2624928689400243,1.1868577289334332,0.3369994047053614,-0.10628495071152,False,3,SMA_N200_th2_bL1_sL0,13
2019-07-02,2022-06-30,0.06599973519674318,0.5007509917433645,0.23520725201426054,0.10170515025821913,0.5318956289698472,0.3369994047053614,-0.035705415061475954,False,3,SMA_N200_th2_bL1_sL0,13
2019-12-31,2022-12-29,0.03382652754262727,0.3090818622116222,0.2352072520142605,0.07742304938000899,0.4271353587929381,0.3369994047053614,-0.04359652183738172,False,3,SMA_N200_th2_bL1_sL0,13
2020-07-01,2023-07-03,0.13880448246387145,1.1131305462688563,0.19083976957839383,0.14378350414623386,0.8408777680234975,0.24497192419560299,-0.004979021682362417,False,3,SMA_N200_th2_bL1_sL0,13
2020-12-30,2024-01-02,0.07632732118977281,0.6986083059174938,0.19083976957839385,0.09949682496571421,0.6300791413140667,0.24497192419560299,-0.023169503775941402,False,3,SMA_N200_th2_bL1_sL0,13
2021-07-01,2024-07-03,0.07922651794396329,0.7610572926767893,0.19083976957839394,0.10245843112717434,0.6619306510055024,0.24497192419560296,-0.02323191318321105,False,3,SMA_N200_th2_bL1_sL0,13
2021-12-30,2025-01-02,0.06387198396401894,0.5926346594852103,0.1908397695783939,0.08677336857472029,0.5582726327358701,0.24497192419560296,-0.022901384610701347,False,3,SMA_N200_th2_bL1_sL0,13
2022-07-01,2025-07-08,0.12968365838144447,1.1542609331921794,0.10240300404377203,0.19331224516654322,1.1182296747600589,0.18755388287414093,-0.06362858678509875,False,3,SMA_N200_th2_bL1_sL0,13
2022-12-30,2026-01-06,0.17378013445150087,1.4020773584445614,0.10240300404377203,0.2349833795995595,1.4485395534969876,0.1875538828741409,-0.06120324514805864,False,3,SMA_N200_th2_bL1_sL0,13
2009-06-26,2014-06-27,0.09033545258219644,0.851553975152072,0.13297500385586108,0.1874842300953372,1.1357017974165047,0.18609403934920818,-0.09714877751314077,False,5,SMA_N200_th2_bL1_sL0,13
2009-12-24,2014-12-26,0.10629635713129693,0.937876340887366,0.13297500385586108,0.15462027959582092,0.9916501320173801,0.18609403934920826,-0.048323922464523994,False,5,SMA_N200_th2_bL1_sL0,13
2010-06-28,2015-06-29,0.12971382591537206,1.1272667776937153,0.11682337123493727,0.16182205923404358,1.0660807083897479,0.18609403934920812,-0.03210823331867152,False,5,SMA_N200_th2_bL1_sL0,13
2010-12-27,2015-12-28,0.09562437423055625,0.8431955118928344,0.11682337123493713,0.12604680189485995,0.8518306243107862,0.18609403934920812,-0.030422427664303697,False,5,SMA_N200_th2_bL1_sL0,13
2011-06-27,2016-06-28,0.08284231531669684,0.7692819165938615,0.12827395827523083,0.12001744596020347,0.8138175783695463,0.1836927506351847,-0.03717513064350664,False,5,SMA_N200_th2_bL1_sL0,13
2011-12-23,2016-12-27,0.12299193322021673,1.078729053791536,0.1282739582752309,0.14706815982265087,1.1483898466367322,0.13018165698412398,-0.024076226602434136,False,5,SMA_N200_th2_bL1_sL0,13
2012-06-26,2017-06-28,0.13202893966797768,1.20625180282198,0.12827395827523086,0.15393017594300362,1.2310177283345358,0.13018165698412398,-0.021901236275025937,False,5,SMA_N200_th2_bL1_sL0,13
2012-12-27,2017-12-27,0.13676019774866988,1.287110473217337,0.12827395827523086,0.15875296914039883,1.296051569902984,0.13018165698412404,-0.02199277139172895,False,5,SMA_N200_th2_bL1_sL0,13
2013-06-28,2018-06-28,0.11133048054073469,1.01779368228469,0.12827395827523094,0.13283126606049356,1.065159336615451,0.1301816569841239,-0.02150078551975887,False,5,SMA_N200_th2_bL1_sL0,13
2013-12-27,2018-12-28,0.06146600897995058,0.5971406157543527,0.1505653253650866,0.08285122710564341,0.6696998235923756,0.19338759224206176,-0.02138521812569283,False,5,SMA_N200_th2_bL1_sL0,13
2014-06-30,2019-07-01,0.06106372957922912,0.5961711795048179,0.162187737847367,0.10790346001217888,0.8322775556330115,0.19338759224206184,-0.046839730432949755,False,5,SMA_N200_th2_bL1_sL0,13
2014-12-29,2019-12-30,0.0647940820090962,0.6284455253169681,0.16218773784736704,0.11179848558783756,0.8583035390815078,0.19338759224206184,-0.04700440357874136,False,5,SMA_N200_th2_bL1_sL0,13
2015-06-30,2020-06-30,0.02679424412083109,0.27954986643388735,0.23520725201426046,0.10613430323723305,0.6281405442270795,0.33699940470536144,-0.07934005911640196,False,5,SMA_N200_th2_bL1_sL0,13
2015-12-29,2020-12-29,0.0772787487113058,0.6580372061937371,0.23520725201426057,0.14576444055863802,0.8272650197027058,0.33699940470536144,-0.06848569184733222,False,5,SMA_N200_th2_bL1_sL0,13
2016-06-29,2021-06-30,0.115337700907989,0.9184325385532012,0.23520725201426043,0.17871501772607035,0.9927495905590052,0.3369994047053615,-0.06337731681808134,False,5,SMA_N200_th2_bL1_sL0,13
2016-12-28,2021-12-29,0.12042433801167007,0.8998619585071426,0.23520725201426043,0.18409069501103126,0.9823722035860941,0.3369994047053615,-0.06366635699936118,False,5,SMA_N200_th2_bL1_sL0,13
2017-06-29,2022-06-30,0.06510990526241645,0.5112999909661393,0.2352072520142605,0.11279020867223455,0.6189100231508629,0.33699940470536144,-0.0476803034098181,False,5,SMA_N200_th2_bL1_sL0,13
2017-12-28,2022-12-29,0.04102849794455743,0.3648835267815621,0.23520725201426046,0.09309654517671673,0.5234151250795963,0.3369994047053614,-0.0520680472321593,False,5,SMA_N200_th2_bL1_sL0,13
2018-06-29,2023-07-03,0.05937104152385575,0.5003166166540768,0.2352072520142605,0.12250097238437707,0.6489498134886903,0.33699940470536144,-0.06312993086052132,False,5,SMA_N200_th2_bL1_sL0,13
2018-12-31,2024-01-02,0.08166923885100075,0.654249114293964,0.23520725201426046,0.1549015701880534,0.8002777412598205,0.3369994047053614,-0.07323233133705265,False,5,SMA_N200_th2_bL1_sL0,13
2019-07-02,2024-07-03,0.10091320051847386,0.7862593442169924,0.23520725201426054,0.1504397934144135,0.7790232710847329,0.3369994047053614,-0.049526592895939636,False,5,SMA_N200_th2_bL1_sL0,13
2019-12-31,2025-01-02,0.09497889949454419,0.7380361189720075,0.2352072520142605,0.14423852701047402,0.7500138707875222,0.3369994047053614,-0.04925962751592983,False,5,SMA_N200_th2_bL1_sL0,13
2020-07-01,2025-07-08,0.1381170036593189,1.1234968856815721,0.19083976957839383,0.1651684268367719,0.9671260303471783,0.24497192419560299,-0.027051423177453016,False,5,SMA_N200_th2_bL1_sL0,13
2020-12-30,2026-01-06,0.12133703958883757,1.042517119384053,0.19083976957839385,0.14798962687550477,0.8945167909240211,0.24497192419560299,-0.026652587286667195,False,5,SMA_N200_th2_bL1_sL0,13
2009-06-26,2016-06-28,0.061027163974977094,0.5926584324002014,0.13297500385586108,0.14324779962103285,0.9229857783330687,0.18609403934920818,-0.08222063564605575,False,7,SMA_N200_th2_bL1_sL0,13
2009-12-24,2016-12-27,0.07914974024516974,0.7301079363495944,0.13297500385586108,0.1279355405481737,0.861694372123826,0.18609403934920826,-0.048785800303003946,False,7,SMA_N200_th2_bL1_sL0,13
2010-06-28,2017-06-28,0.1092194071314545,1.001668075371683,0.1282739582752309,0.14723429367953234,1.009233700054355,0.18609403934920812,-0.03801488654807783,False,7,SMA_N200_th2_bL1_sL0,13
2010-12-27,2017-12-27,0.1098811223458569,1.017951279746372,0.12827395827523097,0.1369600618415734,0.9813239561983147,0.18609403934920812,-0.027078939495716492,False,7,SMA_N200_th2_bL1_sL0,13
2011-06-27,2018-06-28,0.10899820624845558,0.9912875454695808,0.12827395827523083,0.13605560430959884,0.9673463390315307,0.1836927506351847,-0.027057398061143267,False,7,SMA_N200_th2_bL1_sL0,13
2011-12-23,2018-12-28,0.10593662955627803,0.9509426538280643,0.15056532536508654,0.12344669757899962,0.9799896628447098,0.19338759224206176,-0.017510068022721592,False,7,SMA_N200_th2_bL1_sL0,13
2012-06-26,2019-07-01,0.11026737762673888,1.0092768109201022,0.162187737847367,0.14505107822562713,1.1267121957989252,0.1933875922420618,-0.034783700598888245,False,7,SMA_N200_th2_bL1_sL0,13
2012-12-27,2019-12-30,0.11176938324747954,1.0113575928483283,0.16218773784736704,0.1466001403616386,1.1285824056338578,0.19338759224206184,-0.03483075711415906,False,7,SMA_N200_th2_bL1_sL0,13
2013-06-28,2020-06-30,0.06195704877494301,0.5558384068885885,0.23520725201426057,0.11992927101481166,0.743910899929552,0.33699940470536144,-0.05797222223986864,False,7,SMA_N200_th2_bL1_sL0,13
2013-12-27,2020-12-29,0.06924992827934973,0.5972616827869817,0.23520725201426046,0.12762026872172538,0.7744715730266725,0.33699940470536144,-0.05837034044237566,False,7,SMA_N200_th2_bL1_sL0,13
2014-06-30,2021-06-30,0.08103008177352344,0.675449232579675,0.2352072520142604,0.14004350065035354,0.8314402252233055,0.3369994047053614,-0.05901341887683009,False,7,SMA_N200_th2_bL1_sL0,13
2014-12-29,2021-12-29,0.08747374377461115,0.7217703436023767,0.2352072520142605,0.14683892208088012,0.865210199955837,0.33699940470536144,-0.05936517830626897,False,7,SMA_N200_th2_bL1_sL0,13
2015-06-30,2022-06-30,0.06189037539375386,0.5345585239554764,0.23520725201426046,0.11071963373746829,0.6588112686857001,0.33699940470536144,-0.04882925834371443,False,7,SMA_N200_th2_bL1_sL0,13
2015-12-29,2022-12-29,0.06878954779740498,0.6089811343414813,0.23520725201426057,0.11173969347378221,0.6601008530237202,0.33699940470536144,-0.04295014567637723,False,7,SMA_N200_th2_bL1_sL0,13
2016-06-29,2023-07-03,0.08937052978685944,0.7590186435336668,0.23520725201426043,0.13534463421269205,0.7779373167617571,0.3369994047053615,-0.04597410442583261,False,7,SMA_N200_th2_bL1_sL0,13
2016-12-28,2024-01-02,0.07799795863498171,0.6441310479085595,0.23520725201426043,0.13166990649070898,0.7394472496585377,0.3369994047053615,-0.053671947855727264,False,7,SMA_N200_th2_bL1_sL0,13
2017-06-29,2024-07-03,0.09016683371524215,0.7233636370034757,0.2352072520142605,0.14444465213272584,0.7943353571603482,0.33699940470536144,-0.05427781841748369,False,7,SMA_N200_th2_bL1_sL0,13
2017-12-28,2025-01-02,0.08248994421956168,0.662862158953799,0.23520725201426046,0.13638554149329862,0.7568211715743866,0.3369994047053614,-0.05389559727373694,False,7,SMA_N200_th2_bL1_sL0,13
2018-06-29,2025-07-08,0.08102972836894651,0.6672504774179638,0.2352072520142605,0.14357245769291516,0.7691136416044998,0.33699940470536144,-0.06254272932396865,False,7,SMA_N200_th2_bL1_sL0,13
2018-12-31,2026-01-06,0.11220632327763269,0.8860991036944513,0.23520725201426046,0.17442895666513802,0.9192006107713039,0.3369994047053614,-0.06222263338750533,False,7,SMA_N200_th2_bL1_sL0,13
2009-06-26,2019-07-01,0.0755139402291809,0.7233610097438525,0.16218773784736698,0.1468828164072553,0.994011455782532,0.19338759224206176,-0.07136887617807441,False,10,SMA_N200_th2_bL1_sL0,13
2009-12-24,2019-12-30,0.08545733744018236,0.7862163306821307,0.16218773784736698,0.13310308901921242,0.9272834089499606,0.19338759224206184,-0.04764575157903006,False,10,SMA_N200_th2_bL1_sL0,13
2010-06-28,2020-06-30,0.07721367985107519,0.6853078611823201,0.23520725201426057,0.13381143506763826,0.816339705310364,0.3369994047053615,-0.05659775521656307,False,10,SMA_N200_th2_bL1_sL0,13
2010-12-27,2020-12-29,0.08753140197653164,0.7448379247490944,0.23520725201426051,0.13701222258584833,0.8337979865946171,0.33699940470536144,-0.04948082060931669,False,10,SMA_N200_th2_bL1_sL0,13
2011-06-27,2021-06-30,0.10078649996858013,0.8470096160303328,0.23520725201426043,0.1508704048885765,0.9075971360184851,0.33699940470536144,-0.05008390491999637,False,10,SMA_N200_th2_bL1_sL0,13
2011-12-23,2021-12-29,0.12072543020993742,0.978111186706162,0.23520725201426057,0.16439449866200562,1.0309905644674207,0.3369994047053614,-0.043669068452068194,False,10,SMA_N200_th2_bL1_sL0,13
2012-06-26,2022-06-30,0.09704972784807664,0.8098878749700748,0.23520725201426054,0.13211703089069649,0.8254023137814531,0.3369994047053614,-0.035067303042619846,False,10,SMA_N200_th2_bL1_sL0,13
2012-12-27,2022-12-29,0.0880291241677369,0.7536443989683029,0.23520725201426051,0.12562469829742895,0.7670289583913944,0.33699940470536144,-0.037595574129692055,False,10,SMA_N200_th2_bL1_sL0,13
2013-06-28,2023-07-03,0.08516079573470581,0.7282468266779879,0.23520725201426057,0.12776280945014507,0.7739468957032904,0.33699940470536144,-0.04260201371543926,False,10,SMA_N200_th2_bL1_sL0,13
2013-12-27,2024-01-02,0.07149062539458084,0.6255088496750453,0.23520725201426046,0.11922265235064877,0.7310198493740576,0.33699940470536144,-0.04773202695606793,False,10,SMA_N200_th2_bL1_sL0,13
2014-06-30,2024-07-03,0.08105273564213777,0.6972897515034145,0.2352072520142604,0.1292107289046538,0.7813179199416441,0.3369994047053614,-0.04815799326251602,False,10,SMA_N200_th2_bL1_sL0,13
2014-12-29,2025-01-02,0.08001023921188999,0.6851752223514855,0.2352072520142605,0.12812179206090124,0.7738656130834332,0.33699940470536144,-0.04811155284901125,False,10,SMA_N200_th2_bL1_sL0,13
2015-06-30,2025-07-08,0.08174528537847348,0.7004013750041521,0.23520725201426046,0.1360035423647974,0.79008208159337,0.33699940470536144,-0.054258256986323916,False,10,SMA_N200_th2_bL1_sL0,13
2015-12-29,2026-01-06,0.09920270095345662,0.8394003729645644,0.23520725201426057,0.14697768943228318,0.8581693213836324,0.33699940470536144,-0.04777498847882655,False,10,SMA_N200_th2_bL1_sL0,13
2009-06-26,2012-06-25,-0.16563461569458526,-0.37651680877712523,0.5211303574863517,0.14945549422780413,0.8305938172466265,0.18609403934920818,-0.3150901099223894,False,3,SMA_N200_th0_bL3_sL0,14
2009-12-24,2012-12-26,-0.11719180631342863,-0.1603683022168675,0.5211303574863517,0.1028776274728247,0.6346074715938919,0.18609403934920826,-0.22006943378625332,False,3,SMA_N200_th0_bL3_sL0,14
2010-06-28,2013-06-27,0.20565751510753394,0.70492720788423,0.4571609279107843,0.16869601747869378,0.9844529526755283,0.18609403934920812,0.036961497628840156,True,3,SMA_N200_th0_bL3_sL0,14
2010-12-27,2013-12-26,0.27619232975991426,0.8663444834229128,0.4571609279107843,0.15946732100934313,0.9821906044773536,0.18609403934920812,0.11672500875057112,True,3,SMA_N200_th0_bL3_sL0,14
2011-06-27,2014-06-27,0.33729254691373467,1.0387326624046276,0.44433846253043063,0.17697402094278591,1.1030082165577275,0.1836927506351847,0.16031852597094876,True,3,SMA_N200_th0_bL3_sL0,14
2011-12-23,2014-12-26,0.5918817210900138,1.5297609262313394,0.27264357233546,0.20614476853452834,1.6833068658067296,0.09686971235172698,0.38573695255548546,True,3,SMA_N200_th0_bL3_sL0,14
2012-06-26,2015-06-29,0.5028299617340681,1.3740459670371985,0.2104495029204658,0.18308889166388775,1.530082697823417,0.07345078071669656,0.3197410700701804,True,3,SMA_N200_th0_bL3_sL0,14
2012-12-27,2015-12-28,0.3496506183868362,1.0644455125046453,0.24253939771676372,0.15480927321584348,1.1866434787749554,0.11941491863415796,0.19484134517099272,True,3,SMA_N200_th0_bL3_sL0,14
2013-06-28,2016-06-28,0.1702151862600254,0.6354282066482569,0.2875088035280425,0.10419160805742389,0.7969574131035633,0.1301816569841239,0.06602357820260152,True,3,SMA_N200_th0_bL3_sL0,14
2013-12-27,2016-12-27,0.13587111236538219,0.5619593150764945,0.2875088035280425,0.09387608525612334,0.7386410173561695,0.13018165698412396,0.04199502710925884,True,3,SMA_N200_th0_bL3_sL0,14
2014-06-30,2017-06-28,0.1489034369136708,0.6119640936747887,0.2875088035280424,0.09782906274150527,0.7828528200101873,0.13018165698412393,0.05107437417216554,True,3,SMA_N200_th0_bL3_sL0,14
2014-12-29,2017-12-27,0.20393480532594133,0.8169125569056541,0.2875088035280425,0.10847476035404835,0.9005335108615838,0.1301816569841239,0.09546004497189298,True,3,SMA_N200_th0_bL3_sL0,14
2015-06-30,2018-06-28,0.22019015259926222,0.8125089925345478,0.293442292725244,0.11817573246846158,0.9218142722529249,0.13018165698412412,0.10201442013080064,True,3,SMA_N200_th0_bL3_sL0,14
2015-12-29,2018-12-28,0.2213477267104662,0.8329418267028977,0.30722889137902704,0.08239082339051196,0.7012674144852037,0.19338759224206176,0.13895690331995425,True,3,SMA_N200_th0_bL3_sL0,14
2016-06-29,2019-07-01,0.29314876242044274,1.0384089448399891,0.33071765853799934,0.14913150443132817,1.2295284091741003,0.19338759224206173,0.14401725798911458,True,3,SMA_N200_th0_bL3_sL0,14
2016-12-28,2019-12-30,0.27985488363990174,0.8972518439047936,0.33071765853799934,0.14862900914070898,1.1235943535269455,0.1933875922420617,0.13122587449919276,True,3,SMA_N200_th0_bL3_sL0,14
2017-06-29,2020-06-30,0.047039964347292074,0.2946472574138745,0.4559845540611137,0.10651509131766357,0.5577499286276987,0.33699940470536144,-0.059475126970371495,False,3,SMA_N200_th0_bL3_sL0,14
2017-12-28,2020-12-29,0.12551618301090017,0.5001527846497584,0.45598455406111377,0.13654747814625168,0.6784285010690688,0.3369994047053614,-0.011031295135351504,False,3,SMA_N200_th0_bL3_sL0,14
2018-06-29,2021-06-30,0.29197994383140924,0.8393755338827528,0.45598455406111377,0.18587229711521447,0.8729105915443839,0.33699940470536144,0.10610764671619477,True,3,SMA_N200_th0_bL3_sL0,14
2018-12-31,2021-12-29,0.5072304050705478,1.2006059920797512,0.45598455406111377,0.2624928689400243,1.1868577289334332,0.3369994047053614,0.24473753613052351,True,3,SMA_N200_th0_bL3_sL0,14
2019-07-02,2022-06-30,0.24525334477412297,0.7428625982235402,0.4559845540611137,0.10170515025821913,0.5318956289698472,0.3369994047053614,0.14354819451590384,True,3,SMA_N200_th0_bL3_sL0,14
2019-12-31,2022-12-29,0.113750997658985,0.48067474953845385,0.45598455406111377,0.07742304938000899,0.4271353587929381,0.3369994047053614,0.03632794827897601,True,3,SMA_N200_th0_bL3_sL0,14
2020-07-01,2023-07-03,0.32495311148680384,0.9655771944158804,0.524230281727854,0.14378350414623386,0.8408777680234975,0.24497192419560299,0.18116960734056997,True,3,SMA_N200_th0_bL3_sL0,14
2020-12-30,2024-01-02,0.14927185364918638,0.5855254423476414,0.5242302817278541,0.09949682496571421,0.6300791413140667,0.24497192419560299,0.04977502868347217,True,3,SMA_N200_th0_bL3_sL0,14
2021-07-01,2024-07-03,0.14097534694285963,0.5876116395859364,0.524230281727854,0.10245843112717434,0.6619306510055024,0.24497192419560296,0.03851691581568528,True,3,SMA_N200_th0_bL3_sL0,14
2021-12-30,2025-01-02,0.07216817576808254,0.36798058260002925,0.5242302817278541,0.08677336857472029,0.5582726327358701,0.24497192419560296,-0.014605192806637746,False,3,SMA_N200_th0_bL3_sL0,14
2022-07-01,2025-07-08,0.22659156382943157,0.7792050528452841,0.28827457199827977,0.19331224516654322,1.1182296747600589,0.18755388287414093,0.03327931866288836,True,3,SMA_N200_th0_bL3_sL0,14
2022-12-30,2026-01-06,0.39452214189969714,1.1115585134318735,0.28827457199827977,0.2349833795995595,1.4485395534969876,0.1875538828741409,0.15953876230013764,True,3,SMA_N200_th0_bL3_sL0,14
2009-06-26,2014-06-27,0.12811239889274684,0.5288302624221928,0.5211303574863517,0.1874842300953372,1.1357017974165047,0.18609403934920818,-0.059371831202590375,False,5,SMA_N200_th0_bL3_sL0,14
2009-12-24,2014-12-26,0.15981957118848866,0.5983858467782699,0.5211303574863517,0.15462027959582092,0.9916501320173801,0.18609403934920826,0.005199291592667743,True,5,SMA_N200_th0_bL3_sL0,14
2010-06-28,2015-06-29,0.2831836803908856,0.8945194241816846,0.4571609279107843,0.16182205923404358,1.0660807083897479,0.18609403934920812,0.12136162115684201,True,5,SMA_N200_th0_bL3_sL0,14
2010-12-27,2015-12-28,0.1834467611249242,0.6617324994067967,0.4571609279107843,0.12604680189485995,0.8518306243107862,0.18609403934920812,0.057399959230064246,True,5,SMA_N200_th0_bL3_sL0,14
2011-06-27,2016-06-28,0.1572870841327072,0.6184248702305383,0.44433846253043063,0.12001744596020347,0.8138175783695463,0.1836927506351847,0.03726963817250373,True,5,SMA_N200_th0_bL3_sL0,14
2011-12-23,2016-12-27,0.33537202002803723,1.0501545996804713,0.2875088035280424,0.14706815982265087,1.1483898466367322,0.13018165698412398,0.18830386020538636,True,5,SMA_N200_th0_bL3_sL0,14
2012-06-26,2017-06-28,0.361854585356868,1.148462553851837,0.2875088035280425,0.15393017594300362,1.2310177283345358,0.13018165698412398,0.20792440941386436,True,5,SMA_N200_th0_bL3_sL0,14
2012-12-27,2017-12-27,0.3986645219974101,1.2661383473599774,0.28750880352804237,0.15875296914039883,1.296051569902984,0.13018165698412404,0.23991155285701127,True,5,SMA_N200_th0_bL3_sL0,14
2013-06-28,2018-06-28,0.298971306949976,0.9744181460581697,0.29344229272524414,0.13283126606049356,1.065159336615451,0.1301816569841239,0.16614004088948242,True,5,SMA_N200_th0_bL3_sL0,14
2013-12-27,2018-12-28,0.15999407527097365,0.6259436830456276,0.307228891379027,0.08285122710564341,0.6696998235923756,0.19338759224206176,0.07714284816533024,True,5,SMA_N200_th0_bL3_sL0,14
2014-06-30,2019-07-01,0.14623756213266637,0.5908291338133138,0.33071765853799934,0.10790346001217888,0.8322775556330115,0.19338759224206184,0.03833410212048749,True,5,SMA_N200_th0_bL3_sL0,14
2014-12-29,2019-12-30,0.1651256574438258,0.643411491558507,0.3307176585379993,0.11179848558783756,0.8583035390815078,0.19338759224206184,0.05332717185598823,True,5,SMA_N200_th0_bL3_sL0,14
2015-06-30,2020-06-30,0.0893904351448187,0.4301619686374843,0.45598455406111377,0.10613430323723305,0.6281405442270795,0.33699940470536144,-0.01674386809241435,False,5,SMA_N200_th0_bL3_sL0,14
2015-12-29,2020-12-29,0.24774201563383014,0.8128976879014882,0.45598455406111377,0.14576444055863802,0.8272650197027058,0.33699940470536144,0.10197757507519212,True,5,SMA_N200_th0_bL3_sL0,14
2016-06-29,2021-06-30,0.36527133146042123,1.0516284435775851,0.4559845540611137,0.17871501772607035,0.9927495905590052,0.3369994047053615,0.1865563137343509,True,5,SMA_N200_th0_bL3_sL0,14
2016-12-28,2021-12-29,0.3810935419404209,1.0282058232219518,0.45598455406111377,0.18409069501103126,0.9823722035860941,0.3369994047053615,0.19700284692938963,True,5,SMA_N200_th0_bL3_sL0,14
2017-06-29,2022-06-30,0.21142942343489857,0.6772465821995896,0.4559845540611137,0.11279020867223455,0.6189100231508629,0.33699940470536144,0.09863921476266402,True,5,SMA_N200_th0_bL3_sL0,14
2017-12-28,2022-12-29,0.11257672804792418,0.4756263360151709,0.45598455406111377,0.09309654517671673,0.5234151250795963,0.3369994047053614,0.019480182871207452,True,5,SMA_N200_th0_bL3_sL0,14
2018-06-29,2023-07-03,0.14802039749918183,0.5606947169966855,0.524230281727854,0.12250097238437707,0.6489498134886903,0.33699940470536144,0.02551942511480476,True,5,SMA_N200_th0_bL3_sL0,14
2018-12-31,2024-01-02,0.20400566354043193,0.6847451272749541,0.524230281727854,0.1549015701880534,0.8002777412598205,0.3369994047053614,0.04910409335237853,True,5,SMA_N200_th0_bL3_sL0,14
2019-07-02,2024-07-03,0.2683296247589093,0.8242818176661901,0.524230281727854,0.1504397934144135,0.7790232710847329,0.3369994047053614,0.11788983134449582,True,5,SMA_N200_th0_bL3_sL0,14
2019-12-31,2025-01-02,0.2380118190452103,0.7537250519442681,0.5242302817278541,0.14423852701047402,0.7500138707875222,0.3369994047053614,0.09377329203473628,True,5,SMA_N200_th0_bL3_sL0,14
2020-07-01,2025-07-08,0.32716862635956545,0.9712511440395558,0.524230281727854,0.1651684268367719,0.9671260303471783,0.24497192419560299,0.16200019952279354,True,5,SMA_N200_th0_bL3_sL0,14
2020-12-30,2026-01-06,0.264152101709451,0.8565829812524723,0.5242302817278541,0.14798962687550477,0.8945167909240211,0.24497192419560299,0.11616247483394626,True,5,SMA_N200_th0_bL3_sL0,14
2009-06-26,2016-06-28,0.0681561269352624,0.3659348677631374,0.5211303574863517,0.14324779962103285,0.9229857783330687,0.18609403934920818,-0.07509167268577044,False,7,SMA_N200_th0_bL3_sL0,14
2009-12-24,2016-12-27,0.11998067802153534,0.5046517127108093,0.5211303574863517,0.1279355405481737,0.861694372123826,0.18609403934920826,-0.007954862526638351,False,7,SMA_N200_th0_bL3_sL0,14
2010-06-28,2017-06-28,0.2512854103432234,0.8525592196267741,0.4571609279107843,0.14723429367953234,1.009233700054355,0.18609403934920812,0.10405111666369105,True,7,SMA_N200_th0_bL3_sL0,14
2010-12-27,2017-12-27,0.26045628523363384,0.8858478579123007,0.4571609279107843,0.1369600618415734,0.9813239561983147,0.18609403934920812,0.12349622339206046,True,7,SMA_N200_th0_bL3_sL0,14
2011-06-27,2018-06-28,0.25081854328200825,0.8544503716744515,0.44433846253043063,0.13605560430959884,0.9673463390315307,0.1836927506351847,0.11476293897240941,True,7,SMA_N200_th0_bL3_sL0,14
2011-12-23,2018-12-28,0.2942865126597749,0.9569691600025877,0.307228891379027,0.12344669757899962,0.9799896628447098,0.19338759224206176,0.17083981508077528,True,7,SMA_N200_th0_bL3_sL0,14
2012-06-26,2019-07-01,0.29508744485066773,0.972465746398706,0.3307176585379993,0.14505107822562713,1.1267121957989252,0.1933875922420618,0.1500363666250406,True,7,SMA_N200_th0_bL3_sL0,14
2012-12-27,2019-12-30,0.30899460422461944,0.9953074895139493,0.3307176585379992,0.1466001403616386,1.1285824056338578,0.19338759224206184,0.16239446386298084,True,7,SMA_N200_th0_bL3_sL0,14
2013-06-28,2020-06-30,0.17669914728472103,0.6461582467437101,0.4559845540611137,0.11992927101481166,0.743910899929552,0.33699940470536144,0.05676987626990937,True,7,SMA_N200_th0_bL3_sL0,14
2013-12-27,2020-12-29,0.19532409833219289,0.6843601186134579,0.4559845540611137,0.12762026872172538,0.7744715730266725,0.33699940470536144,0.0677038296104675,True,7,SMA_N200_th0_bL3_sL0,14
2014-06-30,2021-06-30,0.23333007129098604,0.765445138063519,0.4559845540611137,0.14004350065035354,0.8314402252233055,0.3369994047053614,0.0932865706406325,True,7,SMA_N200_th0_bL3_sL0,14
2014-12-29,2021-12-29,0.2636991597022307,0.8324963723647155,0.45598455406111377,0.14683892208088012,0.865210199955837,0.33699940470536144,0.11686023762135056,True,7,SMA_N200_th0_bL3_sL0,14
2015-06-30,2022-06-30,0.1953349078113762,0.6820650284903144,0.45598455406111377,0.11071963373746829,0.6588112686857001,0.33699940470536144,0.0846152740739079,True,7,SMA_N200_th0_bL3_sL0,14
2015-12-29,2022-12-29,0.2015423300006205,0.7135053996393032,0.45598455406111377,0.11173969347378221,0.6601008530237202,0.33699940470536144,0.08980263652683829,True,7,SMA_N200_th0_bL3_sL0,14
2016-06-29,2023-07-03,0.23517789646981768,0.7911541429536716,0.524230281727854,0.13534463421269205,0.7779373167617571,0.3369994047053615,0.09983326225712563,True,7,SMA_N200_th0_bL3_sL0,14
2016-12-28,2024-01-02,0.20617525662568092,0.6921565526570443,0.524230281727854,0.13166990649070898,0.7394472496585377,0.3369994047053615,0.07450535013497195,True,7,SMA_N200_th0_bL3_sL0,14
2017-06-29,2024-07-03,0.23711993694535427,0.7551854035905882,0.5242302817278541,0.14444465213272584,0.7943353571603482,0.33699940470536144,0.09267528481262843,True,7,SMA_N200_th0_bL3_sL0,14
2017-12-28,2025-01-02,0.20023258842014657,0.673719465680746,0.524230281727854,0.13638554149329862,0.7568211715743866,0.3369994047053614,0.06384704692684795,True,7,SMA_N200_th0_bL3_sL0,14
2018-06-29,2025-07-08,0.19746776662465493,0.6760903980433901,0.524230281727854,0.14357245769291516,0.7691136416044998,0.33699940470536144,0.05389530893173977,True,7,SMA_N200_th0_bL3_sL0,14
2018-12-31,2026-01-06,0.2717453595389483,0.8374903918781011,0.524230281727854,0.17442895666513802,0.9192006107713039,0.3369994047053614,0.09731640287381027,True,7,SMA_N200_th0_bL3_sL0,14
2009-06-26,2019-07-01,0.136902742771442,0.5586897065021251,0.5211303574863517,0.1468828164072553,0.994011455782532,0.19338759224206176,-0.009980073635813325,False,10,SMA_N200_th0_bL3_sL0,14
2009-12-24,2019-12-30,0.16281966318517838,0.6189859427778518,0.5211303574863517,0.13310308901921242,0.9272834089499606,0.19338759224206184,0.02971657416596596,True,10,SMA_N200_th0_bL3_sL0,14
2010-06-28,2020-06-30,0.18306702917703688,0.6642332955969252,0.4571609279107843,0.13381143506763826,0.816339705310364,0.3369994047053615,0.049255594109398615,True,10,SMA_N200_th0_bL3_sL0,14
2010-12-27,2020-12-29,0.21884573618424463,0.7389876187788614,0.4571609279107843,0.13701222258584833,0.8337979865946171,0.33699940470536144,0.0818335135983963,True,10,SMA_N200_th0_bL3_sL0,14
2011-06-27,2021-06-30,0.2633087224862394,0.8450276099020424,0.4559845540611137,0.1508704048885765,0.9075971360184851,0.33699940470536144,0.11243831759766287,True,10,SMA_N200_th0_bL3_sL0,14
2011-12-23,2021-12-29,0.3546039435123458,1.0359819852559997,0.45598455406111377,0.16439449866200562,1.0309905644674207,0.3369994047053614,0.1902094448503402,True,10,SMA_N200_th0_bL3_sL0,14
2012-06-26,2022-06-30,0.28103005480589394,0.8825130672256509,0.4559845540611138,0.13211703089069649,0.8254023137814531,0.3369994047053614,0.14891302391519745,True,10,SMA_N200_th0_bL3_sL0,14
2012-12-27,2022-12-29,0.24791112400510684,0.8144214060717464,0.4559845540611137,0.12562469829742895,0.7670289583913944,0.33699940470536144,0.12228642570767789,True,10,SMA_N200_th0_bL3_sL0,14
2013-06-28,2023-07-03,0.22146034108700774,0.7472340137183652,0.524230281727854,0.12776280945014507,0.7739468957032904,0.33699940470536144,0.09369753163686267,True,10,SMA_N200_th0_bL3_sL0,14
2013-12-27,2024-01-02,0.18171664400571186,0.6555382147093823,0.5242302817278541,0.11922265235064877,0.7310198493740576,0.33699940470536144,0.062493991655063086,True,10,SMA_N200_th0_bL3_sL0,14
2014-06-30,2024-07-03,0.20679531114826855,0.7152141181847426,0.524230281727854,0.1292107289046538,0.7813179199416441,0.3369994047053614,0.07758458224361475,True,10,SMA_N200_th0_bL3_sL0,14
2014-12-29,2025-01-02,0.20180734044272453,0.7006340313150609,0.524230281727854,0.12812179206090124,0.7738656130834332,0.33699940470536144,0.07368554838182328,True,10,SMA_N200_th0_bL3_sL0,14
2015-06-30,2025-07-08,0.20453337131992688,0.7092894652608831,0.524230281727854,0.1360035423647974,0.79008208159337,0.33699940470536144,0.06852982895512949,True,10,SMA_N200_th0_bL3_sL0,14
2015-12-29,2026-01-06,0.25630574712382015,0.8338643853314952,0.524230281727854,0.14697768943228318,0.8581693213836324,0.33699940470536144,0.10932805769153697,True,10,SMA_N200_th0_bL3_sL0,14
2009-06-26,2012-06-25,0.043837127757979655,0.30574794565109814,0.2664738936765289,0.14945549422780413,0.8305938172466265,0.18609403934920818,-0.10561836646982448,False,3,SMA_N100_th0_bL2_sL0,15
2009-12-24,2012-12-26,0.03669917413869528,0.2878438214288955,0.26647389367652885,0.1028776274728247,0.6346074715938919,0.18609403934920826,-0.06617845333412942,False,3,SMA_N100_th0_bL2_sL0,15
2010-06-28,2013-06-27,0.16134240151914936,0.7719318518966672,0.2664738936765289,0.16869601747869378,0.9844529526755283,0.18609403934920812,-0.007353615959544424,False,3,SMA_N100_th0_bL2_sL0,15
2010-12-27,2013-12-26,0.1878595850974234,0.8718413760930406,0.26647389367652885,0.15946732100934313,0.9821906044773536,0.18609403934920812,0.028392264088080266,True,3,SMA_N100_th0_bL2_sL0,15
2011-06-27,2014-06-27,0.18927196745937813,0.884153929471057,0.2330701008794359,0.17697402094278591,1.1030082165577275,0.1836927506351847,0.012297946516592217,True,3,SMA_N100_th0_bL2_sL0,15
2011-12-23,2014-12-26,0.23317888675173726,1.129235541751985,0.19232198801334704,0.20614476853452834,1.6833068658067296,0.09686971235172698,0.027034118217208913,True,3,SMA_N100_th0_bL2_sL0,15
2012-06-26,2015-06-29,0.16686799707952593,0.8262185252361097,0.19016049185529793,0.18308889166388775,1.530082697823417,0.07345078071669656,-0.016220894584361822,False,3,SMA_N100_th0_bL2_sL0,15
2012-12-27,2015-12-28,0.10757994110184943,0.5851339724630608,0.29328202946049275,0.15480927321584348,1.1866434787749554,0.11941491863415796,-0.04722933211399405,False,3,SMA_N100_th0_bL2_sL0,15
2013-06-28,2016-06-28,0.0027033382740102585,0.1023154214763993,0.3327873742691654,0.10419160805742389,0.7969574131035633,0.1301816569841239,-0.10148826978341363,False,3,SMA_N100_th0_bL2_sL0,15
2013-12-27,2016-12-27,-0.021033147706749578,-0.0032425542713178613,0.3327873742691653,0.09387608525612334,0.7386410173561695,0.13018165698412396,-0.11490923296287292,False,3,SMA_N100_th0_bL2_sL0,15
2014-06-30,2017-06-28,0.005464114102533113,0.1235034316747672,0.3327873742691653,0.09782906274150527,0.7828528200101873,0.13018165698412393,-0.09236494863897216,False,3,SMA_N100_th0_bL2_sL0,15
2014-12-29,2017-12-27,0.07509668904173705,0.49236917921927814,0.28890602353859585,0.10847476035404835,0.9005335108615838,0.1301816569841239,-0.0333780713123113,False,3,SMA_N100_th0_bL2_sL0,15
2015-06-30,2018-06-28,0.06164462957121475,0.41347377734747937,0.2506826720987121,0.11817573246846158,0.9218142722529249,0.13018165698412412,-0.05653110289724683,False,3,SMA_N100_th0_bL2_sL0,15
2015-12-29,2018-12-28,0.12237269468987932,0.767996285592765,0.25068267209871214,0.08239082339051196,0.7012674144852037,0.19338759224206176,0.039981871299367366,True,3,SMA_N100_th0_bL2_sL0,15
2016-06-29,2019-07-01,0.1997828811785023,1.1756883776227438,0.25068267209871203,0.14913150443132817,1.2295284091741003,0.19338759224206173,0.050651376747174126,True,3,SMA_N100_th0_bL2_sL0,15
2016-12-28,2019-12-30,0.0952764736990439,0.5533813972596211,0.344781416745633,0.14862900914070898,1.1235943535269455,0.1933875922420617,-0.05335253544166507,False,3,SMA_N100_th0_bL2_sL0,15
2017-06-29,2020-06-30,0.042774323637691625,0.27834228552778434,0.344781416745633,0.10651509131766357,0.5577499286276987,0.33699940470536144,-0.06374076767997194,False,3,SMA_N100_th0_bL2_sL0,15
2017-12-28,2020-12-29,0.08015696134179517,0.4409672695485782,0.34478141674563295,0.13654747814625168,0.6784285010690688,0.3369994047053614,-0.0563905168044565,False,3,SMA_N100_th0_bL2_sL0,15
2018-06-29,2021-06-30,0.2438148838627454,1.0023521661538342,0.3017528764017523,0.18587229711521447,0.8729105915443839,0.33699940470536144,0.057942586747530944,True,3,SMA_N100_th0_bL2_sL0,15
2018-12-31,2021-12-29,0.2937350689121927,1.1104152880565141,0.30175287640175225,0.2624928689400243,1.1868577289334332,0.3369994047053614,0.031242199972168372,True,3,SMA_N100_th0_bL2_sL0,15
2019-07-02,2022-06-30,0.15014308067820203,0.6774396952048048,0.3017528764017524,0.10170515025821913,0.5318956289698472,0.3369994047053614,0.0484379304199829,True,3,SMA_N100_th0_bL2_sL0,15
2019-12-31,2022-12-29,0.11969823249497535,0.5659393506311573,0.34209618378038903,0.07742304938000899,0.4271353587929381,0.3369994047053614,0.042275183114966364,True,3,SMA_N100_th0_bL2_sL0,15
2020-07-01,2023-07-03,0.18816599352443264,0.8130145513545076,0.36684225988526037,0.14378350414623386,0.8408777680234975,0.24497192419560299,0.044382489378198775,True,3,SMA_N100_th0_bL2_sL0,15
2020-12-30,2024-01-02,0.0960605782471804,0.5144764620957392,0.36684225988526037,0.09949682496571421,0.6300791413140667,0.24497192419560299,-0.0034362467185338197,False,3,SMA_N100_th0_bL2_sL0,15
2021-07-01,2024-07-03,0.09306386024738877,0.5266098769779879,0.3668422598852604,0.10245843112717434,0.6619306510055024,0.24497192419560296,-0.009394570879785569,False,3,SMA_N100_th0_bL2_sL0,15
2021-12-30,2025-01-02,0.05491219898908861,0.34084414733323415,0.3668422598852604,0.08677336857472029,0.5582726327358701,0.24497192419560296,-0.03186116958563168,False,3,SMA_N100_th0_bL2_sL0,15
2022-07-01,2025-07-08,0.1576621120648234,0.7439459567199468,0.2497560716378323,0.19331224516654322,1.1182296747600589,0.18755388287414093,-0.03565013310171983,False,3,SMA_N100_th0_bL2_sL0,15
2022-12-30,2026-01-06,0.32226912441966693,1.3508891954550515,0.16950184449026612,0.2349833795995595,1.4485395534969876,0.1875538828741409,0.08728574482010742,True,3,SMA_N100_th0_bL2_sL0,15
2009-06-26,2014-06-27,0.15090739912136208,0.757426628831736,0.2664738936765289,0.1874842300953372,1.1357017974165047,0.18609403934920818,-0.03657683097397513,False,5,SMA_N100_th0_bL2_sL0,15
2009-12-24,2014-12-26,0.1412195343586955,0.7131091592299306,0.26647389367652885,0.15462027959582092,0.9916501320173801,0.18609403934920826,-0.013400745237125422,False,5,SMA_N100_th0_bL2_sL0,15
2010-06-28,2015-06-29,0.14461154139766852,0.7227028374120242,0.2664738936765289,0.16182205923404358,1.0660807083897479,0.18609403934920812,-0.01721051783637506,False,5,SMA_N100_th0_bL2_sL0,15
2010-12-27,2015-12-28,0.06876181853783625,0.41349222939678754,0.2932820294604928,0.12604680189485995,0.8518306243107862,0.18609403934920812,-0.0572849833570237,False,5,SMA_N100_th0_bL2_sL0,15
2011-06-27,2016-06-28,0.03684691356325298,0.275312507695855,0.3327873742691654,0.12001744596020347,0.8138175783695463,0.1836927506351847,-0.08317053239695049,False,5,SMA_N100_th0_bL2_sL0,15
2011-12-23,2016-12-27,0.10548243282386638,0.6041841105452624,0.3327873742691654,0.14706815982265087,1.1483898466367322,0.13018165698412398,-0.04158572699878449,False,5,SMA_N100_th0_bL2_sL0,15
2012-06-26,2017-06-28,0.1251509810118685,0.6878301930008873,0.3327873742691653,0.15393017594300362,1.2310177283345358,0.13018165698412398,-0.02877919493113512,False,5,SMA_N100_th0_bL2_sL0,15
2012-12-27,2017-12-27,0.167002429886419,0.8897514768541183,0.3327873742691654,0.15875296914039883,1.296051569902984,0.13018165698412404,0.008249460746020176,True,5,SMA_N100_th0_bL2_sL0,15
2013-06-28,2018-06-28,0.08651965842392273,0.5114195686479645,0.3327873742691654,0.13283126606049356,1.065159336615451,0.1301816569841239,-0.04631160763657083,False,5,SMA_N100_th0_bL2_sL0,15
2013-12-27,2018-12-28,0.037289778936665074,0.28721576073005395,0.3327873742691653,0.08285122710564341,0.6696998235923756,0.19338759224206176,-0.045561448168978336,False,5,SMA_N100_th0_bL2_sL0,15
2014-06-30,2019-07-01,0.04970409115793606,0.3494216269135047,0.3327873742691653,0.10790346001217888,0.8322775556330115,0.19338759224206184,-0.05819936885424282,False,5,SMA_N100_th0_bL2_sL0,15
2014-12-29,2019-12-30,0.02592661201771418,0.23193065847534583,0.34478141674563295,0.11179848558783756,0.8583035390815078,0.19338759224206184,-0.08587187357012338,False,5,SMA_N100_th0_bL2_sL0,15
2015-06-30,2020-06-30,0.048303280011119165,0.33616392624987235,0.34478141674563295,0.10613430323723305,0.6281405442270795,0.33699940470536144,-0.05783102322611389,False,5,SMA_N100_th0_bL2_sL0,15
2015-12-29,2020-12-29,0.1457419011971557,0.7507284432578658,0.34478141674563306,0.14576444055863802,0.8272650197027058,0.33699940470536144,-2.2539361482332154e-05,False,5,SMA_N100_th0_bL2_sL0,15
2016-06-29,2021-06-30,0.2286342261002965,1.0572488216712634,0.34478141674563295,0.17871501772607035,0.9927495905590052,0.3369994047053615,0.04991920837422614,True,5,SMA_N100_th0_bL2_sL0,15
2016-12-28,2021-12-29,0.22998756815226473,0.9948111374209644,0.344781416745633,0.18409069501103126,0.9823722035860941,0.3369994047053615,0.045896873141233474,True,5,SMA_N100_th0_bL2_sL0,15
2017-06-29,2022-06-30,0.14284418802052756,0.6761917423385021,0.344781416745633,0.11279020867223455,0.6189100231508629,0.33699940470536144,0.030053979348293014,True,5,SMA_N100_th0_bL2_sL0,15
2017-12-28,2022-12-29,0.05139434270853771,0.33206599113496277,0.34478141674563295,0.09309654517671673,0.5234151250795963,0.3369994047053614,-0.04170220246817902,False,5,SMA_N100_th0_bL2_sL0,15
2018-06-29,2023-07-03,0.12371950952696209,0.6030673262653089,0.36684225988526037,0.12250097238437707,0.6489498134886903,0.33699940470536144,0.0012185371425850189,True,5,SMA_N100_th0_bL2_sL0,15
2018-12-31,2024-01-02,0.13008374505739506,0.620287120660362,0.3668422598852604,0.1549015701880534,0.8002777412598205,0.3369994047053614,-0.024817825130658333,False,5,SMA_N100_th0_bL2_sL0,15
2019-07-02,2024-07-03,0.16309289177884745,0.7378401982428718,0.3668422598852604,0.1504397934144135,0.7790232710847329,0.3369994047053614,0.012653098364433957,True,5,SMA_N100_th0_bL2_sL0,15
2019-12-31,2025-01-02,0.20019456942915848,0.8509289290595998,0.3668422598852603,0.14423852701047402,0.7500138707875222,0.3369994047053614,0.05595604241868446,True,5,SMA_N100_th0_bL2_sL0,15
2020-07-01,2025-07-08,0.21369467388031693,0.9295526963990369,0.36684225988526037,0.1651684268367719,0.9671260303471783,0.24497192419560299,0.04852624704354502,True,5,SMA_N100_th0_bL2_sL0,15
2020-12-30,2026-01-06,0.18641176167607854,0.8606271161944459,0.36684225988526037,0.14798962687550477,0.8945167909240211,0.24497192419560299,0.03842213480057377,True,5,SMA_N100_th0_bL2_sL0,15
2009-06-26,2016-06-28,0.05335221488469766,0.35020632511000044,0.3327873742691654,0.14324779962103285,0.9229857783330687,0.18609403934920818,-0.08989558473633519,False,7,SMA_N100_th0_bL2_sL0,15
2009-12-24,2016-12-27,0.07916643659985922,0.4665732817348256,0.3327873742691653,0.1279355405481737,0.861694372123826,0.18609403934920826,-0.04876910394831446,False,7,SMA_N100_th0_bL2_sL0,15
2010-06-28,2017-06-28,0.12139372717697627,0.6522706859116444,0.3327873742691653,0.14723429367953234,1.009233700054355,0.18609403934920812,-0.02584056650255606,False,7,SMA_N100_th0_bL2_sL0,15
2010-12-27,2017-12-27,0.12077536554741686,0.6583443930833902,0.3327873742691654,0.1369600618415734,0.9813239561983147,0.18609403934920812,-0.01618469629415653,False,7,SMA_N100_th0_bL2_sL0,15
2011-06-27,2018-06-28,0.0875654106387671,0.507110209747661,0.3327873742691654,0.13605560430959884,0.9673463390315307,0.1836927506351847,-0.04849019367083174,False,7,SMA_N100_th0_bL2_sL0,15
2011-12-23,2018-12-28,0.11278080146268521,0.650144576426715,0.3327873742691654,0.12344669757899962,0.9799896628447098,0.19338759224206176,-0.01066589611631441,False,7,SMA_N100_th0_bL2_sL0,15
2012-06-26,2019-07-01,0.12357412928812495,0.6901236725476159,0.3327873742691653,0.14505107822562713,1.1267121957989252,0.1933875922420618,-0.021476948937502183,False,7,SMA_N100_th0_bL2_sL0,15
2012-12-27,2019-12-30,0.1024746757075865,0.5903231406548425,0.344781416745633,0.1466001403616386,1.1285824056338578,0.19338759224206184,-0.04412546465405209,False,7,SMA_N100_th0_bL2_sL0,15
2013-06-28,2020-06-30,0.06964581836495887,0.42675819880249927,0.34478141674563306,0.11992927101481166,0.743910899929552,0.33699940470536144,-0.05028345264985279,False,7,SMA_N100_th0_bL2_sL0,15
2013-12-27,2020-12-29,0.07666064908920234,0.451012861524497,0.344781416745633,0.12762026872172538,0.7744715730266725,0.33699940470536144,-0.050959619632523045,False,7,SMA_N100_th0_bL2_sL0,15
2014-06-30,2021-06-30,0.10924546868034835,0.5804707786303809,0.344781416745633,0.14004350065035354,0.8314402252233055,0.3369994047053614,-0.03079803197000519,False,7,SMA_N100_th0_bL2_sL0,15
2014-12-29,2021-12-29,0.13556682923690144,0.6815301153477923,0.34478141674563295,0.14683892208088012,0.865210199955837,0.33699940470536144,-0.011272092843978676,False,7,SMA_N100_th0_bL2_sL0,15
2015-06-30,2022-06-30,0.11750675706892832,0.618172500594489,0.34478141674563295,0.11071963373746829,0.6588112686857001,0.33699940470536144,0.006787123331460032,True,7,SMA_N100_th0_bL2_sL0,15
2015-12-29,2022-12-29,0.10509082358178068,0.5723702601823264,0.34478141674563306,0.11173969347378221,0.6601008530237202,0.33699940470536144,-0.00664886989200153,False,7,SMA_N100_th0_bL2_sL0,15
2016-06-29,2023-07-03,0.14671614092115615,0.7361338471855587,0.36684225988526037,0.13534463421269205,0.7779373167617571,0.3369994047053615,0.011371506708464096,True,7,SMA_N100_th0_bL2_sL0,15
2016-12-28,2024-01-02,0.13300106385599686,0.6518265608220193,0.3668422598852604,0.13166990649070898,0.7394472496585377,0.3369994047053615,0.0013311573652878828,True,7,SMA_N100_th0_bL2_sL0,15
2017-06-29,2024-07-03,0.15411710166704462,0.7233692720518318,0.3668422598852604,0.14444465213272584,0.7943353571603482,0.33699940470536144,0.009672449534318783,True,7,SMA_N100_th0_bL2_sL0,15
2017-12-28,2025-01-02,0.12489366405155411,0.611390552958964,0.36684225988526037,0.13638554149329862,0.7568211715743866,0.3369994047053614,-0.011491877441744514,False,7,SMA_N100_th0_bL2_sL0,15
2018-06-29,2025-07-08,0.15924342219511134,0.7446322842931112,0.36684225988526037,0.14357245769291516,0.7691136416044998,0.33699940470536144,0.015670964502196183,True,7,SMA_N100_th0_bL2_sL0,15
2018-12-31,2026-01-06,0.1854460660470989,0.827444762670103,0.3668422598852604,0.17442895666513802,0.9192006107713039,0.3369994047053614,0.011017109381960877,True,7,SMA_N100_th0_bL2_sL0,15
2009-06-26,2019-07-01,0.09900540766441224,0.5651775837079284,0.3327873742691654,0.1468828164072553,0.994011455782532,0.19338759224206176,-0.047877408742843075,False,10,SMA_N100_th0_bL2_sL0,15
2009-12-24,2019-12-30,0.08220128365621138,0.48876643796179275,0.344781416745633,0.13310308901921242,0.9272834089499606,0.19338759224206184,-0.05090180536300104,False,10,SMA_N100_th0_bL2_sL0,15
2010-06-28,2020-06-30,0.09535986278014419,0.5374430847176783,0.34478141674563295,0.13381143506763826,0.816339705310364,0.3369994047053615,-0.038451572287494074,False,10,SMA_N100_th0_bL2_sL0,15
2010-12-27,2020-12-29,0.10880672349033604,0.5816601967712723,0.344781416745633,0.13701222258584833,0.8337979865946171,0.33699940470536144,-0.028205499095512288,False,10,SMA_N100_th0_bL2_sL0,15
2011-06-27,2021-06-30,0.13250447724096004,0.6725775732542731,0.344781416745633,0.1508704048885765,0.9075971360184851,0.33699940470536144,-0.018365927647616465,False,10,SMA_N100_th0_bL2_sL0,15
2011-12-23,2021-12-29,0.1641360398766034,0.809337993779848,0.34478141674563295,0.16439449866200562,1.0309905644674207,0.3369994047053614,-0.0002584587854022047,False,10,SMA_N100_th0_bL2_sL0,15
2012-06-26,2022-06-30,0.13202823265889152,0.6796716206880957,0.34478141674563306,0.13211703089069649,0.8254023137814531,0.3369994047053614,-8.879823180496516e-05,False,10,SMA_N100_th0_bL2_sL0,15
2012-12-27,2022-12-29,0.10805942977082728,0.5759024216482319,0.344781416745633,0.12562469829742895,0.7670289583913944,0.33699940470536144,-0.017565268526601674,False,10,SMA_N100_th0_bL2_sL0,15
2013-06-28,2023-07-03,0.1052376013629941,0.5589378246555017,0.3668422598852604,0.12776280945014507,0.7739468957032904,0.33699940470536144,-0.022525208087150972,False,10,SMA_N100_th0_bL2_sL0,15
2013-12-27,2024-01-02,0.08265893724440843,0.4707637030473308,0.3668422598852603,0.11922265235064877,0.7310198493740576,0.33699940470536144,-0.036563715106240346,False,10,SMA_N100_th0_bL2_sL0,15
2014-06-30,2024-07-03,0.10549513108584985,0.5641984355522466,0.36684225988526037,0.1292107289046538,0.7813179199416441,0.3369994047053614,-0.023715597818803946,False,10,SMA_N100_th0_bL2_sL0,15
2014-12-29,2025-01-02,0.11009321991353538,0.5780310736088812,0.3668422598852603,0.12812179206090124,0.7738656130834332,0.33699940470536144,-0.018028572147365862,False,10,SMA_N100_th0_bL2_sL0,15
2015-06-30,2025-07-08,0.1293439807393062,0.6573260626592734,0.3668422598852603,0.1360035423647974,0.79008208159337,0.33699940470536144,-0.006659561625491195,False,10,SMA_N100_th0_bL2_sL0,15
2015-12-29,2026-01-06,0.1660996262699621,0.8067661942000294,0.3668422598852603,0.14697768943228318,0.8581693213836324,0.33699940470536144,0.019121936837678932,True,10,SMA_N100_th0_bL2_sL0,15
2009-06-26,2012-06-25,0.0028133063255557644,0.08384667271663818,0.1636575122019056,0.14945549422780413,0.8305938172466265,0.18609403934920818,-0.14664218790224837,False,3,EMA_N150_th2_bL1_sL0,16
2009-12-24,2012-12-26,0.03301101915812543,0.3135269168939487,0.1636575122019056,0.1028776274728247,0.6346074715938919,0.18609403934920826,-0.06986660831469926,False,3,EMA_N150_th2_bL1_sL0,16
2010-06-28,2013-06-27,0.08620722942383252,0.7142636941869631,0.15973760880011936,0.16869601747869378,0.9844529526755283,0.18609403934920812,-0.08248878805486126,False,3,EMA_N150_th2_bL1_sL0,16
2010-12-27,2013-12-26,0.1138827920631631,0.9206029016469046,0.15973760880011936,0.15946732100934313,0.9821906044773536,0.18609403934920812,-0.045584528946180036,False,3,EMA_N150_th2_bL1_sL0,16
2011-06-27,2014-06-27,0.13070121501336684,1.0839439760528577,0.15725855999797897,0.17697402094278591,1.1030082165577275,0.1836927506351847,-0.04627280592941907,False,3,EMA_N150_th2_bL1_sL0,16
2011-12-23,2014-12-26,0.1643452712466309,1.411207310208595,0.1197996844912946,0.20614476853452834,1.6833068658067296,0.09686971235172698,-0.04179949728789745,False,3,EMA_N150_th2_bL1_sL0,16
2012-06-26,2015-06-29,0.16350471765575203,1.3982600136144083,0.0734507807166958,0.18308889166388775,1.530082697823417,0.07345078071669656,-0.019584174008135724,False,3,EMA_N150_th2_bL1_sL0,16
2012-12-27,2015-12-28,0.11425005681117706,1.0047681243103035,0.1013698016851058,0.15480927321584348,1.1866434787749554,0.11941491863415796,-0.04055921640466642,False,3,EMA_N150_th2_bL1_sL0,16
2013-06-28,2016-06-28,0.057394766662785646,0.5519687853107923,0.11421423877543403,0.10419160805742389,0.7969574131035633,0.1301816569841239,-0.046796841394638244,False,3,EMA_N150_th2_bL1_sL0,16
2013-12-27,2016-12-27,0.047516426938147394,0.48019413278513473,0.11421423877543406,0.09387608525612334,0.7386410173561695,0.13018165698412396,-0.04635965831797595,False,3,EMA_N150_th2_bL1_sL0,16
2014-06-30,2017-06-28,0.05130187293798816,0.5298651384359304,0.11421423877543412,0.09782906274150527,0.7828528200101873,0.13018165698412393,-0.04652718980351711,False,3,EMA_N150_th2_bL1_sL0,16
2014-12-29,2017-12-27,0.07936355872735024,0.835199290049274,0.114214238775434,0.10847476035404835,0.9005335108615838,0.1301816569841239,-0.029111201626698113,False,3,EMA_N150_th2_bL1_sL0,16
2015-06-30,2018-06-28,0.08880976008351182,0.851049604234142,0.11421423877543403,0.11817573246846158,0.9218142722529249,0.13018165698412412,-0.029365972384949757,False,3,EMA_N150_th2_bL1_sL0,16
2015-12-29,2018-12-28,0.09636927411333063,0.968050798732316,0.10101891269421387,0.08239082339051196,0.7012674144852037,0.19338759224206176,0.01397845072281867,True,3,EMA_N150_th2_bL1_sL0,16
2016-06-29,2019-07-01,0.13470564983477606,1.3199254673102396,0.104697911036967,0.14913150443132817,1.2295284091741003,0.19338759224206173,-0.014425854596552101,False,3,EMA_N150_th2_bL1_sL0,16
2016-12-28,2019-12-30,0.13420946272034961,1.182647986039316,0.10469791103696699,0.14862900914070898,1.1235943535269455,0.1933875922420617,-0.014419546420359364,False,3,EMA_N150_th2_bL1_sL0,16
2017-06-29,2020-06-30,0.08738895521106027,0.7115041670136094,0.1233134143244097,0.10651509131766357,0.5577499286276987,0.33699940470536144,-0.019126136106603298,False,3,EMA_N150_th2_bL1_sL0,16
2017-12-28,2020-12-29,0.11690223161576307,0.8691198650750585,0.1233134143244096,0.13654747814625168,0.6784285010690688,0.3369994047053614,-0.019645246530488603,False,3,EMA_N150_th2_bL1_sL0,16
2018-06-29,2021-06-30,0.1653744700745856,1.2148993480167043,0.12331341432440954,0.18587229711521447,0.8729105915443839,0.33699940470536144,-0.020497827040628858,False,3,EMA_N150_th2_bL1_sL0,16
2018-12-31,2021-12-29,0.21918101012660718,1.5117966204895188,0.12331341432440963,0.2624928689400243,1.1868577289334332,0.3369994047053614,-0.04331185881341715,False,3,EMA_N150_th2_bL1_sL0,16
2019-07-02,2022-06-30,0.10327900142749957,0.777981351307639,0.18946425967069605,0.10170515025821913,0.5318956289698472,0.3369994047053614,0.001573851169280438,True,3,EMA_N150_th2_bL1_sL0,16
2019-12-31,2022-12-29,0.029524992863039445,0.2887788301021511,0.27785984552028165,0.07742304938000899,0.4271353587929381,0.3369994047053614,-0.047898056516969545,False,3,EMA_N150_th2_bL1_sL0,16
2020-07-01,2023-07-03,0.06311154916709039,0.5612791537980976,0.3075183531172679,0.14378350414623386,0.8408777680234975,0.24497192419560299,-0.08067195497914348,False,3,EMA_N150_th2_bL1_sL0,16
2020-12-30,2024-01-02,0.006535898116275973,0.11832301425090919,0.30751835311726783,0.09949682496571421,0.6300791413140667,0.24497192419560299,-0.09296092684943824,False,3,EMA_N150_th2_bL1_sL0,16
2021-07-01,2024-07-03,0.009247104597190914,0.15464686921699203,0.30751835311726783,0.10245843112717434,0.6619306510055024,0.24497192419560296,-0.09321132652998343,False,3,EMA_N150_th2_bL1_sL0,16
2021-12-30,2025-01-02,-0.0051118077386735905,0.005286203951177507,0.3075183531172679,0.08677336857472029,0.5582726327358701,0.24497192419560296,-0.09188517631339388,False,3,EMA_N150_th2_bL1_sL0,16
2022-07-01,2025-07-08,0.073139645342013,0.6749868335871633,0.1495432225821601,0.19331224516654322,1.1182296747600589,0.18755388287414093,-0.12017259982453021,False,3,EMA_N150_th2_bL1_sL0,16
2022-12-30,2026-01-06,0.15884454657604152,1.3198272619575249,0.09421981014262283,0.2349833795995595,1.4485395534969876,0.1875538828741409,-0.07613883302351798,False,3,EMA_N150_th2_bL1_sL0,16
2009-06-26,2014-06-27,0.09416656285319203,0.8213962455138151,0.1636575122019056,0.1874842300953372,1.1357017974165047,0.18609403934920818,-0.09331766724214519,False,5,EMA_N150_th2_bL1_sL0,16
2009-12-24,2014-12-26,0.09912618384251903,0.82908340872191,0.1636575122019056,0.15462027959582092,0.9916501320173801,0.18609403934920826,-0.055494095753301886,False,5,EMA_N150_th2_bL1_sL0,16
2010-06-28,2015-06-29,0.10085256585873825,0.8597834739249941,0.15973760880011936,0.16182205923404358,1.0660807083897479,0.18609403934920812,-0.06096949337530533,False,5,EMA_N150_th2_bL1_sL0,16
2010-12-27,2015-12-28,0.0759669699722707,0.665327271973307,0.15973760880011936,0.12604680189485995,0.8518306243107862,0.18609403934920812,-0.050079831922589246,False,5,EMA_N150_th2_bL1_sL0,16
2011-06-27,2016-06-28,0.06537012686603738,0.6058725728891058,0.15725855999797897,0.12001744596020347,0.8138175783695463,0.1836927506351847,-0.05464731909416609,False,5,EMA_N150_th2_bL1_sL0,16
2011-12-23,2016-12-27,0.10528006446894689,0.9612874288713557,0.1197996844912946,0.14706815982265087,1.1483898466367322,0.13018165698412398,-0.04178809535370398,False,5,EMA_N150_th2_bL1_sL0,16
2012-06-26,2017-06-28,0.12434899116625475,1.1489448453283382,0.11421423877543412,0.15393017594300362,1.2310177283345358,0.13018165698412398,-0.02958118477674887,False,5,EMA_N150_th2_bL1_sL0,16
2012-12-27,2017-12-27,0.1290481512880215,1.2277994631697982,0.11421423877543396,0.15875296914039883,1.296051569902984,0.13018165698412404,-0.02970481785237733,False,5,EMA_N150_th2_bL1_sL0,16
2013-06-28,2018-06-28,0.10379095521601078,0.95964102292455,0.11421423877543403,0.13283126606049356,1.065159336615451,0.1301816569841239,-0.029040310844482775,False,5,EMA_N150_th2_bL1_sL0,16
2013-12-27,2018-12-28,0.06806835952556134,0.6625539198805848,0.11421423877543406,0.08285122710564341,0.6696998235923756,0.19338759224206176,-0.01478286758008207,False,5,EMA_N150_th2_bL1_sL0,16
2014-06-30,2019-07-01,0.07135489284787622,0.692258756847431,0.11421423877543412,0.10790346001217888,0.8322775556330115,0.19338759224206184,-0.03654856716430266,False,5,EMA_N150_th2_bL1_sL0,16
2014-12-29,2019-12-30,0.0859372997317982,0.811576561824016,0.114214238775434,0.11179848558783756,0.8583035390815078,0.19338759224206184,-0.02586118585603936,False,5,EMA_N150_th2_bL1_sL0,16
2015-06-30,2020-06-30,0.07729749490357607,0.7107236708839012,0.12331341432440955,0.10613430323723305,0.6281405442270795,0.33699940470536144,-0.028836808333656982,False,5,EMA_N150_th2_bL1_sL0,16
2015-12-29,2020-12-29,0.12872337838636416,1.0846055793958083,0.12331341432440948,0.14576444055863802,0.8272650197027058,0.33699940470536144,-0.017041062172273858,False,5,EMA_N150_th2_bL1_sL0,16
2016-06-29,2021-06-30,0.1664544070062164,1.337181750123481,0.12331341432440956,0.17871501772607035,0.9927495905590052,0.3369994047053615,-0.01226061071985396,False,5,EMA_N150_th2_bL1_sL0,16
2016-12-28,2021-12-29,0.17177416824229685,1.3069717005328836,0.12331341432440966,0.18409069501103126,0.9823722035860941,0.3369994047053615,-0.012316526768734404,False,5,EMA_N150_th2_bL1_sL0,16
2017-06-29,2022-06-30,0.10533753242584032,0.8228309622653696,0.1894642596706962,0.11279020867223455,0.6189100231508629,0.33699940470536144,-0.00745267624639423,False,5,EMA_N150_th2_bL1_sL0,16
2017-12-28,2022-12-29,0.05566229481071305,0.48167000872874777,0.27785984552028153,0.09309654517671673,0.5234151250795963,0.3369994047053614,-0.037434250366003674,False,5,EMA_N150_th2_bL1_sL0,16
2018-06-29,2023-07-03,0.06315545999055883,0.5502068902506705,0.3075183531172679,0.12250097238437707,0.6489498134886903,0.33699940470536144,-0.059345512393818245,False,5,EMA_N150_th2_bL1_sL0,16
2018-12-31,2024-01-02,0.07262201011042935,0.6151977769635061,0.30751835311726783,0.1549015701880534,0.8002777412598205,0.3369994047053614,-0.08227956007762405,False,5,EMA_N150_th2_bL1_sL0,16
2019-07-02,2024-07-03,0.08794358214119069,0.7284354715891529,0.30751835311726783,0.1504397934144135,0.7790232710847329,0.3369994047053614,-0.0624962112732228,False,5,EMA_N150_th2_bL1_sL0,16
2019-12-31,2025-01-02,0.08207919182373602,0.6779572811718847,0.3075183531172679,0.14423852701047402,0.7500138707875222,0.3369994047053614,-0.062159335186737996,False,5,EMA_N150_th2_bL1_sL0,16
2020-07-01,2025-07-08,0.09509738166721315,0.8057381616886234,0.3075183531172679,0.1651684268367719,0.9671260303471783,0.24497192419560299,-0.07007104516955875,False,5,EMA_N150_th2_bL1_sL0,16
2020-12-30,2026-01-06,0.07895168253525076,0.7076257036988477,0.30751835311726783,0.14798962687550477,0.8945167909240211,0.24497192419560299,-0.06903794434025401,False,5,EMA_N150_th2_bL1_sL0,16
2009-06-26,2016-06-28,0.05852982578238164,0.5460267484206438,0.1636575122019056,0.14324779962103285,0.9229857783330687,0.18609403934920818,-0.0847179738386512,False,7,EMA_N150_th2_bL1_sL0,16
2009-12-24,2016-12-27,0.07660974696945844,0.6780877027115714,0.1636575122019056,0.1279355405481737,0.861694372123826,0.18609403934920826,-0.05132579357871525,False,7,EMA_N150_th2_bL1_sL0,16
2010-06-28,2017-06-28,0.09140126087873846,0.8228692103239859,0.15973760880011936,0.14723429367953234,1.009233700054355,0.18609403934920812,-0.05583303280079388,False,7,EMA_N150_th2_bL1_sL0,16
2010-12-27,2017-12-27,0.09706255650748985,0.8839617913480976,0.15973760880011936,0.1369600618415734,0.9813239561983147,0.18609403934920812,-0.03989750533408354,False,7,EMA_N150_th2_bL1_sL0,16
2011-06-27,2018-06-28,0.09618983764463596,0.8633997595193617,0.15725855999797897,0.13605560430959884,0.9673463390315307,0.1836927506351847,-0.03986576666496289,False,7,EMA_N150_th2_bL1_sL0,16
2011-12-23,2018-12-28,0.10365683058817088,0.955456965540418,0.1197996844912946,0.12344669757899962,0.9799896628447098,0.19338759224206176,-0.01978986699082874,False,7,EMA_N150_th2_bL1_sL0,16
2012-06-26,2019-07-01,0.11794671927160527,1.0808432872515552,0.11421423877543412,0.14505107822562713,1.1267121957989252,0.1933875922420618,-0.027104358954021857,False,7,EMA_N150_th2_bL1_sL0,16
2012-12-27,2019-12-30,0.11945911375411655,1.082764106239326,0.11421423877543396,0.1466001403616386,1.1285824056338578,0.19338759224206184,-0.027141026607522045,False,7,EMA_N150_th2_bL1_sL0,16
2013-06-28,2020-06-30,0.09117286168698513,0.8234033800446301,0.12331341432440954,0.11992927101481166,0.743910899929552,0.33699940470536144,-0.028756409327826526,False,7,EMA_N150_th2_bL1_sL0,16
2013-12-27,2020-12-29,0.09866637774579523,0.8534525512322482,0.12331341432440965,0.12762026872172538,0.7744715730266725,0.33699940470536144,-0.028953890975930152,False,7,EMA_N150_th2_bL1_sL0,16
2014-06-30,2021-06-30,0.11077061850974879,0.9310480394388831,0.12331341432440952,0.14004350065035354,0.8314402252233055,0.3369994047053614,-0.02927288214060475,False,7,EMA_N150_th2_bL1_sL0,16
2014-12-29,2021-12-29,0.125407607996187,1.0340289663985172,0.12331341432440966,0.14683892208088012,0.865210199955837,0.33699940470536144,-0.02143131408469312,False,7,EMA_N150_th2_bL1_sL0,16
2015-06-30,2022-06-30,0.09287542076211142,0.7939605253794667,0.18946425967069605,0.11071963373746829,0.6588112686857001,0.33699940470536144,-0.017844212975356877,False,7,EMA_N150_th2_bL1_sL0,16
2015-12-29,2022-12-29,0.08091463235369956,0.7222649705068984,0.27785984552028153,0.11173969347378221,0.6601008530237202,0.33699940470536144,-0.030825061120082653,False,7,EMA_N150_th2_bL1_sL0,16
2016-06-29,2023-07-03,0.0921481868034495,0.8094138623382342,0.3075183531172678,0.13534463421269205,0.7779373167617571,0.3369994047053615,-0.043196447409242555,False,7,EMA_N150_th2_bL1_sL0,16
2016-12-28,2024-01-02,0.08155177140414449,0.6953761992086873,0.30751835311726783,0.13166990649070898,0.7394472496585377,0.3369994047053615,-0.050118135086564486,False,7,EMA_N150_th2_bL1_sL0,16
2017-06-29,2024-07-03,0.09376076335410777,0.7770313806014246,0.3075183531172679,0.14444465213272584,0.7943353571603482,0.33699940470536144,-0.05068388877861807,False,7,EMA_N150_th2_bL1_sL0,16
2017-12-28,2025-01-02,0.08605856562133996,0.7109811982643058,0.30751835311726783,0.13638554149329862,0.7568211715743866,0.3369994047053614,-0.05032697587195867,False,7,EMA_N150_th2_bL1_sL0,16
2018-06-29,2025-07-08,0.08588842946470576,0.7276587530963463,0.3075183531172679,0.14357245769291516,0.7691136416044998,0.33699940470536144,-0.057684028228209394,False,7,EMA_N150_th2_bL1_sL0,16
2018-12-31,2026-01-06,0.10687503296638434,0.8769214627949002,0.30751835311726783,0.17442895666513802,0.9192006107713039,0.3369994047053614,-0.06755392369875368,False,7,EMA_N150_th2_bL1_sL0,16
2009-06-26,2019-07-01,0.08261117612816471,0.7589573960282838,0.1636575122019056,0.1468828164072553,0.994011455782532,0.19338759224206176,-0.0642716402790906,False,10,EMA_N150_th2_bL1_sL0,16
2009-12-24,2019-12-30,0.0926201890722631,0.819391474044489,0.1636575122019056,0.13310308901921242,0.9272834089499606,0.19338759224206184,-0.04048289994694931,False,10,EMA_N150_th2_bL1_sL0,16
2010-06-28,2020-06-30,0.08919696298716118,0.7867740477258167,0.15973760880011936,0.13381143506763826,0.816339705310364,0.3369994047053615,-0.044614472080477086,False,10,EMA_N150_th2_bL1_sL0,16
2010-12-27,2020-12-29,0.10315791707038136,0.8741094540813366,0.15973760880011936,0.13701222258584833,0.8337979865946171,0.33699940470536144,-0.033854305515466976,False,10,EMA_N150_th2_bL1_sL0,16
2011-06-27,2021-06-30,0.11660347483992828,0.9774874550436747,0.15725855999797897,0.1508704048885765,0.9075971360184851,0.33699940470536144,-0.034266930048648225,False,10,EMA_N150_th2_bL1_sL0,16
2011-12-23,2021-12-29,0.13703878005231607,1.1419839336389435,0.12331341432440965,0.16439449866200562,1.0309905644674207,0.3369994047053614,-0.02735571860968955,False,10,EMA_N150_th2_bL1_sL0,16
2012-06-26,2022-06-30,0.11377061179516512,0.966760174127921,0.1894642596706961,0.13211703089069649,0.8254023137814531,0.3369994047053614,-0.018346419095531363,False,10,EMA_N150_th2_bL1_sL0,16
2012-12-27,2022-12-29,0.0919252340231147,0.8036173603065038,0.2778598455202816,0.12562469829742895,0.7670289583913944,0.33699940470536144,-0.03369946427431425,False,10,EMA_N150_th2_bL1_sL0,16
2013-06-28,2023-07-03,0.08340420211548749,0.7367212664416151,0.30751835311726794,0.12776280945014507,0.7739468957032904,0.33699940470536144,-0.044358607334657574,False,10,EMA_N150_th2_bL1_sL0,16
2013-12-27,2024-01-02,0.07031387880662376,0.6349247729186638,0.30751835311726783,0.11922265235064877,0.7310198493740576,0.33699940470536144,-0.04890877354402501,False,10,EMA_N150_th2_bL1_sL0,16
2014-06-30,2024-07-03,0.07986548762715828,0.7093516395642976,0.30751835311726783,0.1292107289046538,0.7813179199416441,0.3369994047053614,-0.04934524127749551,False,10,EMA_N150_th2_bL1_sL0,16
2014-12-29,2025-01-02,0.0842349640299731,0.736489433168985,0.30751835311726783,0.12812179206090124,0.7738656130834332,0.33699940470536144,-0.04388682803092814,False,10,EMA_N150_th2_bL1_sL0,16
2015-06-30,2025-07-08,0.0868840618764346,0.7595046384775763,0.3075183531172678,0.1360035423647974,0.79008208159337,0.33699940470536144,-0.04911948048836279,False,10,EMA_N150_th2_bL1_sL0,16
2015-12-29,2026-01-06,0.10367121382718114,0.8981656145030903,0.30751835311726783,0.14697768943228318,0.8581693213836324,0.33699940470536144,-0.043306475605102035,False,10,EMA_N150_th2_bL1_sL0,16
2009-06-26,2012-06-25,0.00393065595489972,0.09145930185464594,0.14528858817233337,0.14945549422780413,0.8305938172466265,0.18609403934920818,-0.1455248382729044,False,3,SMA_N150_th5_bL1_sL0,17
2009-12-24,2012-12-26,0.03416201553211051,0.3332014347125379,0.14528858817233337,0.1028776274728247,0.6346074715938919,0.18609403934920826,-0.06871561194071418,False,3,SMA_N150_th5_bL1_sL0,17
2010-06-28,2013-06-27,0.09882920307736409,0.8820295536273138,0.12003443087514991,0.16869601747869378,0.9844529526755283,0.18609403934920812,-0.06986681440132969,False,3,SMA_N150_th5_bL1_sL0,17
2010-12-27,2013-12-26,0.12680529582530364,1.0797216585320262,0.12003443087514988,0.15946732100934313,0.9821906044773536,0.18609403934920812,-0.03266202518403949,False,3,SMA_N150_th5_bL1_sL0,17
2011-06-27,2014-06-27,0.1438188345770941,1.2622542277067146,0.1174382447160279,0.17697402094278591,1.1030082165577275,0.1836927506351847,-0.03315518636569181,False,3,SMA_N150_th5_bL1_sL0,17
2011-12-23,2014-12-26,0.1969414716166289,1.6049870020592627,0.0968697123517278,0.20614476853452834,1.6833068658067296,0.09686971235172698,-0.00920329691789945,False,3,SMA_N150_th5_bL1_sL0,17
2012-06-26,2015-06-29,0.1830888916638882,1.5300826978234179,0.07345078071669638,0.18308889166388775,1.530082697823417,0.07345078071669656,4.440892098500626e-16,True,3,SMA_N150_th5_bL1_sL0,17
2012-12-27,2015-12-28,0.11971493029072122,1.0627709336988078,0.11007548678426261,0.15480927321584348,1.1866434787749554,0.11941491863415796,-0.03509434292512226,False,3,SMA_N150_th5_bL1_sL0,17
2013-06-28,2016-06-28,0.061359213246333866,0.6058923184070749,0.1479226115105538,0.10419160805742389,0.7969574131035633,0.1301816569841239,-0.042832394811090024,False,3,SMA_N150_th5_bL1_sL0,17
2013-12-27,2016-12-27,0.05144383707002542,0.5314911480539084,0.14792261151055378,0.09387608525612334,0.7386410173561695,0.13018165698412396,-0.04243224818609792,False,3,SMA_N150_th5_bL1_sL0,17
2014-06-30,2017-06-28,0.05524347568641219,0.5868785797582146,0.14792261151055386,0.09782906274150527,0.7828528200101873,0.13018165698412393,-0.04258558705509308,False,3,SMA_N150_th5_bL1_sL0,17
2014-12-29,2017-12-27,0.06547621895312172,0.7452837241409039,0.14792261151055394,0.10847476035404835,0.9005335108615838,0.1301816569841239,-0.042998541400926626,False,3,SMA_N150_th5_bL1_sL0,17
2015-06-30,2018-06-28,0.07480088331023627,0.7661754832499075,0.14792261151055391,0.11817573246846158,0.9218142722529249,0.13018165698412412,-0.043374849158225315,False,3,SMA_N150_th5_bL1_sL0,17
2015-12-29,2018-12-28,0.09657109928519536,0.8894312182530912,0.10101891269421386,0.08239082339051196,0.7012674144852037,0.19338759224206176,0.014180275894683403,True,3,SMA_N150_th5_bL1_sL0,17
2016-06-29,2019-07-01,0.11348872051030767,1.0817158860852572,0.13627863033148835,0.14913150443132817,1.2295284091741003,0.19338759224206173,-0.03564278392102049,False,3,SMA_N150_th5_bL1_sL0,17
2016-12-28,2019-12-30,0.11300181119135155,0.9644463383845961,0.13627863033148843,0.14862900914070898,1.1235943535269455,0.1933875922420617,-0.035627197949357425,False,3,SMA_N150_th5_bL1_sL0,17
2017-06-29,2020-06-30,0.015956578643974595,0.16236280041148782,0.23930973258682317,0.10651509131766357,0.5577499286276987,0.33699940470536144,-0.09055851267368897,False,3,SMA_N150_th5_bL1_sL0,17
2017-12-28,2020-12-29,0.04353107917297416,0.3562109252958103,0.23930973258682334,0.13654747814625168,0.6784285010690688,0.3369994047053614,-0.09301639897327751,False,3,SMA_N150_th5_bL1_sL0,17
2018-06-29,2021-06-30,0.08881909622321293,0.6419813524280834,0.23930973258682334,0.18587229711521447,0.8729105915443839,0.33699940470536144,-0.09705320089200153,False,3,SMA_N150_th5_bL1_sL0,17
2018-12-31,2021-12-29,0.14160980924975308,0.9673123467283163,0.23930973258682325,0.2624928689400243,1.1868577289334332,0.3369994047053614,-0.12088305969027124,False,3,SMA_N150_th5_bL1_sL0,17
2019-07-02,2022-06-30,0.08047159504000545,0.5937921445799669,0.2393097325868233,0.10170515025821913,0.5318956289698472,0.3369994047053614,-0.021233555218213684,False,3,SMA_N150_th5_bL1_sL0,17
2019-12-31,2022-12-29,0.04786160852328214,0.4057912784444067,0.23930973258682323,0.07742304938000899,0.4271353587929381,0.3369994047053614,-0.02956144085672685,False,3,SMA_N150_th5_bL1_sL0,17
2020-07-01,2023-07-03,0.14670391257876148,1.2034061369938016,0.17390689855441704,0.14378350414623386,0.8408777680234975,0.24497192419560299,0.0029204084325276103,True,3,SMA_N150_th5_bL1_sL0,17
2020-12-30,2024-01-02,0.10230415676192117,0.9305325355413682,0.17390689855441693,0.09949682496571421,0.6300791413140667,0.24497192419560299,0.0028073317962069577,True,3,SMA_N150_th5_bL1_sL0,17
2021-07-01,2024-07-03,0.10527332475617324,1.0072124066044692,0.17390689855441713,0.10245843112717434,0.6619306510055024,0.24497192419560296,0.0028148936289988935,True,3,SMA_N150_th5_bL1_sL0,17
2021-12-30,2025-01-02,0.08954821372533428,0.82492406915484,0.17390689855441707,0.08677336857472029,0.5582726327358701,0.24497192419560296,0.0027748451506139915,True,3,SMA_N150_th5_bL1_sL0,17
2022-07-01,2025-07-08,0.11702345757966315,1.0721281916227619,0.10305095085075269,0.19331224516654322,1.1182296747600589,0.18755388287414093,-0.07628878758688007,False,3,SMA_N150_th5_bL1_sL0,17
2022-12-30,2026-01-06,0.16062575084238584,1.3285801047315222,0.10305095085075269,0.2349833795995595,1.4485395534969876,0.1875538828741409,-0.07435762875717367,False,3,SMA_N150_th5_bL1_sL0,17
2009-06-26,2014-06-27,0.09489749463312824,0.8563710437896964,0.14528858817233337,0.1874842300953372,1.1357017974165047,0.18609403934920818,-0.09258673546220897,False,5,SMA_N150_th5_bL1_sL0,17
2009-12-24,2014-12-26,0.11092518075623992,0.9409415596108097,0.14528858817233337,0.15462027959582092,0.9916501320173801,0.18609403934920826,-0.043695098839581004,False,5,SMA_N150_th5_bL1_sL0,17
2010-06-28,2015-06-29,0.11965777690132762,1.0575889556631346,0.12003443087514991,0.16182205923404358,1.0660807083897479,0.18609403934920812,-0.04216428233271596,False,5,SMA_N150_th5_bL1_sL0,17
2010-12-27,2015-12-28,0.08661872904938428,0.7821661773540824,0.12003443087514988,0.12604680189485995,0.8518306243107862,0.18609403934920812,-0.03942807284547567,False,5,SMA_N150_th5_bL1_sL0,17
2011-06-27,2016-06-28,0.07517505642505662,0.7237087811914571,0.14792261151055383,0.12001744596020347,0.8138175783695463,0.1836927506351847,-0.044842389535146854,False,5,SMA_N150_th5_bL1_sL0,17
2011-12-23,2016-12-27,0.11504038777040249,1.0416478005303396,0.1479226115105539,0.14706815982265087,1.1483898466367322,0.13018165698412398,-0.03202777205224838,False,5,SMA_N150_th5_bL1_sL0,17
2012-06-26,2017-06-28,0.12687504325694166,1.1961215973415094,0.14792261151055372,0.15393017594300362,1.2310177283345358,0.13018165698412398,-0.027055132686061967,False,5,SMA_N150_th5_bL1_sL0,17
2012-12-27,2017-12-27,0.13158476088651372,1.2810421900178248,0.14792261151055383,0.15875296914039883,1.296051569902984,0.13018165698412404,-0.027168208253885107,False,5,SMA_N150_th5_bL1_sL0,17
2013-06-28,2018-06-28,0.10627081998398813,1.0019885163887938,0.1479226115105538,0.13283126606049356,1.065159336615451,0.1301816569841239,-0.02656044607650543,False,5,SMA_N150_th5_bL1_sL0,17
2013-12-27,2018-12-28,0.06905098235687701,0.6581854844989585,0.14792261151055378,0.08285122710564341,0.6696998235923756,0.19338759224206176,-0.0138002447487664,False,5,SMA_N150_th5_bL1_sL0,17
2014-06-30,2019-07-01,0.06167636893473061,0.603477238173535,0.14792261151055386,0.10790346001217888,0.8322775556330115,0.19338759224206184,-0.04622709107744827,False,5,SMA_N150_th5_bL1_sL0,17
2014-12-29,2019-12-30,0.06540887520384886,0.63581886295858,0.14792261151055394,0.11179848558783756,0.8583035390815078,0.19338759224206184,-0.0463896103839887,False,5,SMA_N150_th5_bL1_sL0,17
2015-06-30,2020-06-30,0.026281630954395396,0.2750923359791138,0.2393097325868233,0.10613430323723305,0.6281405442270795,0.33699940470536144,-0.07985267228283766,False,5,SMA_N150_th5_bL1_sL0,17
2015-12-29,2020-12-29,0.08521110938995458,0.6905847889644134,0.2393097325868233,0.14576444055863802,0.8272650197027058,0.33699940470536144,-0.060553331168683444,False,5,SMA_N150_th5_bL1_sL0,17
2016-06-29,2021-06-30,0.11987946595613264,0.9318196804728346,0.23930973258682325,0.17871501772607035,0.9927495905590052,0.3369994047053615,-0.05883555176993771,False,5,SMA_N150_th5_bL1_sL0,17
2016-12-28,2021-12-29,0.12498681634744924,0.9137428573794971,0.23930973258682328,0.18409069501103126,0.9823722035860941,0.3369994047053615,-0.05910387866358202,False,5,SMA_N150_th5_bL1_sL0,17
2017-06-29,2022-06-30,0.07929152682068685,0.6031615921640221,0.23930973258682317,0.11279020867223455,0.6189100231508629,0.33699940470536144,-0.033498681851547696,False,5,SMA_N150_th5_bL1_sL0,17
2017-12-28,2022-12-29,0.054889482727707106,0.45874994613698483,0.23930973258682334,0.09309654517671673,0.5234151250795963,0.3369994047053614,-0.03820706244900962,False,5,SMA_N150_th5_bL1_sL0,17
2018-06-29,2023-07-03,0.0681034505581446,0.5597304782679582,0.23930973258682334,0.12250097238437707,0.6489498134886903,0.33699940470536144,-0.054397521826232476,False,5,SMA_N150_th5_bL1_sL0,17
2018-12-31,2024-01-02,0.08892067004094661,0.7134340731792476,0.23930973258682325,0.1549015701880534,0.8002777412598205,0.3369994047053614,-0.06598090014710678,False,5,SMA_N150_th5_bL1_sL0,17
2019-07-02,2024-07-03,0.11556912406353681,0.8910558584328292,0.2393097325868233,0.1504397934144135,0.7790232710847329,0.3369994047053614,-0.03487066935087668,False,5,SMA_N150_th5_bL1_sL0,17
2019-12-31,2025-01-02,0.1095558225679445,0.8409684800604593,0.23930973258682323,0.14423852701047402,0.7500138707875222,0.3369994047053614,-0.03468270444252952,False,5,SMA_N150_th5_bL1_sL0,17
2020-07-01,2025-07-08,0.14085691775626796,1.1707383825832824,0.17390689855441704,0.1651684268367719,0.9671260303471783,0.24497192419560299,-0.024311509080503946,False,5,SMA_N150_th5_bL1_sL0,17
2020-12-30,2026-01-06,0.12403655743482545,1.0919299809551444,0.17390689855441693,0.14798962687550477,0.8945167909240211,0.24497192419560299,-0.02395306944067932,False,5,SMA_N150_th5_bL1_sL0,17
2009-06-26,2016-06-28,0.06073333042132223,0.5845541641962746,0.14792261151055383,0.14324779962103285,0.9229857783330687,0.18609403934920818,-0.08251446919971062,False,7,SMA_N150_th5_bL1_sL0,17
2009-12-24,2016-12-27,0.07885088795008444,0.7208423270659116,0.14792261151055383,0.1279355405481737,0.861694372123826,0.18609403934920826,-0.04908465259808925,False,7,SMA_N150_th5_bL1_sL0,17
2010-06-28,2017-06-28,0.0985736737008287,0.9366907002149603,0.1479226115105539,0.14723429367953234,1.009233700054355,0.18609403934920812,-0.048660619978703634,False,7,SMA_N150_th5_bL1_sL0,17
2010-12-27,2017-12-27,0.10426333291801848,0.9900631618054876,0.1479226115105538,0.1369600618415734,0.9813239561983147,0.18609403934920812,-0.03269672892355491,False,7,SMA_N150_th5_bL1_sL0,17
2011-06-27,2018-06-28,0.10338488580077887,0.9630880210363787,0.14792261151055383,0.13605560430959884,0.9673463390315307,0.1836927506351847,-0.032670718508819974,False,7,SMA_N150_th5_bL1_sL0,17
2011-12-23,2018-12-28,0.10955787514140236,0.9764967625558069,0.1479226115105539,0.12344669757899962,0.9799896628447098,0.19338759224206176,-0.013888822437597259,False,7,SMA_N150_th5_bL1_sL0,17
2012-06-26,2019-07-01,0.11072512787141697,1.0155805073528303,0.14792261151055372,0.14505107822562713,1.1267121957989252,0.1933875922420618,-0.034325950354210155,False,7,SMA_N150_th5_bL1_sL0,17
2012-12-27,2019-12-30,0.11222775275149544,1.0176470805804207,0.14792261151055383,0.1466001403616386,1.1285824056338578,0.19338759224206184,-0.03437238761014316,False,7,SMA_N150_th5_bL1_sL0,17
2013-06-28,2020-06-30,0.0615784164416211,0.5519481376597976,0.23930973258682334,0.11992927101481166,0.743910899929552,0.33699940470536144,-0.05835085457319056,False,7,SMA_N150_th5_bL1_sL0,17
2013-12-27,2020-12-29,0.06886869572788656,0.5934956965143378,0.2393097325868232,0.12762026872172538,0.7744715730266725,0.33699940470536144,-0.05875157299383882,False,7,SMA_N150_th5_bL1_sL0,17
2014-06-30,2021-06-30,0.08064464910209335,0.6716093828196592,0.23930973258682317,0.14004350065035354,0.8314402252233055,0.3369994047053614,-0.05939885154826019,False,7,SMA_N150_th5_bL1_sL0,17
2014-12-29,2021-12-29,0.08708601366678126,0.7178629032047414,0.23930973258682334,0.14683892208088012,0.865210199955837,0.33699940470536144,-0.05975290841409886,False,7,SMA_N150_th5_bL1_sL0,17
2015-06-30,2022-06-30,0.06848056870300145,0.5867749396250856,0.2393097325868233,0.11071963373746829,0.6588112686857001,0.33699940470536144,-0.04223906503446684,False,7,SMA_N150_th5_bL1_sL0,17
2015-12-29,2022-12-29,0.08145713577672176,0.6917028533387171,0.2393097325868233,0.11173969347378221,0.6601008530237202,0.33699940470536144,-0.030282557697060453,False,7,SMA_N150_th5_bL1_sL0,17
2016-06-29,2023-07-03,0.09577561348994523,0.802975671195863,0.23930973258682325,0.13534463421269205,0.7779373167617571,0.3369994047053615,-0.03956902072274682,False,7,SMA_N150_th5_bL1_sL0,17
2016-12-28,2024-01-02,0.09222895734464442,0.7432663176327914,0.23930973258682328,0.13166990649070898,0.7394472496585377,0.3369994047053615,-0.03944094914606455,False,7,SMA_N150_th5_bL1_sL0,17
2017-06-29,2024-07-03,0.10455847766933957,0.8207731443874613,0.23930973258682317,0.14444465213272584,0.7943353571603482,0.33699940470536144,-0.03988617446338627,False,7,SMA_N150_th5_bL1_sL0,17
2017-12-28,2025-01-02,0.09678024307960609,0.7575932743168596,0.23930973258682334,0.13638554149329862,0.7568211715743866,0.3369994047053614,-0.039605298413692536,False,7,SMA_N150_th5_bL1_sL0,17
2018-06-29,2025-07-08,0.08603477095814172,0.7030877765767735,0.23930973258682334,0.14357245769291516,0.7691136416044998,0.33699940470536144,-0.05753768673477344,False,7,SMA_N150_th5_bL1_sL0,17
2018-12-31,2026-01-06,0.10807184990630803,0.8711151290699308,0.23930973258682325,0.17442895666513802,0.9192006107713039,0.3369994047053614,-0.06635710675883,False,7,SMA_N150_th5_bL1_sL0,17
2009-06-26,2019-07-01,0.07807168378935536,0.7323212557890418,0.14792261151055383,0.1468828164072553,0.994011455782532,0.19338759224206176,-0.06881113261789995,False,10,SMA_N150_th5_bL1_sL0,17
2009-12-24,2019-12-30,0.0880387279836563,0.7941492391011723,0.14792261151055383,0.13310308901921242,0.9272834089499606,0.19338759224206184,-0.04506436103555611,False,10,SMA_N150_th5_bL1_sL0,17
2010-06-28,2020-06-30,0.07214288407015768,0.6470961656585124,0.23930973258682325,0.13381143506763826,0.816339705310364,0.3369994047053615,-0.06166855099748059,False,10,SMA_N150_th5_bL1_sL0,17
2010-12-27,2020-12-29,0.08587916016879138,0.7317695949456503,0.23930973258682334,0.13701222258584833,0.8337979865946171,0.33699940470536144,-0.05113306241705695,False,10,SMA_N150_th5_bL1_sL0,17
2011-06-27,2021-06-30,0.09911412023468102,0.8338834250837043,0.23930973258682317,0.1508704048885765,0.9075971360184851,0.33699940470536144,-0.05175628465389548,False,10,SMA_N150_th5_bL1_sL0,17
2011-12-23,2021-12-29,0.11902275807796436,0.9649465818348865,0.23930973258682325,0.16439449866200562,1.0309905644674207,0.3369994047053614,-0.045371740584041254,False,10,SMA_N150_th5_bL1_sL0,17
2012-06-26,2022-06-30,0.10181036819757039,0.8493953147024864,0.23930973258682328,0.13211703089069649,0.8254023137814531,0.3369994047053614,-0.030306662693126096,False,10,SMA_N150_th5_bL1_sL0,17
2012-12-27,2022-12-29,0.09275061966466192,0.7938720815926557,0.23930973258682317,0.12562469829742895,0.7670289583913944,0.33699940470536144,-0.032874078632767034,False,10,SMA_N150_th5_bL1_sL0,17
2013-06-28,2023-07-03,0.08714007959030456,0.7487541263968982,0.23930973258682334,0.12776280945014507,0.7739468957032904,0.33699940470536144,-0.0406227298598405,False,10,SMA_N150_th5_bL1_sL0,17
2013-12-27,2024-01-02,0.0789075443523437,0.6856449702223243,0.2393097325868232,0.11922265235064877,0.7310198493740576,0.33699940470536144,-0.040315107998305066,False,10,SMA_N150_th5_bL1_sL0,17
2014-06-30,2024-07-03,0.08853584407005566,0.7578766605995836,0.23930973258682317,0.1292107289046538,0.7813179199416441,0.3369994047053614,-0.040674884834598135,False,10,SMA_N150_th5_bL1_sL0,17
2014-12-29,2025-01-02,0.0874861314203157,0.7450096876859538,0.23930973258682334,0.12812179206090124,0.7738656130834332,0.33699940470536144,-0.04063566064058555,False,10,SMA_N150_th5_bL1_sL0,17
2015-06-30,2025-07-08,0.08277581337135187,0.714983888824903,0.2393097325868233,0.1360035423647974,0.79008208159337,0.33699940470536144,-0.05322772899344552,False,10,SMA_N150_th5_bL1_sL0,17
2015-12-29,2026-01-06,0.10456721969788729,0.8743702055561156,0.2393097325868233,0.14697768943228318,0.8581693213836324,0.33699940470536144,-0.042410469734395884,False,10,SMA_N150_th5_bL1_sL0,17
2009-06-26,2012-06-25,-0.010558565250643248,0.07675336580665196,0.3035815608349166,0.14945549422780413,0.8305938172466265,0.18609403934920818,-0.16001405947844738,False,3,EMA_N150_th2_bL2_sL0,18
2009-12-24,2012-12-26,0.045365271375963356,0.30112148098083497,0.3035815608349166,0.1028776274728247,0.6346074715938919,0.18609403934920826,-0.05751235609686134,False,3,EMA_N150_th2_bL2_sL0,18
2010-06-28,2013-06-27,0.15451245422358406,0.6967108677464199,0.30314585238484304,0.16869601747869378,0.9844529526755283,0.18609403934920812,-0.014183563255109721,False,3,EMA_N150_th2_bL2_sL0,18
2010-12-27,2013-12-26,0.21162046425450343,0.8962896425252102,0.303145852384843,0.15946732100934313,0.9821906044773536,0.18609403934920812,0.052153143245160294,True,3,EMA_N150_th2_bL2_sL0,18
2011-06-27,2014-06-27,0.2497894186892231,1.0589094462777933,0.2954745414204256,0.17697402094278591,1.1030082165577275,0.1836927506351847,0.0728153977464372,True,3,EMA_N150_th2_bL2_sL0,18
2011-12-23,2014-12-26,0.325861422621172,1.3724000733844062,0.22801100493514623,0.20614476853452834,1.6833068658067296,0.09686971235172698,0.11971665408664367,True,3,EMA_N150_th2_bL2_sL0,18
2012-06-26,2015-06-29,0.32236363498260734,1.3579464693160903,0.14488787786824756,0.18308889166388775,1.530082697823417,0.07345078071669656,0.13927474331871958,True,3,EMA_N150_th2_bL2_sL0,18
2012-12-27,2015-12-28,0.21338949289950904,0.9672037911301572,0.20080950978144693,0.15480927321584348,1.1866434787749554,0.11941491863415796,0.05858021968366556,True,3,EMA_N150_th2_bL2_sL0,18
2013-06-28,2016-06-28,0.09577205941783218,0.5150149421876367,0.22871358456812885,0.10419160805742389,0.7969574131035633,0.1301816569841239,-0.008419548639591712,False,3,EMA_N150_th2_bL2_sL0,18
2013-12-27,2016-12-27,0.07481941280832238,0.44081084343948074,0.2287135845681287,0.09387608525612334,0.7386410173561695,0.13018165698412396,-0.01905667244780096,False,3,EMA_N150_th2_bL2_sL0,18
2014-06-30,2017-06-28,0.08244369535062046,0.48440048147037174,0.22871358456812885,0.09782906274150527,0.7828528200101873,0.13018165698412393,-0.015385367390884808,False,3,EMA_N150_th2_bL2_sL0,18
2014-12-29,2017-12-27,0.13914464948755856,0.7735715726755561,0.2287135845681288,0.10847476035404835,0.9005335108615838,0.1301816569841239,0.03066988913351021,True,3,EMA_N150_th2_bL2_sL0,18
2015-06-30,2018-06-28,0.15279274996126668,0.7803440606086357,0.22635220100850362,0.11817573246846158,0.9218142722529249,0.13018165698412412,0.0346170174928051,True,3,EMA_N150_th2_bL2_sL0,18
2015-12-29,2018-12-28,0.16704261462027548,0.8851543338570363,0.19764099184545864,0.08239082339051196,0.7012674144852037,0.19338759224206176,0.08465179122976352,True,3,EMA_N150_th2_bL2_sL0,18
2016-06-29,2019-07-01,0.24458488592385996,1.2207463493865804,0.20167378834801492,0.14913150443132817,1.2295284091741003,0.19338759224206173,0.0954533814925318,True,3,EMA_N150_th2_bL2_sL0,18
2016-12-28,2019-12-30,0.23856778028355397,1.0738660212339566,0.20167378834801475,0.14862900914070898,1.1235943535269455,0.1933875922420617,0.08993877114284499,True,3,EMA_N150_th2_bL2_sL0,18
2017-06-29,2020-06-30,0.13686420948095246,0.6217860206637811,0.23311684282493764,0.10651509131766357,0.5577499286276987,0.33699940470536144,0.03034911816328889,True,3,EMA_N150_th2_bL2_sL0,18
2017-12-28,2020-12-29,0.19667749913710764,0.7932399936845613,0.23311684282493772,0.13654747814625168,0.6784285010690688,0.3369994047053614,0.06013002099085596,True,3,EMA_N150_th2_bL2_sL0,18
2018-06-29,2021-06-30,0.30844086969388584,1.1481040070549604,0.2331168428249375,0.18587229711521447,0.8729105915443839,0.33699940470536144,0.12256857257867138,True,3,EMA_N150_th2_bL2_sL0,18
2018-12-31,2021-12-29,0.4316169554899396,1.4507269449469518,0.23311684282493758,0.2624928689400243,1.1868577289334332,0.3369994047053614,0.1691240865499153,True,3,EMA_N150_th2_bL2_sL0,18
2019-07-02,2022-06-30,0.17860331305618304,0.736768481648254,0.3449467161621257,0.10170515025821913,0.5318956289698472,0.3369994047053614,0.07689816279796391,True,3,EMA_N150_th2_bL2_sL0,18
2019-12-31,2022-12-29,0.03412201728664477,0.2665956761607725,0.480574112152688,0.07742304938000899,0.4271353587929381,0.3369994047053614,-0.04330103209336422,False,3,EMA_N150_th2_bL2_sL0,18
2020-07-01,2023-07-03,0.09941473739764795,0.5171773609780834,0.5264297297053394,0.14378350414623386,0.8408777680234975,0.24497192419560299,-0.04436876674858592,False,3,EMA_N150_th2_bL2_sL0,18
2020-12-30,2024-01-02,-0.019141511250242882,0.037041727369604496,0.5264297297053394,0.09949682496571421,0.6300791413140667,0.24497192419560299,-0.1186383362159571,False,3,EMA_N150_th2_bL2_sL0,18
2021-07-01,2024-07-03,-0.021823257448236544,0.02901899439946172,0.5264297297053394,0.10245843112717434,0.6619306510055024,0.24497192419560296,-0.12428168857541089,False,3,EMA_N150_th2_bL2_sL0,18
2021-12-30,2025-01-02,-0.05823378584673555,-0.15424001781597532,0.5264297297053394,0.08677336857472029,0.5582726327358701,0.24497192419560296,-0.14500715442145584,False,3,EMA_N150_th2_bL2_sL0,18
2022-07-01,2025-07-08,0.08870029979529703,0.4879215405367752,0.28473482305163317,0.19331224516654322,1.1182296747600589,0.18755388287414093,-0.10461194537124618,False,3,EMA_N150_th2_bL2_sL0,18
2022-12-30,2026-01-06,0.2556786755473053,1.095068691294562,0.18916692580322142,0.2349833795995595,1.4485395534969876,0.1875538828741409,0.020695295947745773,True,3,EMA_N150_th2_bL2_sL0,18
2009-06-26,2014-06-27,0.17384827908316947,0.8016626762885476,0.3035815608349166,0.1874842300953372,1.1357017974165047,0.18609403934920818,-0.013635951012167746,False,5,EMA_N150_th2_bL2_sL0,18
2009-12-24,2014-12-26,0.18279656763305563,0.8088345594330628,0.3035815608349166,0.15462027959582092,0.9916501320173801,0.18609403934920826,0.02817628803723471,True,5,EMA_N150_th2_bL2_sL0,18
2010-06-28,2015-06-29,0.18584031213328123,0.8334331879522892,0.30314585238484304,0.16182205923404358,1.0660807083897479,0.18609403934920812,0.024018252899237647,True,5,EMA_N150_th2_bL2_sL0,18
2010-12-27,2015-12-28,0.13158079890176033,0.6350581016328224,0.303145852384843,0.12604680189485995,0.8518306243107862,0.18609403934920812,0.005533997006900382,True,5,EMA_N150_th2_bL2_sL0,18
2011-06-27,2016-06-28,0.11119972795839761,0.5778326368642638,0.2954745414204256,0.12001744596020347,0.8138175783695463,0.1836927506351847,-0.008817718001805863,False,5,EMA_N150_th2_bL2_sL0,18
2011-12-23,2016-12-27,0.19535225327879902,0.9226347501332262,0.22871358456812885,0.14706815982265087,1.1483898466367322,0.13018165698412398,0.04828409345614815,True,5,EMA_N150_th2_bL2_sL0,18
2012-06-26,2017-06-28,0.23613330482415829,1.1050840252139433,0.22871358456812885,0.15393017594300362,1.2310177283345358,0.13018165698412398,0.08220312888115466,True,5,EMA_N150_th2_bL2_sL0,18
2012-12-27,2017-12-27,0.24599243039630148,1.1778699063819693,0.22871358456812885,0.15875296914039883,1.296051569902984,0.13018165698412404,0.08723946125590265,True,5,EMA_N150_th2_bL2_sL0,18
2013-06-28,2018-06-28,0.18769279325288957,0.9000784216456048,0.22871358456812885,0.13283126606049356,1.065159336615451,0.1301816569841239,0.05486152719239601,True,5,EMA_N150_th2_bL2_sL0,18
2013-12-27,2018-12-28,0.1109920792981487,0.5974743799558171,0.2287135845681287,0.08285122710564341,0.6696998235923756,0.19338759224206176,0.028140852192505283,True,5,EMA_N150_th2_bL2_sL0,18
2014-06-30,2019-07-01,0.11626134855221415,0.6205391928256784,0.22871358456812885,0.10790346001217888,0.8322775556330115,0.19338759224206184,0.008357888540035274,True,5,EMA_N150_th2_bL2_sL0,18
2014-12-29,2019-12-30,0.14342522200299146,0.7292112426951766,0.2287135845681288,0.11179848558783756,0.8583035390815078,0.19338759224206184,0.0316267364151539,True,5,EMA_N150_th2_bL2_sL0,18
2015-06-30,2020-06-30,0.12447515280792709,0.6342010978501087,0.23311684282493755,0.10613430323723305,0.6281405442270795,0.33699940470536144,0.01834084957069404,True,5,EMA_N150_th2_bL2_sL0,18
2015-12-29,2020-12-29,0.2315384026797389,1.0098100078705787,0.23311684282493766,0.14576444055863802,0.8272650197027058,0.33699940470536144,0.08577396212110089,True,5,EMA_N150_th2_bL2_sL0,18
2016-06-29,2021-06-30,0.31269779013804433,1.2620535646547444,0.2331168428249376,0.17871501772607035,0.9927495905590052,0.3369994047053615,0.13398277241197398,True,5,EMA_N150_th2_bL2_sL0,18
2016-12-28,2021-12-29,0.32360647215322125,1.2327997609310617,0.23311684282493755,0.18409069501103126,0.9823722035860941,0.3369994047053615,0.13951577714219,True,5,EMA_N150_th2_bL2_sL0,18
2017-06-29,2022-06-30,0.17988330327254465,0.7584514207088559,0.34494671616212563,0.11279020867223455,0.6189100231508629,0.33699940470536144,0.0670930946003101,True,5,EMA_N150_th2_bL2_sL0,18
2017-12-28,2022-12-29,0.07914481466331558,0.42676875335607267,0.480574112152688,0.09309654517671673,0.5234151250795963,0.3369994047053614,-0.01395173051340115,False,5,EMA_N150_th2_bL2_sL0,18
2018-06-29,2023-07-03,0.09509132043628199,0.4906393827444855,0.5264297297053394,0.12250097238437707,0.6489498134886903,0.33699940470536144,-0.027409651948095082,False,5,EMA_N150_th2_bL2_sL0,18
2018-12-31,2024-01-02,0.1101605840848705,0.5408458770713402,0.5264297297053394,0.1549015701880534,0.8002777412598205,0.3369994047053614,-0.04474098610318289,False,5,EMA_N150_th2_bL2_sL0,18
2019-07-02,2024-07-03,0.13733103184059892,0.6389182746620167,0.5264297297053394,0.1504397934144135,0.7790232710847329,0.3369994047053614,-0.013108761573814576,False,5,EMA_N150_th2_bL2_sL0,18
2019-12-31,2025-01-02,0.12083297737655307,0.5760154977018797,0.5264297297053393,0.14423852701047402,0.7500138707875222,0.3369994047053614,-0.02340554963392094,False,5,EMA_N150_th2_bL2_sL0,18
2020-07-01,2025-07-08,0.1467449237028109,0.6889357711373854,0.5264297297053394,0.1651684268367719,0.9671260303471783,0.24497192419560299,-0.018423503133961017,False,5,EMA_N150_th2_bL2_sL0,18
2020-12-30,2026-01-06,0.11022715179778952,0.5665710902318349,0.5264297297053394,0.14798962687550477,0.8945167909240211,0.24497192419560299,-0.03776247507771524,False,5,EMA_N150_th2_bL2_sL0,18
2009-06-26,2016-06-28,0.09886078720453328,0.5230545908697155,0.3035815608349166,0.14324779962103285,0.9229857783330687,0.18609403934920818,-0.04438701241649956,False,7,EMA_N150_th2_bL2_sL0,18
2009-12-24,2016-12-27,0.13487742624701204,0.6523880351746126,0.3035815608349166,0.1279355405481737,0.861694372123826,0.18609403934920826,0.006941885698838357,True,7,EMA_N150_th2_bL2_sL0,18
2010-06-28,2017-06-28,0.16584734036491344,0.7902628477212947,0.30314585238484304,0.14723429367953234,1.009233700054355,0.18609403934920812,0.018613046685381107,True,7,EMA_N150_th2_bL2_sL0,18
2010-12-27,2017-12-27,0.17645432875098144,0.8437819904134812,0.303145852384843,0.1369600618415734,0.9813239561983147,0.18609403934920812,0.03949426690940805,True,7,EMA_N150_th2_bL2_sL0,18
2011-06-27,2018-06-28,0.17230101853800606,0.8185228777722985,0.2954745414204256,0.13605560430959884,0.9673463390315307,0.1836927506351847,0.03624541422840721,True,7,EMA_N150_th2_bL2_sL0,18
2011-12-23,2018-12-28,0.18731401399758663,0.8993335340714085,0.22871358456812885,0.12344669757899962,0.9799896628447098,0.19338759224206176,0.063867316418587,True,7,EMA_N150_th2_bL2_sL0,18
2012-06-26,2019-07-01,0.21652987920628086,1.0182254941371618,0.22871358456812885,0.14505107822562713,1.1267121957989252,0.1933875922420618,0.07147880098065373,True,7,EMA_N150_th2_bL2_sL0,18
2012-12-27,2019-12-30,0.21772045779836446,1.0141858405579305,0.22871358456812885,0.1466001403616386,1.1285824056338578,0.19338759224206184,0.07112031743672587,True,7,EMA_N150_th2_bL2_sL0,18
2013-06-28,2020-06-30,0.15687831847346767,0.7563710748713598,0.2331168428249376,0.11992927101481166,0.743910899929552,0.33699940470536144,0.036949047458656015,True,7,EMA_N150_th2_bL2_sL0,18
2013-12-27,2020-12-29,0.17085900829274703,0.7882427372530895,0.23311684282493755,0.12762026872172538,0.7744715730266725,0.33699940470536144,0.043238739571021645,True,7,EMA_N150_th2_bL2_sL0,18
2014-06-30,2021-06-30,0.19619229287161288,0.8676844471552461,0.2331168428249376,0.14004350065035354,0.8314402252233055,0.3369994047053614,0.05614879222125935,True,7,EMA_N150_th2_bL2_sL0,18
2014-12-29,2021-12-29,0.22666449964915913,0.9685124165743378,0.23311684282493764,0.14683892208088012,0.865210199955837,0.33699940470536144,0.07982557756827902,True,7,EMA_N150_th2_bL2_sL0,18
2015-06-30,2022-06-30,0.15832229558041555,0.7327290613446816,0.3449467161621258,0.11071963373746829,0.6588112686857001,0.33699940470536144,0.04760266184294726,True,7,EMA_N150_th2_bL2_sL0,18
2015-12-29,2022-12-29,0.13454192576910184,0.6630782861244637,0.4805741121526881,0.11173969347378221,0.6601008530237202,0.33699940470536144,0.022802232295319635,True,7,EMA_N150_th2_bL2_sL0,18
2016-06-29,2023-07-03,0.15493365055373398,0.741253892157707,0.5264297297053394,0.13534463421269205,0.7779373167617571,0.3369994047053615,0.01958901634104193,True,7,EMA_N150_th2_bL2_sL0,18
2016-12-28,2024-01-02,0.12883262339662993,0.6137372807725563,0.5264297297053394,0.13166990649070898,0.7394472496585377,0.3369994047053615,-0.002837283094079046,False,7,EMA_N150_th2_bL2_sL0,18
2017-06-29,2024-07-03,0.14987097289019857,0.6826579306163787,0.5264297297053394,0.14444465213272584,0.7943353571603482,0.33699940470536144,0.005426320757472736,True,7,EMA_N150_th2_bL2_sL0,18
2017-12-28,2025-01-02,0.12917438459506214,0.6073883897206392,0.5264297297053394,0.13638554149329862,0.7568211715743866,0.3369994047053614,-0.0072111568982364815,False,7,EMA_N150_th2_bL2_sL0,18
2018-06-29,2025-07-08,0.129826511119026,0.6204559591950939,0.5264297297053394,0.14357245769291516,0.7691136416044998,0.33699940470536144,-0.013745946573889167,False,7,EMA_N150_th2_bL2_sL0,18
2018-12-31,2026-01-06,0.1706721964398199,0.7602552114936796,0.5264297297053394,0.17442895666513802,0.9192006107713039,0.3369994047053614,-0.003756760225318123,False,7,EMA_N150_th2_bL2_sL0,18
2009-06-26,2019-07-01,0.14453247503706512,0.7144304948991207,0.3035815608349166,0.1468828164072553,0.994011455782532,0.19338759224206176,-0.00235034137019019,False,10,EMA_N150_th2_bL2_sL0,18
2009-12-24,2019-12-30,0.1630858664264907,0.7700115246478658,0.3035815608349166,0.13310308901921242,0.9272834089499606,0.19338759224206184,0.029982777407278283,True,10,EMA_N150_th2_bL2_sL0,18
2010-06-28,2020-06-30,0.15509674690148634,0.7359989171868607,0.30314585238484304,0.13381143506763826,0.816339705310364,0.3369994047053615,0.021285311833848075,True,10,EMA_N150_th2_bL2_sL0,18
2010-12-27,2020-12-29,0.1828443597384255,0.8216517751657346,0.303145852384843,0.13701222258584833,0.8337979865946171,0.33699940470536144,0.04583213715257717,True,10,EMA_N150_th2_bL2_sL0,18
2011-06-27,2021-06-30,0.21181986767459304,0.9256401336297913,0.2954745414204256,0.1508704048885765,0.9075971360184851,0.33699940470536144,0.06094946278601654,True,10,EMA_N150_th2_bL2_sL0,18
2011-12-23,2021-12-29,0.2557170263287387,1.0845517017894615,0.2331168428249377,0.16439449866200562,1.0309905644674207,0.3369994047053614,0.0913225276667331,True,10,EMA_N150_th2_bL2_sL0,18
2012-06-26,2022-06-30,0.20559008444580695,0.9118345425213709,0.3449467161621257,0.13211703089069649,0.8254023137814531,0.3369994047053614,0.07347305355511047,True,10,EMA_N150_th2_bL2_sL0,18
2012-12-27,2022-12-29,0.15993600789695694,0.7508282369263739,0.480574112152688,0.12562469829742895,0.7670289583913944,0.33699940470536144,0.034311309599527995,True,10,EMA_N150_th2_bL2_sL0,18
2013-06-28,2023-07-03,0.1407216274905072,0.6772200679598693,0.5264297297053394,0.12776280945014507,0.7739468957032904,0.33699940470536144,0.012958818040362141,True,10,EMA_N150_th2_bL2_sL0,18
2013-12-27,2024-01-02,0.11053001578932609,0.5650155347674288,0.5264297297053394,0.11922265235064877,0.7310198493740576,0.33699940470536144,-0.008692636561322686,False,10,EMA_N150_th2_bL2_sL0,18
2014-06-30,2024-07-03,0.1272992234778576,0.6282201614062829,0.5264297297053394,0.1292107289046538,0.7813179199416441,0.3369994047053614,-0.0019115054267961895,False,10,EMA_N150_th2_bL2_sL0,18
2014-12-29,2025-01-02,0.13252124558281708,0.6435700400448242,0.5264297297053395,0.12812179206090124,0.7738656130834332,0.33699940470536144,0.0043994535219158415,True,10,EMA_N150_th2_bL2_sL0,18
2015-06-30,2025-07-08,0.13693395135276276,0.6621302683450965,0.5264297297053395,0.1360035423647974,0.79008208159337,0.33699940470536144,0.0009304089879653699,True,10,EMA_N150_th2_bL2_sL0,18
2015-12-29,2026-01-06,0.16950998552216157,0.7904785304919042,0.5264297297053394,0.14697768943228318,0.8581693213836324,0.33699940470536144,0.02253229608987839,True,10,EMA_N150_th2_bL2_sL0,18
2009-06-26,2012-06-25,-0.008965400684601721,0.07496260232232684,0.2776489926296832,0.14945549422780413,0.8305938172466265,0.18609403934920818,-0.15842089491240585,False,3,SMA_N150_th5_bL2_sL0,19
2009-12-24,2012-12-26,0.047048482580220874,0.31001875442471183,0.2776489926296832,0.1028776274728247,0.6346074715938919,0.18609403934920826,-0.05582914489260382,False,3,SMA_N150_th5_bL2_sL0,19
2010-06-28,2013-06-27,0.1829335501768039,0.8509368130865119,0.24000457403358644,0.16869601747869378,0.9844529526755283,0.18609403934920812,0.014237532698110122,True,3,SMA_N150_th5_bL2_sL0,19
2010-12-27,2013-12-26,0.24076335427643425,1.0428850419225064,0.24000457403358652,0.15946732100934313,0.9821906044773536,0.18609403934920812,0.08129603326709112,True,3,SMA_N150_th5_bL2_sL0,19
2011-06-27,2014-06-27,0.279850379736001,1.222666221054453,0.23163817302402656,0.17697402094278591,1.1030082165577275,0.1836927506351847,0.1028763587932151,True,3,SMA_N150_th5_bL2_sL0,19
2011-12-23,2014-12-26,0.3978744303551438,1.5575297068002654,0.18814389461434644,0.20614476853452834,1.6833068658067296,0.09686971235172698,0.19172966182061546,True,3,SMA_N150_th5_bL2_sL0,19
2012-06-26,2015-06-29,0.3649566001103608,1.4839210868214192,0.1448878778682476,0.18308889166388775,1.530082697823417,0.07345078071669656,0.18186770844647304,True,3,SMA_N150_th5_bL2_sL0,19
2012-12-27,2015-12-28,0.22434277007996628,1.0198434232388836,0.21375795844526635,0.15480927321584348,1.1866434787749554,0.11941491863415796,0.0695334968641228,True,3,SMA_N150_th5_bL2_sL0,19
2013-06-28,2016-06-28,0.10404100623571644,0.5635163562731994,0.2826213117417293,0.10419160805742389,0.7969574131035633,0.1301816569841239,-0.0001506018217074523,False,3,SMA_N150_th5_bL2_sL0,19
2013-12-27,2016-12-27,0.08293024615815603,0.486567290182414,0.28262131174172933,0.09387608525612334,0.7386410173561695,0.13018165698412396,-0.010945839097967314,False,3,SMA_N150_th5_bL2_sL0,19
2014-06-30,2017-06-28,0.09061206328196203,0.5354962548528682,0.28262131174172933,0.09782906274150527,0.7828528200101873,0.13018165698412393,-0.0072169994595432385,False,3,SMA_N150_th5_bL2_sL0,19
2014-12-29,2017-12-27,0.11192606626826063,0.6822504153299304,0.28262131174172933,0.10847476035404835,0.9005335108615838,0.1301816569841239,0.003451305914212277,True,3,SMA_N150_th5_bL2_sL0,19
2015-06-30,2018-06-28,0.12524806069503525,0.6939616066266528,0.280424972993133,0.11817573246846158,0.9218142722529249,0.13018165698412412,0.007072328226573665,True,3,SMA_N150_th5_bL2_sL0,19
2015-12-29,2018-12-28,0.16397540447749503,0.8042059707028898,0.2016979044826692,0.08239082339051196,0.7012674144852037,0.19338759224206176,0.08158458108698308,True,3,SMA_N150_th5_bL2_sL0,19
2016-06-29,2019-07-01,0.19722364711566898,0.987706606964278,0.27159301776951794,0.14913150443132817,1.2295284091741003,0.19338759224206173,0.04809214268434081,True,3,SMA_N150_th5_bL2_sL0,19
2016-12-28,2019-12-30,0.19143551547335025,0.8608223126304817,0.27159301776951794,0.14862900914070898,1.1235943535269455,0.1933875922420617,0.04280650633264127,True,3,SMA_N150_th5_bL2_sL0,19
2017-06-29,2020-06-30,-0.01221743599755476,0.08243084458104981,0.43263962327485606,0.10651509131766357,0.5577499286276987,0.33699940470536144,-0.11873252731521833,False,3,SMA_N150_th5_bL2_sL0,19
2017-12-28,2020-12-29,0.039752292775024456,0.28813443156656976,0.43263962327485606,0.13654747814625168,0.6784285010690688,0.3369994047053614,-0.09679518537122722,False,3,SMA_N150_th5_bL2_sL0,19
2018-06-29,2021-06-30,0.1368596762333647,0.5836567066664851,0.432639623274856,0.18587229711521447,0.8729105915443839,0.33699940470536144,-0.04901262088184977,False,3,SMA_N150_th5_bL2_sL0,19
2018-12-31,2021-12-29,0.2538693129746896,0.918323707858493,0.43263962327485606,0.2624928689400243,1.1868577289334332,0.3369994047053614,-0.008623555965334706,False,3,SMA_N150_th5_bL2_sL0,19
2019-07-02,2022-06-30,0.12499924709177623,0.5512053506015053,0.432639623274856,0.10170515025821913,0.5318956289698472,0.3369994047053614,0.0232940968335571,True,3,SMA_N150_th5_bL2_sL0,19
2019-12-31,2022-12-29,0.06655974291160893,0.37740513025505085,0.432639623274856,0.07742304938000899,0.4271353587929381,0.3369994047053614,-0.010863306468400058,False,3,SMA_N150_th5_bL2_sL0,19
2020-07-01,2023-07-03,0.2752136020658442,1.141039323414975,0.32839171040473214,0.14378350414623386,0.8408777680234975,0.24497192419560299,0.13143009791961036,True,3,SMA_N150_th5_bL2_sL0,19
2020-12-30,2024-01-02,0.17023919438218682,0.8204848291687792,0.32839171040473214,0.09949682496571421,0.6300791413140667,0.24497192419560299,0.0707423694164726,True,3,SMA_N150_th5_bL2_sL0,19
2021-07-01,2024-07-03,0.16703966606462362,0.8483852938024915,0.3283917104047322,0.10245843112717434,0.6619306510055024,0.24497192419560296,0.06458123493744927,True,3,SMA_N150_th5_bL2_sL0,19
2021-12-30,2025-01-02,0.12359912096173065,0.6321009615638804,0.3283917104047322,0.08677336857472029,0.5582726327358701,0.24497192419560296,0.03682575238701036,True,3,SMA_N150_th5_bL2_sL0,19
2022-07-01,2025-07-08,0.17763805950309397,0.8635337945347905,0.20684065488715053,0.19331224516654322,1.1182296747600589,0.18755388287414093,-0.015674185663449247,False,3,SMA_N150_th5_bL2_sL0,19
2022-12-30,2026-01-06,0.25705181964117463,1.0963222610800074,0.20684065488715053,0.2349833795995595,1.4485395534969876,0.1875538828741409,0.022068440041615123,True,3,SMA_N150_th5_bL2_sL0,19
2009-06-26,2014-06-27,0.1749813676271732,0.8260133798570725,0.2776489926296832,0.1874842300953372,1.1357017974165047,0.18609403934920818,-0.012502862468164011,False,5,SMA_N150_th5_bL2_sL0,19
2009-12-24,2014-12-26,0.2066615122365536,0.9072064037338277,0.2776489926296832,0.15462027959582092,0.9916501320173801,0.18609403934920826,0.05204123264073268,True,5,SMA_N150_th5_bL2_sL0,19
2010-06-28,2015-06-29,0.22635521861173058,1.0176343519708835,0.24000457403358644,0.16182205923404358,1.0660807083897479,0.18609403934920812,0.064533159377687,True,5,SMA_N150_th5_bL2_sL0,19
2010-12-27,2015-12-28,0.15402745122378692,0.7417821360542114,0.24000457403358652,0.12604680189485995,0.8518306243107862,0.18609403934920812,0.027980649328926965,True,5,SMA_N150_th5_bL2_sL0,19
2011-06-27,2016-06-28,0.13224448402809608,0.6860527619553092,0.2826213117417293,0.12001744596020347,0.8138175783695463,0.1836927506351847,0.012227038067892604,True,5,SMA_N150_th5_bL2_sL0,19
2011-12-23,2016-12-27,0.2161081007902943,0.9990141096744638,0.28262131174172933,0.14706815982265087,1.1483898466367322,0.13018165698412398,0.06903994096764343,True,5,SMA_N150_th5_bL2_sL0,19
2012-06-26,2017-06-28,0.24171880841815607,1.149158025827414,0.2826213117417293,0.15393017594300362,1.2310177283345358,0.13018165698412398,0.08778863247515245,True,5,SMA_N150_th5_bL2_sL0,19
2012-12-27,2017-12-27,0.25162248273039234,1.2277502296123477,0.28262131174172933,0.15875296914039883,1.296051569902984,0.13018165698412404,0.09286951358999351,True,5,SMA_N150_th5_bL2_sL0,19
2013-06-28,2018-06-28,0.19305941701376517,0.9388627354291317,0.2826213117417293,0.13283126606049356,1.065159336615451,0.1301816569841239,0.06022815095327161,True,5,SMA_N150_th5_bL2_sL0,19
2013-12-27,2018-12-28,0.1106735014590261,0.587783024629074,0.28262131174172933,0.08285122710564341,0.6696998235923756,0.19338759224206176,0.027822274353382692,True,5,SMA_N150_th5_bL2_sL0,19
2014-06-30,2019-07-01,0.09551833477355709,0.5304309771766086,0.28262131174172933,0.10790346001217888,0.8322775556330115,0.19338759224206184,-0.012385125238621786,False,5,SMA_N150_th5_bL2_sL0,19
2014-12-29,2019-12-30,0.10104517492328213,0.5548325563789807,0.28262131174172933,0.11179848558783756,0.8583035390815078,0.19338759224206184,-0.010753310664555427,False,5,SMA_N150_th5_bL2_sL0,19
2015-06-30,2020-06-30,0.018691012812632524,0.2039235365451969,0.43263962327485606,0.10613430323723305,0.6281405442270795,0.33699940470536144,-0.08744329042460053,False,5,SMA_N150_th5_bL2_sL0,19
2015-12-29,2020-12-29,0.13562810380286305,0.622395891169832,0.432639623274856,0.14576444055863802,0.8272650197027058,0.33699940470536144,-0.010136336755774966,False,5,SMA_N150_th5_bL2_sL0,19
2016-06-29,2021-06-30,0.20657912277916202,0.8635400622912264,0.432639623274856,0.17871501772607035,0.9927495905590052,0.3369994047053615,0.02786410505309167,True,5,SMA_N150_th5_bL2_sL0,19
2016-12-28,2021-12-29,0.2166059454609952,0.8460475633047114,0.432639623274856,0.18409069501103126,0.9823722035860941,0.3369994047053615,0.03251525044996395,True,5,SMA_N150_th5_bL2_sL0,19
2017-06-29,2022-06-30,0.12101657506329078,0.5406100849457139,0.43263962327485606,0.11279020867223455,0.6189100231508629,0.33699940470536144,0.008226366391056228,True,5,SMA_N150_th5_bL2_sL0,19
2017-12-28,2022-12-29,0.07403718984236018,0.40241338355961737,0.43263962327485606,0.09309654517671673,0.5234151250795963,0.3369994047053614,-0.019059355334356542,False,5,SMA_N150_th5_bL2_sL0,19
2018-06-29,2023-07-03,0.1002053463766519,0.4954323368199845,0.432639623274856,0.12250097238437707,0.6489498134886903,0.33699940470536144,-0.022295626007725167,False,5,SMA_N150_th5_bL2_sL0,19
2018-12-31,2024-01-02,0.13981921089901395,0.6332164958269068,0.43263962327485606,0.1549015701880534,0.8002777412598205,0.3369994047053614,-0.015082359289039449,False,5,SMA_N150_th5_bL2_sL0,19
2019-07-02,2024-07-03,0.18948437707279497,0.7930262256862377,0.432639623274856,0.1504397934144135,0.7790232710847329,0.3369994047053614,0.03904458365838148,True,5,SMA_N150_th5_bL2_sL0,19
2019-12-31,2025-01-02,0.17222978936905498,0.73096909106984,0.432639623274856,0.14423852701047402,0.7500138707875222,0.3369994047053614,0.02799126235858096,True,5,SMA_N150_th5_bL2_sL0,19
2020-07-01,2025-07-08,0.24251034040623387,1.0396575170733882,0.32839171040473214,0.1651684268367719,0.9671260303471783,0.24497192419560299,0.07734191356946196,True,5,SMA_N150_th5_bL2_sL0,19
2020-12-30,2026-01-06,0.202942945545592,0.934873880345658,0.32839171040473214,0.14798962687550477,0.8945167909240211,0.24497192419560299,0.05495331867008724,True,5,SMA_N150_th5_bL2_sL0,19
2009-06-26,2016-06-28,0.1031641046659173,0.5530370031466585,0.28262131174172933,0.14324779962103285,0.9229857783330687,0.18609403934920818,-0.040083694955115545,False,7,SMA_N150_th5_bL2_sL0,19
2009-12-24,2016-12-27,0.13932179072135442,0.6862296961757375,0.28262131174172933,0.1279355405481737,0.861694372123826,0.18609403934920826,0.011386250173180734,True,7,SMA_N150_th5_bL2_sL0,19
2010-06-28,2017-06-28,0.1818515719528251,0.8942812993537006,0.28262131174172933,0.14723429367953234,1.009233700054355,0.18609403934920812,0.03461727827329275,True,7,SMA_N150_th5_bL2_sL0,19
2010-12-27,2017-12-27,0.19232270413550068,0.940953087113226,0.28262131174172933,0.1369600618415734,0.9813239561983147,0.18609403934920812,0.05536264229392729,True,7,SMA_N150_th5_bL2_sL0,19
2011-06-27,2018-06-28,0.18811337280556661,0.9096753794075334,0.2826213117417293,0.13605560430959884,0.9673463390315307,0.1836927506351847,0.05205776849596777,True,7,SMA_N150_th5_bL2_sL0,19
2011-12-23,2018-12-28,0.1978913109021152,0.916061137682488,0.28262131174172933,0.12344669757899962,0.9799896628447098,0.19338759224206176,0.07444461332311558,True,7,SMA_N150_th5_bL2_sL0,19
2012-06-26,2019-07-01,0.20034298773558645,0.9521703035595609,0.2826213117417293,0.14505107822562713,1.1267121957989252,0.1933875922420618,0.055291909509959325,True,7,SMA_N150_th5_bL2_sL0,19
2012-12-27,2019-12-30,0.20151772473858376,0.9482968209258305,0.28262131174172933,0.1466001403616386,1.1285824056338578,0.19338759224206184,0.05491758437694516,True,7,SMA_N150_th5_bL2_sL0,19
2013-06-28,2020-06-30,0.09280478046471252,0.48769905643539485,0.432639623274856,0.11992927101481166,0.743910899929552,0.33699940470536144,-0.027124490550099134,False,7,SMA_N150_th5_bL2_sL0,19
2013-12-27,2020-12-29,0.10601115180449439,0.5308230693741683,0.43263962327485606,0.12762026872172538,0.7744715730266725,0.33699940470536144,-0.021609116917230997,False,7,SMA_N150_th5_bL2_sL0,19
2014-06-30,2021-06-30,0.12994135608837065,0.610621979287047,0.432639623274856,0.14004350065035354,0.8314402252233055,0.3369994047053614,-0.010102144561982884,False,7,SMA_N150_th5_bL2_sL0,19
2014-12-29,2021-12-29,0.14310102869694497,0.656566762907323,0.432639623274856,0.14683892208088012,0.865210199955837,0.33699940470536144,-0.0037378933839351536,False,7,SMA_N150_th5_bL2_sL0,19
2015-06-30,2022-06-30,0.10524538032188957,0.5267600806048492,0.43263962327485606,0.11071963373746829,0.6588112686857001,0.33699940470536144,-0.005474253415578723,False,7,SMA_N150_th5_bL2_sL0,19
2015-12-29,2022-12-29,0.1333051949764632,0.6322019051152743,0.432639623274856,0.11173969347378221,0.6601008530237202,0.33699940470536144,0.021565501502680995,True,7,SMA_N150_th5_bL2_sL0,19
2016-06-29,2023-07-03,0.15878270121460347,0.7321136137873344,0.432639623274856,0.13534463421269205,0.7779373167617571,0.3369994047053615,0.023438067001911422,True,7,SMA_N150_th5_bL2_sL0,19
2016-12-28,2024-01-02,0.14635524678274137,0.6567825013837403,0.432639623274856,0.13166990649070898,0.7394472496585377,0.3369994047053615,0.01468534029203239,True,7,SMA_N150_th5_bL2_sL0,19
2017-06-29,2024-07-03,0.1677201700014137,0.7222398523132678,0.43263962327485606,0.14444465213272584,0.7943353571603482,0.33699940470536144,0.023275517868687867,True,7,SMA_N150_th5_bL2_sL0,19
2017-12-28,2025-01-02,0.14670231306595194,0.6501337749880011,0.43263962327485606,0.13638554149329862,0.7568211715743866,0.3369994047053614,0.010316771572653316,True,7,SMA_N150_th5_bL2_sL0,19
2018-06-29,2025-07-08,0.12653229735996852,0.5944059263673449,0.432639623274856,0.14357245769291516,0.7691136416044998,0.33699940470536144,-0.01704016033294664,False,7,SMA_N150_th5_bL2_sL0,19
2018-12-31,2026-01-06,0.1712628145804409,0.7536126231744703,0.43263962327485606,0.17442895666513802,0.9192006107713039,0.3369994047053614,-0.003166142084697121,False,7,SMA_N150_th5_bL2_sL0,19
2009-06-26,2019-07-01,0.13439953903035318,0.6814645821658643,0.28262131174172933,0.1468828164072553,0.994011455782532,0.19338759224206176,-0.012483277376902135,False,10,SMA_N150_th5_bL2_sL0,19
2009-12-24,2019-12-30,0.15278867092364656,0.7384791095798856,0.28262131174172933,0.13310308901921242,0.9272834089499606,0.19338759224206184,0.019685581904434146,True,10,SMA_N150_th5_bL2_sL0,19
2010-06-28,2020-06-30,0.11806054996165916,0.5929348125220327,0.432639623274856,0.13381143506763826,0.816339705310364,0.3369994047053615,-0.015750885105979107,False,10,SMA_N150_th5_bL2_sL0,19
2010-12-27,2020-12-29,0.14472936164733285,0.6770372022831034,0.43263962327485594,0.13701222258584833,0.8337979865946171,0.33699940470536144,0.007717139061484524,True,10,SMA_N150_th5_bL2_sL0,19
2011-06-27,2021-06-30,0.17277118678695746,0.7796582386308393,0.432639623274856,0.1508704048885765,0.9075971360184851,0.33699940470536144,0.02190078189838096,True,10,SMA_N150_th5_bL2_sL0,19
2011-12-23,2021-12-29,0.2143146376416698,0.9092464383690684,0.432639623274856,0.16439449866200562,1.0309905644674207,0.3369994047053614,0.049920138979664186,True,10,SMA_N150_th5_bL2_sL0,19
2012-06-26,2022-06-30,0.17779350714459086,0.7942241658872006,0.43263962327485606,0.13211703089069649,0.8254023137814531,0.3369994047053614,0.04567647625389437,True,10,SMA_N150_th5_bL2_sL0,19
2012-12-27,2022-12-29,0.15979924673529244,0.7393258876361692,0.432639623274856,0.12562469829742895,0.7670289583913944,0.33699940470536144,0.034174548437863494,True,10,SMA_N150_th5_bL2_sL0,19
2013-06-28,2023-07-03,0.14596028926772409,0.6855319528581744,0.432639623274856,0.12776280945014507,0.7739468957032904,0.33699940470536144,0.01819747981757902,True,10,SMA_N150_th5_bL2_sL0,19
2013-12-27,2024-01-02,0.1250993182658391,0.6101939482509959,0.43263962327485606,0.11922265235064877,0.7310198493740576,0.33699940470536144,0.0058766659151903156,True,10,SMA_N150_th5_bL2_sL0,19
2014-06-30,2024-07-03,0.14208852510399472,0.671595567620548,0.432639623274856,0.1292107289046538,0.7813179199416441,0.3369994047053614,0.01287779619934093,True,10,SMA_N150_th5_bL2_sL0,19
2014-12-29,2025-01-02,0.13652857801397467,0.6485817438897873,0.432639623274856,0.12812179206090124,0.7738656130834332,0.33699940470536144,0.008406785953073426,True,10,SMA_N150_th5_bL2_sL0,19
2015-06-30,2025-07-08,0.12641840163864448,0.6157832037742965,0.43263962327485606,0.1360035423647974,0.79008208159337,0.33699940470536144,-0.009585140726152908,False,10,SMA_N150_th5_bL2_sL0,19
2015-12-29,2026-01-06,0.16900047733293877,0.7657206570683943,0.432639623274856,0.14697768943228318,0.8581693213836324,0.33699940470536144,0.022022787900655594,True,10,SMA_N150_th5_bL2_sL0,19
2009-06-26,2012-06-25,-0.04767229673734219,0.002055131056283371,0.3613021834528517,0.14945549422780413,0.8305938172466265,0.18609403934920818,-0.19712779096514632,False,3,SMA_N200_th2_bL3_sL0,20
2009-12-24,2012-12-26,0.031087665258122454,0.26307530581146327,0.3613021834528517,0.1028776274728247,0.6346074715938919,0.18609403934920826,-0.07178996221470224,False,3,SMA_N200_th2_bL3_sL0,20
2010-06-28,2013-06-27,0.3184304186841196,0.973732254506143,0.3291199813136119,0.16869601747869378,0.9844529526755283,0.18609403934920812,0.1497344012054258,True,3,SMA_N200_th2_bL3_sL0,20
2010-12-27,2013-12-26,0.3728527641814601,1.0804543031916483,0.32911998131361186,0.15946732100934313,0.9821906044773536,0.18609403934920812,0.21338544317211694,True,3,SMA_N200_th2_bL3_sL0,20
2011-06-27,2014-06-27,0.43858078969583625,1.26041712128838,0.3132730457183727,0.17697402094278591,1.1030082165577275,0.1836927506351847,0.26160676875305033,True,3,SMA_N200_th2_bL3_sL0,20
2011-12-23,2014-12-26,0.639520602422442,1.5905036751144959,0.27264357233545994,0.20614476853452834,1.6833068658067296,0.09686971235172698,0.4333758338879137,True,3,SMA_N200_th2_bL3_sL0,20
2012-06-26,2015-06-29,0.5625147155437444,1.4781843981222014,0.2126900891619918,0.18308889166388775,1.530082697823417,0.07345078071669656,0.3794258238798567,True,3,SMA_N200_th2_bL3_sL0,20
2012-12-27,2015-12-28,0.3661706754097358,1.078307551217196,0.30708859521331644,0.15480927321584348,1.1866434787749554,0.11941491863415796,0.21136140219389232,True,3,SMA_N200_th2_bL3_sL0,20
2013-06-28,2016-06-28,0.16509894379482049,0.6096164514618336,0.364028651493174,0.10419160805742389,0.7969574131035633,0.1301816569841239,0.060907335737396595,True,3,SMA_N200_th2_bL3_sL0,20
2013-12-27,2016-12-27,0.13090502400119353,0.5388594393460912,0.3640286514931739,0.09387608525612334,0.7386410173561695,0.13018165698412396,0.03702893874507018,True,3,SMA_N200_th2_bL3_sL0,20
2014-06-30,2017-06-28,0.14388037053974667,0.5842487850860323,0.364028651493174,0.09782906274150527,0.7828528200101873,0.13018165698412393,0.0460513077982414,True,3,SMA_N200_th2_bL3_sL0,20
2014-12-29,2017-12-27,0.17973611199229156,0.7209196733573038,0.364028651493174,0.10847476035404835,0.9005335108615838,0.1301816569841239,0.07126135163824321,True,3,SMA_N200_th2_bL3_sL0,20
2015-06-30,2018-06-28,0.19566473213557245,0.729100778017428,0.35927261821200224,0.11817573246846158,0.9218142722529249,0.13018165698412412,0.07748899966711087,True,3,SMA_N200_th2_bL3_sL0,20
2015-12-29,2018-12-28,0.1477647772494226,0.6292262460489408,0.39567772968078224,0.08239082339051196,0.7012674144852037,0.19338759224206176,0.06537395385891065,True,3,SMA_N200_th2_bL3_sL0,20
2016-06-29,2019-07-01,0.253642574976906,0.9338757427173684,0.4273328101354204,0.14913150443132817,1.2295284091741003,0.19338759224206173,0.10451107054557784,True,3,SMA_N200_th2_bL3_sL0,20
2016-12-28,2019-12-30,0.24075482925871516,0.7988424858302662,0.4273328101354204,0.14862900914070898,1.1235943535269455,0.1933875922420617,0.09212582011800619,True,3,SMA_N200_th2_bL3_sL0,20
2017-06-29,2020-06-30,-0.06475307351013515,0.03285781131321789,0.5743371867786841,0.10651509131766357,0.5577499286276987,0.33699940470536144,-0.17126816482779872,False,3,SMA_N200_th2_bL3_sL0,20
2017-12-28,2020-12-29,0.005344195750679237,0.2504441744541013,0.5743371867786841,0.13654747814625168,0.6784285010690688,0.3369994047053614,-0.13120328239557244,False,3,SMA_N200_th2_bL3_sL0,20
2018-06-29,2021-06-30,0.15403452847964672,0.5566682077512488,0.5743371867786841,0.18587229711521447,0.8729105915443839,0.33699940470536144,-0.031837768635567754,False,3,SMA_N200_th2_bL3_sL0,20
2018-12-31,2021-12-29,0.40910251740619685,1.002686502634396,0.5743371867786841,0.2624928689400243,1.1868577289334332,0.3369994047053614,0.14660964846617253,True,3,SMA_N200_th2_bL3_sL0,20
2019-07-02,2022-06-30,0.10972838851780153,0.4708998117901638,0.5743371867786841,0.10170515025821913,0.5318956289698472,0.3369994047053614,0.0080232382595824,True,3,SMA_N200_th2_bL3_sL0,20
2019-12-31,2022-12-29,0.030084048709884348,0.2973353210244618,0.5743371867786841,0.07742304938000899,0.4271353587929381,0.3369994047053614,-0.04733900067012464,False,3,SMA_N200_th2_bL3_sL0,20
2020-07-01,2023-07-03,0.37427466446028124,1.052653193955843,0.49295089580037915,0.14378350414623386,0.8408777680234975,0.24497192419560299,0.23049116031404737,True,3,SMA_N200_th2_bL3_sL0,20
2020-12-30,2024-01-02,0.15034674363287337,0.5835771355791959,0.4929508958003792,0.09949682496571421,0.6300791413140667,0.24497192419560299,0.050849918667159155,True,3,SMA_N200_th2_bL3_sL0,20
2021-07-01,2024-07-03,0.14204247737694176,0.5850222954645176,0.4929508958003791,0.10245843112717434,0.6619306510055024,0.24497192419560296,0.03958404624976741,True,3,SMA_N200_th2_bL3_sL0,20
2021-12-30,2025-01-02,0.0731709522907138,0.3700668813740013,0.4929508958003791,0.08677336857472029,0.5582726327358701,0.24497192419560296,-0.013602416284006491,False,3,SMA_N200_th2_bL3_sL0,20
2022-07-01,2025-07-08,0.2720055647340309,0.8928794193916769,0.3043949294725527,0.19331224516654322,1.1182296747600589,0.18755388287414093,0.07869331956748771,True,3,SMA_N200_th2_bL3_sL0,20
2022-12-30,2026-01-06,0.39344193206548583,1.1107665812219008,0.3043949294725527,0.2349833795995595,1.4485395534969876,0.1875538828741409,0.15845855246592633,True,3,SMA_N200_th2_bL3_sL0,20
2009-06-26,2014-06-27,0.23819341805166272,0.8226958021364362,0.3613021834528517,0.1874842300953372,1.1357017974165047,0.18609403934920818,0.05070918795632551,True,5,SMA_N200_th2_bL3_sL0,20
2009-12-24,2014-12-26,0.2852081164198599,0.9047823347008618,0.3613021834528517,0.15462027959582092,0.9916501320173801,0.18609403934920826,0.13058783682403896,True,5,SMA_N200_th2_bL3_sL0,20
2010-06-28,2015-06-29,0.3668578522739767,1.0884797865142777,0.3291199813136119,0.16182205923404358,1.0660807083897479,0.18609403934920812,0.20503579303993313,True,5,SMA_N200_th2_bL3_sL0,20
2010-12-27,2015-12-28,0.2454658755824537,0.8051572843414356,0.32911998131361186,0.12604680189485995,0.8518306243107862,0.18609403934920812,0.11941907368759375,True,5,SMA_N200_th2_bL3_sL0,20
2011-06-27,2016-06-28,0.20590913081957707,0.7344790840826271,0.36402865149317387,0.12001744596020347,0.8138175783695463,0.1836927506351847,0.0858916848593736,True,5,SMA_N200_th2_bL3_sL0,20
2011-12-23,2016-12-27,0.34274578212887663,1.0372109539372802,0.3640286514931739,0.14706815982265087,1.1483898466367322,0.13018165698412398,0.19567762230622576,True,5,SMA_N200_th2_bL3_sL0,20
2012-06-26,2017-06-28,0.37716466143768335,1.1591468738330406,0.3640286514931739,0.15393017594300362,1.2310177283345358,0.13018165698412398,0.22323448549467972,True,5,SMA_N200_th2_bL3_sL0,20
2012-12-27,2017-12-27,0.3949942281751546,1.2307315162963797,0.36402865149317387,0.15875296914039883,1.296051569902984,0.13018165698412404,0.2362412590347558,True,5,SMA_N200_th2_bL3_sL0,20
2013-06-28,2018-06-28,0.29556262224524255,0.9498350367164757,0.364028651493174,0.13283126606049356,1.065159336615451,0.1301816569841239,0.162731356184749,True,5,SMA_N200_th2_bL3_sL0,20
2013-12-27,2018-12-28,0.12574743384247533,0.5265309838056442,0.3956777296807822,0.08285122710564341,0.6696998235923756,0.19338759224206176,0.04289620673683192,True,5,SMA_N200_th2_bL3_sL0,20
2014-06-30,2019-07-01,0.12215517251617602,0.5177253234147176,0.42733281013542046,0.10790346001217888,0.8322775556330115,0.19338759224206184,0.01425171250399715,True,5,SMA_N200_th2_bL3_sL0,20
2014-12-29,2019-12-30,0.129806678094587,0.5409105091843988,0.4273328101354203,0.11179848558783756,0.8583035390815078,0.19338759224206184,0.018008192506749454,True,5,SMA_N200_th2_bL3_sL0,20
2015-06-30,2020-06-30,0.005747356886188326,0.21009753414359889,0.5743371867786841,0.10613430323723305,0.6281405442270795,0.33699940470536144,-0.10038694635104473,False,5,SMA_N200_th2_bL3_sL0,20
2015-12-29,2020-12-29,0.15453889323841397,0.5885647564460221,0.5743371867786841,0.14576444055863802,0.8272650197027058,0.33699940470536144,0.008774452679775946,True,5,SMA_N200_th2_bL3_sL0,20
2016-06-29,2021-06-30,0.2758874604069521,0.8481949716849941,0.5743371867786841,0.17871501772607035,0.9927495905590052,0.3369994047053615,0.09717244268088177,True,5,SMA_N200_th2_bL3_sL0,20
2016-12-28,2021-12-29,0.29067379590097975,0.8308365735184875,0.5743371867786841,0.18409069501103126,0.9823722035860941,0.3369994047053615,0.10658310088994849,True,5,SMA_N200_th2_bL3_sL0,20
2017-06-29,2022-06-30,0.10970829276470306,0.452212707394537,0.5743371867786841,0.11279020867223455,0.6189100231508629,0.33699940470536144,-0.003081915907531485,False,5,SMA_N200_th2_bL3_sL0,20
2017-12-28,2022-12-29,0.042103628487628386,0.3139440796622323,0.5743371867786841,0.09309654517671673,0.5234151250795963,0.3369994047053614,-0.05099291668908834,False,5,SMA_N200_th2_bL3_sL0,20
2018-06-29,2023-07-03,0.09663418071751928,0.4379744598334113,0.5743371867786841,0.12250097238437707,0.6489498134886903,0.33699940470536144,-0.02586679166685779,False,5,SMA_N200_th2_bL3_sL0,20
2018-12-31,2024-01-02,0.157015173356561,0.5705296181944638,0.5743371867786841,0.1549015701880534,0.8002777412598205,0.3369994047053614,0.002113603168507616,True,5,SMA_N200_th2_bL3_sL0,20
2019-07-02,2024-07-03,0.20822989233354572,0.682103796535686,0.5743371867786841,0.1504397934144135,0.7790232710847329,0.3369994047053614,0.05779009891913223,True,5,SMA_N200_th2_bL3_sL0,20
2019-12-31,2025-01-02,0.1793486942457727,0.6177716724234311,0.5743371867786841,0.14423852701047402,0.7500138707875222,0.3369994047053614,0.035110167235298695,True,5,SMA_N200_th2_bL3_sL0,20
2020-07-01,2025-07-08,0.3295719017108092,0.9705730179374769,0.49295089580037915,0.1651684268367719,0.9671260303471783,0.24497192419560299,0.16440347487403728,True,5,SMA_N200_th2_bL3_sL0,20
2020-12-30,2026-01-06,0.2664412649144272,0.8565032584168636,0.4929508958003792,0.14798962687550477,0.8945167909240211,0.24497192419560299,0.11845163803892245,True,5,SMA_N200_th2_bL3_sL0,20
2009-06-26,2016-06-28,0.139452442679735,0.5623497283940448,0.3640286514931739,0.14324779962103285,0.9229857783330687,0.18609403934920818,-0.003795356941297845,False,7,SMA_N200_th2_bL3_sL0,20
2009-12-24,2016-12-27,0.19473613186800431,0.6968508464866562,0.3640286514931739,0.1279355405481737,0.861694372123826,0.18609403934920826,0.06680059131983063,True,7,SMA_N200_th2_bL3_sL0,20
2010-06-28,2017-06-28,0.29769221002333235,0.9620501427759044,0.3640286514931739,0.14723429367953234,1.009233700054355,0.18609403934920812,0.1504579163438,True,7,SMA_N200_th2_bL3_sL0,20
2010-12-27,2017-12-27,0.2980507161274315,0.9697899142817322,0.364028651493174,0.1369600618415734,0.9813239561983147,0.18609403934920812,0.16109065428585811,True,7,SMA_N200_th2_bL3_sL0,20
2011-06-27,2018-06-28,0.2881255184123517,0.936263868764025,0.36402865149317387,0.13605560430959884,0.9673463390315307,0.1836927506351847,0.15206991410275283,True,7,SMA_N200_th2_bL3_sL0,20
2011-12-23,2018-12-28,0.2742628163396108,0.889854853878757,0.3956777296807822,0.12344669757899962,0.9799896628447098,0.19338759224206176,0.15081611876061118,True,7,SMA_N200_th2_bL3_sL0,20
2012-06-26,2019-07-01,0.28823688665107183,0.9416169557146138,0.42733281013542035,0.14505107822562713,1.1267121957989252,0.1933875922420618,0.1431858084254447,True,7,SMA_N200_th2_bL3_sL0,20
2012-12-27,2019-12-30,0.2892953241781899,0.9356874936282793,0.4273328101354204,0.1466001403616386,1.1285824056338578,0.19338759224206184,0.14269518381655133,True,7,SMA_N200_th2_bL3_sL0,20
2013-06-28,2020-06-30,0.11905277374968093,0.4906614776766508,0.5743371867786842,0.11992927101481166,0.743910899929552,0.33699940470536144,-0.0008764972651307268,False,7,SMA_N200_th2_bL3_sL0,20
2013-12-27,2020-12-29,0.1367652903081571,0.5346551665596381,0.5743371867786841,0.12762026872172538,0.7744715730266725,0.33699940470536144,0.009145021586431712,True,7,SMA_N200_th2_bL3_sL0,20
2014-06-30,2021-06-30,0.17290935445295919,0.614333871990649,0.5743371867786842,0.14004350065035354,0.8314402252233055,0.3369994047053614,0.03286585380260565,True,7,SMA_N200_th2_bL3_sL0,20
2014-12-29,2021-12-29,0.19362366564358813,0.6613645225003727,0.5743371867786841,0.14683892208088012,0.865210199955837,0.33699940470536144,0.04678474356270801,True,7,SMA_N200_th2_bL3_sL0,20
2015-06-30,2022-06-30,0.11304523901198871,0.47896048965077936,0.5743371867786841,0.11071963373746829,0.6588112686857001,0.33699940470536144,0.0023256052745204148,True,7,SMA_N200_th2_bL3_sL0,20
2015-12-29,2022-12-29,0.13858836438579458,0.5523884118636575,0.5743371867786841,0.11173969347378221,0.6601008530237202,0.33699940470536144,0.026848670912012373,True,7,SMA_N200_th2_bL3_sL0,20
2016-06-29,2023-07-03,0.1954382403853241,0.6863754519073019,0.5743371867786841,0.13534463421269205,0.7779373167617571,0.3369994047053615,0.06009360617263204,True,7,SMA_N200_th2_bL3_sL0,20
2016-12-28,2024-01-02,0.14969947316154486,0.5530564114918487,0.5743371867786841,0.13166990649070898,0.7394472496585377,0.3369994047053615,0.018029566670835884,True,7,SMA_N200_th2_bL3_sL0,20
2017-06-29,2024-07-03,0.17919525535841174,0.6157903669334202,0.5743371867786841,0.14444465213272584,0.7943353571603482,0.33699940470536144,0.034750603225685905,True,7,SMA_N200_th2_bL3_sL0,20
2017-12-28,2025-01-02,0.1440350537767614,0.5433744237007619,0.5743371867786841,0.13638554149329862,0.7568211715743866,0.3369994047053614,0.007649512283462778,True,7,SMA_N200_th2_bL3_sL0,20
2018-06-29,2025-07-08,0.1424178616565397,0.5433070943402153,0.5743371867786841,0.14357245769291516,0.7691136416044998,0.33699940470536144,-0.001154596036375466,False,7,SMA_N200_th2_bL3_sL0,20
2018-12-31,2026-01-06,0.23720188728625335,0.748637000718311,0.5743371867786841,0.17442895666513802,0.9192006107713039,0.3369994047053614,0.06277293062111533,True,7,SMA_N200_th2_bL3_sL0,20
2009-06-26,2019-07-01,0.17848570106388206,0.6698374866497648,0.4273328101354204,0.1468828164072553,0.994011455782532,0.19338759224206176,0.03160288465662675,True,10,SMA_N200_th2_bL3_sL0,20
2009-12-24,2019-12-30,0.20535054972168787,0.726791268738593,0.4273328101354204,0.13310308901921242,0.9272834089499606,0.19338759224206184,0.07224746070247545,True,10,SMA_N200_th2_bL3_sL0,20
2010-06-28,2020-06-30,0.17322342461683782,0.6316594262857144,0.5743371867786842,0.13381143506763826,0.816339705310364,0.3369994047053615,0.039411989549199555,True,10,SMA_N200_th2_bL3_sL0,20
2010-12-27,2020-12-29,0.2027752128383571,0.6907136939629078,0.5743371867786841,0.13701222258584833,0.8337979865946171,0.33699940470536144,0.06576299025250876,True,10,SMA_N200_th2_bL3_sL0,20
2011-06-27,2021-06-30,0.24665195312235233,0.7933553427223358,0.5743371867786842,0.1508704048885765,0.9075971360184851,0.33699940470536144,0.09578154823377583,True,10,SMA_N200_th2_bL3_sL0,20
2011-12-23,2021-12-29,0.3131373651629692,0.9224136875312215,0.5743371867786841,0.16439449866200562,1.0309905644674207,0.3369994047053614,0.14874286650096358,True,10,SMA_N200_th2_bL3_sL0,20
2012-06-26,2022-06-30,0.23295957869846906,0.7571616814685448,0.5743371867786842,0.13211703089069649,0.8254023137814531,0.3369994047053614,0.10084254780777258,True,10,SMA_N200_th2_bL3_sL0,20
2012-12-27,2022-12-29,0.20617248649057118,0.7012804739257364,0.5743371867786841,0.12562469829742895,0.7670289583913944,0.33699940470536144,0.08054778819314223,True,10,SMA_N200_th2_bL3_sL0,20
2013-06-28,2023-07-03,0.1922547394472014,0.6642646008934143,0.5743371867786842,0.12776280945014507,0.7739468957032904,0.33699940470536144,0.06449192999705633,True,10,SMA_N200_th2_bL3_sL0,20
2013-12-27,2024-01-02,0.14121435842547703,0.5480870710561252,0.5743371867786841,0.11922265235064877,0.7310198493740576,0.33699940470536144,0.021991706074828254,True,10,SMA_N200_th2_bL3_sL0,20
2014-06-30,2024-07-03,0.1654334765858545,0.6051781543320784,0.5743371867786842,0.1292107289046538,0.7813179199416441,0.3369994047053614,0.03622274768120071,True,10,SMA_N200_th2_bL3_sL0,20
2014-12-29,2025-01-02,0.15509072363388543,0.5801041664468233,0.5743371867786841,0.12812179206090124,0.7738656130834332,0.33699940470536144,0.02696893157298419,True,10,SMA_N200_th2_bL3_sL0,20
2015-06-30,2025-07-08,0.1584334759703372,0.5896723188758334,0.5743371867786841,0.1360035423647974,0.79008208159337,0.33699940470536144,0.022429933605539798,True,10,SMA_N200_th2_bL3_sL0,20
2015-12-29,2026-01-06,0.20958565570425214,0.7148465188931886,0.5743371867786841,0.14697768943228318,0.8581693213836324,0.33699940470536144,0.06260796627196896,True,10,SMA_N200_th2_bL3_sL0,20
