rank,cfg_id,filter,lookback,threshold_pct,buy_leverage,sell_leverage,buy_ticker,pure_cagr,pure_sharpe,pure_max_drawdown,pure_calmar,pure_sortino,pure_volatility,pure_n_switches,tax15_cagr,tax15_sharpe,tax15_max_drawdown,tax15_calmar,tax15_sortino,tax15_volatility,tax15_n_switches,tax_drag_cagr,composite_pure,g1_pbo,g2_dsr,g3_walk_forward,g4_oos_sharpe,g5_fwd_stress,g6_bootstrap_ci,g7_cross_lib,gates_passed
1,EMA_N150_th5_bL2_sL0,EMA,150,0.05,2.0,0.0,SSO,0.1509971770731895,0.7067148737997075,0.3910799294397589,0.3861031101480977,0.9572699125507133,0.24027052938645124,15,0.13251820763531552,0.6307455155117417,0.39184717555986825,0.33818849771208515,0.8385904421081267,0.24601856528138574,15,0.01847896943787397,0.9528645833333333,True,False,False,True,True,False,True,4
2,SMA_N150_th2_bL2_sL0,SMA,150,0.02,2.0,0.0,SSO,0.15095374766323366,0.725816976251326,0.43428298234139096,0.3475930529199704,0.9926179126639857,0.23061341306891905,34,0.12672825496422524,0.6233892011183779,0.4766781319180681,0.2658570772992947,0.8339135802282017,0.23695903940238702,34,0.024225492699008422,0.9447916666666668,True,False,False,True,True,True,True,5
3,EMA_N150_th5_bL1_sL0,EMA,150,0.05,1.0,0.0,SPY,0.09203756277042086,0.7896817305888847,0.2115073033118535,0.43515075521868657,1.0737686571307972,0.1207678785414052,15,0.0803285706333805,0.6797545699279254,0.22101677057951066,0.36345011477073563,0.8979167991448577,0.12531406159849234,15,0.011708992137040353,0.9385416666666667,True,False,False,True,True,False,True,4
4,EMA_N150_th5_bL3_sL0,EMA,150,0.05,3.0,0.0,UPRO,0.2024902836289757,0.6954520970757619,0.5423361717633458,0.37336673113762825,0.9423188323021148,0.3598037174080405,15,0.17868361388645182,0.6361652803741623,0.5423361717633458,0.32947021273812865,0.8502855732179706,0.36602346174025163,15,0.023806669742523878,0.9354166666666668,True,False,False,True,True,False,False,3
5,SMA_N150_th2_bL3_sL0,SMA,150,0.02,3.0,0.0,UPRO,0.20361893035943135,0.711265634276389,0.5821086001109401,0.34979543391151585,0.9723615189453335,0.3454918463489332,34,0.17197922247804387,0.6292190407984973,0.6212921783630587,0.2768089289827595,0.8458146112639936,0.3526593917716851,34,0.03163970788138748,0.9338541666666668,True,False,False,True,True,False,False,3
6,SMA_N150_th2_bL1_sL0,SMA,150,0.02,1.0,0.0,SPY,0.08995470677249129,0.8012461137610508,0.240649700924096,0.3737993707329151,1.0994092757356906,0.11590839028869582,34,0.07483534831013494,0.6586516097712325,0.2764953506290878,0.2706568054033026,0.8747451651375209,0.12069317524888491,34,0.015119358462356347,0.9281250000000001,True,False,False,True,True,True,True,5
7,SMA_N200_th2_bL2_sL0,SMA,200,0.02,2.0,0.0,SSO,0.13727136160105746,0.664267450798049,0.421299260232459,0.3258286319451775,0.8986153618529257,0.23600377543904996,26,0.11439080713356198,0.5705188554538306,0.43828639355164595,0.2609955700577381,0.7572322495462777,0.24183035987998328,26,0.022880554467495484,0.9260416666666667,True,False,False,True,True,False,True,4
8,EMA_N100_th5_bL2_sL0,EMA,100,0.05,2.0,0.0,SSO,0.1449671931331873,0.6960916023289018,0.4970603831765777,0.2916490592284611,0.9477307676104262,0.23419417282812338,18,0.12424651614644322,0.6096040814065578,0.5322819661603247,0.23342236642490313,0.8141032018067084,0.23988774117411074,18,0.02072067698674407,0.925,True,False,False,True,True,False,True,4
9,SMA_N100_th0_bL3_sL0,SMA,100,0.0,3.0,0.0,UPRO,0.176720047753691,0.6600330877180406,0.5022504285027246,0.351856439984565,0.8976238062353767,0.33016696794871936,172,0.13086698187200185,0.5352560523397821,0.5222068505941188,0.2506037247943291,0.7132306381168727,0.33876631903263343,172,0.04585306588168914,0.9234375000000001,True,False,False,True,True,True,False,4
10,SMA_N200_th0_bL2_sL0,SMA,200,0.0,2.0,0.0,SSO,0.13251576725148695,0.6545672859515842,0.38964394635710836,0.3400945106177432,0.8888315207078256,0.23130913009464935,90,0.1049372986503585,0.5394720546430607,0.43797568554096594,0.23959617420484228,0.7158312815840063,0.23819255232362935,90,0.027578468601128447,0.9229166666666667,True,False,False,True,True,False,True,4
11,SMA_N150_th0_bL2_sL0,SMA,150,0.0,2.0,0.0,SSO,0.13321688029146972,0.664374099411894,0.4265997682982048,0.312276025894012,0.8997768179118333,0.22752277384215264,124,0.10339684219128786,0.5395453077543514,0.469401687883592,0.2202736906581586,0.7163179229220751,0.23340919903092702,124,0.029820038100181856,0.9208333333333335,True,False,False,True,True,False,True,4
12,EMA_N100_th5_bL1_sL0,EMA,100,0.05,1.0,0.0,SPY,0.08784372585063949,0.7747612524040447,0.28267161828611304,0.3107624542684943,1.0584367843416684,0.11763101122110306,18,0.07453401118409242,0.6500057569016476,0.3143608410006597,0.23709699639064144,0.8617425258720441,0.1221463800288678,18,0.013309714666547068,0.9203125000000001,True,False,False,True,True,False,True,4
13,SMA_N200_th2_bL1_sL0,SMA,200,0.02,1.0,0.0,SPY,0.08454756600810742,0.7443159283859181,0.2352072520142605,0.3594598605445267,1.010258516798268,0.11851693776902983,26,0.06992270265322009,0.6111374310635983,0.24433376819422264,0.2861769912934754,0.8055837796067997,0.12307821420688086,26,0.01462486335488733,0.9187500000000001,True,False,False,True,True,False,True,4
14,SMA_N200_th0_bL3_sL0,SMA,200,0.0,3.0,0.0,UPRO,0.1782375249698851,0.6490988063340233,0.524230281727854,0.33999852962026017,0.8816797091953613,0.3461775057046284,90,0.14160130442023422,0.5540722725114963,0.5710883764160626,0.24794989754277813,0.7391423326968403,0.3541148459617185,90,0.03663622054965088,0.9182291666666667,True,False,False,True,True,False,False,3
15,SMA_N100_th0_bL2_sL0,SMA,100,0.0,2.0,0.0,SSO,0.12624298011708657,0.6502933872723128,0.36684225988526037,0.3441342340344659,0.8825328611913096,0.22050500791763825,172,0.09355906401112457,0.5083551757144767,0.38750993173920495,0.2414365577450284,0.6736246270588495,0.2273515090620031,172,0.032683916105961996,0.9171875,True,False,False,True,True,True,True,5
16,EMA_N150_th2_bL1_sL0,EMA,150,0.02,1.0,0.0,SPY,0.08697217029010385,0.7638494317981894,0.30751835311726783,0.2828194460866478,1.0440338937676066,0.11837619766331459,39,0.07152065188283174,0.6230931565931133,0.34172863471185133,0.20929077817297517,0.8255671407060039,0.12309622634637013,39,0.015451518407272102,0.9161458333333333,True,False,False,True,True,True,True,5
17,SMA_N150_th5_bL1_sL0,SMA,150,0.05,1.0,0.0,SPY,0.08332807790563135,0.732919146089195,0.23930973258682325,0.3482017927348581,0.993621744586712,0.11888509035919796,17,0.07129007765088202,0.6215768599925824,0.23930973258682314,0.29789878113301355,0.8203824882077517,0.12306247747253168,17,0.012038000254749326,0.9151041666666667,True,False,False,True,True,False,True,4
18,EMA_N150_th2_bL2_sL0,EMA,150,0.02,2.0,0.0,SSO,0.1433984185340631,0.6880036791568894,0.5264297297053394,0.2723980247360423,0.9364061391204025,0.23533923494058656,39,0.11846703405533865,0.5855782370296609,0.5633753100539242,0.2102808411039515,0.780400343297489,0.24162486984361248,39,0.02493138447872445,0.9140625,True,False,False,True,True,False,True,4
19,SMA_N150_th5_bL2_sL0,SMA,150,0.05,2.0,0.0,SSO,0.13412362644562936,0.6515194136671159,0.432639623274856,0.31001235030296936,0.8796582069464779,0.23659270831017196,17,0.11550153170537647,0.5745773946090319,0.4326396232748558,0.2669693793441531,0.762492619789816,0.24189605743737486,17,0.018622094740252892,0.9130208333333334,True,False,False,True,True,False,True,4
20,SMA_N200_th2_bL3_sL0,SMA,200,0.02,3.0,0.0,UPRO,0.18186008330908754,0.652352461750908,0.5743371867786841,0.3166434065136823,0.8822719209020294,0.35352320358417216,26,0.15245389351030236,0.5779227800717913,0.5993346289551253,0.2543719086882884,0.7705804962274828,0.3599596937455377,26,0.029406189798785176,0.9125000000000001,True,False,False,True,True,False,False,3
21,EMA_N100_th0_bL3_sL0,EMA,100,0.0,3.0,0.0,UPRO,0.1718940548452481,0.641471636637973,0.5299025420380611,0.3243880547998986,0.8695499899839139,0.3368861303338,176,0.12376029434253155,0.5131583155984404,0.5720405275011518,0.21634882214229545,0.6805752645411269,0.3464495302366777,176,0.04813376050271656,0.909375,True,False,False,True,True,False,False,3
22,EMA_N200_th5_bL1_sL0,EMA,200,0.05,1.0,0.0,SPY,0.08196167206449467,0.6920960506244557,0.21150730331185358,0.3875122550432577,0.9358733149933136,0.12519619002214813,14,0.07096228975201124,0.5938892836772819,0.23526059307741165,0.30163270789962415,0.7813933060908843,0.12973368998874013,14,0.01099938231248343,0.9078125000000001,True,False,False,True,True,False,True,4
23,SMA_N150_th0_bL3_sL0,SMA,150,0.0,3.0,0.0,UPRO,0.18087719845284478,0.660548558159988,0.5896695369957533,0.3067433318234098,0.8947615045422542,0.3407699855668495,124,0.14070605580222906,0.5553189714071808,0.6290807898914464,0.2236692934567421,0.7404158397968938,0.34769967863119194,124,0.04017114265061572,0.9078125,True,False,False,True,True,False,False,3
24,SMA_N200_th0_bL1_sL0,SMA,200,0.0,1.0,0.0,SPY,0.0783578876250568,0.7062380151667217,0.22408376523949566,0.3496812343424775,0.9605975346240424,0.11644603126015089,90,0.06161382285122041,0.55334173316847,0.2630414589514001,0.23423616602812514,0.7283717785078054,0.12146894847159938,90,0.016744064773836387,0.9062500000000001,True,False,False,True,True,False,True,4
25,SMA_N200_th5_bL1_sL0,SMA,200,0.05,1.0,0.0,SPY,0.0806233440301003,0.7009321495217923,0.23930973258682328,0.33689956174619673,0.9498753703010553,0.12113085166717588,14,0.06951345959810551,0.598243467920095,0.23930973258682314,0.2904748538502736,0.7880954967249606,0.1256388614076469,14,0.011109884431994788,0.9052083333333334,True,False,False,True,True,False,True,4
26,EMA_N100_th0_bL2_sL0,EMA,100,0.0,2.0,0.0,SSO,0.12380547596307023,0.6322406788576549,0.3902431082544161,0.31725217779465864,0.8552802687084324,0.22497154845605985,176,0.08933212257317047,0.48555141212047565,0.4287447684708385,0.2083573471736635,0.6401198669547131,0.23265744800067095,176,0.034473353389899763,0.9046875000000002,True,False,False,True,True,False,True,4
27,SMA_N100_th5_bL1_sL0,SMA,100,0.05,1.0,0.0,SPY,0.07841309200021729,0.722683042045734,0.25289289372059265,0.310064434182368,0.9785199321693928,0.11338155926227403,21,0.06597566598419657,0.6027091504678065,0.2859222623796701,0.2307468660715509,0.7937482251490103,0.11754118519536925,21,0.012437426016020714,0.9041666666666668,True,False,False,True,True,False,True,4
28,EMA_N100_th5_bL3_sL0,EMA,100,0.05,3.0,0.0,UPRO,0.19274931863641154,0.6798760001340215,0.6519292533402574,0.29565987052863707,0.9254710778794306,0.3510547341747051,18,0.16650105963347905,0.612785169072742,0.6824269607745265,0.24398370698090124,0.8224076599259863,0.35723720957123434,18,0.026248259002932484,0.9020833333333333,True,False,False,True,True,False,False,3
29,EMA_N200_th5_bL2_sL0,EMA,200,0.05,2.0,0.0,SSO,0.12765102596348687,0.6080476521900351,0.3910799294397589,0.3264064871504738,0.8190280768644042,0.2492341064820802,14,0.11080764680040356,0.5417583483439186,0.42172694246365755,0.26274737429172534,0.7170641360125803,0.25494768215885044,14,0.016843379163083316,0.9018229166666667,True,False,False,True,True,False,True,4
30,SMA_N150_th0_bL1_sL0,SMA,150,0.0,1.0,0.0,SPY,0.07648674480157047,0.7001925501154077,0.23544104311673966,0.32486580839537715,0.949399036712388,0.11468023988675191,124,0.05872993661107384,0.5394412480745304,0.26160149446473424,0.224501533262422,0.7109578035185493,0.11898941391361062,124,0.01775680819049663,0.8984375,True,False,False,True,True,False,True,4
31,SMA_N150_th5_bL3_sL0,SMA,150,0.05,3.0,0.0,UPRO,0.17749122102981407,0.6412776791403804,0.587520426157425,0.30210221317863706,0.8662084356607538,0.3543245399677991,17,0.15378629827849388,0.5810875494107023,0.587520426157425,0.26175481129108374,0.7750720145932932,0.3600413673240645,17,0.02370492275132019,0.8971354166666667,True,False,False,True,True,False,False,3
32,SMA_N200_th5_bL2_sL0,SMA,200,0.05,2.0,0.0,SSO,0.1273715805700848,0.6192758388043752,0.43263962327485594,0.29440572180131924,0.8361674804242903,0.24097761921002273,14,0.11008444888904267,0.5486020892719224,0.43263962327485606,0.2544483745056934,0.7273196797012502,0.24669597411666716,14,0.017287131681042123,0.8968750000000001,True,False,False,True,True,False,True,4
33,SMA_N100_th5_bL2_sL0,SMA,100,0.05,2.0,0.0,SSO,0.12629995904507374,0.6409236514972727,0.45302371109952566,0.2787932639078281,0.8646093679451573,0.22564813803976586,21,0.10706644883320093,0.5571973181669297,0.4915760705314194,0.21780240180824204,0.7379814000620324,0.23106784127934557,21,0.019233510211872806,0.8947916666666668,True,False,False,True,True,False,True,4
34,EMA_N150_th2_bL3_sL0,EMA,150,0.02,3.0,0.0,UPRO,0.19301730062094324,0.678698956485952,0.6805297525687898,0.2836280116958333,0.9244860348388547,0.3529324531775024,39,0.16035901327473923,0.5960649942575348,0.7115682528276782,0.22535998850074282,0.7988956890133972,0.36005973657449625,39,0.03265828734620402,0.8932291666666667,True,False,False,True,True,False,False,3
35,EMA_N100_th2_bL2_sL0,EMA,100,0.02,2.0,0.0,SSO,0.12211154274855751,0.6207591906004515,0.4350791826641711,0.2806651010071722,0.8433577001590501,0.22766512652518728,52,0.09740563520772016,0.516086567383628,0.48087790974991285,0.20255793254960974,0.6871440208585279,0.2335251215980102,52,0.024705907540837346,0.8890625000000002,True,False,False,True,True,False,True,4
36,EMA_N100_th2_bL1_sL0,EMA,100,0.02,1.0,0.0,SPY,0.07542988876136847,0.691572590863432,0.2393576053928805,0.31513470665600196,0.9435920059465672,0.11468575243008092,52,0.06026404947237651,0.5517511678125466,0.278583911370715,0.21632279185061198,0.7313246849202157,0.11895053884538336,52,0.015165839288991956,0.8890625000000001,True,False,False,True,True,False,True,4
37,EMA_N200_th5_bL3_sL0,EMA,200,0.05,3.0,0.0,UPRO,0.16444752775051952,0.5979953002667708,0.5423361717633455,0.30322065226783,0.8060447581304321,0.3730046184767712,14,0.14325225110745543,0.5470616215083955,0.5657199366584711,0.25322114676318674,0.7281192039458119,0.37907859381473485,14,0.021195276643064087,0.8880208333333335,True,False,False,True,True,False,False,3
38,SMA_N50_th5_bL1_sL0,SMA,50,0.05,1.0,0.0,SPY,0.07602969392628212,0.6856610404968221,0.2845493820125893,0.2671933194461071,0.9333932145132281,0.11685783926085033,29,0.06226795678745112,0.5604415554768242,0.32187245470868947,0.19345537611724714,0.7427426299801138,0.12089450189429887,29,0.013761737138830998,0.8843750000000001,True,False,False,True,True,False,True,4
39,EMA_N100_th2_bL3_sL0,EMA,100,0.02,3.0,0.0,UPRO,0.16283581774392286,0.6144284477168696,0.5840752452730741,0.2787925341156889,0.8358253950467082,0.3416755300443891,52,0.13012470769493945,0.528060677127712,0.6258566442819173,0.20791455820404253,0.7070918233291876,0.3484347157474917,52,0.032711110048983416,0.884375,True,False,False,True,True,False,False,3
40,SMA_N200_th5_bL3_sL0,SMA,200,0.05,3.0,0.0,UPRO,0.16569580279821072,0.6083577369847484,0.587520426157425,0.2820256035724839,0.8217146689545924,0.3608586636039635,14,0.1436704560069959,0.5532936596302365,0.5936883713322464,0.24199641250273618,0.7373589588624018,0.3670612318912402,14,0.022025346791214817,0.88359375,True,False,False,True,True,False,False,3
41,SMA_N100_th5_bL3_sL0,SMA,100,0.05,3.0,0.0,UPRO,0.1674673916661209,0.6295053852612235,0.6022426193564673,0.2780729664152131,0.8489131327299406,0.33801537735275844,21,0.14266797910645623,0.5628182492956785,0.6375038891135058,0.223791543146264,0.7484964821353802,0.34409933382634506,21,0.02479941255966467,0.8833333333333334,True,False,False,True,True,False,False,3
42,SMA_N100_th0_bL1_sL0,SMA,100,0.0,1.0,0.0,SPY,0.06978641525596929,0.6610813021423525,0.2056498717965018,0.33934577564446794,0.8974954290816093,0.11146645673447313,172,0.051280373583812544,0.48953436862617583,0.22115274380452757,0.2318776276596334,0.6446295137888437,0.11596323885773618,172,0.018506041672156748,0.8807291666666667,True,False,False,True,True,True,True,5
43,SMA_N100_th2_bL1_sL0,SMA,100,0.02,1.0,0.0,SPY,0.07226741404296444,0.6735725609985251,0.28229001824372707,0.2560041424510069,0.9142933864483754,0.11311454382045667,48,0.057481948680671247,0.5362252655109042,0.3172596055258722,0.18118268975778468,0.7086049927147994,0.11707845498571492,48,0.014785465362293193,0.8760416666666667,True,False,False,True,True,False,True,4
44,SMA_N50_th5_bL2_sL0,SMA,50,0.05,2.0,0.0,SSO,0.12084926742649871,0.6084475014705666,0.5003580143894718,0.2415255955757137,0.8245176889459593,0.23214958006176686,29,0.09922530403763674,0.5183974530561309,0.5411503625469409,0.18335995114302386,0.6898956945376779,0.23753012231244136,29,0.021623963388861966,0.875,True,False,False,True,True,False,True,4
45,EMA_N50_th2_bL2_sL0,EMA,50,0.02,2.0,0.0,SSO,0.11210363792480038,0.5891303675657494,0.4264032007108173,0.2629052449370051,0.8046525898114802,0.22274521830453492,74,0.08577605164219193,0.47588877154842235,0.45317767289655553,0.1892768703584644,0.6375314871718686,0.22810825147652744,74,0.02632758628260845,0.8692708333333333,True,False,False,True,True,False,True,4
46,EMA_N50_th2_bL3_sL0,EMA,50,0.02,3.0,0.0,UPRO,0.1502890840741633,0.5879180360032281,0.5751316315393267,0.2613124993176223,0.8045069145791793,0.3340549014422527,74,0.11401719721402759,0.4896013426987983,0.6031953567384295,0.18902200744802844,0.659099668905501,0.3407491801547508,74,0.036271886860135716,0.8682291666666668,True,False,False,True,True,False,False,3
47,SMA_N100_th2_bL2_sL0,SMA,100,0.02,2.0,0.0,SSO,0.11581116293757376,0.6012262934186441,0.4965723321877399,0.23322113503051325,0.8125408595769974,0.22453704942188735,48,0.0915592709943005,0.4971423226883595,0.5354121137387072,0.17100709648676984,0.6593478776228849,0.23003901851575292,48,0.024251891943273263,0.8671875,True,False,False,True,True,False,True,4
48,EMA_N100_th0_bL1_sL0,EMA,100,0.0,1.0,0.0,SPY,0.06887017711638688,0.6424311741493619,0.22160073829530585,0.31078496238857406,0.869019767009824,0.113777152339744,176,0.04934211239282815,0.4651022449885608,0.24809264756003543,0.1988858310719908,0.6088348620671175,0.11882546162737172,176,0.019528064723558725,0.8661458333333334,True,False,False,True,True,False,True,4
49,EMA_N50_th2_bL1_sL0,EMA,50,0.02,1.0,0.0,SPY,0.06866360304197672,0.6475319315693197,0.23267016152573095,0.2951113395534529,0.8874132399227366,0.1123179174144662,74,0.053299599220400395,0.5062324033247876,0.2519359188169505,0.21156014382818664,0.6762815605872304,0.11589765259937036,74,0.015364003821576322,0.8640625000000001,True,False,False,True,True,False,True,4
50,EMA_N150_th0_bL2_sL0,EMA,150,0.0,2.0,0.0,SSO,0.11846363058641352,0.5992843665949739,0.5383468140849053,0.22005076929410425,0.8107921902728633,0.2321353391642607,146,0.08811273528326802,0.47435679541803494,0.5757735252648899,0.1530336693454791,0.6277420176535164,0.23884985990617907,146,0.030350895303145498,0.8609375000000001,True,False,False,True,True,False,True,4
51,EMA_N50_th0_bL3_sL0,EMA,50,0.0,3.0,0.0,UPRO,0.14873475674482517,0.5915731353575554,0.6011069015160825,0.24743478467755672,0.8062431664297551,0.32436251992977877,298,0.09228222460238533,0.4339194777231633,0.6195215450102249,0.14895724829208684,0.5781324264351965,0.3337184547570272,298,0.05645253214243984,0.859375,True,False,False,True,True,False,True,4
52,SMA_N50_th5_bL3_sL0,SMA,50,0.05,3.0,0.0,UPRO,0.1576375510846988,0.5965919984624863,0.6548685655945806,0.24071631983369599,0.8090750812519555,0.348397898623935,29,0.12983363129094383,0.5244864025060034,0.6896863008509939,0.18825026846371168,0.7014037155001172,0.3545531446345496,29,0.02780391979375496,0.8557291666666667,True,False,False,True,True,False,False,3
53,SMA_N100_th2_bL3_sL0,SMA,100,0.02,3.0,0.0,UPRO,0.1529848669495515,0.5931718251146638,0.6498976596792326,0.2353983964568508,0.8024854218332677,0.33692190392767624,48,0.12081019921894609,0.5066248439007343,0.6835894360239767,0.1767291781476692,0.6751470757482161,0.3434352533559934,48,0.0321746677306054,0.8552083333333335,True,False,False,True,True,False,False,3
54,EMA_N150_th0_bL3_sL0,EMA,150,0.0,3.0,0.0,UPRO,0.16045533284717473,0.6039130548764098,0.6859399357815932,0.23392038351629746,0.8184031647210179,0.3478670907241655,146,0.1195792829225244,0.4983235705625124,0.7174885962225113,0.16666367040827484,0.6634704289091787,0.3557690101740012,146,0.040876049924650326,0.8526041666666667,True,False,False,True,True,False,False,3
55,EMA_N50_th0_bL2_sL0,EMA,50,0.0,2.0,0.0,SSO,0.10381686183880778,0.5647698298756293,0.45782246723868236,0.22676226980508501,0.7674958924491241,0.21682052110797917,298,0.06448413834079236,0.39215060704769183,0.47587319964054287,0.13550697620605934,0.5195723397139564,0.2239537203188701,298,0.03933272349801542,0.8515625000000001,True,False,False,True,True,False,True,4
56,EMA_N150_th0_bL1_sL0,EMA,150,0.0,1.0,0.0,SPY,0.06931506477314353,0.6305476587773272,0.3305445366142699,0.20969962318279362,0.8544604853020744,0.11721074923491256,146,0.05130119146902645,0.4714916477229777,0.3650683352238193,0.14052490046164717,0.6196908875026722,0.12197738565923323,146,0.01801387330411708,0.8494791666666667,True,False,False,True,True,False,True,4
57,EMA_N200_th0_bL2_sL0,EMA,200,0.0,2.0,0.0,SSO,0.10934921995703006,0.5534159693499108,0.5068651013490051,0.21573633628750657,0.7482889095744601,0.23993297749616357,124,0.08096010773367857,0.4405950467997214,0.546281907081284,0.14820206688930687,0.5837068787884919,0.24631396674871228,124,0.028389112223351498,0.8447916666666667,True,False,False,True,True,False,True,4
58,SMA_N150_th2_bL3_sL-1,SMA,150,0.02,3.0,-1.0,UPRO,0.13651900852787358,0.5341667323100512,0.6308630091766039,0.2164004015801415,0.7312451474248728,0.366883989619277,34,0.10664316616244385,0.46072666102063203,0.6654751312961784,0.16025116664349237,0.6212145127640433,0.37362879864371856,34,0.029875842365429728,0.8406250000000001,True,False,False,True,True,False,False,3
59,EMA_N150_th5_bL3_sL-1,EMA,150,0.05,3.0,-1.0,UPRO,0.13687422637155344,0.5309415623217164,0.6380328052961936,0.21452537429954313,0.7199262691731863,0.37881377513601,15,0.11436661062239728,0.4776313514426618,0.6616454437183331,0.17285180712448753,0.6396283556618619,0.3847175136203165,15,0.022507615749156162,0.8385416666666669,True,False,False,True,True,False,False,3
60,SMA_N50_th2_bL2_sL0,SMA,50,0.02,2.0,0.0,SSO,0.0906477838504276,0.5055402946491641,0.43578178461436445,0.20801186981838712,0.6875726887957986,0.21971843400891827,76,0.06632001458820347,0.39913939234253215,0.46387797488590327,0.14296866455993243,0.5330422172063842,0.22477398934084825,76,0.02432776926222413,0.8385416666666667,True,False,False,True,True,False,True,4
61,EMA_N200_th0_bL3_sL0,EMA,200,0.0,3.0,0.0,UPRO,0.14366968009665682,0.5554791070628037,0.6546341269746038,0.21946561319775254,0.7522396876575287,0.35932007448257847,124,0.10601744883397246,0.4610674646448033,0.6888848224515846,0.1538972051331897,0.6143931785003438,0.3667398439538163,124,0.037652231262684355,0.8385416666666667,True,False,False,True,True,False,False,3
62,SMA_N50_th0_bL3_sL0,SMA,50,0.0,3.0,0.0,UPRO,0.11865986383343441,0.5141214880164583,0.5797575178105413,0.2046715397181123,0.7002352789987807,0.3167931289122205,284,0.06989433416749558,0.37272840570021504,0.5898831194136164,0.11848844604499831,0.4964638384600458,0.32575887128703135,284,0.048765529665938834,0.8359375,True,False,False,True,True,False,True,4
63,EMA_N200_th0_bL1_sL0,EMA,200,0.0,1.0,0.0,SPY,0.06675113799705579,0.5948749559101095,0.304012837315216,0.21956683996157966,0.8062071300972597,0.12095514016512497,124,0.04954036627200531,0.44818429224533923,0.33947643059883986,0.14593168127936187,0.5900906941471461,0.1255779929641679,124,0.017210771725050478,0.8343750000000001,True,False,False,True,True,False,True,4
64,EMA_N200_th2_bL2_sL0,EMA,200,0.02,2.0,0.0,SSO,0.0931759625597699,0.49112373745120924,0.488460324499658,0.19075441317616196,0.660308675253528,0.24103593528365289,42,0.07064153600720502,0.4011450612299035,0.5259590339940187,0.13430995845963237,0.5285589654151803,0.24750584122462171,42,0.02253442655256488,0.8291666666666667,True,False,False,True,True,False,True,4
65,SMA_N50_th2_bL3_sL0,SMA,50,0.02,3.0,0.0,UPRO,0.11766546109240372,0.5041783193199145,0.5899117688781059,0.19946281342408181,0.6869973130953101,0.3294866546391988,76,0.0842272218197897,0.4111100382929325,0.6174274453428127,0.13641638779601778,0.5515644717788789,0.3358280263722286,76,0.03343823927261402,0.8250000000000001,True,False,False,True,True,False,False,3
66,EMA_N200_th2_bL1_sL0,EMA,200,0.02,1.0,0.0,SPY,0.06325094825563471,0.5667225634058938,0.2788488077136399,0.22682882804573234,0.7650105517263491,0.12122541142837989,42,0.04874765712634854,0.44089678295799534,0.3123228655586951,0.1560809742160468,0.57757736971373,0.12611775863228522,42,0.014503291129286167,0.8244791666666668,True,False,False,True,True,False,True,4
67,SMA_N50_th2_bL1_sL0,SMA,50,0.02,1.0,0.0,SPY,0.057612084539402586,0.5609588247206677,0.23770610992115632,0.24236686452237885,0.7652977499137528,0.1108248914473955,76,0.04348432608908781,0.43019951552629176,0.2575528843569635,0.16883649428992356,0.573132222176027,0.11415191042578474,76,0.014127758450314776,0.821875,True,False,False,True,True,False,True,4
68,EMA_N50_th5_bL2_sL0,EMA,50,0.05,2.0,0.0,SSO,0.08515913692177746,0.4861739571786582,0.4438843485413082,0.1918498302578751,0.6611671837425264,0.21678225586459604,19,0.07112810130309488,0.4224703461938317,0.48678904329834,0.146116890431945,0.5654053108852957,0.2211077307347601,19,0.014031035618682575,0.8192708333333333,True,False,False,True,True,False,True,4
69,SMA_N50_th0_bL2_sL0,SMA,50,0.0,2.0,0.0,SSO,0.08326515930338041,0.4843854594135251,0.43724537813528597,0.19043119371205278,0.6575690505759372,0.21170347681437224,284,0.04894753091005022,0.3290234925128363,0.4471741217551182,0.10945966801016024,0.43562105055588274,0.2185719131064455,284,0.03431762839333019,0.8161458333333333,True,False,False,True,True,False,True,4
70,EMA_N50_th5_bL1_sL0,EMA,50,0.05,1.0,0.0,SPY,0.05612991719357785,0.5564546397314598,0.24944679277465365,0.22501759421009973,0.7593950411939325,0.10880322780853813,19,0.04695143416217751,0.4653421506339447,0.28601662816378104,0.16415630959502053,0.6195061665262488,0.11219634381603744,19,0.009178483031400342,0.8140625,True,False,False,True,True,False,True,4
71,EMA_N150_th5_bL2_sL-1,EMA,150,0.05,2.0,-1.0,SSO,0.08819093431001024,0.4506542559646967,0.5168535990127588,0.17063039607049962,0.6112058816715401,0.26784277092284703,15,0.07072030326222678,0.38855916323797457,0.5420162436578537,0.13047635396489848,0.5189816460419096,0.27300047100297886,15,0.017470631047783458,0.8078125000000002,True,False,False,True,True,False,True,4
72,EMA_N50_th5_bL3_sL0,EMA,50,0.05,3.0,0.0,UPRO,0.10439781558013372,0.4700075678811949,0.5916265049506046,0.176458990100266,0.6386874804457686,0.3249344761848476,19,0.08685521904181925,0.4199803041845671,0.6309259522142808,0.13766309459453127,0.5639698489781939,0.32970296755264245,19,0.01754259653831447,0.8057291666666667,True,False,False,True,True,False,False,3
73,SMA_N150_th2_bL2_sL-1,SMA,150,0.02,2.0,-1.0,SSO,0.08678982953934833,0.4497762128424696,0.5002838593674732,0.17348117056800477,0.6165682118739944,0.2615164418198942,34,0.06391487115434358,0.3667284010171327,0.5377328663209477,0.11885989337351711,0.49390659772861106,0.26711443847886024,34,0.02287495838500475,0.8046875,True,False,False,True,True,False,True,4
74,SMA_N100_th0_bL3_sL-1,SMA,100,0.0,3.0,-1.0,UPRO,0.10410181271374164,0.45844122065622006,0.5890882201668441,0.17671684673011703,0.6246738103454517,0.3547268946134784,172,0.06005701703026167,0.3447950310104862,0.6256178837656916,0.09599632393621665,0.46137004177794916,0.36276977998957083,172,0.044044795683479965,0.8041666666666667,True,False,False,True,True,False,False,3
75,EMA_N50_th0_bL1_sL0,EMA,50,0.0,1.0,0.0,SPY,0.051604128633047086,0.5123699461290362,0.2718365974435329,0.1898351035819102,0.6943865253897975,0.11005361949329415,298,0.030241394294066026,0.31788801262090116,0.28574394259453145,0.10583389456825107,0.4181658305761262,0.11440617687036748,298,0.02136273433898106,0.803125,True,False,False,True,True,False,True,4
76,EMA_N200_th2_bL3_sL0,EMA,200,0.02,3.0,0.0,UPRO,0.11396861412387138,0.4817540383840422,0.6484491207909435,0.17575567684455887,0.6482018879941903,0.36133862316385224,42,0.08535169635741124,0.40987878357211033,0.6805864929604103,0.12540903652987445,0.5430331100796876,0.3686433188344129,42,0.028616917766460137,0.8020833333333334,True,False,False,True,True,False,False,3
77,SMA_N200_th0_bL3_sL-1,SMA,200,0.0,3.0,-1.0,UPRO,0.11412583572794821,0.47991995664697407,0.6499545085804372,0.17559049782916336,0.6526170772904449,0.36735866056016087,90,0.07928842980175577,0.3938393485869156,0.6656988413863182,0.1191055547530135,0.5269084811475201,0.37484859166816037,90,0.034837405926192444,0.8005208333333333,True,False,False,True,True,False,False,3
78,SMA_N150_th10_bL1_sL0,SMA,150,0.1,1.0,0.0,SPY,0.056677790135934325,0.5004979905529453,0.32047103338022476,0.17685776320597632,0.675239857730914,0.12610484064796715,11,0.048409718920180644,0.4305399277395016,0.3733978521277413,0.12964648469273848,0.5693708545936237,0.12939119773321575,11,0.00826807121575368,0.7979166666666667,True,False,False,True,True,False,True,4
79,EMA_N100_th5_bL3_sL-1,EMA,100,0.05,3.0,-1.0,UPRO,0.12437542198326756,0.5032851406335204,0.7107548334064958,0.17499061017589257,0.6860351044465818,0.37182227022855635,18,0.09963183434786327,0.44317946923338947,0.7360982860011156,0.135351265235404,0.5964196188008594,0.37765422486637346,18,0.024743587635404296,0.7973958333333333,True,False,False,True,True,False,False,3
80,SMA_N200_th2_bL3_sL-1,SMA,200,0.02,3.0,-1.0,UPRO,0.11817923491485627,0.4886407093301229,0.6897438799209678,0.17133785214360653,0.6615382995712745,0.3733744944380202,26,0.09035750603566228,0.4212614531180929,0.7195647741864032,0.1255724422277725,0.5630119218959471,0.37946304225980954,26,0.027821728879193985,0.7958333333333334,True,False,False,True,True,False,False,3
81,EMA_N150_th2_bL3_sL-1,EMA,150,0.02,3.0,-1.0,UPRO,0.124733003499093,0.5036049786197158,0.760466152129421,0.1640217689502966,0.6866857487425339,0.3731519813901457,39,0.09394396666206273,0.42908930438120624,0.7846248908457553,0.1197310558944919,0.5765674384000388,0.3798866834422948,39,0.03078903683703027,0.7885416666666667,True,False,False,True,True,False,False,3
82,EMA_N200_th10_bL1_sL0,EMA,200,0.1,1.0,0.0,SPY,0.053873497876701926,0.4691119835523047,0.35341702293913374,0.1524360581974008,0.6289641847789226,0.12993733886657716,10,0.046343776215213905,0.407749690139729,0.40140540279384557,0.11545379283052455,0.5372863766238959,0.13294077814253438,10,0.00752972166148802,0.7833333333333334,True,False,False,True,True,False,True,4
83,EMA_N100_th0_bL3_sL-1,EMA,100,0.0,3.0,-1.0,UPRO,0.09978388758012624,0.44613944404493733,0.648942995893552,0.15376371763244068,0.6057367127124261,0.36034739540695404,176,0.05347144359050504,0.3286546664675679,0.6951034175327865,0.0769258821662791,0.43757076702916975,0.3693325664633527,176,0.0463124439896212,0.7828125,True,False,False,True,True,False,False,3
84,SMA_N150_th5_bL3_sL-1,SMA,150,0.05,3.0,-1.0,UPRO,0.10391845619980722,0.45411879140275185,0.6741764506509217,0.1541413321386015,0.6139967941695545,0.3742325152530178,17,0.08169467969887778,0.40022545878262955,0.6967302781719373,0.11725438416890126,0.5349792423580121,0.3796389044421605,17,0.022223776500929437,0.7807291666666668,True,False,False,True,True,False,False,3
85,SMA_N150_th10_bL2_sL0,SMA,150,0.1,2.0,0.0,SSO,0.07955591438768495,0.4317302249617798,0.5575336035300821,0.14269259087518382,0.5805880492212367,0.25116211100951724,11,0.06805958835901538,0.3876122690148033,0.6046639242469568,0.11255771285475018,0.5156551394522553,0.2546627486345602,11,0.011496326028669568,0.7791666666666667,True,False,False,True,True,False,True,4
86,EMA_N200_th5_bL3_sL-1,EMA,200,0.05,3.0,-1.0,UPRO,0.0997120023503546,0.44193888282278,0.6558929571531569,0.15202481024212455,0.5957078233631886,0.3897423243243395,14,0.07969504189311416,0.39581869130136754,0.6764609467278457,0.11781174106001588,0.5273587517115003,0.3955513780069273,14,0.02001696045724044,0.7770833333333333,True,False,False,True,True,False,False,3
87,SMA_N200_th10_bL1_sL0,SMA,200,0.1,1.0,0.0,SPY,0.051170916638699104,0.45009954413314296,0.3869334958073512,0.13224731689855146,0.6001590292887501,0.12967179234226964,10,0.04304485625334786,0.38412168917490663,0.4332636073613202,0.09935026972494046,0.5028684887446667,0.1329341742737086,10,0.008126060385351241,0.7744791666666667,True,False,False,True,True,False,True,4
88,SMA_N150_th0_bL3_sL-1,SMA,150,0.0,3.0,-1.0,UPRO,0.10972759905522311,0.4703648835100329,0.7250595173530026,0.15133598887965652,0.6379655964949495,0.36321438251951477,124,0.07164088668445756,0.3746744991351484,0.7514668886544908,0.09533472168378743,0.5010177904131682,0.3697282780218877,124,0.03808671237076555,0.7739583333333334,True,False,False,True,True,False,False,3
89,SMA_N50_th0_bL1_sL0,SMA,50,0.0,1.0,0.0,SPY,0.04255563988391575,0.44184124711851797,0.2689848813261356,0.1582082965931397,0.5989266520145099,0.10740737333371386,284,0.023576914347159805,0.2648367395578556,0.27811653625300964,0.08477350777053864,0.3484672855271204,0.11162788758724872,284,0.018978725536755947,0.7723958333333334,True,False,False,True,True,False,True,4
90,EMA_N100_th5_bL2_sL-1,EMA,100,0.05,2.0,-1.0,SSO,0.07933238847529989,0.42187062169918704,0.5820595248219148,0.13629600597906577,0.5757989473030761,0.2642505221976644,18,0.05979951633969938,0.35164001459619537,0.6113284959594975,0.09781895778609556,0.4725165419564365,0.26929665917493606,18,0.01953287213560051,0.7697916666666668,True,False,False,True,True,False,True,4
91,EMA_N150_th10_bL1_sL0,EMA,150,0.1,1.0,0.0,SPY,0.041440316641588426,0.412895349642104,0.23171425916880994,0.17884232412040754,0.5537200122558928,0.1141999156026368,8,0.03556036514321925,0.3589217872230767,0.27643583467543315,0.12863876778121452,0.4746175481995214,0.11631488136150327,8,0.005879951498369174,0.76875,True,False,False,True,True,False,True,4
92,SMA_N100_th5_bL3_sL-1,SMA,100,0.05,3.0,-1.0,UPRO,0.08998658335436693,0.4214386030270075,0.6569736348329633,0.13697137690654235,0.569593956940308,0.3609173873878287,21,0.06683302278551206,0.3627500355937699,0.6873829893403819,0.09722821748854384,0.4842164467031939,0.36660893398532435,21,0.02315356056885487,0.7640625000000001,True,False,False,True,True,False,False,3
93,SMA_N200_th5_bL3_sL-1,SMA,200,0.05,3.0,-1.0,UPRO,0.09816640182199343,0.4394104451548474,0.6952745131601498,0.14119085334483095,0.5939011678053403,0.3794620672589094,14,0.07741699552188619,0.3900313912881307,0.7151530348716201,0.10825234844425098,0.5207320588560873,0.38535638820574397,14,0.020749406300107243,0.7625000000000001,True,False,False,True,True,False,False,3
94,SMA_N200_th2_bL2_sL-1,SMA,200,0.02,2.0,-1.0,SSO,0.0759930375557587,0.41015514169773626,0.5737775992989606,0.13244336768916515,0.5558467355596153,0.26476291752404596,26,0.054345330479251164,0.3326207091259591,0.6068432825724,0.08955414361494139,0.4438338388150152,0.26995620937865505,26,0.02164770707650754,0.7598958333333334,True,False,False,True,True,False,True,4
95,EMA_N100_th2_bL3_sL-1,EMA,100,0.02,3.0,-1.0,UPRO,0.08633836889470414,0.41139768647224717,0.6483569591130846,0.13316486802703578,0.560602038953217,0.36404294189053005,52,0.05577916750693501,0.33432361672976374,0.6836809883587707,0.08158654175953793,0.4491796093511307,0.3703774554305988,52,0.03055920138776913,0.7598958333333334,True,False,False,True,True,False,False,3
96,SMA_N200_th0_bL2_sL-1,SMA,200,0.0,2.0,-1.0,SSO,0.07089194574446367,0.3933122834548912,0.5407677627419804,0.13109499239563352,0.5351884348137264,0.2618955485305841,90,0.044625682777558406,0.29822120240131333,0.5559860005698283,0.08026404033882452,0.3983148428827339,0.26799950066727424,90,0.026266262966905263,0.7562500000000001,True,False,False,True,True,False,True,4
97,EMA_N150_th2_bL2_sL-1,EMA,150,0.02,2.0,-1.0,SSO,0.07795413931095663,0.416796212195281,0.6414588959733526,0.12152632039293597,0.5684021733754411,0.2646390830579406,39,0.054449743413637286,0.3325945914804793,0.6712122238434063,0.08112150148555758,0.4458836691367288,0.2702286072475418,39,0.02350439589731934,0.7510416666666667,True,False,False,True,True,False,True,4
98,SMA_N150_th10_bL3_sL0,SMA,150,0.1,3.0,0.0,UPRO,0.0909848570419336,0.4228774625513741,0.7216118085732861,0.12608559887874018,0.5689987893694395,0.37616409408472806,11,0.07766598246139012,0.390612554609489,0.755579492568411,0.10278995555766511,0.5218477624192815,0.3795843948896744,11,0.013318874580543483,0.75,True,False,False,True,True,False,False,3
99,EMA_N150_th10_bL2_sL0,EMA,150,0.1,2.0,0.0,SSO,0.05686749840223837,0.3580654197918872,0.4238547697937534,0.13416741406475133,0.47897365140652226,0.22751706270579788,8,0.04860477497344173,0.3228084967246224,0.47084311884044605,0.10322923502236074,0.4284490843505585,0.22984508938408274,8,0.008262723428796637,0.7473958333333335,True,False,False,True,True,False,True,4
100,EMA_N200_th10_bL2_sL0,EMA,200,0.1,2.0,0.0,SSO,0.07184972011758317,0.3990596065529243,0.6000957739432287,0.11973042177160946,0.533301206782968,0.25877690398961783,10,0.06178922683549071,0.361742167056542,0.640831791386894,0.09642035190196464,0.47898202888307956,0.261934440083399,10,0.010060493282092464,0.7432291666666666,True,False,False,True,True,False,True,4
101,EMA_N200_th5_bL2_sL-1,EMA,200,0.05,2.0,-1.0,SSO,0.06496114093723704,0.3681817151196792,0.5341131841764892,0.1216242977364357,0.495918790238712,0.2735972149869252,14,0.049054141450910915,0.31315138021572664,0.5564615509611786,0.08815369429600207,0.4156313050691418,0.2788022639851927,14,0.015906999486326123,0.7411458333333334,True,False,False,True,True,False,True,4
102,SMA_N150_th5_bL2_sL-1,SMA,150,0.05,2.0,-1.0,SSO,0.06326058359112441,0.3649720568580876,0.5549273248820453,0.11399796109260073,0.4936490990910332,0.2654185153443219,17,0.045802046567903654,0.30248184378378284,0.5794555501439967,0.07904324422558673,0.4034198042278686,0.2701438350932973,17,0.017458537023220755,0.7317708333333334,True,False,False,True,True,False,True,4
103,EMA_N150_th0_bL3_sL-1,EMA,150,0.0,3.0,-1.0,UPRO,0.0861009508819226,0.41036029162456317,0.7512559393921148,0.1146093446550212,0.5566385561964851,0.3691559032425242,146,0.04758889705951552,0.31453432665870446,0.7771122190138791,0.06123812738384647,0.4198990329723063,0.3766031746233056,146,0.03851205382240708,0.7281250000000001,True,False,False,True,True,False,False,3
104,SMA_N100_th0_bL2_sL-1,SMA,100,0.0,2.0,-1.0,SSO,0.05673980678511081,0.3444437340068786,0.4851780709939518,0.11694635470410229,0.46933066048508637,0.2557551410007831,172,0.025085158488823645,0.22668978691040198,0.5200740567061176,0.0482338200980456,0.3031519306001583,0.26172247147464495,172,0.03165464829628717,0.7276041666666667,True,False,False,True,True,False,True,4
105,EMA_N150_th10_bL3_sL0,EMA,150,0.1,3.0,0.0,UPRO,0.063299186546526,0.3534158979894446,0.5731332356506336,0.11044410376003995,0.4729371935911407,0.34071318018294705,8,0.05333290542617708,0.32616789107382554,0.6142324502717964,0.08682853763681388,0.43410003247633844,0.3431272473928436,8,0.009966281120348919,0.725,True,False,False,True,True,False,True,4
106,SMA_N200_th5_bL2_sL-1,SMA,200,0.05,2.0,-1.0,SSO,0.06206232293120495,0.3598778920357321,0.5769117069798995,0.10757681319399418,0.48648494169077217,0.267979932459871,14,0.04577664432584139,0.30223157928707656,0.598946478115545,0.07642860589124366,0.4024425458899359,0.27312289120236694,14,0.016285678605363563,0.7229166666666667,True,False,False,True,True,False,True,4
107,SMA_N200_th10_bL2_sL0,SMA,200,0.1,2.0,0.0,SSO,0.06661179053102328,0.38076886322101133,0.6479572587499083,0.1028027537796801,0.5060482659347285,0.25830660085111673,10,0.05534529506802088,0.33898487275867945,0.6844044664009025,0.08086635576630115,0.4459453490972297,0.26188356742662905,10,0.011266495463002402,0.721875,True,False,False,True,True,False,True,4
108,SMA_N150_th0_bL2_sL-1,SMA,150,0.0,2.0,-1.0,SSO,0.06493888562022243,0.3729031810499084,0.6157951927338128,0.10545533058146703,0.5062077187482635,0.2598755145687094,124,0.036590596075269266,0.26929536686859223,0.6444744683178493,0.05677586603356814,0.3598198477982243,0.2650560551475794,124,0.028348289544953165,0.721875,True,False,False,True,True,False,True,4
109,SMA_N50_th5_bL3_sL-1,SMA,50,0.05,3.0,-1.0,UPRO,0.07344697485951479,0.3786227198989751,0.7035774750547005,0.10439074226161742,0.5142208319464692,0.37011923717579864,29,0.04766512840517523,0.3145554845567921,0.7334813318719253,0.06498478738856046,0.4218645827597555,0.3759033391499099,29,0.025781846454339563,0.7125000000000001,True,False,False,True,True,False,False,3
110,EMA_N200_th0_bL3_sL-1,EMA,200,0.0,3.0,-1.0,UPRO,0.0743968540406148,0.380934260126832,0.720628047611984,0.10323890984697442,0.5161034477263441,0.3784724705630673,124,0.03901323393943712,0.29482934984614356,0.7527705295488891,0.05182619723810984,0.3936179418777412,0.3855066046720836,124,0.03538362010117768,0.7119791666666667,True,False,False,True,True,False,True,4
111,EMA_N100_th0_bL2_sL-1,EMA,100,0.0,2.0,-1.0,SSO,0.05465434364858979,0.33587411625301766,0.5484486973380048,0.09965260910248223,0.4558923772394906,0.25872328226120156,176,0.021196681795979666,0.21307262891428216,0.5930134066369404,0.03574401785650839,0.2833376760236713,0.26548021102385677,176,0.03345766185261012,0.7119791666666667,True,False,False,True,True,False,True,4
112,EMA_N150_th5_bL1_sL-1,EMA,150,0.05,1.0,-1.0,SPY,0.032448558001290095,0.2737639637583565,0.3797366189842119,0.08545016829846265,0.3725574230017851,0.16901389972418018,15,0.021378488198135592,0.2094526040106499,0.40133998282834404,0.05326777573337198,0.2806123423200556,0.17228018725703445,15,0.011070069803154503,0.7114583333333333,True,False,False,True,True,False,True,4
113,SMA_N100_th5_bL2_sL-1,SMA,100,0.05,2.0,-1.0,SSO,0.05155129210049436,0.32457236831459274,0.5354150435825202,0.09628286077947878,0.439612934968112,0.25863337728386365,21,0.03359424402240396,0.2584759502966889,0.5681602403852222,0.05912811498324223,0.3450478508969501,0.26336067476124814,21,0.0179570480780904,0.7104166666666667,True,False,False,False,True,False,True,3
114,SMA_N100_th2_bL3_sL-1,SMA,100,0.02,3.0,-1.0,UPRO,0.07294372199980037,0.37759855864230424,0.7057996639572927,0.10334904608882632,0.5119072466255186,0.3600782982730889,48,0.04285918080725026,0.30032702548778806,0.7347247093933367,0.05833365920500912,0.4017038447195638,0.3661709133102935,48,0.030084541192550107,0.7098958333333333,True,False,False,True,True,False,False,3
115,EMA_N100_th2_bL2_sL-1,EMA,100,0.02,2.0,-1.0,SSO,0.04829315064651074,0.312177842246452,0.5223884324973237,0.09244682240692256,0.42558059293997674,0.259968733232378,52,0.02521252749194658,0.22765423272049937,0.5611089065209337,0.044933393854453024,0.30541670747476357,0.26509692442116234,52,0.02308062315456416,0.7083333333333334,True,False,False,True,True,False,True,4
116,EMA_N200_th10_bL3_sL0,EMA,200,0.1,3.0,0.0,UPRO,0.07745123325703451,0.38997458842121846,0.7609253969558757,0.10178558051404575,0.5213866046178373,0.38765754403397845,10,0.066298024913094,0.3637751907712599,0.7890082722697118,0.08402703399088181,0.4835342560489736,0.39060506563599834,10,0.011153208343940513,0.7078125,True,False,False,True,True,False,False,3
117,SMA_N150_th2_bL1_sL-1,SMA,150,0.02,1.0,-1.0,SPY,0.029191392255220272,0.25486522783771787,0.3399500927432531,0.08586964051004697,0.3509055611208528,0.1691556446439889,34,0.014914914995026507,0.17242552375369266,0.36090494040696647,0.04132643620286282,0.2334997720096938,0.17245415968499966,34,0.014276477260193765,0.7057291666666666,True,False,False,True,True,False,True,4
118,EMA_N50_th0_bL3_sL-1,EMA,50,0.0,3.0,-1.0,UPRO,0.06448498981998019,0.3552712073020217,0.6729570715799142,0.09582333337933063,0.48505951951083076,0.35071576637552937,298,0.008775100841762029,0.2064379465933896,0.7380212199611255,0.011890038666129747,0.27622737762754845,0.3595036864622569,298,0.05570988897821816,0.6989583333333335,True,False,False,True,True,False,True,4
119,EMA_N50_th2_bL3_sL-1,EMA,50,0.02,3.0,-1.0,UPRO,0.06276743050566336,0.3506494976552657,0.6523470646128752,0.09621784769264145,0.4806629546264816,0.3582813107688715,74,0.028825987082641724,0.2624093586858784,0.678537291811529,0.04248253917729912,0.35451477007021126,0.36452795790235115,74,0.03394144342302163,0.6984375,True,False,False,True,True,False,False,3
120,SMA_N50_th10_bL1_sL0,SMA,50,0.1,1.0,0.0,SPY,0.014262525739306087,0.25763124927177766,0.21377374216813438,0.06671785596609205,0.3470889431884245,0.06260375946005349,2,0.012293500697795778,0.22264979702499643,0.2389936983636376,0.05143859767838217,0.2941695649895424,0.06419310289340094,2,0.0019690250415103083,0.6968750000000001,True,False,False,False,True,False,True,3
121,EMA_N100_th10_bL1_sL0,EMA,100,0.1,1.0,0.0,SPY,0.013262911417818879,0.25590844249808664,0.1765590326307176,0.07511884960062593,0.3454426668294689,0.05810417007269253,2,0.011418207989309925,0.2218640127118358,0.20135294554389815,0.0567074296254612,0.2955735374746595,0.05907348502374475,2,0.0018447034285089536,0.696875,True,False,False,True,True,False,True,4
122,SMA_N50_th10_bL2_sL0,SMA,50,0.1,2.0,0.0,SSO,0.022959500326160454,0.24498811508743262,0.40321816032547875,0.05694064053967084,0.3295542138823724,0.12476393545719838,2,0.019976485069853833,0.22024366205893706,0.43175363052562565,0.0462682503573486,0.29244491720799654,0.12684847967557372,2,0.0029830152563066203,0.6848958333333334,True,False,False,False,True,False,True,3
123,EMA_N100_th10_bL2_sL0,EMA,100,0.1,2.0,0.0,SSO,0.02161853162890215,0.24317838521187557,0.33831830392032997,0.06389997637843757,0.32770197966437425,0.11580007196289868,2,0.018784247098918128,0.21816912604226338,0.36845246800804243,0.050981466348891745,0.29149228862626897,0.1170515142400028,2,0.0028342845299840214,0.684375,True,False,False,True,True,False,True,4
124,SMA_N150_th2_bL3_sL-2,SMA,150,0.02,3.0,-2.0,UPRO,0.05856451744039104,0.3483494028576673,0.6879884496688361,0.08512427420632007,0.47809631137057557,0.4243170831510645,34,0.030737876249716356,0.2882102455533963,0.7172442060716034,0.042855523947791574,0.3909810541171714,0.43015170848073947,34,0.027826641190674684,0.6838541666666667,True,False,False,True,True,False,False,3
125,SMA_N50_th5_bL2_sL-1,SMA,50,0.05,2.0,-1.0,SSO,0.039334163154187474,0.2790047858442061,0.5708732263159216,0.06890174795554332,0.37913764086225726,0.263561735687701,29,0.019282828379760808,0.2065605879204668,0.6059084900846831,0.03182465453993853,0.27666043459312556,0.26829495720872776,29,0.020051334774426666,0.6828125,True,False,False,True,True,False,True,4
126,EMA_N150_th0_bL2_sL-1,EMA,150,0.0,2.0,-1.0,SSO,0.04679980204522738,0.30627378388808785,0.6343581972357079,0.07377504105592574,0.4151999751374385,0.26290375014309636,146,0.018145688848631547,0.20259464259192897,0.6798706257131213,0.026689914466591934,0.26979869502086107,0.26884519717099675,146,0.028654113196595832,0.6807291666666668,True,False,False,True,True,False,True,4
127,EMA_N100_th5_bL1_sL-1,EMA,100,0.05,1.0,-1.0,SPY,0.025483502018261106,0.23335934921013024,0.4039034614020342,0.06309305181441746,0.31999885251847054,0.16967344472410884,18,0.012936761633798755,0.16117746210922745,0.43023705763569886,0.03006891527403689,0.2176091691631282,0.17282059726456633,18,0.012546740384462352,0.6802083333333334,True,False,False,False,True,False,True,3
128,EMA_N200_th0_bL2_sL-1,EMA,200,0.0,2.0,-1.0,SSO,0.04215520678445461,0.28897283412418884,0.6001267563596134,0.07024383821872789,0.39112256098435294,0.26771055481220846,124,0.01547390457534159,0.1941724159053845,0.6373494822450453,0.02427852380272626,0.25844113467702023,0.27342485821359713,124,0.026681302209113023,0.6781250000000001,True,False,False,True,True,False,True,4
129,SMA_N200_th10_bL3_sL0,SMA,200,0.1,3.0,0.0,UPRO,0.06952712130106975,0.3720135481637603,0.8078594650272349,0.08606338640684963,0.4946514639288206,0.38709651256591626,10,0.0564987242757351,0.3413425075735806,0.8307469698769044,0.06800954601628793,0.45079945763934953,0.39062257992187965,10,0.013028397025334648,0.6770833333333334,True,False,False,True,True,False,False,3
130,EMA_N100_th10_bL3_sL0,EMA,100,0.1,3.0,0.0,UPRO,0.02753121899133837,0.24472797569284088,0.47764162325005977,0.05763990751895788,0.32969119280166415,0.1735431911792212,2,0.024060758090449053,0.22495499718400536,0.5064661424067537,0.04750714031171179,0.30118004848382846,0.1748941145393559,2,0.003470460900889316,0.6765625000000002,True,False,False,True,True,False,True,4
131,SMA_N100_th2_bL2_sL-1,SMA,100,0.02,2.0,-1.0,SSO,0.03835064668160104,0.27570314690331144,0.5769563010979448,0.06647062629980809,0.3741217081926832,0.25792249566314707,48,0.015642619905624766,0.19161315098727202,0.6104944000869738,0.025622872058115927,0.2561779119552066,0.26271851022560394,48,0.022708026775976276,0.6765625000000001,True,False,False,True,True,False,True,4
132,SMA_N200_th2_bL1_sL-1,SMA,200,0.02,1.0,-1.0,SPY,0.026110099422451682,0.2374929402906045,0.4366798657714438,0.05979231347505631,0.3230851127412334,0.16858728592010802,26,0.012273251264322438,0.15739447481836352,0.46585339206876575,0.02634573767901373,0.21083500017781506,0.1718100291974259,26,0.013836848158129245,0.6755208333333333,True,False,False,True,True,False,True,4
133,EMA_N150_th5_bL3_sL-2,EMA,150,0.05,3.0,-2.0,UPRO,0.06155568269852929,0.35710576023826057,0.7541958086213616,0.0816176409294166,0.48481327156820253,0.43057104895720966,15,0.04053920888966367,0.3129761439702556,0.770230647077978,0.05263255758967416,0.4207588688021089,0.4357666638702129,15,0.02101647380886562,0.6713541666666666,True,False,False,True,True,False,False,3
134,EMA_N200_th5_bL1_sL-1,EMA,200,0.05,1.0,-1.0,SPY,0.021811810748509464,0.21269551926045804,0.39324868078993735,0.05546569337421563,0.2869563865970331,0.16848059313096636,14,0.011423920818556255,0.15264469548576706,0.412983063214797,0.027661959620398642,0.20273452651168997,0.17186792313010912,14,0.010387889929953209,0.6687500000000001,True,False,False,True,True,False,True,4
135,SMA_N50_th10_bL3_sL0,SMA,50,0.1,3.0,0.0,UPRO,0.028608641279807667,0.24600495948228643,0.5584797357679476,0.051225925396324076,0.33088241972753984,0.18695533490286118,2,0.02502757835883762,0.22725674919353545,0.5835731606850342,0.042886787886986966,0.3027970677032609,0.1892007453065917,2,0.003581062920970046,0.6661458333333333,True,False,False,False,True,False,True,3
136,EMA_N150_th2_bL1_sL-1,EMA,150,0.02,1.0,-1.0,SPY,0.024757539705417386,0.2293439348246879,0.47149006187417986,0.05250914432216409,0.3141561089997917,0.1692126686563959,39,0.010190414234741318,0.1454038676878278,0.5006283126932233,0.020355249546155484,0.19595133729885386,0.17253134023237132,39,0.014567125470676068,0.6645833333333334,True,False,False,False,True,False,True,3
137,EMA_N50_th2_bL2_sL-1,EMA,50,0.02,2.0,-1.0,SSO,0.027487387385428885,0.23471667625001463,0.5296548444978807,0.05189679216752424,0.32172444916249165,0.2575881414410291,74,0.002744500601148392,0.14253395089930232,0.5570037066004787,0.004927257338911994,0.1924412514957791,0.2622424121995946,74,0.024742886784280493,0.6630208333333333,True,False,False,True,True,False,True,4
138,SMA_N200_th0_bL1_sL-1,SMA,200,0.0,1.0,-1.0,SPY,0.01968097035001448,0.20002346844068172,0.4241575119132254,0.046400145694085536,0.2730625154403421,0.16916995276784158,90,0.003666964538749262,0.10793673721541573,0.43530707169420946,0.008423857036086007,0.1448669095981187,0.17268213477188188,90,0.01601400581126522,0.6552083333333334,True,False,False,True,True,False,True,4
139,EMA_N50_th10_bL1_sL0,EMA,50,0.1,1.0,0.0,SPY,0.009118441313836767,0.17626397096895735,0.23128038017587413,0.039425918043297786,0.23437507969661672,0.0627027471327211,2,0.007807391040691947,0.15429134347123027,0.24786609095728132,0.03149842324353079,0.2030200659818947,0.06358737763964144,2,0.0013110502731448204,0.6515625,True,False,False,False,True,False,True,3
140,SMA_N200_th5_bL1_sL-1,SMA,200,0.05,1.0,-1.0,SPY,0.01802223752521437,0.19059297639329462,0.43364374010977214,0.04156000850064672,0.2584691747008191,0.16848965146743536,14,0.00755595482774285,0.13025572639184713,0.4533695545335939,0.016666215788389397,0.17393444841975875,0.17174725983956,14,0.010466282697471518,0.6463541666666667,True,False,False,True,True,False,True,4
141,EMA_N100_th5_bL3_sL-2,EMA,100,0.05,3.0,-2.0,UPRO,0.04600484507897584,0.3212925578059501,0.7695324026164838,0.059782856345691186,0.4390869025647479,0.4278360165028786,18,0.02298592093207752,0.27187602599546695,0.7897258070480039,0.02910620461802929,0.367892033528823,0.4329050455999155,18,0.023018924146898323,0.6421875,True,False,False,False,True,False,False,2
142,SMA_N150_th5_bL1_sL-1,SMA,150,0.05,1.0,-1.0,SPY,0.015638875229634586,0.17663858919085185,0.4171924634214053,0.03748599651436605,0.2399010001122878,0.16903870169512084,17,0.0043530410598187075,0.11174244950398778,0.4362287964034418,0.009978802627676238,0.1496385399083182,0.17198823985755907,17,0.011285834169815878,0.6401041666666667,True,False,False,True,True,False,True,4
143,EMA_N50_th0_bL2_sL-1,EMA,50,0.0,2.0,-1.0,SSO,0.022861434320311735,0.21678259461388275,0.5783979141942593,0.03952544391893078,0.2957466296648756,0.2544888336202158,298,-0.016897767067403757,0.06608199467611986,0.6886371174708936,-0.02453798472185602,0.0883740973451257,0.26076471646114435,298,0.03975920138771549,0.6385416666666667,True,False,False,True,True,False,True,4
144,EMA_N200_th2_bL3_sL-1,EMA,200,0.02,3.0,-1.0,UPRO,0.035581648426365575,0.28428672179281783,0.7326580648872221,0.04856514946278883,0.3827259126990331,0.3800072727644419,42,0.008978425949779156,0.21980886603971841,0.7570973929428215,0.011859010522913313,0.2917706081793263,0.38694415528617887,42,0.02660322247658642,0.6359375,True,False,False,True,True,False,False,3
145,SMA_N200_th0_bL3_sL-2,SMA,200,0.0,3.0,-2.0,UPRO,0.03927887286544696,0.30512191077697426,0.7562683033168993,0.05193774840645135,0.4160205949001125,0.4240642908690958,90,0.006775439210831458,0.23391893592725818,0.7672308583047058,0.008831030631122753,0.31494872321093886,0.4305689493706615,90,0.0325034336546155,0.6354166666666666,True,False,False,True,True,False,False,3
146,SMA_N100_th10_bL1_sL0,SMA,100,0.1,1.0,0.0,SPY,0.010354603277854979,0.1606511730828479,0.2880253094163935,0.03595032429211108,0.21003776582966902,0.0888333048252655,9,0.008050997459785547,0.1344047904359889,0.2880253094163935,0.027952395836667088,0.17405294934200524,0.09006889666076237,9,0.002303605818069432,0.6338541666666667,True,False,False,True,True,False,True,4
147,SMA_N200_th2_bL3_sL-2,SMA,200,0.02,3.0,-2.0,UPRO,0.04424448873046605,0.31790582001682033,0.8003832172925872,0.055279131014427656,0.43125734181121217,0.4271209919335696,26,0.01826235085677963,0.26174827174113885,0.8195697879530073,0.022282850252926555,0.35151985636619343,0.4324438255622644,26,0.025982137873686417,0.6317708333333334,True,False,False,True,True,False,False,3
148,SMA_N50_th0_bL3_sL-1,SMA,50,0.0,3.0,-1.0,UPRO,0.0256064276793051,0.2472504836701455,0.6759101461167144,0.03788436647448024,0.33747642070005346,0.34448723637648704,284,-0.02232642388102768,0.1147819534590698,0.7725476828482712,-0.02889973574021139,0.1535926505610253,0.35292621829840826,284,0.04793285156033278,0.6302083333333333,True,False,False,True,True,False,True,4
149,EMA_N150_th2_bL3_sL-2,EMA,150,0.02,3.0,-2.0,UPRO,0.046374559336111565,0.32203956255322114,0.8309143795011287,0.05581147766867906,0.439989347283813,0.42776222632313515,39,0.01773054804409635,0.2602180248086222,0.8479678997557211,0.020909456654201287,0.35149167710159396,0.43363820571973083,39,0.028644011292015215,0.6286458333333333,True,False,False,False,True,False,False,2
150,EMA_N50_th10_bL2_sL0,EMA,50,0.1,2.0,0.0,SSO,0.01262682710181151,0.16365868391098215,0.42952891292268364,0.029396920025461414,0.2172933111496735,0.12488387221878806,2,0.010862107724483927,0.14958604254022792,0.4459814856600431,0.024355512669787714,0.19740489735628292,0.12589981072941456,2,0.0017647193773275838,0.6244791666666667,True,False,False,False,True,False,True,3
151,EMA_N200_th5_bL3_sL-2,EMA,200,0.05,3.0,-2.0,UPRO,0.02677451121113661,0.28202922919703116,0.7687228030239204,0.03482986468700274,0.3800789619067751,0.43587728085333083,14,0.008085159139422426,0.24316761708781157,0.7825467193753934,0.010331854877464403,0.3246406045248023,0.4410721962593135,14,0.018689352071714183,0.6197916666666667,True,False,False,True,True,False,False,3
152,SMA_N50_th2_bL3_sL-1,SMA,50,0.02,3.0,-1.0,UPRO,0.021520309794966108,0.23897166143289547,0.6688701097354689,0.032174123916939815,0.3262983359587165,0.3544860259576653,76,-0.009718427344351799,0.155331506432811,0.70041682513766,-0.013875205442761513,0.20920220322687258,0.36038489621046305,76,0.031238737139317907,0.6182291666666667,True,False,False,True,True,False,True,4
153,SMA_N100_th0_bL3_sL-2,SMA,100,0.0,3.0,-2.0,UPRO,0.02078467951688734,0.26068530215441066,0.7097632290537397,0.029283962124379972,0.3567571261377389,0.4191436106701828,172,-0.020269517549384664,0.16762497297374215,0.7576846614910944,-0.02675191749229162,0.22629533071784547,0.4260106471288624,172,0.041054197066272,0.6140625000000001,True,False,False,True,True,False,True,4
154,SMA_N100_th5_bL1_sL-1,SMA,100,0.05,1.0,-1.0,SPY,0.006842512249026544,0.12528279706864417,0.3985063140764818,0.01717039857921378,0.17079609542613536,0.16970366132644302,21,-0.004769484442015082,0.05893019661508603,0.4213679201148295,-0.011319049729071261,0.07925719032333309,0.17249504773746993,21,0.011611996691041626,0.6114583333333333,True,False,False,False,False,False,True,2
155,SMA_N150_th2_bL2_sL-2,SMA,150,0.02,2.0,-2.0,SSO,0.012246291380202612,0.20589349665426737,0.592202515944941,0.020679228896320984,0.28320364309274704,0.3373455528835752,34,-0.009059660480344567,0.14572116343009647,0.6092705726277392,-0.01486968333505903,0.198229589912614,0.3416925201945953,34,0.02130595186054718,0.609375,True,False,False,True,True,False,True,4
156,EMA_N200_th2_bL2_sL-1,EMA,200,0.02,2.0,-1.0,SSO,0.016252119650689956,0.19515743064486646,0.6089194526601656,0.026690097647053115,0.26266999774406286,0.26815863542549134,42,-0.0046966201071189095,0.12132846418896302,0.638225963694725,-0.007358867194825355,0.16060041028135363,0.27397055549435,42,0.020948739757808865,0.6088541666666667,True,False,False,True,True,False,True,4
157,SMA_N150_th0_bL1_sL-1,SMA,150,0.0,1.0,-1.0,SPY,0.011626824777854372,0.15324148736728974,0.47779632698550123,0.024334269899498807,0.2086750278824851,0.1699697526708378,124,-0.005371907812524612,0.055693255436383864,0.5312754833853632,-0.01011134144247359,0.0747668483339977,0.17293525691072886,124,0.016998732590378984,0.6083333333333334,True,False,False,True,True,False,True,4
158,SMA_N150_th0_bL3_sL-2,SMA,150,0.0,3.0,-2.0,UPRO,0.0282398881937147,0.2795371789320005,0.8323106571223065,0.033929504508993576,0.3803315678467715,0.4227602370413917,124,-0.007084950692028635,0.20037344311406224,0.8484168147097265,-0.008350790047050928,0.2696884305627045,0.4283700727347301,124,0.03532483888574334,0.6046875,True,False,False,True,True,False,False,3
159,EMA_N100_th2_bL1_sL-1,EMA,100,0.02,1.0,-1.0,SPY,0.004682461092641033,0.11266404568416864,0.41122354276210293,0.011386656175349097,0.15452937796153654,0.1699280489106886,52,-0.009485689616791748,0.03160791210209613,0.42916229838221265,-0.022102802721835964,0.04273536573097777,0.1728161361791489,52,0.01416815070943278,0.6036458333333334,True,False,False,True,True,False,True,4
160,EMA_N150_th5_bL2_sL-2,EMA,150,0.05,2.0,-2.0,SSO,0.016097685550203078,0.21758325646240334,0.6719055976623854,0.023958254859325838,0.29563091979443457,0.33704757439908756,15,-0.00021550656806268442,0.17208798655767418,0.6889930122414801,-0.00031278483850160314,0.23149943447074012,0.3411525692501718,15,0.016313192118265762,0.6036458333333333,True,False,False,True,True,False,True,4
161,SMA_N150_th5_bL3_sL-2,SMA,150,0.05,3.0,-2.0,UPRO,0.02181608064503293,0.26749072123747725,0.7856358075386903,0.02776869439464615,0.3622879471889336,0.42814517287690146,17,0.0012451661234254008,0.2229770765240266,0.8004743084178098,0.0015555353998638053,0.29932203263301604,0.43286960150171605,17,0.02057091452160753,0.6010416666666666,True,False,False,True,True,False,False,3
162,SMA_N100_th0_bL1_sL-1,SMA,100,0.0,1.0,-1.0,SPY,0.003767312841676418,0.10764413624889857,0.41620683247342855,0.009051540118378356,0.14735516488133615,0.17082860481315554,172,-0.014546224491456594,0.003005018199840331,0.4752901258512073,-0.030604937279951797,0.004052790508349992,0.1738711160487295,172,0.018313537333133012,0.5989583333333334,True,False,False,True,True,False,True,4
163,SMA_N200_th5_bL3_sL-2,SMA,200,0.05,3.0,-2.0,UPRO,0.022031274306523407,0.2688940858290464,0.8026662170125238,0.027447616256384262,0.36384154661129703,0.4302231877010799,14,0.0027204101908322453,0.22792986066043291,0.8155391274152717,0.0033357200156100115,0.30543517654039865,0.4354232605232679,14,0.019310864115691162,0.5979166666666668,True,False,False,True,True,False,False,3
164,EMA_N50_th10_bL3_sL0,EMA,50,0.1,3.0,0.0,UPRO,0.013085952380962773,0.1648480410071933,0.5880860508617465,0.022251764621499512,0.2188684420870017,0.18712237220665212,2,0.011263431910173205,0.15550708225646215,0.6003439058766874,0.018761632790667074,0.20568376138735456,0.1880671102571066,2,0.0018225204707895681,0.5942708333333334,True,False,False,False,True,False,True,3
165,EMA_N100_th0_bL3_sL-2,EMA,100,0.0,3.0,-2.0,UPRO,0.017282036116206934,0.2538525822562358,0.7803152190792566,0.022147506153473596,0.3460147210578339,0.42219335697829175,176,-0.02597850231957588,0.1567413807664719,0.8236237598174783,-0.031541710653579164,0.21047833105780453,0.4299334911038929,176,0.043260538435782814,0.5890625,True,False,False,True,True,False,True,4
166,EMA_N100_th0_bL1_sL-1,EMA,100,0.0,1.0,-1.0,SPY,0.0030993790328168735,0.10383892993304705,0.46947938492862556,0.0066017361620427034,0.1414827037373521,0.17099828402011683,176,-0.01629203707580784,-0.006502664658925546,0.5244727610869278,-0.031063647694579793,-0.008714051378402915,0.17448185079798345,176,0.019391416108624715,0.5822916666666667,True,False,False,True,True,False,True,4
167,EMA_N100_th5_bL2_sL-2,EMA,100,0.05,2.0,-2.0,SSO,0.004101375503588578,0.18258566172198024,0.6669892938989505,0.006149087460780053,0.2500767366823413,0.3385119948741721,18,-0.01407002747505992,0.13147203369096647,0.6903105114508628,-0.0203821718511691,0.17830007410375115,0.3424559915903964,18,0.0181714029786485,0.5776041666666667,True,False,False,False,True,False,True,3
168,EMA_N200_th0_bL1_sL-1,EMA,200,0.0,1.0,-1.0,SPY,0.002137318715504266,0.09757483311915338,0.43701153584189084,0.004890760403811262,0.1323612397693482,0.1694240161460049,124,-0.014042381284389505,0.00491466554465619,0.47115663483275344,-0.02980406142295785,0.0065631496746990535,0.1727351477675076,124,0.01617969999989377,0.5760416666666667,True,False,False,False,False,False,True,2
169,SMA_N100_th2_bL1_sL-1,SMA,100,0.02,1.0,-1.0,SPY,-0.0021702598350770153,0.07240728500693146,0.3968891564094014,-0.005468176189823478,0.0989234910106033,0.1699182439799017,48,-0.01606466510736071,-0.007193053642475176,0.4275976305052935,-0.03756958402313185,-0.009699554024094227,0.17258105642507443,48,0.013894405272283694,0.5723958333333334,True,False,False,True,True,False,True,4
170,SMA_N100_th10_bL2_sL0,SMA,100,0.1,2.0,0.0,SSO,0.0025933315720521044,0.10428553174913902,0.5254188632328854,0.004935741279053855,0.1359222545665032,0.17681325154595787,9,-0.0005916422950202893,0.0871867565998936,0.5254188632328854,-0.001126039311531248,0.11299587781688285,0.17827190789777267,9,0.0031849738670723937,0.571875,True,False,False,True,True,False,True,4
171,SMA_N100_th5_bL3_sL-2,SMA,100,0.05,3.0,-2.0,UPRO,0.003480206018883214,0.22159808952777066,0.7595704124790867,0.004581808298093805,0.3007205576439196,0.4219347146409038,21,-0.017835780879050245,0.17427904432934435,0.7931071177817707,-0.022488489233251203,0.2342952885533195,0.42680295418989767,21,0.02131598689793346,0.5661458333333333,True,False,False,False,False,False,False,1
172,SMA_N50_th5_bL1_sL-1,SMA,50,0.05,1.0,-1.0,SPY,-0.0022258532285059918,0.07262543709941062,0.4328628056829206,-0.0051421679092854816,0.0992290701673884,0.17086329280290646,29,-0.014986751565509437,0.0002214846420740128,0.4650240756319449,-0.032227904641589096,0.0002985597708118085,0.17362990105116083,29,0.012760898337003446,0.5645833333333333,True,False,False,False,True,False,True,3
173,SMA_N200_th2_bL2_sL-2,SMA,200,0.02,2.0,-2.0,SSO,0.004847670477006849,0.1841589013637054,0.7257712617430454,0.006679336496962503,0.25025913628280766,0.3362973110386731,26,-0.015368675974835266,0.12671112702470405,0.7470455086825899,-0.020572610096991052,0.1704853341962921,0.3403907627397604,26,0.020216346451842115,0.5630208333333334,True,False,False,True,True,False,True,4
174,SMA_N50_th2_bL2_sL-1,SMA,50,0.02,2.0,-1.0,SSO,-0.00317322059219316,0.11606712593654803,0.5495437668479255,-0.0057742818381766505,0.1585217237679557,0.2556159501050818,76,-0.026074018665331655,0.029360191545782892,0.6050831702609446,-0.043091627642010154,0.03953600594874869,0.2599781936124994,76,0.022900798073138495,0.5614583333333334,True,False,False,False,True,False,True,3
175,EMA_N100_th2_bL3_sL-2,EMA,100,0.02,3.0,-2.0,UPRO,0.000674289626327651,0.21550755913008354,0.7377080106750528,0.0009140332171676302,0.2946537075462884,0.42372567682070644,52,-0.027475141541575487,0.15233165033584323,0.7556339351834019,-0.03636038597830697,0.20604856772695307,0.4291661817662359,52,0.02814943116790314,0.5583333333333333,True,False,False,True,True,False,False,3
176,EMA_N150_th0_bL1_sL-1,EMA,150,0.0,1.0,-1.0,SPY,0.0008003546271984074,0.09001135071892057,0.5281214076138291,0.0015154746913490765,0.12239502250619291,0.17011643587882774,146,-0.016298825418151308,-0.00762309899582842,0.5751218500465033,-0.02833977776506564,-0.010202945998275863,0.17343851221628798,146,0.017099180045349716,0.5572916666666667,True,False,False,True,True,False,True,4
177,SMA_N200_th0_bL2_sL-2,SMA,200,0.0,2.0,-2.0,SSO,-0.001050564807333898,0.1665493914443675,0.6802431252447836,-0.001544396067150043,0.22749881696293725,0.3368087388677785,90,-0.025558459120636923,0.0966428644260448,0.6908393677824783,-0.03699624009945595,0.1304607399419551,0.34157967943923384,90,0.024507894313303025,0.5510416666666668,True,False,False,True,True,False,True,4
178,EMA_N150_th2_bL2_sL-2,EMA,150,0.02,2.0,-2.0,SSO,0.0028547077368208384,0.17830928672730675,0.7469078145421373,0.0038220349034248703,0.2439019912116542,0.3372551881795971,39,-0.01901217251209597,0.11623621028818124,0.767910524386854,-0.024758317418916004,0.1572649428641691,0.3416468737873019,39,0.02186688024891681,0.5494791666666667,True,False,False,False,True,False,True,3
179,EMA_N200_th0_bL3_sL-2,EMA,200,0.0,3.0,-2.0,UPRO,-0.003522365034182462,0.20922621520128842,0.7918729734847337,-0.004448144023253962,0.2838831259056296,0.4302220511805474,124,-0.03632869627893076,0.13636502541990012,0.8158185382888105,-0.044530363768308885,0.18288724095676379,0.43640770200487516,124,0.0328063312447483,0.5364583333333334,True,False,False,True,True,False,True,4
180,EMA_N150_th0_bL3_sL-2,EMA,150,0.0,3.0,-2.0,UPRO,0.0026898508759933826,0.2215355014272137,0.8646661519781239,0.003110854830895978,0.3012565628943607,0.42599266389146356,146,-0.032912423402628455,0.14173984503832204,0.890505219869653,-0.03695927061207568,0.19038091086893363,0.4324577816413166,146,0.03560227427862184,0.5359375,True,False,False,True,True,False,True,4
181,EMA_N200_th5_bL2_sL-2,EMA,200,0.05,2.0,-2.0,SSO,-0.005671527993091452,0.15302521106928763,0.6868736077577758,-0.008257018364128938,0.2060690515292854,0.33603180580147224,14,-0.02052350886399268,0.11166000717625348,0.7018941303957178,-0.029240177364671535,0.14887736902990842,0.34027545652194324,14,0.014851980870901227,0.5354166666666667,True,False,False,True,True,False,True,4
182,EMA_N50_th5_bL3_sL-1,EMA,50,0.05,3.0,-1.0,UPRO,0.0011055801165356094,0.1802836549247737,0.7958615442799101,0.0013891613742135643,0.2456058247441217,0.3506864856845755,19,-0.01479629060114096,0.13790709304009566,0.8103176303766113,-0.018259865078171986,0.18593024702322158,0.3550950862884526,19,0.01590187071767657,0.5328125,True,False,False,True,True,False,True,4
183,SMA_N50_th0_bL2_sL-1,SMA,50,0.0,2.0,-1.0,SSO,-0.006844040640383575,0.09893267301030129,0.6214722913598087,-0.01101262395047173,0.13493198176616575,0.2511866515131957,284,-0.04146769362604641,-0.03496430104499303,0.7516206686714779,-0.055171039534267136,-0.04676005674106219,0.2572546709065747,284,0.034623652985662834,0.5317708333333333,True,False,False,True,True,False,True,4
184,EMA_N200_th2_bL1_sL-1,EMA,200,0.02,1.0,-1.0,SPY,-0.011567152139684844,0.015737380035549843,0.4410993330477083,-0.02622346322712251,0.02125085815447279,0.16876105215372833,42,-0.025049885804570127,-0.06059819268687806,0.49573098415618333,-0.05053120866997895,-0.08049501031417422,0.1722890499520874,42,0.013482733664885282,0.5302083333333334,True,False,False,False,True,False,True,3
185,EMA_N50_th2_bL1_sL-1,EMA,50,0.02,1.0,-1.0,SPY,-0.012647440365851192,0.011468391597225373,0.46993176141060844,-0.02691335509625267,0.015805210777712145,0.17122698189876406,74,-0.027248410014012237,-0.07202510420059349,0.5565374024784091,-0.04896060874375706,-0.09806301011925611,0.17361392801522663,74,0.014600969648161044,0.5223958333333334,True,False,False,True,True,False,True,4
186,SMA_N150_th10_bL3_sL-1,SMA,150,0.1,3.0,-1.0,UPRO,-0.001391484841498647,0.1960014775862047,0.8524110297299786,-0.0016324106481111966,0.2636435621378862,0.3927188410326625,11,-0.013582617910495864,0.16710785052205057,0.8770174318965865,-0.015487283851499839,0.22330566969873508,0.3959872949109498,11,0.012191133068997217,0.5208333333333334,True,False,False,True,False,False,True,3
187,SMA_N100_th2_bL3_sL-2,SMA,100,0.02,3.0,-2.0,UPRO,-0.015633006866455523,0.1756135519911706,0.7628942008329173,-0.020491710186533892,0.2390287597547662,0.4215864094226625,48,-0.043195451610551716,0.11266341120094601,0.7860615765470211,-0.05495174029533273,0.15179643678146035,0.42678911969480526,48,0.027562444744096193,0.515625,True,False,False,True,True,False,True,4
188,SMA_N200_th5_bL2_sL-2,SMA,200,0.05,2.0,-2.0,SSO,-0.011569733423447914,0.13508059834119604,0.7260169660726524,-0.015935899523166423,0.1829052681613123,0.3359840615498632,14,-0.026726337040504977,0.09259624728452354,0.7402862180166007,-0.03610270783118327,0.12414757713916229,0.3400919425654902,14,0.015156603617057063,0.5145833333333333,True,False,False,True,True,False,True,4
189,SMA_N150_th2_bL3_sL-3,SMA,150,0.02,3.0,-3.0,UPRO,-0.0294270907544123,0.19705757611930502,0.7746836037695823,-0.037985947567782695,0.27105878375566556,0.5056592350645115,34,-0.05494068359641613,0.14848023982406128,0.7868761952479701,-0.06982125514561098,0.20253388234727332,0.5105562213695759,34,0.02551359284200383,0.5130208333333334,True,False,False,True,True,False,False,3
190,SMA_N50_th5_bL3_sL-2,SMA,50,0.05,3.0,-2.0,UPRO,-0.017698589662713426,0.17473623040605146,0.7673579332948719,-0.02306432095739135,0.23795487550048822,0.42837424075709085,29,-0.04129131918390039,0.12220410641415609,0.790827455571215,-0.052212804314027826,0.1648200092496432,0.43336845473790964,29,0.02359272952118696,0.5109375,True,False,False,False,True,False,False,2
191,SMA_N150_th5_bL2_sL-2,SMA,150,0.05,2.0,-2.0,SSO,-0.015817920130156482,0.12293825100998655,0.7071800218895833,-0.022367600385388486,0.16669833458840863,0.33715450390574225,17,-0.03197800312784005,0.07713175514697383,0.7233175086099007,-0.04421018812235943,0.10365045077793,0.34087709831854857,17,0.016160082997683567,0.5072916666666667,True,False,False,True,False,False,True,3
192,SMA_N100_th10_bL3_sL0,SMA,100,0.1,3.0,0.0,UPRO,-0.010624079270775244,0.09499760338151195,0.6951442343778469,-0.015283273233624358,0.12377597324148996,0.264796724730904,9,-0.0145650555875797,0.08133060095573344,0.6951442343778469,-0.020952566197453115,0.1055129172384233,0.2664583473799193,9,0.0039409763168044565,0.5046875,True,False,False,True,True,False,True,4
193,EMA_N150_th5_bL3_sL-3,EMA,150,0.05,3.0,-3.0,UPRO,-0.02318188533710186,0.21062869261665876,0.8469028703150907,-0.027372543121122056,0.28626884147730264,0.505110792966969,15,-0.04252074118557858,0.17469855947655008,0.8568900382673558,-0.049622167707254645,0.23572452622372045,0.5095405169358427,15,0.01933885584847672,0.5041666666666667,True,False,False,True,True,False,False,3
194,EMA_N200_th10_bL3_sL-1,EMA,200,0.1,3.0,-1.0,UPRO,-0.00836888387675927,0.18387919366551148,0.8790274732364416,-0.009520616967688562,0.24559354714344148,0.40228632851781587,10,-0.01863372751615422,0.16016942331404313,0.8972753795845183,-0.020767010819780357,0.21277232519543884,0.4051205620451936,10,0.01026484363939495,0.5026041666666666,True,False,False,False,False,False,True,2
195,SMA_N150_th0_bL2_sL-2,SMA,150,0.0,2.0,-2.0,SSO,-0.013259973334424413,0.1308589840077364,0.7737968319852289,-0.01713624660417004,0.17842608627192733,0.338091570092366,124,-0.03956034563161004,0.05461825425287995,0.8248868415749869,-0.04795851217128886,0.07374231976401958,0.3420943580900247,124,0.026300372297185626,0.49791666666666673,True,False,False,True,True,False,True,4
196,SMA_N100_th0_bL2_sL-2,SMA,100,0.0,2.0,-2.0,SSO,-0.023003320363580992,0.10233008654580165,0.695037174275039,-0.03309653240860777,0.14034285192239485,0.33945445721549206,172,-0.05259135995082975,0.016448230698936153,0.7658697217761207,-0.06866880678983583,0.02230127391070793,0.3440258750108446,172,0.02958803958724876,0.4979166666666667,True,False,False,True,True,False,True,4
197,SMA_N150_th10_bL2_sL-1,SMA,150,0.1,2.0,-1.0,SSO,-0.01185271111803532,0.09567205967721894,0.7705362645542178,-0.015382418275786836,0.12855954680192083,0.27527817719955644,11,-0.022375615254757064,0.059657746193325124,0.8082642339566795,-0.027683540004265896,0.07944189556997201,0.2784644476311938,11,0.010522904136721745,0.4822916666666667,True,False,False,False,False,False,True,2
198,EMA_N100_th0_bL2_sL-2,EMA,100,0.0,2.0,-2.0,SSO,-0.024462050934100144,0.09809108006718455,0.7541943536958683,-0.032434677897316314,0.13394954592578118,0.3395634036368602,176,-0.055819189517740675,0.007459545281088088,0.816934637016273,-0.06832760785074753,0.010056546974875206,0.3448017241535738,176,0.03135713858364053,0.47708333333333336,True,False,False,True,True,False,True,4
199,EMA_N50_th2_bL3_sL-2,EMA,50,0.02,3.0,-2.0,UPRO,-0.03236069396663577,0.13493668723813854,0.7968605726526597,-0.040610233555552426,0.18559470106741593,0.4222158978457278,74,-0.06329891454741376,0.06307494007077238,0.8648162600391462,-0.07319348337015369,0.0858196287910484,0.42752488690931373,74,0.030938220580777998,0.47656250000000006,True,False,False,True,True,False,True,4
200,SMA_N100_th5_bL2_sL-2,SMA,100,0.05,2.0,-2.0,SSO,-0.031904682726387135,0.07484697434092177,0.7105010861405034,-0.04490448128615232,0.10191574773725222,0.3385661896736971,21,-0.048436576402948295,0.027669068040197153,0.7373102316987465,-0.06569361758530258,0.03734276927402353,0.34218022041515483,21,0.01653189367656116,0.47500000000000003,True,False,False,False,False,False,True,2
201,EMA_N200_th10_bL2_sL-1,EMA,200,0.1,2.0,-1.0,SSO,-0.013524230638636725,0.09302720466097601,0.7955868180892143,-0.016999063246319605,0.12404743227448435,0.28016432519441586,10,-0.02278339511322225,0.06199161620201198,0.8226847465949769,-0.027693955926034616,0.08201421497894736,0.28307418946476137,10,0.009259164474585524,0.47239583333333335,True,False,False,False,False,False,True,2
202,EMA_N50_th0_bL3_sL-2,EMA,50,0.0,3.0,-2.0,UPRO,-0.02850937438782153,0.14228996392946555,0.8498230529719413,-0.033547424123316676,0.19515919929880937,0.41893036916312915,298,-0.08081345923455552,0.018087624110144855,0.9155818202539652,-0.08826459574321756,0.024436243055686063,0.42645534007978664,298,0.05230408484673399,0.4703125,True,False,False,True,True,False,True,4
203,EMA_N100_th5_bL3_sL-3,EMA,100,0.05,3.0,-3.0,UPRO,-0.04190001050674019,0.17296118113853162,0.8254218933236612,-0.05076193258943584,0.23690980994761268,0.5075614770141258,18,-0.0629844548924865,0.1329032768310285,0.8413450363247367,-0.07486162296460756,0.18073765527279329,0.5118339408488706,18,0.021084444385746304,0.4697916666666667,True,False,False,False,False,False,True,2
204,EMA_N200_th0_bL2_sL-2,EMA,200,0.0,2.0,-2.0,SSO,-0.03342572921883391,0.06887172234539801,0.7021017017975406,-0.04760810169417965,0.09346273324730416,0.3368825095589928,124,-0.05816111907783028,-0.0030939356651399235,0.7382703524146309,-0.07878024478106843,-0.004152769153893321,0.3414256358043817,124,0.02473538985899637,0.4677083333333334,True,False,False,False,False,False,True,2
205,EMA_N50_th5_bL2_sL-1,EMA,50,0.05,2.0,-1.0,SSO,-0.01633374137363941,0.06265581314152857,0.7513917199834445,-0.021737984248747504,0.08558199825693998,0.2536917946217006,19,-0.029052480812017167,0.015202499607520174,0.7657217194477823,-0.03794130435919857,0.02051425848780786,0.25738123007484637,19,0.012718739438377757,0.46614583333333337,True,False,False,True,True,False,True,4
206,SMA_N200_th2_bL3_sL-3,SMA,200,0.02,3.0,-3.0,UPRO,-0.039334854615702186,0.17681750406349148,0.8829223440365983,-0.044550752261935854,0.24030136696421087,0.5040367526854383,26,-0.06323743157654871,0.1308231131187054,0.8941754996502259,-0.07072149885708706,0.1764871218421406,0.5085469513689752,26,0.023902576960846522,0.465625,True,False,False,True,True,False,True,4
207,EMA_N100_th2_bL2_sL-2,EMA,100,0.02,2.0,-2.0,SSO,-0.03437084256662315,0.06708284367649404,0.699896581111106,-0.04910845901269934,0.09190554657390361,0.3384790988227279,52,-0.0556314247578108,0.005549039809638967,0.7747060229072508,-0.07180972280174347,0.007527323293946604,0.3424194586641163,52,0.02126058219118765,0.4645833333333333,True,False,False,True,True,False,True,4
208,SMA_N200_th10_bL3_sL-1,SMA,200,0.1,3.0,-1.0,UPRO,-0.01838454185046634,0.159459721154412,0.9066467885763501,-0.020277512789003995,0.21178609829225337,0.40182694970674804,10,-0.030342046863916172,0.13179659752614717,0.9180346107707302,-0.03305109252737508,0.1739465359405673,0.40521650921908053,10,0.011957505013449832,0.4630208333333333,True,False,False,True,False,False,True,3
209,EMA_N150_th5_bL1_sL-2,EMA,150,0.05,1.0,-2.0,SPY,-0.03595172762587018,-0.004140761781126483,0.6376076042782286,-0.05638534952318756,-0.005638943958701641,0.26532816051137226,15,-0.04628839920731154,-0.04219698298040805,0.6717103547963127,-0.06891124854156504,-0.0570863626281966,0.26741347811670757,15,0.010336671581441359,0.4609375,True,False,False,True,True,False,True,4
210,SMA_N150_th2_bL1_sL-2,SMA,150,0.02,1.0,-2.0,SPY,-0.041401436032619254,-0.018582009503130277,0.6008853845967372,-0.06890072065973837,-0.025644746671586744,0.2720226475369048,34,-0.05469868152370949,-0.06724804992417302,0.6692333695971376,-0.081733344463437,-0.09218600479339528,0.2740766542288943,34,0.013297245491090237,0.4588541666666667,True,False,False,False,False,False,True,2
211,SMA_N200_th0_bL3_sL-3,SMA,200,0.0,3.0,-3.0,UPRO,-0.04548413189576084,0.1635024496431239,0.8388192570766905,-0.05422399582750921,0.2234764580544304,0.5044564235864708,90,-0.0751639316992021,0.10586624605135196,0.8499506232360717,-0.08843329205763227,0.1433897997002997,0.5099044757657368,90,0.029679799803441265,0.4578125,True,False,False,True,True,False,True,4
212,EMA_N150_th2_bL3_sL-3,EMA,150,0.02,3.0,-3.0,UPRO,-0.041180710731939074,0.17319285498715295,0.8868153547232256,-0.04643662348944279,0.2370511828445396,0.5057456029603267,39,-0.06742793769646138,0.12272125811031044,0.8982308531851377,-0.0750674923460501,0.1665759842326433,0.5107154454822307,39,0.026247226964522308,0.4572916666666667,True,False,False,False,True,False,False,2
213,EMA_N50_th0_bL1_sL-1,EMA,50,0.0,1.0,-1.0,SPY,-0.025521946132547546,-0.06309161154600056,0.6012461286078619,-0.04244841657715386,-0.08632023732184167,0.17271348455283186,298,-0.048522586002280654,-0.19468084206151873,0.6969177323710491,-0.0696245535856828,-0.26238245931487053,0.17579224647609296,298,0.023000639869733108,0.4557291666666667,True,False,False,False,True,False,True,3
214,SMA_N50_th2_bL1_sL-1,SMA,50,0.02,1.0,-1.0,SPY,-0.033367083576477885,-0.11237298444597237,0.5671694882497809,-0.05883088612443668,-0.15439234985136535,0.17121296933791352,76,-0.04693105035064826,-0.19016132115849682,0.648462500391819,-0.07237280540091559,-0.2583791226165913,0.1734056494520555,76,0.013563966774170377,0.45000000000000007,True,False,False,False,False,False,True,2
215,SMA_N200_th2_bL1_sL-2,SMA,200,0.02,1.0,-2.0,SPY,-0.0417369749902784,-0.0247888514057859,0.6375634659507502,-0.06546324753417168,-0.03378614889809327,0.26719424323974916,26,-0.054658921650848735,-0.07287358828453729,0.6596647800362082,-0.0828586326040456,-0.09868627895221309,0.2692303174405023,26,0.012921946660570338,0.44895833333333335,True,False,False,True,False,False,True,3
216,SMA_N200_th10_bL2_sL-1,SMA,200,0.1,2.0,-1.0,SSO,-0.021060241879480635,0.06584010261725137,0.8289568598383497,-0.025405715182316577,0.08728821581509016,0.27984733114369725,10,-0.031400667928892845,0.031237496197948793,0.854290748122944,-0.036756418113957925,0.041055672586244304,0.2831415794902129,10,0.01034042604941221,0.44479166666666675,True,False,False,True,False,False,True,3
217,EMA_N150_th0_bL2_sL-2,EMA,150,0.0,2.0,-2.0,SSO,-0.03359302230842154,0.06923794602613914,0.8208390642899684,-0.040925223676433746,0.09424483732767676,0.338053076211085,146,-0.060093086500375814,-0.00785405693306711,0.848309548085761,-0.07083863035135922,-0.010570371774139154,0.3426930033405946,146,0.026500064191954276,0.4385416666666667,True,False,False,True,True,False,True,4
218,SMA_N100_th2_bL2_sL-2,SMA,100,0.02,2.0,-2.0,SSO,-0.047370255368874625,0.027124787547652643,0.7024359369099473,-0.06743711829047197,0.03701678347198017,0.33848317148960705,48,-0.06816615689986605,-0.033749907327371216,0.7747626758682432,-0.08798327413420524,-0.04564142194457477,0.34213965233577787,48,0.020795901530991423,0.43802083333333336,True,False,False,False,True,False,True,3
219,EMA_N200_th5_bL3_sL-3,EMA,200,0.05,3.0,-3.0,UPRO,-0.05411172616823823,0.1462434185088994,0.8573583073200307,-0.06311448283201816,0.19703294714917802,0.5033934548103536,14,-0.07132878675663956,0.11408389032997308,0.8659660240217518,-0.08236903617231048,0.1526157383921555,0.5078922265306937,14,0.017217060588401334,0.4380208333333333,True,False,False,True,True,False,True,4
220,EMA_N200_th2_bL3_sL-2,EMA,200,0.02,3.0,-2.0,UPRO,-0.04935634251906085,0.10046208061023434,0.8138398424536365,-0.060646259797575125,0.1354037243140107,0.43082724360077507,42,-0.07377757937117346,0.046469361982639935,0.8485121533816349,-0.08694934901891802,0.06193436765746098,0.4369445710446972,42,0.024421236852112616,0.4338541666666667,True,False,False,False,True,False,True,3
221,EMA_N100_th5_bL1_sL-2,EMA,100,0.05,1.0,-2.0,SPY,-0.04599416646122689,-0.037164595582841235,0.6472896003391524,-0.07105655094277413,-0.051086243299192785,0.2711508278736308,18,-0.057666381075226925,-0.07988097672294692,0.6794681287671193,-0.08486988371310568,-0.10910595822292307,0.2731227274210808,18,0.011672214614000032,0.43385416666666665,True,False,False,False,False,False,True,2
222,EMA_N200_th5_bL1_sL-2,EMA,200,0.05,1.0,-2.0,SPY,-0.04595901446130202,-0.052292478821294223,0.6390926124196229,-0.07191291773394137,-0.07044327547955873,0.25772514364533466,14,-0.05565793616311754,-0.08877813973594832,0.6959527568312391,-0.0799737275508975,-0.1187710338725408,0.2599449271606929,14,0.009698921701815522,0.42968750000000006,True,False,False,True,False,False,True,3
223,EMA_N150_th10_bL3_sL-1,EMA,150,0.1,3.0,-1.0,UPRO,-0.04507772750631933,0.05708555083871117,0.7795716308767795,-0.057823714615705915,0.07650287824339852,0.36282789722582703,8,-0.05402819406941761,0.03346019221386373,0.8037551207958998,-0.06721971987676725,0.04462328734390347,0.36508656063909545,8,0.00895046656309828,0.42812500000000003,True,False,False,False,False,False,True,2
224,SMA_N50_th5_bL2_sL-2,SMA,50,0.05,2.0,-2.0,SSO,-0.04891490852475955,0.02423409750424801,0.7276917229896428,-0.06721927291380742,0.03306004752370774,0.3405092096927233,29,-0.06726369974534341,-0.028659743494119625,0.7769728079775526,-0.08657149781139666,-0.03874587832892776,0.34417224070336805,29,0.01834879122058386,0.4276041666666667,True,False,False,False,True,False,True,3
225,SMA_N200_th5_bL3_sL-3,SMA,200,0.05,3.0,-3.0,UPRO,-0.06241711863069821,0.12835727311642678,0.8829767402936719,-0.07068942564663562,0.1738560995215298,0.5035113636797196,14,-0.08013236480220742,0.09487222612265137,0.890610658391379,-0.08997463038107191,0.12758082548384928,0.5079551722840399,14,0.017715246171509214,0.42239583333333336,True,False,False,True,True,False,True,4
226,EMA_N200_th10_bL1_sL-1,EMA,200,0.1,1.0,-1.0,SPY,-0.0300686279850656,-0.09644868914997827,0.6996088991528077,-0.042979195978606395,-0.12830055027395237,0.1684765531031709,10,-0.03699859944438444,-0.134655050955905,0.7336580420549936,-0.0504303058421475,-0.17729147526695774,0.17079154636014332,10,0.00692997145931884,0.42031250000000003,True,False,False,False,False,False,True,2
227,SMA_N150_th10_bL1_sL-1,SMA,150,0.1,1.0,-1.0,SPY,-0.03279368893380219,-0.11230834102195865,0.6807143758762624,-0.04817540233609419,-0.15091320638422742,0.1690223982929638,11,-0.04036168244599003,-0.15389936154626438,0.7201397046749696,-0.056047017243976316,-0.2044672001893266,0.17147418484269014,11,0.007567993512187843,0.4197916666666667,True,False,False,False,False,False,True,2
228,SMA_N200_th0_bL1_sL-2,SMA,200,0.0,1.0,-2.0,SPY,-0.04882118737036656,-0.04824079849403408,0.6585638201737096,-0.07413281123990227,-0.06610619805078927,0.2710047392915531,90,-0.06376532802218249,-0.10348120011384938,0.720448006870071,-0.08850788317009284,-0.14080517830290715,0.273220144793769,90,0.01494414065181593,0.41875,True,False,False,True,True,False,True,4
229,SMA_N150_th5_bL3_sL-3,SMA,150,0.05,3.0,-3.0,UPRO,-0.06835102306780572,0.11696842611080514,0.8708918228520867,-0.07848394171845903,0.15866282509540353,0.505296229155632,17,-0.08710671876650433,0.08069708659184767,0.8798288182435,-0.09900416644729272,0.108752429071459,0.5092977150924418,17,0.018755695698698616,0.41666666666666663,True,False,False,True,False,False,True,3
230,EMA_N150_th2_bL1_sL-2,EMA,150,0.02,1.0,-2.0,SPY,-0.046635765377468275,-0.04223348825643419,0.6925786807226096,-0.06733641487319582,-0.057960684622329284,0.2689083138762609,39,-0.06018802128865086,-0.09253956238094768,0.7126854809899941,-0.084452430832523,-0.1261434363701161,0.2709988091104968,39,0.013552255911182587,0.4151041666666667,True,False,False,False,False,False,True,2
231,SMA_N100_th0_bL3_sL-3,SMA,100,0.0,3.0,-3.0,UPRO,-0.07228997969378903,0.10994794683658089,0.8791124659834103,-0.08223063884428322,0.151029107065289,0.5084926879462021,172,-0.10967925503824316,0.034986051357582114,0.9273161536141166,-0.11827601041002023,0.0475967900007752,0.5141962762973674,172,0.03738927534445413,0.4041666666666667,True,False,False,True,True,False,True,4
232,SMA_N150_th0_bL3_sL-3,SMA,150,0.0,3.0,-3.0,UPRO,-0.06254431245646075,0.12934336949749065,0.9310527086331403,-0.06717590945874675,0.17648382939273405,0.5064899544978747,124,-0.09464330269576215,0.0651161615110178,0.9508656775262935,-0.09953382999581985,0.08816315322091942,0.5111662819433351,124,0.032098990239301406,0.403125,True,False,False,True,True,False,True,4
233,EMA_N150_th5_bL2_sL-3,EMA,150,0.05,2.0,-3.0,SSO,-0.06501124558121218,0.06064943850753385,0.8218333209872556,-0.07910514689659356,0.08249939441541378,0.42815454906526623,15,-0.08002225426291443,0.026286560315366542,0.8467781260533095,-0.09450203282397564,0.03553226035095267,0.43138709629337574,15,0.015011008681702243,0.4005208333333334,True,False,False,True,True,False,True,4
234,SMA_N150_th5_bL1_sL-2,SMA,150,0.05,1.0,-2.0,SPY,-0.05989783121260239,-0.09541744299211465,0.6702166278154206,-0.08937085223898446,-0.12975788521041826,0.26790068833806996,17,-0.07034429741075743,-0.1342022274746294,0.7188243792298636,-0.09786019985315902,-0.18143825251536352,0.26976280436482586,17,0.010446466198155036,0.4000000000000001,True,False,False,False,False,False,True,2
235,SMA_N150_th2_bL2_sL-3,SMA,150,0.02,2.0,-3.0,SSO,-0.07189518285241081,0.04891900548967531,0.79975770300561,-0.08989620554102558,0.06742656168088586,0.4352221783133781,34,-0.09143010901027937,0.0037055253217483626,0.8543717119112892,-0.10701443848807192,0.005072672486602741,0.438591590443,34,0.01953492615786856,0.3979166666666667,True,False,False,False,False,False,True,2
236,SMA_N200_th5_bL1_sL-2,SMA,200,0.05,1.0,-2.0,SPY,-0.05255654975053159,-0.07188554439198981,0.7020538862476304,-0.07486113356830518,-0.09754682338170904,0.2635047300516683,14,-0.06229721220824447,-0.1080004375250635,0.7293566212621662,-0.08541392563275549,-0.1455944859274223,0.26559208189696243,14,0.009740662457712879,0.3973958333333334,True,False,False,True,False,False,True,3
237,SMA_N200_th10_bL1_sL-1,SMA,200,0.1,1.0,-1.0,SPY,-0.03523192598002456,-0.12800446146452998,0.7287170533977433,-0.048347881822925466,-0.16922690214332176,0.16846849634761235,10,-0.042690050537365076,-0.16883407537086262,0.7618363391346229,-0.05603572361205178,-0.22080236168315234,0.17097872058350985,10,0.0074581245573405175,0.3947916666666667,True,False,False,False,False,False,True,2
238,EMA_N150_th10_bL2_sL-1,EMA,150,0.1,2.0,-1.0,SSO,-0.050853864962665196,-0.07029593096027416,0.7172562822523412,-0.07090055008367856,-0.09428876643987083,0.2594066447621867,8,-0.05827440918337523,-0.0975569499205317,0.7521423300378197,-0.07747790126430597,-0.13004954071585995,0.2614398707172754,8,0.007420544220710035,0.3947916666666667,True,False,False,False,False,False,True,2
239,EMA_N100_th0_bL3_sL-3,EMA,100,0.0,3.0,-3.0,UPRO,-0.07458663665147225,0.1053543544357794,0.9143133479544313,-0.08157666823780155,0.14410714581373163,0.5086126852354955,176,-0.1137891328722771,0.02714261849865261,0.9473850288162114,-0.12010864581052155,0.03673214618073484,0.515059161405649,176,0.03920249622080485,0.3822916666666667,True,False,False,True,True,False,True,4
240,SMA_N50_th0_bL1_sL-1,SMA,50,0.0,1.0,-1.0,SPY,-0.044167221827256964,-0.17522949222384235,0.6688016731596995,-0.06603934110779432,-0.23997382141141932,0.17256519350831032,284,-0.06465146106106556,-0.2923866772726721,0.7445539700500062,-0.0868324710654936,-0.39444099201424593,0.17561285165562004,284,0.0204842392338086,0.38125000000000003,True,False,False,False,True,False,True,3
241,EMA_N200_th2_bL2_sL-2,EMA,200,0.02,2.0,-2.0,SSO,-0.06710047110671402,-0.03692136810964134,0.773513715142224,-0.08674761648457187,-0.0497855042067503,0.3362841329222468,42,-0.08633100364197266,-0.09242221276629187,0.8289255363181789,-0.10414808068940337,-0.12326537464753612,0.34092230516570626,42,0.019230532535258638,0.37968750000000007,True,False,False,False,False,False,True,2
242,SMA_N200_th2_bL2_sL-3,SMA,200,0.02,2.0,-3.0,SSO,-0.0755784264454663,0.03553284954657218,0.8391615302207094,-0.09006421734512578,0.04837200981556598,0.4297548580083019,26,-0.09417669496676773,-0.008154220216867429,0.8553025390858303,-0.11010921944348047,-0.011031497642477477,0.43295757920253225,26,0.01859826852130142,0.37812500000000004,True,False,False,True,False,False,True,3
243,EMA_N50_th2_bL2_sL-2,EMA,50,0.02,2.0,-2.0,SSO,-0.0644828266758094,-0.024049194023206866,0.8245028776897689,-0.07820812809833758,-0.033131506428917275,0.34090600614005223,74,-0.08704496781994764,-0.0909050945245973,0.8775898434667385,-0.09918638925456835,-0.12410127567508752,0.34443607473524207,74,0.022562141144138237,0.3765625000000001,True,False,False,False,False,False,True,2
244,EMA_N100_th5_bL2_sL-3,EMA,100,0.05,2.0,-3.0,SSO,-0.08028196824698197,0.027903932509532894,0.8318093969027424,-0.0965148609115422,0.03830060775632367,0.4348971630376798,18,-0.09692627069436344,-0.010614304428513013,0.8670969990268582,-0.11178250046205172,-0.014479985984935563,0.4379665070095197,18,0.016644302447381465,0.3760416666666667,True,False,False,False,False,False,True,2
245,EMA_N200_th0_bL3_sL-3,EMA,200,0.0,3.0,-3.0,UPRO,-0.08911484321786312,0.07104923613609652,0.8740758506482016,-0.1019532151034454,0.09654664725049955,0.5046406453727925,124,-0.11910327359577566,0.010494660898193424,0.9192959867873417,-0.1295592228265949,0.014138576537873157,0.5099115008641254,124,0.029988430377912545,0.3729166666666667,True,False,False,False,False,False,True,2
246,EMA_N50_th5_bL1_sL-1,EMA,50,0.05,1.0,-1.0,SPY,-0.04264791317509642,-0.16952718223630905,0.7247423602482119,-0.058845619511587864,-0.233002756438606,0.1707959761182722,19,-0.05096795007675703,-0.21559259659072844,0.735069057405833,-0.06933763510142903,-0.29307408957638015,0.17296017658073046,19,0.00832003690166061,0.36822916666666666,True,False,False,True,True,False,True,4
247,SMA_N200_th0_bL2_sL-3,SMA,200,0.0,2.0,-3.0,SSO,-0.08252432314322933,0.021177658319033194,0.8354374393948053,-0.09877977602130247,0.029001044090744242,0.43365723563761893,90,-0.104866240914406,-0.031383779711649275,0.8802614766923709,-0.11913078521673634,-0.04266554834107036,0.4373379899225052,90,0.022341917771176667,0.3666666666666667,True,False,False,True,True,False,True,4
248,SMA_N100_th5_bL3_sL-3,SMA,100,0.05,3.0,-3.0,UPRO,-0.09132985971567864,0.0687586905689469,0.8774336318445508,-0.10408748468380906,0.09362738929108504,0.5075043387549832,21,-0.11063188549423142,0.03084392830208997,0.8989481133419839,-0.1230681547157818,0.04172035196471703,0.51155021304695,21,0.019302025778552778,0.3666666666666667,True,False,False,False,False,False,True,2
249,EMA_N150_th2_bL2_sL-3,EMA,150,0.02,2.0,-3.0,SSO,-0.0810590437888501,0.02308794031904399,0.8554591598461476,-0.09475501297271559,0.03164191255735459,0.43186601072278125,39,-0.10109621536542057,-0.02401382984841441,0.8839821803297682,-0.1143645399364349,-0.032686365252891446,0.435294893323564,39,0.02003717157657048,0.36458333333333337,True,False,False,False,False,False,True,2
250,EMA_N50_th0_bL2_sL-2,EMA,50,0.0,2.0,-2.0,SSO,-0.0664966587171334,-0.02868343417886943,0.8589619991360768,-0.07741513452750427,-0.039407537285937745,0.3423884639898879,298,-0.10420633900058396,-0.14188160029488148,0.912017367955924,-0.11425916069354947,-0.19254825197021297,0.34725987180571005,298,0.037709680283450564,0.36250000000000004,True,False,False,False,True,False,True,3
251,SMA_N50_th0_bL3_sL-2,SMA,50,0.0,3.0,-2.0,UPRO,-0.07419675278467686,0.024105510446260674,0.8998868307581477,-0.08245120413882118,0.033069742123059916,0.41564396193986425,284,-0.11897524580986407,-0.08564264426841493,0.9445836048680728,-0.12595523063994002,-0.11575634462653361,0.42293385742620465,284,0.044778493025187216,0.36197916666666663,True,False,False,True,True,False,True,4
252,SMA_N50_th2_bL3_sL-2,SMA,50,0.02,3.0,-2.0,UPRO,-0.08001271899068763,0.013471001967945623,0.8723411600316163,-0.09172182015094613,0.018465542919177177,0.4202018974031271,76,-0.10825988024415634,-0.05453428232840662,0.9199201473246312,-0.11768399741978086,-0.073997221520085,0.42519564970762636,76,0.02824716125346871,0.35989583333333336,True,False,False,False,False,False,True,2
253,EMA_N200_th5_bL2_sL-3,EMA,200,0.05,2.0,-3.0,SSO,-0.08400176305604923,0.005023214780512992,0.8450865952054911,-0.09940018399608311,0.006763125363606446,0.41988731197697626,14,-0.09768374911585997,-0.026736115009508045,0.879653956756052,-0.11104792784209563,-0.0357650923040827,0.42328490642429023,14,0.013681986059810747,0.35885416666666664,True,False,False,True,False,False,True,3
254,SMA_N150_th0_bL1_sL-2,SMA,150,0.0,1.0,-2.0,SPY,-0.06265730969571004,-0.09679513303620231,0.8078538540494012,-0.07756020396713793,-0.13241510694513306,0.2750104075904409,124,-0.07844016268090392,-0.15553549260352437,0.8353265096570951,-0.0939035955091428,-0.21153235005798549,0.2768657032884261,124,0.015782852985193885,0.35781250000000003,True,False,False,True,True,False,True,4
255,EMA_N200_th0_bL1_sL-2,EMA,200,0.0,1.0,-2.0,SPY,-0.07054137257659787,-0.14171556015504763,0.7488702447956135,-0.0941970562548529,-0.19276558268157154,0.2655169195583365,124,-0.08553709153547173,-0.19915246452241833,0.8043483098844626,-0.10634334713497237,-0.26908098903800265,0.2676290192454347,124,0.01499571895887386,0.35260416666666666,True,False,False,False,False,False,True,2
256,SMA_N100_th5_bL1_sL-2,SMA,100,0.05,1.0,-2.0,SPY,-0.07306516699412591,-0.1350109176122295,0.7477751208504901,-0.09771008015220464,-0.1847514845209805,0.27659721284543665,21,-0.08375558191277266,-0.17404889415368072,0.7923825688388106,-0.10570093942817478,-0.23689669425328846,0.2783092994428652,21,0.010690414918646751,0.3510416666666667,True,False,False,False,False,False,True,2
257,SMA_N100_th0_bL1_sL-2,SMA,100,0.0,1.0,-2.0,SPY,-0.0719784326499685,-0.12443353219344619,0.7888032625508256,-0.09125017107206838,-0.17143833197089844,0.28101873783079334,172,-0.08921964818784511,-0.18783714948826613,0.831225306166951,-0.10733509618380821,-0.2572059474767027,0.28295099561674686,172,0.01724121553787661,0.3494791666666667,True,False,False,True,True,False,True,4
258,EMA_N100_th2_bL3_sL-3,EMA,100,0.02,3.0,-3.0,UPRO,-0.09309435129764565,0.0647302496169006,0.9108030056298743,-0.10221129126958182,0.08875908886270206,0.5077340011654885,52,-0.11860602717318247,0.013518723824689723,0.9382256486123867,-0.126415247066202,0.01839511231038264,0.5122713584984736,52,0.02551167587553682,0.34739583333333335,True,False,False,True,True,False,False,3
259,EMA_N150_th0_bL3_sL-3,EMA,150,0.0,3.0,-3.0,UPRO,-0.08866549908486498,0.07355223032104014,0.9449417866787471,-0.0938317051217555,0.1002574344060374,0.5065525889135268,146,-0.12091107740024776,0.008415183321951103,0.9584591126664032,-0.1261515236303372,0.011368331748680911,0.511982593218183,146,0.03224557831538277,0.34687500000000004,True,False,False,True,True,False,True,4
260,SMA_N200_th5_bL2_sL-3,SMA,200,0.05,2.0,-3.0,SSO,-0.09324174253054418,-0.013317202926699115,0.8766713339911313,-0.10635883587758266,-0.01805143847552095,0.42577988022162955,14,-0.10714598641064987,-0.04560109916722396,0.8934552616292006,-0.11992316908545703,-0.06142570768887532,0.4290222796881943,14,0.013904243880105693,0.3380208333333333,True,False,False,True,False,False,True,3
261,EMA_N100_th0_bL1_sL-2,EMA,100,0.0,1.0,-2.0,SPY,-0.07214954660348083,-0.12865610610085343,0.8227054828220273,-0.08769790418315307,-0.17643358410490614,0.2785257149661089,176,-0.09048061135672814,-0.19635480598966137,0.8581753253961905,-0.1054337134605406,-0.26738856091330093,0.28076266888502227,176,0.018331064753247306,0.33645833333333336,True,False,False,True,True,False,True,4
262,EMA_N150_th10_bL1_sL-1,EMA,150,0.1,1.0,-1.0,SPY,-0.06470862912636266,-0.311040565800687,0.6791442498065153,-0.09527965398337365,-0.41904349227862886,0.1689445553228301,8,-0.06998926576938669,-0.34016375053922737,0.7082211305507674,-0.09882402931829729,-0.4551678118095441,0.17036876788790575,8,0.005280636643024028,0.33177083333333335,True,False,False,False,False,False,True,2
263,EMA_N100_th2_bL1_sL-2,EMA,100,0.02,1.0,-2.0,SPY,-0.07454257638270356,-0.14273489958026722,0.7964046915977999,-0.0935988664671868,-0.19647270437538167,0.2753745325637242,52,-0.08759348625796215,-0.19118565712091296,0.8301051258704107,-0.10552095575378549,-0.2616539858959479,0.2771545798660793,52,0.013050909875258587,0.33125000000000004,True,False,False,False,True,False,True,3
264,SMA_N150_th5_bL2_sL-3,SMA,150,0.05,2.0,-3.0,SSO,-0.10266412401052849,-0.03242664489600514,0.8549800269556429,-0.12007780389454033,-0.04403785554495442,0.4308793419000105,17,-0.11739820882002505,-0.06714921991051834,0.8901520920751487,-0.1318855618777943,-0.09068188621414854,0.4337907067159797,17,0.014734084809496562,0.32760416666666664,True,False,False,False,False,False,True,2
265,SMA_N100_th2_bL3_sL-3,SMA,100,0.02,3.0,-3.0,UPRO,-0.11178862150255087,0.02384795725307463,0.9104977855949032,-0.12277747762945974,0.03256910804992719,0.507696617578422,48,-0.13657464150757181,-0.02685956605685002,0.9374581873619606,-0.14568611523026698,-0.036418998533411295,0.5120046165209663,48,0.024786020005020948,0.321875,True,False,False,False,True,False,True,3
266,EMA_N150_th0_bL1_sL-2,EMA,150,0.0,1.0,-2.0,SPY,-0.0760597737043297,-0.15359303538352606,0.8267285707383079,-0.09200090137976569,-0.20974059450971533,0.2721608791225393,146,-0.09189073338536735,-0.21323238791039287,0.8600358213363077,-0.1068452395884967,-0.28926071487774774,0.2742560195175638,146,0.01583095968103765,0.3140625,True,False,False,False,False,False,True,2
267,SMA_N150_th0_bL2_sL-3,SMA,150,0.0,2.0,-3.0,SSO,-0.10038011484899911,-0.019220483786614926,0.9338505944726135,-0.10749055089019692,-0.02628240708654841,0.43827030710783366,124,-0.1242549158208146,-0.07672852969164258,0.948791029623947,-0.13096130964693353,-0.10428867677213147,0.44135087345382,124,0.02387480097181549,0.30937500000000007,True,False,False,True,True,False,True,4
268,SMA_N50_th5_bL3_sL-3,SMA,50,0.05,3.0,-3.0,UPRO,-0.11546611277444008,0.018733612915665256,0.9202225923332026,-0.12547628556008225,0.025570747275624205,0.51081699203131,29,-0.13671068041327794,-0.023929350158409125,0.9469435322019963,-0.1443704674716714,-0.03243695846348784,0.5150013432282248,29,0.021244567638837863,0.30833333333333335,True,False,False,False,True,False,True,3
269,SMA_N150_th10_bL3_sL-2,SMA,150,0.1,3.0,-2.0,UPRO,-0.0957378320473965,-0.006857217369276913,0.9569409769682559,-0.10004570224457257,-0.009214388591597391,0.4383763758466482,11,-0.10677717354251726,-0.031287014822947413,0.9649601447186563,-0.11065449088951668,-0.0418199835589874,0.44129903759125977,11,0.011039341495120758,0.3041666666666667,True,False,False,False,False,False,True,2
270,SMA_N100_th2_bL1_sL-2,SMA,100,0.02,1.0,-2.0,SPY,-0.08454596373922951,-0.17896537898007356,0.7956312093101547,-0.10626275433882787,-0.24550180525669002,0.2772907316457542,48,-0.09725702082074694,-0.22633179340095985,0.8352392239946074,-0.11644211386003452,-0.3088717799160846,0.27892187383089156,48,0.01271105708151743,0.30312500000000003,True,False,False,False,False,False,True,2
271,EMA_N200_th10_bL3_sL-2,EMA,200,0.1,3.0,-2.0,UPRO,-0.09635803100662144,-0.00313321258294054,0.9632778893876505,-0.10003139495693773,-0.00417397787632545,0.4430427693881775,10,-0.1057120572840291,-0.023500964292105464,0.9691604126896196,-0.10907591344002217,-0.031168771560315937,0.44561176148934334,10,0.009354026277407668,0.30208333333333337,True,False,False,False,False,False,True,2
272,SMA_N100_th0_bL2_sL-3,SMA,100,0.0,2.0,-3.0,SSO,-0.1120854106729291,-0.0418377648315912,0.9150074371873559,-0.12249672092007119,-0.057603593999117846,0.4450631591405854,172,-0.13905142148692962,-0.10646923746263907,0.9429193305964844,-0.14746905379378172,-0.1455658225828756,0.44859632754731993,172,0.02696601081400052,0.2932291666666667,True,False,False,True,True,False,True,4
273,SMA_N50_th5_bL1_sL-2,SMA,50,0.05,1.0,-2.0,SPY,-0.08694609559080291,-0.19224463869024938,0.815428925761492,-0.10662620964740478,-0.2633089769744163,0.27503513892329134,29,-0.09862347577555763,-0.23575216357429912,0.8512787845111297,-0.11585332275394938,-0.3211428226194985,0.2767507830588215,29,0.011677380184754726,0.29270833333333335,True,False,False,False,False,False,True,2
274,EMA_N200_th0_bL2_sL-3,EMA,200,0.0,2.0,-3.0,SSO,-0.11644965698373722,-0.07236109587474625,0.9051542604662763,-0.1286517249819384,-0.09839010136658405,0.42782271401604305,124,-0.13906039974320938,-0.12799284857030077,0.9365005113277025,-0.14848940076504563,-0.1728198830936287,0.43139713394969575,124,0.02261074275947217,0.28437500000000004,True,False,False,False,False,False,True,2
275,EMA_N100_th0_bL2_sL-3,EMA,100,0.0,2.0,-3.0,SSO,-0.11256090005695052,-0.04584650776679446,0.9360820942152349,-0.12024682530789783,-0.06284489634555467,0.4423929486335952,176,-0.14093960269306638,-0.11387165346700369,0.9556922960001699,-0.14747382947726653,-0.15486332094314234,0.4464346401320493,176,0.02837870263611586,0.28177083333333336,True,False,False,True,True,False,True,4
276,SMA_N50_th2_bL2_sL-2,SMA,50,0.02,2.0,-2.0,SSO,-0.10225185967303374,-0.14485965002855333,0.8915474887737532,-0.11469031202552359,-0.19897218912950673,0.3409021443102015,76,-0.12298795089191705,-0.2078275645497267,0.9234378615320985,-0.133184869296852,-0.28305638620265877,0.34419812897660323,76,0.020736091218883312,0.28125000000000006,True,False,False,False,False,False,True,2
277,EMA_N200_th2_bL1_sL-2,EMA,200,0.02,1.0,-2.0,SPY,-0.09263801739622657,-0.23530896848772026,0.8192442261960049,-0.11307741261280839,-0.31802883699610773,0.2638801408294976,42,-0.10501490266017943,-0.28252161759124206,0.8541396297105106,-0.12294816796613409,-0.3791656254790847,0.26613760123498764,42,0.012376885263952864,0.2807291666666667,True,False,False,False,False,False,True,2
278,SMA_N200_th10_bL3_sL-2,SMA,200,0.1,3.0,-2.0,UPRO,-0.1079502049631832,-0.031337152468617575,0.9729989816893189,-0.11094585605399121,-0.04150103752961958,0.442858061376514,10,-0.11881666983783745,-0.0550468728695763,0.9780176069796787,-0.12148725032135975,-0.07252604423810323,0.4459284512953192,10,0.010866464874654258,0.27812500000000007,True,False,False,False,False,False,True,2
279,EMA_N50_th5_bL3_sL-2,EMA,50,0.05,3.0,-2.0,UPRO,-0.10488088826092379,-0.05387597170594073,0.9537556823212167,-0.10996620015481157,-0.07372483221945385,0.4181989558996051,19,-0.11909923712892223,-0.08718784922507494,0.9570304785152488,-0.12444665013563053,-0.11841044687554611,0.4218911890993146,19,0.014218348867998443,0.2776041666666667,True,False,False,True,True,False,True,4
280,EMA_N150_th5_bL1_sL-3,EMA,150,0.05,1.0,-3.0,SPY,-0.1129058689877932,-0.12949423234786592,0.8953398790580477,-0.1261039205654249,-0.17639458097870708,0.3742810444372177,15,-0.12241742661085275,-0.1560918371393711,0.9126561255357339,-0.1341331342503104,-0.21190973290197024,0.3757571112300114,15,0.009511557623059552,0.27760416666666665,True,False,False,True,False,False,True,3
281,SMA_N50_th0_bL2_sL-2,SMA,50,0.0,2.0,-2.0,SSO,-0.10348942113505466,-0.14697488132043635,0.905888160825648,-0.11424083635305703,-0.202006360077812,0.34226773061601556,284,-0.1362242877026968,-0.2469890443499695,0.9406725559158283,-0.14481584143811907,-0.3353371200115682,0.3470820523568421,284,0.03273486656764213,0.27239583333333334,True,False,False,False,True,False,True,3
282,SMA_N100_th5_bL2_sL-3,SMA,100,0.05,2.0,-3.0,SSO,-0.12337153988759875,-0.07549715111661175,0.9095902360411746,-0.13563419548625635,-0.10311689226910578,0.44059858518935563,21,-0.1383414795596961,-0.11082483845501298,0.93228089733047,-0.14839034024598013,-0.15055433044618735,0.44337339682463606,21,0.014969939672097365,0.26927083333333335,True,False,False,False,False,False,True,2
283,SMA_N200_th2_bL1_sL-3,SMA,200,0.02,1.0,-3.0,SPY,-0.11843452546583388,-0.14092821456806354,0.8867979105958046,-0.13355300463694417,-0.1922167697342441,0.37810148362696616,26,-0.1303222240855476,-0.1746379336820636,0.9098575639249761,-0.14323365464299592,-0.2374154958919645,0.37953671651014603,26,0.011887698619713727,0.26927083333333335,True,False,False,False,False,False,True,2
284,SMA_N150_th2_bL1_sL-3,SMA,150,0.02,1.0,-3.0,SPY,-0.12108352235521169,-0.13760780195520447,0.9025091681808756,-0.13416320478967683,-0.19007014513511655,0.386761113826586,34,-0.13327545400284202,-0.17155437663310372,0.9228774799458372,-0.14441294418698333,-0.23615631080391672,0.38820192855172736,34,0.012191931647630327,0.2625,True,False,False,False,False,False,True,2
285,EMA_N200_th10_bL2_sL-2,EMA,200,0.1,2.0,-2.0,SSO,-0.10105593491766351,-0.1467052464335164,0.9403331414247156,-0.10746822638256891,-0.19482208971909762,0.3360297608314792,10,-0.10949351768509263,-0.17081294076261425,0.9490647584961133,-0.11536991201590491,-0.22560529214734185,0.33845214608588403,10,0.00843758276742912,0.26145833333333335,True,False,False,False,False,False,True,2
286,EMA_N50_th0_bL3_sL-3,EMA,50,0.0,3.0,-3.0,UPRO,-0.12917146973116023,-0.010496385824577034,0.9646981241450883,-0.13389833202550433,-0.014452581494574271,0.5125611420585204,298,-0.1766442776957763,-0.1115995058848559,0.9815660246499937,-0.17996168699784001,-0.15202143841269797,0.5188582098115182,298,0.04747280796461606,0.2598958333333333,True,False,False,False,True,False,True,3
287,EMA_N50_th2_bL1_sL-2,EMA,50,0.02,1.0,-2.0,SPY,-0.10102519310356062,-0.23706229767605996,0.8794214815922544,-0.11487687669471913,-0.3279711434012175,0.2813397560860014,74,-0.11435220177577754,-0.2871005244089806,0.9018910248703791,-0.1267915952398045,-0.3952929303984972,0.28280687560141404,74,0.013327008672216922,0.25677083333333334,True,False,False,False,False,False,True,2
288,EMA_N100_th2_bL2_sL-3,EMA,100,0.02,2.0,-3.0,SSO,-0.12485556338712245,-0.08140799926865835,0.9331782097023384,-0.13379605533968522,-0.11186358836068265,0.43907475389361716,52,-0.14412391302273553,-0.12791030180382157,0.9498354702243781,-0.15173566111264444,-0.174698605178086,0.442108553515524,52,0.01926834963561308,0.2557291666666667,True,False,False,False,True,False,True,3
289,EMA_N150_th0_bL2_sL-3,EMA,150,0.0,2.0,-3.0,SSO,-0.12164262964662198,-0.07746001598333742,0.9450656798982886,-0.12871341350551804,-0.1057260968909649,0.4351706443308897,146,-0.14561847765681568,-0.1360167855000368,0.9613051888563591,-0.15147996634664415,-0.18434850346064527,0.4387664486796945,146,0.0239758480101937,0.2557291666666667,True,False,False,False,False,False,True,2
290,EMA_N50_th2_bL3_sL-3,EMA,50,0.02,3.0,-3.0,UPRO,-0.1339700128299317,-0.02286176316538189,0.9603906355520846,-0.13949533436768516,-0.03153320734141787,0.5111737203592064,74,-0.16143975106399,-0.08037428244143562,0.975427592647674,-0.16550664783408717,-0.11002331629049898,0.5155409873717574,74,0.027469738234058294,0.2526041666666667,True,False,False,False,False,False,True,2
291,SMA_N150_th10_bL2_sL-2,SMA,150,0.1,2.0,-2.0,SSO,-0.10521070455816472,-0.15909238132932704,0.9346218231873661,-0.11257034872068557,-0.2134581648331785,0.33718198553559037,11,-0.11473942773986034,-0.1864945151196874,0.9453711725326296,-0.12136971284249742,-0.24870472105613128,0.33977918243743804,11,0.00952872318169562,0.2515625,True,False,False,False,False,False,True,2
292,EMA_N200_th2_bL3_sL-3,EMA,200,0.02,3.0,-3.0,UPRO,-0.1397855583379337,-0.04257972825054032,0.9425998116388935,-0.14829788486260068,-0.057451180934877215,0.504169945705308,42,-0.16188374461217203,-0.08724982529153957,0.9595853786826084,-0.16870176245746712,-0.11674677762923652,0.5093956918445751,42,0.02209818627423832,0.24583333333333338,True,False,False,False,False,False,True,2
293,EMA_N100_th5_bL1_sL-3,EMA,100,0.05,1.0,-3.0,SPY,-0.12616754751169867,-0.15529015004406066,0.9058888703140461,-0.13927486212294446,-0.2136405499410244,0.384759151445607,18,-0.13685884473813936,-0.18513600188320445,0.9234507042937419,-0.14820373637898673,-0.2538803534325562,0.3861453472224632,18,0.010691297226440688,0.240625,True,False,False,False,False,False,True,2
294,EMA_N200_th5_bL1_sL-3,EMA,200,0.05,1.0,-3.0,SPY,-0.12111552135093184,-0.17429031785762256,0.908900566874478,-0.13325497393782382,-0.2346622963504581,0.36025661806510906,14,-0.13005039089277304,-0.20005811150731959,0.9232530769687187,-0.14086104247793302,-0.268393759628692,0.3618427684776266,14,0.008934869541841195,0.2390625,True,False,False,False,False,False,True,2
295,SMA_N200_th0_bL1_sL-3,SMA,200,0.0,1.0,-3.0,SPY,-0.12639880039485785,-0.15590429110831047,0.902786333469713,-0.14000965201706647,-0.21396740160943625,0.3847548410651662,90,-0.13996353177073284,-0.19418342678744474,0.92523478347343,-0.15127352999559185,-0.2655646573409769,0.3862827405278329,90,0.013564731375874994,0.2390625,True,False,False,False,False,False,True,2
296,EMA_N50_th0_bL1_sL-2,EMA,50,0.0,1.0,-2.0,SPY,-0.11065322362400876,-0.26458578862698434,0.8972317526091195,-0.12332736029708372,-0.3649165453784133,0.28681207366756084,298,-0.133022581485977,-0.348642341120569,0.9263794913284176,-0.1435940483691237,-0.4776505933595602,0.28890645118721675,298,0.022369357861968253,0.23750000000000002,True,False,False,False,False,False,True,2
297,EMA_N150_th2_bL1_sL-3,EMA,150,0.02,1.0,-3.0,SPY,-0.12640840729697034,-0.16153601188684086,0.9074514333650961,-0.13930046573204571,-0.2218509791816097,0.38085483704552475,39,-0.13882667976432006,-0.1968028109882818,0.9272140589310561,-0.14972451984212487,-0.2693574006735691,0.38232658462037766,39,0.012418272467349722,0.23333333333333336,True,False,False,False,False,False,True,2
298,SMA_N200_th10_bL2_sL-2,SMA,200,0.1,2.0,-2.0,SSO,-0.11038176575681768,-0.17712834718650733,0.9533010218669249,-0.11578899342900979,-0.23376707725483523,0.3360723898221268,10,-0.11977869900740057,-0.2039731673817419,0.9609220663553607,-0.12464975381583646,-0.267592386186921,0.33881167223202724,10,0.009396933250582884,0.23229166666666667,True,False,False,False,False,False,True,2
299,SMA_N100_th2_bL2_sL-3,SMA,100,0.02,2.0,-3.0,SSO,-0.14042569023675744,-0.1195845833169185,0.9352699822475656,-0.1501445495976442,-0.16373736348216625,0.44108926099174767,48,-0.1591083347289588,-0.16532128093254836,0.9539059365372929,-0.166796671070658,-0.22511874229592843,0.4438806731506924,48,0.01868264449220136,0.23020833333333335,True,False,False,False,False,False,True,2
300,EMA_N100_th10_bL3_sL-1,EMA,100,0.1,3.0,-1.0,UPRO,-0.11405629007637064,-0.39522119040484194,0.8745897617782383,-0.13041118826324752,-0.542384422309187,0.2354869839207363,2,-0.11704854271926057,-0.4067919186804526,0.8815100869323216,-0.1327818529298883,-0.5561924120617708,0.23647720252385726,2,0.0029922526428899365,0.2182291666666667,True,False,False,False,False,False,True,2
301,SMA_N50_th10_bL3_sL-1,SMA,50,0.1,3.0,-1.0,UPRO,-0.11692216039935832,-0.3830430665415075,0.876082744860773,-0.13346017951528036,-0.5238340830151091,0.2451920424419151,2,-0.11999656321964713,-0.3925202417990756,0.883125475601968,-0.1358771392455341,-0.5335817252744903,0.24690167479959108,2,0.003074402820288813,0.215625,True,False,False,False,False,False,True,2
302,EMA_N50_th5_bL2_sL-2,EMA,50,0.05,2.0,-2.0,SSO,-0.12047391887793535,-0.20490313881785513,0.9436817514950464,-0.12766371574640728,-0.28140262292330365,0.3409349959747777,19,-0.131846132732938,-0.23813349953755594,0.947722285345456,-0.1391189536973677,-0.3247419334513825,0.34367730116584383,19,0.011372213855002644,0.21510416666666668,True,False,False,True,True,False,True,4
303,SMA_N50_th5_bL2_sL-3,SMA,50,0.05,2.0,-3.0,SSO,-0.14357550117329942,-0.1297027914107812,0.9459460266746101,-0.15177980257290835,-0.17735675581921173,0.43970617921459054,29,-0.1600980546924482,-0.16980889634331975,0.9610166356566674,-0.16659238638783022,-0.23091006762199484,0.44253830033682084,29,0.016522553519148775,0.21458333333333335,True,False,False,False,False,False,True,2
304,SMA_N200_th5_bL1_sL-3,SMA,200,0.05,1.0,-3.0,SPY,-0.1308419004867445,-0.1885549660616044,0.9205701481552356,-0.14213137450627025,-0.2559270401365527,0.3712302442410183,14,-0.1397777115554859,-0.2139446137366011,0.9332142872983897,-0.14978093826674646,-0.2894135629498712,0.372709482092939,14,0.008935811068741417,0.20885416666666667,True,False,False,True,False,False,True,3
305,EMA_N200_th10_bL1_sL-2,EMA,200,0.1,1.0,-2.0,SPY,-0.11613231922111678,-0.36561151272622233,0.9139531509331312,-0.12706594326257048,-0.4833312240232484,0.250565347099039,10,-0.12244738230530938,-0.39012486549793546,0.9237065073138548,-0.13256091771117565,-0.5133481431632715,0.2521197338774252,10,0.006315063084192607,0.20156250000000003,True,False,False,False,False,False,True,2
306,SMA_N150_th5_bL1_sL-3,SMA,150,0.05,1.0,-3.0,SPY,-0.14285433518561463,-0.2136143629845362,0.9259175578692563,-0.15428407634298938,-0.29062986198520435,0.3791110015670443,17,-0.152378984220228,-0.24084748909600598,0.9385822180393022,-0.16235017166481974,-0.3267104221115137,0.38042300554010383,17,0.009524649034613364,0.19375,True,False,False,False,False,False,True,2
307,EMA_N100_th10_bL2_sL-1,EMA,100,0.1,2.0,-1.0,SSO,-0.11915424533133334,-0.5456249701977832,0.8861629951353878,-0.13446086779230607,-0.7548921018234147,0.19680229340729188,2,-0.12159798281109402,-0.5568825455769904,0.8913473352858985,-0.13642042557079237,-0.7678336227555811,0.19753410174658148,2,0.002443737479760677,0.19270833333333334,True,False,False,False,False,False,True,2
308,EMA_N150_th10_bL3_sL-2,EMA,150,0.1,3.0,-2.0,UPRO,-0.1528241290870035,-0.17888072536697172,0.9408249558978805,-0.16243630457395244,-0.24036421168375707,0.4220207165099364,8,-0.1607646908731155,-0.19810460805422783,0.9494733704811463,-0.16931985232155367,-0.2652169290145841,0.4239564974950066,8,0.007940561786112021,0.19114583333333335,True,False,False,False,False,False,True,2
309,SMA_N150_th10_bL1_sL-2,SMA,150,0.1,1.0,-2.0,SPY,-0.12417322461611457,-0.38389318995099453,0.9090300175444236,-0.1365996966211804,-0.5144149898822459,0.25778561056930527,11,-0.13102621066269926,-0.4100735905181838,0.9202629738636022,-0.1423790963930702,-0.5467758400911233,0.2593907172896057,11,0.006852986046584686,0.19062500000000002,True,False,False,False,False,False,True,2
310,SMA_N50_th0_bL3_sL-3,SMA,50,0.0,3.0,-3.0,UPRO,-0.1796030808192154,-0.12710161296598754,0.9807982180821962,-0.18311929763738993,-0.17509614224058243,0.512471986463133,284,-0.2199017120790524,-0.215995573829724,0.9900253632261762,-0.22211725097876586,-0.2944210309485447,0.5186272421276404,284,0.040298631259837014,0.18854166666666666,True,False,False,False,True,False,True,3
311,SMA_N50_th10_bL2_sL-1,SMA,50,0.1,2.0,-1.0,SSO,-0.12177204303571232,-0.5419000308910905,0.8870193948753075,-0.13728227786138814,-0.7469911761068085,0.20178144270991838,2,-0.12433301186517631,-0.5514039846467854,0.8924216281143222,-0.13932093076664973,-0.75576188977298,0.20306976526053366,2,0.0025609688294639943,0.18802083333333333,True,False,False,False,False,False,True,2
312,SMA_N150_th0_bL1_sL-3,SMA,150,0.0,1.0,-3.0,SPY,-0.14541611710206903,-0.20244934919175342,0.9450850279896663,-0.1538656446726178,-0.2774591607860023,0.391632554025886,124,-0.15970618909950585,-0.24333137211333847,0.9571982740351409,-0.16684755231144793,-0.3325071408239907,0.3929260865233742,124,0.014290071997436815,0.18333333333333335,True,False,False,True,False,False,True,3
313,SMA_N200_th10_bL1_sL-2,SMA,200,0.1,1.0,-2.0,SPY,-0.12326038109672677,-0.39652944104900556,0.92724431119041,-0.13293193563892916,-0.5207090969801923,0.25097214176410604,10,-0.1300380030539815,-0.4227904713088305,0.9361266109326094,-0.13891070025712876,-0.5524990783250847,0.25265507477262866,10,0.006777621957254731,0.18281250000000002,True,False,False,False,False,False,True,2
314,EMA_N200_th2_bL2_sL-3,EMA,200,0.02,2.0,-3.0,SSO,-0.15584179091855677,-0.18106056968900672,0.9484743155653073,-0.16430786618156584,-0.2444530740805756,0.4261849553965404,42,-0.1732430344628687,-0.22393773171943537,0.9636711011985306,-0.17977402689299704,-0.30023692827027615,0.42984276763741597,42,0.01740124354431194,0.1828125,True,False,False,False,False,False,True,2
315,SMA_N50_th2_bL1_sL-2,SMA,50,0.02,1.0,-2.0,SPY,-0.12944463268373896,-0.3471696139670068,0.9159306192651638,-0.14132580564627292,-0.479045953491451,0.28312180092090466,76,-0.14176953023903038,-0.39420250881774827,0.9338176791794621,-0.15181714096867613,-0.5415481896270818,0.2844779353699307,76,0.012324897555291425,0.18125000000000002,True,False,False,False,False,False,True,2
316,SMA_N50_th2_bL3_sL-3,SMA,50,0.02,3.0,-3.0,UPRO,-0.18584659761684497,-0.14357516176219048,0.9808300082468175,-0.1894789066956017,-0.1974323540470635,0.5111680356363283,76,-0.21081560796876186,-0.19833284439727739,0.9879674200806547,-0.21338315786926607,-0.2708021881042999,0.5152759388272357,76,0.024969010351916898,0.1765625,True,False,False,False,False,False,True,2
317,EMA_N200_th0_bL1_sL-3,EMA,200,0.0,1.0,-3.0,SPY,-0.15037725097350751,-0.24529820808676808,0.9422405428417533,-0.15959539431404296,-0.33409811100122444,0.37418650054329716,124,-0.1640849121749386,-0.28603760575604936,0.9550604214782281,-0.17180579205760663,-0.388239806109264,0.3756791963213755,124,0.013707661201431076,0.17552083333333335,True,False,False,False,False,False,True,2
318,EMA_N50_th0_bL2_sL-3,EMA,50,0.0,2.0,-3.0,SSO,-0.16322265881036935,-0.16546691520501067,0.9711008320485719,-0.16808003188097914,-0.2282903743357192,0.4521175940258563,298,-0.19759830667937617,-0.25196274460117946,0.9829247077627559,-0.20103096922767516,-0.34496626577667755,0.45597086284416266,298,0.03437564786900682,0.1734375,True,False,False,False,False,False,True,2
319,EMA_N50_th2_bL2_sL-3,EMA,50,0.02,2.0,-3.0,SSO,-0.16271908286516823,-0.1721968909854728,0.9698827723460735,-0.1677719076003,-0.2379256815681622,0.4463336203765784,74,-0.1826978628060547,-0.2220739918448604,0.9789005043382738,-0.18663578371486947,-0.3051741572643765,0.4490095244961016,74,0.019978779940886482,0.17291666666666666,True,False,False,False,False,False,True,2
320,SMA_N100_th0_bL1_sL-3,SMA,100,0.0,1.0,-3.0,SPY,-0.15659499562791346,-0.2195849660670828,0.9501888823413968,-0.16480407057809573,-0.3032498031364189,0.4022361253383579,172,-0.17233702957404684,-0.26402328851751805,0.9628505182638681,-0.17898627700257214,-0.36345087271623167,0.40363497834218764,172,0.015742033946133382,0.171875,True,False,False,False,True,False,True,3
321,SMA_N50_th0_bL1_sL-2,SMA,50,0.0,1.0,-2.0,SPY,-0.13718063192182817,-0.3640805481879132,0.9280629581479422,-0.1478139286968075,-0.5026014717002825,0.2894794509191545,284,-0.15711620245273183,-0.4390441591785764,0.9503491898473123,-0.16532470815066921,-0.6017915158407975,0.29171915892338646,284,0.019935570530903668,0.16979166666666667,True,False,False,False,False,False,True,2
322,EMA_N50_th10_bL3_sL-1,EMA,50,0.1,3.0,-1.0,UPRO,-0.13465871685763764,-0.4654508391125075,0.91183558405139,-0.14767872543351898,-0.6308676759359083,0.24524994025054264,2,-0.13621544775400374,-0.4706013995113309,0.9144592063648266,-0.14895738028106212,-0.636284364238601,0.24596777549854854,2,0.0015567308963660986,0.16822916666666668,True,False,False,False,False,False,True,2
323,EMA_N100_th0_bL1_sL-3,EMA,100,0.0,1.0,-3.0,SPY,-0.1559418349307764,-0.22500313105575062,0.9605287533700266,-0.16234999148505716,-0.30932708854506114,0.3974360102743304,176,-0.1724762050955403,-0.2720083224057506,0.9700777289380936,-0.17779627338145707,-0.37260178494440704,0.3990224017015885,176,0.01653437016476389,0.16666666666666669,True,False,False,False,False,False,True,2
324,EMA_N200_th10_bL3_sL-3,EMA,200,0.1,3.0,-3.0,UPRO,-0.18659130063066087,-0.1523918137465166,0.9911008154257904,-0.18826672092939276,-0.202443576415669,0.50362534694832,10,-0.1950112795706037,-0.16966928788380298,0.9925263778390988,-0.19647969457011,-0.22462805906909886,0.5058814123392231,10,0.00841997893994284,0.16406250000000003,True,False,False,False,False,False,True,2
325,SMA_N100_th5_bL1_sL-3,SMA,100,0.05,1.0,-3.0,SPY,-0.16064313008878406,-0.2429443696871269,0.9523833617841954,-0.16867485986718117,-0.33285344983518783,0.3949391233796872,21,-0.17032350122670958,-0.2702220391019493,0.9608046432999302,-0.17727172991350795,-0.3692326131946285,0.39613356125755506,21,0.009680371137925525,0.1640625,True,False,False,False,False,False,True,2
326,EMA_N100_th10_bL1_sL-1,EMA,100,0.1,1.0,-1.0,SPY,-0.126358512249653,-0.7125057591265346,0.9008155536490683,-0.140271237255833,-0.9951966756292845,0.16936139921809215,2,-0.1279490268432304,-0.7215125186816448,0.903802010022527,-0.14156753959867968,-1.0058658080349034,0.16969080422060825,2,0.0015905145935773968,0.16354166666666667,True,False,False,False,False,False,True,2
327,SMA_N100_th10_bL1_sL-1,SMA,100,0.1,1.0,-1.0,SPY,-0.1252115599086262,-0.7040644050861901,0.9116296964881153,-0.13734914559165917,-0.9519971451190274,0.16945909697662612,9,-0.12720607523387617,-0.714128336356434,0.9149500257471883,-0.13903062643229516,-0.9625333036271527,0.17010332115875546,9,0.001994515325249968,0.16041666666666668,True,False,False,False,False,False,True,2
328,SMA_N100_th10_bL2_sL-1,SMA,100,0.1,2.0,-1.0,SSO,-0.13193144889276864,-0.5044841861024255,0.9299895521827548,-0.14186336672612687,-0.6704595337924876,0.22823753874250172,9,-0.13468907310892908,-0.5146361651352706,0.9336289421915163,-0.14426402933993468,-0.6813708323617158,0.22936270608729697,9,0.002757624216160437,0.15885416666666669,True,False,False,False,True,False,True,3
329,EMA_N100_th2_bL1_sL-3,EMA,100,0.02,1.0,-3.0,SPY,-0.16126298655532922,-0.24908817763618657,0.9546669509664052,-0.16892067583578063,-0.34329727972778185,0.3924549727653885,52,-0.1730909549655072,-0.28305535850516056,0.9621707753488201,-0.17989629221772585,-0.3889830414634058,0.3936979634733863,52,0.01182796841017797,0.15885416666666669,True,False,False,False,False,False,True,2
330,EMA_N150_th0_bL1_sL-3,EMA,150,0.0,1.0,-3.0,SPY,-0.1602402235636896,-0.25614025053810136,0.959404380002863,-0.1670205253422039,-0.350396183358474,0.38618077806708756,146,-0.17452274632675913,-0.2978713571639853,0.9675191268165472,-0.1803817014977221,-0.40611627298080544,0.38764498411587645,146,0.014282522763069516,0.15833333333333335,True,False,False,False,False,False,True,2
331,SMA_N150_th10_bL3_sL-3,SMA,150,0.1,3.0,-3.0,UPRO,-0.192054557171363,-0.16422661113343057,0.9897866256681036,-0.1940363227697956,-0.22043969129372218,0.5053112692460969,11,-0.20191805248158523,-0.18467638163623293,0.9916887301818249,-0.20361031272843425,-0.24690061775810668,0.507842117744588,11,0.009863495310222237,0.15729166666666666,True,False,False,False,False,False,True,2
332,SMA_N50_th10_bL1_sL-1,SMA,50,0.1,1.0,-1.0,SPY,-0.12923854216959574,-0.7262128954644462,0.9020981529425919,-0.14326439062980798,-1.0112034565519241,0.17044914436328595,2,-0.13092898332475966,-0.7344678323032356,0.9052385724715143,-0.14463478170985658,-1.0193785985515975,0.17103331767812366,2,0.0016904411551639242,0.15572916666666667,True,False,False,False,False,False,True,2
333,EMA_N150_th10_bL2_sL-2,EMA,150,0.1,2.0,-2.0,SSO,-0.15794852970163653,-0.339356370055383,0.9456317910918253,-0.16702963160668421,-0.4568640513701738,0.33722317879029967,8,-0.16453179432317688,-0.35925477180337434,0.9523399575865243,-0.17276582066360313,-0.48183361016358334,0.338781522722218,8,0.006583264621540352,0.15364583333333334,True,False,False,False,False,False,True,2
334,EMA_N50_th10_bL2_sL-1,EMA,50,0.1,2.0,-1.0,SSO,-0.13505088502189866,-0.6172950260043228,0.9125035597834845,-0.14800039251785826,-0.8450938224686912,0.20178393078269558,2,-0.13655824432026187,-0.6233184007385293,0.915026985737107,-0.14923958139907353,-0.8510154997574192,0.20240970325235141,2,0.001507359298363209,0.153125,True,False,False,False,False,False,True,2
335,SMA_N100_th10_bL3_sL-1,SMA,100,0.1,3.0,-1.0,UPRO,-0.14337538963964336,-0.35952061027165577,0.9543505730950894,-0.1502334610379678,-0.47369542938058196,0.30158559926135886,9,-0.14678757830432576,-0.36929206671217213,0.9573073508728057,-0.15333380462449717,-0.4848511955550872,0.3030394787587981,9,0.003412188664682403,0.153125,True,False,False,False,True,False,True,3
336,EMA_N50_th5_bL1_sL-2,EMA,50,0.05,1.0,-2.0,SPY,-0.14400222454008926,-0.403000012969532,0.9418025595057312,-0.15290065108302878,-0.555927587970976,0.28463641033367393,19,-0.15144142395018922,-0.4303245372504007,0.9467151435210286,-0.1599651436724117,-0.5911619099940306,0.28593036048900483,19,0.0074391994100999614,0.15104166666666669,True,False,False,False,True,False,True,3
337,SMA_N100_th2_bL1_sL-3,SMA,100,0.02,1.0,-3.0,SPY,-0.1739699754561752,-0.2816718803433233,0.9618541714132698,-0.18086938813246292,-0.3869314792057637,0.39604308508556174,48,-0.18536008034620155,-0.31463902817805706,0.9697813809998557,-0.19113594463433933,-0.4311054907270564,0.39716823610104096,48,0.011390104890026342,0.14739583333333334,True,False,False,False,False,False,True,2
338,SMA_N50_th5_bL1_sL-3,SMA,50,0.05,1.0,-3.0,SPY,-0.17782148043925516,-0.30206692581205435,0.9679303778552731,-0.18371308981258502,-0.41408299560471934,0.39116193481055683,29,-0.1883366221042614,-0.33267150486368824,0.974159368117079,-0.19333245490241613,-0.45478354242571145,0.39236197330448136,29,0.010515141665006222,0.14218750000000002,True,False,False,False,False,False,True,2
339,SMA_N200_th10_bL3_sL-3,SMA,200,0.1,3.0,-3.0,UPRO,-0.19936308498010558,-0.18227435377931078,0.9938944235204337,-0.20058778906712202,-0.24064774660449925,0.5038066663310024,10,-0.20911600792546214,-0.20236889534236183,0.9950292548138318,-0.21016066302953815,-0.26612302776001,0.5065012117492362,10,0.009752922945356568,0.13958333333333334,True,False,False,False,False,False,True,2
340,EMA_N200_th2_bL1_sL-3,EMA,200,0.02,1.0,-3.0,SPY,-0.1789500985898701,-0.3412586485564403,0.9656701076374226,-0.18531183390121048,-0.46141721916989703,0.3716904606973878,42,-0.19014964256522116,-0.37488221177266573,0.9727355481241083,-0.1954792779311079,-0.5050514568117475,0.37328750675305566,42,0.011199543975351056,0.13333333333333336,True,False,False,False,False,False,True,2
341,EMA_N200_th10_bL2_sL-3,EMA,200,0.1,2.0,-3.0,SSO,-0.19082009482256856,-0.30212674675614365,0.9855404175149415,-0.19361975565012848,-0.3999453550657172,0.41260021861863916,10,-0.1984151418214598,-0.3212303465794563,0.9876564253002771,-0.2008949030642267,-0.42370748561057253,0.4145692979780559,10,0.007595046998891242,0.1296875,True,False,False,False,False,False,True,2
342,EMA_N50_th10_bL1_sL-1,EMA,50,0.1,1.0,-1.0,SPY,-0.13804762093792733,-0.785996193318617,0.9174529655762749,-0.15046833583584987,-1.089999310966161,0.17041598026444824,2,-0.13916747253883144,-0.7917778127644083,0.9192339806609787,-0.1513950479058254,-1.0960569117414036,0.1707392691050117,2,0.0011198516009041093,0.1296875,True,False,False,False,False,False,True,2
343,EMA_N50_th5_bL3_sL-3,EMA,50,0.05,3.0,-3.0,UPRO,-0.213834153370701,-0.21182887137322307,0.9918554921913567,-0.2155900280375182,-0.2908867945700699,0.5111899567843102,19,-0.22632185487197232,-0.23830492976676135,0.9931605221665725,-0.22788043807687083,-0.3255473865282488,0.5142054845107784,19,0.01248770150127132,0.12916666666666665,True,False,False,True,True,False,True,4
344,EMA_N50_th2_bL1_sL-3,EMA,50,0.02,1.0,-3.0,SPY,-0.19542422922628355,-0.3361678602125701,0.9798886353571172,-0.19943514209149066,-0.46571600838935256,0.40263752758987464,74,-0.20714404020392774,-0.37061739410023586,0.983713832139856,-0.21057347516739786,-0.5122250946528245,0.4036409197807238,74,0.011719810977644185,0.12760416666666669,True,False,False,False,False,False,True,2
345,SMA_N50_th0_bL2_sL-3,SMA,50,0.0,2.0,-3.0,SSO,-0.20556066407626028,-0.27576718821452095,0.9839321275308301,-0.20891752421187135,-0.38069825776945854,0.4549492847398591,284,-0.23517477675161647,-0.35202740499034996,0.9913911618987356,-0.23721693897412222,-0.4822097653239119,0.4588434792272395,284,0.029614112675356186,0.1260416666666667,True,False,False,False,False,False,True,2
346,SMA_N50_th2_bL2_sL-3,SMA,50,0.02,2.0,-3.0,SSO,-0.2055273828041635,-0.28654231689337323,0.9842060206323203,-0.208825569540937,-0.3948390268757265,0.4482218916291876,76,-0.22384985777141564,-0.33399452404283914,0.989322265268172,-0.2262658646530486,-0.45789302659891307,0.4507327247065523,76,0.018322474967252145,0.12447916666666667,True,False,False,False,False,False,True,2
347,SMA_N150_th10_bL2_sL-3,SMA,150,0.1,2.0,-3.0,SSO,-0.20051843462506724,-0.317766318893617,0.9844926395001561,-0.20367692614428679,-0.4258780616608946,0.4205058632473413,11,-0.209032213862407,-0.33921416779773317,0.9870423287628818,-0.21177634207886442,-0.45283351307441516,0.4225839681878831,11,0.008513779237339758,0.12395833333333334,True,False,False,False,False,False,True,2
348,SMA_N200_th10_bL2_sL-3,SMA,200,0.1,2.0,-3.0,SSO,-0.2015454713707875,-0.33283975067314325,0.9894402433556998,-0.2036964563794609,-0.4377398796670353,0.41305484278860394,10,-0.2099794530725424,-0.3541268212383479,0.9911635439158093,-0.2118514692771815,-0.4639058986734055,0.4152795130306459,10,0.008433981701754911,0.11927083333333334,True,False,False,False,False,False,True,2
349,EMA_N50_th0_bL1_sL-3,EMA,50,0.0,1.0,-3.0,SPY,-0.20280389151175915,-0.3422714789614501,0.9826806616903687,-0.20637822582455612,-0.47348310391503895,0.4115914821458164,298,-0.22341027965049565,-0.4025418317067984,0.9882107901481095,-0.22607553153412918,-0.5547584221398639,0.4132313517127845,298,0.020606388138736498,0.11770833333333333,True,False,False,False,False,False,True,2
350,EMA_N150_th10_bL1_sL-2,EMA,150,0.1,1.0,-2.0,SPY,-0.1702400242397446,-0.5433701601531736,0.9575185318050733,-0.17779292889383075,-0.7340360541655838,0.27375852272896234,8,-0.17492483270624626,-0.5613211774272414,0.9613683259377944,-0.18195402114544473,-0.7562478094207448,0.2746322204126235,8,0.004684808466501655,0.1171875,True,False,False,False,False,False,True,2
351,EMA_N50_th5_bL2_sL-3,EMA,50,0.05,2.0,-3.0,SSO,-0.22752921133088988,-0.3456953852470293,0.9910783433860408,-0.229577422258599,-0.47614789076842934,0.4501436060083123,19,-0.23751720735970616,-0.37060899243719964,0.992241232388374,-0.23937445815267164,-0.5083468095002821,0.4522151333229992,19,0.009987996028816282,0.103125,True,False,False,False,True,False,True,3
352,EMA_N200_th10_bL1_sL-3,EMA,200,0.1,1.0,-3.0,SPY,-0.20439102508948037,-0.4818384757678091,0.9838363858888233,-0.20774899975347855,-0.6354359913503427,0.34652651640973625,10,-0.21007549684489324,-0.49969870193721966,0.9856685214119297,-0.2131299643656761,-0.6573857419662331,0.3476463106371582,10,0.005684471755412868,0.1015625,True,False,False,False,False,False,True,2
353,SMA_N50_th2_bL1_sL-3,SMA,50,0.02,1.0,-3.0,SPY,-0.22959194230830138,-0.4368317599634278,0.9892478244913531,-0.2320873866226109,-0.6036465150639547,0.40597519817973,76,-0.24047143725412012,-0.4697406503602843,0.991478498092502,-0.2425382272200167,-0.647671868761496,0.40692735165804206,76,0.010879494945818746,0.09270833333333334,True,False,False,False,False,False,True,2
354,SMA_N50_th0_bL1_sL-3,SMA,50,0.0,1.0,-3.0,SPY,-0.23541599847487782,-0.4333354207190491,0.9903617997399398,-0.23770706678781026,-0.5999542602554382,0.4166499078843002,284,-0.25367340218794054,-0.4871575597961838,0.9935620482922524,-0.25531712148623004,-0.6716237389183144,0.4185044522301242,284,0.018257403713062725,0.09114583333333334,True,False,False,False,False,False,True,2
355,SMA_N150_th10_bL1_sL-3,SMA,150,0.1,1.0,-3.0,SPY,-0.21746117778997875,-0.49714043978153166,0.9859107362807203,-0.22056883020701845,-0.6654950539357571,0.3599418620232018,11,-0.2235842237851936,-0.5160777901159221,0.9876504759141248,-0.22637990791049245,-0.689069494053775,0.3610866454091356,11,0.006123045995214849,0.090625,True,False,False,False,False,False,True,2
356,SMA_N200_th10_bL1_sL-3,SMA,200,0.1,1.0,-3.0,SPY,-0.21310434948817725,-0.510970917967091,0.9862257418740663,-0.21608070083754627,-0.6692391476465864,0.3473210720926067,10,-0.21918743404827545,-0.5301463243111978,0.9879073573106428,-0.22187043392911285,-0.6925854925536923,0.3485326099839287,10,0.006083084560098206,0.09010416666666668,True,False,False,False,False,False,True,2
357,EMA_N150_th10_bL3_sL-3,EMA,150,0.1,3.0,-3.0,UPRO,-0.2604908482274828,-0.3396997035845822,0.9939188760288459,-0.2620846172760711,-0.45748830794949813,0.5054316278154041,8,-0.26742225209846016,-0.35537706876269726,0.9948076304359237,-0.26881805478439685,-0.47735114899204545,0.5070426706417377,8,0.0069314038709773484,0.09010416666666667,True,False,False,False,False,False,True,2
358,EMA_N50_th5_bL1_sL-3,EMA,50,0.05,1.0,-3.0,SPY,-0.24819366827081935,-0.48998319621474,0.9926284363976488,-0.25003683067104127,-0.6767028486192462,0.40912095576368035,19,-0.25472737359091113,-0.5092413681238622,0.9936326566932331,-0.25635970383525125,-0.7018597481622837,0.41001532793763845,19,0.006533705320091787,0.08229166666666668,True,False,False,False,False,False,True,2
359,EMA_N100_th10_bL3_sL-2,EMA,100,0.1,3.0,-2.0,UPRO,-0.24922572685724687,-0.608171080225282,0.9924296268419172,-0.25112685082802927,-0.8461498054577011,0.3624410358894055,2,-0.2517614481201913,-0.615713375918097,0.9928473713939928,-0.2535751771863074,-0.8552011671103031,0.36308083255516904,2,0.002535721262944435,0.0734375,True,False,False,False,False,False,True,2
360,EMA_N150_th10_bL2_sL-3,EMA,150,0.1,2.0,-3.0,SSO,-0.26496399398384807,-0.48191789376422184,0.9945074321380427,-0.26642736436289366,-0.6502018825192623,0.43709195869338097,8,-0.2707105982053808,-0.49718898712985826,0.9951851270711913,-0.27202034158415966,-0.6692706710086598,0.43828903402849007,8,0.005746604221532725,0.06927083333333334,True,False,False,False,False,False,True,2
361,SMA_N50_th10_bL3_sL-2,SMA,50,0.1,3.0,-2.0,UPRO,-0.2547020579186541,-0.6128614683908442,0.9928177132693706,-0.2565446350467646,-0.8497293518259124,0.3681119424598722,2,-0.25729678512427245,-0.6190853066221628,0.9932259123655582,-0.25905162352386757,-0.8559030551320879,0.36924865831468484,2,0.0025947272056183746,0.06822916666666667,True,False,False,False,False,False,True,2
362,EMA_N100_th10_bL2_sL-2,EMA,100,0.1,2.0,-2.0,SSO,-0.25354588129616595,-0.6933296616821704,0.9931282436087896,-0.25530024236833815,-0.9692556602902244,0.33856470976665864,2,-0.25561677497662016,-0.7002044507685785,0.9934411956458346,-0.2573043840913443,-0.9776655349815148,0.3389867107573986,2,0.002070893680454211,0.06458333333333333,True,False,False,False,False,False,True,2
363,SMA_N50_th10_bL2_sL-2,SMA,50,0.1,2.0,-2.0,SSO,-0.25879525037136597,-0.7074173280582233,0.9934516052659991,-0.2605011144977444,-0.9858737360688616,0.3407152669824796,2,-0.26095665077429897,-0.7135380833817517,0.9937647205626924,-0.2625939977286971,-0.9922843198929867,0.3414758050905926,2,0.0021614004029330003,0.05781250000000001,True,False,False,False,False,False,True,2
364,SMA_N100_th10_bL3_sL-2,SMA,100,0.1,3.0,-2.0,UPRO,-0.26923180918098777,-0.601986565728171,0.9965349970005248,-0.2701679419100682,-0.8060760321054292,0.3916483847161959,9,-0.27214267457881247,-0.6091458748725846,0.9967594301328381,-0.2730274390707736,-0.813802283271681,0.3927645456828576,9,0.0029108653978247023,0.05572916666666668,True,False,False,False,False,False,True,2
365,EMA_N50_th10_bL3_sL-2,EMA,50,0.1,3.0,-2.0,UPRO,-0.2733617381224501,-0.6817175505611325,0.9953063407294198,-0.2746508556572787,-0.9400503149413308,0.3680564885233963,2,-0.2746689451802701,-0.685180610940658,0.995446016006134,-0.2759255055158888,-0.9437062943381804,0.3685328403850137,2,0.001307207057819948,0.051562500000000004,True,False,False,False,False,False,True,2
366,SMA_N100_th10_bL2_sL-2,SMA,100,0.1,2.0,-2.0,SSO,-0.25946922732857547,-0.7165399433145695,0.9951934872560834,-0.2607223928323486,-0.9687737641562735,0.3384082892037469,9,-0.2618216977514769,-0.7234826698263653,0.9954433467413827,-0.26302018955529616,-0.9763199239114734,0.33916385438424773,9,0.0023524704229014315,0.05000000000000001,True,False,False,False,False,False,True,2
367,EMA_N150_th10_bL1_sL-3,EMA,150,0.1,1.0,-3.0,SPY,-0.27569337499194657,-0.6277876336583762,0.9957082943944263,-0.276881669605473,-0.8488442753581436,0.39018897707980227,8,-0.2797827959188498,-0.6406404494920025,0.9960972212315095,-0.2808790045342609,-0.8650544307482241,0.3907971839461184,8,0.004089420926903231,0.04895833333333334,True,False,False,False,False,False,True,2
368,EMA_N100_th10_bL1_sL-2,EMA,100,0.1,1.0,-2.0,SPY,-0.2596509850386982,-0.7670213677415156,0.9940127434490104,-0.26121494593496375,-1.076135956763444,0.323364762642485,2,-0.2609988330165557,-0.7720679861882316,0.9941930205100223,-0.26252330043783945,-1.082630688591012,0.32353465526837194,2,0.0013478479778574748,0.04583333333333334,True,False,False,False,False,False,True,2
369,EMA_N100_th10_bL3_sL-3,EMA,100,0.1,3.0,-3.0,UPRO,-0.38002244244448724,-0.6848983645605704,0.9997042314309045,-0.38013487439234955,-0.9577830819568594,0.507787555811742,2,-0.3821164010835614,-0.6904406034853231,0.9997205523844209,-0.3822232124488992,-0.9646795770156074,0.5082413079085338,2,0.002093958639074134,0.042708333333333334,True,False,False,False,False,False,True,2
370,SMA_N100_th10_bL1_sL-2,SMA,100,0.1,1.0,-2.0,SPY,-0.2537366333124168,-0.8170118313178841,0.9940244981530791,-0.25526195157550485,-1.1158180379522615,0.30189397048771205,9,-0.2554381118108928,-0.8232073568675065,0.9942490151325564,-0.2569156297095623,-1.1230795364989148,0.302252436235885,9,0.0017014784984760167,0.04114583333333334,True,False,False,False,False,False,True,2
371,SMA_N50_th10_bL1_sL-2,SMA,50,0.1,1.0,-2.0,SPY,-0.2650968086140144,-0.7906100103071683,0.9943255752700906,-0.2666096650908387,-1.106248405412321,0.32312376150901795,2,-0.26652350313363116,-0.7955400461618237,0.9945075950661701,-0.26799544262494834,-1.1121023557915835,0.3234293296581326,2,0.0014266945196167446,0.037500000000000006,True,False,False,False,False,False,True,2
372,SMA_N50_th10_bL3_sL-3,SMA,50,0.1,3.0,-3.0,UPRO,-0.3869565188356501,-0.6991913471492189,0.9997296074615826,-0.3870611772899003,-0.9747467394963463,0.5109962255747996,2,-0.3890908070296598,-0.7039273786907778,0.9997449749892151,-0.38919006022896707,-0.9798458606498459,0.5118126436313535,2,0.002134288194009737,0.036458333333333336,True,False,False,False,False,False,True,2
373,EMA_N50_th10_bL2_sL-2,EMA,50,0.1,2.0,-2.0,SSO,-0.27369104679960865,-0.7671812690262028,0.9953419021342534,-0.27497189278653794,-1.064830169690583,0.3406222293120499,2,-0.27495679588835,-0.7710604096391079,0.9954762432002425,-0.27620628595256363,-1.0691153973816268,0.3409907532286228,2,0.0012657490887413303,0.035416666666666666,True,False,False,False,False,False,True,2
374,EMA_N100_th10_bL2_sL-3,EMA,100,0.1,2.0,-3.0,SSO,-0.3835899578657228,-0.7374382486597297,0.9997315258425761,-0.38369296951242216,-1.033961623799214,0.49101557526067396,2,-0.38530006921595683,-0.7423443550014233,0.9997437526343417,-0.3853988266500137,-1.0402190505790827,0.4913039499409593,2,0.0017101113502340226,0.029687500000000002,True,False,False,False,False,False,True,2
375,SMA_N100_th10_bL3_sL-3,SMA,100,0.1,3.0,-3.0,UPRO,-0.389883706454472,-0.7156694993412899,0.9998369307376477,-0.3899472948722031,-0.9677839253007289,0.507368127068719,9,-0.39231397973380056,-0.7213153031106087,0.99984749296381,-0.3923738195020914,-0.9740223926628041,0.5082267471807859,9,0.002430273279328543,0.027083333333333334,True,False,False,False,False,False,True,2
376,EMA_N50_th10_bL1_sL-2,EMA,50,0.1,1.0,-2.0,SPY,-0.2762074446876439,-0.8380594326964742,0.9956053964718866,-0.2774266247113932,-1.1692430159444485,0.32301419034198,2,-0.27714779855344707,-0.8414629621327606,0.9957002133872308,-0.2783446210286825,-1.173383252519274,0.32318278358691194,2,0.0009403538658031563,0.024479166666666666,True,False,False,False,False,False,True,2
377,SMA_N50_th10_bL2_sL-3,SMA,50,0.1,2.0,-3.0,SSO,-0.3903233669223073,-0.7581406691702548,0.9997534716809432,-0.39041961641406864,-1.059992659877592,0.4916111385568445,2,-0.3921012229344999,-0.7626727069232689,0.9997652595756716,-0.39219328655300406,-1.0652125435573379,0.49213575081164024,2,0.0017778560121926024,0.023958333333333335,True,False,False,False,False,False,True,2
378,EMA_N100_th10_bL1_sL-3,EMA,100,0.1,1.0,-3.0,SPY,-0.38863145627918605,-0.7809980475846345,0.9997660825608045,-0.38872238522409563,-1.0969365901207329,0.480647030920537,2,-0.38974448788823446,-0.784482606723958,0.9997731258448359,-0.3898329309050887,-1.1015554287051894,0.48075949259727435,2,0.0011130316090484094,0.02135416666666667,True,False,False,False,False,False,True,2
379,SMA_N100_th10_bL2_sL-3,SMA,100,0.1,2.0,-3.0,SSO,-0.38173295450596023,-0.7910832530886429,0.9997737968804771,-0.3818193232279685,-1.0771826867357244,0.4674904724781268,9,-0.38369702540166717,-0.7963514170709605,0.9997855557164624,-0.38377932468398557,-1.0832426104289132,0.46803457654676883,9,0.0019640708957069375,0.020833333333333336,True,False,False,False,False,False,True,2
380,SMA_N100_th10_bL1_sL-3,SMA,100,0.1,1.0,-3.0,SPY,-0.3769468279921333,-0.8465709963139041,0.9997187821544427,-0.37705286198564214,-1.1592232316044597,0.44177248537112457,9,-0.3783673875732422,-0.851005536858697,0.9997293483266031,-0.3784698210636433,-1.1647005182990253,0.44201505188993295,9,0.0014205595811088711,0.0203125,True,False,False,False,False,False,True,2
381,EMA_N50_th10_bL3_sL-3,EMA,50,0.1,3.0,-3.0,UPRO,-0.4053252166297844,-0.7588664435828781,0.9998376954098048,-0.40539101345209155,-1.0536709483710271,0.5108531922117693,2,-0.40639502414572837,-0.7614911873568257,0.9998425253169713,-0.40645903115282334,-1.0566413727049897,0.5111947984851684,2,0.001069807515943988,0.018229166666666668,True,False,False,False,False,False,True,2
382,SMA_N50_th10_bL1_sL-3,SMA,50,0.1,1.0,-3.0,SPY,-0.39550670231572715,-0.8072783105165429,0.9997863741501386,-0.3955912108243372,-1.1309137911778389,0.4795711579678929,2,-0.396680227325633,-0.8107621694101185,0.9997932266744878,-0.3967622671790554,-1.1353026633103258,0.4797750959310006,2,0.0011735250099058625,0.013020833333333336,True,False,False,False,False,False,True,2
383,EMA_N50_th10_bL2_sL-3,EMA,50,0.1,2.0,-3.0,SSO,-0.4055947201455301,-0.8100158652008508,0.9998389251069144,-0.40566006179661307,-1.128869616118875,0.4914444131114024,2,-0.4066305988002039,-0.8128630474669185,0.9998435705595143,-0.40669421774913517,-1.1322642165260448,0.491698138395546,2,0.0010358786546738052,0.008333333333333333,True,False,False,False,False,False,True,2
384,EMA_N50_th10_bL1_sL-3,EMA,50,0.1,1.0,-3.0,SPY,-0.4076541195020599,-0.8499496887692758,0.9998480366205593,-0.4077160774150362,-1.187545791292938,0.4793976300448106,2,-0.4084236973797688,-0.8523393832624137,0.9998513153461125,-0.4084844327462701,-1.190599130840145,0.4795098381649326,2,0.0007695778777089268,0.0026041666666666665,True,False,False,False,False,False,True,2
