window_start,window_end,strat_cagr,strat_sharpe,strat_mdd,bench_cagr,bench_sharpe,bench_mdd,excess_cagr,strat_beats_bench,window_years,cfg_id,rank
2010-02-12,2013-02-13,0.0664207768633398,0.3806480446786838,0.37262370836054143,0.1692522948338273,0.8998142336764396,0.16092243186503496,-0.10283151797048751,False,3,SMA_N150_th0_bL2_sL0,1
2010-08-13,2013-08-14,0.15628967367432112,0.6690301934067793,0.37262370836054143,0.21018069548161078,1.1347584666971475,0.16092243186503502,-0.05389102180728966,False,3,SMA_N150_th0_bL2_sL0,1
2011-02-11,2014-02-13,0.12301953628152718,0.575805694401184,0.3726237083605415,0.1660166202132931,0.9632809937247421,0.16092243186503496,-0.042997083931765934,False,3,SMA_N150_th0_bL2_sL0,1
2011-08-12,2014-08-14,0.22092641346296826,0.8783414035452112,0.37262370836054143,0.23440783827154754,1.4006952101671541,0.11637888959980666,-0.013481424808579279,False,3,SMA_N150_th0_bL2_sL0,1
2012-02-13,2015-02-13,0.2394561399434978,0.9502321770976244,0.37262370836054143,0.20846874672030702,1.436857783236581,0.11637888959980673,0.030987393223190773,True,3,SMA_N150_th0_bL2_sL0,1
2012-08-13,2015-08-14,0.28298040610081143,1.094743013501565,0.2793300493247147,0.1975009680441675,1.419011909176831,0.11637888959980656,0.08547943805664393,True,3,SMA_N150_th0_bL2_sL0,1
2013-02-14,2016-02-16,0.3218323412296691,1.2012958549208843,0.15267178503671378,0.152676390260007,0.9860967026702501,0.16099148511968944,0.16915595096966207,True,3,SMA_N150_th0_bL2_sL0,1
2013-08-15,2016-08-15,0.2570018813367929,0.9831669792553028,0.2181691446530544,0.1741613800274977,1.0484903843327693,0.16099148511968944,0.08284050130929521,True,3,SMA_N150_th0_bL2_sL0,1
2014-02-14,2017-02-14,0.18689941569567914,0.8208112881863749,0.2181691446530544,0.14090177667713055,0.9199800271368759,0.16099148511968947,0.045997639018548586,True,3,SMA_N150_th0_bL2_sL0,1
2014-08-15,2017-08-15,0.21621516443967237,0.9418465912381352,0.21816914465305431,0.15178075867197283,0.9982726438263714,0.16099148511968941,0.06443440576769954,True,3,SMA_N150_th0_bL2_sL0,1
2015-02-17,2018-02-14,0.2416040038721181,1.0198245838842475,0.21816914465305445,0.16176407874555898,1.0463360576337393,0.16099148511968944,0.07983992512655913,True,3,SMA_N150_th0_bL2_sL0,1
2015-08-17,2018-08-15,0.28516228936761,1.108832652220201,0.21803574010034357,0.18353014149945834,1.1298576348904072,0.16099148511968941,0.10163214786815167,True,3,SMA_N150_th0_bL2_sL0,1
2016-02-17,2019-02-15,0.23513999784603712,0.9562806357017299,0.24049797404343032,0.19989815086267715,1.2088513717514708,0.227917493700466,0.03524184698335997,True,3,SMA_N150_th0_bL2_sL0,1
2016-08-16,2019-08-16,0.24450990411827944,0.920727264042175,0.2679434822701794,0.1766731465458229,1.024038301056187,0.22791749370046593,0.06783675757245655,True,3,SMA_N150_th0_bL2_sL0,1
2017-02-15,2020-02-18,0.34633843039778545,1.2094016932072225,0.2679434822701794,0.23079913270737062,1.2889502953917318,0.22791749370046593,0.11553929769041482,True,3,SMA_N150_th0_bL2_sL0,1
2017-08-16,2020-08-17,0.28946694262106853,0.9014760480192129,0.4052976636643203,0.25102274887615894,1.0264328240586256,0.28559372098916475,0.038444193744909594,True,3,SMA_N150_th0_bL2_sL0,1
2018-02-15,2021-02-17,0.33135104722943987,0.9679848045458058,0.4052976636643203,0.27359420115981825,1.082701725449277,0.2855937209891648,0.057756846069621615,True,3,SMA_N150_th0_bL2_sL0,1
2018-08-16,2021-08-17,0.351829681641574,0.9786483241431885,0.4052976636643203,0.27690617343223045,1.0717849593969857,0.2855937209891647,0.07492350820934357,True,3,SMA_N150_th0_bL2_sL0,1
2019-02-19,2022-02-15,0.4487533453687875,1.1259670341126622,0.4052976636643203,0.28286062701752757,1.1142230393194639,0.28559372098916475,0.16589271835125996,True,3,SMA_N150_th0_bL2_sL0,1
2019-08-19,2022-08-17,0.3774890311200616,1.0582897666617788,0.40529766366432024,0.21156823783987866,0.8452604660236857,0.326543555123403,0.16592079328018294,True,3,SMA_N150_th0_bL2_sL0,1
2020-02-19,2023-02-16,0.1992035006731092,0.689675255819499,0.4052976636643203,0.09283960407449054,0.45721451375578376,0.35122525674827476,0.10636389659861867,True,3,SMA_N150_th0_bL2_sL0,1
2020-08-18,2023-08-18,0.28462277931580426,0.9472454893225851,0.2869696899234854,0.09492348441485876,0.5034759694315706,0.3512252567482747,0.1896992949009455,True,3,SMA_N150_th0_bL2_sL0,1
2021-02-18,2024-02-20,0.26348869582538703,0.9347842099619805,0.2869696899234854,0.09430077629917699,0.4934419499260951,0.35122525674827476,0.16918791952621004,True,3,SMA_N150_th0_bL2_sL0,1
2021-08-18,2024-08-20,0.2545660853330476,0.9024305936813206,0.2869696899234855,0.10592063137939833,0.530402272776276,0.3512252567482747,0.14864545395364925,True,3,SMA_N150_th0_bL2_sL0,1
2022-02-16,2025-02-21,0.2897098732580252,1.0099414635495503,0.2676200454982226,0.14685088353605757,0.7068096358087302,0.29566058149729774,0.14285898972196764,True,3,SMA_N150_th0_bL2_sL0,1
2022-08-18,2025-08-22,0.3285997864338561,1.076969324560133,0.26762004549822255,0.21025654887169765,0.9771148087420922,0.22770816026569357,0.11834323756215848,True,3,SMA_N150_th0_bL2_sL0,1
2023-02-17,2026-02-24,0.35443195051932386,1.0852864441257264,0.26762004549822255,0.27169895432515045,1.312151629571798,0.22770816026569357,0.0827329961941734,True,3,SMA_N150_th0_bL2_sL0,1
2010-02-12,2015-02-13,0.23610378890460182,0.9514945594292284,0.37262370836054143,0.20900221183679957,1.185686621041964,0.16092243186503496,0.02710157706780225,True,5,SMA_N150_th0_bL2_sL0,1
2010-08-13,2015-08-14,0.24307580993070865,0.9407522549787032,0.37262370836054143,0.21215948774264515,1.249993424311084,0.16092243186503502,0.030916322188063505,True,5,SMA_N150_th0_bL2_sL0,1
2011-02-11,2016-02-16,0.13525556802868755,0.6143013781796457,0.3726237083605415,0.12699655480062333,0.7796896836222569,0.16099148511968958,0.008259013228064216,True,5,SMA_N150_th0_bL2_sL0,1
2011-08-12,2016-08-15,0.1736816245261561,0.7419259329240673,0.37262370836054143,0.18474833768468146,1.1117975450740156,0.16099148511968944,-0.011066713158525365,False,5,SMA_N150_th0_bL2_sL0,1
2012-02-13,2017-02-14,0.18386651471137228,0.8010752950777078,0.37262370836054143,0.1672795389755033,1.1099425100864924,0.16099148511968944,0.01658697573586898,True,5,SMA_N150_th0_bL2_sL0,1
2012-08-13,2017-08-15,0.25622421139772067,1.0558667052147874,0.2793300493247147,0.17988124405019645,1.2111935342747773,0.16099148511968947,0.07634296734752422,True,5,SMA_N150_th0_bL2_sL0,1
2013-02-14,2018-02-14,0.35500645289063093,1.3364479295233773,0.2181691446530544,0.20464938513871078,1.3436612292929488,0.16099148511968944,0.15035706775192015,True,5,SMA_N150_th0_bL2_sL0,1
2013-08-15,2018-08-15,0.3378071391823254,1.2094348111299325,0.2181691446530544,0.20216704290851872,1.261805089611185,0.16099148511968944,0.1356400962738067,True,5,SMA_N150_th0_bL2_sL0,1
2014-02-14,2019-02-15,0.20085370318374784,0.8411890889316005,0.24049797404343035,0.15121064236823267,0.9206151242882608,0.22791749370046596,0.04964306081551517,True,5,SMA_N150_th0_bL2_sL0,1
2014-08-15,2019-08-16,0.18242729649784173,0.7698928746455672,0.26794348227017933,0.1488124849422281,0.897405482362217,0.22791749370046596,0.03361481155561363,True,5,SMA_N150_th0_bL2_sL0,1
2015-02-17,2020-02-18,0.24642268303929127,0.9699975807149838,0.2679434822701795,0.18133921961630683,1.0609295263496341,0.2279174937004659,0.06508346342298443,True,5,SMA_N150_th0_bL2_sL0,1
2015-08-17,2020-08-17,0.2568289851097605,0.9088959427809747,0.40529766366432035,0.20963943477127112,0.9886256839623289,0.2855937209891647,0.04718955033848937,True,5,SMA_N150_th0_bL2_sL0,1
2016-02-17,2021-02-17,0.3704797548560257,1.1131018525313399,0.40529766366432035,0.2778894061903683,1.255332061693388,0.2855937209891647,0.09259034866565741,True,5,SMA_N150_th0_bL2_sL0,1
2016-08-16,2021-08-17,0.40207416236692795,1.1410131822651464,0.40529766366432024,0.2664237179764837,1.1756250022769401,0.2855937209891647,0.13565044439044427,True,5,SMA_N150_th0_bL2_sL0,1
2017-02-15,2022-02-15,0.35114516614770497,1.0297918413502625,0.4052976636643203,0.23411769184776166,1.0418036833780957,0.2855937209891647,0.11702747429994331,True,5,SMA_N150_th0_bL2_sL0,1
2017-08-16,2022-08-17,0.2808212804684511,0.8847430343779231,0.4052976636643203,0.18754459355718023,0.8160629335710836,0.3265435551234029,0.09327668691127089,True,5,SMA_N150_th0_bL2_sL0,1
2018-02-15,2023-02-16,0.21666050241329438,0.7628796855586469,0.4052976636643203,0.1367801711049752,0.6347106746407631,0.3512252567482747,0.07988033130831917,True,5,SMA_N150_th0_bL2_sL0,1
2018-08-16,2023-08-18,0.2599853179947018,0.8490946373224646,0.4052976636643203,0.15594282153172112,0.6880363790988601,0.35122525674827476,0.1040424964629807,True,5,SMA_N150_th0_bL2_sL0,1
2019-02-19,2024-02-20,0.3858106625507691,1.1067697027967807,0.4052976636643203,0.20767132126109833,0.8749474409013982,0.35122525674827476,0.1781393412896708,True,5,SMA_N150_th0_bL2_sL0,1
2019-08-19,2024-08-20,0.39491254830387956,1.1321599188052676,0.40529766366432024,0.21399272672920255,0.9026404397223952,0.3512252567482747,0.180919821574677,True,5,SMA_N150_th0_bL2_sL0,1
2020-02-19,2025-02-21,0.3118817316657856,0.9406977707683083,0.4052976636643203,0.18061131330497737,0.7826187584496881,0.35122525674827476,0.13127041836080822,True,5,SMA_N150_th0_bL2_sL0,1
2020-08-18,2025-08-22,0.3003007970293847,0.9823702379385295,0.2869696899234854,0.16251335331711525,0.7712506591474291,0.3512252567482747,0.13778744371226948,True,5,SMA_N150_th0_bL2_sL0,1
2021-02-18,2026-02-24,0.22796578354618036,0.8210168884220604,0.2869696899234854,0.1351520139808513,0.670213524455228,0.35122525674827476,0.09281376956532905,True,5,SMA_N150_th0_bL2_sL0,1
2010-02-12,2017-02-14,0.1971810451435292,0.843255959731673,0.37262370836054143,0.1792807398818741,1.0513221219969282,0.16099148511968947,0.01790030526165509,True,7,SMA_N150_th0_bL2_sL0,1
2010-08-13,2017-08-15,0.2356180682169844,0.9510730258010914,0.37262370836054143,0.19523141731841243,1.169320897924018,0.1609914851196894,0.04038665089857196,True,7,SMA_N150_th0_bL2_sL0,1
2011-02-11,2018-02-14,0.2069038282054898,0.8582673789635705,0.3726237083605415,0.17057065851856756,1.0522792467661675,0.16099148511968958,0.03633316968692224,True,7,SMA_N150_th0_bL2_sL0,1
2011-08-12,2018-08-15,0.2513758492668745,0.9738670878389156,0.37262370836054143,0.2017722568632354,1.2397943067274484,0.16099148511968944,0.049603592403639096,True,7,SMA_N150_th0_bL2_sL0,1
2012-02-13,2019-02-15,0.1946630209064868,0.8217084144224871,0.37262370836054143,0.16715044568480208,1.0456586560870498,0.22791749370046593,0.02751257522168471,True,7,SMA_N150_th0_bL2_sL0,1
2012-08-13,2019-08-16,0.2198619213560178,0.8929101635732316,0.2793300493247147,0.16962140721513808,1.0541058589409626,0.22791749370046588,0.05024051414087971,True,7,SMA_N150_th0_bL2_sL0,1
2013-02-14,2020-02-18,0.3252301932346404,1.1999915014170441,0.26794348227017944,0.20654175964817867,1.2464947402435391,0.227917493700466,0.11868843358646175,True,7,SMA_N150_th0_bL2_sL0,1
2013-08-15,2020-08-17,0.3016526588908275,1.022342969007102,0.40529766366432035,0.21560500430275176,1.0729111186146636,0.2855937209891647,0.08604765458807573,True,7,SMA_N150_th0_bL2_sL0,1
2014-02-14,2021-02-17,0.30386470945165756,1.0025686557371607,0.40529766366432035,0.21850714402664528,1.0674763165268395,0.2855937209891647,0.08535756542501227,True,7,SMA_N150_th0_bL2_sL0,1
2014-08-15,2021-08-17,0.3064710663659007,0.9933095818633745,0.40529766366432035,0.2190493358006016,1.0584773026967476,0.28559372098916475,0.08742173056529912,True,7,SMA_N150_th0_bL2_sL0,1
2015-02-17,2022-02-15,0.2774512233513726,0.9158993000103146,0.40529766366432035,0.19757275075845704,0.9567650361274807,0.2855937209891647,0.07987847259291558,True,7,SMA_N150_th0_bL2_sL0,1
2015-08-17,2022-08-17,0.26000625990886705,0.8921025166797125,0.40529766366432035,0.17674476495963232,0.8341598085609537,0.32654355512340294,0.08326149494923474,True,7,SMA_N150_th0_bL2_sL0,1
2016-02-17,2023-02-16,0.2744931450381791,0.923656992238139,0.40529766366432035,0.17714506684693143,0.8328212872119863,0.3512252567482747,0.09734807819124769,True,7,SMA_N150_th0_bL2_sL0,1
2016-08-16,2023-08-18,0.3195292294504175,1.0096389576604798,0.40529766366432024,0.1823230415935828,0.8315277762456018,0.3512252567482747,0.1372061878568347,True,7,SMA_N150_th0_bL2_sL0,1
2017-02-15,2024-02-20,0.335322182288178,1.044812703960233,0.4052976636643203,0.19518151367133507,0.8793738401662692,0.35122525674827476,0.14014066861684293,True,7,SMA_N150_th0_bL2_sL0,1
2017-08-16,2024-08-20,0.3195334316754119,0.9877779736391643,0.4052976636643203,0.19606965364661444,0.8705854289518034,0.35122525674827465,0.12346377802879749,True,7,SMA_N150_th0_bL2_sL0,1
2018-02-15,2025-02-21,0.2918949657137426,0.9314048244967003,0.4052976636643203,0.18779497776579723,0.8478150608953126,0.3512252567482747,0.1040999879479454,True,7,SMA_N150_th0_bL2_sL0,1
2018-08-16,2025-08-22,0.27800306779205886,0.8996239227308278,0.4052976636643203,0.187901873111729,0.8211603798568582,0.35122525674827476,0.09010119468032984,True,7,SMA_N150_th0_bL2_sL0,1
2019-02-19,2026-02-24,0.32247193955091014,0.9883882079121431,0.4052976636643203,0.20524887348105403,0.8961686685820285,0.35122525674827476,0.11722306606985611,True,7,SMA_N150_th0_bL2_sL0,1
2010-02-12,2020-02-18,0.24139246311946638,0.9607886612220105,0.37262370836054143,0.19511790149629338,1.123574334078953,0.22791749370046596,0.046274561623173005,True,10,SMA_N150_th0_bL2_sL0,1
2010-08-13,2020-08-17,0.25188853907730446,0.921811162283688,0.4052976636643203,0.2118114635702144,1.0892805161550163,0.28559372098916475,0.040077075507090054,True,10,SMA_N150_th0_bL2_sL0,1
2011-02-11,2021-02-17,0.2472256357333691,0.8847643944690218,0.40529766366432024,0.2026783263054459,1.0371535975669444,0.2855937209891647,0.044547309427923176,True,10,SMA_N150_th0_bL2_sL0,1
2011-08-12,2021-08-17,0.2812680977179136,0.959857505266831,0.40529766366432024,0.22412846436855705,1.1369894720561833,0.2855937209891648,0.05713963334935657,True,10,SMA_N150_th0_bL2_sL0,1
2012-02-13,2022-02-15,0.266070906452863,0.9217184128468481,0.4052976636643203,0.20085453600993253,1.047637943601768,0.28559372098916475,0.0652163704429305,True,10,SMA_N150_th0_bL2_sL0,1
2012-08-13,2022-08-17,0.26882607947439197,0.9405442344444593,0.40529766366432024,0.18383283823846974,0.930375593384089,0.32654355512340294,0.08499324123592222,True,10,SMA_N150_th0_bL2_sL0,1
2013-02-14,2023-02-16,0.2883769494376951,0.9918608173164547,0.4052976636643203,0.17230502501338285,0.8554162389184947,0.3512252567482747,0.11607192442431224,True,10,SMA_N150_th0_bL2_sL0,1
2013-08-15,2023-08-18,0.2988962059273106,0.997094900750824,0.40529766366432035,0.17913900541681627,0.8697541463687982,0.35122525674827465,0.11975720051049432,True,10,SMA_N150_th0_bL2_sL0,1
2014-02-14,2024-02-20,0.29031258101296054,0.9827135361213523,0.40529766366432035,0.17925899550463487,0.8760363207085489,0.35122525674827465,0.11105358550832567,True,10,SMA_N150_th0_bL2_sL0,1
2014-08-15,2024-08-20,0.2880261700460429,0.9669159655781734,0.40529766366432035,0.18274060997194574,0.8842458378568583,0.35122525674827465,0.10528556007409717,True,10,SMA_N150_th0_bL2_sL0,1
2015-02-17,2025-02-21,0.28098860489737776,0.9411556584840168,0.40529766366432035,0.18202476930405154,0.8764045545827229,0.35122525674827476,0.09896383559332622,True,10,SMA_N150_th0_bL2_sL0,1
2015-08-17,2025-08-22,0.28072744154004226,0.946277916757701,0.40529766366432035,0.18689892831349764,0.8760261431268401,0.3512252567482747,0.09382851322654462,True,10,SMA_N150_th0_bL2_sL0,1
2016-02-17,2026-02-24,0.29594710350377373,0.9726745149303925,0.40529766366432035,0.20379132195264482,0.957331821411994,0.3512252567482747,0.09215578155112891,True,10,SMA_N150_th0_bL2_sL0,1
2010-02-12,2013-02-13,0.08531240500918114,0.40581520266499893,0.5064026040792187,0.1692522948338273,0.8998142336764396,0.16092243186503496,-0.08393988982464617,False,3,SMA_N150_th0_bL3_sL0,2
2010-08-13,2013-08-14,0.22051928083976513,0.6922256834021314,0.5064026040792187,0.21018069548161078,1.1347584666971475,0.16092243186503502,0.01033858535815435,True,3,SMA_N150_th0_bL3_sL0,2
2011-02-11,2014-02-13,0.16885924646637407,0.60158153343585,0.5064026040792187,0.1660166202132931,0.9632809937247421,0.16092243186503496,0.00284262625308096,True,3,SMA_N150_th0_bL3_sL0,2
2011-08-12,2014-08-14,0.32404997341333863,0.8990629453895568,0.5064026040792188,0.23440783827154754,1.4006952101671541,0.11637888959980666,0.08964213514179109,True,3,SMA_N150_th0_bL3_sL0,2
2012-02-13,2015-02-13,0.3496562960300338,0.9639872253127991,0.5064026040792188,0.20846874672030702,1.436857783236581,0.11637888959980673,0.14118754930972677,True,3,SMA_N150_th0_bL3_sL0,2
2012-08-13,2015-08-14,0.4234185031187223,1.1074558327430535,0.3849722764876072,0.1975009680441675,1.419011909176831,0.11637888959980656,0.2259175350745548,True,3,SMA_N150_th0_bL3_sL0,2
2013-02-14,2016-02-16,0.4858190449633206,1.2099695155199064,0.2240495644120367,0.152676390260007,0.9860967026702501,0.16099148511968944,0.3331426547033136,True,3,SMA_N150_th0_bL3_sL0,2
2013-08-15,2016-08-15,0.3823005208263488,0.9973456116053704,0.3147429293417251,0.1741613800274977,1.0484903843327693,0.16099148511968944,0.2081391407988511,True,3,SMA_N150_th0_bL3_sL0,2
2014-02-14,2017-02-14,0.26980766545380996,0.8325611714934349,0.31474292934172515,0.14090177667713055,0.9199800271368759,0.16099148511968947,0.1289058887766794,True,3,SMA_N150_th0_bL3_sL0,2
2014-08-15,2017-08-15,0.316947925460787,0.9549143405783164,0.3147429293417252,0.15178075867197283,0.9982726438263714,0.16099148511968941,0.16516716678881416,True,3,SMA_N150_th0_bL3_sL0,2
2015-02-17,2018-02-14,0.3578754381216649,1.0328783327815745,0.3147429293417252,0.16176407874555898,1.0463360576337393,0.16099148511968944,0.1961113593761059,True,3,SMA_N150_th0_bL3_sL0,2
2015-08-17,2018-08-15,0.42012533118189244,1.113138414326348,0.3122779904552248,0.18353014149945834,1.1298576348904072,0.16099148511968941,0.2365951896824341,True,3,SMA_N150_th0_bL3_sL0,2
2016-02-17,2019-02-15,0.3411370576301649,0.9627576140831168,0.3381239337597897,0.19989815086267715,1.2088513717514708,0.227917493700466,0.14123890676748774,True,3,SMA_N150_th0_bL3_sL0,2
2016-08-16,2019-08-16,0.3472987108715151,0.9216237807842487,0.3797212039832252,0.1766731465458229,1.024038301056187,0.22791749370046593,0.1706255643256922,True,3,SMA_N150_th0_bL3_sL0,2
2017-02-15,2020-02-18,0.512797827428136,1.210741577166384,0.3797212039832251,0.23079913270737062,1.2889502953917318,0.22791749370046593,0.28199869472076533,True,3,SMA_N150_th0_bL3_sL0,2
2017-08-16,2020-08-17,0.3980873475331763,0.9092700233028715,0.5507692734609575,0.25102274887615894,1.0264328240586256,0.28559372098916475,0.14706459865701738,True,3,SMA_N150_th0_bL3_sL0,2
2018-02-15,2021-02-17,0.45569114018508117,0.9771863784221688,0.5507692734609576,0.27359420115981825,1.082701725449277,0.2855937209891648,0.18209693902526292,True,3,SMA_N150_th0_bL3_sL0,2
2018-08-16,2021-08-17,0.48983805222475496,0.9917310910523056,0.5507692734609576,0.27690617343223045,1.0717849593969857,0.2855937209891647,0.2129318787925245,True,3,SMA_N150_th0_bL3_sL0,2
2019-02-19,2022-02-15,0.6421844951778473,1.1376505021808454,0.5507692734609575,0.28286062701752757,1.1142230393194639,0.28559372098916475,0.3593238681603197,True,3,SMA_N150_th0_bL3_sL0,2
2019-08-19,2022-08-17,0.5387799307560304,1.0766850360587763,0.5507692734609576,0.21156823783987866,0.8452604660236857,0.326543555123403,0.3272116929161517,True,3,SMA_N150_th0_bL3_sL0,2
2020-02-19,2023-02-16,0.2560103053619631,0.709773348409064,0.5507692734609575,0.09283960407449054,0.45721451375578376,0.35122525674827476,0.16317070128747257,True,3,SMA_N150_th0_bL3_sL0,2
2020-08-18,2023-08-18,0.40145941896429127,0.9576600739299533,0.4020271138896369,0.09492348441485876,0.5034759694315706,0.3512252567482747,0.3065359345494325,True,3,SMA_N150_th0_bL3_sL0,2
2021-02-18,2024-02-20,0.3727615248179559,0.9371408830011024,0.4020271138896368,0.09430077629917699,0.4934419499260951,0.35122525674827476,0.2784607485187789,True,3,SMA_N150_th0_bL3_sL0,2
2021-08-18,2024-08-20,0.35344503588504006,0.8946941484898192,0.4020271138896368,0.10592063137939833,0.530402272776276,0.3512252567482747,0.24752440450564173,True,3,SMA_N150_th0_bL3_sL0,2
2022-02-16,2025-02-21,0.4033458756274566,0.9924290452320701,0.3840015946935123,0.14685088353605757,0.7068096358087302,0.29566058149729774,0.25649499209139903,True,3,SMA_N150_th0_bL3_sL0,2
2022-08-18,2025-08-22,0.4557271190828658,1.0503527311581575,0.3840015946935124,0.21025654887169765,0.9771148087420922,0.22770816026569357,0.24547057021116814,True,3,SMA_N150_th0_bL3_sL0,2
2023-02-17,2026-02-24,0.4849876916503817,1.0479068599533172,0.38400159469351236,0.27169895432515045,1.312151629571798,0.22770816026569357,0.21328873732523124,True,3,SMA_N150_th0_bL3_sL0,2
2010-02-12,2015-02-13,0.3483543677282779,0.9670457045682073,0.5064026040792187,0.20900221183679957,1.185686621041964,0.16092243186503496,0.1393521558914783,True,5,SMA_N150_th0_bL3_sL0,2
2010-08-13,2015-08-14,0.35744005744882057,0.9576013390735023,0.5064026040792187,0.21215948774264515,1.249993424311084,0.16092243186503502,0.14528056970617542,True,5,SMA_N150_th0_bL3_sL0,2
2011-02-11,2016-02-16,0.18535733561239498,0.6328880540858852,0.5064026040792187,0.12699655480062333,0.7796896836222569,0.16099148511968958,0.05836078081177165,True,5,SMA_N150_th0_bL3_sL0,2
2011-08-12,2016-08-15,0.24805229717269905,0.7610573722379037,0.5064026040792188,0.18474833768468146,1.1117975450740156,0.16099148511968944,0.06330395948801759,True,5,SMA_N150_th0_bL3_sL0,2
2012-02-13,2017-02-14,0.2641709203888807,0.8177200357564828,0.5064026040792188,0.1672795389755033,1.1099425100864924,0.16099148511968944,0.09689138141337739,True,5,SMA_N150_th0_bL3_sL0,2
2012-08-13,2017-08-15,0.3826758819846594,1.0705079423820287,0.3849722764876072,0.17988124405019645,1.2111935342747773,0.16099148511968947,0.20279463793446295,True,5,SMA_N150_th0_bL3_sL0,2
2013-02-14,2018-02-14,0.5437282135745027,1.3452924821130263,0.31474292934172515,0.20464938513871078,1.3436612292929488,0.16099148511968944,0.33907882843579196,True,5,SMA_N150_th0_bL3_sL0,2
2013-08-15,2018-08-15,0.5092191671686006,1.2150783913621943,0.3147429293417251,0.20216704290851872,1.261805089611185,0.16099148511968944,0.3070521242600819,True,5,SMA_N150_th0_bL3_sL0,2
2014-02-14,2019-02-15,0.2864809499249328,0.8479231713810788,0.3381239337597897,0.15121064236823267,0.9206151242882608,0.22791749370046596,0.1352703075567001,True,5,SMA_N150_th0_bL3_sL0,2
2014-08-15,2019-08-16,0.2537500354902602,0.776330625308624,0.3797212039832252,0.1488124849422281,0.897405482362217,0.22791749370046596,0.10493755054803211,True,5,SMA_N150_th0_bL3_sL0,2
2015-02-17,2020-02-18,0.35760613263428254,0.9781334161999253,0.3797212039832252,0.18133921961630683,1.0609295263496341,0.2279174937004659,0.1762669130179757,True,5,SMA_N150_th0_bL3_sL0,2
2015-08-17,2020-08-17,0.36265699891492154,0.9198121277228899,0.5507692734609576,0.20963943477127112,0.9886256839623289,0.2855937209891647,0.15301756414365042,True,5,SMA_N150_th0_bL3_sL0,2
2016-02-17,2021-02-17,0.5405091290239308,1.1232046372668092,0.5507692734609576,0.2778894061903683,1.255332061693388,0.2855937209891647,0.2626197228335625,True,5,SMA_N150_th0_bL3_sL0,2
2016-08-16,2021-08-17,0.5864950863805549,1.149248702773404,0.5507692734609576,0.2664237179764837,1.1756250022769401,0.2855937209891647,0.32007136840407124,True,5,SMA_N150_th0_bL3_sL0,2
2017-02-15,2022-02-15,0.49766013967304334,1.0378733876329231,0.5507692734609575,0.23411769184776166,1.0418036833780957,0.2855937209891647,0.2635424478252817,True,5,SMA_N150_th0_bL3_sL0,2
2017-08-16,2022-08-17,0.3876459557429175,0.8956777156571994,0.5507692734609575,0.18754459355718023,0.8160629335710836,0.3265435551234029,0.20010136218573726,True,5,SMA_N150_th0_bL3_sL0,2
2018-02-15,2023-02-16,0.28977944158088365,0.7770307503882632,0.5507692734609576,0.1367801711049752,0.6347106746407631,0.3512252567482747,0.15299927047590844,True,5,SMA_N150_th0_bL3_sL0,2
2018-08-16,2023-08-18,0.357262195319316,0.861764612410321,0.5507692734609576,0.15594282153172112,0.6880363790988601,0.35122525674827476,0.2013193737875949,True,5,SMA_N150_th0_bL3_sL0,2
2019-02-19,2024-02-20,0.5560942759989009,1.1143795541797756,0.5507692734609575,0.20767132126109833,0.8749474409013982,0.35122525674827476,0.3484229547378026,True,5,SMA_N150_th0_bL3_sL0,2
2019-08-19,2024-08-20,0.5670491925099646,1.135997606372706,0.5507692734609576,0.21399272672920255,0.9026404397223952,0.3512252567482747,0.353056465780762,True,5,SMA_N150_th0_bL3_sL0,2
2020-02-19,2025-02-21,0.4235554142557634,0.9388440967831253,0.5507692734609575,0.18061131330497737,0.7826187584496881,0.35122525674827476,0.242944100950786,True,5,SMA_N150_th0_bL3_sL0,2
2020-08-18,2025-08-22,0.4153517103501978,0.9739775289541555,0.4020271138896369,0.16251335331711525,0.7712506591474291,0.3512252567482747,0.25283835703308255,True,5,SMA_N150_th0_bL3_sL0,2
2021-02-18,2026-02-24,0.3031303075823859,0.8067811990030476,0.4020271138896368,0.1351520139808513,0.670213524455228,0.35122525674827476,0.1679782936015346,True,5,SMA_N150_th0_bL3_sL0,2
2010-02-12,2017-02-14,0.2871534899372068,0.8605260506600977,0.5064026040792187,0.1792807398818741,1.0513221219969282,0.16099148511968947,0.1078727500553327,True,7,SMA_N150_th0_bL3_sL0,2
2010-08-13,2017-08-15,0.3477410128851339,0.9679488349618588,0.5064026040792187,0.19523141731841243,1.169320897924018,0.1609914851196894,0.1525095955667215,True,7,SMA_N150_th0_bL3_sL0,2
2011-02-11,2018-02-14,0.2994407496967513,0.8738585381671258,0.5064026040792187,0.17057065851856756,1.0522792467661675,0.16099148511968958,0.1288700911781837,True,7,SMA_N150_th0_bL3_sL0,2
2011-08-12,2018-08-15,0.3682351134022541,0.9852487748322074,0.5064026040792188,0.2017722568632354,1.2397943067274484,0.16099148511968944,0.1664628565390187,True,7,SMA_N150_th0_bL3_sL0,2
2012-02-13,2019-02-15,0.2776266393712641,0.8333402078529987,0.5064026040792188,0.16715044568480208,1.0456586560870498,0.22791749370046593,0.110476193686462,True,7,SMA_N150_th0_bL3_sL0,2
2012-08-13,2019-08-16,0.31650221336920215,0.9024245403500879,0.3849722764876072,0.16962140721513808,1.0541058589409626,0.22791749370046588,0.14688080615406407,True,7,SMA_N150_th0_bL3_sL0,2
2013-02-14,2020-02-18,0.4879313514916699,1.2071690660715442,0.37972120398322506,0.20654175964817867,1.2464947402435391,0.227917493700466,0.2813895918434912,True,7,SMA_N150_th0_bL3_sL0,2
2013-08-15,2020-08-17,0.44007921163392405,1.0332028863175222,0.5507692734609575,0.21560500430275176,1.0729111186146636,0.2855937209891647,0.2244742073311723,True,7,SMA_N150_th0_bL3_sL0,2
2014-02-14,2021-02-17,0.4373184047784071,1.0117286291483674,0.5507692734609575,0.21850714402664528,1.0674763165268395,0.2855937209891647,0.21881126075176183,True,7,SMA_N150_th0_bL3_sL0,2
2014-08-15,2021-08-17,0.43823629207153614,1.0029103714480163,0.5507692734609575,0.2190493358006016,1.0584773026967476,0.28559372098916475,0.21918695627093454,True,7,SMA_N150_th0_bL3_sL0,2
2015-02-17,2022-02-15,0.3902502697420127,0.9263994799415963,0.5507692734609576,0.19757275075845704,0.9567650361274807,0.2855937209891647,0.19267751898355567,True,7,SMA_N150_th0_bL3_sL0,2
2015-08-17,2022-08-17,0.3653641868671309,0.904541668294073,0.5507692734609576,0.17674476495963232,0.8341598085609537,0.32654355512340294,0.18861942190749859,True,7,SMA_N150_th0_bL3_sL0,2
2016-02-17,2023-02-16,0.3902830672230788,0.937859861796896,0.5507692734609576,0.17714506684693143,0.8328212872119863,0.3512252567482747,0.21313800037614739,True,7,SMA_N150_th0_bL3_sL0,2
2016-08-16,2023-08-18,0.45790768617784683,1.0190674625953318,0.5507692734609576,0.1823230415935828,0.8315277762456018,0.3512252567482747,0.275584644584264,True,7,SMA_N150_th0_bL3_sL0,2
2017-02-15,2024-02-20,0.4796202945796373,1.0505647257880701,0.5507692734609575,0.19518151367133507,0.8793738401662692,0.35122525674827476,0.2844387809083022,True,7,SMA_N150_th0_bL3_sL0,2
2017-08-16,2024-08-20,0.44797095148073063,0.9897492457703341,0.5507692734609575,0.19606965364661444,0.8705854289518034,0.35122525674827465,0.2519012978341162,True,7,SMA_N150_th0_bL3_sL0,2
2018-02-15,2025-02-21,0.3997690778661849,0.9305463983760884,0.5507692734609576,0.18779497776579723,0.8478150608953126,0.3512252567482747,0.21197410010038764,True,7,SMA_N150_th0_bL3_sL0,2
2018-08-16,2025-08-22,0.37943558703761093,0.8988534992372126,0.5507692734609576,0.187901873111729,0.8211603798568582,0.35122525674827476,0.19153371392588192,True,7,SMA_N150_th0_bL3_sL0,2
2019-02-19,2026-02-24,0.44653248855003125,0.9840640763204173,0.5507692734609575,0.20524887348105403,0.8961686685820285,0.35122525674827476,0.24128361506897722,True,7,SMA_N150_th0_bL3_sL0,2
2010-02-12,2020-02-18,0.3531768114200955,0.9726019239588218,0.5064026040792187,0.19511790149629338,1.123574334078953,0.22791749370046596,0.15805890992380212,True,10,SMA_N150_th0_bL3_sL0,2
2010-08-13,2020-08-17,0.3631847016040164,0.9357992045932023,0.5507692734609576,0.2118114635702144,1.0892805161550163,0.28559372098916475,0.15137323803380198,True,10,SMA_N150_th0_bL3_sL0,2
2011-02-11,2021-02-17,0.3511540762295917,0.8980656976695203,0.5507692734609575,0.2026783263054459,1.0371535975669444,0.2855937209891647,0.1484757499241458,True,10,SMA_N150_th0_bL3_sL0,2
2011-08-12,2021-08-17,0.40470981307339304,0.9724359939092927,0.5507692734609576,0.22412846436855705,1.1369894720561833,0.2855937209891648,0.180581348704836,True,10,SMA_N150_th0_bL3_sL0,2
2012-02-13,2022-02-15,0.3781502419425691,0.9333712950430907,0.5507692734609576,0.20085453600993253,1.047637943601768,0.28559372098916475,0.17729570593263655,True,10,SMA_N150_th0_bL3_sL0,2
2012-08-13,2022-08-17,0.3856997431797573,0.9535979703135219,0.5507692734609576,0.18383283823846974,0.930375593384089,0.32654355512340294,0.20186690494128756,True,10,SMA_N150_th0_bL3_sL0,2
2013-02-14,2023-02-16,0.41806849814587577,1.0053043815012177,0.5507692734609575,0.17230502501338285,0.8554162389184947,0.3512252567482747,0.24576347313249292,True,10,SMA_N150_th0_bL3_sL0,2
2013-08-15,2023-08-18,0.4323294901851613,1.0079522079312655,0.5507692734609575,0.17913900541681627,0.8697541463687982,0.35122525674827465,0.25319048476834505,True,10,SMA_N150_th0_bL3_sL0,2
2014-02-14,2024-02-20,0.41553152243475444,0.9899306154903427,0.5507692734609575,0.17925899550463487,0.8760363207085489,0.35122525674827465,0.23627252693011958,True,10,SMA_N150_th0_bL3_sL0,2
2014-08-15,2024-08-20,0.4079132022430574,0.9716935781816877,0.5507692734609575,0.18274060997194574,0.8842458378568583,0.35122525674827465,0.22517259227111164,True,10,SMA_N150_th0_bL3_sL0,2
2015-02-17,2025-02-21,0.39398009187666805,0.9438274632487159,0.5507692734609576,0.18202476930405154,0.8764045545827229,0.35122525674827476,0.2119553225726165,True,10,SMA_N150_th0_bL3_sL0,2
2015-08-17,2025-08-22,0.39260114399701207,0.9472758435638894,0.5507692734609576,0.18689892831349764,0.8760261431268401,0.3512252567482747,0.20570221568351443,True,10,SMA_N150_th0_bL3_sL0,2
2016-02-17,2026-02-24,0.4147409083484428,0.9712779555300964,0.5507692734609576,0.20379132195264482,0.957331821411994,0.3512252567482747,0.21094958639579797,True,10,SMA_N150_th0_bL3_sL0,2
2010-02-12,2013-02-13,0.13523175947376442,0.5809055468594079,0.4144568489124369,0.1692522948338273,0.8998142336764396,0.16092243186503496,-0.03402053536006289,False,3,EMA_N150_th5_bL2_sL0,3
2010-08-13,2013-08-14,0.23089946218748536,0.8275218211545707,0.4144568489124369,0.21018069548161078,1.1347584666971475,0.16092243186503502,0.02071876670587458,True,3,EMA_N150_th5_bL2_sL0,3
2011-02-11,2014-02-13,0.19548256350191529,0.744541880671771,0.4144568489124369,0.1660166202132931,0.9632809937247421,0.16092243186503496,0.029465943288622176,True,3,EMA_N150_th5_bL2_sL0,3
2011-08-12,2014-08-14,0.3962617496768799,1.3060528687464417,0.2239133846192595,0.23440783827154754,1.4006952101671541,0.11637888959980666,0.16185391140533234,True,3,EMA_N150_th5_bL2_sL0,3
2012-02-13,2015-02-13,0.41640426794727214,1.4019897714855432,0.2239133846192595,0.20846874672030702,1.436857783236581,0.11637888959980673,0.20793552122696513,True,3,EMA_N150_th5_bL2_sL0,3
2012-08-13,2015-08-14,0.39224845921823204,1.378858839558588,0.22391338461925947,0.1975009680441675,1.419011909176831,0.11637888959980656,0.19474749117406454,True,3,EMA_N150_th5_bL2_sL0,3
2013-02-14,2016-02-16,0.18919530695082165,0.7711087496605654,0.39806074446381373,0.152676390260007,0.9860967026702501,0.16099148511968944,0.03651891669081464,True,3,EMA_N150_th5_bL2_sL0,3
2013-08-15,2016-08-15,0.1354351605541806,0.5832941965245435,0.4016234424724468,0.1741613800274977,1.0484903843327693,0.16099148511968944,-0.038726219473317114,False,3,EMA_N150_th5_bL2_sL0,3
2014-02-14,2017-02-14,0.07211241974347216,0.4115967132576249,0.40162344247244675,0.14090177667713055,0.9199800271368759,0.16099148511968947,-0.0687893569336584,False,3,EMA_N150_th5_bL2_sL0,3
2014-08-15,2017-08-15,0.09197165080936753,0.49789621996321404,0.40162344247244686,0.15178075867197283,0.9982726438263714,0.16099148511968941,-0.05980910786260529,False,3,EMA_N150_th5_bL2_sL0,3
2015-02-17,2018-02-14,0.10880894766904547,0.5530293720276216,0.40162344247244675,0.16176407874555898,1.0463360576337393,0.16099148511968944,-0.052955131076513506,False,3,EMA_N150_th5_bL2_sL0,3
2015-08-17,2018-08-15,0.14457538600427466,0.6691843565785901,0.3721564918068887,0.18353014149945834,1.1298576348904072,0.16099148511968941,-0.03895475549518368,False,3,EMA_N150_th5_bL2_sL0,3
2016-02-17,2019-02-15,0.2586290544809109,1.0386140836904856,0.22503598466408162,0.19989815086267715,1.2088513717514708,0.227917493700466,0.05873090361823374,True,3,EMA_N150_th5_bL2_sL0,3
2016-08-16,2019-08-16,0.26309711563056193,0.9528207690616347,0.29171973544977076,0.1766731465458229,1.024038301056187,0.22791749370046593,0.08642396908473904,True,3,EMA_N150_th5_bL2_sL0,3
2017-02-15,2020-02-18,0.37792901679862156,1.2609855258598308,0.2917197354497708,0.23079913270737062,1.2889502953917318,0.22791749370046593,0.14712988409125094,True,3,EMA_N150_th5_bL2_sL0,3
2017-08-16,2020-08-17,0.32473445905054166,0.9778627642510407,0.3908320983605832,0.25102274887615894,1.0264328240586256,0.28559372098916475,0.07371171017438272,True,3,EMA_N150_th5_bL2_sL0,3
2018-02-15,2021-02-17,0.36776411326440117,1.0381054739502735,0.3908320983605833,0.27359420115981825,1.082701725449277,0.2855937209891648,0.09416991210458292,True,3,EMA_N150_th5_bL2_sL0,3
2018-08-16,2021-08-17,0.37762186450572544,1.0276837800455216,0.39083209836058325,0.27690617343223045,1.0717849593969857,0.2855937209891647,0.10071569107349498,True,3,EMA_N150_th5_bL2_sL0,3
2019-02-19,2022-02-15,0.41606821727035115,1.0741103491483783,0.3908320983605833,0.28286062701752757,1.1142230393194639,0.28559372098916475,0.13320759025282358,True,3,EMA_N150_th5_bL2_sL0,3
2019-08-19,2022-08-17,0.369190865471263,1.0516870332601422,0.3908320983605833,0.21156823783987866,0.8452604660236857,0.326543555123403,0.15762262763138435,True,3,EMA_N150_th5_bL2_sL0,3
2020-02-19,2023-02-16,0.1565673509940606,0.600828610170849,0.3908320983605833,0.09283960407449054,0.45721451375578376,0.35122525674827476,0.06372774691957006,True,3,EMA_N150_th5_bL2_sL0,3
2020-08-18,2023-08-18,0.23426280652183173,0.8344718142467109,0.36748186455656595,0.09492348441485876,0.5034759694315706,0.3512252567482747,0.13933932210697297,True,3,EMA_N150_th5_bL2_sL0,3
2021-02-18,2024-02-20,0.22983245495617854,0.8516915414671966,0.367481864556566,0.09430077629917699,0.4934419499260951,0.35122525674827476,0.13553167865700155,True,3,EMA_N150_th5_bL2_sL0,3
2021-08-18,2024-08-20,0.2447413224103392,0.8800306213489637,0.36748186455656595,0.10592063137939833,0.530402272776276,0.3512252567482747,0.13882069103094086,True,3,EMA_N150_th5_bL2_sL0,3
2022-02-16,2025-02-21,0.3389640527384721,1.150589550665828,0.261950286806981,0.14685088353605757,0.7068096358087302,0.29566058149729774,0.1921131692024145,True,3,EMA_N150_th5_bL2_sL0,3
2022-08-18,2025-08-22,0.3244578501874298,1.0624206593840118,0.26585143305778913,0.21025654887169765,0.9771148087420922,0.22770816026569357,0.11420130131573214,True,3,EMA_N150_th5_bL2_sL0,3
2023-02-17,2026-02-24,0.3978710293298189,1.1631030907476392,0.26585143305778913,0.27169895432515045,1.312151629571798,0.22770816026569357,0.12617207500466843,True,3,EMA_N150_th5_bL2_sL0,3
2010-02-12,2015-02-13,0.29214119724621446,1.0517912740115787,0.4144568489124369,0.20900221183679957,1.185686621041964,0.16092243186503496,0.08313898540941489,True,5,EMA_N150_th5_bL2_sL0,3
2010-08-13,2015-08-14,0.3078857695981878,1.0627048584233396,0.4144568489124369,0.21215948774264515,1.249993424311084,0.16092243186503502,0.09572628185554266,True,5,EMA_N150_th5_bL2_sL0,3
2011-02-11,2016-02-16,0.10621425840316934,0.4965705830229225,0.4144568489124369,0.12699655480062333,0.7796896836222569,0.16099148511968958,-0.020782296397453992,False,5,EMA_N150_th5_bL2_sL0,3
2011-08-12,2016-08-15,0.19243204593963625,0.7793576441933374,0.4016234424724468,0.18474833768468146,1.1117975450740156,0.16099148511968944,0.007683708254954791,True,5,EMA_N150_th5_bL2_sL0,3
2012-02-13,2017-02-14,0.19838879622332128,0.8349850647463958,0.40162344247244686,0.1672795389755033,1.1099425100864924,0.16099148511968944,0.03110925724781799,True,5,EMA_N150_th5_bL2_sL0,3
2012-08-13,2017-08-15,0.22483201584966617,0.9417468377850841,0.4016234424724468,0.17988124405019645,1.2111935342747773,0.16099148511968947,0.04495077179946971,True,5,EMA_N150_th5_bL2_sL0,3
2013-02-14,2018-02-14,0.27482697529274924,1.0929615977080607,0.4016234424724468,0.20464938513871078,1.3436612292929488,0.16099148511968944,0.07017759015403846,True,5,EMA_N150_th5_bL2_sL0,3
2013-08-15,2018-08-15,0.2647614443055317,0.9963556850595734,0.4016234424724468,0.20216704290851872,1.261805089611185,0.16099148511968944,0.062594401397013,True,5,EMA_N150_th5_bL2_sL0,3
2014-02-14,2019-02-15,0.13987471666970275,0.6315400845630345,0.40162344247244675,0.15121064236823267,0.9206151242882608,0.22791749370046596,-0.011335925698529925,False,5,EMA_N150_th5_bL2_sL0,3
2014-08-15,2019-08-16,0.11833230748501622,0.5551815639664193,0.40162344247244686,0.1488124849422281,0.897405482362217,0.22791749370046596,-0.030480177457211877,False,5,EMA_N150_th5_bL2_sL0,3
2015-02-17,2020-02-18,0.18098799820605227,0.7555564362672041,0.40162344247244675,0.18133921961630683,1.0609295263496341,0.2279174937004659,-0.0003512214102545652,False,5,EMA_N150_th5_bL2_sL0,3
2015-08-17,2020-08-17,0.1858404270270948,0.7210065056617978,0.39083209836058325,0.20963943477127112,0.9886256839623289,0.2855937209891647,-0.023799007744176315,False,5,EMA_N150_th5_bL2_sL0,3
2016-02-17,2021-02-17,0.3962052812769268,1.1841124721429317,0.39083209836058325,0.2778894061903683,1.255332061693388,0.2855937209891647,0.1183158750865585,True,5,EMA_N150_th5_bL2_sL0,3
2016-08-16,2021-08-17,0.42494609427365404,1.187631538599311,0.3908320983605833,0.2664237179764837,1.1756250022769401,0.2855937209891647,0.15852237629717036,True,5,EMA_N150_th5_bL2_sL0,3
2017-02-15,2022-02-15,0.3437929127057755,1.012168683672711,0.3908320983605833,0.23411769184776166,1.0418036833780957,0.2855937209891647,0.10967522085801384,True,5,EMA_N150_th5_bL2_sL0,3
2017-08-16,2022-08-17,0.287584858292558,0.8984638309863482,0.3908320983605832,0.18754459355718023,0.8160629335710836,0.3265435551234029,0.10004026473537775,True,5,EMA_N150_th5_bL2_sL0,3
2018-02-15,2023-02-16,0.2072065705242936,0.7442050938038539,0.3908320983605833,0.1367801711049752,0.6347106746407631,0.3512252567482747,0.07042639941931839,True,5,EMA_N150_th5_bL2_sL0,3
2018-08-16,2023-08-18,0.24414912417243784,0.8170488941417429,0.39083209836058325,0.15594282153172112,0.6880363790988601,0.35122525674827476,0.08820630264071672,True,5,EMA_N150_th5_bL2_sL0,3
2019-02-19,2024-02-20,0.3744421803511089,1.0959429803793943,0.3908320983605833,0.20767132126109833,0.8749474409013982,0.35122525674827476,0.16677085909001055,True,5,EMA_N150_th5_bL2_sL0,3
2019-08-19,2024-08-20,0.3985109380443248,1.1514332644186769,0.3908320983605833,0.21399272672920255,0.9026404397223952,0.3512252567482747,0.18451821131512225,True,5,EMA_N150_th5_bL2_sL0,3
2020-02-19,2025-02-21,0.3159688873907658,0.9578549085557261,0.3908320983605833,0.18061131330497737,0.7826187584496881,0.35122525674827476,0.1353575740857884,True,5,EMA_N150_th5_bL2_sL0,3
2020-08-18,2025-08-22,0.2824566988432693,0.9386319092739118,0.36748186455656595,0.16251335331711525,0.7712506591474291,0.3512252567482747,0.11994334552615404,True,5,EMA_N150_th5_bL2_sL0,3
2021-02-18,2026-02-24,0.22177881486783368,0.8024675249708931,0.367481864556566,0.1351520139808513,0.670213524455228,0.35122525674827476,0.08662680088698238,True,5,EMA_N150_th5_bL2_sL0,3
2010-02-12,2017-02-14,0.17725913082182343,0.743200577276385,0.4144568489124369,0.1792807398818741,1.0513221219969282,0.16099148511968947,-0.0020216090600506664,False,7,EMA_N150_th5_bL2_sL0,3
2010-08-13,2017-08-15,0.21505653544863113,0.8478379821697096,0.4144568489124369,0.19523141731841243,1.169320897924018,0.1609914851196894,0.0198251181302187,True,7,EMA_N150_th5_bL2_sL0,3
2011-02-11,2018-02-14,0.18682012010003302,0.7628295448264167,0.4144568489124369,0.17057065851856756,1.0522792467661675,0.16099148511968958,0.016249461581465452,True,7,EMA_N150_th5_bL2_sL0,3
2011-08-12,2018-08-15,0.27000875051847495,1.0061517105712396,0.4016234424724468,0.2017722568632354,1.2397943067274484,0.16099148511968944,0.06823649365523954,True,7,EMA_N150_th5_bL2_sL0,3
2012-02-13,2019-02-15,0.2127776405889743,0.8601838631748107,0.40162344247244686,0.16715044568480208,1.0456586560870498,0.22791749370046593,0.04562719490417222,True,7,EMA_N150_th5_bL2_sL0,3
2012-08-13,2019-08-16,0.2056443849126568,0.8338412595861207,0.4016234424724468,0.16962140721513808,1.0541058589409626,0.22791749370046588,0.03602297769751872,True,7,EMA_N150_th5_bL2_sL0,3
2013-02-14,2020-02-18,0.28140869536295776,1.0599733941702116,0.4016234424724468,0.20654175964817867,1.2464947402435391,0.227917493700466,0.07486693571477909,True,7,EMA_N150_th5_bL2_sL0,3
2013-08-15,2020-08-17,0.26065530882653487,0.9144605149122603,0.4016234424724468,0.21560500430275176,1.0729111186146636,0.2855937209891647,0.04505030452378311,True,7,EMA_N150_th5_bL2_sL0,3
2014-02-14,2021-02-17,0.2627976877967275,0.9011313297980905,0.40162344247244675,0.21850714402664528,1.0674763165268395,0.2855937209891647,0.044290543770082236,True,7,EMA_N150_th5_bL2_sL0,3
2014-08-15,2021-08-17,0.26205039317970513,0.88652798558084,0.40162344247244686,0.2190493358006016,1.0584773026967476,0.28559372098916475,0.043001057379103536,True,7,EMA_N150_th5_bL2_sL0,3
2015-02-17,2022-02-15,0.21231045720957842,0.7545970894030971,0.40162344247244675,0.19757275075845704,0.9567650361274807,0.2855937209891647,0.01473770645112138,True,7,EMA_N150_th5_bL2_sL0,3
2015-08-17,2022-08-17,0.19937803868066784,0.7375132854665123,0.39083209836058325,0.17674476495963232,0.8341598085609537,0.32654355512340294,0.02263327372103552,True,7,EMA_N150_th5_bL2_sL0,3
2016-02-17,2023-02-16,0.2696015470693667,0.925119789913231,0.39083209836058325,0.17714506684693143,0.8328212872119863,0.3512252567482747,0.09245648022243524,True,7,EMA_N150_th5_bL2_sL0,3
2016-08-16,2023-08-18,0.31219897244808115,0.9977312676369025,0.3908320983605833,0.1823230415935828,0.8315277762456018,0.3512252567482747,0.12987593085449833,True,7,EMA_N150_th5_bL2_sL0,3
2017-02-15,2024-02-20,0.33531324114287386,1.0486869232879612,0.3908320983605833,0.19518151367133507,0.8793738401662692,0.35122525674827476,0.1401317274715388,True,7,EMA_N150_th5_bL2_sL0,3
2017-08-16,2024-08-20,0.3303828652198224,1.0135205429402345,0.3908320983605832,0.19606965364661444,0.8705854289518034,0.35122525674827465,0.13431321157320797,True,7,EMA_N150_th5_bL2_sL0,3
2018-02-15,2025-02-21,0.3076921214742494,0.9680487707202958,0.3908320983605833,0.18779497776579723,0.8478150608953126,0.3512252567482747,0.11989714370845217,True,7,EMA_N150_th5_bL2_sL0,3
2018-08-16,2025-08-22,0.2757378201431395,0.8937373218702725,0.39083209836058325,0.187901873111729,0.8211603798568582,0.35122525674827476,0.08783594703141051,True,7,EMA_N150_th5_bL2_sL0,3
2019-02-19,2026-02-24,0.32521567204139856,0.9977540660949916,0.3908320983605833,0.20524887348105403,0.8961686685820285,0.35122525674827476,0.11996679856034453,True,7,EMA_N150_th5_bL2_sL0,3
2010-02-12,2020-02-18,0.2354566714940889,0.906736470569399,0.4144568489124369,0.19511790149629338,1.123574334078953,0.22791749370046596,0.04033876999779551,True,10,EMA_N150_th5_bL2_sL0,3
2010-08-13,2020-08-17,0.2473186786005539,0.8875010071709147,0.4144568489124369,0.2118114635702144,1.0892805161550163,0.28559372098916475,0.03550721503033949,True,10,EMA_N150_th5_bL2_sL0,3
2011-02-11,2021-02-17,0.242672796594408,0.8546100932204802,0.4144568489124369,0.2026783263054459,1.0371535975669444,0.2855937209891647,0.03999447028896208,True,10,EMA_N150_th5_bL2_sL0,3
2011-08-12,2021-08-17,0.30194501494683434,1.0004918628644062,0.4016234424724468,0.22412846436855705,1.1369894720561833,0.2855937209891648,0.0778165505782773,True,10,EMA_N150_th5_bL2_sL0,3
2012-02-13,2022-02-15,0.2703404213857199,0.9261521460050264,0.40162344247244686,0.20085453600993253,1.047637943601768,0.28559372098916475,0.06948588537578737,True,10,EMA_N150_th5_bL2_sL0,3
2012-08-13,2022-08-17,0.25618086146776653,0.9033782811917833,0.4016234424724468,0.18383283823846974,0.930375593384089,0.32654355512340294,0.07234802322929679,True,10,EMA_N150_th5_bL2_sL0,3
2013-02-14,2023-02-16,0.2448296036091815,0.8815146498580091,0.4016234424724468,0.17230502501338285,0.8554162389184947,0.3512252567482747,0.07252457859579864,True,10,EMA_N150_th5_bL2_sL0,3
2013-08-15,2023-08-18,0.254993307556187,0.8883986156844949,0.4016234424724468,0.17913900541681627,0.8697541463687982,0.35122525674827465,0.07585430213937072,True,10,EMA_N150_th5_bL2_sL0,3
2014-02-14,2024-02-20,0.25156409392995793,0.8864726469382015,0.40162344247244675,0.17925899550463487,0.8760363207085489,0.35122525674827465,0.07230509842532307,True,10,EMA_N150_th5_bL2_sL0,3
2014-08-15,2024-08-20,0.25425812953129356,0.8835470912042148,0.40162344247244686,0.18274060997194574,0.8842458378568583,0.35122525674827465,0.07151751955934782,True,10,EMA_N150_th5_bL2_sL0,3
2015-02-17,2025-02-21,0.24886411200374403,0.8623370471924829,0.40162344247244675,0.18202476930405154,0.8764045545827229,0.35122525674827476,0.0668393426996925,True,10,EMA_N150_th5_bL2_sL0,3
2015-08-17,2025-08-22,0.2354847553105417,0.8326252230463121,0.39083209836058325,0.18689892831349764,0.8760261431268401,0.3512252567482747,0.04858582699704406,True,10,EMA_N150_th5_bL2_sL0,3
2016-02-17,2026-02-24,0.3047508727352688,0.9992260462111046,0.39083209836058325,0.20379132195264482,0.957331821411994,0.3512252567482747,0.10095955078262397,True,10,EMA_N150_th5_bL2_sL0,3
2010-02-12,2013-02-13,0.01091268086151187,0.17428309801038488,0.3785810769312049,0.1692522948338273,0.8998142336764396,0.16092243186503496,-0.15833961397231544,False,3,EMA_N150_th0_bL2_sL0,4
2010-08-13,2013-08-14,0.09610382620704017,0.4654385811425097,0.3785810769312049,0.21018069548161078,1.1347584666971475,0.16092243186503502,-0.11407686927457061,False,3,EMA_N150_th0_bL2_sL0,4
2011-02-11,2014-02-13,0.06456542737416515,0.37791842019282457,0.3785810769312048,0.1660166202132931,0.9632809937247421,0.16092243186503496,-0.10145119283912796,False,3,EMA_N150_th0_bL2_sL0,4
2011-08-12,2014-08-14,0.2072667974240061,0.8252348033036658,0.3286278559004343,0.23440783827154754,1.4006952101671541,0.11637888959980666,-0.02714104084754143,False,3,EMA_N150_th0_bL2_sL0,4
2012-02-13,2015-02-13,0.2608485116775301,1.01313855495031,0.3286278559004342,0.20846874672030702,1.436857783236581,0.11637888959980673,0.052379764957223074,True,3,EMA_N150_th0_bL2_sL0,4
2012-08-13,2015-08-14,0.29251036541276054,1.1217788661451678,0.2747954518268923,0.1975009680441675,1.419011909176831,0.11637888959980656,0.09500939736859304,True,3,EMA_N150_th0_bL2_sL0,4
2013-02-14,2016-02-16,0.31328490746221416,1.1738209672962456,0.15565413441554013,0.152676390260007,0.9860967026702501,0.16099148511968944,0.16060851720220715,True,3,EMA_N150_th0_bL2_sL0,4
2013-08-15,2016-08-15,0.2369027324105457,0.915380304578477,0.26678004549978823,0.1741613800274977,1.0484903843327693,0.16099148511968944,0.06274135238304801,True,3,EMA_N150_th0_bL2_sL0,4
2014-02-14,2017-02-14,0.16792118784197574,0.7524229878364569,0.2667800454997883,0.14090177667713055,0.9199800271368759,0.16099148511968947,0.027019411164845186,True,3,EMA_N150_th0_bL2_sL0,4
2014-08-15,2017-08-15,0.19676818502032867,0.8708200808657856,0.2667800454997883,0.15178075867197283,0.9982726438263714,0.16099148511968941,0.04498742634835584,True,3,EMA_N150_th0_bL2_sL0,4
2015-02-17,2018-02-14,0.22850156132440969,0.9687136907651127,0.2667800454997882,0.16176407874555898,1.0463360576337393,0.16099148511968944,0.0667374825788507,True,3,EMA_N150_th0_bL2_sL0,4
2015-08-17,2018-08-15,0.25179932372299185,1.003716906751704,0.24027813222299976,0.18353014149945834,1.1298576348904072,0.16099148511968941,0.06826918222353351,True,3,EMA_N150_th0_bL2_sL0,4
2016-02-17,2019-02-15,0.1909323912008707,0.7978438898622292,0.32438697387593335,0.19989815086267715,1.2088513717514708,0.227917493700466,-0.00896575966180646,False,3,EMA_N150_th0_bL2_sL0,4
2016-08-16,2019-08-16,0.21010459194140085,0.8101795530312311,0.32438697387593324,0.1766731465458229,1.024038301056187,0.22791749370046593,0.03343144539557796,True,3,EMA_N150_th0_bL2_sL0,4
2017-02-15,2020-02-18,0.3062005973787545,1.0900764161939327,0.32438697387593335,0.23079913270737062,1.2889502953917318,0.22791749370046593,0.07540146467138387,True,3,EMA_N150_th0_bL2_sL0,4
2017-08-16,2020-08-17,0.25689187202331865,0.8349511116601721,0.4104421643516564,0.25102274887615894,1.0264328240586256,0.28559372098916475,0.005869123147159705,True,3,EMA_N150_th0_bL2_sL0,4
2018-02-15,2021-02-17,0.2977178822987183,0.9068767958019686,0.4104421643516564,0.27359420115981825,1.082701725449277,0.2855937209891648,0.024123681138900066,True,3,EMA_N150_th0_bL2_sL0,4
2018-08-16,2021-08-17,0.32412136139581427,0.9306640103568209,0.4104421643516565,0.27690617343223045,1.0717849593969857,0.2855937209891647,0.047215187963583816,True,3,EMA_N150_th0_bL2_sL0,4
2019-02-19,2022-02-15,0.4505352144964345,1.1436225597904421,0.41044216435165637,0.28286062701752757,1.1142230393194639,0.28559372098916475,0.16767458747890696,True,3,EMA_N150_th0_bL2_sL0,4
2019-08-19,2022-08-17,0.3707765110912935,1.0507797003404094,0.41044216435165637,0.21156823783987866,0.8452604660236857,0.326543555123403,0.15920827325141484,True,3,EMA_N150_th0_bL2_sL0,4
2020-02-19,2023-02-16,0.17798272504950519,0.6443372668475469,0.41044216435165637,0.09283960407449054,0.45721451375578376,0.35122525674827476,0.08514312097501464,True,3,EMA_N150_th0_bL2_sL0,4
2020-08-18,2023-08-18,0.22166152541820372,0.7891092011647804,0.3486124548638358,0.09492348441485876,0.5034759694315706,0.3512252567482747,0.12673804100334496,True,3,EMA_N150_th0_bL2_sL0,4
2021-02-18,2024-02-20,0.2153373810564203,0.7941186107112651,0.3486124548638358,0.09430077629917699,0.4934419499260951,0.35122525674827476,0.12103660475724332,True,3,EMA_N150_th0_bL2_sL0,4
2021-08-18,2024-08-20,0.2067548095591245,0.7613615715961272,0.34861245486383585,0.10592063137939833,0.530402272776276,0.3512252567482747,0.10083417817972617,True,3,EMA_N150_th0_bL2_sL0,4
2022-02-16,2025-02-21,0.24055927438596836,0.869245543342301,0.26762004549822255,0.14685088353605757,0.7068096358087302,0.29566058149729774,0.09370839084991078,True,3,EMA_N150_th0_bL2_sL0,4
2022-08-18,2025-08-22,0.30606062781510635,1.0144530692034213,0.26762004549822255,0.21025654887169765,0.9771148087420922,0.22770816026569357,0.0958040789434087,True,3,EMA_N150_th0_bL2_sL0,4
2023-02-17,2026-02-24,0.3717558998835768,1.1151745959379427,0.2676200454982226,0.27169895432515045,1.312151629571798,0.22770816026569357,0.10005694555842637,True,3,EMA_N150_th0_bL2_sL0,4
2010-02-12,2015-02-13,0.19315896645288477,0.799696159087462,0.3785810769312049,0.20900221183679957,1.185686621041964,0.16092243186503496,-0.015843245383914795,False,5,EMA_N150_th0_bL2_sL0,4
2010-08-13,2015-08-14,0.20769745320244337,0.8197788922784063,0.3785810769312049,0.21215948774264515,1.249993424311084,0.16092243186503502,-0.004462034540201776,False,5,EMA_N150_th0_bL2_sL0,4
2011-02-11,2016-02-16,0.09517239212009176,0.4761873035603637,0.3785810769312048,0.12699655480062333,0.7796896836222569,0.16099148511968958,-0.031824162680531565,False,5,EMA_N150_th0_bL2_sL0,4
2011-08-12,2016-08-15,0.15457490800246343,0.6727325091927097,0.3286278559004343,0.18474833768468146,1.1117975450740156,0.16099148511968944,-0.030173429682218034,False,5,EMA_N150_th0_bL2_sL0,4
2012-02-13,2017-02-14,0.18849251981911075,0.8131655605890505,0.3286278559004342,0.1672795389755033,1.1099425100864924,0.16099148511968944,0.021212980843607454,True,5,EMA_N150_th0_bL2_sL0,4
2012-08-13,2017-08-15,0.2457027121442943,1.0172985919039623,0.2747954518268923,0.17988124405019645,1.2111935342747773,0.16099148511968947,0.06582146809409783,True,5,EMA_N150_th0_bL2_sL0,4
2013-02-14,2018-02-14,0.3419717090022789,1.2936145993253576,0.26678004549978823,0.20464938513871078,1.3436612292929488,0.16099148511968944,0.13732232386356813,True,5,EMA_N150_th0_bL2_sL0,4
2013-08-15,2018-08-15,0.3210684280580465,1.1583671557214232,0.26678004549978823,0.20216704290851872,1.261805089611185,0.16099148511968944,0.11890138514952775,True,5,EMA_N150_th0_bL2_sL0,4
2014-02-14,2019-02-15,0.17032943126907085,0.7329015020872227,0.32438697387593335,0.15121064236823267,0.9206151242882608,0.22791749370046596,0.01911878890083818,True,5,EMA_N150_th0_bL2_sL0,4
2014-08-15,2019-08-16,0.15152943334722324,0.6650849614547885,0.32438697387593335,0.1488124849422281,0.897405482362217,0.22791749370046596,0.0027169484049951453,True,5,EMA_N150_th0_bL2_sL0,4
2015-02-17,2020-02-18,0.21624181369623785,0.8678552973577535,0.32438697387593335,0.18133921961630683,1.0609295263496341,0.2279174937004659,0.034902594079931015,True,5,EMA_N150_th0_bL2_sL0,4
2015-08-17,2020-08-17,0.22189027032411768,0.8207393652134514,0.4104421643516565,0.20963943477127112,0.9886256839623289,0.2855937209891647,0.012250835552846562,True,5,EMA_N150_th0_bL2_sL0,4
2016-02-17,2021-02-17,0.3418387571906074,1.054607393017233,0.4104421643516564,0.2778894061903683,1.255332061693388,0.2855937209891647,0.06394935100023913,True,5,EMA_N150_th0_bL2_sL0,4
2016-08-16,2021-08-17,0.3807248447619864,1.1024198773886067,0.41044216435165637,0.2664237179764837,1.1756250022769401,0.2855937209891647,0.11430112678550275,True,5,EMA_N150_th0_bL2_sL0,4
2017-02-15,2022-02-15,0.33057134198296034,0.9912447009076063,0.41044216435165637,0.23411769184776166,1.0418036833780957,0.2855937209891647,0.09645365013519869,True,5,EMA_N150_th0_bL2_sL0,4
2017-08-16,2022-08-17,0.25578390010698726,0.8283153042894826,0.4104421643516564,0.18754459355718023,0.8160629335710836,0.3265435551234029,0.06823930654980703,True,5,EMA_N150_th0_bL2_sL0,4
2018-02-15,2023-02-16,0.18205327527052373,0.679209867010907,0.4104421643516564,0.1367801711049752,0.6347106746407631,0.3512252567482747,0.04527310416554853,True,5,EMA_N150_th0_bL2_sL0,4
2018-08-16,2023-08-18,0.20749107985594462,0.7259209102461734,0.4104421643516565,0.15594282153172112,0.6880363790988601,0.35122525674827476,0.051548258324223495,True,5,EMA_N150_th0_bL2_sL0,4
2019-02-19,2024-02-20,0.3548920115969685,1.0486163157218371,0.41044216435165637,0.20767132126109833,0.8749474409013982,0.35122525674827476,0.14722069033587015,True,5,EMA_N150_th0_bL2_sL0,4
2019-08-19,2024-08-20,0.3647879949069486,1.0752838190127454,0.41044216435165637,0.21399272672920255,0.9026404397223952,0.3512252567482747,0.15079526817774602,True,5,EMA_N150_th0_bL2_sL0,4
2020-02-19,2025-02-21,0.2852687225234585,0.8873628083628018,0.41044216435165637,0.18061131330497737,0.7826187584496881,0.35122525674827476,0.1046574092184811,True,5,EMA_N150_th0_bL2_sL0,4
2020-08-18,2025-08-22,0.2813799017846932,0.9285701683833425,0.3486124548638358,0.16251335331711525,0.7712506591474291,0.3512252567482747,0.11886654846757794,True,5,EMA_N150_th0_bL2_sL0,4
2021-02-18,2026-02-24,0.22075296515667642,0.7928255526011909,0.3486124548638358,0.1351520139808513,0.670213524455228,0.35122525674827476,0.08560095117582511,True,5,EMA_N150_th0_bL2_sL0,4
2010-02-12,2017-02-14,0.16203764481890048,0.7133171339211344,0.3785810769312049,0.1792807398818741,1.0513221219969282,0.16099148511968947,-0.017243095062973612,False,7,EMA_N150_th0_bL2_sL0,4
2010-08-13,2017-08-15,0.19934634424019193,0.8222828697106331,0.3785810769312049,0.19523141731841243,1.169320897924018,0.1609914851196894,0.004114926921779505,True,7,EMA_N150_th0_bL2_sL0,4
2011-02-11,2018-02-14,0.1714750143598216,0.7337271639246109,0.3785810769312048,0.17057065851856756,1.0522792467661675,0.16099148511968958,0.0009043558412540342,True,7,EMA_N150_th0_bL2_sL0,4
2011-08-12,2018-08-15,0.2342134796248989,0.9148074663599866,0.3286278559004343,0.2017722568632354,1.2397943067274484,0.16099148511968944,0.0324412227616635,True,7,EMA_N150_th0_bL2_sL0,4
2012-02-13,2019-02-15,0.18431580212346033,0.7810248394754878,0.3286278559004342,0.16715044568480208,1.0456586560870498,0.22791749370046593,0.01716535643865824,True,7,EMA_N150_th0_bL2_sL0,4
2012-08-13,2019-08-16,0.19808617606028767,0.8179698301185115,0.32438697387593324,0.16962140721513808,1.0541058589409626,0.22791749370046588,0.02846476884514959,True,7,EMA_N150_th0_bL2_sL0,4
2013-02-14,2020-02-18,0.2991652331956125,1.116124263586047,0.3243869738759333,0.20654175964817867,1.2464947402435391,0.227917493700466,0.09262347354743383,True,7,EMA_N150_th0_bL2_sL0,4
2013-08-15,2020-08-17,0.2786109107567605,0.9655535301057424,0.41044216435165637,0.21560500430275176,1.0729111186146636,0.2855937209891647,0.06300590645400872,True,7,EMA_N150_th0_bL2_sL0,4
2014-02-14,2021-02-17,0.28078380378079726,0.9488133579196263,0.4104421643516564,0.21850714402664528,1.0674763165268395,0.2855937209891647,0.062276659754151975,True,7,EMA_N150_th0_bL2_sL0,4
2014-08-15,2021-08-17,0.2833440231796631,0.9407923255325651,0.41044216435165637,0.2190493358006016,1.0584773026967476,0.28559372098916475,0.06429468737906152,True,7,EMA_N150_th0_bL2_sL0,4
2015-02-17,2022-02-15,0.2578023826394502,0.8703913554037283,0.4104421643516563,0.19757275075845704,0.9567650361274807,0.2855937209891647,0.06022963188099317,True,7,EMA_N150_th0_bL2_sL0,4
2015-08-17,2022-08-17,0.23102017055963642,0.8181622763596176,0.4104421643516565,0.17674476495963232,0.8341598085609537,0.32654355512340294,0.0542754056000041,True,7,EMA_N150_th0_bL2_sL0,4
2016-02-17,2023-02-16,0.24335890584221898,0.8451139008588925,0.4104421643516564,0.17714506684693143,0.8328212872119863,0.3512252567482747,0.06621383899528754,True,7,EMA_N150_th0_bL2_sL0,4
2016-08-16,2023-08-18,0.27736151095323414,0.9107603076656372,0.41044216435165637,0.1823230415935828,0.8315277762456018,0.3512252567482747,0.09503846935965132,True,7,EMA_N150_th0_bL2_sL0,4
2017-02-15,2024-02-20,0.2989749975981688,0.9617416016277914,0.41044216435165637,0.19518151367133507,0.8793738401662692,0.35122525674827476,0.10379348392683374,True,7,EMA_N150_th0_bL2_sL0,4
2017-08-16,2024-08-20,0.28361601340594067,0.9069125665982335,0.4104421643516564,0.19606965364661444,0.8705854289518034,0.35122525674827465,0.08754635975932623,True,7,EMA_N150_th0_bL2_sL0,4
2018-02-15,2025-02-21,0.25672986058650915,0.8515362857213976,0.4104421643516564,0.18779497776579723,0.8478150608953126,0.3512252567482747,0.06893488282071192,True,7,EMA_N150_th0_bL2_sL0,4
2018-08-16,2025-08-22,0.25352819201883636,0.8402456925236433,0.4104421643516565,0.187901873111729,0.8211603798568582,0.35122525674827476,0.06562631890710735,True,7,EMA_N150_th0_bL2_sL0,4
2019-02-19,2026-02-24,0.3176134074435928,0.9784028563571634,0.41044216435165637,0.20524887348105403,0.8961686685820285,0.35122525674827476,0.11236453396253876,True,7,EMA_N150_th0_bL2_sL0,4
2010-02-12,2020-02-18,0.20479524392470783,0.8339392229100644,0.3785810769312049,0.19511790149629338,1.123574334078953,0.22791749370046596,0.009677342428414448,True,10,EMA_N150_th0_bL2_sL0,4
2010-08-13,2020-08-17,0.2166869777465541,0.8192872677467258,0.4104421643516564,0.2118114635702144,1.0892805161550163,0.28559372098916475,0.00487551417633969,True,10,EMA_N150_th0_bL2_sL0,4
2011-02-11,2021-02-17,0.21215518949227508,0.7875790859525472,0.41044216435165637,0.2026783263054459,1.0371535975669444,0.2855937209891647,0.009476863186829165,True,10,EMA_N150_th0_bL2_sL0,4
2011-08-12,2021-08-17,0.2610918876438917,0.9075548152571062,0.4104421643516563,0.22412846436855705,1.1369894720561833,0.2855937209891648,0.03696342327533464,True,10,EMA_N150_th0_bL2_sL0,4
2012-02-13,2022-02-15,0.25884990153193344,0.9049118702043255,0.4104421643516564,0.20085453600993253,1.047637943601768,0.28559372098916475,0.05799536552200091,True,10,EMA_N150_th0_bL2_sL0,4
2012-08-13,2022-08-17,0.2510980200886903,0.8928138602257815,0.41044216435165637,0.18383283823846974,0.930375593384089,0.32654355512340294,0.06726518185022057,True,10,EMA_N150_th0_bL2_sL0,4
2013-02-14,2023-02-16,0.2638079590872633,0.926938700287545,0.41044216435165637,0.17230502501338285,0.8554162389184947,0.3512252567482747,0.09150293407388044,True,10,EMA_N150_th0_bL2_sL0,4
2013-08-15,2023-08-18,0.26358460948256823,0.9068450291333937,0.41044216435165637,0.17913900541681627,0.8697541463687982,0.35122525674827465,0.08444560406575197,True,10,EMA_N150_th0_bL2_sL0,4
2014-02-14,2024-02-20,0.2595299553958563,0.9038806220262177,0.4104421643516564,0.17925899550463487,0.8760363207085489,0.35122525674827465,0.08027095989122146,True,10,EMA_N150_th0_bL2_sL0,4
2014-08-15,2024-08-20,0.2572980906945779,0.889487988026276,0.41044216435165637,0.18274060997194574,0.8842458378568583,0.35122525674827465,0.07455748072263213,True,10,EMA_N150_th0_bL2_sL0,4
2015-02-17,2025-02-21,0.25249518966090423,0.8694610712593971,0.4104421643516563,0.18202476930405154,0.8764045545827229,0.35122525674827476,0.07047042035685269,True,10,EMA_N150_th0_bL2_sL0,4
2015-08-17,2025-08-22,0.25358982337737856,0.8760549563292442,0.4104421643516565,0.18689892831349764,0.8760261431268401,0.3512252567482747,0.06669089506388093,True,10,EMA_N150_th0_bL2_sL0,4
2016-02-17,2026-02-24,0.2785691418904752,0.9275579520720267,0.4104421643516564,0.20379132195264482,0.957331821411994,0.3512252567482747,0.07477781993783039,True,10,EMA_N150_th0_bL2_sL0,4
2010-02-12,2013-02-13,0.0014412712984925857,0.20421159422197685,0.5179228345091322,0.1692522948338273,0.8998142336764396,0.16092243186503496,-0.16781102353533472,False,3,EMA_N150_th0_bL3_sL0,5
2010-08-13,2013-08-14,0.12619958512144325,0.49337497849946643,0.5179228345091322,0.21018069548161078,1.1347584666971475,0.16092243186503502,-0.08398111036016753,False,3,EMA_N150_th0_bL3_sL0,5
2011-02-11,2014-02-13,0.0785317520998765,0.4082237228933307,0.5179228345091322,0.1660166202132931,0.9632809937247421,0.16092243186503496,-0.0874848681134166,False,3,EMA_N150_th0_bL3_sL0,5
2011-08-12,2014-08-14,0.3029930230502589,0.8504580018780163,0.45050922297508955,0.23440783827154754,1.4006952101671541,0.11637888959980666,0.06858518477871134,True,3,EMA_N150_th0_bL3_sL0,5
2012-02-13,2015-02-13,0.388430091449641,1.0337727449563443,0.4505092229750895,0.20846874672030702,1.436857783236581,0.11637888959980673,0.179961344729334,True,3,EMA_N150_th0_bL3_sL0,5
2012-08-13,2015-08-14,0.4408908456916949,1.1376924954359215,0.3766456327849473,0.1975009680441675,1.419011909176831,0.11637888959980656,0.2433898776475274,True,3,EMA_N150_th0_bL3_sL0,5
2013-02-14,2016-02-16,0.4725193536106318,1.1847754288938104,0.22075177215727515,0.152676390260007,0.9860967026702501,0.16099148511968944,0.3198429633506248,True,3,EMA_N150_th0_bL3_sL0,5
2013-08-15,2016-08-15,0.35065009407265313,0.9328862713636175,0.3752870587482696,0.1741613800274977,1.0484903843327693,0.16099148511968944,0.17648871404515543,True,3,EMA_N150_th0_bL3_sL0,5
2014-02-14,2017-02-14,0.24073297879833389,0.7675553283608968,0.3752870587482696,0.14090177667713055,0.9199800271368759,0.16099148511968947,0.09983120212120333,True,3,EMA_N150_th0_bL3_sL0,5
2014-08-15,2017-08-15,0.28679387196429396,0.8872306057642543,0.37528705874826956,0.15178075867197283,0.9982726438263714,0.16099148511968941,0.13501311329232113,True,3,EMA_N150_th0_bL3_sL0,5
2015-02-17,2018-02-14,0.33674704452474513,0.9832101658823245,0.3752870587482697,0.16176407874555898,1.0463360576337393,0.16099148511968944,0.17498296577918615,True,3,EMA_N150_th0_bL3_sL0,5
2015-08-17,2018-08-15,0.3665027460878194,1.0110508293059561,0.34086675142457945,0.18353014149945834,1.1298576348904072,0.16099148511968941,0.18297260458836107,True,3,EMA_N150_th0_bL3_sL0,5
2016-02-17,2019-02-15,0.2711464734099853,0.8110755846143175,0.44183029703670423,0.19989815086267715,1.2088513717514708,0.227917493700466,0.07124832254730817,True,3,EMA_N150_th0_bL3_sL0,5
2016-08-16,2019-08-16,0.2956362681985554,0.8206432224953235,0.4418302970367043,0.1766731465458229,1.024038301056187,0.22791749370046593,0.11896312165273248,True,3,EMA_N150_th0_bL3_sL0,5
2017-02-15,2020-02-18,0.45124872574781194,1.1029812790281182,0.44183029703670423,0.23079913270737062,1.2889502953917318,0.22791749370046593,0.22044959304044132,True,3,EMA_N150_th0_bL3_sL0,5
2017-08-16,2020-08-17,0.35399341165679976,0.8524779548914442,0.5533371284575348,0.25102274887615894,1.0264328240586256,0.28559372098916475,0.10297066278064082,True,3,EMA_N150_th0_bL3_sL0,5
2018-02-15,2021-02-17,0.4097804523411601,0.9250244129264376,0.5533371284575348,0.27359420115981825,1.082701725449277,0.2855937209891648,0.13618625118134187,True,3,EMA_N150_th0_bL3_sL0,5
2018-08-16,2021-08-17,0.45388055977929365,0.9532292488378222,0.5533371284575348,0.27690617343223045,1.0717849593969857,0.2855937209891647,0.1769743863470632,True,3,EMA_N150_th0_bL3_sL0,5
2019-02-19,2022-02-15,0.6543486821326334,1.1608303089502126,0.5533371284575348,0.28286062701752757,1.1142230393194639,0.28559372098916475,0.37148805511510585,True,3,EMA_N150_th0_bL3_sL0,5
2019-08-19,2022-08-17,0.5303524481059094,1.0705374061266877,0.5533371284575348,0.21156823783987866,0.8452604660236857,0.326543555123403,0.31878421026603077,True,3,EMA_N150_th0_bL3_sL0,5
2020-02-19,2023-02-16,0.22220511825270384,0.6616455796176824,0.5533371284575348,0.09283960407449054,0.45721451375578376,0.35122525674827476,0.1293655141782133,True,3,EMA_N150_th0_bL3_sL0,5
2020-08-18,2023-08-18,0.29916817200233425,0.798684080615681,0.4801358490269328,0.09492348441485876,0.5034759694315706,0.3512252567482747,0.2042446875874755,True,3,EMA_N150_th0_bL3_sL0,5
2021-02-18,2024-02-20,0.2940975881587322,0.7952816162259894,0.48013584902693274,0.09430077629917699,0.4934419499260951,0.35122525674827476,0.19979681185955522,True,3,EMA_N150_th0_bL3_sL0,5
2021-08-18,2024-08-20,0.2758880001947217,0.7527458585298874,0.4801358490269328,0.10592063137939833,0.530402272776276,0.3512252567482747,0.16996736881532337,True,3,EMA_N150_th0_bL3_sL0,5
2022-02-16,2025-02-21,0.3229293509248281,0.8513871153339319,0.3840015946935124,0.14685088353605757,0.7068096358087302,0.29566058149729774,0.17607846738877053,True,3,EMA_N150_th0_bL3_sL0,5
2022-08-18,2025-08-22,0.41897249746111553,0.9892046012621006,0.3840015946935124,0.21025654887169765,0.9771148087420922,0.22770816026569357,0.2087159485894179,True,3,EMA_N150_th0_bL3_sL0,5
2023-02-17,2026-02-24,0.5145496488484766,1.081467264856382,0.3840015946935124,0.27169895432515045,1.312151629571798,0.22770816026569357,0.2428506945233262,True,3,EMA_N150_th0_bL3_sL0,5
2010-02-12,2015-02-13,0.2791140110148931,0.8196779161358588,0.5179228345091322,0.20900221183679957,1.185686621041964,0.16092243186503496,0.07011179917809351,True,5,EMA_N150_th0_bL3_sL0,5
2010-08-13,2015-08-14,0.29951890162074024,0.8394365256496126,0.5179228345091322,0.21215948774264515,1.249993424311084,0.16092243186503502,0.0873594138780951,True,5,EMA_N150_th0_bL3_sL0,5
2011-02-11,2016-02-16,0.12346905689765109,0.49895109257259,0.5179228345091322,0.12699655480062333,0.7796896836222569,0.16099148511968958,-0.003527497902972243,False,5,EMA_N150_th0_bL3_sL0,5
2011-08-12,2016-08-15,0.21905990908011663,0.6965297824092335,0.45050922297508955,0.18474833768468146,1.1117975450740156,0.16099148511968944,0.03431157139543517,True,5,EMA_N150_th0_bL3_sL0,5
2012-02-13,2017-02-14,0.2737908687026023,0.8350786526748702,0.4505092229750895,0.1672795389755033,1.1099425100864924,0.16099148511968944,0.10651132972709898,True,5,EMA_N150_th0_bL3_sL0,5
2012-08-13,2017-08-15,0.3672779278605782,1.0363924663393584,0.3766456327849473,0.17988124405019645,1.2111935342747773,0.16099148511968947,0.18739668381038177,True,5,EMA_N150_th0_bL3_sL0,5
2013-02-14,2018-02-14,0.522433271360017,1.3045116225569533,0.37528705874826956,0.20464938513871078,1.3436612292929488,0.16099148511968944,0.31778388622130627,True,5,EMA_N150_th0_bL3_sL0,5
2013-08-15,2018-08-15,0.48161830548611806,1.1655871790396517,0.3752870587482696,0.20216704290851872,1.261805089611185,0.16099148511968944,0.27945126257759934,True,5,EMA_N150_th0_bL3_sL0,5
2014-02-14,2019-02-15,0.23908902608101545,0.7449742606255253,0.4418302970367043,0.15121064236823267,0.9206151242882608,0.22791749370046596,0.08787838371278278,True,5,EMA_N150_th0_bL3_sL0,5
2014-08-15,2019-08-16,0.2078007631551526,0.6791356032328014,0.4418302970367043,0.1488124849422281,0.897405482362217,0.22791749370046596,0.058988278212924516,True,5,EMA_N150_th0_bL3_sL0,5
2015-02-17,2020-02-18,0.31181273203820936,0.8840166202235814,0.4418302970367043,0.18133921961630683,1.0609295263496341,0.2279174937004659,0.13047351242190253,True,5,EMA_N150_th0_bL3_sL0,5
2015-08-17,2020-08-17,0.31219788727940245,0.8400873316257337,0.5533371284575348,0.20963943477127112,0.9886256839623289,0.2855937209891647,0.10255845250813134,True,5,EMA_N150_th0_bL3_sL0,5
2016-02-17,2021-02-17,0.4983979680527504,1.0713401500975415,0.5533371284575348,0.2778894061903683,1.255332061693388,0.2855937209891647,0.2205085618623821,True,5,EMA_N150_th0_bL3_sL0,5
2016-08-16,2021-08-17,0.5562970729023964,1.1166186524623962,0.5533371284575347,0.2664237179764837,1.1756250022769401,0.2855937209891647,0.2898733549259127,True,5,EMA_N150_th0_bL3_sL0,5
2017-02-15,2022-02-15,0.4691530478630541,1.0050902788611629,0.5533371284575347,0.23411769184776166,1.0418036833780957,0.2855937209891647,0.23503535601529246,True,5,EMA_N150_th0_bL3_sL0,5
2017-08-16,2022-08-17,0.3510310114796127,0.8443697353050331,0.5533371284575348,0.18754459355718023,0.8160629335710836,0.3265435551234029,0.16348641792243246,True,5,EMA_N150_th0_bL3_sL0,5
2018-02-15,2023-02-16,0.23763350743325895,0.6966021699582473,0.5533371284575348,0.1367801711049752,0.6347106746407631,0.3512252567482747,0.10085333632828375,True,5,EMA_N150_th0_bL3_sL0,5
2018-08-16,2023-08-18,0.27809250710519784,0.7443757866777536,0.5533371284575348,0.15594282153172112,0.6880363790988601,0.35122525674827476,0.12214968557347672,True,5,EMA_N150_th0_bL3_sL0,5
2019-02-19,2024-02-20,0.50865260956904,1.059352495675351,0.5533371284575348,0.20767132126109833,0.8749474409013982,0.35122525674827476,0.3009812883079417,True,5,EMA_N150_th0_bL3_sL0,5
2019-08-19,2024-08-20,0.5189755481374625,1.0800919466622714,0.5533371284575348,0.21399272672920255,0.9026404397223952,0.3512252567482747,0.30498282140825994,True,5,EMA_N150_th0_bL3_sL0,5
2020-02-19,2025-02-21,0.381901664313685,0.8856482896517783,0.5533371284575348,0.18061131330497737,0.7826187584496881,0.35122525674827476,0.20129035100870762,True,5,EMA_N150_th0_bL3_sL0,5
2020-08-18,2025-08-22,0.3833662633071744,0.9202336506814935,0.4801358490269328,0.16251335331711525,0.7712506591474291,0.3512252567482747,0.22085290999005913,True,5,EMA_N150_th0_bL3_sL0,5
2021-02-18,2026-02-24,0.2898653056578784,0.7781153768824746,0.48013584902693274,0.1351520139808513,0.670213524455228,0.35122525674827476,0.15471329167702708,True,5,EMA_N150_th0_bL3_sL0,5
2010-02-12,2017-02-14,0.23130023787916953,0.7342947018535647,0.5179228345091322,0.1792807398818741,1.0513221219969282,0.16099148511968947,0.05201949799729544,True,7,EMA_N150_th0_bL3_sL0,5
2010-08-13,2017-08-15,0.28925869582650554,0.8427667420017472,0.5179228345091322,0.19523141731841243,1.169320897924018,0.1609914851196894,0.09402727850809312,True,7,EMA_N150_th0_bL3_sL0,5
2011-02-11,2018-02-14,0.24305431847879455,0.7528713884282257,0.5179228345091322,0.17057065851856756,1.0522792467661675,0.16099148511968958,0.07248365996022699,True,7,EMA_N150_th0_bL3_sL0,5
2011-08-12,2018-08-15,0.3410802056107203,0.9292537232214158,0.45050922297508955,0.2017722568632354,1.2397943067274484,0.16099148511968944,0.13930794874748487,True,7,EMA_N150_th0_bL3_sL0,5
2012-02-13,2019-02-15,0.2630550387621806,0.7987556463741856,0.4505092229750895,0.16715044568480208,1.0456586560870498,0.22791749370046593,0.09590459307737853,True,7,EMA_N150_th0_bL3_sL0,5
2012-08-13,2019-08-16,0.2843293637485753,0.834803486690422,0.44183029703670423,0.16962140721513808,1.0541058589409626,0.22791749370046588,0.11470795653343724,True,7,EMA_N150_th0_bL3_sL0,5
2013-02-14,2020-02-18,0.4472705323101669,1.13011822421871,0.4418302970367043,0.20654175964817867,1.2464947402435391,0.227917493700466,0.24072877266198822,True,7,EMA_N150_th0_bL3_sL0,5
2013-08-15,2020-08-17,0.40643004617914014,0.9825789332748583,0.5533371284575347,0.21560500430275176,1.0729111186146636,0.2855937209891647,0.19082504187638838,True,7,EMA_N150_th0_bL3_sL0,5
2014-02-14,2021-02-17,0.4037337488630426,0.9637594986379112,0.5533371284575347,0.21850714402664528,1.0674763165268395,0.2855937209891647,0.1852266048363973,True,7,EMA_N150_th0_bL3_sL0,5
2014-08-15,2021-08-17,0.404630188626657,0.9559918451419056,0.5533371284575348,0.2190493358006016,1.0584773026967476,0.28559372098916475,0.1855808528260554,True,7,EMA_N150_th0_bL3_sL0,5
2015-02-17,2022-02-15,0.36212223795755616,0.885824335213348,0.5533371284575348,0.19757275075845704,0.9567650361274807,0.2855937209891647,0.16454948719909912,True,7,EMA_N150_th0_bL3_sL0,5
2015-08-17,2022-08-17,0.3219434467780997,0.8357653227371518,0.5533371284575348,0.17674476495963232,0.8341598085609537,0.32654355512340294,0.1451986818184674,True,7,EMA_N150_th0_bL3_sL0,5
2016-02-17,2023-02-16,0.341738797632271,0.8621345714312721,0.5533371284575348,0.17714506684693143,0.8328212872119863,0.3512252567482747,0.16459373078533956,True,7,EMA_N150_th0_bL3_sL0,5
2016-08-16,2023-08-18,0.39211129970569525,0.9243631791151073,0.5533371284575347,0.1823230415935828,0.8315277762456018,0.3512252567482747,0.20978825811211244,True,7,EMA_N150_th0_bL3_sL0,5
2017-02-15,2024-02-20,0.42303272169280715,0.9715780587498085,0.5533371284575347,0.19518151367133507,0.8793738401662692,0.35122525674827476,0.22785120802147207,True,7,EMA_N150_th0_bL3_sL0,5
2017-08-16,2024-08-20,0.3925937969127018,0.912872831486383,0.5533371284575348,0.19606965364661444,0.8705854289518034,0.35122525674827465,0.19652414326608736,True,7,EMA_N150_th0_bL3_sL0,5
2018-02-15,2025-02-21,0.3462353874939619,0.8546060012263585,0.5533371284575348,0.18779497776579723,0.8478150608953126,0.3512252567482747,0.15844040972816464,True,7,EMA_N150_th0_bL3_sL0,5
2018-08-16,2025-08-22,0.3429762591641925,0.8439409822697108,0.5533371284575348,0.187901873111729,0.8211603798568582,0.35122525674827476,0.1550743860524635,True,7,EMA_N150_th0_bL3_sL0,5
2019-02-19,2026-02-24,0.44054746173295567,0.9761647449958762,0.5533371284575348,0.20524887348105403,0.8961686685820285,0.35122525674827476,0.23529858825190164,True,7,EMA_N150_th0_bL3_sL0,5
2010-02-12,2020-02-18,0.2955783422795528,0.8519061766719835,0.5179228345091322,0.19511790149629338,1.123574334078953,0.22791749370046596,0.10046044078325944,True,10,EMA_N150_th0_bL3_sL0,5
2010-08-13,2020-08-17,0.30887772492655796,0.8389200594859217,0.5533371284575348,0.2118114635702144,1.0892805161550163,0.28559372098916475,0.09706626135634355,True,10,EMA_N150_th0_bL3_sL0,5
2011-02-11,2021-02-17,0.2973263793524825,0.8062634856024944,0.5533371284575348,0.2026783263054459,1.0371535975669444,0.2855937209891647,0.0946480530470366,True,10,EMA_N150_th0_bL3_sL0,5
2011-08-12,2021-08-17,0.37503361791391043,0.9254412353859457,0.5533371284575347,0.22412846436855705,1.1369894720561833,0.2855937209891648,0.1509051535453534,True,10,EMA_N150_th0_bL3_sL0,5
2012-02-13,2022-02-15,0.3701579062498066,0.9221472252296637,0.5533371284575348,0.20085453600993253,1.047637943601768,0.28559372098916475,0.16930337023987407,True,10,EMA_N150_th0_bL3_sL0,5
2012-08-13,2022-08-17,0.3596713188500078,0.9106227471711578,0.5533371284575348,0.18383283823846974,0.930375593384089,0.32654355512340294,0.17583848061153806,True,10,EMA_N150_th0_bL3_sL0,5
2013-02-14,2023-02-16,0.37950723107091,0.9430919439675802,0.5533371284575347,0.17230502501338285,0.8554162389184947,0.3512252567482747,0.20720220605752715,True,10,EMA_N150_th0_bL3_sL0,5
2013-08-15,2023-08-18,0.37718088228755553,0.9216507379268202,0.5533371284575347,0.17913900541681627,0.8697541463687982,0.35122525674827465,0.19804187687073926,True,10,EMA_N150_th0_bL3_sL0,5
2014-02-14,2024-02-20,0.3678916447393028,0.9149747035483239,0.5533371284575347,0.17925899550463487,0.8760363207085489,0.35122525674827465,0.18863264923466794,True,10,EMA_N150_th0_bL3_sL0,5
2014-08-15,2024-08-20,0.36052971999795447,0.8980558877955014,0.5533371284575348,0.18274060997194574,0.8842458378568583,0.35122525674827465,0.17778911002600872,True,10,EMA_N150_th0_bL3_sL0,5
2015-02-17,2025-02-21,0.35008930161822316,0.8754704403341627,0.5533371284575348,0.18202476930405154,0.8764045545827229,0.35122525674827476,0.16806453231417162,True,10,EMA_N150_th0_bL3_sL0,5
2015-08-17,2025-08-22,0.3510604014808605,0.8810359860330658,0.5533371284575348,0.18689892831349764,0.8760261431268401,0.3512252567482747,0.16416147316736285,True,10,EMA_N150_th0_bL3_sL0,5
2016-02-17,2026-02-24,0.3881611649397603,0.9291886527106863,0.5533371284575348,0.20379132195264482,0.957331821411994,0.3512252567482747,0.18436984298711545,True,10,EMA_N150_th0_bL3_sL0,5
2010-02-12,2013-02-13,0.1731651397104017,0.5849139302556341,0.5627906426063642,0.1692522948338273,0.8998142336764396,0.16092243186503496,0.003912844876574395,True,3,EMA_N150_th5_bL3_sL0,6
2010-08-13,2013-08-14,0.3193166004709118,0.83072744134306,0.5627906426063642,0.21018069548161078,1.1347584666971475,0.16092243186503502,0.10913590498930104,True,3,EMA_N150_th5_bL3_sL0,6
2011-02-11,2014-02-13,0.26347484360590023,0.7503707731751543,0.5627906426063642,0.1660166202132931,0.9632809937247421,0.16092243186503496,0.09745822339260712,True,3,EMA_N150_th5_bL3_sL0,6
2011-08-12,2014-08-14,0.6017357421661536,1.3070060693396925,0.31938365004062896,0.23440783827154754,1.4006952101671541,0.11637888959980666,0.367327903894606,True,3,EMA_N150_th5_bL3_sL0,6
2012-02-13,2015-02-13,0.6391921003489294,1.4049622543693143,0.3193836500406289,0.20846874672030702,1.436857783236581,0.11637888959980673,0.43072335362862235,True,3,EMA_N150_th5_bL3_sL0,6
2012-08-13,2015-08-14,0.6014630693699694,1.38226404714935,0.3189496935509193,0.1975009680441675,1.419011909176831,0.11637888959980656,0.4039621013258019,True,3,EMA_N150_th5_bL3_sL0,6
2013-02-14,2016-02-16,0.2618013605664855,0.7739576644922682,0.5416658196652874,0.152676390260007,0.9860967026702501,0.16099148511968944,0.1091249703064785,True,3,EMA_N150_th5_bL3_sL0,6
2013-08-15,2016-08-15,0.18234115133841522,0.5875513063373297,0.5450752278308597,0.1741613800274977,1.0484903843327693,0.16099148511968944,0.008179771310917516,True,3,EMA_N150_th5_bL3_sL0,6
2014-02-14,2017-02-14,0.08612116868297792,0.41324986114045803,0.5450752278308597,0.14090177667713055,0.9199800271368759,0.16099148511968947,-0.05478060799415263,False,3,EMA_N150_th5_bL3_sL0,6
2014-08-15,2017-08-15,0.11700473306391035,0.5014509336036573,0.5450752278308597,0.15178075867197283,0.9982726438263714,0.16099148511968941,-0.03477602560806248,False,3,EMA_N150_th5_bL3_sL0,6
2015-02-17,2018-02-14,0.14187760752575507,0.5541452296845355,0.5450752278308597,0.16176407874555898,1.0463360576337393,0.16099148511968944,-0.019886471219803914,False,3,EMA_N150_th5_bL3_sL0,6
2015-08-17,2018-08-15,0.1904391795748075,0.6648693171627857,0.5108253256444437,0.18353014149945834,1.1298576348904072,0.16099148511968941,0.00690903807534915,True,3,EMA_N150_th5_bL3_sL0,6
2016-02-17,2019-02-15,0.3752576526673861,1.03552207022128,0.3262535172412936,0.19989815086267715,1.2088513717514708,0.227917493700466,0.17535950180470894,True,3,EMA_N150_th5_bL3_sL0,6
2016-08-16,2019-08-16,0.371245211717522,0.9474846965108844,0.4165150084040154,0.1766731465458229,1.024038301056187,0.22791749370046593,0.19457206517169912,True,3,EMA_N150_th5_bL3_sL0,6
2017-02-15,2020-02-18,0.5579959407784838,1.2546827092583857,0.4165150084040154,0.23079913270737062,1.2889502953917318,0.22791749370046593,0.3271968080711132,True,3,EMA_N150_th5_bL3_sL0,6
2017-08-16,2020-08-17,0.44885577415540623,0.9771250278135577,0.5353482066226307,0.25102274887615894,1.0264328240586256,0.28559372098916475,0.1978330252792473,True,3,EMA_N150_th5_bL3_sL0,6
2018-02-15,2021-02-17,0.5085513201770635,1.039451671888346,0.5353482066226306,0.27359420115981825,1.082701725449277,0.2855937209891648,0.23495711901724525,True,3,EMA_N150_th5_bL3_sL0,6
2018-08-16,2021-08-17,0.5254955849865655,1.0330351423942556,0.5353482066226307,0.27690617343223045,1.0717849593969857,0.2855937209891647,0.248589411554335,True,3,EMA_N150_th5_bL3_sL0,6
2019-02-19,2022-02-15,0.5862929355964535,1.0816427134530344,0.5353482066226307,0.28286062701752757,1.1142230393194639,0.28559372098916475,0.3034323085789259,True,3,EMA_N150_th5_bL3_sL0,6
2019-08-19,2022-08-17,0.519657329072539,1.0613348253270485,0.5353482066226307,0.21156823783987866,0.8452604660236857,0.326543555123403,0.3080890912326604,True,3,EMA_N150_th5_bL3_sL0,6
2020-02-19,2023-02-16,0.18657487971905828,0.6098176978348415,0.5353482066226307,0.09283960407449054,0.45721451375578376,0.35122525674827476,0.09373527564456774,True,3,EMA_N150_th5_bL3_sL0,6
2020-08-18,2023-08-18,0.3157611321252831,0.834325628590575,0.5050289309544791,0.09492348441485876,0.5034759694315706,0.3512252567482747,0.22083764771042436,True,3,EMA_N150_th5_bL3_sL0,6
2021-02-18,2024-02-20,0.3120734045184217,0.8393317081385882,0.505028930954479,0.09430077629917699,0.4934419499260951,0.35122525674827476,0.2177726282192447,True,3,EMA_N150_th5_bL3_sL0,6
2021-08-18,2024-08-20,0.32975260065146617,0.8567261055614368,0.505028930954479,0.10592063137939833,0.530402272776276,0.3512252567482747,0.22383196927206783,True,3,EMA_N150_th5_bL3_sL0,6
2022-02-16,2025-02-21,0.47511190036378426,1.1161229443479332,0.3737195337341221,0.14685088353605757,0.7068096358087302,0.29566058149729774,0.3282610168277267,True,3,EMA_N150_th5_bL3_sL0,6
2022-08-18,2025-08-22,0.4417584526425875,1.0251265607091666,0.3848884296889563,0.21025654887169765,0.9771148087420922,0.22770816026569357,0.23150190377088986,True,3,EMA_N150_th5_bL3_sL0,6
2023-02-17,2026-02-24,0.5482619371933908,1.1195334620958337,0.3848884296889563,0.27169895432515045,1.312151629571798,0.22770816026569357,0.2765629828682403,True,3,EMA_N150_th5_bL3_sL0,6
2010-02-12,2015-02-13,0.4272564582792655,1.0543118028571357,0.5627906426063642,0.20900221183679957,1.185686621041964,0.16092243186503496,0.21825424644246594,True,5,EMA_N150_th5_bL3_sL0,6
2010-08-13,2015-08-14,0.4500245709313737,1.0657293984972085,0.5627906426063642,0.21215948774264515,1.249993424311084,0.16092243186503502,0.23786508318872857,True,5,EMA_N150_th5_bL3_sL0,6
2011-02-11,2016-02-16,0.12605284749345458,0.5003661274815406,0.5627906426063642,0.12699655480062333,0.7796896836222569,0.16099148511968958,-0.0009437073071687507,False,5,EMA_N150_th5_bL3_sL0,6
2011-08-12,2016-08-15,0.26745624226500175,0.7825944076024162,0.5450752278308597,0.18474833768468146,1.1117975450740156,0.16099148511968944,0.08270790458032029,True,5,EMA_N150_th5_bL3_sL0,6
2012-02-13,2017-02-14,0.28027321197538635,0.8395655148281732,0.5450752278308596,0.1672795389755033,1.1099425100864924,0.16099148511968944,0.11299367299988305,True,5,EMA_N150_th5_bL3_sL0,6
2012-08-13,2017-08-15,0.3253716212120019,0.9456730732459032,0.5450752278308597,0.17988124405019645,1.2111935342747773,0.16099148511968947,0.14549037716180546,True,5,EMA_N150_th5_bL3_sL0,6
2013-02-14,2018-02-14,0.4056480732796408,1.0952984257863811,0.5450752278308596,0.20464938513871078,1.3436612292929488,0.16099148511968944,0.20099868814093003,True,5,EMA_N150_th5_bL3_sL0,6
2013-08-15,2018-08-15,0.384164762269146,0.9957741186731005,0.5450752278308597,0.20216704290851872,1.261805089611185,0.16099148511968944,0.18199771936062725,True,5,EMA_N150_th5_bL3_sL0,6
2014-02-14,2019-02-15,0.18408813539100688,0.629015701473955,0.5450752278308597,0.15121064236823267,0.9206151242882608,0.22791749370046596,0.03287749302277421,True,5,EMA_N150_th5_bL3_sL0,6
2014-08-15,2019-08-16,0.14792584147494292,0.5524346498888265,0.5450752278308597,0.1488124849422281,0.897405482362217,0.22791749370046596,-0.0008866434672851753,False,5,EMA_N150_th5_bL3_sL0,6
2015-02-17,2020-02-18,0.2454338515767076,0.7519013046662267,0.5450752278308597,0.18133921961630683,1.0609295263496341,0.2279174937004659,0.06409463196040077,True,5,EMA_N150_th5_bL3_sL0,6
2015-08-17,2020-08-17,0.24336629056937942,0.720657304607004,0.5353482066226306,0.20963943477127112,0.9886256839623289,0.2855937209891647,0.0337268557981083,True,5,EMA_N150_th5_bL3_sL0,6
2016-02-17,2021-02-17,0.5806002019798646,1.187121554056053,0.5353482066226307,0.2778894061903683,1.255332061693388,0.2855937209891647,0.30271079578949633,True,5,EMA_N150_th5_bL3_sL0,6
2016-08-16,2021-08-17,0.6207958649389276,1.1905603104501792,0.5353482066226307,0.2664237179764837,1.1756250022769401,0.2855937209891647,0.3543721469624439,True,5,EMA_N150_th5_bL3_sL0,6
2017-02-15,2022-02-15,0.48098318141943985,1.0150161728547864,0.5353482066226306,0.23411769184776166,1.0418036833780957,0.2855937209891647,0.2468654895716782,True,5,EMA_N150_th5_bL3_sL0,6
2017-08-16,2022-08-17,0.39190693933704934,0.9006600635574475,0.5353482066226307,0.18754459355718023,0.8160629335710836,0.3265435551234029,0.20436234577986911,True,5,EMA_N150_th5_bL3_sL0,6
2018-02-15,2023-02-16,0.2687371630443529,0.7473047645456903,0.5353482066226306,0.1367801711049752,0.6347106746407631,0.3512252567482747,0.1319569919393777,True,5,EMA_N150_th5_bL3_sL0,6
2018-08-16,2023-08-18,0.32553209237950087,0.8184913896550836,0.5353482066226307,0.15594282153172112,0.6880363790988601,0.35122525674827476,0.16958927084777975,True,5,EMA_N150_th5_bL3_sL0,6
2019-02-19,2024-02-20,0.5324783275920926,1.0936389829830189,0.5353482066226307,0.20767132126109833,0.8749474409013982,0.35122525674827476,0.32480700633099424,True,5,EMA_N150_th5_bL3_sL0,6
2019-08-19,2024-08-20,0.5674167493423432,1.145480896245178,0.5353482066226307,0.21399272672920255,0.9026404397223952,0.3512252567482747,0.35342402261314065,True,5,EMA_N150_th5_bL3_sL0,6
2020-02-19,2025-02-21,0.4250604979830219,0.9465141904384718,0.5353482066226307,0.18061131330497737,0.7826187584496881,0.35122525674827476,0.24444918467804455,True,5,EMA_N150_th5_bL3_sL0,6
2020-08-18,2025-08-22,0.3797947206760486,0.9203817634991204,0.5050289309544791,0.16251335331711525,0.7712506591474291,0.3512252567482747,0.21728136735893333,True,5,EMA_N150_th5_bL3_sL0,6
2021-02-18,2026-02-24,0.286535161610159,0.7771460197506905,0.505028930954479,0.1351520139808513,0.670213524455228,0.35122525674827476,0.1513831476293077,True,5,EMA_N150_th5_bL3_sL0,6
2010-02-12,2017-02-14,0.24464716747687953,0.746870261447986,0.5627906426063642,0.1792807398818741,1.0513221219969282,0.16099148511968947,0.06536642759500544,True,7,EMA_N150_th5_bL3_sL0,6
2010-08-13,2017-08-15,0.3032338779283712,0.851269579574256,0.5627906426063642,0.19523141731841243,1.169320897924018,0.1609914851196894,0.10800246060995877,True,7,EMA_N150_th5_bL3_sL0,6
2011-02-11,2018-02-14,0.25652865882607023,0.7653864870337,0.5627906426063642,0.17057065851856756,1.0522792467661675,0.16099148511968958,0.08595800030750267,True,7,EMA_N150_th5_bL3_sL0,6
2011-08-12,2018-08-15,0.3905304417253841,1.0060438458480514,0.5450752278308597,0.2017722568632354,1.2397943067274484,0.16099148511968944,0.18875818486214868,True,7,EMA_N150_th5_bL3_sL0,6
2012-02-13,2019-02-15,0.2991756187340959,0.8610568249109553,0.5450752278308596,0.16715044568480208,1.0456586560870498,0.22791749370046593,0.13202517304929384,True,7,EMA_N150_th5_bL3_sL0,6
2012-08-13,2019-08-16,0.28697667780489056,0.8334606778775782,0.5450752278308597,0.16962140721513808,1.0541058589409626,0.22791749370046588,0.11735527058975248,True,7,EMA_N150_th5_bL3_sL0,6
2013-02-14,2020-02-18,0.40928069007030654,1.0589415578046166,0.5450752278308596,0.20654175964817867,1.2464947402435391,0.227917493700466,0.20273893042212787,True,7,EMA_N150_th5_bL3_sL0,6
2013-08-15,2020-08-17,0.3676015266038808,0.9164306216448727,0.5450752278308597,0.21560500430275176,1.0729111186146636,0.2855937209891647,0.15199652230112903,True,7,EMA_N150_th5_bL3_sL0,6
2014-02-14,2021-02-17,0.36497966827847717,0.9019891749833009,0.5450752278308597,0.21850714402664528,1.0674763165268395,0.2855937209891647,0.14647252425183188,True,7,EMA_N150_th5_bL3_sL0,6
2014-08-15,2021-08-17,0.3609389901053801,0.8884815174199671,0.5450752278308597,0.2190493358006016,1.0584773026967476,0.28559372098916475,0.1418896543047785,True,7,EMA_N150_th5_bL3_sL0,6
2015-02-17,2022-02-15,0.28055611100920985,0.7566929701675426,0.5450752278308597,0.19757275075845704,0.9567650361274807,0.2855937209891647,0.08298336025075281,True,7,EMA_N150_th5_bL3_sL0,6
2015-08-17,2022-08-17,0.2622701096900304,0.7393199612598594,0.5353482066226306,0.17674476495963232,0.8341598085609537,0.32654355512340294,0.08552534473039808,True,7,EMA_N150_th5_bL3_sL0,6
2016-02-17,2023-02-16,0.37827471102182186,0.9295431817630434,0.5353482066226307,0.17714506684693143,0.8328212872119863,0.3512252567482747,0.20112964417489043,True,7,EMA_N150_th5_bL3_sL0,6
2016-08-16,2023-08-18,0.4408822016977607,0.9986414090443065,0.5353482066226307,0.1823230415935828,0.8315277762456018,0.3512252567482747,0.2585591601041779,True,7,EMA_N150_th5_bL3_sL0,6
2017-02-15,2024-02-20,0.473583387114229,1.0450682125484172,0.5353482066226306,0.19518151367133507,0.8793738401662692,0.35122525674827476,0.2784018734428939,True,7,EMA_N150_th5_bL3_sL0,6
2017-08-16,2024-08-20,0.45918112665585875,1.0060615949284102,0.5353482066226307,0.19606965364661444,0.8705854289518034,0.35122525674827465,0.2631114730092443,True,7,EMA_N150_th5_bL3_sL0,6
2018-02-15,2025-02-21,0.4185983484187292,0.957468077974284,0.5353482066226306,0.18779497776579723,0.8478150608953126,0.3512252567482747,0.230803370652932,True,7,EMA_N150_th5_bL3_sL0,6
2018-08-16,2025-08-22,0.368388276291165,0.8823587173785606,0.5353482066226307,0.187901873111729,0.8211603798568582,0.35122525674827476,0.18048640317943598,True,7,EMA_N150_th5_bL3_sL0,6
2019-02-19,2026-02-24,0.4455057632355022,0.9842315738450188,0.5353482066226307,0.20524887348105403,0.8961686685820285,0.35122525674827476,0.24025688975444814,True,7,EMA_N150_th5_bL3_sL0,6
2010-02-12,2020-02-18,0.333458491716607,0.9066459109202222,0.5627906426063642,0.19511790149629338,1.123574334078953,0.22791749370046596,0.13834059022031364,True,10,EMA_N150_th5_bL3_sL0,6
2010-08-13,2020-08-17,0.3458310148566852,0.8896443272728464,0.5627906426063642,0.2118114635702144,1.0892805161550163,0.28559372098916475,0.1340195512864708,True,10,EMA_N150_th5_bL3_sL0,6
2011-02-11,2021-02-17,0.33395354239241026,0.856720794677188,0.5627906426063642,0.2026783263054459,1.0371535975669444,0.2855937209891647,0.13127521608696435,True,10,EMA_N150_th5_bL3_sL0,6
2011-08-12,2021-08-17,0.43079802557721236,1.0031498921604642,0.5450752278308597,0.22412846436855705,1.1369894720561833,0.2855937209891648,0.20666956120865532,True,10,EMA_N150_th5_bL3_sL0,6
2012-02-13,2022-02-15,0.3791557004130228,0.9299230804488321,0.5450752278308596,0.20085453600993253,1.047637943601768,0.28559372098916475,0.1783011644030903,True,10,EMA_N150_th5_bL3_sL0,6
2012-08-13,2022-08-17,0.35877304775353847,0.9068811606306444,0.5450752278308597,0.18383283823846974,0.930375593384089,0.32654355512340294,0.17494020951506872,True,10,EMA_N150_th5_bL3_sL0,6
2013-02-14,2023-02-16,0.3421086962642892,0.8854260743062444,0.5450752278308596,0.17230502501338285,0.8554162389184947,0.3512252567482747,0.16980367125090634,True,10,EMA_N150_th5_bL3_sL0,6
2013-08-15,2023-08-18,0.3556057885826829,0.889824674028062,0.5450752278308597,0.17913900541681627,0.8697541463687982,0.35122525674827465,0.17646678316586661,True,10,EMA_N150_th5_bL3_sL0,6
2014-02-14,2024-02-20,0.3469076517914609,0.8835945418189921,0.5450752278308597,0.17925899550463487,0.8760363207085489,0.35122525674827465,0.16764865628682601,True,10,EMA_N150_th5_bL3_sL0,6
2014-08-15,2024-08-20,0.3473667528282236,0.8784762808262188,0.5450752278308597,0.18274060997194574,0.8842458378568583,0.35122525674827465,0.16462614285627786,True,10,EMA_N150_th5_bL3_sL0,6
2015-02-17,2025-02-21,0.3358780502435459,0.8544291209991977,0.5450752278308597,0.18202476930405154,0.8764045545827229,0.35122525674827476,0.15385328093949435,True,10,EMA_N150_th5_bL3_sL0,6
2015-08-17,2025-08-22,0.3134639567576696,0.8230410789025926,0.5353482066226306,0.18689892831349764,0.8760261431268401,0.3512252567482747,0.12656502844417195,True,10,EMA_N150_th5_bL3_sL0,6
2016-02-17,2026-02-24,0.4238740907603822,0.9886921441669406,0.5353482066226307,0.20379132195264482,0.957331821411994,0.3512252567482747,0.22008276880773736,True,10,EMA_N150_th5_bL3_sL0,6
2010-02-12,2013-02-13,0.036694727259492854,0.2691944481211679,0.40706763396509066,0.1692522948338273,0.8998142336764396,0.16092243186503496,-0.13255756757433446,False,3,SMA_N150_th2_bL2_sL0,7
2010-08-13,2013-08-14,0.12405856477080146,0.5615035245253189,0.40706763396509066,0.21018069548161078,1.1347584666971475,0.16092243186503502,-0.08612213071080932,False,3,SMA_N150_th2_bL2_sL0,7
2011-02-11,2014-02-13,0.09171581905671577,0.47064410635767184,0.40706763396509055,0.1660166202132931,0.9632809937247421,0.16092243186503496,-0.07430080115657733,False,3,SMA_N150_th2_bL2_sL0,7
2011-08-12,2014-08-14,0.26772987012133287,1.0220529980165955,0.23827582499571012,0.23440783827154754,1.4006952101671541,0.11637888959980666,0.03332203184978533,True,3,SMA_N150_th2_bL2_sL0,7
2012-02-13,2015-02-13,0.3560067996943792,1.27905714708184,0.22257001649568695,0.20846874672030702,1.436857783236581,0.11637888959980673,0.1475380529740722,True,3,SMA_N150_th2_bL2_sL0,7
2012-08-13,2015-08-14,0.33288102859220214,1.2510265969733783,0.21898722660876369,0.1975009680441675,1.419011909176831,0.11637888959980656,0.13538006054803464,True,3,SMA_N150_th2_bL2_sL0,7
2013-02-14,2016-02-16,0.26808297086934396,1.0209843441117723,0.27033178936292407,0.152676390260007,0.9860967026702501,0.16099148511968944,0.11540658060933695,True,3,SMA_N150_th2_bL2_sL0,7
2013-08-15,2016-08-15,0.15952971075063704,0.65630177086957,0.39449281233829614,0.1741613800274977,1.0484903843327693,0.16099148511968944,-0.01463166927686066,False,3,SMA_N150_th2_bL2_sL0,7
2014-02-14,2017-02-14,0.09486322702087402,0.49008299895333113,0.3944928123382961,0.14090177667713055,0.9199800271368759,0.16099148511968947,-0.04603854965625653,False,3,SMA_N150_th2_bL2_sL0,7
2014-08-15,2017-08-15,0.1151438817456476,0.5757686970643369,0.39449281233829614,0.15178075867197283,0.9982726438263714,0.16099148511968941,-0.036636876926325224,False,3,SMA_N150_th2_bL2_sL0,7
2015-02-17,2018-02-14,0.1323384751806409,0.6298257823011236,0.39449281233829614,0.16176407874555898,1.0463360576337393,0.16099148511968944,-0.02942560356491808,False,3,SMA_N150_th2_bL2_sL0,7
2015-08-17,2018-08-15,0.16886389674428792,0.7387141845833123,0.36467471501812065,0.18353014149945834,1.1298576348904072,0.16099148511968941,-0.014666244755170421,False,3,SMA_N150_th2_bL2_sL0,7
2016-02-17,2019-02-15,0.17054671205118077,0.7378036246075809,0.29020998953884114,0.19989815086267715,1.2088513717514708,0.227917493700466,-0.029351438811496378,False,3,SMA_N150_th2_bL2_sL0,7
2016-08-16,2019-08-16,0.23754181980118982,0.8860302827945743,0.33379208561792134,0.1766731465458229,1.024038301056187,0.22791749370046593,0.060868673255366934,True,3,SMA_N150_th2_bL2_sL0,7
2017-02-15,2020-02-18,0.3500504133085123,1.1980690174611681,0.3337920856179213,0.23079913270737062,1.2889502953917318,0.22791749370046593,0.11925128060114165,True,3,SMA_N150_th2_bL2_sL0,7
2017-08-16,2020-08-17,0.2979321011182303,0.923213244477699,0.39083209836058336,0.25102274887615894,1.0264328240586256,0.28559372098916475,0.04690935224207138,True,3,SMA_N150_th2_bL2_sL0,7
2018-02-15,2021-02-17,0.34009116863747724,0.9878502561680348,0.39083209836058336,0.27359420115981825,1.082701725449277,0.2855937209891648,0.06649696747765899,True,3,SMA_N150_th2_bL2_sL0,7
2018-08-16,2021-08-17,0.3497494753974022,0.977621903741014,0.3908320983605834,0.27690617343223045,1.0717849593969857,0.2855937209891647,0.07284330196517175,True,3,SMA_N150_th2_bL2_sL0,7
2019-02-19,2022-02-15,0.4696898650043124,1.168559516105345,0.39083209836058336,0.28286062701752757,1.1142230393194639,0.28559372098916475,0.18682923798678486,True,3,SMA_N150_th2_bL2_sL0,7
2019-08-19,2022-08-17,0.3946265211287272,1.1036225562460518,0.39083209836058336,0.21156823783987866,0.8452604660236857,0.326543555123403,0.18305828328884854,True,3,SMA_N150_th2_bL2_sL0,7
2020-02-19,2023-02-16,0.18887416875310836,0.6723065689901894,0.3908320983605834,0.09283960407449054,0.45721451375578376,0.35122525674827476,0.09603456467861782,True,3,SMA_N150_th2_bL2_sL0,7
2020-08-18,2023-08-18,0.26873991978531775,0.9097839652192105,0.31305749399280736,0.09492348441485876,0.5034759694315706,0.3512252567482747,0.173816435370459,True,3,SMA_N150_th2_bL2_sL0,7
2021-02-18,2024-02-20,0.2173683283148964,0.8079205678614911,0.31305749399280736,0.09430077629917699,0.4934419499260951,0.35122525674827476,0.1230675520157194,True,3,SMA_N150_th2_bL2_sL0,7
2021-08-18,2024-08-20,0.18407160762432828,0.7058395084698436,0.31305749399280736,0.10592063137939833,0.530402272776276,0.3512252567482747,0.07815097624492995,True,3,SMA_N150_th2_bL2_sL0,7
2022-02-16,2025-02-21,0.23817906400854238,0.8747014590606599,0.3094784289772622,0.14685088353605757,0.7068096358087302,0.29566058149729774,0.09132818047248481,True,3,SMA_N150_th2_bL2_sL0,7
2022-08-18,2025-08-22,0.2619011876074313,0.91288666694415,0.3094784289772621,0.21025654887169765,0.9771148087420922,0.22770816026569357,0.05164463873573366,True,3,SMA_N150_th2_bL2_sL0,7
2023-02-17,2026-02-24,0.3219956054999782,1.0106961471803542,0.30947842897726213,0.27169895432515045,1.312151629571798,0.22770816026569357,0.05029665117482773,True,3,SMA_N150_th2_bL2_sL0,7
2010-02-12,2015-02-13,0.22366437411648699,0.9051594623057184,0.40706763396509066,0.20900221183679957,1.185686621041964,0.16092243186503496,0.014662162279687418,True,5,SMA_N150_th2_bL2_sL0,7
2010-08-13,2015-08-14,0.2385745652889908,0.9201348043019584,0.40706763396509066,0.21215948774264515,1.249993424311084,0.16092243186503502,0.026415077546345644,True,5,SMA_N150_th2_bL2_sL0,7
2011-02-11,2016-02-16,0.08872807611920663,0.4557536242362563,0.40706763396509055,0.12699655480062333,0.7796896836222569,0.16099148511968958,-0.038268478681416696,False,5,SMA_N150_th2_bL2_sL0,7
2011-08-12,2016-08-15,0.13959811277215484,0.626008467446194,0.3944928123382962,0.18474833768468146,1.1117975450740156,0.16099148511968944,-0.045150224912526626,False,5,SMA_N150_th2_bL2_sL0,7
2012-02-13,2017-02-14,0.18227189418662193,0.7879016464693777,0.3944928123382962,0.1672795389755033,1.1099425100864924,0.16099148511968944,0.014992355211118635,True,5,SMA_N150_th2_bL2_sL0,7
2012-08-13,2017-08-15,0.20835948400267834,0.893615510240322,0.3944928123382962,0.17988124405019645,1.2111935342747773,0.16099148511968947,0.028478239952481887,True,5,SMA_N150_th2_bL2_sL0,7
2013-02-14,2018-02-14,0.2909816599074446,1.130328846056571,0.39449281233829614,0.20464938513871078,1.3436612292929488,0.16099148511968944,0.08633227476873384,True,5,SMA_N150_th2_bL2_sL0,7
2013-08-15,2018-08-15,0.2807885779021444,1.0338760684728232,0.39449281233829614,0.20216704290851872,1.261805089611185,0.16099148511968944,0.07862153499362567,True,5,SMA_N150_th2_bL2_sL0,7
2014-02-14,2019-02-15,0.1341997764328422,0.6115137128322868,0.3944928123382961,0.15121064236823267,0.9206151242882608,0.22791749370046596,-0.017010865935390473,False,5,SMA_N150_th2_bL2_sL0,7
2014-08-15,2019-08-16,0.11870712468988098,0.5544433363858048,0.39449281233829614,0.1488124849422281,0.897405482362217,0.22791749370046596,-0.030105360252347113,False,5,SMA_N150_th2_bL2_sL0,7
2015-02-17,2020-02-18,0.18138381492126632,0.7533587893335363,0.39449281233829614,0.18133921961630683,1.0609295263496341,0.2279174937004659,4.459530495948272e-05,True,5,SMA_N150_th2_bL2_sL0,7
2015-08-17,2020-08-17,0.18623787006911274,0.7198461339636307,0.3908320983605833,0.20963943477127112,0.9886256839623289,0.2855937209891647,-0.023401564702158373,False,5,SMA_N150_th2_bL2_sL0,7
2016-02-17,2021-02-17,0.3439000841930204,1.0583255374370975,0.39083209836058336,0.2778894061903683,1.255332061693388,0.2855937209891647,0.06601067800265215,True,5,SMA_N150_th2_bL2_sL0,7
2016-08-16,2021-08-17,0.4075866520423823,1.1550954584926847,0.39083209836058336,0.2664237179764837,1.1756250022769401,0.2855937209891647,0.14116293406589864,True,5,SMA_N150_th2_bL2_sL0,7
2017-02-15,2022-02-15,0.3501304766057236,1.0296334991629412,0.3908320983605834,0.23411769184776166,1.0418036833780957,0.2855937209891647,0.11601278475796195,True,5,SMA_N150_th2_bL2_sL0,7
2017-08-16,2022-08-17,0.2860160287468787,0.8983731530433692,0.39083209836058336,0.18754459355718023,0.8160629335710836,0.3265435551234029,0.09847143518969848,True,5,SMA_N150_th2_bL2_sL0,7
2018-02-15,2023-02-16,0.21236522643972933,0.7543030276753537,0.39083209836058336,0.1367801711049752,0.6347106746407631,0.3512252567482747,0.07558505533475413,True,5,SMA_N150_th2_bL2_sL0,7
2018-08-16,2023-08-18,0.24946564364458546,0.8267564681385712,0.3908320983605834,0.15594282153172112,0.6880363790988601,0.35122525674827476,0.09352282211286433,True,5,SMA_N150_th2_bL2_sL0,7
2019-02-19,2024-02-20,0.3733669935822215,1.0869245628234943,0.39083209836058336,0.20767132126109833,0.8749474409013982,0.35122525674827476,0.16569567232112314,True,5,SMA_N150_th2_bL2_sL0,7
2019-08-19,2024-08-20,0.3572257110193051,1.064955860713725,0.39083209836058336,0.21399272672920255,0.9026404397223952,0.3512252567482747,0.14323298429010256,True,5,SMA_N150_th2_bL2_sL0,7
2020-02-19,2025-02-21,0.2771203715902635,0.873546809086185,0.3908320983605834,0.18061131330497737,0.7826187584496881,0.35122525674827476,0.09650905828528611,True,5,SMA_N150_th2_bL2_sL0,7
2020-08-18,2025-08-22,0.2609078002100176,0.8890736548782951,0.31305749399280736,0.16251335331711525,0.7712506591474291,0.3512252567482747,0.09839444689290233,True,5,SMA_N150_th2_bL2_sL0,7
2021-02-18,2026-02-24,0.20124947624954892,0.7492311716272076,0.31305749399280736,0.1351520139808513,0.670213524455228,0.35122525674827476,0.06609746226869762,True,5,SMA_N150_th2_bL2_sL0,7
2010-02-12,2017-02-14,0.14258925514191545,0.6503712402488211,0.40706763396509066,0.1792807398818741,1.0513221219969282,0.16099148511968947,-0.036691484739958646,False,7,SMA_N150_th2_bL2_sL0,7
2010-08-13,2017-08-15,0.1792735392287106,0.7614444122297128,0.40706763396509066,0.19523141731841243,1.169320897924018,0.1609914851196894,-0.015957878089701838,False,7,SMA_N150_th2_bL2_sL0,7
2011-02-11,2018-02-14,0.15186867658091785,0.6731668446401946,0.40706763396509055,0.17057065851856756,1.0522792467661675,0.16099148511968958,-0.018701981937649714,False,7,SMA_N150_th2_bL2_sL0,7
2011-08-12,2018-08-15,0.22956471152705715,0.9033208353307535,0.3944928123382962,0.2017722568632354,1.2397943067274484,0.16099148511968944,0.027792454663821742,True,7,SMA_N150_th2_bL2_sL0,7
2012-02-13,2019-02-15,0.18611975441701856,0.7843365896915578,0.3944928123382962,0.16715044568480208,1.0456586560870498,0.22791749370046593,0.018969308732216472,True,7,SMA_N150_th2_bL2_sL0,7
2012-08-13,2019-08-16,0.18363669840078556,0.7703023059360453,0.3944928123382962,0.16962140721513808,1.0541058589409626,0.22791749370046588,0.014015291185647483,True,7,SMA_N150_th2_bL2_sL0,7
2013-02-14,2020-02-18,0.2817153778154662,1.0568299715838032,0.39449281233829614,0.20654175964817867,1.2464947402435391,0.227917493700466,0.07517361816728751,True,7,SMA_N150_th2_bL2_sL0,7
2013-08-15,2020-08-17,0.26095702432392254,0.9126933523372084,0.39449281233829614,0.21560500430275176,1.0729111186146636,0.2855937209891647,0.04535202002117078,True,7,SMA_N150_th2_bL2_sL0,7
2014-02-14,2021-02-17,0.2630999160345384,0.8997302000090128,0.3944928123382961,0.21850714402664528,1.0674763165268395,0.2855937209891647,0.04459277200789313,True,7,SMA_N150_th2_bL2_sL0,7
2014-08-15,2021-08-17,0.2623524425657986,0.8852956336821215,0.39449281233829614,0.2190493358006016,1.0584773026967476,0.28559372098916475,0.043303106765197,True,7,SMA_N150_th2_bL2_sL0,7
2015-02-17,2022-02-15,0.22737848771605895,0.7919912789057297,0.39449281233829614,0.19757275075845704,0.9567650361274807,0.2855937209891647,0.029805736957601914,True,7,SMA_N150_th2_bL2_sL0,7
2015-08-17,2022-08-17,0.20915895947155683,0.762361353351641,0.3908320983605833,0.17674476495963232,0.8341598085609537,0.32654355512340294,0.03241419451192451,True,7,SMA_N150_th2_bL2_sL0,7
2016-02-17,2023-02-16,0.2501139362337408,0.8654471600736172,0.39083209836058336,0.17714506684693143,0.8328212872119863,0.3512252567482747,0.07296886938680935,True,7,SMA_N150_th2_bL2_sL0,7
2016-08-16,2023-08-18,0.3162008446558149,1.00402668579303,0.39083209836058336,0.1823230415935828,0.8315277762456018,0.3512252567482747,0.13387780306223207,True,7,SMA_N150_th2_bL2_sL0,7
2017-02-15,2024-02-20,0.3179141449748262,1.0070848267809591,0.3908320983605834,0.19518151367133507,0.8793738401662692,0.35122525674827476,0.1227326313034911,True,7,SMA_N150_th2_bL2_sL0,7
2017-08-16,2024-08-20,0.29086758939254187,0.9256794990739702,0.39083209836058336,0.19606965364661444,0.8705854289518034,0.35122525674827465,0.09479793574592743,True,7,SMA_N150_th2_bL2_sL0,7
2018-02-15,2025-02-21,0.2688508102787097,0.8812411060107977,0.39083209836058336,0.18779497776579723,0.8478150608953126,0.3512252567482747,0.08105583251291248,True,7,SMA_N150_th2_bL2_sL0,7
2018-08-16,2025-08-22,0.24940843269843693,0.8347011396324036,0.3908320983605834,0.187901873111729,0.8211603798568582,0.35122525674827476,0.06150655958670792,True,7,SMA_N150_th2_bL2_sL0,7
2019-02-19,2026-02-24,0.3142648508250452,0.9741032877264005,0.39083209836058336,0.20524887348105403,0.8961686685820285,0.35122525674827476,0.10901597734399116,True,7,SMA_N150_th2_bL2_sL0,7
2010-02-12,2020-02-18,0.20248902585511863,0.8276205807980423,0.40706763396509066,0.19511790149629338,1.123574334078953,0.22791749370046596,0.007371124358825254,True,10,SMA_N150_th2_bL2_sL0,7
2010-08-13,2020-08-17,0.2140345002527677,0.8122669856963153,0.40706763396509066,0.2118114635702144,1.0892805161550163,0.28559372098916475,0.0022230366825533032,True,10,SMA_N150_th2_bL2_sL0,7
2011-02-11,2021-02-17,0.20951259166891423,0.7808363773153563,0.40706763396509055,0.2026783263054459,1.0371535975669444,0.2855937209891647,0.006834265363468317,True,10,SMA_N150_th2_bL2_sL0,7
2011-08-12,2021-08-17,0.2650130328034319,0.9174636386563501,0.3944928123382962,0.22412846436855705,1.1369894720561833,0.2855937209891648,0.04088456843487487,True,10,SMA_N150_th2_bL2_sL0,7
2012-02-13,2022-02-15,0.26474330385440714,0.9164134818959678,0.3944928123382962,0.20085453600993253,1.047637943601768,0.28559372098916475,0.06388876784447461,True,10,SMA_N150_th2_bL2_sL0,7
2012-08-13,2022-08-17,0.24694850170371052,0.8833954919321648,0.3944928123382962,0.18383283823846974,0.930375593384089,0.32654355512340294,0.06311566346524078,True,10,SMA_N150_th2_bL2_sL0,7
2013-02-14,2023-02-16,0.2553615108136731,0.9042583175434323,0.39449281233829614,0.17230502501338285,0.8554162389184947,0.3512252567482747,0.08305648580029024,True,10,SMA_N150_th2_bL2_sL0,7
2013-08-15,2023-08-18,0.2656112049930073,0.9108550608788136,0.39449281233829614,0.17913900541681627,0.8697541463687982,0.35122525674827465,0.08647219957619101,True,10,SMA_N150_th2_bL2_sL0,7
2014-02-14,2024-02-20,0.24795773340055915,0.8731267209343749,0.3944928123382961,0.17925899550463487,0.8760363207085489,0.35122525674827465,0.06869873789592429,True,10,SMA_N150_th2_bL2_sL0,7
2014-08-15,2024-08-20,0.2358203732252384,0.8345874302007903,0.39449281233829614,0.18274060997194574,0.8842458378568583,0.35122525674827465,0.05307976325329267,True,10,SMA_N150_th2_bL2_sL0,7
2015-02-17,2025-02-21,0.23050564845118338,0.8139355912802972,0.39449281233829614,0.18202476930405154,0.8764045545827229,0.35122525674827476,0.04848087914713184,True,10,SMA_N150_th2_bL2_sL0,7
2015-08-17,2025-08-22,0.22527028054075893,0.8062677625102329,0.3908320983605833,0.18689892831349764,0.8760261431268401,0.3512252567482747,0.03837135222726129,True,10,SMA_N150_th2_bL2_sL0,7
2016-02-17,2026-02-24,0.2692919072047457,0.9096056233048161,0.39083209836058336,0.20379132195264482,0.957331821411994,0.3512252567482747,0.0655005852521009,True,10,SMA_N150_th2_bL2_sL0,7
2010-02-12,2013-02-13,0.03189721993611094,0.2759069156254697,0.5529572215372617,0.1692522948338273,0.8998142336764396,0.16092243186503496,-0.13735507489771637,False,3,SMA_N150_th2_bL3_sL0,8
2010-08-13,2013-08-14,0.1604496981367507,0.5670631333499521,0.5529572215372617,0.21018069548161078,1.1347584666971475,0.16092243186503502,-0.049730997344860084,False,3,SMA_N150_th2_bL3_sL0,8
2011-02-11,2014-02-13,0.11133218542274537,0.4790582369058489,0.5529572215372617,0.1660166202132931,0.9632809937247421,0.16092243186503496,-0.05468443479054774,False,3,SMA_N150_th2_bL3_sL0,8
2011-08-12,2014-08-14,0.39086915118829335,1.0227054220129541,0.34020676171845887,0.23440783827154754,1.4006952101671541,0.11637888959980666,0.1564613129167458,True,3,SMA_N150_th2_bL3_sL0,8
2012-02-13,2015-02-13,0.5375186985239386,1.2809282290753434,0.31938365004062896,0.20846874672030702,1.436857783236581,0.11637888959980673,0.3290499518036316,True,3,SMA_N150_th2_bL3_sL0,8
2012-08-13,2015-08-14,0.5021298685051803,1.2531636357415494,0.3160260881933316,0.1975009680441675,1.419011909176831,0.11637888959980656,0.30462890046101276,True,3,SMA_N150_th2_bL3_sL0,8
2013-02-14,2016-02-16,0.39398512005493314,1.029827678343951,0.3822510857074691,0.152676390260007,0.9860967026702501,0.16099148511968944,0.24130872979492612,True,3,SMA_N150_th2_bL3_sL0,8
2013-08-15,2016-08-15,0.22264545604432784,0.6689541970032965,0.5342964706212568,0.1741613800274977,1.0484903843327693,0.16099148511968944,0.048484076016830135,True,3,SMA_N150_th2_bL3_sL0,8
2014-02-14,2017-02-14,0.12314547294624978,0.5000987840924768,0.5342964706212567,0.14090177667713055,0.9199800271368759,0.16099148511968947,-0.017756303730880774,False,3,SMA_N150_th2_bL3_sL0,8
2014-08-15,2017-08-15,0.15508181349741434,0.5881526854486718,0.5342964706212568,0.15178075867197283,0.9982726438263714,0.16099148511968941,0.0033010548254415184,True,3,SMA_N150_th2_bL3_sL0,8
2015-02-17,2018-02-14,0.18080256837861697,0.6400290668523156,0.5342964706212567,0.16176407874555898,1.0463360576337393,0.16099148511968944,0.019038489633057987,True,3,SMA_N150_th2_bL3_sL0,8
2015-08-17,2018-08-15,0.23101953438452139,0.7429638773600197,0.4992350685941973,0.18353014149945834,1.1298576348904072,0.16099148511968941,0.04748939288506304,True,3,SMA_N150_th2_bL3_sL0,8
2016-02-17,2019-02-15,0.2333419199402771,0.7378876454878577,0.4073520381358366,0.19989815086267715,1.2088513717514708,0.227917493700466,0.03344376907759994,True,3,SMA_N150_th2_bL3_sL0,8
2016-08-16,2019-08-16,0.3305389032945607,0.8805303436559134,0.46688735467588516,0.1766731465458229,1.024038301056187,0.22791749370046593,0.15386575674873781,True,3,SMA_N150_th2_bL3_sL0,8
2017-02-15,2020-02-18,0.5117458151662928,1.1916109253106344,0.46688735467588516,0.23079913270737062,1.2889502953917318,0.22791749370046593,0.2809466824589222,True,3,SMA_N150_th2_bL3_sL0,8
2017-08-16,2020-08-17,0.4058455455696037,0.9221840562079058,0.5353482066226307,0.25102274887615894,1.0264328240586256,0.28559372098916475,0.1548227966934448,True,3,SMA_N150_th2_bL3_sL0,8
2018-02-15,2021-02-17,0.46376899037473973,0.9889584852748453,0.5353482066226307,0.27359420115981825,1.082701725449277,0.2855937209891648,0.19017478921492148,True,3,SMA_N150_th2_bL3_sL0,8
2018-08-16,2021-08-17,0.4802102536324826,0.9826759574999844,0.5353482066226307,0.27690617343223045,1.0717849593969857,0.2855937209891647,0.20330408020025215,True,3,SMA_N150_th2_bL3_sL0,8
2019-02-19,2022-02-15,0.6763120517489056,1.1758566644836126,0.5353482066226307,0.28286062701752757,1.1142230393194639,0.28559372098916475,0.39345142473137806,True,3,SMA_N150_th2_bL3_sL0,8
2019-08-19,2022-08-17,0.5629492998600871,1.1138950000480103,0.5353482066226307,0.21156823783987866,0.8452604660236857,0.326543555123403,0.35138106202020847,True,3,SMA_N150_th2_bL3_sL0,8
2020-02-19,2023-02-16,0.23426975781204407,0.6808287493751927,0.5353482066226307,0.09283960407449054,0.45721451375578376,0.35122525674827476,0.14143015373755352,True,3,SMA_N150_th2_bL3_sL0,8
2020-08-18,2023-08-18,0.36864870615774725,0.9092779725287939,0.4429980531708408,0.09492348441485876,0.5034759694315706,0.3512252567482747,0.2737252217428885,True,3,SMA_N150_th2_bL3_sL0,8
2021-02-18,2024-02-20,0.2915260672789224,0.7965082236490053,0.44299805317084073,0.09430077629917699,0.4934419499260951,0.35122525674827476,0.1972252909797454,True,3,SMA_N150_th2_bL3_sL0,8
2021-08-18,2024-08-20,0.23546105966925834,0.6846028013979151,0.44299805317084084,0.10592063137939833,0.530402272776276,0.3512252567482747,0.12954042828986,True,3,SMA_N150_th2_bL3_sL0,8
2022-02-16,2025-02-21,0.31345536634374604,0.8434675907462327,0.4356135319252392,0.14685088353605757,0.7068096358087302,0.29566058149729774,0.16660448280768847,True,3,SMA_N150_th2_bL3_sL0,8
2022-08-18,2025-08-22,0.3432183020190709,0.8773055030766832,0.43561353192523916,0.21025654887169765,0.9771148087420922,0.22770816026569357,0.13296175314737324,True,3,SMA_N150_th2_bL3_sL0,8
2023-02-17,2026-02-24,0.4293912923690306,0.9688455414761279,0.4356135319252392,0.27169895432515045,1.312151629571798,0.22770816026569357,0.15769233804388016,True,3,SMA_N150_th2_bL3_sL0,8
2010-02-12,2015-02-13,0.321557599342398,0.9091197801610401,0.5529572215372617,0.20900221183679957,1.185686621041964,0.16092243186503496,0.11255538750559846,True,5,SMA_N150_th2_bL3_sL0,8
2010-08-13,2015-08-14,0.3426395654624561,0.9245400933137864,0.5529572215372617,0.21215948774264515,1.249993424311084,0.16092243186503502,0.13048007771981096,True,5,SMA_N150_th2_bL3_sL0,8
2011-02-11,2016-02-16,0.10685159211862838,0.46367031929873714,0.5529572215372617,0.12699655480062333,0.7796896836222569,0.16099148511968958,-0.02014496268199495,False,5,SMA_N150_th2_bL3_sL0,8
2011-08-12,2016-08-15,0.18822780580215737,0.6339228235203539,0.5342964706212568,0.18474833768468146,1.1117975450740156,0.16099148511968944,0.0034794681174759035,True,5,SMA_N150_th2_bL3_sL0,8
2012-02-13,2017-02-14,0.2570595177501851,0.7969509627141471,0.5342964706212567,0.1672795389755033,1.1099425100864924,0.16099148511968944,0.0897799787746818,True,5,SMA_N150_th2_bL3_sL0,8
2012-08-13,2017-08-15,0.301340210367981,0.9023612106357837,0.5342964706212568,0.17988124405019645,1.2111935342747773,0.16099148511968947,0.12145896631778452,True,5,SMA_N150_th2_bL3_sL0,8
2013-02-14,2018-02-14,0.4341897558428851,1.1384385668094414,0.5342964706212567,0.20464938513871078,1.3436612292929488,0.16099148511968944,0.22954037070417432,True,5,SMA_N150_th2_bL3_sL0,8
2013-08-15,2018-08-15,0.41227022622623655,1.0386537069367452,0.5342964706212568,0.20216704290851872,1.261805089611185,0.16099148511968944,0.21010318331771782,True,5,SMA_N150_th2_bL3_sL0,8
2014-02-14,2019-02-15,0.1775117581830299,0.6144105560189643,0.5342964706212567,0.15121064236823267,0.9206151242882608,0.22791749370046596,0.026301115814797216,True,5,SMA_N150_th2_bL3_sL0,8
2014-08-15,2019-08-16,0.15025856839818053,0.5564667505888666,0.5342964706212568,0.1488124849422281,0.897405482362217,0.22791749370046596,0.0014460834559524294,True,5,SMA_N150_th2_bL3_sL0,8
2015-02-17,2020-02-18,0.24796472680550385,0.7547514650864153,0.5342964706212567,0.18133921961630683,1.0609295263496341,0.2279174937004659,0.06662550718919702,True,5,SMA_N150_th2_bL3_sL0,8
2015-08-17,2020-08-17,0.24589296425914542,0.7237892749695227,0.5353482066226307,0.20963943477127112,0.9886256839623289,0.2855937209891647,0.0362535294878743,True,5,SMA_N150_th2_bL3_sL0,8
2016-02-17,2021-02-17,0.49195985028029243,1.0618243859284753,0.5353482066226307,0.2778894061903683,1.255332061693388,0.2855937209891647,0.21407044408992415,True,5,SMA_N150_th2_bL3_sL0,8
2016-08-16,2021-08-17,0.5917686611916269,1.1579012724377291,0.5353482066226307,0.2664237179764837,1.1756250022769401,0.2855937209891647,0.3253449432151432,True,5,SMA_N150_th2_bL3_sL0,8
2017-02-15,2022-02-15,0.4920267359532502,1.0322544855990632,0.5353482066226307,0.23411769184776166,1.0418036833780957,0.2855937209891647,0.25790904410548854,True,5,SMA_N150_th2_bL3_sL0,8
2017-08-16,2022-08-17,0.3902006491987253,0.9006985605534045,0.5353482066226307,0.18754459355718023,0.8160629335710836,0.3265435551234029,0.2026560556415451,True,5,SMA_N150_th2_bL3_sL0,8
2018-02-15,2023-02-16,0.27581239267624924,0.7569028690195494,0.5353482066226307,0.1367801711049752,0.6347106746407631,0.3512252567482747,0.13903222157127404,True,5,SMA_N150_th2_bL3_sL0,8
2018-08-16,2023-08-18,0.33292404416526655,0.8277358359305356,0.5353482066226307,0.15594282153172112,0.6880363790988601,0.35122525674827476,0.17698122263354543,True,5,SMA_N150_th2_bL3_sL0,8
2019-02-19,2024-02-20,0.5296214562706656,1.0848515407206336,0.5353482066226307,0.20767132126109833,0.8749474409013982,0.35122525674827476,0.32195013500956726,True,5,SMA_N150_th2_bL3_sL0,8
2019-08-19,2024-08-20,0.499786912371015,1.0600988951368036,0.5353482066226307,0.21399272672920255,0.9026404397223952,0.3512252567482747,0.28579418564181247,True,5,SMA_N150_th2_bL3_sL0,8
2020-02-19,2025-02-21,0.3635729521894038,0.8632549129662629,0.5353482066226307,0.18061131330497737,0.7826187584496881,0.35122525674827476,0.1829616388844264,True,5,SMA_N150_th2_bL3_sL0,8
2020-08-18,2025-08-22,0.34670677089166,0.8719601860834117,0.4429980531708408,0.16251335331711525,0.7712506591474291,0.3512252567482747,0.18419341757454477,True,5,SMA_N150_th2_bL3_sL0,8
2021-02-18,2026-02-24,0.25568360798024714,0.7250226683962939,0.44299805317084073,0.1351520139808513,0.670213524455228,0.35122525674827476,0.12053159399939584,True,5,SMA_N150_th2_bL3_sL0,8
2010-02-12,2017-02-14,0.195136377680744,0.658705075668582,0.5529572215372617,0.1792807398818741,1.0513221219969282,0.16099148511968947,0.015855637798869893,True,7,SMA_N150_th2_bL3_sL0,8
2010-08-13,2017-08-15,0.25139256878361493,0.7694862787295458,0.5529572215372617,0.19523141731841243,1.169320897924018,0.1609914851196894,0.05616115146520251,True,7,SMA_N150_th2_bL3_sL0,8
2011-02-11,2018-02-14,0.20654523547078152,0.6801145949618009,0.5529572215372617,0.17057065851856756,1.0522792467661675,0.16099148511968958,0.035974576952213955,True,7,SMA_N150_th2_bL3_sL0,8
2011-08-12,2018-08-15,0.3278875051276402,0.9064967471243492,0.5342964706212568,0.2017722568632354,1.2397943067274484,0.16099148511968944,0.1261152482644048,True,7,SMA_N150_th2_bL3_sL0,8
2012-02-13,2019-02-15,0.2590159597004309,0.7886371473532701,0.5342964706212567,0.16715044568480208,1.0456586560870498,0.22791749370046593,0.09186551401562881,True,7,SMA_N150_th2_bL3_sL0,8
2012-08-13,2019-08-16,0.2539810095826871,0.7729153943897771,0.5342964706212568,0.16962140721513808,1.0541058589409626,0.22791749370046588,0.08435960236754902,True,7,SMA_N150_th2_bL3_sL0,8
2013-02-14,2020-02-18,0.41132522686656925,1.0596586070570195,0.5342964706212567,0.20654175964817867,1.2464947402435391,0.227917493700466,0.20478346721839058,True,7,SMA_N150_th2_bL3_sL0,8
2013-08-15,2020-08-17,0.3695855966784005,0.9179724801993573,0.5353482066226307,0.21560500430275176,1.0729111186146636,0.2855937209891647,0.15398059237564876,True,7,SMA_N150_th2_bL3_sL0,8
2014-02-14,2021-02-17,0.36695993464954824,0.9036664807852579,0.5353482066226307,0.21850714402664528,1.0674763165268395,0.2855937209891647,0.14845279062290295,True,7,SMA_N150_th2_bL3_sL0,8
2014-08-15,2021-08-17,0.362913394397119,0.8902255597455018,0.5353482066226307,0.2190493358006016,1.0584773026967476,0.28559372098916475,0.1438640585965174,True,7,SMA_N150_th2_bL3_sL0,8
2015-02-17,2022-02-15,0.30598150825119386,0.7969043096463829,0.5353482066226307,0.19757275075845704,0.9567650361274807,0.2855937209891647,0.10840875749273682,True,7,SMA_N150_th2_bL3_sL0,8
2015-08-17,2022-08-17,0.27939952503668186,0.7673542167720108,0.5353482066226307,0.17674476495963232,0.8341598085609537,0.32654355512340294,0.10265476007704954,True,7,SMA_N150_th2_bL3_sL0,8
2016-02-17,2023-02-16,0.3451347056106384,0.8698455610816118,0.5353482066226307,0.17714506684693143,0.8328212872119863,0.3512252567482747,0.16798963876370698,True,7,SMA_N150_th2_bL3_sL0,8
2016-08-16,2023-08-18,0.44661577383760065,1.0046439616008143,0.5353482066226307,0.1823230415935828,0.8315277762456018,0.3512252567482747,0.26429273224401784,True,7,SMA_N150_th2_bL3_sL0,8
2017-02-15,2024-02-20,0.44488869623058935,1.0037103674828018,0.5353482066226307,0.19518151367133507,0.8793738401662692,0.35122525674827476,0.24970718255925428,True,7,SMA_N150_th2_bL3_sL0,8
2017-08-16,2024-08-20,0.39580745306549026,0.9189399207757278,0.5353482066226307,0.19606965364661444,0.8705854289518034,0.35122525674827465,0.19973779941887582,True,7,SMA_N150_th2_bL3_sL0,8
2018-02-15,2025-02-21,0.3569872248602983,0.8713346954897075,0.5353482066226307,0.18779497776579723,0.8478150608953126,0.3512252567482747,0.1691922470945011,True,7,SMA_N150_th2_bL3_sL0,8
2018-08-16,2025-08-22,0.3276290594762541,0.8238959981937805,0.5353482066226307,0.187901873111729,0.8211603798568582,0.35122525674827476,0.13972718636452508,True,7,SMA_N150_th2_bL3_sL0,8
2019-02-19,2026-02-24,0.4283967332195002,0.9612013240355495,0.5353482066226307,0.20524887348105403,0.8961686685820285,0.35122525674827476,0.2231478597384462,True,7,SMA_N150_th2_bL3_sL0,8
2010-02-12,2020-02-18,0.2844547855606794,0.8306058470183482,0.5529572215372617,0.19511790149629338,1.123574334078953,0.22791749370046596,0.089336884064386,True,10,SMA_N150_th2_bL3_sL0,8
2010-08-13,2020-08-17,0.2963726267649269,0.8171225246848179,0.5529572215372617,0.2118114635702144,1.0892805161550163,0.28559372098916475,0.08456116319471252,True,10,SMA_N150_th2_bL3_sL0,8
2011-02-11,2021-02-17,0.28493164345583,0.7854667484684069,0.5529572215372617,0.2026783263054459,1.0371535975669444,0.2855937209891647,0.08225331715038409,True,10,SMA_N150_th2_bL3_sL0,8
2011-08-12,2021-08-17,0.37291812209163244,0.9218724199666388,0.5353482066226307,0.22412846436855705,1.1369894720561833,0.2855937209891648,0.1487896577230754,True,10,SMA_N150_th2_bL3_sL0,8
2012-02-13,2022-02-15,0.3716839791675217,0.921776317189575,0.5353482066226307,0.20085453600993253,1.047637943601768,0.28559372098916475,0.1708294431575892,True,10,SMA_N150_th2_bL3_sL0,8
2012-08-13,2022-08-17,0.3455778869587851,0.888772158658302,0.5353482066226306,0.18383283823846974,0.930375593384089,0.32654355512340294,0.16174504872031537,True,10,SMA_N150_th2_bL3_sL0,8
2013-02-14,2023-02-16,0.3594337978650064,0.9102522218612774,0.5353482066226307,0.17230502501338285,0.8554162389184947,0.3512252567482747,0.18712877285162355,True,10,SMA_N150_th2_bL3_sL0,8
2013-08-15,2023-08-18,0.373105122342376,0.9143535290659937,0.5353482066226307,0.17913900541681627,0.8697541463687982,0.35122525674827465,0.19396611692555976,True,10,SMA_N150_th2_bL3_sL0,8
2014-02-14,2024-02-20,0.34191153281055864,0.8727506564803369,0.5353482066226307,0.17925899550463487,0.8760363207085489,0.35122525674827465,0.16265253730592377,True,10,SMA_N150_th2_bL3_sL0,8
2014-08-15,2024-08-20,0.3193281048609691,0.8323730500587583,0.5353482066226307,0.18274060997194574,0.8842458378568583,0.35122525674827465,0.13658749488902333,True,10,SMA_N150_th2_bL3_sL0,8
2015-02-17,2025-02-21,0.3080784817152755,0.8088356481493307,0.5353482066226307,0.18202476930405154,0.8764045545827229,0.35122525674827476,0.12605371241122398,True,10,SMA_N150_th2_bL3_sL0,8
2015-08-17,2025-08-22,0.29894326252650316,0.7994226897631579,0.5353482066226307,0.18689892831349764,0.8760261431268401,0.3512252567482747,0.11204433421300553,True,10,SMA_N150_th2_bL3_sL0,8
2016-02-17,2026-02-24,0.36670722080670326,0.8999766184067944,0.5353482066226307,0.20379132195264482,0.957331821411994,0.3512252567482747,0.16291589885405844,True,10,SMA_N150_th2_bL3_sL0,8
2010-02-12,2013-02-13,0.013972746654741464,0.18225379520952711,0.3537303400681913,0.1692522948338273,0.8998142336764396,0.16092243186503496,-0.15527954817908585,False,3,SMA_N200_th0_bL2_sL0,9
2010-08-13,2013-08-14,0.09942176838731487,0.4835848667099301,0.3537303400681913,0.21018069548161078,1.1347584666971475,0.16092243186503502,-0.11075892709429591,False,3,SMA_N200_th0_bL2_sL0,9
2011-02-11,2014-02-13,0.13769189062486564,0.6097764525933487,0.35373034006819126,0.1660166202132931,0.9632809937247421,0.16092243186503496,-0.028324729588427466,False,3,SMA_N200_th0_bL2_sL0,9
2011-08-12,2014-08-14,0.3006385736761097,1.106004415316721,0.22257001649568686,0.23440783827154754,1.4006952101671541,0.11637888959980666,0.06623073540456215,True,3,SMA_N200_th0_bL2_sL0,9
2012-02-13,2015-02-13,0.3730642944436149,1.311880061872546,0.22257001649568695,0.20846874672030702,1.436857783236581,0.11637888959980673,0.16459554772330787,True,3,SMA_N200_th0_bL2_sL0,9
2012-08-13,2015-08-14,0.34964761940258104,1.2850544890908175,0.21524001002268242,0.1975009680441675,1.419011909176831,0.11637888959980656,0.15214665135841354,True,3,SMA_N200_th0_bL2_sL0,9
2013-02-14,2016-02-16,0.29369043048530385,1.097328835813273,0.23272272926387286,0.152676390260007,0.9860967026702501,0.16099148511968944,0.14101404022529684,True,3,SMA_N200_th0_bL2_sL0,9
2013-08-15,2016-08-15,0.20821077013719447,0.8132996436564476,0.3503372099584505,0.1741613800274977,1.0484903843327693,0.16099148511968944,0.034049390109696764,True,3,SMA_N200_th0_bL2_sL0,9
2014-02-14,2017-02-14,0.14082936422339287,0.6508569679162562,0.35033720995845047,0.14090177667713055,0.9199800271368759,0.16099148511968947,-7.241245373768024e-05,False,3,SMA_N200_th0_bL2_sL0,9
2014-08-15,2017-08-15,0.1619614708324102,0.7400772591742029,0.3503372099584504,0.15178075867197283,0.9982726438263714,0.16099148511968941,0.010180712160437366,True,3,SMA_N200_th0_bL2_sL0,9
2015-02-17,2018-02-14,0.1798779526471277,0.7948784772208107,0.35033720995845036,0.16176407874555898,1.0463360576337393,0.16099148511968944,0.01811387390156871,True,3,SMA_N200_th0_bL2_sL0,9
2015-08-17,2018-08-15,0.21793683747590098,0.891403939891182,0.31834467759303997,0.18353014149945834,1.1298576348904072,0.16099148511968941,0.034406695976442636,True,3,SMA_N200_th0_bL2_sL0,9
2016-02-17,2019-02-15,0.14204344092739096,0.6301655186703172,0.3869624856005177,0.19989815086267715,1.2088513717514708,0.227917493700466,-0.057854709935286186,False,3,SMA_N200_th0_bL2_sL0,9
2016-08-16,2019-08-16,0.15599498072352924,0.6374436909238629,0.4271686814118616,0.1766731465458229,1.024038301056187,0.22791749370046593,-0.020678165822293648,False,3,SMA_N200_th0_bL2_sL0,9
2017-02-15,2020-02-18,0.2610899094780361,0.9501667241179759,0.42716868141186143,0.23079913270737062,1.2889502953917318,0.22791749370046593,0.030290776770665495,True,3,SMA_N200_th0_bL2_sL0,9
2017-08-16,2020-08-17,0.2180373570487515,0.7304535150090752,0.4271686814118615,0.25102274887615894,1.0264328240586256,0.28559372098916475,-0.03298539182740745,False,3,SMA_N200_th0_bL2_sL0,9
2018-02-15,2021-02-17,0.25760130583508856,0.8106459450781314,0.4271686814118615,0.27359420115981825,1.082701725449277,0.2855937209891648,-0.015992895324729695,False,3,SMA_N200_th0_bL2_sL0,9
2018-08-16,2021-08-17,0.2666650915518374,0.8017115763650383,0.4271686814118616,0.27690617343223045,1.0717849593969857,0.2855937209891647,-0.010241081880393077,False,3,SMA_N200_th0_bL2_sL0,9
2019-02-19,2022-02-15,0.37260218819041024,0.9860232103456427,0.40529766366432035,0.28286062701752757,1.1142230393194639,0.28559372098916475,0.08974156117288268,True,3,SMA_N200_th0_bL2_sL0,9
2019-08-19,2022-08-17,0.31457624230539327,0.927930608271044,0.40529766366432035,0.21156823783987866,0.8452604660236857,0.326543555123403,0.10300800446551461,True,3,SMA_N200_th0_bL2_sL0,9
2020-02-19,2023-02-16,0.14234921632916708,0.5591523234141312,0.4052976636643204,0.09283960407449054,0.45721451375578376,0.35122525674827476,0.04950961225467654,True,3,SMA_N200_th0_bL2_sL0,9
2020-08-18,2023-08-18,0.20615507743546857,0.7511860711962235,0.40069956351397984,0.09492348441485876,0.5034759694315706,0.3512252567482747,0.11123159302060981,True,3,SMA_N200_th0_bL2_sL0,9
2021-02-18,2024-02-20,0.2018256177713671,0.7555684716510375,0.40069956351397984,0.09430077629917699,0.4934419499260951,0.35122525674827476,0.1075248414721901,True,3,SMA_N200_th0_bL2_sL0,9
2021-08-18,2024-08-20,0.21639496725158236,0.7832097116633635,0.40069956351397984,0.10592063137939833,0.530402272776276,0.3512252567482747,0.11047433587218403,True,3,SMA_N200_th0_bL2_sL0,9
2022-02-16,2025-02-21,0.3365363491969784,1.1255889528917995,0.2619502868069814,0.14685088353605757,0.7068096358087302,0.29566058149729774,0.18968546566092082,True,3,SMA_N200_th0_bL2_sL0,9
2022-08-18,2025-08-22,0.37908765760289875,1.185249441146805,0.2619502868069814,0.21025654887169765,0.9771148087420922,0.22770816026569357,0.1688311087312011,True,3,SMA_N200_th0_bL2_sL0,9
2023-02-17,2026-02-24,0.41486388305645083,1.2046352570844687,0.26195028680698146,0.27169895432515045,1.312151629571798,0.22770816026569357,0.14316492873130038,True,3,SMA_N200_th0_bL2_sL0,9
2010-02-12,2015-02-13,0.20750964828058072,0.8583485763672423,0.3537303400681913,0.20900221183679957,1.185686621041964,0.16092243186503496,-0.001492563556218851,False,5,SMA_N200_th0_bL2_sL0,9
2010-08-13,2015-08-14,0.22222299622086528,0.8753132483117836,0.3537303400681913,0.21215948774264515,1.249993424311084,0.16092243186503502,0.010063508478220129,True,5,SMA_N200_th0_bL2_sL0,9
2011-02-11,2016-02-16,0.12945680097053414,0.5835604692889859,0.35373034006819126,0.12699655480062333,0.7796896836222569,0.16099148511968958,0.002460246169910807,True,5,SMA_N200_th0_bL2_sL0,9
2011-08-12,2016-08-15,0.1861427199110599,0.7719343864034937,0.35033720995845047,0.18474833768468146,1.1117975450740156,0.16099148511968944,0.0013943822263784433,True,5,SMA_N200_th0_bL2_sL0,9
2012-02-13,2017-02-14,0.220910595648804,0.9054726580372786,0.3503372099584504,0.1672795389755033,1.1099425100864924,0.16099148511968944,0.0536310566733007,True,5,SMA_N200_th0_bL2_sL0,9
2012-08-13,2017-08-15,0.24785077326613214,1.0157509825571487,0.3503372099584504,0.17988124405019645,1.2111935342747773,0.16099148511968947,0.06796952921593569,True,5,SMA_N200_th0_bL2_sL0,9
2013-02-14,2018-02-14,0.3232164489901095,1.2262877047041458,0.35033720995845047,0.20464938513871078,1.3436612292929488,0.16099148511968944,0.1185670638513987,True,5,SMA_N200_th0_bL2_sL0,9
2013-08-15,2018-08-15,0.31276885380406627,1.1252647892341718,0.3503372099584505,0.20216704290851872,1.261805089611185,0.16099148511968944,0.11060181089554755,True,5,SMA_N200_th0_bL2_sL0,9
2014-02-14,2019-02-15,0.1310352541780091,0.5947861312807065,0.38696248560051777,0.15121064236823267,0.9206151242882608,0.22791749370046596,-0.020175388190223575,False,5,SMA_N200_th0_bL2_sL0,9
2014-08-15,2019-08-16,0.10071343318226234,0.4925435106190335,0.4271686814118615,0.1488124849422281,0.897405482362217,0.22791749370046596,-0.04809905175996576,False,5,SMA_N200_th0_bL2_sL0,9
2015-02-17,2020-02-18,0.1623820087750154,0.68811638027532,0.42716868141186154,0.18133921961630683,1.0609295263496341,0.2279174937004659,-0.018957210841291428,False,5,SMA_N200_th0_bL2_sL0,9
2015-08-17,2020-08-17,0.1704060276972379,0.667127152857984,0.42716868141186143,0.20963943477127112,0.9886256839623289,0.2855937209891647,-0.03923340707403322,False,5,SMA_N200_th0_bL2_sL0,9
2016-02-17,2021-02-17,0.31016166468971496,0.9668812390662431,0.4271686814118615,0.2778894061903683,1.255332061693388,0.2855937209891647,0.03227225849934667,True,5,SMA_N200_th0_bL2_sL0,9
2016-08-16,2021-08-17,0.3549681496246664,1.031208308089924,0.4271686814118616,0.2664237179764837,1.1756250022769401,0.2855937209891647,0.08854443164818271,True,5,SMA_N200_th0_bL2_sL0,9
2017-02-15,2022-02-15,0.2616419354071444,0.8265594415716546,0.42716868141186143,0.23411769184776166,1.0418036833780957,0.2855937209891647,0.027524243559382766,True,5,SMA_N200_th0_bL2_sL0,9
2017-08-16,2022-08-17,0.19151166350659632,0.6707924366915886,0.4271686814118615,0.18754459355718023,0.8160629335710836,0.3265435551234029,0.003967069949416091,True,5,SMA_N200_th0_bL2_sL0,9
2018-02-15,2023-02-16,0.13627596915316254,0.5604003300396223,0.4271686814118615,0.1367801711049752,0.6347106746407631,0.3512252567482747,-0.0005042019518126661,False,5,SMA_N200_th0_bL2_sL0,9
2018-08-16,2023-08-18,0.1668192151420289,0.6197194914403208,0.4271686814118616,0.15594282153172112,0.6880363790988601,0.35122525674827476,0.010876393610307789,True,5,SMA_N200_th0_bL2_sL0,9
2019-02-19,2024-02-20,0.3475176051341671,1.0223864781556664,0.40529766366432035,0.20767132126109833,0.8749474409013982,0.35122525674827476,0.13984628387306874,True,5,SMA_N200_th0_bL2_sL0,9
2019-08-19,2024-08-20,0.3831626495427283,1.0998462803177587,0.40529766366432035,0.21399272672920255,0.9026404397223952,0.3512252567482747,0.16916992281352572,True,5,SMA_N200_th0_bL2_sL0,9
2020-02-19,2025-02-21,0.3015264761136378,0.9128533888342154,0.4052976636643204,0.18061131330497737,0.7826187584496881,0.35122525674827476,0.12091516280866044,True,5,SMA_N200_th0_bL2_sL0,9
2020-08-18,2025-08-22,0.27867789394662346,0.9217552027353958,0.40069956351397984,0.16251335331711525,0.7712506591474291,0.3512252567482747,0.1161645406295082,True,5,SMA_N200_th0_bL2_sL0,9
2021-02-18,2026-02-24,0.21817879954380315,0.7856631953164749,0.40069956351397984,0.1351520139808513,0.670213524455228,0.35122525674827476,0.08302678556295184,True,5,SMA_N200_th0_bL2_sL0,9
2010-02-12,2017-02-14,0.15190661485789625,0.6840407768063302,0.3537303400681913,0.1792807398818741,1.0513221219969282,0.16099148511968947,-0.027374125023977847,False,7,SMA_N200_th0_bL2_sL0,9
2010-08-13,2017-08-15,0.18889004465188375,0.7946861993186966,0.3537303400681913,0.19523141731841243,1.169320897924018,0.1609914851196894,-0.006341372666528677,False,7,SMA_N200_th0_bL2_sL0,9
2011-02-11,2018-02-14,0.19322925600299823,0.7989282164857583,0.35373034006819126,0.17057065851856756,1.0522792467661675,0.16099148511968958,0.022658597484430665,True,7,SMA_N200_th0_bL2_sL0,9
2011-08-12,2018-08-15,0.265221582863598,1.0046155075015986,0.35033720995845047,0.2017722568632354,1.2397943067274484,0.16099148511968944,0.06344932600036257,True,7,SMA_N200_th0_bL2_sL0,9
2012-02-13,2019-02-15,0.1901096256657222,0.7869732748166356,0.3869624856005177,0.16715044568480208,1.0456586560870498,0.22791749370046593,0.02295917998092012,True,7,SMA_N200_th0_bL2_sL0,9
2012-08-13,2019-08-16,0.17629004744084265,0.739610257988639,0.4271686814118615,0.16962140721513808,1.0541058589409626,0.22791749370046588,0.00666864022570457,True,7,SMA_N200_th0_bL2_sL0,9
2013-02-14,2020-02-18,0.2669592252092432,1.0068025777038894,0.42716868141186154,0.20654175964817867,1.2464947402435391,0.227917493700466,0.06041746556106453,True,7,SMA_N200_th0_bL2_sL0,9
2013-08-15,2020-08-17,0.24891593293097602,0.8689781331439468,0.4271686814118615,0.21560500430275176,1.0729111186146636,0.2855937209891647,0.03331092862822427,True,7,SMA_N200_th0_bL2_sL0,9
2014-02-14,2021-02-17,0.2510383618070664,0.859736248223392,0.42716868141186154,0.21850714402664528,1.0674763165268395,0.2855937209891647,0.03253121778042112,True,7,SMA_N200_th0_bL2_sL0,9
2014-08-15,2021-08-17,0.2502980260886045,0.8469155324143447,0.4271686814118615,0.2190493358006016,1.0584773026967476,0.28559372098916475,0.031248690288002923,True,7,SMA_N200_th0_bL2_sL0,9
2015-02-17,2022-02-15,0.19015581673012893,0.689633154593996,0.42716868141186154,0.19757275075845704,0.9567650361274807,0.2855937209891647,-0.007416934028328104,False,7,SMA_N200_th0_bL2_sL0,9
2015-08-17,2022-08-17,0.16536082953389286,0.6391044833412628,0.42716868141186143,0.17674476495963232,0.8341598085609537,0.32654355512340294,-0.011383935425739455,False,7,SMA_N200_th0_bL2_sL0,9
2016-02-17,2023-02-16,0.20441948882710648,0.7380656959743817,0.4271686814118615,0.17714506684693143,0.8328212872119863,0.3512252567482747,0.027274421980175045,True,7,SMA_N200_th0_bL2_sL0,9
2016-08-16,2023-08-18,0.2534236277802404,0.8429246775830911,0.4271686814118616,0.1823230415935828,0.8315277762456018,0.3512252567482747,0.0711005861866576,True,7,SMA_N200_th0_bL2_sL0,9
2017-02-15,2024-02-20,0.2755025739836985,0.8956118764925816,0.42716868141186143,0.19518151367133507,0.8793738401662692,0.35122525674827476,0.08032106031236341,True,7,SMA_N200_th0_bL2_sL0,9
2017-08-16,2024-08-20,0.27079303693516543,0.8662888180587173,0.4271686814118615,0.19606965364661444,0.8705854289518034,0.35122525674827465,0.07472338328855099,True,7,SMA_N200_th0_bL2_sL0,9
2018-02-15,2025-02-21,0.24911864536820105,0.8239265039957911,0.4271686814118615,0.18779497776579723,0.8478150608953126,0.3512252567482747,0.06132366760240382,True,7,SMA_N200_th0_bL2_sL0,9
2018-08-16,2025-08-22,0.22808612296465047,0.7717989144969934,0.4271686814118616,0.187901873111729,0.8211603798568582,0.35122525674827476,0.04018424985292146,True,7,SMA_N200_th0_bL2_sL0,9
2019-02-19,2026-02-24,0.3168005615681946,0.9694732040971864,0.40529766366432035,0.20524887348105403,0.8961686685820285,0.35122525674827476,0.11155168808714055,True,7,SMA_N200_th0_bL2_sL0,9
2010-02-12,2020-02-18,0.184886477448152,0.770380431662141,0.4271686814118615,0.19511790149629338,1.123574334078953,0.22791749370046596,-0.010231424048141369,False,10,SMA_N200_th0_bL2_sL0,9
2010-08-13,2020-08-17,0.19792564364863274,0.7608169593626589,0.4271686814118615,0.2118114635702144,1.0892805161550163,0.28559372098916475,-0.013885819921581666,False,10,SMA_N200_th0_bL2_sL0,9
2011-02-11,2021-02-17,0.2163637649393213,0.789700070282439,0.42716868141186143,0.2026783263054459,1.0371535975669444,0.2855937209891647,0.01368543863387539,True,10,SMA_N200_th0_bL2_sL0,9
2011-08-12,2021-08-17,0.2662353095402217,0.9107178617749939,0.42716868141186154,0.22412846436855705,1.1369894720561833,0.2855937209891648,0.04210684517166463,True,10,SMA_N200_th0_bL2_sL0,9
2012-02-13,2022-02-15,0.24242132297263708,0.8480476138564446,0.4271686814118615,0.20085453600993253,1.047637943601768,0.28559372098916475,0.04156678696270455,True,10,SMA_N200_th0_bL2_sL0,9
2012-08-13,2022-08-17,0.21972389507951884,0.7989319617235482,0.4271686814118615,0.18383283823846974,0.930375593384089,0.32654355512340294,0.035891056841049096,True,10,SMA_N200_th0_bL2_sL0,9
2013-02-14,2023-02-16,0.2304185078749621,0.8287391646321709,0.42716868141186154,0.17230502501338285,0.8554162389184947,0.3512252567482747,0.058113482861579246,True,10,SMA_N200_th0_bL2_sL0,9
2013-08-15,2023-08-18,0.2382237232566471,0.8308113045885209,0.4271686814118615,0.17913900541681627,0.8697541463687982,0.35122525674827465,0.059084717839830825,True,10,SMA_N200_th0_bL2_sL0,9
2014-02-14,2024-02-20,0.23484033177675134,0.8296508709587372,0.42716868141186154,0.17925899550463487,0.8760363207085489,0.35122525674827465,0.05558133627211648,True,10,SMA_N200_th0_bL2_sL0,9
2014-08-15,2024-08-20,0.23749836889359255,0.8282666462950692,0.4271686814118615,0.18274060997194574,0.8842458378568583,0.35122525674827465,0.054757758921646804,True,10,SMA_N200_th0_bL2_sL0,9
2015-02-17,2025-02-21,0.23217642779154812,0.8082449901314501,0.42716868141186154,0.18202476930405154,0.8764045545827229,0.35122525674827476,0.050151658487496587,True,10,SMA_N200_th0_bL2_sL0,9
2015-08-17,2025-08-22,0.22561240201089183,0.7968113260641024,0.42716868141186143,0.18689892831349764,0.8760261431268401,0.3512252567482747,0.038713473697394196,True,10,SMA_N200_th0_bL2_sL0,9
2016-02-17,2026-02-24,0.2620610470293585,0.8794578678817242,0.4271686814118615,0.20379132195264482,0.957331821411994,0.3512252567482747,0.058269725076713685,True,10,SMA_N200_th0_bL2_sL0,9
2010-02-12,2013-02-13,-0.007197941351190451,0.10557095722564311,0.4353309179497178,0.1692522948338273,0.8998142336764396,0.16092243186503496,-0.17645023618501776,False,3,EMA_N150_th2_bL2_sL0,10
2010-08-13,2013-08-14,0.07646699438352833,0.4022328273258942,0.4353309179497178,0.21018069548161078,1.1347584666971475,0.16092243186503502,-0.13371370109808245,False,3,EMA_N150_th2_bL2_sL0,10
2011-02-11,2014-02-13,0.04549360975738903,0.3149298101679352,0.43533091794971773,0.1660166202132931,0.9632809937247421,0.16092243186503496,-0.12052301045590408,False,3,EMA_N150_th2_bL2_sL0,10
2011-08-12,2014-08-14,0.2068781294439348,0.826861749374037,0.29638739366216943,0.23440783827154754,1.4006952101671541,0.11637888959980666,-0.027529708827612742,False,3,EMA_N150_th2_bL2_sL0,10
2012-02-13,2015-02-13,0.3199375812610137,1.1761464288971122,0.29638739366216943,0.20846874672030702,1.436857783236581,0.11637888959980673,0.11146883454070666,True,3,EMA_N150_th2_bL2_sL0,10
2012-08-13,2015-08-14,0.34535493970441555,1.2697849045614182,0.25290167742021474,0.1975009680441675,1.419011909176831,0.11637888959980656,0.14785397166024805,True,3,EMA_N150_th2_bL2_sL0,10
2013-02-14,2016-02-16,0.27527968149945425,1.0387149179154889,0.2578546299801074,0.152676390260007,0.9860967026702501,0.16099148511968944,0.12260329123944724,True,3,EMA_N150_th2_bL2_sL0,10
2013-08-15,2016-08-15,0.2085273256821938,0.8046461339827728,0.3145563531044834,0.1741613800274977,1.0484903843327693,0.16099148511968944,0.034365945654696084,True,3,EMA_N150_th2_bL2_sL0,10
2014-02-14,2017-02-14,0.14112826559893876,0.6446772866043666,0.3145563531044833,0.14090177667713055,0.9199800271368759,0.16099148511968947,0.00022648892180821,True,3,EMA_N150_th2_bL2_sL0,10
2014-08-15,2017-08-15,0.16226590889550319,0.7317672545656669,0.3145563531044834,0.15178075867197283,0.9982726438263714,0.16099148511968941,0.01048515022353036,True,3,EMA_N150_th2_bL2_sL0,10
2015-02-17,2018-02-14,0.18018708489256485,0.7853918537109319,0.3145563531044833,0.16176407874555898,1.0463360576337393,0.16099148511968944,0.01842300614700587,True,3,EMA_N150_th2_bL2_sL0,10
2015-08-17,2018-08-15,0.21825594128534598,0.8820448867347357,0.280801798596956,0.18353014149945834,1.1298576348904072,0.16099148511968941,0.034725799785887634,True,3,EMA_N150_th2_bL2_sL0,10
2016-02-17,2019-02-15,0.2764586332489074,1.0781541834474442,0.20814623379607075,0.19989815086267715,1.2088513717514708,0.227917493700466,0.07656048238623026,True,3,EMA_N150_th2_bL2_sL0,10
2016-08-16,2019-08-16,0.261887477132716,0.9751456394662723,0.22133427867564875,0.1766731465458229,1.024038301056187,0.22791749370046593,0.0852143305868931,True,3,EMA_N150_th2_bL2_sL0,10
2017-02-15,2020-02-18,0.37660940648094,1.2930505098006189,0.2213342786756488,0.23079913270737062,1.2889502953917318,0.22791749370046593,0.14581027377356937,True,3,EMA_N150_th2_bL2_sL0,10
2017-08-16,2020-08-17,0.3234657919138173,0.9902286665057153,0.39083209836058314,0.25102274887615894,1.0264328240586256,0.28559372098916475,0.07244304303765836,True,3,EMA_N150_th2_bL2_sL0,10
2018-02-15,2021-02-17,0.36645423763654716,1.0487934821515497,0.3908320983605831,0.27359420115981825,1.082701725449277,0.2855937209891648,0.09286003647672891,True,3,EMA_N150_th2_bL2_sL0,10
2018-08-16,2021-08-17,0.37630254834059484,1.0379925064482427,0.3908320983605831,0.27690617343223045,1.0717849593969857,0.2855937209891647,0.0993963749083644,True,3,EMA_N150_th2_bL2_sL0,10
2019-02-19,2022-02-15,0.4100376312008285,1.0693461120813046,0.3908320983605831,0.28286062701752757,1.1142230393194639,0.28559372098916475,0.1271770041833009,True,3,EMA_N150_th2_bL2_sL0,10
2019-08-19,2022-08-17,0.331137465195926,0.9729560580106484,0.39083209836058314,0.21156823783987866,0.8452604660236857,0.326543555123403,0.11956922735604736,True,3,EMA_N150_th2_bL2_sL0,10
2020-02-19,2023-02-16,0.1273883192812153,0.526734696909949,0.3990750844172618,0.09283960407449054,0.45721451375578376,0.35122525674827476,0.034548715206724756,True,3,EMA_N150_th2_bL2_sL0,10
2020-08-18,2023-08-18,0.2031235965635605,0.7424585618008964,0.41409820730808117,0.09492348441485876,0.5034759694315706,0.3512252567482747,0.10820011214870173,True,3,EMA_N150_th2_bL2_sL0,10
2021-02-18,2024-02-20,0.1544088261624319,0.6211616395016117,0.4140982073080812,0.09430077629917699,0.4934419499260951,0.35122525674827476,0.06010804986325491,True,3,EMA_N150_th2_bL2_sL0,10
2021-08-18,2024-08-20,0.12085307263347578,0.5123577150960252,0.4140982073080812,0.10592063137939833,0.530402272776276,0.3512252567482747,0.014932441254077444,True,3,EMA_N150_th2_bL2_sL0,10
2022-02-16,2025-02-21,0.182593583973502,0.7114908022692583,0.3131221187001494,0.14685088353605757,0.7068096358087302,0.29566058149729774,0.03574270043744443,True,3,EMA_N150_th2_bL2_sL0,10
2022-08-18,2025-08-22,0.26395055170442205,0.9168583371812883,0.3131221187001494,0.21025654887169765,0.9771148087420922,0.22770816026569357,0.05369400283272441,True,3,EMA_N150_th2_bL2_sL0,10
2023-02-17,2026-02-24,0.3327911294320667,1.034120816297791,0.31312211870014933,0.27169895432515045,1.312151629571798,0.22770816026569357,0.061092175106916224,True,3,EMA_N150_th2_bL2_sL0,10
2010-02-12,2015-02-13,0.1923269297779331,0.7968436026956996,0.4353309179497178,0.20900221183679957,1.185686621041964,0.16092243186503496,-0.01667528205886648,False,5,EMA_N150_th2_bL2_sL0,10
2010-08-13,2015-08-14,0.20685527826887395,0.8170588824371788,0.4353309179497178,0.21215948774264515,1.249993424311084,0.16092243186503502,-0.005304209473771193,False,5,EMA_N150_th2_bL2_sL0,10
2011-02-11,2016-02-16,0.0644526330365447,0.3728465196622451,0.43533091794971773,0.12699655480062333,0.7796896836222569,0.16099148511968958,-0.06254392176407864,False,5,EMA_N150_th2_bL2_sL0,10
2011-08-12,2016-08-15,0.13427816119575664,0.600629824816256,0.31455635310448343,0.18474833768468146,1.1117975450740156,0.16099148511968944,-0.05047017648892482,False,5,EMA_N150_th2_bL2_sL0,10
2012-02-13,2017-02-14,0.1925457439206164,0.8132676644301716,0.31455635310448343,0.1672795389755033,1.1099425100864924,0.16099148511968944,0.025266204945113113,True,5,EMA_N150_th2_bL2_sL0,10
2012-08-13,2017-08-15,0.2456648500373826,0.998518218025408,0.31455635310448343,0.17988124405019645,1.2111935342747773,0.16099148511968947,0.06578360598718613,True,5,EMA_N150_th2_bL2_sL0,10
2013-02-14,2018-02-14,0.32342434040825885,1.2161139925935684,0.3145563531044834,0.20464938513871078,1.3436612292929488,0.16099148511968944,0.11877495526954807,True,5,EMA_N150_th2_bL2_sL0,10
2013-08-15,2018-08-15,0.3129751037935735,1.1172271729553385,0.3145563531044834,0.20216704290851872,1.261805089611185,0.16099148511968944,0.1108080608850548,True,5,EMA_N150_th2_bL2_sL0,10
2014-02-14,2019-02-15,0.19873251099486988,0.8207566626476623,0.3145563531044833,0.15121064236823267,0.9206151242882608,0.22791749370046596,0.04752186862663721,True,5,EMA_N150_th2_bL2_sL0,10
2014-08-15,2019-08-16,0.1602971065025205,0.690507655944839,0.3145563531044834,0.1488124849422281,0.897405482362217,0.22791749370046596,0.011484621560292396,True,5,EMA_N150_th2_bL2_sL0,10
2015-02-17,2020-02-18,0.2253039172357505,0.892558463905564,0.3145563531044833,0.18133921961630683,1.0609295263496341,0.2279174937004659,0.04396469761944366,True,5,EMA_N150_th2_bL2_sL0,10
2015-08-17,2020-08-17,0.23033843075456928,0.8408505241280538,0.39083209836058314,0.20963943477127112,0.9886256839623289,0.2855937209891647,0.020698995983298163,True,5,EMA_N150_th2_bL2_sL0,10
2016-02-17,2021-02-17,0.3891396430931582,1.1636892419914127,0.3908320983605831,0.2778894061903683,1.255332061693388,0.2855937209891647,0.1112502369027899,True,5,EMA_N150_th2_bL2_sL0,10
2016-08-16,2021-08-17,0.42412758841626386,1.1983854309573299,0.39083209836058314,0.2664237179764837,1.1756250022769401,0.2855937209891647,0.15770387043978018,True,5,EMA_N150_th2_bL2_sL0,10
2017-02-15,2022-02-15,0.35869484639840743,1.0543716105775431,0.39083209836058314,0.23411769184776166,1.0418036833780957,0.2855937209891647,0.12457715455064577,True,5,EMA_N150_th2_bL2_sL0,10
2017-08-16,2022-08-17,0.26527685189078,0.8536640280802733,0.39083209836058314,0.18754459355718023,0.8160629335710836,0.3265435551234029,0.07773225833359976,True,5,EMA_N150_th2_bL2_sL0,10
2018-02-15,2023-02-16,0.18816605911596618,0.6970473460477197,0.3990750844172618,0.1367801711049752,0.6347106746407631,0.3512252567482747,0.05138588801099098,True,5,EMA_N150_th2_bL2_sL0,10
2018-08-16,2023-08-18,0.22452594105624835,0.7695490257597499,0.4140982073080813,0.15594282153172112,0.6880363790988601,0.35122525674827476,0.06858311952452723,True,5,EMA_N150_th2_bL2_sL0,10
2019-02-19,2024-02-20,0.3046463661791068,0.9390201799809417,0.41409820730808117,0.20767132126109833,0.8749474409013982,0.35122525674827476,0.09697504491800846,True,5,EMA_N150_th2_bL2_sL0,10
2019-08-19,2024-08-20,0.31329436444551484,0.9664374613119686,0.41409820730808117,0.21399272672920255,0.9026404397223952,0.3512252567482747,0.09930163771631229,True,5,EMA_N150_th2_bL2_sL0,10
2020-02-19,2025-02-21,0.23578191387813896,0.7787113480474586,0.41409820730808117,0.18061131330497737,0.7826187584496881,0.35122525674827476,0.05517060057316159,True,5,EMA_N150_th2_bL2_sL0,10
2020-08-18,2025-08-22,0.22735831593047418,0.8014565239710157,0.41409820730808117,0.16251335331711525,0.7712506591474291,0.3512252567482747,0.06484496261335893,True,5,EMA_N150_th2_bL2_sL0,10
2021-02-18,2026-02-24,0.1692873451464405,0.6568207076006856,0.4140982073080812,0.1351520139808513,0.670213524455228,0.35122525674827476,0.0341353311655892,True,5,EMA_N150_th2_bL2_sL0,10
2010-02-12,2017-02-14,0.1416729255837479,0.6392443222472531,0.4353309179497178,0.1792807398818741,1.0513221219969282,0.16099148511968947,-0.03760781429812621,False,7,EMA_N150_th2_bL2_sL0,10
2010-08-13,2017-08-15,0.1783277897423603,0.7487304789508736,0.4353309179497178,0.19523141731841243,1.169320897924018,0.1609914851196894,-0.016903627576052127,False,7,EMA_N150_th2_bL2_sL0,10
2011-02-11,2018-02-14,0.15094490514623238,0.6625120308636147,0.43533091794971773,0.17057065851856756,1.0522792467661675,0.16099148511968958,-0.019625753372335186,False,7,EMA_N150_th2_bL2_sL0,10
2011-08-12,2018-08-15,0.22546294398690825,0.8810334324568113,0.31455635310448343,0.2017722568632354,1.2397943067274484,0.16099148511968944,0.023690687123672838,True,7,EMA_N150_th2_bL2_sL0,10
2012-02-13,2019-02-15,0.21976665149879637,0.8890876631803954,0.31455635310448343,0.16715044568480208,1.0456586560870498,0.22791749370046593,0.05261620581399429,True,7,EMA_N150_th2_bL2_sL0,10
2012-08-13,2019-08-16,0.21975260914752037,0.8822704834738474,0.31455635310448343,0.16962140721513808,1.0541058589409626,0.22791749370046588,0.0501312019323823,True,7,EMA_N150_th2_bL2_sL0,10
2013-02-14,2020-02-18,0.3155654464270279,1.1584590253381473,0.3145563531044834,0.20654175964817867,1.2464947402435391,0.227917493700466,0.10902368677884922,True,7,EMA_N150_th2_bL2_sL0,10
2013-08-15,2020-08-17,0.2942588653787943,1.0032612471487041,0.39083209836058314,0.21560500430275176,1.0729111186146636,0.2855937209891647,0.07865386107604255,True,7,EMA_N150_th2_bL2_sL0,10
2014-02-14,2021-02-17,0.29645835080177974,0.9846190167153225,0.3908320983605831,0.21850714402664528,1.0674763165268395,0.2855937209891647,0.07795120677513445,True,7,EMA_N150_th2_bL2_sL0,10
2014-08-15,2021-08-17,0.2956911365788597,0.967867553125152,0.39083209836058314,0.2190493358006016,1.0584773026967476,0.28559372098916475,0.0766418007782581,True,7,EMA_N150_th2_bL2_sL0,10
2015-02-17,2022-02-15,0.25498112979668397,0.8614985412493279,0.39083209836058314,0.19757275075845704,0.9567650361274807,0.2855937209891647,0.05740837903822693,True,7,EMA_N150_th2_bL2_sL0,10
2015-08-17,2022-08-17,0.21657439485563512,0.7802811751476396,0.39083209836058314,0.17674476495963232,0.8341598085609537,0.32654355512340294,0.039829629896002805,True,7,EMA_N150_th2_bL2_sL0,10
2016-02-17,2023-02-16,0.25124263149275916,0.8677763195858148,0.39907508441726186,0.17714506684693143,0.8328212872119863,0.3512252567482747,0.07409756464582773,True,7,EMA_N150_th2_bL2_sL0,10
2016-08-16,2023-08-18,0.29738557082883,0.9617905061504834,0.41409820730808117,0.1823230415935828,0.8315277762456018,0.3512252567482747,0.11506252923524718,True,7,EMA_N150_th2_bL2_sL0,10
2017-02-15,2024-02-20,0.2990743792818915,0.965469235923769,0.4140982073080812,0.19518151367133507,0.8793738401662692,0.35122525674827476,0.10389286561055644,True,7,EMA_N150_th2_bL2_sL0,10
2017-08-16,2024-08-20,0.271452568634009,0.8823213108776422,0.4140982073080812,0.19606965364661444,0.8705854289518034,0.35122525674827465,0.07538291498739458,True,7,EMA_N150_th2_bL2_sL0,10
2018-02-15,2025-02-21,0.24976692822645785,0.8382944168929045,0.41409820730808117,0.18779497776579723,0.8478150608953126,0.3512252567482747,0.06197195046066062,True,7,EMA_N150_th2_bL2_sL0,10
2018-08-16,2025-08-22,0.23584480354805226,0.8031301764055098,0.4140982073080813,0.187901873111729,0.8211603798568582,0.35122525674827476,0.04794293043632325,True,7,EMA_N150_th2_bL2_sL0,10
2019-02-19,2026-02-24,0.2713788141279876,0.8760210314849154,0.41409820730808117,0.20524887348105403,0.8961686685820285,0.35122525674827476,0.06612994064693356,True,7,EMA_N150_th2_bL2_sL0,10
2010-02-12,2020-02-18,0.20885199739683258,0.8450313609362055,0.4353309179497178,0.19511790149629338,1.123574334078953,0.22791749370046596,0.0137340959005392,True,10,EMA_N150_th2_bL2_sL0,10
2010-08-13,2020-08-17,0.22045856468052727,0.8284694497562415,0.4353309179497178,0.2118114635702144,1.0892805161550163,0.28559372098916475,0.00864710111031286,True,10,EMA_N150_th2_bL2_sL0,10
2011-02-11,2021-02-17,0.2159127284141631,0.7965084210411463,0.43533091794971773,0.2026783263054459,1.0371535975669444,0.2855937209891647,0.01323440210871718,True,10,EMA_N150_th2_bL2_sL0,10
2011-08-12,2021-08-17,0.26944883287227195,0.9277652689649468,0.390832098360583,0.22412846436855705,1.1369894720561833,0.2855937209891648,0.0453203685037149,True,10,EMA_N150_th2_bL2_sL0,10
2012-02-13,2022-02-15,0.2742452758842657,0.9413464643701351,0.3908320983605831,0.20085453600993253,1.047637943601768,0.28559372098916475,0.0733907398743332,True,10,EMA_N150_th2_bL2_sL0,10
2012-08-13,2022-08-17,0.25579692723413316,0.9033233277169938,0.39083209836058314,0.18383283823846974,0.930375593384089,0.32654355512340294,0.07196408899566342,True,10,EMA_N150_th2_bL2_sL0,10
2013-02-14,2023-02-16,0.2582871624898928,0.9108888898140967,0.3990750844172618,0.17230502501338285,0.8554162389184947,0.3512252567482747,0.08598213747650996,True,10,EMA_N150_th2_bL2_sL0,10
2013-08-15,2023-08-18,0.2685607438401323,0.9173966741959158,0.41409820730808117,0.17913900541681627,0.8697541463687982,0.35122525674827465,0.08942173842331602,True,10,EMA_N150_th2_bL2_sL0,10
2014-02-14,2024-02-20,0.2508661303867057,0.8796858157308748,0.4140982073080811,0.17925899550463487,0.8760363207085489,0.35122525674827465,0.07160713488207082,True,10,EMA_N150_th2_bL2_sL0,10
2014-08-15,2024-08-20,0.23804503880291117,0.8392531476868511,0.41409820730808117,0.18274060997194574,0.8842458378568583,0.35122525674827465,0.055304428830965424,True,10,EMA_N150_th2_bL2_sL0,10
2015-02-17,2025-02-21,0.23272074671186127,0.8186092132464755,0.41409820730808117,0.18202476930405154,0.8764045545827229,0.35122525674827476,0.050695977407809734,True,10,EMA_N150_th2_bL2_sL0,10
2015-08-17,2025-08-22,0.23112315444037468,0.8201000924932318,0.4140982073080813,0.18689892831349764,0.8760261431268401,0.3512252567482747,0.04422422612687704,True,10,EMA_N150_th2_bL2_sL0,10
2016-02-17,2026-02-24,0.2731936468821541,0.9184042847548592,0.41409820730808117,0.20379132195264482,0.957331821411994,0.3512252567482747,0.06940232492950926,True,10,EMA_N150_th2_bL2_sL0,10
2010-02-12,2013-02-13,-0.0010918636285410788,0.1892163747656722,0.4890130198217433,0.1692522948338273,0.8998142336764396,0.16092243186503496,-0.1703441584623684,False,3,SMA_N200_th0_bL3_sL0,11
2010-08-13,2013-08-14,0.12335087538114853,0.48982763532863527,0.4890130198217433,0.21018069548161078,1.1347584666971475,0.16092243186503502,-0.08682982010046225,False,3,SMA_N200_th0_bL3_sL0,11
2011-02-11,2014-02-13,0.18584068126597741,0.6286140527303099,0.4890130198217433,0.1660166202132931,0.9632809937247421,0.16092243186503496,0.019824061052684305,True,3,SMA_N200_th0_bL3_sL0,11
2011-08-12,2014-08-14,0.4511284914196785,1.11941999765062,0.319383650040629,0.23440783827154754,1.4006952101671541,0.11637888959980666,0.21672065314813094,True,3,SMA_N200_th0_bL3_sL0,11
2012-02-13,2015-02-13,0.5690025215868548,1.3197826266922719,0.319383650040629,0.20846874672030702,1.436857783236581,0.11637888959980673,0.3605337748665478,True,3,SMA_N200_th0_bL3_sL0,11
2012-08-13,2015-08-14,0.5328890332834313,1.293612686268579,0.3026985922724911,0.1975009680441675,1.419011909176831,0.11637888959980656,0.3353880652392638,True,3,SMA_N200_th0_bL3_sL0,11
2013-02-14,2016-02-16,0.43978473944939167,1.112272392591319,0.3230173686023355,0.152676390260007,0.9860967026702501,0.16099148511968944,0.28710834918938466,True,3,SMA_N200_th0_bL3_sL0,11
2013-08-15,2016-08-15,0.3040081842854985,0.8338168653659337,0.4774753825013295,0.1741613800274977,1.0484903843327693,0.16099148511968944,0.12984680425800077,True,3,SMA_N200_th0_bL3_sL0,11
2014-02-14,2017-02-14,0.197886829435872,0.6688426054477355,0.47747538250132954,0.14090177667713055,0.9199800271368759,0.16099148511968947,0.05698505275874144,True,3,SMA_N200_th0_bL3_sL0,11
2014-08-15,2017-08-15,0.23194842043019315,0.761000426459469,0.47747538250132954,0.15178075867197283,0.9982726438263714,0.16099148511968941,0.08016766175822032,True,3,SMA_N200_th0_bL3_sL0,11
2015-02-17,2018-02-14,0.2593808005247489,0.8138251760320058,0.4774753825013294,0.16176407874555898,1.0463360576337393,0.16099148511968944,0.0976167217791899,True,3,SMA_N200_th0_bL3_sL0,11
2015-08-17,2018-08-15,0.3129395279039411,0.9036115365071743,0.43813609360309813,0.18353014149945834,1.1298576348904072,0.16099148511968941,0.12940938640448274,True,3,SMA_N200_th0_bL3_sL0,11
2016-02-17,2019-02-15,0.19249927449118198,0.6431849358419438,0.5190931652316056,0.19989815086267715,1.2088513717514708,0.227917493700466,-0.007398876371495167,False,3,SMA_N200_th0_bL3_sL0,11
2016-08-16,2019-08-16,0.20700252327250057,0.6451827671310117,0.5695991406526417,0.1766731465458229,1.024038301056187,0.22791749370046593,0.03032937672667768,True,3,SMA_N200_th0_bL3_sL0,11
2017-02-15,2020-02-18,0.37138493954160134,0.9569414228687814,0.5695991406526417,0.23079913270737062,1.2889502953917318,0.22791749370046593,0.14058580683423072,True,3,SMA_N200_th0_bL3_sL0,11
2017-08-16,2020-08-17,0.28350129212559483,0.7417997349391607,0.5695991406526417,0.25102274887615894,1.0264328240586256,0.28559372098916475,0.03247854324943589,True,3,SMA_N200_th0_bL3_sL0,11
2018-02-15,2021-02-17,0.33638392669811035,0.8232087147999864,0.5695991406526416,0.27359420115981825,1.082701725449277,0.2855937209891648,0.0627897255382921,True,3,SMA_N200_th0_bL3_sL0,11
2018-08-16,2021-08-17,0.3513943826489734,0.8177428612787949,0.5695991406526416,0.27690617343223045,1.0717849593969857,0.2855937209891647,0.07448820921674293,True,3,SMA_N200_th0_bL3_sL0,11
2019-02-19,2022-02-15,0.5162767949127671,1.0004637823764466,0.5507692734609579,0.28286062701752757,1.1142230393194639,0.28559372098916475,0.23341616789523956,True,3,SMA_N200_th0_bL3_sL0,11
2019-08-19,2022-08-17,0.43234615758757045,0.9450224439763244,0.5507692734609579,0.21156823783987866,0.8452604660236857,0.326543555123403,0.2207779197476918,True,3,SMA_N200_th0_bL3_sL0,11
2020-02-19,2023-02-16,0.1657750156990856,0.5762880362191706,0.5507692734609579,0.09283960407449054,0.45721451375578376,0.35122525674827476,0.07293541162459505,True,3,SMA_N200_th0_bL3_sL0,11
2020-08-18,2023-08-18,0.2740676090220353,0.7598782561623878,0.5408633772042389,0.09492348441485876,0.5034759694315706,0.3512252567482747,0.17914412460717655,True,3,SMA_N200_th0_bL3_sL0,11
2021-02-18,2024-02-20,0.2704967372428926,0.7533701243268286,0.5408633772042389,0.09430077629917699,0.4934419499260951,0.35122525674827476,0.1761959609437156,True,3,SMA_N200_th0_bL3_sL0,11
2021-08-18,2024-08-20,0.28761571925011786,0.7705486215245851,0.5408633772042389,0.10592063137939833,0.530402272776276,0.3512252567482747,0.18169508787071953,True,3,SMA_N200_th0_bL3_sL0,11
2022-02-16,2025-02-21,0.47267429244017944,1.0977504094851989,0.37371953373412264,0.14685088353605757,0.7068096358087302,0.29566058149729774,0.32582340890412187,True,3,SMA_N200_th0_bL3_sL0,11
2022-08-18,2025-08-22,0.5329881368421221,1.152079143037559,0.3737195337341226,0.21025654887169765,0.9771148087420922,0.22770816026569357,0.32273158797042445,True,3,SMA_N200_th0_bL3_sL0,11
2023-02-17,2026-02-24,0.579332053540524,1.1634182407330522,0.3737195337341226,0.27169895432515045,1.312151629571798,0.22770816026569357,0.3076330992153735,True,3,SMA_N200_th0_bL3_sL0,11
2010-02-12,2015-02-13,0.29605682823518253,0.8631677275881907,0.4890130198217433,0.20900221183679957,1.185686621041964,0.16092243186503496,0.08705461639838297,True,5,SMA_N200_th0_bL3_sL0,11
2010-08-13,2015-08-14,0.3167319968060569,0.8805030141626494,0.4890130198217433,0.21215948774264515,1.249993424311084,0.16092243186503502,0.10457250906341176,True,5,SMA_N200_th0_bL3_sL0,11
2011-02-11,2016-02-16,0.17330010168145016,0.6011148772566954,0.4890130198217433,0.12699655480062333,0.7796896836222569,0.16099148511968958,0.04630354688082683,True,5,SMA_N200_th0_bL3_sL0,11
2011-08-12,2016-08-15,0.2668482430628274,0.7915483413038896,0.4774753825013295,0.18474833768468146,1.1117975450740156,0.16099148511968944,0.08209990537814593,True,5,SMA_N200_th0_bL3_sL0,11
2012-02-13,2017-02-14,0.32255567338546,0.9226600728137665,0.4774753825013295,0.1672795389755033,1.1099425100864924,0.16099148511968944,0.1552761344099567,True,5,SMA_N200_th0_bL3_sL0,11
2012-08-13,2017-08-15,0.3691435082621395,1.033428932143522,0.47747538250132954,0.17988124405019645,1.2111935342747773,0.16099148511968947,0.18926226421194303,True,5,SMA_N200_th0_bL3_sL0,11
2013-02-14,2018-02-14,0.4906840133946706,1.239474757799009,0.4774753825013296,0.20464938513871078,1.3436612292929488,0.16099148511968944,0.2860346282559598,True,5,SMA_N200_th0_bL3_sL0,11
2013-08-15,2018-08-15,0.46790105022849904,1.1347693692155358,0.4774753825013295,0.20216704290851872,1.261805089611185,0.16099148511968944,0.2657340073199803,True,5,SMA_N200_th0_bL3_sL0,11
2014-02-14,2019-02-15,0.17655944320254147,0.6087489678987438,0.5190931652316056,0.15121064236823267,0.9206151242882608,0.22791749370046596,0.025348800834308793,True,5,SMA_N200_th0_bL3_sL0,11
2014-08-15,2019-08-16,0.12770695980986635,0.5070888174515995,0.5695991406526416,0.1488124849422281,0.897405482362217,0.22791749370046596,-0.021105525132361747,False,5,SMA_N200_th0_bL3_sL0,11
2015-02-17,2020-02-18,0.22349752193161887,0.7024221095744388,0.5695991406526417,0.18133921961630683,1.0609295263496341,0.2279174937004659,0.042158302315312035,True,5,SMA_N200_th0_bL3_sL0,11
2015-08-17,2020-08-17,0.2261609887064986,0.6837436212081515,0.5695991406526416,0.20963943477127112,0.9886256839623289,0.2855937209891647,0.016521553935227473,True,5,SMA_N200_th0_bL3_sL0,11
2016-02-17,2021-02-17,0.4401399598619009,0.9795779081581855,0.5695991406526416,0.2778894061903683,1.255332061693388,0.2855937209891647,0.16225055367153263,True,5,SMA_N200_th0_bL3_sL0,11
2016-08-16,2021-08-17,0.507189061122046,1.0418803762775488,0.5695991406526417,0.2664237179764837,1.1756250022769401,0.2855937209891647,0.2407653431455623,True,5,SMA_N200_th0_bL3_sL0,11
2017-02-15,2022-02-15,0.3521783073010203,0.8386714140035231,0.5695991406526417,0.23411769184776166,1.0418036833780957,0.2855937209891647,0.11806061545325863,True,5,SMA_N200_th0_bL3_sL0,11
2017-08-16,2022-08-17,0.2444377913234499,0.6835607175132679,0.5695991406526417,0.18754459355718023,0.8160629335710836,0.3265435551234029,0.056893197766269665,True,5,SMA_N200_th0_bL3_sL0,11
2018-02-15,2023-02-16,0.16289176021478213,0.5744665441417478,0.5695991406526416,0.1367801711049752,0.6347106746407631,0.3512252567482747,0.026111589109806932,True,5,SMA_N200_th0_bL3_sL0,11
2018-08-16,2023-08-18,0.20904748030636555,0.6330666812507342,0.5695991406526416,0.15594282153172112,0.6880363790988601,0.35122525674827476,0.05310465877464443,True,5,SMA_N200_th0_bL3_sL0,11
2019-02-19,2024-02-20,0.49007078836289497,1.0279581121131443,0.5507692734609579,0.20767132126109833,0.8749474409013982,0.35122525674827476,0.28239946710179664,True,5,SMA_N200_th0_bL3_sL0,11
2019-08-19,2024-08-20,0.5433490426918719,1.1007215646736923,0.5507692734609579,0.21399272672920255,0.9026404397223952,0.3512252567482747,0.32935631596266934,True,5,SMA_N200_th0_bL3_sL0,11
2020-02-19,2025-02-21,0.40317867361243187,0.9082274654320186,0.5507692734609579,0.18061131330497737,0.7826187584496881,0.35122525674827476,0.2225673603074545,True,5,SMA_N200_th0_bL3_sL0,11
2020-08-18,2025-08-22,0.37631348063504366,0.9098429466535846,0.5408633772042389,0.16251335331711525,0.7712506591474291,0.3512252567482747,0.2138001273179284,True,5,SMA_N200_th0_bL3_sL0,11
2021-02-18,2026-02-24,0.2832892166506342,0.7671285456154112,0.5408633772042389,0.1351520139808513,0.670213524455228,0.35122525674827476,0.14813720266978292,True,5,SMA_N200_th0_bL3_sL0,11
2010-02-12,2017-02-14,0.21159306623749097,0.6960931871846201,0.4890130198217433,0.1792807398818741,1.0513221219969282,0.16099148511968947,0.03231232635561687,True,7,SMA_N200_th0_bL3_sL0,11
2010-08-13,2017-08-15,0.26862388911767043,0.8064777615851598,0.4890130198217433,0.19523141731841243,1.169320897924018,0.1609914851196894,0.07339247179925801,True,7,SMA_N200_th0_bL3_sL0,11
2011-02-11,2018-02-14,0.2752488292811939,0.8140945981211911,0.4890130198217433,0.17057065851856756,1.0522792467661675,0.16099148511968958,0.10467817076262631,True,7,SMA_N200_th0_bL3_sL0,11
2011-08-12,2018-08-15,0.3900540614873613,1.0164386986057512,0.4774753825013295,0.2017722568632354,1.2397943067274484,0.16099148511968944,0.18828180462412591,True,7,SMA_N200_th0_bL3_sL0,11
2012-02-13,2019-02-15,0.2692590522837981,0.8018176866777739,0.5190931652316056,0.16715044568480208,1.0456586560870498,0.22791749370046593,0.10210860659899601,True,7,SMA_N200_th0_bL3_sL0,11
2012-08-13,2019-08-16,0.24715380950305055,0.7542516549190428,0.5695991406526417,0.16962140721513808,1.0541058589409626,0.22791749370046588,0.07753240228791247,True,7,SMA_N200_th0_bL3_sL0,11
2013-02-14,2020-02-18,0.39150958017937754,1.0193859801879808,0.5695991406526417,0.20654175964817867,1.2464947402435391,0.227917493700466,0.18496782053119887,True,7,SMA_N200_th0_bL3_sL0,11
2013-08-15,2020-08-17,0.3540602538911848,0.8839846168633975,0.5695991406526417,0.21560500430275176,1.0729111186146636,0.2855937209891647,0.13845524958843303,True,7,SMA_N200_th0_bL3_sL0,11
2014-02-14,2021-02-17,0.3514643558311854,0.8728249898807815,0.5695991406526417,0.21850714402664528,1.0674763165268395,0.2855937209891647,0.13295721180454012,True,7,SMA_N200_th0_bL3_sL0,11
2014-08-15,2021-08-17,0.34746368633314595,0.8606925177175844,0.5695991406526416,0.2190493358006016,1.0584773026967476,0.28559372098916475,0.12841435053254435,True,7,SMA_N200_th0_bL3_sL0,11
2015-02-17,2022-02-15,0.2513988792701576,0.7047742362054951,0.5695991406526417,0.19757275075845704,0.9567650361274807,0.2855937209891647,0.053826128511700544,True,7,SMA_N200_th0_bL3_sL0,11
2015-08-17,2022-08-17,0.21516718983725736,0.6551954145113884,0.5695991406526416,0.17674476495963232,0.8341598085609537,0.32654355512340294,0.03842242487762504,True,7,SMA_N200_th0_bL3_sL0,11
2016-02-17,2023-02-16,0.27642113753719366,0.7524403513306516,0.5695991406526416,0.17714506684693143,0.8328212872119863,0.3512252567482747,0.09927607069026223,True,7,SMA_N200_th0_bL3_sL0,11
2016-08-16,2023-08-18,0.3492780564596589,0.8533839530368228,0.5695991406526417,0.1823230415935828,0.8315277762456018,0.3512252567482747,0.1669550148660761,True,7,SMA_N200_th0_bL3_sL0,11
2017-02-15,2024-02-20,0.37990026266823684,0.9015489899344773,0.5695991406526417,0.19518151367133507,0.8793738401662692,0.35122525674827476,0.18471874899690177,True,7,SMA_N200_th0_bL3_sL0,11
2017-08-16,2024-08-20,0.36641362651088905,0.8681587546913566,0.5695991406526417,0.19606965364661444,0.8705854289518034,0.35122525674827465,0.1703439728642746,True,7,SMA_N200_th0_bL3_sL0,11
2018-02-15,2025-02-21,0.328410900069402,0.8225462627685534,0.5695991406526416,0.18779497776579723,0.8478150608953126,0.3512252567482747,0.14061592230360476,True,7,SMA_N200_th0_bL3_sL0,11
2018-08-16,2025-08-22,0.2968439113782422,0.7701112617338902,0.5695991406526416,0.187901873111729,0.8211603798568582,0.35122525674827476,0.10894203826651316,True,7,SMA_N200_th0_bL3_sL0,11
2019-02-19,2026-02-24,0.4339099225304617,0.9623679581231165,0.5507692734609579,0.20524887348105403,0.8961686685820285,0.35122525674827476,0.22866104904940765,True,7,SMA_N200_th0_bL3_sL0,11
2010-02-12,2020-02-18,0.25948086449914287,0.7804700779744164,0.5695991406526417,0.19511790149629338,1.123574334078953,0.22791749370046596,0.0643629630028495,True,10,SMA_N200_th0_bL3_sL0,11
2010-08-13,2020-08-17,0.27360648789966424,0.7728795526173755,0.5695991406526417,0.2118114635702144,1.0892805161550163,0.28559372098916475,0.06179502432944983,True,10,SMA_N200_th0_bL3_sL0,11
2011-02-11,2021-02-17,0.299755564972215,0.8041296484277705,0.5695991406526416,0.2026783263054459,1.0371535975669444,0.2855937209891647,0.0970772386667691,True,10,SMA_N200_th0_bL3_sL0,11
2011-08-12,2021-08-17,0.3794315478234489,0.9251071911290276,0.5695991406526417,0.22412846436855705,1.1369894720561833,0.2855937209891648,0.15530308345489185,True,10,SMA_N200_th0_bL3_sL0,11
2012-02-13,2022-02-15,0.3394173262628053,0.8627832082468683,0.5695991406526417,0.20085453600993253,1.047637943601768,0.28559372098916475,0.13856279025287277,True,10,SMA_N200_th0_bL3_sL0,11
2012-08-13,2022-08-17,0.3058428775492732,0.81443688819862,0.5695991406526417,0.18383283823846974,0.930375593384089,0.32654355512340294,0.12201003931080345,True,10,SMA_N200_th0_bL3_sL0,11
2013-02-14,2023-02-16,0.32320900790564333,0.843943572459975,0.5695991406526417,0.17230502501338285,0.8554162389184947,0.3512252567482747,0.15090398289226048,True,10,SMA_N200_th0_bL3_sL0,11
2013-08-15,2023-08-18,0.3332676183112184,0.8439385925034809,0.5695991406526417,0.17913900541681627,0.8697541463687982,0.35122525674827465,0.15412861289440216,True,10,SMA_N200_th0_bL3_sL0,11
2014-02-14,2024-02-20,0.32471281261397866,0.8384521991300934,0.5695991406526417,0.17925899550463487,0.8760363207085489,0.35122525674827465,0.1454538171093438,True,10,SMA_N200_th0_bL3_sL0,11
2014-08-15,2024-08-20,0.32516434841517095,0.8346597023809099,0.5695991406526416,0.18274060997194574,0.8842458378568583,0.35122525674827465,0.1424237384432252,True,10,SMA_N200_th0_bL3_sL0,11
2015-02-17,2025-02-21,0.31386496089295157,0.8117043736087831,0.5695991406526417,0.18202476930405154,0.8764045545827229,0.35122525674827476,0.13184019158890004,True,10,SMA_N200_th0_bL3_sL0,11
2015-08-17,2025-08-22,0.30270243181039147,0.7989066726567982,0.5695991406526416,0.18689892831349764,0.8760261431268401,0.3512252567482747,0.11580350349689383,True,10,SMA_N200_th0_bL3_sL0,11
2016-02-17,2026-02-24,0.3574461313725954,0.8772913463499066,0.5695991406526416,0.20379132195264482,0.957331821411994,0.3512252567482747,0.15365480941995058,True,10,SMA_N200_th0_bL3_sL0,11
2010-02-12,2013-02-13,0.03445187725612642,0.32821855944266437,0.21279743829268963,0.1692522948338273,0.8998142336764396,0.16092243186503496,-0.1348004175777009,False,3,SMA_N150_th0_bL1_sL0,12
2010-08-13,2013-08-14,0.07951848257117233,0.6237374261442329,0.21279743829268963,0.21018069548161078,1.1347584666971475,0.16092243186503502,-0.13066221291043845,False,3,SMA_N150_th0_bL1_sL0,12
2011-02-11,2014-02-13,0.06454333584787375,0.5362255516679022,0.21279743829268954,0.1660166202132931,0.9632809937247421,0.16092243186503496,-0.10147328436541936,False,3,SMA_N150_th0_bL1_sL0,12
2011-08-12,2014-08-14,0.10983559798199649,0.8357093945881414,0.21279743829268963,0.23440783827154754,1.4006952101671541,0.11637888959980666,-0.12457224028955105,False,3,SMA_N150_th0_bL1_sL0,12
2012-02-13,2015-02-13,0.12147783192166806,0.932670973732964,0.21279743829268963,0.20846874672030702,1.436857783236581,0.11637888959980673,-0.08699091479863896,False,3,SMA_N150_th0_bL1_sL0,12
2012-08-13,2015-08-14,0.14313332068412166,1.0952528269479556,0.15662087761948112,0.1975009680441675,1.419011909176831,0.11637888959980656,-0.054367647360045845,False,3,SMA_N150_th0_bL1_sL0,12
2013-02-14,2016-02-16,0.1628733131255342,1.2177289577058232,0.07945613255519587,0.152676390260007,0.9860967026702501,0.16099148511968944,0.010196922865527203,True,3,SMA_N150_th0_bL1_sL0,12
2013-08-15,2016-08-15,0.13102106469358166,0.9809452570922514,0.116436437110749,0.1741613800274977,1.0484903843327693,0.16099148511968944,-0.043140315333916046,False,3,SMA_N150_th0_bL1_sL0,12
2014-02-14,2017-02-14,0.09898346523537271,0.822777977450009,0.11643643711074904,0.14090177667713055,0.9199800271368759,0.16099148511968947,-0.04191831144175784,False,3,SMA_N150_th0_bL1_sL0,12
2014-08-15,2017-08-15,0.1134761842914851,0.9538192065446183,0.116436437110749,0.15178075867197283,0.9982726438263714,0.16099148511968941,-0.03830457438048773,False,3,SMA_N150_th0_bL1_sL0,12
2015-02-17,2018-02-14,0.12680705833771255,1.0400277425278617,0.11643643711074887,0.16176407874555898,1.0463360576337393,0.16099148511968944,-0.03495702040784643,False,3,SMA_N150_th0_bL1_sL0,12
2015-08-17,2018-08-15,0.1492243047609796,1.1341383180890077,0.11643643711074898,0.18353014149945834,1.1298576348904072,0.16099148511968941,-0.03430583673847876,False,3,SMA_N150_th0_bL1_sL0,12
2016-02-17,2019-02-15,0.12435592087897684,0.9708782560641314,0.13267197466102137,0.19989815086267715,1.2088513717514708,0.227917493700466,-0.0755422299837003,False,3,SMA_N150_th0_bL1_sL0,12
2016-08-16,2019-08-16,0.13446410487799976,0.9655392451637574,0.14287081096900275,0.1766731465458229,1.024038301056187,0.22791749370046593,-0.04220904166782313,False,3,SMA_N150_th0_bL1_sL0,12
2017-02-15,2020-02-18,0.1811488476431844,1.2537350286180435,0.1428708109690027,0.23079913270737062,1.2889502953917318,0.22791749370046593,-0.04965028506418623,False,3,SMA_N150_th0_bL1_sL0,12
2017-08-16,2020-08-17,0.16100056644055405,0.9289903561344218,0.22343348977308075,0.25102274887615894,1.0264328240586256,0.28559372098916475,-0.09002218243560489,False,3,SMA_N150_th0_bL1_sL0,12
2018-02-15,2021-02-17,0.18194780254018172,0.9899144675091508,0.22343348977308067,0.27359420115981825,1.082701725449277,0.2855937209891648,-0.09164639861963653,False,3,SMA_N150_th0_bL1_sL0,12
2018-08-16,2021-08-17,0.1906484100931385,0.9989505327058947,0.22343348977308075,0.27690617343223045,1.0717849593969857,0.2855937209891647,-0.08625776333909196,False,3,SMA_N150_th0_bL1_sL0,12
2019-02-19,2022-02-15,0.23790582607428057,1.1595468118244596,0.22343348977308067,0.28286062701752757,1.1142230393194639,0.28559372098916475,-0.044954800943247,False,3,SMA_N150_th0_bL1_sL0,12
2019-08-19,2022-08-17,0.20009845486357025,1.0747989840260919,0.22343348977308072,0.21156823783987866,0.8452604660236857,0.326543555123403,-0.011469782976308407,False,3,SMA_N150_th0_bL1_sL0,12
2020-02-19,2023-02-16,0.11734806396223396,0.6994614824354182,0.22343348977308075,0.09283960407449054,0.45721451375578376,0.35122525674827476,0.024508459887743417,True,3,SMA_N150_th0_bL1_sL0,12
2020-08-18,2023-08-18,0.15762007845133352,0.9927719562994648,0.15122451776040688,0.09492348441485876,0.5034759694315706,0.3512252567482747,0.06269659403647476,True,3,SMA_N150_th0_bL1_sL0,12
2021-02-18,2024-02-20,0.1486038281317823,1.0097109737568823,0.15122451776040685,0.09430077629917699,0.4934419499260951,0.35122525674827476,0.05430305183260531,True,3,SMA_N150_th0_bL1_sL0,12
2021-08-18,2024-08-20,0.148561744449913,1.001996158321432,0.15122451776040674,0.10592063137939833,0.530402272776276,0.3512252567482747,0.04264111307051466,True,3,SMA_N150_th0_bL1_sL0,12
2022-02-16,2025-02-21,0.16970729967921683,1.1358099044420584,0.13837587077278568,0.14685088353605757,0.7068096358087302,0.29566058149729774,0.022856416143159253,True,3,SMA_N150_th0_bL1_sL0,12
2022-08-18,2025-08-22,0.19218208724449748,1.2153714683207637,0.13837587077278563,0.21025654887169765,0.9771148087420922,0.22770816026569357,-0.018074461627200167,False,3,SMA_N150_th0_bL1_sL0,12
2023-02-17,2026-02-24,0.20958537218107431,1.241812055898769,0.13837587077278574,0.27169895432515045,1.312151629571798,0.22770816026569357,-0.06211358214407614,False,3,SMA_N150_th0_bL1_sL0,12
2010-02-12,2015-02-13,0.11874976117966818,0.9281355119680985,0.21279743829268963,0.20900221183679957,1.185686621041964,0.16092243186503496,-0.09025245065713139,False,5,SMA_N150_th0_bL1_sL0,12
2010-08-13,2015-08-14,0.123262513196994,0.9210673063598869,0.21279743829268963,0.21215948774264515,1.249993424311084,0.16092243186503502,-0.08889697454565115,False,5,SMA_N150_th0_bL1_sL0,12
2011-02-11,2016-02-16,0.07276378151952279,0.5929586828900856,0.21279743829268954,0.12699655480062333,0.7796896836222569,0.16099148511968958,-0.054232773281100544,False,5,SMA_N150_th0_bL1_sL0,12
2011-08-12,2016-08-15,0.08921122714757734,0.7108221315435935,0.21279743829268963,0.18474833768468146,1.1117975450740156,0.16099148511968944,-0.09553711053710412,False,5,SMA_N150_th0_bL1_sL0,12
2012-02-13,2017-02-14,0.0958762814680143,0.7881819476238102,0.21279743829268963,0.1672795389755033,1.1099425100864924,0.16099148511968944,-0.07140325750748899,False,5,SMA_N150_th0_bL1_sL0,12
2012-08-13,2017-08-15,0.13060370110282182,1.0580974570207087,0.15662087761948112,0.17988124405019645,1.2111935342747773,0.16099148511968947,-0.04927754294737463,False,5,SMA_N150_th0_bL1_sL0,12
2013-02-14,2018-02-14,0.17790853728852318,1.3579334639291298,0.116436437110749,0.20464938513871078,1.3436612292929488,0.16099148511968944,-0.0267408478501876,False,5,SMA_N150_th0_bL1_sL0,12
2013-08-15,2018-08-15,0.17214673576135753,1.2333568993152801,0.116436437110749,0.20216704290851872,1.261805089611185,0.16099148511968944,-0.030020307147161196,False,5,SMA_N150_th0_bL1_sL0,12
2014-02-14,2019-02-15,0.10806807103328797,0.8535482858423158,0.13267197466102143,0.15121064236823267,0.9206151242882608,0.22791749370046596,-0.0431425713349447,False,5,SMA_N150_th0_bL1_sL0,12
2014-08-15,2019-08-16,0.10135283037732767,0.7925438706741003,0.14287081096900275,0.1488124849422281,0.897405482362217,0.22791749370046596,-0.04745965456490042,False,5,SMA_N150_th0_bL1_sL0,12
2015-02-17,2020-02-18,0.1316026548776541,0.9967939559989503,0.1428708109690028,0.18133921961630683,1.0609295263496341,0.2279174937004659,-0.04973656473865273,False,5,SMA_N150_th0_bL1_sL0,12
2015-08-17,2020-08-17,0.13967143559663753,0.9295205642100319,0.2234334897730806,0.20963943477127112,0.9886256839623289,0.2855937209891647,-0.06996799917463359,False,5,SMA_N150_th0_bL1_sL0,12
2016-02-17,2021-02-17,0.1938445980457324,1.1372927306334946,0.22343348977308064,0.2778894061903683,1.255332061693388,0.2855937209891647,-0.08404480814463589,False,5,SMA_N150_th0_bL1_sL0,12
2016-08-16,2021-08-17,0.21095965603810307,1.174606127804396,0.22343348977308067,0.2664237179764837,1.1756250022769401,0.2855937209891647,-0.055464061938380604,False,5,SMA_N150_th0_bL1_sL0,12
2017-02-15,2022-02-15,0.18912392607188666,1.0609612307613736,0.22343348977308075,0.23411769184776166,1.0418036833780957,0.2855937209891647,-0.044993765775874994,False,5,SMA_N150_th0_bL1_sL0,12
2017-08-16,2022-08-17,0.15520385148473625,0.9076014520608957,0.22343348977308075,0.18754459355718023,0.8160629335710836,0.3265435551234029,-0.03234074207244397,False,5,SMA_N150_th0_bL1_sL0,12
2018-02-15,2023-02-16,0.12390295636593973,0.7814428489696179,0.22343348977308067,0.1367801711049752,0.6347106746407631,0.3512252567482747,-0.01287721473903547,False,5,SMA_N150_th0_bL1_sL0,12
2018-08-16,2023-08-18,0.1460997500946648,0.8807286062197764,0.22343348977308075,0.15594282153172112,0.6880363790988601,0.35122525674827476,-0.009843071437056317,False,5,SMA_N150_th0_bL1_sL0,12
2019-02-19,2024-02-20,0.20768063342491172,1.1602994888765832,0.22343348977308067,0.20767132126109833,0.8749474409013982,0.35122525674827476,9.312163813390839e-06,True,5,SMA_N150_th0_bL1_sL0,12
2019-08-19,2024-08-20,0.2137625829804548,1.1930100878717922,0.22343348977308072,0.21399272672920255,0.9026404397223952,0.3512252567482747,-0.00023014374874774646,False,5,SMA_N150_th0_bL1_sL0,12
2020-02-19,2025-02-21,0.1799476100683488,1.0104200529156278,0.22343348977308075,0.18061131330497737,0.7826187584496881,0.35122525674827476,-0.0006637032366285656,False,5,SMA_N150_th0_bL1_sL0,12
2020-08-18,2025-08-22,0.17202581944413153,1.0680838482571036,0.15122451776040688,0.16251335331711525,0.7712506591474291,0.3512252567482747,0.009512466127016284,True,5,SMA_N150_th0_bL1_sL0,12
2021-02-18,2026-02-24,0.13897435517768675,0.9245544729562033,0.15122451776040685,0.1351520139808513,0.670213524455228,0.35122525674827476,0.0038223411968354437,True,5,SMA_N150_th0_bL1_sL0,12
2010-02-12,2017-02-14,0.10121792806581298,0.8249154630244142,0.21279743829268963,0.1792807398818741,1.0513221219969282,0.16099148511968947,-0.07806281181606112,False,7,SMA_N150_th0_bL1_sL0,12
2010-08-13,2017-08-15,0.12005732643967093,0.9376963702324033,0.21279743829268963,0.19523141731841243,1.169320897924018,0.1609914851196894,-0.0751740908787415,False,7,SMA_N150_th0_bL1_sL0,12
2011-02-11,2018-02-14,0.10790387009304392,0.8502221433806235,0.21279743829268954,0.17057065851856756,1.0522792467661675,0.16099148511968958,-0.06266678842552365,False,7,SMA_N150_th0_bL1_sL0,12
2011-08-12,2018-08-15,0.12944638537240505,0.9695838501380373,0.21279743829268963,0.2017722568632354,1.2397943067274484,0.16099148511968944,-0.07232587149083036,False,7,SMA_N150_th0_bL1_sL0,12
2012-02-13,2019-02-15,0.10323045877440507,0.8207092538302514,0.21279743829268963,0.16715044568480208,1.0456586560870498,0.22791749370046593,-0.06391998691039702,False,7,SMA_N150_th0_bL1_sL0,12
2012-08-13,2019-08-16,0.11691448058065546,0.9059609808676883,0.15662087761948112,0.16962140721513808,1.0541058589409626,0.22791749370046588,-0.05270692663448262,False,7,SMA_N150_th0_bL1_sL0,12
2013-02-14,2020-02-18,0.16660046481355995,1.2255890379061969,0.14287081096900278,0.20654175964817867,1.2464947402435391,0.227917493700466,-0.039941294834618724,False,7,SMA_N150_th0_bL1_sL0,12
2013-08-15,2020-08-17,0.15862040314538972,1.0429126963910158,0.22343348977308075,0.21560500430275176,1.0729111186146636,0.2855937209891647,-0.056984601157362036,False,7,SMA_N150_th0_bL1_sL0,12
2014-02-14,2021-02-17,0.16138649762918966,1.0227654306083314,0.22343348977308072,0.21850714402664528,1.0674763165268395,0.2855937209891647,-0.05712064639745562,False,7,SMA_N150_th0_bL1_sL0,12
2014-08-15,2021-08-17,0.16370140159546498,1.0159346074218087,0.2234334897730808,0.2190493358006016,1.0584773026967476,0.28559372098916475,-0.05534793420513662,False,7,SMA_N150_th0_bL1_sL0,12
2015-02-17,2022-02-15,0.15106891532902722,0.9392920147856934,0.22343348977308075,0.19757275075845704,0.9567650361274807,0.2855937209891647,-0.04650383542942982,False,7,SMA_N150_th0_bL1_sL0,12
2015-08-17,2022-08-17,0.14164057307199096,0.9114334408330032,0.2234334897730806,0.17674476495963232,0.8341598085609537,0.32654355512340294,-0.035104191887641356,False,7,SMA_N150_th0_bL1_sL0,12
2016-02-17,2023-02-16,0.1483832870971875,0.9452767274096151,0.22343348977308064,0.17714506684693143,0.8328212872119863,0.3512252567482747,-0.02876177974974392,False,7,SMA_N150_th0_bL1_sL0,12
2016-08-16,2023-08-18,0.17274313928184193,1.048951181950845,0.22343348977308067,0.1823230415935828,0.8315277762456018,0.3512252567482747,-0.009579902311740884,False,7,SMA_N150_th0_bL1_sL0,12
2017-02-15,2024-02-20,0.18182229982137343,1.0916411806086403,0.22343348977308075,0.19518151367133507,0.8793738401662692,0.35122525674827476,-0.013359213849961638,False,7,SMA_N150_th0_bL1_sL0,12
2017-08-16,2024-08-20,0.1773443173478524,1.0417624764388103,0.22343348977308075,0.19606965364661444,0.8705854289518034,0.35122525674827465,-0.018725336298762052,False,7,SMA_N150_th0_bL1_sL0,12
2018-02-15,2025-02-21,0.16656496758700468,0.9924294819418218,0.22343348977308067,0.18779497776579723,0.8478150608953126,0.3512252567482747,-0.021230010178792558,False,7,SMA_N150_th0_bL1_sL0,12
2018-08-16,2025-08-22,0.1595775792665164,0.9624879021612279,0.22343348977308075,0.187901873111729,0.8211603798568582,0.35122525674827476,-0.028324293845212623,False,7,SMA_N150_th0_bL1_sL0,12
2019-02-19,2026-02-24,0.18335248819689665,1.0659321892600642,0.22343348977308067,0.20524887348105403,0.8961686685820285,0.35122525674827476,-0.021896385284157383,False,7,SMA_N150_th0_bL1_sL0,12
2010-02-12,2020-02-18,0.12521042016775774,0.9628012953232195,0.21279743829268963,0.19511790149629338,1.123574334078953,0.22791749370046596,-0.06990748132853564,False,10,SMA_N150_th0_bL1_sL0,12
2010-08-13,2020-08-17,0.1323205053427281,0.9235605981558735,0.2234334897730807,0.2118114635702144,1.0892805161550163,0.28559372098916475,-0.07949095822748631,False,10,SMA_N150_th0_bL1_sL0,12
2011-02-11,2021-02-17,0.13163044302353666,0.8884039397575306,0.2234334897730807,0.2026783263054459,1.0371535975669444,0.2855937209891647,-0.07104788328190925,False,10,SMA_N150_th0_bL1_sL0,12
2011-08-12,2021-08-17,0.14777411184303935,0.9653504250019725,0.2234334897730806,0.22412846436855705,1.1369894720561833,0.2855937209891648,-0.0763543525255177,False,10,SMA_N150_th0_bL1_sL0,12
2012-02-13,2022-02-15,0.14216183077005362,0.9343067488076867,0.22343348977308072,0.20085453600993253,1.047637943601768,0.28559372098916475,-0.058692705239878906,False,10,SMA_N150_th0_bL1_sL0,12
2012-08-13,2022-08-17,0.1429752961918851,0.9548646727469711,0.2234334897730806,0.18383283823846974,0.930375593384089,0.32654355512340294,-0.04085754204658465,False,10,SMA_N150_th0_bL1_sL0,12
2013-02-14,2023-02-16,0.15264390692934904,1.0120146447653164,0.2234334897730807,0.17230502501338285,0.8554162389184947,0.3512252567482747,-0.019661118084033813,False,10,SMA_N150_th0_bL1_sL0,12
2013-08-15,2023-08-18,0.1593632723709515,1.0259209865035968,0.22343348977308075,0.17913900541681627,0.8697541463687982,0.35122525674827465,-0.019775733045864774,False,10,SMA_N150_th0_bL1_sL0,12
2014-02-14,2024-02-20,0.15696437559453602,1.0183504260209115,0.22343348977308072,0.17925899550463487,0.8760363207085489,0.35122525674827465,-0.022294619910098845,False,10,SMA_N150_th0_bL1_sL0,12
2014-08-15,2024-08-20,0.1579522608226962,1.01075472566718,0.2234334897730808,0.18274060997194574,0.8842458378568583,0.35122525674827465,-0.024788349149249544,False,10,SMA_N150_th0_bL1_sL0,12
2015-02-17,2025-02-21,0.15655926897899386,0.9926990571149104,0.22343348977308075,0.18202476930405154,0.8764045545827229,0.35122525674827476,-0.025465500325057677,False,10,SMA_N150_th0_bL1_sL0,12
2015-08-17,2025-08-22,0.15677701145525091,1.0001159171640077,0.2234334897730806,0.18689892831349764,0.8760261431268401,0.3512252567482747,-0.030121916858246722,False,10,SMA_N150_th0_bL1_sL0,12
2016-02-17,2026-02-24,0.16550464373639473,1.0348861855044804,0.22343348977308064,0.20379132195264482,0.957331821411994,0.3512252567482747,-0.03828667821625009,False,10,SMA_N150_th0_bL1_sL0,12
2010-02-12,2013-02-13,0.13330294990055958,0.5253497552044035,0.4156086267634122,0.1692522948338273,0.8998142336764396,0.16092243186503496,-0.035949344933267735,False,3,EMA_N100_th0_bL3_sL0,13
2010-08-13,2013-08-14,0.26008068033983167,0.7881457061810316,0.4156086267634122,0.21018069548161078,1.1347584666971475,0.16092243186503502,0.04989998485822089,True,3,EMA_N100_th0_bL3_sL0,13
2011-02-11,2014-02-13,0.15998528671613488,0.5928228082066697,0.41560862676341215,0.1660166202132931,0.9632809937247421,0.16092243186503496,-0.006031333497158231,False,3,EMA_N100_th0_bL3_sL0,13
2011-08-12,2014-08-14,0.306766578489041,0.8920067359934047,0.36095234164888856,0.23440783827154754,1.4006952101671541,0.11637888959980666,0.07235874021749344,True,3,EMA_N100_th0_bL3_sL0,13
2012-02-13,2015-02-13,0.3514966646451396,1.0158368809598175,0.3609523416488886,0.20846874672030702,1.436857783236581,0.11637888959980673,0.1430279179248326,True,3,EMA_N100_th0_bL3_sL0,13
2012-08-13,2015-08-14,0.34933913481614054,0.9970174365543006,0.30050998012039365,0.1975009680441675,1.419011909176831,0.11637888959980656,0.15183816677197304,True,3,EMA_N100_th0_bL3_sL0,13
2013-02-14,2016-02-16,0.3632811629660715,1.0009286229531098,0.22088214944457044,0.152676390260007,0.9860967026702501,0.16099148511968944,0.21060477270606448,True,3,EMA_N100_th0_bL3_sL0,13
2013-08-15,2016-08-15,0.289616238142151,0.8223143637227899,0.33635653521803216,0.1741613800274977,1.0484903843327693,0.16099148511968944,0.11545485811465328,True,3,EMA_N100_th0_bL3_sL0,13
2014-02-14,2017-02-14,0.13965314334775458,0.546356257380463,0.33635653521803216,0.14090177667713055,0.9199800271368759,0.16099148511968947,-0.00124863332937597,False,3,EMA_N100_th0_bL3_sL0,13
2014-08-15,2017-08-15,0.20474945450962379,0.7174965770332794,0.3363565352180321,0.15178075867197283,0.9982726438263714,0.16099148511968941,0.05296869583765096,True,3,EMA_N100_th0_bL3_sL0,13
2015-02-17,2018-02-14,0.2583813921180471,0.826942000269284,0.33635653521803227,0.16176407874555898,1.0463360576337393,0.16099148511968944,0.09661731337248813,True,3,EMA_N100_th0_bL3_sL0,13
2015-08-17,2018-08-15,0.20912062659283537,0.7195534510830374,0.4580142160349222,0.18353014149945834,1.1298576348904072,0.16099148511968941,0.025590485093377024,True,3,EMA_N100_th0_bL3_sL0,13
2016-02-17,2019-02-15,0.24668295093148052,0.7926441681386778,0.4580142160349222,0.19989815086267715,1.2088513717514708,0.227917493700466,0.04678480006880337,True,3,EMA_N100_th0_bL3_sL0,13
2016-08-16,2019-08-16,0.18200785407847775,0.6183238642921481,0.4580142160349222,0.1766731465458229,1.024038301056187,0.22791749370046593,0.005334707532654859,True,3,EMA_N100_th0_bL3_sL0,13
2017-02-15,2020-02-18,0.32113097212088393,0.9206908093601516,0.45841570896729994,0.23079913270737062,1.2889502953917318,0.22791749370046593,0.0903318394135133,True,3,EMA_N100_th0_bL3_sL0,13
2017-08-16,2020-08-17,0.2869194327338549,0.778086716973796,0.47406147383429803,0.25102274887615894,1.0264328240586256,0.28559372098916475,0.035896683857695955,True,3,EMA_N100_th0_bL3_sL0,13
2018-02-15,2021-02-17,0.3620383535259788,0.8876075924395617,0.474061473834298,0.27359420115981825,1.082701725449277,0.2855937209891648,0.08844415236616054,True,3,EMA_N100_th0_bL3_sL0,13
2018-08-16,2021-08-17,0.412994246344208,0.9254210969074185,0.47406147383429803,0.27690617343223045,1.0717849593969857,0.2855937209891647,0.13608807291197755,True,3,EMA_N100_th0_bL3_sL0,13
2019-02-19,2022-02-15,0.3857386790715349,0.8735467275484828,0.47406147383429803,0.28286062701752757,1.1142230393194639,0.28559372098916475,0.10287805205400735,True,3,EMA_N100_th0_bL3_sL0,13
2019-08-19,2022-08-17,0.4171673345190934,0.9488309550150281,0.47406147383429803,0.21156823783987866,0.8452604660236857,0.326543555123403,0.20559909667921472,True,3,EMA_N100_th0_bL3_sL0,13
2020-02-19,2023-02-16,0.16839455584160046,0.5798591126741685,0.474061473834298,0.09283960407449054,0.45721451375578376,0.35122525674827476,0.07555495176710991,True,3,EMA_N100_th0_bL3_sL0,13
2020-08-18,2023-08-18,0.22687044793828393,0.6805318514493136,0.42692160867906065,0.09492348441485876,0.5034759694315706,0.3512252567482747,0.13194696352342516,True,3,EMA_N100_th0_bL3_sL0,13
2021-02-18,2024-02-20,0.13658137004811333,0.5008213457119114,0.4269216086790606,0.09430077629917699,0.4934419499260951,0.35122525674827476,0.042280593748936335,True,3,EMA_N100_th0_bL3_sL0,13
2021-08-18,2024-08-20,0.1718588232741085,0.5574808584245489,0.4269216086790606,0.10592063137939833,0.530402272776276,0.3512252567482747,0.06593819189471017,True,3,EMA_N100_th0_bL3_sL0,13
2022-02-16,2025-02-21,0.21875327012974077,0.6641552660141266,0.38357554003172095,0.14685088353605757,0.7068096358087302,0.29566058149729774,0.0719023865936832,True,3,EMA_N100_th0_bL3_sL0,13
2022-08-18,2025-08-22,0.30857143994186575,0.8179578985403102,0.383575540031721,0.21025654887169765,0.9771148087420922,0.22770816026569357,0.09831489107016811,True,3,EMA_N100_th0_bL3_sL0,13
2023-02-17,2026-02-24,0.36609462972493567,0.8823343467194644,0.38357554003172106,0.27169895432515045,1.312151629571798,0.22770816026569357,0.09439567539978522,True,3,EMA_N100_th0_bL3_sL0,13
2010-02-12,2015-02-13,0.32610964079075266,0.9414317282497421,0.4156086267634122,0.20900221183679957,1.185686621041964,0.16092243186503496,0.1171074289539531,True,5,EMA_N100_th0_bL3_sL0,13
2010-08-13,2015-08-14,0.33478714500031703,0.9360265118999951,0.4156086267634122,0.21215948774264515,1.249993424311084,0.16092243186503502,0.12262765725767188,True,5,EMA_N100_th0_bL3_sL0,13
2011-02-11,2016-02-16,0.13588867170566243,0.5335820001174729,0.41560862676341215,0.12699655480062333,0.7796896836222569,0.16099148511968958,0.008892116905039105,True,5,EMA_N100_th0_bL3_sL0,13
2011-08-12,2016-08-15,0.20145793156166714,0.675886888777935,0.36095234164888856,0.18474833768468146,1.1117975450740156,0.16099148511968944,0.016709593876985673,True,5,EMA_N100_th0_bL3_sL0,13
2012-02-13,2017-02-14,0.220680949517297,0.7475204267452631,0.3609523416488886,0.1672795389755033,1.1099425100864924,0.16099148511968944,0.053401410541793704,True,5,EMA_N100_th0_bL3_sL0,13
2012-08-13,2017-08-15,0.30092753884312073,0.9236266658033027,0.3363565352180322,0.17988124405019645,1.2111935342747773,0.16099148511968947,0.12104629479292428,True,5,EMA_N100_th0_bL3_sL0,13
2013-02-14,2018-02-14,0.4133813589848534,1.1231519369358514,0.3363565352180321,0.20464938513871078,1.3436612292929488,0.16099148511968944,0.20873197384614262,True,5,EMA_N100_th0_bL3_sL0,13
2013-08-15,2018-08-15,0.3220376119420041,0.8994019572137635,0.45801421603492215,0.20216704290851872,1.261805089611185,0.16099148511968944,0.11987056903348536,True,5,EMA_N100_th0_bL3_sL0,13
2014-02-14,2019-02-15,0.18537132664371803,0.6473521435250211,0.4580142160349222,0.15121064236823267,0.9206151242882608,0.22791749370046596,0.03416068427548535,True,5,EMA_N100_th0_bL3_sL0,13
2014-08-15,2019-08-16,0.12465854143142119,0.5098155661106918,0.45801421603492215,0.1488124849422281,0.897405482362217,0.22791749370046596,-0.024153943510806908,False,5,EMA_N100_th0_bL3_sL0,13
2015-02-17,2020-02-18,0.20762739318393986,0.6950414111082918,0.45841570896729994,0.18133921961630683,1.0609295263496341,0.2279174937004659,0.026288173567633022,True,5,EMA_N100_th0_bL3_sL0,13
2015-08-17,2020-08-17,0.25968064056426843,0.774550603801805,0.47406147383429803,0.20963943477127112,0.9886256839623289,0.2855937209891647,0.05004120579299731,True,5,EMA_N100_th0_bL3_sL0,13
2016-02-17,2021-02-17,0.4270869811014515,1.004019201924891,0.47406147383429803,0.2778894061903683,1.255332061693388,0.2855937209891647,0.1491975749110832,True,5,EMA_N100_th0_bL3_sL0,13
2016-08-16,2021-08-17,0.4035049430668469,0.9430471536268523,0.474061473834298,0.2664237179764837,1.1756250022769401,0.2855937209891647,0.13708122509036325,True,5,EMA_N100_th0_bL3_sL0,13
2017-02-15,2022-02-15,0.3298652025074398,0.8351274313149266,0.47406147383429803,0.23411769184776166,1.0418036833780957,0.2855937209891647,0.09574751065967813,True,5,EMA_N100_th0_bL3_sL0,13
2017-08-16,2022-08-17,0.24979092176475848,0.7055274339424672,0.47406147383429803,0.18754459355718023,0.8160629335710836,0.3265435551234029,0.06224632820757825,True,5,EMA_N100_th0_bL3_sL0,13
2018-02-15,2023-02-16,0.14990105581959412,0.5549675599703505,0.474061473834298,0.1367801711049752,0.6347106746407631,0.3512252567482747,0.013120884714618919,True,5,EMA_N100_th0_bL3_sL0,13
2018-08-16,2023-08-18,0.2757892949856613,0.7478120761426713,0.47406147383429803,0.15594282153172112,0.6880363790988601,0.35122525674827476,0.11984647345394017,True,5,EMA_N100_th0_bL3_sL0,13
2019-02-19,2024-02-20,0.3448430200527093,0.8450957943325912,0.47406147383429803,0.20767132126109833,0.8749474409013982,0.35122525674827476,0.13717169879161095,True,5,EMA_N100_th0_bL3_sL0,13
2019-08-19,2024-08-20,0.3753922873100686,0.8994670695607857,0.47406147383429803,0.21399272672920255,0.9026404397223952,0.3512252567482747,0.16139956058086602,True,5,EMA_N100_th0_bL3_sL0,13
2020-02-19,2025-02-21,0.2598566978528323,0.7169956099176757,0.474061473834298,0.18061131330497737,0.7826187584496881,0.35122525674827476,0.0792453845478549,True,5,EMA_N100_th0_bL3_sL0,13
2020-08-18,2025-08-22,0.2567433174568523,0.72700421534807,0.42692160867906065,0.16251335331711525,0.7712506591474291,0.3512252567482747,0.09422996413973705,True,5,EMA_N100_th0_bL3_sL0,13
2021-02-18,2026-02-24,0.15005313494889005,0.5303177875763286,0.4269216086790606,0.1351520139808513,0.670213524455228,0.35122525674827476,0.01490112096803875,True,5,EMA_N100_th0_bL3_sL0,13
2010-02-12,2017-02-14,0.23982493287364348,0.7716716184824142,0.4156086267634122,0.1792807398818741,1.0513221219969282,0.16099148511968947,0.060544192991769386,True,7,EMA_N100_th0_bL3_sL0,13
2010-08-13,2017-08-15,0.3044472313572013,0.9000228706518111,0.4156086267634122,0.19523141731841243,1.169320897924018,0.1609914851196894,0.10921581403878888,True,7,EMA_N100_th0_bL3_sL0,13
2011-02-11,2018-02-14,0.22796077411162696,0.7415990532800567,0.41560862676341215,0.17057065851856756,1.0522792467661675,0.16099148511968958,0.0573901155930594,True,7,EMA_N100_th0_bL3_sL0,13
2011-08-12,2018-08-15,0.24795934947462772,0.7735303674759523,0.4580142160349222,0.2017722568632354,1.2397943067274484,0.16099148511968944,0.04618709261139231,True,7,EMA_N100_th0_bL3_sL0,13
2012-02-13,2019-02-15,0.23104262193983272,0.7599162164404113,0.45801421603492226,0.16715044568480208,1.0456586560870498,0.22791749370046593,0.06389217625503063,True,7,EMA_N100_th0_bL3_sL0,13
2012-08-13,2019-08-16,0.21166374882937444,0.7070186188471234,0.45801421603492215,0.16962140721513808,1.0541058589409626,0.22791749370046588,0.04204234161423637,True,7,EMA_N100_th0_bL3_sL0,13
2013-02-14,2020-02-18,0.3276074499211026,0.940275386750907,0.4584157089672999,0.20654175964817867,1.2464947402435391,0.227917493700466,0.12106569027292391,True,7,EMA_N100_th0_bL3_sL0,13
2013-08-15,2020-08-17,0.3269789653677029,0.8778534659224866,0.47406147383429803,0.21560500430275176,1.0729111186146636,0.2855937209891647,0.11137396106495112,True,7,EMA_N100_th0_bL3_sL0,13
2014-02-14,2021-02-17,0.32443498542887905,0.8610850276656378,0.474061473834298,0.21850714402664528,1.0674763165268395,0.2855937209891647,0.10592784140223377,True,7,EMA_N100_th0_bL3_sL0,13
2014-08-15,2021-08-17,0.2896283311890746,0.7963943839044911,0.474061473834298,0.2190493358006016,1.0584773026967476,0.28559372098916475,0.07057899538847301,True,7,EMA_N100_th0_bL3_sL0,13
2015-02-17,2022-02-15,0.24488567196915256,0.7128413647584431,0.47406147383429803,0.19757275075845704,0.9567650361274807,0.2855937209891647,0.047312921210695524,True,7,EMA_N100_th0_bL3_sL0,13
2015-08-17,2022-08-17,0.24118678046745945,0.7160637799754885,0.47406147383429803,0.17674476495963232,0.8341598085609537,0.32654355512340294,0.06444201550782713,True,7,EMA_N100_th0_bL3_sL0,13
2016-02-17,2023-02-16,0.2478131892145421,0.7191858296386927,0.47406147383429803,0.17714506684693143,0.8328212872119863,0.3512252567482747,0.07066812236761066,True,7,EMA_N100_th0_bL3_sL0,13
2016-08-16,2023-08-18,0.30728715846161125,0.8069038415473699,0.474061473834298,0.1823230415935828,0.8315277762456018,0.3512252567482747,0.12496411686802844,True,7,EMA_N100_th0_bL3_sL0,13
2017-02-15,2024-02-20,0.31712419583245466,0.8268770377923601,0.47406147383429803,0.19518151367133507,0.8793738401662692,0.35122525674827476,0.12194268216111959,True,7,EMA_N100_th0_bL3_sL0,13
2017-08-16,2024-08-20,0.26812440097676626,0.7369288836245412,0.47406147383429803,0.19606965364661444,0.8705854289518034,0.35122525674827465,0.07205474733015182,True,7,EMA_N100_th0_bL3_sL0,13
2018-02-15,2025-02-21,0.21903381299151126,0.6667982476466932,0.474061473834298,0.18779497776579723,0.8478150608953126,0.3512252567482747,0.031238835225714023,True,7,EMA_N100_th0_bL3_sL0,13
2018-08-16,2025-08-22,0.2834701716133121,0.7626455271841036,0.47406147383429803,0.187901873111729,0.8211603798568582,0.35122525674827476,0.0955682985015831,True,7,EMA_N100_th0_bL3_sL0,13
2019-02-19,2026-02-24,0.29251842468290645,0.7710034308566905,0.47406147383429803,0.20524887348105403,0.8961686685820285,0.35122525674827476,0.08726955120185242,True,7,EMA_N100_th0_bL3_sL0,13
2010-02-12,2020-02-18,0.2657074832621278,0.8182474398912409,0.4584157089672999,0.19511790149629338,1.123574334078953,0.22791749370046596,0.07058958176583441,True,10,EMA_N100_th0_bL3_sL0,13
2010-08-13,2020-08-17,0.29970729678527097,0.8516910416470763,0.47406147383429803,0.2118114635702144,1.0892805161550163,0.28559372098916475,0.08789583321505656,True,10,EMA_N100_th0_bL3_sL0,13
2011-02-11,2021-02-17,0.2730676004496544,0.7860322076510985,0.474061473834298,0.2026783263054459,1.0371535975669444,0.2855937209891647,0.07038927414420848,True,10,EMA_N100_th0_bL3_sL0,13
2011-08-12,2021-08-17,0.296361011261268,0.8195284106163992,0.47406147383429803,0.22412846436855705,1.1369894720561833,0.2855937209891648,0.07223254689271097,True,10,EMA_N100_th0_bL3_sL0,13
2012-02-13,2022-02-15,0.27616017560001693,0.7886914757585618,0.47406147383429803,0.20085453600993253,1.047637943601768,0.28559372098916475,0.0753056395900844,True,10,EMA_N100_th0_bL3_sL0,13
2012-08-13,2022-08-17,0.2756428973496279,0.7867182024707271,0.474061473834298,0.18383283823846974,0.930375593384089,0.32654355512340294,0.09181005911115814,True,10,EMA_N100_th0_bL3_sL0,13
2013-02-14,2023-02-16,0.2812429236927505,0.7918162767272329,0.474061473834298,0.17230502501338285,0.8554162389184947,0.3512252567482747,0.10893789867936765,True,10,EMA_N100_th0_bL3_sL0,13
2013-08-15,2023-08-18,0.29975960367649224,0.8071543703560987,0.47406147383429803,0.17913900541681627,0.8697541463687982,0.35122525674827465,0.12062059825967597,True,10,EMA_N100_th0_bL3_sL0,13
2014-02-14,2024-02-20,0.26323035080659274,0.7525507098785043,0.474061473834298,0.17925899550463487,0.8760363207085489,0.35122525674827465,0.08397135530195787,True,10,EMA_N100_th0_bL3_sL0,13
2014-08-15,2024-08-20,0.2493189719691089,0.7256815549860886,0.474061473834298,0.18274060997194574,0.8842458378568583,0.35122525674827465,0.06657836199716316,True,10,EMA_N100_th0_bL3_sL0,13
2015-02-17,2025-02-21,0.2368873893558212,0.6983170727153577,0.47406147383429803,0.18202476930405154,0.8764045545827229,0.35122525674827476,0.05486262005176967,True,10,EMA_N100_th0_bL3_sL0,13
2015-08-17,2025-08-22,0.26174567339965704,0.7471310114804914,0.47406147383429803,0.18689892831349764,0.8760261431268401,0.3512252567482747,0.0748467450861594,True,10,EMA_N100_th0_bL3_sL0,13
2016-02-17,2026-02-24,0.27924106050698305,0.7694124912991622,0.47406147383429803,0.20379132195264482,0.957331821411994,0.3512252567482747,0.07544973855433823,True,10,EMA_N100_th0_bL3_sL0,13
2010-02-12,2013-02-13,-0.0331608374656297,0.11546698511716907,0.5893462905806484,0.1692522948338273,0.8998142336764396,0.16092243186503496,-0.202413132299457,False,3,EMA_N150_th2_bL3_sL0,14
2010-08-13,2013-08-14,0.08728678848390015,0.4107803774647226,0.5893462905806484,0.21018069548161078,1.1347584666971475,0.16092243186503502,-0.12289390699771063,False,3,EMA_N150_th2_bL3_sL0,14
2011-02-11,2014-02-13,0.041265989182666774,0.32620656171430945,0.5893462905806484,0.1660166202132931,0.9632809937247421,0.16092243186503496,-0.12475063103062634,False,3,EMA_N150_th2_bL3_sL0,14
2011-08-12,2014-08-14,0.29178834554050437,0.8305674065856107,0.42127752937811797,0.23440783827154754,1.4006952101671541,0.11637888959980666,0.057380507268956826,True,3,EMA_N150_th2_bL3_sL0,14
2012-02-13,2015-02-13,0.47851696135229194,1.1814833376463276,0.421277529378118,0.20846874672030702,1.436857783236581,0.11637888959980673,0.2700482146319849,True,3,EMA_N150_th2_bL3_sL0,14
2012-08-13,2015-08-14,0.5221387775208319,1.2720758585606577,0.3590541001135615,0.1975009680441675,1.419011909176831,0.11637888959980656,0.32463780947666443,True,3,EMA_N150_th2_bL3_sL0,14
2013-02-14,2016-02-16,0.4055021145961395,1.0476870653275387,0.36683353195046714,0.152676390260007,0.9860967026702501,0.16099148511968944,0.2528257243361325,True,3,EMA_N150_th2_bL3_sL0,14
2013-08-15,2016-08-15,0.2992337679418853,0.8163910768571072,0.4413174529780029,0.1741613800274977,1.0484903843327693,0.16099148511968944,0.12507238791438757,True,3,EMA_N150_th2_bL3_sL0,14
2014-02-14,2017-02-14,0.1935009593737218,0.6539327950739605,0.44131745297800296,0.14090177667713055,0.9199800271368759,0.16099148511968947,0.05259918269659125,True,3,EMA_N150_th2_bL3_sL0,14
2014-08-15,2017-08-15,0.227437839328118,0.7434930935547616,0.4413174529780029,0.15178075867197283,0.9982726438263714,0.16099148511968941,0.07565708065614518,True,3,EMA_N150_th2_bL3_sL0,14
2015-02-17,2018-02-14,0.25476978017279395,0.7950244066754473,0.4413174529780029,0.16176407874555898,1.0463360576337393,0.16099148511968944,0.09300570142723497,True,3,EMA_N150_th2_bL3_sL0,14
2015-08-17,2018-08-15,0.3081324108814101,0.8857434885515596,0.39925594356069005,0.18353014149945834,1.1298576348904072,0.16099148511968941,0.12460226938195174,True,3,EMA_N150_th2_bL3_sL0,14
2016-02-17,2019-02-15,0.4033504264917125,1.0747256046999036,0.299759150628743,0.19989815086267715,1.2088513717514708,0.227917493700466,0.20345227562903534,True,3,EMA_N150_th2_bL3_sL0,14
2016-08-16,2019-08-16,0.3722350370871541,0.9692710958195128,0.3185530741152529,0.1766731465458229,1.024038301056187,0.22791749370046593,0.19556189054133122,True,3,EMA_N150_th2_bL3_sL0,14
2017-02-15,2020-02-18,0.5591205710742098,1.286227124823347,0.3185530741152529,0.23079913270737062,1.2889502953917318,0.22791749370046593,0.32832143836683914,True,3,EMA_N150_th2_bL3_sL0,14
2017-08-16,2020-08-17,0.4499016222575134,0.9893520860749637,0.5353482066226306,0.25102274887615894,1.0264328240586256,0.28559372098916475,0.19887887338135446,True,3,EMA_N150_th2_bL3_sL0,14
2018-02-15,2021-02-17,0.5096402591613858,1.0500376304624444,0.5353482066226305,0.27359420115981825,1.082701725449277,0.2855937209891648,0.23604605800156753,True,3,EMA_N150_th2_bL3_sL0,14
2018-08-16,2021-08-17,0.5265967550897532,1.0433755315193138,0.5353482066226305,0.27690617343223045,1.0717849593969857,0.2855937209891647,0.24969058165752278,True,3,EMA_N150_th2_bL3_sL0,14
2019-02-19,2022-02-15,0.5772527654462469,1.0777019884277745,0.5353482066226305,0.28286062701752757,1.1142230393194639,0.28559372098916475,0.29439213842871936,True,3,EMA_N150_th2_bL3_sL0,14
2019-08-19,2022-08-17,0.45865797478401027,0.9851233627968349,0.5353482066226306,0.21156823783987866,0.8452604660236857,0.326543555123403,0.2470897369441316,True,3,EMA_N150_th2_bL3_sL0,14
2020-02-19,2023-02-16,0.14109732592740798,0.5375043968972737,0.5375786078615187,0.09283960407449054,0.45721451375578376,0.35122525674827476,0.048257721852917435,True,3,EMA_N150_th2_bL3_sL0,14
2020-08-18,2023-08-18,0.2653322896763697,0.7447557384005766,0.5597191669920408,0.09492348441485876,0.5034759694315706,0.3512252567482747,0.17040880526151092,True,3,EMA_N150_th2_bL3_sL0,14
2021-02-18,2024-02-20,0.1940314768385869,0.6127216720968961,0.5597191669920408,0.09430077629917699,0.4934419499260951,0.35122525674827476,0.09973070053940991,True,3,EMA_N150_th2_bL3_sL0,14
2021-08-18,2024-08-20,0.13913320337170987,0.4945581720977111,0.5597191669920408,0.10592063137939833,0.530402272776276,0.3512252567482747,0.033212571992311535,True,3,EMA_N150_th2_bL3_sL0,14
2022-02-16,2025-02-21,0.2270984313851041,0.683792102799878,0.44013957036739526,0.14685088353605757,0.7068096358087302,0.29566058149729774,0.08024754784904653,True,3,EMA_N150_th2_bL3_sL0,14
2022-08-18,2025-08-22,0.3470368237816708,0.8825446768744467,0.4401395703673953,0.21025654887169765,0.9771148087420922,0.22770816026569357,0.13678027490997313,True,3,EMA_N150_th2_bL3_sL0,14
2023-02-17,2026-02-24,0.4470381477901897,0.993045166493714,0.4401395703673953,0.27169895432515045,1.312151629571798,0.22770816026569357,0.17533919346503923,True,3,EMA_N150_th2_bL3_sL0,14
2010-02-12,2015-02-13,0.2709420727093639,0.8026905118175082,0.5893462905806484,0.20900221183679957,1.185686621041964,0.16092243186503496,0.06193986087256431,True,5,EMA_N150_th2_bL3_sL0,14
2010-08-13,2015-08-14,0.2912166015916069,0.8232340575712872,0.5893462905806484,0.21215948774264515,1.249993424311084,0.16092243186503502,0.07905711384896175,True,5,EMA_N150_th2_bL3_sL0,14
2011-02-11,2016-02-16,0.069724489398175,0.38229031868765145,0.5893462905806484,0.12699655480062333,0.7796896836222569,0.16099148511968958,-0.057272065402448336,False,5,EMA_N150_th2_bL3_sL0,14
2011-08-12,2016-08-15,0.17889909394377823,0.6092675381685516,0.44131745297800296,0.18474833768468146,1.1117975450740156,0.16099148511968944,-0.005849243740903232,False,5,EMA_N150_th2_bL3_sL0,14
2012-02-13,2017-02-14,0.2734692313301419,0.8237133149819973,0.44131745297800296,0.1672795389755033,1.1099425100864924,0.16099148511968944,0.1061896923546386,True,5,EMA_N150_th2_bL3_sL0,14
2012-08-13,2017-08-15,0.3603816275425329,1.0066848739301077,0.44131745297800296,0.17988124405019645,1.2111935342747773,0.16099148511968947,0.18050038349233644,True,5,EMA_N150_th2_bL3_sL0,14
2013-02-14,2018-02-14,0.48740860477864834,1.223590704425108,0.4413174529780029,0.20464938513871078,1.3436612292929488,0.16099148511968944,0.28275921963993755,True,5,EMA_N150_th2_bL3_sL0,14
2013-08-15,2018-08-15,0.4646757015267058,1.1214729887630033,0.4413174529780029,0.20216704290851872,1.261805089611185,0.16099148511968944,0.26250865861818706,True,5,EMA_N150_th2_bL3_sL0,14
2014-02-14,2019-02-15,0.27861531231530234,0.821834708504142,0.44131745297800296,0.15121064236823267,0.9206151242882608,0.22791749370046596,0.12740466994706967,True,5,EMA_N150_th2_bL3_sL0,14
2014-08-15,2019-08-16,0.21522151205750917,0.6922656060972153,0.4413174529780029,0.1488124849422281,0.897405482362217,0.22791749370046596,0.06640902711528107,True,5,EMA_N150_th2_bL3_sL0,14
2015-02-17,2020-02-18,0.31844580337700346,0.8937279943388573,0.4413174529780029,0.18133921961630683,1.0609295263496341,0.2279174937004659,0.13710658376069662,True,5,EMA_N150_th2_bL3_sL0,14
2015-08-17,2020-08-17,0.3162570342746651,0.8449960250607935,0.5353482066226305,0.20963943477127112,0.9886256839623289,0.2855937209891647,0.106617599503394,True,5,EMA_N150_th2_bL3_sL0,14
2016-02-17,2021-02-17,0.5684628044282216,1.1670725330496377,0.5353482066226305,0.2778894061903683,1.255332061693388,0.2855937209891647,0.29057339823785333,True,5,EMA_N150_th2_bL3_sL0,14
2016-08-16,2021-08-17,0.6214973691242416,1.201279172702792,0.5353482066226305,0.2664237179764837,1.1756250022769401,0.2855937209891647,0.3550736511477579,True,5,EMA_N150_th2_bL3_sL0,14
2017-02-15,2022-02-15,0.5079381932431322,1.0573886915415518,0.5353482066226305,0.23411769184776166,1.0418036833780957,0.2855937209891647,0.2738205013953705,True,5,EMA_N150_th2_bL3_sL0,14
2017-08-16,2022-08-17,0.35871528863350943,0.8575995849716616,0.5353482066226306,0.18754459355718023,0.8160629335710836,0.3265435551234029,0.1711706950763292,True,5,EMA_N150_th2_bL3_sL0,14
2018-02-15,2023-02-16,0.23988528119551544,0.7014848015849507,0.5375786078615187,0.1367801711049752,0.6347106746407631,0.3512252567482747,0.10310511009054024,True,5,EMA_N150_th2_bL3_sL0,14
2018-08-16,2023-08-18,0.29538865808109316,0.7723109932413315,0.5597191669920407,0.15594282153172112,0.6880363790988601,0.35122525674827476,0.13944583654937204,True,5,EMA_N150_th2_bL3_sL0,14
2019-02-19,2024-02-20,0.41810367321812625,0.9389894350641887,0.5597191669920407,0.20767132126109833,0.8749474409013982,0.35122525674827476,0.21043235195702792,True,5,EMA_N150_th2_bL3_sL0,14
2019-08-19,2024-08-20,0.42852560758709113,0.9632043965360193,0.5597191669920408,0.21399272672920255,0.9026404397223952,0.3512252567482747,0.21453288085788857,True,5,EMA_N150_th2_bL3_sL0,14
2020-02-19,2025-02-21,0.2987837565112872,0.7700914599494598,0.5597191669920407,0.18061131330497737,0.7826187584496881,0.35122525674827476,0.11817244320630982,True,5,EMA_N150_th2_bL3_sL0,14
2020-08-18,2025-08-22,0.29427645096616195,0.7867906237258941,0.5597191669920408,0.16251335331711525,0.7712506591474291,0.3512252567482747,0.1317630976490467,True,5,EMA_N150_th2_bL3_sL0,14
2021-02-18,2026-02-24,0.20679702426758184,0.6352614866236714,0.5597191669920408,0.1351520139808513,0.670213524455228,0.35122525674827476,0.07164501028673054,True,5,EMA_N150_th2_bL3_sL0,14
2010-02-12,2017-02-14,0.1929046883690131,0.6482895114531568,0.5893462905806484,0.1792807398818741,1.0513221219969282,0.16099148511968947,0.013623948487138993,True,7,EMA_N150_th2_bL3_sL0,14
2010-08-13,2017-08-15,0.24905583176122303,0.7574471730631162,0.5893462905806484,0.19523141731841243,1.169320897924018,0.1609914851196894,0.05382441444281061,True,7,EMA_N150_th2_bL3_sL0,14
2011-02-11,2018-02-14,0.2042922422924256,0.6701667214150154,0.5893462905806484,0.17057065851856756,1.0522792467661675,0.16099148511968958,0.03372158377385803,True,7,EMA_N150_th2_bL3_sL0,14
2011-08-12,2018-08-15,0.32043425995335606,0.8847430323929862,0.44131745297800296,0.2017722568632354,1.2397943067274484,0.16099148511968944,0.11866200309012065,True,7,EMA_N150_th2_bL3_sL0,14
2012-02-13,2019-02-15,0.31310992132309323,0.8932793617201047,0.44131745297800296,0.16715044568480208,1.0456586560870498,0.22791749370046593,0.14595947563829115,True,7,EMA_N150_th2_bL3_sL0,14
2012-08-13,2019-08-16,0.311568470288867,0.8845491777789063,0.44131745297800296,0.16962140721513808,1.0541058589409626,0.22791749370046588,0.14194706307372895,True,7,EMA_N150_th2_bL3_sL0,14
2013-02-14,2020-02-18,0.4677972668525181,1.1608461272057862,0.4413174529780029,0.20654175964817867,1.2464947402435391,0.227917493700466,0.26125550720433943,True,7,EMA_N150_th2_bL3_sL0,14
2013-08-15,2020-08-17,0.4243874886218475,1.0084588229790485,0.5353482066226305,0.21560500430275176,1.0729111186146636,0.2855937209891647,0.20878248431909574,True,7,EMA_N150_th2_bL3_sL0,14
2014-02-14,2021-02-17,0.42165676470629454,0.9884804246220196,0.5353482066226305,0.21850714402664528,1.0674763165268395,0.2855937209891647,0.20314962067964926,True,7,EMA_N150_th2_bL3_sL0,14
2014-08-15,2021-08-17,0.41744830827849344,0.9728133636557417,0.5353482066226305,0.2190493358006016,1.0584773026967476,0.28559372098916475,0.19839897247789184,True,7,EMA_N150_th2_bL3_sL0,14
2015-02-17,2022-02-15,0.3506008198803323,0.8667588055475229,0.5353482066226305,0.19757275075845704,0.9567650361274807,0.2855937209891647,0.15302806912187528,True,7,EMA_N150_th2_bL3_sL0,14
2015-08-17,2022-08-17,0.29181823537899576,0.7865997237403837,0.5353482066226305,0.17674476495963232,0.8341598085609537,0.32654355512340294,0.11507347041936344,True,7,EMA_N150_th2_bL3_sL0,14
2016-02-17,2023-02-16,0.34795882626260255,0.8736153430806883,0.5375786078615187,0.17714506684693143,0.8328212872119863,0.3512252567482747,0.17081375941567112,True,7,EMA_N150_th2_bL3_sL0,14
2016-08-16,2023-08-18,0.4174060092398535,0.9638010003862341,0.5597191669920408,0.1823230415935828,0.8315277762456018,0.3512252567482747,0.23508296764627068,True,7,EMA_N150_th2_bL3_sL0,14
2017-02-15,2024-02-20,0.4157138044243982,0.9634571216767793,0.5597191669920408,0.19518151367133507,0.8793738401662692,0.35122525674827476,0.22053229075306313,True,7,EMA_N150_th2_bL3_sL0,14
2017-08-16,2024-08-20,0.3660505086488248,0.8769326636920883,0.5597191669920408,0.19606965364661444,0.8705854289518034,0.35122525674827465,0.16998085500221038,True,7,EMA_N150_th2_bL3_sL0,14
2018-02-15,2025-02-21,0.32805788124946567,0.8297097057844129,0.5597191669920408,0.18779497776579723,0.8478150608953126,0.3512252567482747,0.14026290348366843,True,7,EMA_N150_th2_bL3_sL0,14
2018-08-16,2025-08-22,0.30767520189518827,0.7939505607623263,0.5597191669920407,0.187901873111729,0.8211603798568582,0.35122525674827476,0.11977332878345925,True,7,EMA_N150_th2_bL3_sL0,14
2019-02-19,2026-02-24,0.36035856314663106,0.8650920560311228,0.5597191669920407,0.20524887348105403,0.8961686685820285,0.35122525674827476,0.15510968966557703,True,7,EMA_N150_th2_bL3_sL0,14
2010-02-12,2020-02-18,0.2946943944872742,0.8483854982603352,0.5893462905806484,0.19511790149629338,1.123574334078953,0.22791749370046596,0.09957649299098081,True,10,EMA_N150_th2_bL3_sL0,14
2010-08-13,2020-08-17,0.3067072441219878,0.83370819934639,0.5893462905806484,0.2118114635702144,1.0892805161550163,0.28559372098916475,0.09489578055177339,True,10,EMA_N150_th2_bL3_sL0,14
2011-02-11,2021-02-17,0.2951750538695732,0.8015269602262771,0.5893462905806484,0.2026783263054459,1.0371535975669444,0.2855937209891647,0.0924967275641273,True,10,EMA_N150_th2_bL3_sL0,14
2011-08-12,2021-08-17,0.38022640782568673,0.9323878874661863,0.5353482066226305,0.22412846436855705,1.1369894720561833,0.2855937209891648,0.15609794345712968,True,10,EMA_N150_th2_bL3_sL0,14
2012-02-13,2022-02-15,0.3879435708534684,0.9475525934567854,0.5353482066226305,0.20085453600993253,1.047637943601768,0.28559372098916475,0.1870890348435359,True,10,EMA_N150_th2_bL3_sL0,14
2012-08-13,2022-08-17,0.3600893289154756,0.9096718862547477,0.5353482066226306,0.18383283823846974,0.930375593384089,0.32654355512340294,0.17625649067700588,True,10,EMA_N150_th2_bL3_sL0,14
2013-02-14,2023-02-16,0.3647923054060971,0.917950077460445,0.5375786078615187,0.17230502501338285,0.8554162389184947,0.3512252567482747,0.19248728039271423,True,10,EMA_N150_th2_bL3_sL0,14
2013-08-15,2023-08-18,0.378517518418108,0.9219543956941091,0.5597191669920408,0.17913900541681627,0.8697541463687982,0.35122525674827465,0.19937851300129172,True,10,EMA_N150_th2_bL3_sL0,14
2014-02-14,2024-02-20,0.3472009724870879,0.8803774197619229,0.5597191669920407,0.17925899550463487,0.8760363207085489,0.35122525674827465,0.16794197698245306,True,10,EMA_N150_th2_bL3_sL0,14
2014-08-15,2024-08-20,0.3234620593666957,0.8381230084979381,0.5597191669920408,0.18274060997194574,0.8842458378568583,0.35122525674827465,0.14072144939474995,True,10,EMA_N150_th2_bL3_sL0,14
2015-02-17,2025-02-21,0.3121771868921055,0.8145958201171639,0.5597191669920408,0.18202476930405154,0.8764045545827229,0.35122525674827476,0.13015241758805396,True,10,EMA_N150_th2_bL3_sL0,14
2015-08-17,2025-08-22,0.30886802302489524,0.814557748373576,0.5597191669920407,0.18689892831349764,0.8760261431268401,0.3512252567482747,0.12196909471139761,True,10,EMA_N150_th2_bL3_sL0,14
2016-02-17,2026-02-24,0.3737577272192454,0.910001319701943,0.5597191669920408,0.20379132195264482,0.957331821411994,0.3512252567482747,0.16996640526660056,True,10,EMA_N150_th2_bL3_sL0,14
2010-02-12,2013-02-13,0.07965827820311366,0.5929660482967517,0.23113488707455812,0.1692522948338273,0.8998142336764396,0.16092243186503496,-0.08959401663071365,False,3,EMA_N150_th5_bL1_sL0,15
2010-08-13,2013-08-14,0.12669433137164043,0.8423842122191718,0.23113488707455812,0.21018069548161078,1.1347584666971475,0.16092243186503502,-0.08348636410997035,False,3,EMA_N150_th5_bL1_sL0,15
2011-02-11,2014-02-13,0.11106475837497132,0.7638711249782115,0.23113488707455807,0.1660166202132931,0.9632809937247421,0.16092243186503496,-0.05495186183832179,False,3,EMA_N150_th5_bL1_sL0,15
2011-08-12,2014-08-14,0.19952010238381268,1.3288851897925762,0.11637888959980676,0.23440783827154754,1.4006952101671541,0.11637888959980666,-0.03488773588773486,False,3,EMA_N150_th5_bL1_sL0,15
2012-02-13,2015-02-13,0.20846874672030657,1.4368577832365794,0.11637888959980686,0.20846874672030702,1.436857783236581,0.11637888959980673,-4.440892098500626e-16,False,3,EMA_N150_th5_bL1_sL0,15
2012-08-13,2015-08-14,0.19750096804416728,1.4190119091768292,0.11637888959980683,0.1975009680441675,1.419011909176831,0.11637888959980656,-2.220446049250313e-16,False,3,EMA_N150_th5_bL1_sL0,15
2013-02-14,2016-02-16,0.10511922199815249,0.7963723095563962,0.22058451322055514,0.152676390260007,0.9860967026702501,0.16099148511968944,-0.04755716826185452,False,3,EMA_N150_th5_bL1_sL0,15
2013-08-15,2016-08-15,0.07757441993774128,0.6035039140157002,0.22353734638112643,0.1741613800274977,1.0484903843327693,0.16099148511968944,-0.09658696008975642,False,3,EMA_N150_th5_bL1_sL0,15
2014-02-14,2017-02-14,0.047050764163275804,0.43613980757622756,0.22353734638112646,0.14090177667713055,0.9199800271368759,0.16099148511968947,-0.09385101251385475,False,3,EMA_N150_th5_bL1_sL0,15
2014-08-15,2017-08-15,0.05703483697644485,0.5288487080023604,0.22353734638112638,0.15178075867197283,0.9982726438263714,0.16099148511968941,-0.09474592169552798,False,3,EMA_N150_th5_bL1_sL0,15
2015-02-17,2018-02-14,0.06619692535742638,0.5895499526015616,0.22353734638112652,0.16176407874555898,1.0463360576337393,0.16099148511968944,-0.0955671533881326,False,3,EMA_N150_th5_bL1_sL0,15
2015-08-17,2018-08-15,0.08617250354056538,0.7117108581831533,0.20576852499796205,0.18353014149945834,1.1298576348904072,0.16099148511968941,-0.09735763795889296,False,3,EMA_N150_th5_bL1_sL0,15
2016-02-17,2019-02-15,0.1404934068082364,1.0951918972200565,0.11434062564661122,0.19989815086267715,1.2088513717514708,0.227917493700466,-0.05940474405444074,False,3,EMA_N150_th5_bL1_sL0,15
2016-08-16,2019-08-16,0.14791576797098926,1.0235047326039015,0.14854699946982375,0.1766731465458229,1.024038301056187,0.22791749370046593,-0.028757378574833625,False,3,EMA_N150_th5_bL1_sL0,15
2017-02-15,2020-02-18,0.2007189386341528,1.3342610057154007,0.1485469994698237,0.23079913270737062,1.2889502953917318,0.22791749370046593,-0.030080194073217825,False,3,EMA_N150_th5_bL1_sL0,15
2017-08-16,2020-08-17,0.18219324658838443,1.0316833441282,0.21242070941405067,0.25102274887615894,1.0264328240586256,0.28559372098916475,-0.06882950228777451,False,3,EMA_N150_th5_bL1_sL0,15
2018-02-15,2021-02-17,0.20352284949081345,1.0843334344979867,0.21242070941405067,0.27359420115981825,1.082701725449277,0.2855937209891648,-0.0700713516690048,False,3,EMA_N150_th5_bL1_sL0,15
2018-08-16,2021-08-17,0.2066526017330097,1.0687642876034136,0.2124207094140507,0.27690617343223045,1.0717849593969857,0.2855937209891647,-0.07025357169922075,False,3,EMA_N150_th5_bL1_sL0,15
2019-02-19,2022-02-15,0.22509173311351582,1.1154975047736249,0.2124207094140508,0.28286062701752757,1.1142230393194639,0.28559372098916475,-0.05776889390401174,False,3,EMA_N150_th5_bL1_sL0,15
2019-08-19,2022-08-17,0.1987829170663662,1.082105332795434,0.21242070941405075,0.21156823783987866,0.8452604660236857,0.326543555123403,-0.012785320773512465,False,3,EMA_N150_th5_bL1_sL0,15
2020-02-19,2023-02-16,0.09829133910026933,0.6226658459310184,0.21242070941405078,0.09283960407449054,0.45721451375578376,0.35122525674827476,0.005451735025778781,True,3,EMA_N150_th5_bL1_sL0,15
2020-08-18,2023-08-18,0.1359934219111314,0.891369076166256,0.19556574262712365,0.09492348441485876,0.5034759694315706,0.3512252567482747,0.041069937496272635,True,3,EMA_N150_th5_bL1_sL0,15
2021-02-18,2024-02-20,0.13534735637938056,0.944336249672436,0.19556574262712367,0.09430077629917699,0.4934419499260951,0.35122525674827476,0.041046580080203565,True,3,EMA_N150_th5_bL1_sL0,15
2021-08-18,2024-08-20,0.14740306540615888,1.0032145323428519,0.19556574262712356,0.10592063137939833,0.530402272776276,0.3512252567482747,0.04148243402676055,True,3,EMA_N150_th5_bL1_sL0,15
2022-02-16,2025-02-21,0.1953595217123143,1.3031952166545924,0.1355773818991835,0.14685088353605757,0.7068096358087302,0.29566058149729774,0.048508638176256724,True,3,EMA_N150_th5_bL1_sL0,15
2022-08-18,2025-08-22,0.19334825538573996,1.2187863123079212,0.13718084560777905,0.21025654887169765,0.9771148087420922,0.22770816026569357,-0.01690829348595768,False,3,EMA_N150_th5_bL1_sL0,15
2023-02-17,2026-02-24,0.23355186426489127,1.33603512740229,0.13718084560777907,0.27169895432515045,1.312151629571798,0.22770816026569357,-0.03814709006025918,False,3,EMA_N150_th5_bL1_sL0,15
2010-02-12,2015-02-13,0.1525637283927519,1.0716656972332486,0.23113488707455812,0.20900221183679957,1.185686621041964,0.16092243186503496,-0.05643848344404767,False,5,EMA_N150_th5_bL1_sL0,15
2010-08-13,2015-08-14,0.16129661801448925,1.0859262433795434,0.23113488707455812,0.21215948774264515,1.249993424311084,0.16092243186503502,-0.0508628697281559,False,5,EMA_N150_th5_bL1_sL0,15
2011-02-11,2016-02-16,0.06752212073366848,0.5172493826792013,0.23113488707455807,0.12699655480062333,0.7796896836222569,0.16099148511968958,-0.05947443406695485,False,5,EMA_N150_th5_bL1_sL0,15
2011-08-12,2016-08-15,0.10612170209234684,0.798875004779501,0.2235373463811265,0.18474833768468146,1.1117975450740156,0.16099148511968944,-0.07862663559233463,False,5,EMA_N150_th5_bL1_sL0,15
2012-02-13,2017-02-14,0.10871112771074332,0.8623118110181883,0.22353734638112646,0.1672795389755033,1.1099425100864924,0.16099148511968944,-0.05856841126475998,False,5,EMA_N150_th5_bL1_sL0,15
2012-08-13,2017-08-15,0.12068054050170529,0.974736216840862,0.22353734638112646,0.17988124405019645,1.2111935342747773,0.16099148511968947,-0.05920070354849116,False,5,EMA_N150_th5_bL1_sL0,15
2013-02-14,2018-02-14,0.14420593670769621,1.1285198353297587,0.2235373463811264,0.20464938513871078,1.3436612292929488,0.16099148511968944,-0.06044344843101457,False,5,EMA_N150_th5_bL1_sL0,15
2013-08-15,2018-08-15,0.14184814634000453,1.0368657935051953,0.22353734638112643,0.20216704290851872,1.261805089611185,0.16099148511968944,-0.06031889656851419,False,5,EMA_N150_th5_bL1_sL0,15
2014-02-14,2019-02-15,0.08395417235733404,0.6739477606183626,0.22353734638112646,0.15121064236823267,0.9206151242882608,0.22791749370046596,-0.06725647001089863,False,5,EMA_N150_th5_bL1_sL0,15
2014-08-15,2019-08-16,0.07509935610769003,0.6042469986703451,0.22353734638112638,0.1488124849422281,0.897405482362217,0.22791749370046596,-0.07371312883453807,False,5,EMA_N150_th5_bL1_sL0,15
2015-02-17,2020-02-18,0.10553902486368072,0.8090713694726283,0.22353734638112652,0.18133921961630683,1.0609295263496341,0.2279174937004659,-0.07580019475262612,False,5,EMA_N150_th5_bL1_sL0,15
2015-08-17,2020-08-17,0.11060912800339562,0.765202297156384,0.2124207094140507,0.20963943477127112,0.9886256839623289,0.2855937209891647,-0.0990303067678755,False,5,EMA_N150_th5_bL1_sL0,15
2016-02-17,2021-02-17,0.20869990848004427,1.231579352340661,0.21242070941405075,0.2778894061903683,1.255332061693388,0.2855937209891647,-0.06918949771032401,False,5,EMA_N150_th5_bL1_sL0,15
2016-08-16,2021-08-17,0.22416738352796672,1.237677164609476,0.2124207094140508,0.2664237179764837,1.1756250022769401,0.2855937209891647,-0.04225633444851695,False,5,EMA_N150_th5_bL1_sL0,15
2017-02-15,2022-02-15,0.18958994186392863,1.0608762156225606,0.21242070941405078,0.23411769184776166,1.0418036833780957,0.2855937209891647,-0.04452774998383302,False,5,EMA_N150_th5_bL1_sL0,15
2017-08-16,2022-08-17,0.16263371235943502,0.9429887343118909,0.21242070941405067,0.18754459355718023,0.8160629335710836,0.3265435551234029,-0.024910881197745205,False,5,EMA_N150_th5_bL1_sL0,15
2018-02-15,2023-02-16,0.12338444130844661,0.7854439753334632,0.21242070941405067,0.1367801711049752,0.6347106746407631,0.3512252567482747,-0.013395729796528588,False,5,EMA_N150_th5_bL1_sL0,15
2018-08-16,2023-08-18,0.14232128054158943,0.869302123403243,0.2124207094140507,0.15594282153172112,0.6880363790988601,0.35122525674827476,-0.013621540990131686,False,5,EMA_N150_th5_bL1_sL0,15
2019-02-19,2024-02-20,0.20436964379394085,1.1623719311608491,0.2124207094140508,0.20767132126109833,0.8749474409013982,0.35122525674827476,-0.0033016774671574822,False,5,EMA_N150_th5_bL1_sL0,15
2019-08-19,2024-08-20,0.21762085609025306,1.2277128637833317,0.21242070941405075,0.21399272672920255,0.9026404397223952,0.3512252567482747,0.0036281293610505028,True,5,EMA_N150_th5_bL1_sL0,15
2020-02-19,2025-02-21,0.18413967922964813,1.0431692436441034,0.21242070941405078,0.18061131330497737,0.7826187584496881,0.35122525674827476,0.003528365924670762,True,5,EMA_N150_th5_bL1_sL0,15
2020-08-18,2025-08-22,0.16696050786122485,1.0402637768843552,0.19556574262712365,0.16251335331711525,0.7712506591474291,0.3512252567482747,0.004447154544109599,True,5,EMA_N150_th5_bL1_sL0,15
2021-02-18,2026-02-24,0.13949449866958763,0.9251078747648471,0.19556574262712367,0.1351520139808513,0.670213524455228,0.35122525674827476,0.0043424846887363255,True,5,EMA_N150_th5_bL1_sL0,15
2010-02-12,2017-02-14,0.09856354609206264,0.7626164955919738,0.23113488707455812,0.1792807398818741,1.0513221219969282,0.16099148511968947,-0.08071719378981146,False,7,EMA_N150_th5_bL1_sL0,15
2010-08-13,2017-08-15,0.11735753387264447,0.871126273599611,0.23113488707455812,0.19523141731841243,1.169320897924018,0.1609914851196894,-0.07787388344576796,False,7,EMA_N150_th5_bL1_sL0,15
2011-02-11,2018-02-14,0.10523337228650309,0.7906195271464534,0.23113488707455807,0.17057065851856756,1.0522792467661675,0.16099148511968958,-0.06533728623206447,False,7,EMA_N150_th5_bL1_sL0,15
2011-08-12,2018-08-15,0.14426002295439533,1.0395958050834833,0.2235373463811265,0.2017722568632354,1.2397943067274484,0.16099148511968944,-0.05751223390884008,False,7,EMA_N150_th5_bL1_sL0,15
2012-02-13,2019-02-15,0.11803881474570188,0.8988806338894366,0.22353734638112646,0.16715044568480208,1.0456586560870498,0.22791749370046593,-0.049111630939100204,False,7,EMA_N150_th5_bL1_sL0,15
2012-08-13,2019-08-16,0.11552204712240854,0.8790961866444391,0.22353734638112646,0.16962140721513808,1.0541058589409626,0.22791749370046588,-0.05409936009272953,False,7,EMA_N150_th5_bL1_sL0,15
2013-02-14,2020-02-18,0.1507346953114055,1.1085200247688636,0.2235373463811264,0.20654175964817867,1.2464947402435391,0.227917493700466,-0.05580706433677318,False,7,EMA_N150_th5_bL1_sL0,15
2013-08-15,2020-08-17,0.1436740789150941,0.9570002579831323,0.22353734638112643,0.21560500430275176,1.0729111186146636,0.2855937209891647,-0.07193092538765766,False,7,EMA_N150_th5_bL1_sL0,15
2014-02-14,2021-02-17,0.1464044904911066,0.9418335398651957,0.22353734638112646,0.21850714402664528,1.0674763165268395,0.2855937209891647,-0.07210265353553869,False,7,EMA_N150_th5_bL1_sL0,15
2014-08-15,2021-08-17,0.14691459918223582,0.9275190863285881,0.22353734638112638,0.2190493358006016,1.0584773026967476,0.28559372098916475,-0.07213473661836578,False,7,EMA_N150_th5_bL1_sL0,15
2015-02-17,2022-02-15,0.1244488749138295,0.7959587179059179,0.22353734638112652,0.19757275075845704,0.9567650361274807,0.2855937209891647,-0.07312387584462754,False,7,EMA_N150_th5_bL1_sL0,15
2015-08-17,2022-08-17,0.1172286038763426,0.7771474513582077,0.2124207094140507,0.17674476495963232,0.8341598085609537,0.32654355512340294,-0.05951616108328972,False,7,EMA_N150_th5_bL1_sL0,15
2016-02-17,2023-02-16,0.14925064141054056,0.9692607943271123,0.21242070941405075,0.17714506684693143,0.8328212872119863,0.3512252567482747,-0.02789442543639087,False,7,EMA_N150_th5_bL1_sL0,15
2016-08-16,2023-08-18,0.17235673892215964,1.0546583045637272,0.2124207094140508,0.1823230415935828,0.8315277762456018,0.3512252567482747,-0.009966302671423177,False,7,EMA_N150_th5_bL1_sL0,15
2017-02-15,2024-02-20,0.1851068214818945,1.1144744707850407,0.21242070941405078,0.19518151367133507,0.8793738401662692,0.35122525674827476,-0.01007469218944057,False,7,EMA_N150_th5_bL1_sL0,15
2017-08-16,2024-08-20,0.1859874749484136,1.0879186378774834,0.21242070941405067,0.19606965364661444,0.8705854289518034,0.35122525674827465,-0.010082178698200828,False,7,EMA_N150_th5_bL1_sL0,15
2018-02-15,2025-02-21,0.17778254982219988,1.050787155835592,0.21242070941405067,0.18779497776579723,0.8478150608953126,0.3512252567482747,-0.010012427943597357,False,7,EMA_N150_th5_bL1_sL0,15
2018-08-16,2025-08-22,0.16262541811244002,0.9779121512744213,0.2124207094140507,0.187901873111729,0.8211603798568582,0.35122525674827476,-0.02527645499928899,False,7,EMA_N150_th5_bL1_sL0,15
2019-02-19,2026-02-24,0.18730771734850138,1.0909319658455432,0.2124207094140508,0.20524887348105403,0.8961686685820285,0.35122525674827476,-0.01794115613255265,False,7,EMA_N150_th5_bL1_sL0,15
2010-02-12,2020-02-18,0.12885781341293479,0.9430414623123182,0.23113488707455812,0.19511790149629338,1.123574334078953,0.22791749370046596,-0.06626008808335859,False,10,EMA_N150_th5_bL1_sL0,15
2010-08-13,2020-08-17,0.1365550182062858,0.9214006756895461,0.23113488707455812,0.2118114635702144,1.0892805161550163,0.28559372098916475,-0.07525644536392861,False,10,EMA_N150_th5_bL1_sL0,15
2011-02-11,2021-02-17,0.13586237527696388,0.8888313837175997,0.23113488707455807,0.2026783263054459,1.0371535975669444,0.2855937209891647,-0.06681595102848203,False,10,EMA_N150_th5_bL1_sL0,15
2011-08-12,2021-08-17,0.16293416237685343,1.0366773479758509,0.2235373463811265,0.22412846436855705,1.1369894720561833,0.2855937209891648,-0.061194301991703615,False,10,EMA_N150_th5_bL1_sL0,15
2012-02-13,2022-02-15,0.14905317633340154,0.9653580016649521,0.22353734638112646,0.20085453600993253,1.047637943601768,0.28559372098916475,-0.05180135967653099,False,10,EMA_N150_th5_bL1_sL0,15
2012-08-13,2022-08-17,0.14160248901106365,0.94261708281491,0.22353734638112646,0.18383283823846974,0.930375593384089,0.32654355512340294,-0.042230349227406094,False,10,EMA_N150_th5_bL1_sL0,15
2013-02-14,2023-02-16,0.1357789365686657,0.9204113145199209,0.2235373463811264,0.17230502501338285,0.8554162389184947,0.3512252567482747,-0.036526088444717164,False,10,EMA_N150_th5_bL1_sL0,15
2013-08-15,2023-08-18,0.14239998725899605,0.935692127407318,0.22353734638112643,0.17913900541681627,0.8697541463687982,0.35122525674827465,-0.036739018157820214,False,10,EMA_N150_th5_bL1_sL0,15
2014-02-14,2024-02-20,0.14251623875620356,0.9415790179195775,0.22353734638112646,0.17925899550463487,0.8760363207085489,0.35122525674827465,-0.036742756748431304,False,10,EMA_N150_th5_bL1_sL0,15
2014-08-15,2024-08-20,0.14588937483670383,0.9469013099492523,0.22353734638112638,0.18274060997194574,0.8842458378568583,0.35122525674827465,-0.03685123513524191,False,10,EMA_N150_th5_bL1_sL0,15
2015-02-17,2025-02-21,0.14519583797113889,0.9333104892116688,0.22353734638112652,0.18202476930405154,0.8764045545827229,0.35122525674827476,-0.03682893133291265,False,10,EMA_N150_th5_bL1_sL0,15
2015-08-17,2025-08-22,0.13946903288572132,0.9058618874722831,0.2124207094140507,0.18689892831349764,0.8760261431268401,0.3512252567482747,-0.047429895427776314,False,10,EMA_N150_th5_bL1_sL0,15
2016-02-17,2026-02-24,0.17299832416985406,1.0833408222900596,0.21242070941405075,0.20379132195264482,0.957331821411994,0.3512252567482747,-0.030792997782790765,False,10,EMA_N150_th5_bL1_sL0,15
2010-02-12,2013-02-13,0.031100812488936036,0.2488467411745404,0.38487782075423416,0.1692522948338273,0.8998142336764396,0.16092243186503496,-0.13815148234489127,False,3,EMA_N200_th2_bL2_sL0,16
2010-08-13,2013-08-14,0.11799324231559427,0.531902716332432,0.38487782075423416,0.21018069548161078,1.1347584666971475,0.16092243186503502,-0.09218745316601651,False,3,EMA_N200_th2_bL2_sL0,16
2011-02-11,2014-02-13,0.15690982489966787,0.6514771128488146,0.3848778207542341,0.1660166202132931,0.9632809937247421,0.16092243186503496,-0.009106795313625238,False,3,EMA_N200_th2_bL2_sL0,16
2011-08-12,2014-08-14,0.29619776328247927,1.0573457500613075,0.25457922559337864,0.23440783827154754,1.4006952101671541,0.11637888959980666,0.06178992501093172,True,3,EMA_N200_th2_bL2_sL0,16
2012-02-13,2015-02-13,0.3738617976805507,1.302456673586943,0.24442368163497236,0.20846874672030702,1.436857783236581,0.11637888959980673,0.1653930509602437,True,3,EMA_N200_th2_bL2_sL0,16
2012-08-13,2015-08-14,0.3504315217657501,1.2746593210957113,0.24442368163497238,0.1975009680441675,1.419011909176831,0.11637888959980656,0.1529305537215826,True,3,EMA_N200_th2_bL2_sL0,16
2013-02-14,2016-02-16,0.28381749100902987,1.0632739674209295,0.24286900230200897,0.152676390260007,0.9860967026702501,0.16099148511968944,0.13114110074902285,True,3,EMA_N200_th2_bL2_sL0,16
2013-08-15,2016-08-15,0.21661823800791935,0.8295723156419929,0.30071566406748385,0.1741613800274977,1.0484903843327693,0.16099148511968944,0.04245685798042165,True,3,EMA_N200_th2_bL2_sL0,16
2014-02-14,2017-02-14,0.14876795115106844,0.6701963853445264,0.30071566406748385,0.14090177667713055,0.9199800271368759,0.16099148511968947,0.007866174473937892,True,3,EMA_N200_th2_bL2_sL0,16
2014-08-15,2017-08-15,0.17004710785411548,0.7578099992882048,0.3007156640674838,0.15178075867197283,0.9982726438263714,0.16099148511968941,0.01826634918214265,True,3,EMA_N200_th2_bL2_sL0,16
2015-02-17,2018-02-14,0.1880882634831511,0.8115397762938282,0.3007156640674838,0.16176407874555898,1.0463360576337393,0.16099148511968944,0.026324184737592127,True,3,EMA_N200_th2_bL2_sL0,16
2015-08-17,2018-08-15,0.22641198525867434,0.9063067975667904,0.2662795272086763,0.18353014149945834,1.1298576348904072,0.16099148511968941,0.042881843759216,True,3,EMA_N200_th2_bL2_sL0,16
2016-02-17,2019-02-15,0.20693303060569246,0.8285694312593391,0.3304688419315966,0.19989815086267715,1.2088513717514708,0.227917493700466,0.00703487974301531,True,3,EMA_N200_th2_bL2_sL0,16
2016-08-16,2019-08-16,0.1931555299858858,0.7468984557597372,0.33218735343561656,0.1766731465458229,1.024038301056187,0.22791749370046593,0.01648238344006292,True,3,EMA_N200_th2_bL2_sL0,16
2017-02-15,2020-02-18,0.30162883437552,1.0566665286353638,0.33218735343561656,0.23079913270737062,1.2889502953917318,0.22791749370046593,0.07082970166814939,True,3,EMA_N200_th2_bL2_sL0,16
2017-08-16,2020-08-17,0.286491818591853,0.8858124365271931,0.34651275395367537,0.25102274887615894,1.0264328240586256,0.28559372098916475,0.03546906971569408,True,3,EMA_N200_th2_bL2_sL0,16
2018-02-15,2021-02-17,0.32827928605355305,0.9537669500082877,0.3465127539536754,0.27359420115981825,1.082701725449277,0.2855937209891648,0.0546850848937348,True,3,EMA_N200_th2_bL2_sL0,16
2018-08-16,2021-08-17,0.3378524621984298,0.9439968615668578,0.34651275395367537,0.27690617343223045,1.0717849593969857,0.2855937209891647,0.06094628876619934,True,3,EMA_N200_th2_bL2_sL0,16
2019-02-19,2022-02-15,0.42182322833913255,1.0825802884443403,0.34651275395367526,0.28286062701752757,1.1142230393194639,0.28559372098916475,0.13896260132160498,True,3,EMA_N200_th2_bL2_sL0,16
2019-08-19,2022-08-17,0.3503888644249531,1.002518778912233,0.3465127539536753,0.21156823783987866,0.8452604660236857,0.326543555123403,0.13882062658507444,True,3,EMA_N200_th2_bL2_sL0,16
2020-02-19,2023-02-16,0.13203047484286312,0.5362689466793481,0.4056487195462147,0.09283960407449054,0.45721451375578376,0.35122525674827476,0.03919087076837258,True,3,EMA_N200_th2_bL2_sL0,16
2020-08-18,2023-08-18,0.1275192230977864,0.5489795670178227,0.46107438665105815,0.09492348441485876,0.5034759694315706,0.3512252567482747,0.032595738682927644,True,3,EMA_N200_th2_bL2_sL0,16
2021-02-18,2024-02-20,0.12347202461707418,0.5309950617202592,0.46107438665105827,0.09430077629917699,0.4934419499260951,0.35122525674827476,0.02917124831789719,True,3,EMA_N200_th2_bL2_sL0,16
2021-08-18,2024-08-20,0.13709151842370715,0.5592792405766063,0.4610743866510583,0.10592063137939833,0.530402272776276,0.3512252567482747,0.031170887044308815,True,3,EMA_N200_th2_bL2_sL0,16
2022-02-16,2025-02-21,0.22316552076451157,0.8241703258298604,0.301870840878952,0.14685088353605757,0.7068096358087302,0.29566058149729774,0.076314637228454,True,3,EMA_N200_th2_bL2_sL0,16
2022-08-18,2025-08-22,0.2715391801371314,0.930326491520669,0.2619502868069814,0.21025654887169765,0.9771148087420922,0.22770816026569357,0.06128263126543376,True,3,EMA_N200_th2_bL2_sL0,16
2023-02-17,2026-02-24,0.35460635882616587,1.0725873402962653,0.2619502868069814,0.27169895432515045,1.312151629571798,0.22770816026569357,0.08290740450101541,True,3,EMA_N200_th2_bL2_sL0,16
2010-02-12,2015-02-13,0.21970051254583267,0.8760028262168943,0.38487782075423416,0.20900221183679957,1.185686621041964,0.16092243186503496,0.010698300709033104,True,5,EMA_N200_th2_bL2_sL0,16
2010-08-13,2015-08-14,0.23456240458088518,0.8929252039491704,0.38487782075423416,0.21215948774264515,1.249993424311084,0.16092243186503502,0.022402916838240028,True,5,EMA_N200_th2_bL2_sL0,16
2011-02-11,2016-02-16,0.13563045884356506,0.5928896035456963,0.3848778207542341,0.12699655480062333,0.7796896836222569,0.16099148511968958,0.008633904042941731,True,5,EMA_N200_th2_bL2_sL0,16
2011-08-12,2016-08-15,0.18864513529374793,0.7609399335007027,0.30071566406748385,0.18474833768468146,1.1117975450740156,0.16099148511968944,0.0038967976090664713,True,5,EMA_N200_th2_bL2_sL0,16
2012-02-13,2017-02-14,0.22642530254495163,0.9109075187739771,0.3007156640674839,0.1672795389755033,1.1099425100864924,0.16099148511968944,0.05914576356944834,True,5,EMA_N200_th2_bL2_sL0,16
2012-08-13,2017-08-15,0.2534871657171598,1.0184333759960154,0.30071566406748385,0.17988124405019645,1.2111935342747773,0.16099148511968947,0.07360592166696334,True,5,EMA_N200_th2_bL2_sL0,16
2013-02-14,2018-02-14,0.3287305061838921,1.2314227205106214,0.30071566406748385,0.20464938513871078,1.3436612292929488,0.16099148511968944,0.12408112104518132,True,5,EMA_N200_th2_bL2_sL0,16
2013-08-15,2018-08-15,0.3182393741770686,1.1318360427578398,0.30071566406748385,0.20216704290851872,1.261805089611185,0.16099148511968944,0.11607233126854988,True,5,EMA_N200_th2_bL2_sL0,16
2014-02-14,2019-02-15,0.16378741594555768,0.6953305979169657,0.3304688419315966,0.15121064236823267,0.9206151242882608,0.22791749370046596,0.012576773577325007,True,5,EMA_N200_th2_bL2_sL0,16
2014-08-15,2019-08-16,0.12647246897890652,0.5726825674023909,0.3321873534356166,0.1488124849422281,0.897405482362217,0.22791749370046596,-0.02234001596332158,False,5,EMA_N200_th2_bL2_sL0,16
2015-02-17,2020-02-18,0.18958422042318812,0.7669620950459902,0.3321873534356166,0.18133921961630683,1.0609295263496341,0.2279174937004659,0.008245000806881286,True,5,EMA_N200_th2_bL2_sL0,16
2015-08-17,2020-08-17,0.2144590416484231,0.783506788785844,0.3465127539536753,0.20963943477127112,0.9886256839623289,0.2855937209891647,0.004819606877151994,True,5,EMA_N200_th2_bL2_sL0,16
2016-02-17,2021-02-17,0.3657348762244941,1.0911098176920522,0.3465127539536753,0.2778894061903683,1.255332061693388,0.2855937209891647,0.0878454700341258,True,5,EMA_N200_th2_bL2_sL0,16
2016-08-16,2021-08-17,0.40013333098948944,1.1286686300900248,0.3465127539536753,0.2664237179764837,1.1756250022769401,0.2855937209891647,0.13370961301300577,True,5,EMA_N200_th2_bL2_sL0,16
2017-02-15,2022-02-15,0.32039327984955634,0.9570412069970085,0.34651275395367537,0.23411769184776166,1.0418036833780957,0.2855937209891647,0.08627558800179469,True,5,EMA_N200_th2_bL2_sL0,16
2017-08-16,2022-08-17,0.23406697660575637,0.7702155372457686,0.34651275395367537,0.18754459355718023,0.8160629335710836,0.3265435551234029,0.046522383048576144,True,5,EMA_N200_th2_bL2_sL0,16
2018-02-15,2023-02-16,0.15175713812026448,0.5997670014526535,0.40564871954621473,0.1367801711049752,0.6347106746407631,0.3512252567482747,0.014976967015289278,True,5,EMA_N200_th2_bL2_sL0,16
2018-08-16,2023-08-18,0.15793895842224814,0.6000526210964356,0.4610743866510582,0.15594282153172112,0.6880363790988601,0.35122525674827476,0.0019961368905270227,True,5,EMA_N200_th2_bL2_sL0,16
2019-02-19,2024-02-20,0.30504366107305914,0.9374374855603858,0.4610743866510582,0.20767132126109833,0.8749474409013982,0.35122525674827476,0.0973723398119608,True,5,EMA_N200_th2_bL2_sL0,16
2019-08-19,2024-08-20,0.34683702252075577,1.0318645392484274,0.4610743866510582,0.21399272672920255,0.9026404397223952,0.3512252567482747,0.1328442957915532,True,5,EMA_N200_th2_bL2_sL0,16
2020-02-19,2025-02-21,0.267344837861508,0.8444606590583571,0.4610743866510582,0.18061131330497737,0.7826187584496881,0.35122525674827476,0.0867335245565306,True,5,EMA_N200_th2_bL2_sL0,16
2020-08-18,2025-08-22,0.22197695232635728,0.7840004206674944,0.46107438665105815,0.16251335331711525,0.7712506591474291,0.3512252567482747,0.05946359900924203,True,5,EMA_N200_th2_bL2_sL0,16
2021-02-18,2026-02-24,0.1641605942373916,0.6392253643312069,0.46107438665105827,0.1351520139808513,0.670213524455228,0.35122525674827476,0.029008580256540295,True,5,EMA_N200_th2_bL2_sL0,16
2010-02-12,2017-02-14,0.16365013394999428,0.7087526966366278,0.38487782075423416,0.1792807398818741,1.0513221219969282,0.16099148511968947,-0.015630605931879815,False,7,EMA_N200_th2_bL2_sL0,16
2010-08-13,2017-08-15,0.20101060438970353,0.81591682696595,0.38487782075423416,0.19523141731841243,1.169320897924018,0.1609914851196894,0.005779187071291103,True,7,EMA_N200_th2_bL2_sL0,16
2011-02-11,2018-02-14,0.20539405336450112,0.8201427691107105,0.3848778207542341,0.17057065851856756,1.0522792467661675,0.16099148511968958,0.03482339484593355,True,7,EMA_N200_th2_bL2_sL0,16
2011-08-12,2018-08-15,0.26712718221620646,0.9907369232742347,0.30071566406748385,0.2017722568632354,1.2397943067274484,0.16099148511968944,0.06535492535297105,True,7,EMA_N200_th2_bL2_sL0,16
2012-02-13,2019-02-15,0.21492178370433423,0.8553681120437256,0.33046884193159654,0.16715044568480208,1.0456586560870498,0.22791749370046593,0.04777133801953215,True,7,EMA_N200_th2_bL2_sL0,16
2012-08-13,2019-08-16,0.19618052284345722,0.7948513698924214,0.33218735343561656,0.16962140721513808,1.0541058589409626,0.22791749370046588,0.02655911562831914,True,7,EMA_N200_th2_bL2_sL0,16
2013-02-14,2020-02-18,0.2880625384320177,1.0613398754664616,0.3321873534356167,0.20654175964817867,1.2464947402435391,0.227917493700466,0.08152077878383901,True,7,EMA_N200_th2_bL2_sL0,16
2013-08-15,2020-08-17,0.2823077431649743,0.9558157516557094,0.3465127539536753,0.21560500430275176,1.0729111186146636,0.2855937209891647,0.06670273886222255,True,7,EMA_N200_th2_bL2_sL0,16
2014-02-14,2021-02-17,0.2844869186485799,0.9416116334098786,0.3465127539536753,0.21850714402664528,1.0674763165268395,0.2855937209891647,0.0659797746219346,True,7,EMA_N200_th2_bL2_sL0,16
2014-08-15,2021-08-17,0.28372678884376823,0.9267735518736981,0.34651275395367537,0.2190493358006016,1.0584773026967476,0.28559372098916475,0.06467745304316663,True,7,EMA_N200_th2_bL2_sL0,16
2015-02-17,2022-02-15,0.23313254266683803,0.7971839099707462,0.34651275395367537,0.19757275075845704,0.9567650361274807,0.2855937209891647,0.03555979190838099,True,7,EMA_N200_th2_bL2_sL0,16
2015-08-17,2022-08-17,0.1984879946739302,0.7241040968236307,0.3465127539536753,0.17674476495963232,0.8341598085609537,0.32654355512340294,0.021743229714297874,True,7,EMA_N200_th2_bL2_sL0,16
2016-02-17,2023-02-16,0.22374033159975593,0.7876141177281835,0.4056487195462148,0.17714506684693143,0.8328212872119863,0.3512252567482747,0.046595264752824495,True,7,EMA_N200_th2_bL2_sL0,16
2016-08-16,2023-08-18,0.24660390091105766,0.8299865013586206,0.46107438665105827,0.1823230415935828,0.8315277762456018,0.3512252567482747,0.06428085931747485,True,7,EMA_N200_th2_bL2_sL0,16
2017-02-15,2024-02-20,0.2685627182296524,0.8831627920840047,0.4610743866510582,0.19518151367133507,0.8793738401662692,0.35122525674827476,0.07338120455831731,True,7,EMA_N200_th2_bL2_sL0,16
2017-08-16,2024-08-20,0.26387880520450535,0.8538204021810956,0.46107438665105827,0.19606965364661444,0.8705854289518034,0.35122525674827465,0.06780915155789091,True,7,EMA_N200_th2_bL2_sL0,16
2018-02-15,2025-02-21,0.24232234138939313,0.8112629332795679,0.4610743866510582,0.18779497776579723,0.8478150608953126,0.3512252567482747,0.05452736362359589,True,7,EMA_N200_th2_bL2_sL0,16
2018-08-16,2025-08-22,0.21711399225828365,0.7473059493442504,0.4610743866510582,0.187901873111729,0.8211603798568582,0.35122525674827476,0.029212119146554638,True,7,EMA_N200_th2_bL2_sL0,16
2019-02-19,2026-02-24,0.2825041934161252,0.8957708473113426,0.4610743866510582,0.20524887348105403,0.8961686685820285,0.35122525674827476,0.07725531993507118,True,7,EMA_N200_th2_bL2_sL0,16
2010-02-12,2020-02-18,0.20469841547312706,0.8203699319832805,0.38487782075423416,0.19511790149629338,1.123574334078953,0.22791749370046596,0.009580513976833682,True,10,EMA_N200_th2_bL2_sL0,16
2010-08-13,2020-08-17,0.22639471582388415,0.8331945741903642,0.38487782075423416,0.2118114635702144,1.0892805161550163,0.28559372098916475,0.014583252253669743,True,10,EMA_N200_th2_bL2_sL0,16
2011-02-11,2021-02-17,0.24527102475049456,0.8584583528814353,0.3848778207542341,0.2026783263054459,1.0371535975669444,0.2855937209891647,0.04259269844504865,True,10,EMA_N200_th2_bL2_sL0,16
2011-08-12,2021-08-17,0.2885141739986581,0.9595984090414504,0.3465127539536754,0.22412846436855705,1.1369894720561833,0.2855937209891648,0.06438570963010104,True,10,EMA_N200_th2_bL2_sL0,16
2012-02-13,2022-02-15,0.2738749527106994,0.9269245866544987,0.3465127539536753,0.20085453600993253,1.047637943601768,0.28559372098916475,0.07302041670076687,True,10,EMA_N200_th2_bL2_sL0,16
2012-08-13,2022-08-17,0.24410476771496037,0.8611206446559149,0.3465127539536754,0.18383283823846974,0.930375593384089,0.32654355512340294,0.06027192947649063,True,10,EMA_N200_th2_bL2_sL0,16
2013-02-14,2023-02-16,0.24134609648643912,0.8570659200102512,0.40564871954621473,0.17230502501338285,0.8554162389184947,0.3512252567482747,0.06904107147305627,True,10,EMA_N200_th2_bL2_sL0,16
2013-08-15,2023-08-18,0.23607116336739598,0.8261237072038772,0.46107438665105827,0.17913900541681627,0.8697541463687982,0.35122525674827465,0.05693215795057971,True,10,EMA_N200_th2_bL2_sL0,16
2014-02-14,2024-02-20,0.23269365366205563,0.8249886216091133,0.46107438665105827,0.17925899550463487,0.8760363207085489,0.35122525674827465,0.05343465815742077,True,10,EMA_N200_th2_bL2_sL0,16
2014-08-15,2024-08-20,0.23534706997897636,0.8236597894100948,0.46107438665105827,0.18274060997194574,0.8842458378568583,0.35122525674827465,0.05260646000703062,True,10,EMA_N200_th2_bL2_sL0,16
2015-02-17,2025-02-21,0.2300343806758871,0.8036301288733215,0.4610743866510582,0.18202476930405154,0.8764045545827229,0.35122525674827476,0.04800961137183557,True,10,EMA_N200_th2_bL2_sL0,16
2015-08-17,2025-08-22,0.2204723983034662,0.7835888301249593,0.4610743866510582,0.18689892831349764,0.8760261431268401,0.3512252567482747,0.033573469989968574,True,10,EMA_N200_th2_bL2_sL0,16
2016-02-17,2026-02-24,0.25965720870585174,0.8740585075170589,0.46107438665105827,0.20379132195264482,0.957331821411994,0.3512252567482747,0.05586588675320692,True,10,EMA_N200_th2_bL2_sL0,16
2010-02-12,2013-02-13,0.0076275393733320485,0.12383705919327849,0.2132651255023413,0.1692522948338273,0.8998142336764396,0.16092243186503496,-0.16162475546049526,False,3,EMA_N150_th0_bL1_sL0,17
2010-08-13,2013-08-14,0.051525524016135416,0.4212249611198827,0.2132651255023413,0.21018069548161078,1.1347584666971475,0.16092243186503502,-0.15865517146547536,False,3,EMA_N150_th0_bL1_sL0,17
2011-02-11,2014-02-13,0.03693869733399313,0.3392145178661274,0.2132651255023413,0.1660166202132931,0.9632809937247421,0.16092243186503496,-0.12907792287929998,False,3,EMA_N150_th0_bL1_sL0,17
2011-08-12,2014-08-14,0.1041874719678757,0.7850195874749878,0.1844928146228275,0.23440783827154754,1.4006952101671541,0.11637888959980666,-0.13022036630367184,False,3,EMA_N150_th0_bL1_sL0,17
2012-02-13,2015-02-13,0.13157580211158426,0.9982565131768141,0.18449281462282738,0.20846874672030702,1.436857783236581,0.11637888959980673,-0.07689294460872276,False,3,EMA_N150_th0_bL1_sL0,17
2012-08-13,2015-08-14,0.14781254188166293,1.1253922851864901,0.15399589296759245,0.1975009680441675,1.419011909176831,0.11637888959980656,-0.04968842616250457,False,3,EMA_N150_th0_bL1_sL0,17
2013-02-14,2016-02-16,0.15825514750977843,1.1844171615030328,0.08414404518826443,0.152676390260007,0.9860967026702501,0.16099148511968944,0.0055787572497714155,True,3,EMA_N150_th0_bL1_sL0,17
2013-08-15,2016-08-15,0.11995974779765617,0.8988019076945793,0.14833831718199136,0.1741613800274977,1.0484903843327693,0.16099148511968944,-0.054201632229841534,False,3,EMA_N150_th0_bL1_sL0,17
2014-02-14,2017-02-14,0.08823547410432853,0.739692818109161,0.14833831718199153,0.14090177667713055,0.9199800271368759,0.16099148511968947,-0.052666302572802026,False,3,EMA_N150_th0_bL1_sL0,17
2014-08-15,2017-08-15,0.1025864552537239,0.8676874785828089,0.14833831718199147,0.15178075867197283,0.9982726438263714,0.16099148511968941,-0.04919430341824893,False,3,EMA_N150_th0_bL1_sL0,17
2015-02-17,2018-02-14,0.11894530526427238,0.9740649451997145,0.1483383171819915,0.16176407874555898,1.0463360576337393,0.16099148511968944,-0.0428187734812866,False,3,EMA_N150_th0_bL1_sL0,17
2015-08-17,2018-08-15,0.13074130118574212,1.0054776181090885,0.1317845012000635,0.18353014149945834,1.1298576348904072,0.16099148511968941,-0.05278884031371622,False,3,EMA_N150_th0_bL1_sL0,17
2016-02-17,2019-02-15,0.10290396516005051,0.8020369691236897,0.18044151863786914,0.19989815086267715,1.2088513717514708,0.227917493700466,-0.09699418570262663,False,3,EMA_N150_th0_bL1_sL0,17
2016-08-16,2019-08-16,0.11858326879355441,0.8518557876694263,0.1804415186378692,0.1766731465458229,1.024038301056187,0.22791749370046593,-0.05808987775226848,False,3,EMA_N150_th0_bL1_sL0,17
2017-02-15,2020-02-18,0.1630312830394114,1.129730605079427,0.18044151863786914,0.23079913270737062,1.2889502953917318,0.22791749370046593,-0.06776784966795923,False,3,EMA_N150_th0_bL1_sL0,17
2017-08-16,2020-08-17,0.1447895174334004,0.8592943308345529,0.2285126058313408,0.25102274887615894,1.0264328240586256,0.28559372098916475,-0.10623323144275854,False,3,EMA_N150_th0_bL1_sL0,17
2018-02-15,2021-02-17,0.16544426730968587,0.9256884617554585,0.22851260583134073,0.27359420115981825,1.082701725449277,0.2855937209891648,-0.10814993385013238,False,3,EMA_N150_th0_bL1_sL0,17
2018-08-16,2021-08-17,0.1779487762217591,0.9524769292557109,0.22851260583134067,0.27690617343223045,1.0717849593969857,0.2855937209891647,-0.09895739721047137,False,3,EMA_N150_th0_bL1_sL0,17
2019-02-19,2022-02-15,0.2371057287520213,1.1770312679995396,0.22851260583134084,0.28286062701752757,1.1142230393194639,0.28559372098916475,-0.04575489826550627,False,3,EMA_N150_th0_bL1_sL0,17
2019-08-19,2022-08-17,0.19660963981689328,1.0681842046920005,0.22851260583134078,0.21156823783987866,0.8452604660236857,0.326543555123403,-0.014958598022985381,False,3,EMA_N150_th0_bL1_sL0,17
2020-02-19,2023-02-16,0.10668687753505646,0.6532340994445263,0.2285126058313407,0.09283960407449054,0.45721451375578376,0.35122525674827476,0.013847273460565912,True,3,EMA_N150_th0_bL1_sL0,17
2020-08-18,2023-08-18,0.12814854904506023,0.8282221083645015,0.18801128837519854,0.09492348441485876,0.5034759694315706,0.3512252567482747,0.03322506463020147,True,3,EMA_N150_th0_bL1_sL0,17
2021-02-18,2024-02-20,0.1258094830973535,0.8610641072993109,0.18801128837519843,0.09430077629917699,0.4934419499260951,0.35122525674827476,0.03150870679817652,True,3,EMA_N150_th0_bL1_sL0,17
2021-08-18,2024-08-20,0.12576823457721886,0.8526194045030663,0.18801128837519845,0.10592063137939833,0.530402272776276,0.3512252567482747,0.01984760319782053,True,3,EMA_N150_th0_bL1_sL0,17
2022-02-16,2025-02-21,0.14649415070204208,0.9864371257009333,0.13837587077278551,0.14685088353605757,0.7068096358087302,0.29566058149729774,-0.00035673283401549405,False,3,EMA_N150_th0_bL1_sL0,17
2022-08-18,2025-08-22,0.18020730060511791,1.1396550180744673,0.1383758707727854,0.21025654887169765,0.9771148087420922,0.22770816026569357,-0.03004924826657973,False,3,EMA_N150_th0_bL1_sL0,17
2023-02-17,2026-02-24,0.21677341993884625,1.2650660409798304,0.13837587077278543,0.27169895432515045,1.312151629571798,0.22770816026569357,-0.05492553438630421,False,3,EMA_N150_th0_bL1_sL0,17
2010-02-12,2015-02-13,0.09939628543699364,0.7758494340715184,0.2132651255023413,0.20900221183679957,1.185686621041964,0.16092243186503496,-0.10960592639980593,False,5,EMA_N150_th0_bL1_sL0,17
2010-08-13,2015-08-14,0.1077263292990005,0.8013495545781403,0.2132651255023413,0.21215948774264515,1.249993424311084,0.16092243186503502,-0.10443315844364465,False,5,EMA_N150_th0_bL1_sL0,17
2011-02-11,2016-02-16,0.05347739142759966,0.4514783614662557,0.2132651255023413,0.12699655480062333,0.7796896836222569,0.16099148511968958,-0.07351916337302367,False,5,EMA_N150_th0_bL1_sL0,17
2011-08-12,2016-08-15,0.07950261929444147,0.6349973388053222,0.1844928146228275,0.18474833768468146,1.1117975450740156,0.16099148511968944,-0.10524571839024,False,5,EMA_N150_th0_bL1_sL0,17
2012-02-13,2017-02-14,0.09716668391524763,0.7934863803302077,0.18449281462282738,0.1672795389755033,1.1099425100864924,0.16099148511968944,-0.07011285506025566,False,5,EMA_N150_th0_bL1_sL0,17
2012-08-13,2017-08-15,0.12465917534026216,1.0103915583378011,0.15399589296759245,0.17988124405019645,1.2111935342747773,0.16099148511968947,-0.05522206870993429,False,5,EMA_N150_th0_bL1_sL0,17
2013-02-14,2018-02-14,0.1709866878772841,1.3061405573692286,0.14833831718199136,0.20464938513871078,1.3436612292929488,0.16099148511968944,-0.03366269726142668,False,5,EMA_N150_th0_bL1_sL0,17
2013-08-15,2018-08-15,0.16292856316054194,1.1697618736776143,0.14833831718199136,0.20216704290851872,1.261805089611185,0.16099148511968944,-0.039238479747976784,False,5,EMA_N150_th0_bL1_sL0,17
2014-02-14,2019-02-15,0.09273054001228176,0.735393506737621,0.18044151863786906,0.15121064236823267,0.9206151242882608,0.22791749370046596,-0.058480102355950914,False,5,EMA_N150_th0_bL1_sL0,17
2014-08-15,2019-08-16,0.08566376178896928,0.6779529495384531,0.18044151863786909,0.1488124849422281,0.897405482362217,0.22791749370046596,-0.06314872315325881,False,5,EMA_N150_th0_bL1_sL0,17
2015-02-17,2020-02-18,0.1164639281413471,0.8837402294547699,0.1804415186378691,0.18133921961630683,1.0609295263496341,0.2279174937004659,-0.06487529147495974,False,5,EMA_N150_th0_bL1_sL0,17
2015-08-17,2020-08-17,0.12140935166007583,0.8305780383623045,0.22851260583134078,0.20963943477127112,0.9886256839623289,0.2855937209891647,-0.08823008311119529,False,5,EMA_N150_th0_bL1_sL0,17
2016-02-17,2021-02-17,0.17967507834142804,1.073032708506634,0.22851260583134078,0.2778894061903683,1.255332061693388,0.2855937209891647,-0.09821432784894024,False,5,EMA_N150_th0_bL1_sL0,17
2016-08-16,2021-08-17,0.20079132633542884,1.1343072857675442,0.22851260583134075,0.2664237179764837,1.1756250022769401,0.2855937209891647,-0.06563239164105483,False,5,EMA_N150_th0_bL1_sL0,17
2017-02-15,2022-02-15,0.17913894921708606,1.020583867181383,0.22851260583134075,0.23411769184776166,1.0418036833780957,0.2855937209891647,-0.05497874263067559,False,5,EMA_N150_th0_bL1_sL0,17
2017-08-16,2022-08-17,0.1434808172853974,0.8502035229107898,0.2285126058313408,0.18754459355718023,0.8160629335710836,0.3265435551234029,-0.04406377627178282,False,5,EMA_N150_th0_bL1_sL0,17
2018-02-15,2023-02-16,0.10714906241761635,0.6951951741021619,0.22851260583134073,0.1367801711049752,0.6347106746407631,0.3512252567482747,-0.029631108687358854,False,5,EMA_N150_th0_bL1_sL0,17
2018-08-16,2023-08-18,0.12127804893374994,0.7552539655208901,0.22851260583134067,0.15594282153172112,0.6880363790988601,0.35122525674827476,-0.03466477259797118,False,5,EMA_N150_th0_bL1_sL0,17
2019-02-19,2024-02-20,0.1927880226708909,1.0988840866024308,0.22851260583134084,0.20767132126109833,0.8749474409013982,0.35122525674827476,-0.014883298590207428,False,5,EMA_N150_th0_bL1_sL0,17
2019-08-19,2024-08-20,0.19928577769850508,1.1328126352863446,0.22851260583134078,0.21399272672920255,0.9026404397223952,0.3512252567482747,-0.01470694903069747,False,5,EMA_N150_th0_bL1_sL0,17
2020-02-19,2025-02-21,0.16682560802148227,0.9543887140355749,0.2285126058313407,0.18061131330497737,0.7826187584496881,0.35122525674827476,-0.013785705283495098,False,5,EMA_N150_th0_bL1_sL0,17
2020-08-18,2025-08-22,0.16289467667094804,1.007643337957616,0.18801128837519854,0.16251335331711525,0.7712506591474291,0.3512252567482747,0.00038132335383278537,True,5,EMA_N150_th0_bL1_sL0,17
2021-02-18,2026-02-24,0.13552436236880494,0.8911325157546324,0.18801128837519843,0.1351520139808513,0.670213524455228,0.35122525674827476,0.000372348387953636,True,5,EMA_N150_th0_bL1_sL0,17
2010-02-12,2017-02-14,0.08432377295993887,0.6887186159167119,0.2132651255023413,0.1792807398818741,1.0513221219969282,0.16099148511968947,-0.09495696692193523,False,7,EMA_N150_th0_bL1_sL0,17
2010-08-13,2017-08-15,0.10287414977855547,0.8026304457139359,0.2132651255023413,0.19523141731841243,1.169320897924018,0.1609914851196894,-0.09235726753985696,False,7,EMA_N150_th0_bL1_sL0,17
2011-02-11,2018-02-14,0.09090714369881914,0.7195188629876972,0.2132651255023413,0.17057065851856756,1.0522792467661675,0.16099148511968958,-0.07966351481974843,False,7,EMA_N150_th0_bL1_sL0,17
2011-08-12,2018-08-15,0.12064486041287847,0.9026784868575288,0.1844928146228275,0.2017722568632354,1.2397943067274484,0.16099148511968944,-0.08112739645035694,False,7,EMA_N150_th0_bL1_sL0,17
2012-02-13,2019-02-15,0.09783292787504627,0.7742056981331276,0.18449281462282738,0.16715044568480208,1.0456586560870498,0.22791749370046593,-0.06931751780975581,False,7,EMA_N150_th0_bL1_sL0,17
2012-08-13,2019-08-16,0.10602014407669191,0.8237375763447263,0.18044151863786906,0.16962140721513808,1.0541058589409626,0.22791749370046588,-0.06360126313844616,False,7,EMA_N150_th0_bL1_sL0,17
2013-02-14,2020-02-18,0.15403595948333781,1.133569691497719,0.18044151863786925,0.20654175964817867,1.2464947402435391,0.227917493700466,-0.052505800164840855,False,7,EMA_N150_th0_bL1_sL0,17
2013-08-15,2020-08-17,0.14682744498015743,0.9793579252416106,0.22851260583134073,0.21560500430275176,1.0729111186146636,0.2855937209891647,-0.06877755932259433,False,7,EMA_N150_th0_bL1_sL0,17
2014-02-14,2021-02-17,0.14956538491356275,0.9625429495439418,0.22851260583134073,0.21850714402664528,1.0674763165268395,0.2855937209891647,-0.06894175911308253,False,7,EMA_N150_th0_bL1_sL0,17
2014-08-15,2021-08-17,0.15185672674891348,0.9570647858325149,0.2285126058313407,0.2190493358006016,1.0584773026967476,0.28559372098916475,-0.06719260905168811,False,7,EMA_N150_th0_bL1_sL0,17
2015-02-17,2022-02-15,0.14073282549735033,0.8874667244339514,0.2285126058313407,0.19757275075845704,0.9567650361274807,0.2855937209891647,-0.056839925261106705,False,7,EMA_N150_th0_bL1_sL0,17
2015-08-17,2022-08-17,0.12712296196614647,0.8307915041279756,0.22851260583134078,0.17674476495963232,0.8341598085609537,0.32654355512340294,-0.04962180299348584,False,7,EMA_N150_th0_bL1_sL0,17
2016-02-17,2023-02-16,0.13328995595186433,0.8620547393288389,0.22851260583134078,0.17714506684693143,0.8328212872119863,0.3512252567482747,-0.043855110895067106,False,7,EMA_N150_th0_bL1_sL0,17
2016-08-16,2023-08-18,0.15289941243729732,0.9462767820091426,0.22851260583134075,0.1823230415935828,0.8315277762456018,0.3512252567482747,-0.02942362915628549,False,7,EMA_N150_th0_bL1_sL0,17
2017-02-15,2024-02-20,0.16468617266390484,1.004746516339127,0.22851260583134075,0.19518151367133507,0.8793738401662692,0.35122525674827476,-0.030495341007430232,False,7,EMA_N150_th0_bL1_sL0,17
2017-08-16,2024-08-20,0.16027311981397196,0.9570875239004513,0.2285126058313408,0.19606965364661444,0.8705854289518034,0.35122525674827465,-0.035796533832642474,False,7,EMA_N150_th0_bL1_sL0,17
2018-02-15,2025-02-21,0.14965006792312097,0.9086802508045191,0.22851260583134073,0.18779497776579723,0.8478150608953126,0.3512252567482747,-0.03814490984267627,False,7,EMA_N150_th0_bL1_sL0,17
2018-08-16,2025-08-22,0.14783555412345684,0.8998673761594053,0.22851260583134067,0.187901873111729,0.8211603798568582,0.35122525674827476,-0.040066318988272176,False,7,EMA_N150_th0_bL1_sL0,17
2019-02-19,2026-02-24,0.18046477112459414,1.053540872383458,0.22851260583134084,0.20524887348105403,0.8961686685820285,0.35122525674827476,-0.02478410235645989,False,7,EMA_N150_th0_bL1_sL0,17
2010-02-12,2020-02-18,0.10795579838985003,0.8300940689912161,0.2132651255023413,0.19511790149629338,1.123574334078953,0.22791749370046596,-0.08716210310644334,False,10,EMA_N150_th0_bL1_sL0,17
2010-08-13,2020-08-17,0.11542359441730676,0.8156899095089272,0.22851260583134075,0.2118114635702144,1.0892805161550163,0.28559372098916475,-0.09638786915290765,False,10,EMA_N150_th0_bL1_sL0,17
2011-02-11,2021-02-17,0.11474382946664785,0.7860125810160788,0.22851260583134075,0.2026783263054459,1.0371535975669444,0.2855937209891647,-0.08793449683879806,False,10,EMA_N150_th0_bL1_sL0,17
2011-08-12,2021-08-17,0.13784381491746944,0.9087219431659082,0.2285126058313407,0.22412846436855705,1.1369894720561833,0.2855937209891648,-0.0862846494510876,False,10,EMA_N150_th0_bL1_sL0,17
2012-02-13,2022-02-15,0.1380274665646588,0.9135428086786697,0.22851260583134078,0.20085453600993253,1.047637943601768,0.28559372098916475,-0.06282706944527372,False,10,EMA_N150_th0_bL1_sL0,17
2012-08-13,2022-08-17,0.13417107998940891,0.9029722992583321,0.22851260583134078,0.18383283823846974,0.930375593384089,0.32654355512340294,-0.04966175824906083,False,10,EMA_N150_th0_bL1_sL0,17
2013-02-14,2023-02-16,0.14065891030653188,0.9422032073187472,0.2285126058313408,0.17230502501338285,0.8554162389184947,0.3512252567482747,-0.03164611470685097,False,10,EMA_N150_th0_bL1_sL0,17
2013-08-15,2023-08-18,0.1422287441080048,0.9292386598786511,0.22851260583134073,0.17913900541681627,0.8697541463687982,0.35122525674827465,-0.036910261308811476,False,10,EMA_N150_th0_bL1_sL0,17
2014-02-14,2024-02-20,0.14182924395023666,0.9330283165255726,0.22851260583134073,0.17925899550463487,0.8760363207085489,0.35122525674827465,-0.037429751554398205,False,10,EMA_N150_th0_bL1_sL0,17
2014-08-15,2024-08-20,0.14280420589977827,0.9269087715777324,0.2285126058313407,0.18274060997194574,0.8842458378568583,0.35122525674827465,-0.039936404072167475,False,10,EMA_N150_th0_bL1_sL0,17
2015-02-17,2025-02-21,0.14239686121686002,0.9146383957219807,0.2285126058313407,0.18202476930405154,0.8764045545827229,0.35122525674827476,-0.03962790808719152,False,10,EMA_N150_th0_bL1_sL0,17
2015-08-17,2025-08-22,0.1429982692049696,0.9215593167403147,0.22851260583134078,0.18689892831349764,0.8760261431268401,0.3512252567482747,-0.04390065910852803,False,10,EMA_N150_th0_bL1_sL0,17
2016-02-17,2026-02-24,0.15681485607997203,0.9847450485596306,0.22851260583134078,0.20379132195264482,0.957331821411994,0.3512252567482747,-0.04697646587267279,False,10,EMA_N150_th0_bL1_sL0,17
2010-02-12,2013-02-13,0.01816597975451728,0.2481933238148118,0.5264685095181741,0.1692522948338273,0.8998142336764396,0.16092243186503496,-0.15108631507931003,False,3,EMA_N200_th2_bL3_sL0,18
2010-08-13,2013-08-14,0.14500783705221365,0.5305053703898092,0.5264685095181741,0.21018069548161078,1.1347584666971475,0.16092243186503502,-0.06517285842939713,False,3,EMA_N200_th2_bL3_sL0,18
2011-02-11,2014-02-13,0.2087023772373744,0.6622155175759495,0.5264685095181741,0.1660166202132931,0.9632809937247421,0.16092243186503496,0.04268575702408128,True,3,EMA_N200_th2_bL3_sL0,18
2011-08-12,2014-08-14,0.4366079307277084,1.0638812771520787,0.3646649954578702,0.23440783827154754,1.4006952101671541,0.11637888959980666,0.20220009245616088,True,3,EMA_N200_th2_bL3_sL0,18
2012-02-13,2015-02-13,0.5667599973491488,1.3055528706109014,0.3481951161304442,0.20846874672030702,1.436857783236581,0.11637888959980673,0.3582912506288418,True,3,EMA_N200_th2_bL3_sL0,18
2012-08-13,2015-08-14,0.5306981248791698,1.2780673529145268,0.34819511613044407,0.1975009680441675,1.419011909176831,0.11637888959980656,0.3331971568350023,True,3,EMA_N200_th2_bL3_sL0,18
2013-02-14,2016-02-16,0.41970121130879945,1.0724540861415173,0.34747533505162576,0.152676390260007,0.9860967026702501,0.16099148511968944,0.26702482104879244,True,3,EMA_N200_th2_bL3_sL0,18
2013-08-15,2016-08-15,0.31235928780541156,0.8415285285152438,0.4242364998717619,0.1741613800274977,1.0484903843327693,0.16099148511968944,0.13819790777791385,True,3,EMA_N200_th2_bL3_sL0,18
2014-02-14,2017-02-14,0.20555831266604963,0.6796780149300681,0.42423649987176193,0.14090177667713055,0.9199800271368759,0.16099148511968947,0.06465653598891907,True,3,EMA_N200_th2_bL3_sL0,18
2014-08-15,2017-08-15,0.23983804023027466,0.7698056848565712,0.424236499871762,0.15178075867197283,0.9982726438263714,0.16099148511968941,0.08805728155830184,True,3,EMA_N200_th2_bL3_sL0,18
2015-02-17,2018-02-14,0.2674461022329109,0.8214581888651667,0.42423649987176193,0.16176407874555898,1.0463360576337393,0.16099148511968944,0.1056820234873519,True,3,EMA_N200_th2_bL3_sL0,18
2015-08-17,2018-08-15,0.32134782935867556,0.9102510104625643,0.3808890174564302,0.18353014149945834,1.1298576348904072,0.16099148511968941,0.13781768785921722,True,3,EMA_N200_th2_bL3_sL0,18
2016-02-17,2019-02-15,0.2892945168794874,0.8309990759604222,0.45681027810979513,0.19989815086267715,1.2088513717514708,0.227917493700466,0.08939636601681022,True,3,EMA_N200_th2_bL3_sL0,18
2016-08-16,2019-08-16,0.2607079997896993,0.7458077930873885,0.4669890810969873,0.1766731465458229,1.024038301056187,0.22791749370046593,0.08403485324387638,True,3,EMA_N200_th2_bL3_sL0,18
2017-02-15,2020-02-18,0.432404597948697,1.054496070910896,0.46698908109698734,0.23079913270737062,1.2889502953917318,0.22791749370046593,0.2016054652413264,True,3,EMA_N200_th2_bL3_sL0,18
2017-08-16,2020-08-17,0.3874227516791027,0.8884236451668478,0.48292014426995516,0.25102274887615894,1.0264328240586256,0.28559372098916475,0.13640000280294373,True,3,EMA_N200_th2_bL3_sL0,18
2018-02-15,2021-02-17,0.44458714319532144,0.9582089001130514,0.4829201442699551,0.27359420115981825,1.082701725449277,0.2855937209891648,0.1709929420355032,True,3,EMA_N200_th2_bL3_sL0,18
2018-08-16,2021-08-17,0.46081295319416893,0.9522150941667633,0.4829201442699551,0.27690617343223045,1.0717849593969857,0.2855937209891647,0.18390677976193848,True,3,EMA_N200_th2_bL3_sL0,18
2019-02-19,2022-02-15,0.5952778708369646,1.0911120348399428,0.4829201442699551,0.28286062701752757,1.1142230393194639,0.28559372098916475,0.31241724381943703,True,3,EMA_N200_th2_bL3_sL0,18
2019-08-19,2022-08-17,0.4883336674093526,1.0146610198670718,0.4829201442699551,0.21156823783987866,0.8452604660236857,0.326543555123403,0.2767654295694739,True,3,EMA_N200_th2_bL3_sL0,18
2020-02-19,2023-02-16,0.1471722935220643,0.5469237979857181,0.5482822688958682,0.09283960407449054,0.45721451375578376,0.35122525674827476,0.054332689447573745,True,3,EMA_N200_th2_bL3_sL0,18
2020-08-18,2023-08-18,0.14983369482635456,0.5515084529423333,0.611079602437602,0.09492348441485876,0.5034759694315706,0.3512252567482747,0.0549102104114958,True,3,EMA_N200_th2_bL3_sL0,18
2021-02-18,2024-02-20,0.14661101758184447,0.5214268052893872,0.611079602437602,0.09430077629917699,0.4934419499260951,0.35122525674827476,0.05231024128266748,True,3,EMA_N200_th2_bL3_sL0,18
2021-08-18,2024-08-20,0.16206073327483073,0.5394059945969809,0.6110796024376018,0.10592063137939833,0.530402272776276,0.3512252567482747,0.05614010189543239,True,3,EMA_N200_th2_bL3_sL0,18
2022-02-16,2025-02-21,0.28908912511949203,0.7944354344780226,0.4200447691035545,0.14685088353605757,0.7068096358087302,0.29566058149729774,0.14223824158343445,True,3,EMA_N200_th2_bL3_sL0,18
2022-08-18,2025-08-22,0.3570873427779049,0.8947404198122805,0.37371953373412226,0.21025654887169765,0.9771148087420922,0.22770816026569357,0.14683079390620724,True,3,EMA_N200_th2_bL3_sL0,18
2023-02-17,2026-02-24,0.4796165682697189,1.0309155570098123,0.37371953373412226,0.27169895432515045,1.312151629571798,0.22770816026569357,0.20791761394456842,True,3,EMA_N200_th2_bL3_sL0,18
2010-02-12,2015-02-13,0.31098350804076147,0.8753648803567148,0.5264685095181741,0.20900221183679957,1.185686621041964,0.16092243186503496,0.1019812962039619,True,5,EMA_N200_th2_bL3_sL0,18
2010-08-13,2015-08-14,0.33189679242142156,0.8929201804362888,0.5264685095181741,0.21215948774264515,1.249993424311084,0.16092243186503502,0.11973730467877641,True,5,EMA_N200_th2_bL3_sL0,18
2011-02-11,2016-02-16,0.17685745426868715,0.6024523618926346,0.5264685095181741,0.12699655480062333,0.7796896836222569,0.16099148511968958,0.049860899468063824,True,5,EMA_N200_th2_bL3_sL0,18
2011-08-12,2016-08-15,0.2640608879527051,0.7715163710671359,0.42423649987176193,0.18474833768468146,1.1117975450740156,0.16099148511968944,0.07931255026802364,True,5,EMA_N200_th2_bL3_sL0,18
2012-02-13,2017-02-14,0.3264901773963875,0.9200548718244297,0.4242364998717618,0.1672795389755033,1.1099425100864924,0.16099148511968944,0.15921063842088423,True,5,EMA_N200_th2_bL3_sL0,18
2012-08-13,2017-08-15,0.37321660759035447,1.027382718263941,0.424236499871762,0.17988124405019645,1.2111935342747773,0.16099148511968947,0.193335363540158,True,5,EMA_N200_th2_bL3_sL0,18
2013-02-14,2018-02-14,0.4964016291587239,1.239032689335529,0.4242364998717618,0.20464938513871078,1.3436612292929488,0.16099148511968944,0.2917522440200131,True,5,EMA_N200_th2_bL3_sL0,18
2013-08-15,2018-08-15,0.473531280451297,1.1362077079624122,0.4242364998717619,0.20216704290851872,1.261805089611185,0.16099148511968944,0.2713642375427783,True,5,EMA_N200_th2_bL3_sL0,18
2014-02-14,2019-02-15,0.22259068621403055,0.6997430848620049,0.45681027810979513,0.15121064236823267,0.9206151242882608,0.22791749370046596,0.07138004384579788,True,5,EMA_N200_th2_bL3_sL0,18
2014-08-15,2019-08-16,0.16197458924382757,0.5773401802520076,0.46698908109698734,0.1488124849422281,0.897405482362217,0.22791749370046596,0.013162104301599475,True,5,EMA_N200_th2_bL3_sL0,18
2015-02-17,2020-02-18,0.2606759390108142,0.7710016955389084,0.46698908109698734,0.18133921961630683,1.0609295263496341,0.2279174937004659,0.07933671939450737,True,5,EMA_N200_th2_bL3_sL0,18
2015-08-17,2020-08-17,0.289694451380603,0.7901008940825617,0.4829201442699551,0.20963943477127112,0.9886256839623289,0.2855937209891647,0.0800550166093319,True,5,EMA_N200_th2_bL3_sL0,18
2016-02-17,2021-02-17,0.5275747373128148,1.0967502429138576,0.48292014426995505,0.2778894061903683,1.255332061693388,0.2855937209891647,0.2496853311224465,True,5,EMA_N200_th2_bL3_sL0,18
2016-08-16,2021-08-17,0.5792267503572399,1.1336743889906187,0.48292014426995516,0.2664237179764837,1.1756250022769401,0.2855937209891647,0.31280303238075624,True,5,EMA_N200_th2_bL3_sL0,18
2017-02-15,2022-02-15,0.44299989130023865,0.9618251445946846,0.48292014426995516,0.23411769184776166,1.0418036833780957,0.2855937209891647,0.208882199452477,True,5,EMA_N200_th2_bL3_sL0,18
2017-08-16,2022-08-17,0.3070646931477188,0.7758058511258918,0.48292014426995516,0.18754459355718023,0.8160629335710836,0.3265435551234029,0.11952009959053855,True,5,EMA_N200_th2_bL3_sL0,18
2018-02-15,2023-02-16,0.182190997955906,0.6056487874288027,0.5482822688958682,0.1367801711049752,0.6347106746407631,0.3512252567482747,0.045410826850930786,True,5,EMA_N200_th2_bL3_sL0,18
2018-08-16,2023-08-18,0.19124147326971652,0.6047724404853323,0.6110796024376017,0.15594282153172112,0.6880363790988601,0.35122525674827476,0.0352986517379954,True,5,EMA_N200_th2_bL3_sL0,18
2019-02-19,2024-02-20,0.41826935426982503,0.9373072246208571,0.6110796024376018,0.20767132126109833,0.8749474409013982,0.35122525674827476,0.2105980330087267,True,5,EMA_N200_th2_bL3_sL0,18
2019-08-19,2024-08-20,0.4814357267670759,1.0279045731364989,0.6110796024376018,0.21399272672920255,0.9026404397223952,0.3512252567482747,0.26744300003787336,True,5,EMA_N200_th2_bL3_sL0,18
2020-02-19,2025-02-21,0.34688846179697874,0.8351986078426206,0.6110796024376018,0.18061131330497737,0.7826187584496881,0.35122525674827476,0.16627714849200137,True,5,EMA_N200_th2_bL3_sL0,18
2020-08-18,2025-08-22,0.2841134668635952,0.76826909232495,0.611079602437602,0.16251335331711525,0.7712506591474291,0.3512252567482747,0.12160011354647993,True,5,EMA_N200_th2_bL3_sL0,18
2021-02-18,2026-02-24,0.19732095061770538,0.6166087519956235,0.611079602437602,0.1351520139808513,0.670213524455228,0.35122525674827476,0.06216893663685408,True,5,EMA_N200_th2_bL3_sL0,18
2010-02-12,2017-02-14,0.2248856142325193,0.7132399605935782,0.5264685095181741,0.1792807398818741,1.0513221219969282,0.16099148511968947,0.0456048743506452,True,7,EMA_N200_th2_bL3_sL0,18
2010-08-13,2017-08-15,0.28254212982377114,0.8201814899550247,0.5264685095181741,0.19523141731841243,1.169320897924018,0.1609914851196894,0.08731071250535871,True,7,EMA_N200_th2_bL3_sL0,18
2011-02-11,2018-02-14,0.28923975308324645,0.8279433880434295,0.5264685095181741,0.17057065851856756,1.0522792467661675,0.16099148511968958,0.11866909456467889,True,7,EMA_N200_th2_bL3_sL0,18
2011-08-12,2018-08-15,0.3878692724474808,0.9960182168674374,0.42423649987176193,0.2017722568632354,1.2397943067274484,0.16099148511968944,0.1860970155842454,True,7,EMA_N200_th2_bL3_sL0,18
2012-02-13,2019-02-15,0.30372713451737776,0.861157989623001,0.4568102781097951,0.16715044568480208,1.0456586560870498,0.22791749370046593,0.13657668883257568,True,7,EMA_N200_th2_bL3_sL0,18
2012-08-13,2019-08-16,0.27332092552578957,0.7999002891758907,0.46698908109698734,0.16962140721513808,1.0541058589409626,0.22791749370046588,0.1036995183106515,True,7,EMA_N200_th2_bL3_sL0,18
2013-02-14,2020-02-18,0.42157596590319013,1.0660387881100457,0.4669890810969873,0.20654175964817867,1.2464947402435391,0.227917493700466,0.21503420625501146,True,7,EMA_N200_th2_bL3_sL0,18
2013-08-15,2020-08-17,0.4038004899363372,0.9629356856839566,0.4829201442699551,0.21560500430275176,1.0729111186146636,0.2855937209891647,0.18819548563358546,True,7,EMA_N200_th2_bL3_sL0,18
2014-02-14,2021-02-17,0.4011092337991162,0.947322548086757,0.48292014426995516,0.21850714402664528,1.0674763165268395,0.2855937209891647,0.18260208977247094,True,7,EMA_N200_th2_bL3_sL0,18
2014-08-15,2021-08-17,0.39696160315618,0.9334496505974436,0.4829201442699551,0.2190493358006016,1.0584773026967476,0.28559372098916475,0.1779122673555784,True,7,EMA_N200_th2_bL3_sL0,18
2015-02-17,2022-02-15,0.31445107442204434,0.8039474089817175,0.4829201442699551,0.19757275075845704,0.9567650361274807,0.2855937209891647,0.1168783236635873,True,7,EMA_N200_th2_bL3_sL0,18
2015-08-17,2022-08-17,0.2619763529420791,0.7318092586993552,0.4829201442699551,0.17674476495963232,0.8341598085609537,0.32654355512340294,0.08523158798244679,True,7,EMA_N200_th2_bL3_sL0,18
2016-02-17,2023-02-16,0.30286271097727324,0.7946035148636559,0.5482822688958682,0.17714506684693143,0.8328212872119863,0.3512252567482747,0.1257176441303418,True,7,EMA_N200_th2_bL3_sL0,18
2016-08-16,2023-08-18,0.3350574821182952,0.8337026238707155,0.6110796024376018,0.1823230415935828,0.8315277762456018,0.3512252567482747,0.1527344405247124,True,7,EMA_N200_th2_bL3_sL0,18
2017-02-15,2024-02-20,0.3653569488012425,0.8824061724931934,0.6110796024376018,0.19518151367133507,0.8793738401662692,0.35122525674827476,0.1701754351299074,True,7,EMA_N200_th2_bL3_sL0,18
2017-08-16,2024-08-20,0.3520124536289735,0.8492134403268496,0.6110796024376017,0.19606965364661444,0.8705854289518034,0.35122525674827465,0.15594279998235905,True,7,EMA_N200_th2_bL3_sL0,18
2018-02-15,2025-02-21,0.31441025293082636,0.8035105619463593,0.6110796024376018,0.18779497776579723,0.8478150608953126,0.3512252567482747,0.12661527516502913,True,7,EMA_N200_th2_bL3_sL0,18
2018-08-16,2025-08-22,0.27603541172993196,0.7390046157475499,0.6110796024376017,0.187901873111729,0.8211603798568582,0.35122525674827476,0.08813353861820294,True,7,EMA_N200_th2_bL3_sL0,18
2019-02-19,2026-02-24,0.3765174706050858,0.8843967291054978,0.6110796024376018,0.20524887348105403,0.8961686685820285,0.35122525674827476,0.17126859712403175,True,7,EMA_N200_th2_bL3_sL0,18
2010-02-12,2020-02-18,0.2858040309469372,0.8223556312747918,0.5264685095181741,0.19511790149629338,1.123574334078953,0.22791749370046596,0.0906861294506438,True,10,EMA_N200_th2_bL3_sL0,18
2010-08-13,2020-08-17,0.313669694658242,0.8371656084793446,0.5264685095181741,0.2118114635702144,1.0892805161550163,0.28559372098916475,0.1018582310880276,True,10,EMA_N200_th2_bL3_sL0,18
2011-02-11,2021-02-17,0.3406413302614353,0.8652213358229056,0.5264685095181741,0.2026783263054459,1.0371535975669444,0.2855937209891647,0.13796300395598937,True,10,EMA_N200_th2_bL3_sL0,18
2011-08-12,2021-08-17,0.41044578929193376,0.9667313414461599,0.48292014426995516,0.22412846436855705,1.1369894720561833,0.2855937209891648,0.18631732492337671,True,10,EMA_N200_th2_bL3_sL0,18
2012-02-13,2022-02-15,0.3857065102874837,0.9339572362993814,0.48292014426995516,0.20085453600993253,1.047637943601768,0.28559372098916475,0.18485197427755118,True,10,EMA_N200_th2_bL3_sL0,18
2012-08-13,2022-08-17,0.34027346612092435,0.8688766696266731,0.4829201442699551,0.18383283823846974,0.930375593384089,0.32654355512340294,0.1564406278824546,True,10,EMA_N200_th2_bL3_sL0,18
2013-02-14,2023-02-16,0.33669451626389435,0.8651389545122423,0.5482822688958682,0.17230502501338285,0.8554162389184947,0.3512252567482747,0.1643894912505115,True,10,EMA_N200_th2_bL3_sL0,18
2013-08-15,2023-08-18,0.32595197298957923,0.8321592774132897,0.6110796024376018,0.17913900541681627,0.8697541463687982,0.35122525674827465,0.14681296757276296,True,10,EMA_N200_th2_bL3_sL0,18
2014-02-14,2024-02-20,0.3174441075490573,0.8267668712170916,0.6110796024376018,0.17925899550463487,0.8760363207085489,0.35122525674827465,0.1381851120444224,True,10,EMA_N200_th2_bL3_sL0,18
2014-08-15,2024-08-20,0.3178931657713102,0.8231737353802302,0.6110796024376018,0.18274060997194574,0.8842458378568583,0.35122525674827465,0.13515255579936447,True,10,EMA_N200_th2_bL3_sL0,18
2015-02-17,2025-02-21,0.30665577803842736,0.8002961348722648,0.6110796024376018,0.18202476930405154,0.8764045545827229,0.35122525674827476,0.12463100873437583,True,10,EMA_N200_th2_bL3_sL0,18
2015-08-17,2025-08-22,0.2905045297734088,0.7787963723043423,0.6110796024376018,0.18689892831349764,0.8760261431268401,0.3512252567482747,0.10360560145991116,True,10,EMA_N200_th2_bL3_sL0,18
2016-02-17,2026-02-24,0.35040924420418196,0.8663839861555933,0.611079602437602,0.20379132195264482,0.957331821411994,0.3512252567482747,0.14661792225153714,True,10,EMA_N200_th2_bL3_sL0,18
2010-02-12,2013-02-13,-0.006341921560079289,0.18274771356924782,0.5859988748483035,0.1692522948338273,0.8998142336764396,0.16092243186503496,-0.1755942163939066,False,3,SMA_N150_th0_bL3_sL-1,19
2010-08-13,2013-08-14,0.11744677173191964,0.47420106389356603,0.5859988748483035,0.21018069548161078,1.1347584666971475,0.16092243186503502,-0.09273392374969114,False,3,SMA_N150_th0_bL3_sL-1,19
2011-02-11,2014-02-13,0.07014941269438979,0.38892905416196727,0.5859988748483035,0.1660166202132931,0.9632809937247421,0.16092243186503496,-0.09586720751890332,False,3,SMA_N150_th0_bL3_sL-1,19
2011-08-12,2014-08-14,0.19920006138829738,0.6395687826957206,0.5859988748483035,0.23440783827154754,1.4006952101671541,0.11637888959980666,-0.035207776883250164,False,3,SMA_N150_th0_bL3_sL-1,19
2012-02-13,2015-02-13,0.2663615763686846,0.8046361707556162,0.5859988748483035,0.20846874672030702,1.436857783236581,0.11637888959980673,0.05789282964837761,True,3,SMA_N150_th0_bL3_sL-1,19
2012-08-13,2015-08-14,0.3704875472384319,1.0074302767357048,0.43431218282778244,0.1975009680441675,1.419011909176831,0.11637888959980656,0.1729865791942644,True,3,SMA_N150_th0_bL3_sL-1,19
2013-02-14,2016-02-16,0.49329178521584915,1.203332085834062,0.2295286100077424,0.152676390260007,0.9860967026702501,0.16099148511968944,0.34061539495584214,True,3,SMA_N150_th0_bL3_sL-1,19
2013-08-15,2016-08-15,0.32779971603104396,0.8756565107551537,0.374103511963823,0.1741613800274977,1.0484903843327693,0.16099148511968944,0.15363833600354626,True,3,SMA_N150_th0_bL3_sL-1,19
2014-02-14,2017-02-14,0.21974218500307008,0.712849170553349,0.37410351196382313,0.14090177667713055,0.9199800271368759,0.16099148511968947,0.07884040832593953,True,3,SMA_N150_th0_bL3_sL-1,19
2014-08-15,2017-08-15,0.26837055496610573,0.8344887500205364,0.3741035119638231,0.15178075867197283,0.9982726438263714,0.16099148511968941,0.11658979629413291,True,3,SMA_N150_th0_bL3_sL-1,19
2015-02-17,2018-02-14,0.31088520462517866,0.9156691345934791,0.37410351196382313,0.16176407874555898,1.0463360576337393,0.16099148511968944,0.14912112587961968,True,3,SMA_N150_th0_bL3_sL-1,19
2015-08-17,2018-08-15,0.3726072331629655,1.0079215806037989,0.357754022605121,0.18353014149945834,1.1298576348904072,0.16099148511968941,0.18907709166350717,True,3,SMA_N150_th0_bL3_sL-1,19
2016-02-17,2019-02-15,0.2517810854579756,0.7470720749450759,0.3906104933927771,0.19989815086267715,1.2088513717514708,0.227917493700466,0.05188293459529847,True,3,SMA_N150_th0_bL3_sL-1,19
2016-08-16,2019-08-16,0.29328964788905587,0.8097520427389729,0.4450106176554957,0.1766731465458229,1.024038301056187,0.22791749370046593,0.11661650134323298,True,3,SMA_N150_th0_bL3_sL-1,19
2017-02-15,2020-02-18,0.4467968022065927,1.0851440533188417,0.4450106176554957,0.23079913270737062,1.2889502953917318,0.22791749370046593,0.21599766949922206,True,3,SMA_N150_th0_bL3_sL-1,19
2017-08-16,2020-08-17,0.26920057512248574,0.7156551942364798,0.6157028372665329,0.25102274887615894,1.0264328240586256,0.28559372098916475,0.0181778262463268,True,3,SMA_N150_th0_bL3_sL-1,19
2018-02-15,2021-02-17,0.3214939936217178,0.7986091976409515,0.6157028372665329,0.27359420115981825,1.082701725449277,0.2855937209891648,0.04789979246189957,True,3,SMA_N150_th0_bL3_sL-1,19
2018-08-16,2021-08-17,0.3576287652174983,0.8196245633988372,0.6157028372665329,0.27690617343223045,1.0717849593969857,0.2855937209891647,0.08072259178526786,True,3,SMA_N150_th0_bL3_sL-1,19
2019-02-19,2022-02-15,0.5540454461635791,1.0314876953273506,0.615702837266533,0.28286062701752757,1.1142230393194639,0.28559372098916475,0.2711848191460515,True,3,SMA_N150_th0_bL3_sL-1,19
2019-08-19,2022-08-17,0.4675396066209805,0.9684810249839884,0.6157028372665327,0.21156823783987866,0.8452604660236857,0.326543555123403,0.2559713687811018,True,3,SMA_N150_th0_bL3_sL-1,19
2020-02-19,2023-02-16,0.22057401679776367,0.6523866363369796,0.6157028372665329,0.09283960407449054,0.45721451375578376,0.35122525674827476,0.12773441272327313,True,3,SMA_N150_th0_bL3_sL-1,19
2020-08-18,2023-08-18,0.43476950622808563,0.9734378291463802,0.3584273483082079,0.09492348441485876,0.5034759694315706,0.3512252567482747,0.3398460218132269,True,3,SMA_N150_th0_bL3_sL-1,19
2021-02-18,2024-02-20,0.39615715117758943,0.9340086682205746,0.35842734830820794,0.09430077629917699,0.4934419499260951,0.35122525674827476,0.30185637487841244,True,3,SMA_N150_th0_bL3_sL-1,19
2021-08-18,2024-08-20,0.3627912896757739,0.8728712447397412,0.3891597525608667,0.10592063137939833,0.530402272776276,0.3512252567482747,0.25687065829637556,True,3,SMA_N150_th0_bL3_sL-1,19
2022-02-16,2025-02-21,0.392570455807312,0.9364786523960199,0.4099243095213324,0.14685088353605757,0.7068096358087302,0.29566058149729774,0.2457195722712544,True,3,SMA_N150_th0_bL3_sL-1,19
2022-08-18,2025-08-22,0.4056099065745833,0.9475822648079948,0.4118668533643632,0.21025654887169765,0.9771148087420922,0.22770816026569357,0.19535335770288564,True,3,SMA_N150_th0_bL3_sL-1,19
2023-02-17,2026-02-24,0.40233841668848647,0.9176903418089851,0.41186685336436313,0.27169895432515045,1.312151629571798,0.22770816026569357,0.130639462363336,True,3,SMA_N150_th0_bL3_sL-1,19
2010-02-12,2015-02-13,0.275033084786505,0.81118603377365,0.5859988748483035,0.20900221183679957,1.185686621041964,0.16092243186503496,0.06603087294970544,True,5,SMA_N150_th0_bL3_sL-1,19
2010-08-13,2015-08-14,0.27980033325837583,0.8025593550085027,0.5859988748483035,0.21215948774264515,1.249993424311084,0.16092243186503502,0.06764084551573069,True,5,SMA_N150_th0_bL3_sL-1,19
2011-02-11,2016-02-16,0.1276578488821507,0.5064109663634482,0.5859988748483035,0.12699655480062333,0.7796896836222569,0.16099148511968958,0.0006612940815273749,True,5,SMA_N150_th0_bL3_sL-1,19
2011-08-12,2016-08-15,0.1498747142324417,0.5432137889198914,0.5859988748483035,0.18474833768468146,1.1117975450740156,0.16099148511968944,-0.034873623452239766,False,5,SMA_N150_th0_bL3_sL-1,19
2012-02-13,2017-02-14,0.19135997821988937,0.6568494084588973,0.5859988748483035,0.1672795389755033,1.1099425100864924,0.16099148511968944,0.024080439244386076,True,5,SMA_N150_th0_bL3_sL-1,19
2012-08-13,2017-08-15,0.32731699468027786,0.9457769233045626,0.43431218282778244,0.17988124405019645,1.2111935342747773,0.16099148511968947,0.1474357506300814,True,5,SMA_N150_th0_bL3_sL-1,19
2013-02-14,2018-02-14,0.5069347636336481,1.263094237599705,0.37410351196382313,0.20464938513871078,1.3436612292929488,0.16099148511968944,0.3022853784949373,True,5,SMA_N150_th0_bL3_sL-1,19
2013-08-15,2018-08-15,0.46990354403685597,1.1346872467893576,0.374103511963823,0.20216704290851872,1.261805089611185,0.16099148511968944,0.26773650112833725,True,5,SMA_N150_th0_bL3_sL-1,19
2014-02-14,2019-02-15,0.23241746258195062,0.7242019268483515,0.3906104933927772,0.15121064236823267,0.9206151242882608,0.22791749370046596,0.08120682021371795,True,5,SMA_N150_th0_bL3_sL-1,19
2014-08-15,2019-08-16,0.19609992424363631,0.6489574273446073,0.4450106176554957,0.1488124849422281,0.897405482362217,0.22791749370046596,0.04728743930140822,True,5,SMA_N150_th0_bL3_sL-1,19
2015-02-17,2020-02-18,0.29414706606950847,0.8395447679300557,0.44501061765549577,0.18133921961630683,1.0609295263496341,0.2279174937004659,0.11280784645320163,True,5,SMA_N150_th0_bL3_sL-1,19
2015-08-17,2020-08-17,0.2627605801746755,0.7384727161318577,0.6157028372665329,0.20963943477127112,0.9886256839623289,0.2855937209891647,0.0531211454034044,True,5,SMA_N150_th0_bL3_sL-1,19
2016-02-17,2021-02-17,0.4213039663174165,0.934770913127596,0.6157028372665327,0.2778894061903683,1.255332061693388,0.2855937209891647,0.14341456012704823,True,5,SMA_N150_th0_bL3_sL-1,19
2016-08-16,2021-08-17,0.49709599809055116,1.0201782972443136,0.6157028372665329,0.2664237179764837,1.1756250022769401,0.2855937209891647,0.23067228011406749,True,5,SMA_N150_th0_bL3_sL-1,19
2017-02-15,2022-02-15,0.42192541624049773,0.9263218168271034,0.6157028372665329,0.23411769184776166,1.0418036833780957,0.2855937209891647,0.18780772439273608,True,5,SMA_N150_th0_bL3_sL-1,19
2017-08-16,2022-08-17,0.3160669859603087,0.7803381547927963,0.6157028372665329,0.18754459355718023,0.8160629335710836,0.3265435551234029,0.12852239240312846,True,5,SMA_N150_th0_bL3_sL-1,19
2018-02-15,2023-02-16,0.23436640647063767,0.6806069720468308,0.6157028372665329,0.1367801711049752,0.6347106746407631,0.3512252567482747,0.09758623536566247,True,5,SMA_N150_th0_bL3_sL-1,19
2018-08-16,2023-08-18,0.3019055594460096,0.7630731538024615,0.6157028372665329,0.15594282153172112,0.6880363790988601,0.35122525674827476,0.1459627379142885,True,5,SMA_N150_th0_bL3_sL-1,19
2019-02-19,2024-02-20,0.511531290555785,1.0296175282015652,0.615702837266533,0.20767132126109833,0.8749474409013982,0.35122525674827476,0.3038599692946866,True,5,SMA_N150_th0_bL3_sL-1,19
2019-08-19,2024-08-20,0.5217420601815883,1.0509967416505082,0.6157028372665327,0.21399272672920255,0.9026404397223952,0.3512252567482747,0.30774933345238575,True,5,SMA_N150_th0_bL3_sL-1,19
2020-02-19,2025-02-21,0.38186941519161666,0.8663972904363588,0.6157028372665329,0.18061131330497737,0.7826187584496881,0.35122525674827476,0.20125810188663928,True,5,SMA_N150_th0_bL3_sL-1,19
2020-08-18,2025-08-22,0.3929275000505703,0.9168397885780146,0.41186685336436313,0.16251335331711525,0.7712506591474291,0.3512252567482747,0.23041414673345506,True,5,SMA_N150_th0_bL3_sL-1,19
2021-02-18,2026-02-24,0.27700165193903814,0.7438988232837995,0.41186685336436324,0.1351520139808513,0.670213524455228,0.35122525674827476,0.14184963795818684,True,5,SMA_N150_th0_bL3_sL-1,19
2010-02-12,2017-02-14,0.2182583775359772,0.7031628883008495,0.5859988748483035,0.1792807398818741,1.0513221219969282,0.16099148511968947,0.038977637654103114,True,7,SMA_N150_th0_bL3_sL-1,19
2010-08-13,2017-08-15,0.2756029428753186,0.8115622577385869,0.5859988748483035,0.19523141731841243,1.169320897924018,0.1609914851196894,0.08037152555690619,True,7,SMA_N150_th0_bL3_sL-1,19
2011-02-11,2018-02-14,0.2298879595990737,0.7229838367128002,0.5859988748483035,0.17057065851856756,1.0522792467661675,0.16099148511968958,0.059317301080506146,True,7,SMA_N150_th0_bL3_sL-1,19
2011-08-12,2018-08-15,0.2883851103570485,0.8215624901817401,0.5859988748483035,0.2017722568632354,1.2397943067274484,0.16099148511968944,0.08661285349381309,True,7,SMA_N150_th0_bL3_sL-1,19
2012-02-13,2019-02-15,0.20829332071117346,0.6821476105227516,0.5859988748483035,0.16715044568480208,1.0456586560870498,0.22791749370046593,0.04114287502637137,True,7,SMA_N150_th0_bL3_sL-1,19
2012-08-13,2019-08-16,0.256434370794558,0.7721631271774987,0.4450106176554957,0.16962140721513808,1.0541058589409626,0.22791749370046588,0.08681296357941992,True,7,SMA_N150_th0_bL3_sL-1,19
2013-02-14,2020-02-18,0.4348446118778231,1.0957218261166857,0.44501061765549577,0.20654175964817867,1.2464947402435391,0.227917493700466,0.22830285222964442,True,7,SMA_N150_th0_bL3_sL-1,19
2013-08-15,2020-08-17,0.35805332833464965,0.8817061170803224,0.6157028372665329,0.21560500430275176,1.0729111186146636,0.2855937209891647,0.1424483240318979,True,7,SMA_N150_th0_bL3_sL-1,19
2014-02-14,2021-02-17,0.3554497750656809,0.8717479509439006,0.6157028372665329,0.21850714402664528,1.0674763165268395,0.2855937209891647,0.1369426310390356,True,7,SMA_N150_th0_bL3_sL-1,19
2014-08-15,2021-08-17,0.3578508813845429,0.869628381086042,0.6157028372665329,0.2190493358006016,1.0584773026967476,0.28559372098916475,0.1388015455839413,True,7,SMA_N150_th0_bL3_sL-1,19
2015-02-17,2022-02-15,0.3196203814294847,0.8068961554132505,0.6157028372665329,0.19757275075845704,0.9567650361274807,0.2855937209891647,0.12204763067102764,True,7,SMA_N150_th0_bL3_sL-1,19
2015-08-17,2022-08-17,0.2977720495448686,0.7809281172338224,0.6157028372665329,0.17674476495963232,0.8341598085609537,0.32654355512340294,0.12102728458523626,True,7,SMA_N150_th0_bL3_sL-1,19
2016-02-17,2023-02-16,0.3258485642876745,0.8101930200817807,0.6157028372665327,0.17714506684693143,0.8328212872119863,0.3512252567482747,0.14870349744074307,True,7,SMA_N150_th0_bL3_sL-1,19
2016-08-16,2023-08-18,0.4128977023425886,0.9295325654441569,0.6157028372665329,0.1823230415935828,0.8315277762456018,0.3512252567482747,0.2305746607490058,True,7,SMA_N150_th0_bL3_sL-1,19
2017-02-15,2024-02-20,0.42989831965340697,0.9558383418494475,0.6157028372665329,0.19518151367133507,0.8793738401662692,0.35122525674827476,0.2347168059820719,True,7,SMA_N150_th0_bL3_sL-1,19
2017-08-16,2024-08-20,0.39332247902318573,0.8935983466929862,0.6157028372665329,0.19606965364661444,0.8705854289518034,0.35122525674827465,0.1972528253765713,True,7,SMA_N150_th0_bL3_sL-1,19
2018-02-15,2025-02-21,0.3444428610950747,0.8355197201713165,0.6157028372665329,0.18779497776579723,0.8478150608953126,0.3512252567482747,0.15664788332927748,True,7,SMA_N150_th0_bL3_sL-1,19
2018-08-16,2025-08-22,0.3105848548748198,0.7798925997451744,0.6157028372665329,0.187901873111729,0.8211603798568582,0.35122525674827476,0.12268298176309078,True,7,SMA_N150_th0_bL3_sL-1,19
2019-02-19,2026-02-24,0.386411435268845,0.8815554835438959,0.615702837266533,0.20524887348105403,0.8961686685820285,0.35122525674827476,0.181162561787791,True,7,SMA_N150_th0_bL3_sL-1,19
2010-02-12,2020-02-18,0.284775120200798,0.8254814229903145,0.5859988748483035,0.19511790149629338,1.123574334078953,0.22791749370046596,0.0896572187045046,True,10,SMA_N150_th0_bL3_sL-1,19
2010-08-13,2020-08-17,0.27421981772399273,0.7658434257176753,0.6157028372665329,0.2118114635702144,1.0892805161550163,0.28559372098916475,0.06240835415377832,True,10,SMA_N150_th0_bL3_sL-1,19
2011-02-11,2021-02-17,0.2629743414113057,0.7385433117474376,0.6157028372665329,0.2026783263054459,1.0371535975669444,0.2855937209891647,0.0602960151058598,True,10,SMA_N150_th0_bL3_sL-1,19
2011-08-12,2021-08-17,0.30982419355905044,0.8065811392465141,0.6157028372665329,0.22412846436855705,1.1369894720561833,0.2855937209891648,0.0856957291904934,True,10,SMA_N150_th0_bL3_sL-1,19
2012-02-13,2022-02-15,0.3036365579072897,0.8028563926972063,0.615702837266533,0.20085453600993253,1.047637943601768,0.28559372098916475,0.10278202189735719,True,10,SMA_N150_th0_bL3_sL-1,19
2012-08-13,2022-08-17,0.32222090204042675,0.8326432436499233,0.6157028372665329,0.18383283823846974,0.930375593384089,0.32654355512340294,0.138388063801957,True,10,SMA_N150_th0_bL3_sL-1,19
2013-02-14,2023-02-16,0.3706583033248989,0.9055339618956251,0.6157028372665329,0.17230502501338285,0.8554162389184947,0.3512252567482747,0.19835327831151606,True,10,SMA_N150_th0_bL3_sL-1,19
2013-08-15,2023-08-18,0.38444250851516615,0.9101301681800257,0.6157028372665329,0.17913900541681627,0.8697541463687982,0.35122525674827465,0.20530350309834988,True,10,SMA_N150_th0_bL3_sL-1,19
2014-02-14,2024-02-20,0.3655059947779753,0.8898484466140282,0.6157028372665329,0.17925899550463487,0.8760363207085489,0.35122525674827465,0.18624699927334043,True,10,SMA_N150_th0_bL3_sL-1,19
2014-08-15,2024-08-20,0.3551579832866105,0.8702127984428215,0.6157028372665329,0.18274060997194574,0.8842458378568583,0.35122525674827465,0.17241737331466478,True,10,SMA_N150_th0_bL3_sL-1,19
2015-02-17,2025-02-21,0.34095589623112676,0.8437420562381979,0.6157028372665329,0.18202476930405154,0.8764045545827229,0.35122525674827476,0.15893112692707523,True,10,SMA_N150_th0_bL3_sL-1,19
2015-08-17,2025-08-22,0.32994594365443786,0.8298126696054584,0.6157028372665329,0.18689892831349764,0.8760261431268401,0.3512252567482747,0.14304701534094022,True,10,SMA_N150_th0_bL3_sL-1,19
2016-02-17,2026-02-24,0.34523684257732623,0.8420907740970807,0.6157028372665327,0.20379132195264482,0.957331821411994,0.3512252567482747,0.1414455206246814,True,10,SMA_N150_th0_bL3_sL-1,19
2010-02-12,2013-02-13,0.026379595680493306,0.2651124235672611,0.22786618802944927,0.1692522948338273,0.8998142336764396,0.16092243186503496,-0.142872699153334,False,3,SMA_N150_th2_bL1_sL0,20
2010-08-13,2013-08-14,0.07109452651385517,0.5613121791912217,0.22786618802944927,0.21018069548161078,1.1347584666971475,0.16092243186503502,-0.1390861689677556,False,3,SMA_N150_th2_bL1_sL0,20
2011-02-11,2014-02-13,0.05623623742660966,0.4755815799082254,0.2278661880294493,0.1660166202132931,0.9632809937247421,0.16092243186503496,-0.10978038278668345,False,3,SMA_N150_th2_bL1_sL0,20
2011-08-12,2014-08-14,0.13842346527076455,1.0291334634030882,0.12777043595707044,0.23440783827154754,1.4006952101671541,0.11637888959980666,-0.095984373000783,False,3,SMA_N150_th2_bL1_sL0,20
2012-02-13,2015-02-13,0.18032006686714896,1.306719609772182,0.1148864468865531,0.20846874672030702,1.436857783236581,0.11637888959980673,-0.028148679853158054,False,3,SMA_N150_th2_bL1_sL0,20
2012-08-13,2015-08-14,0.1696077590018954,1.2837745616481524,0.1148578613622017,0.1975009680441675,1.419011909176831,0.11637888959980656,-0.027893209042272105,False,3,SMA_N150_th2_bL1_sL0,20
2013-02-14,2016-02-16,0.1409374038810498,1.0465727223298376,0.14242499356173988,0.152676390260007,0.9860967026702501,0.16099148511968944,-0.011738986378957206,False,3,SMA_N150_th2_bL1_sL0,20
2013-08-15,2016-08-15,0.08859360850927955,0.6696346923811657,0.2198746664420186,0.1741613800274977,1.0484903843327693,0.16099148511968944,-0.08556777151821815,False,3,SMA_N150_th2_bL1_sL0,20
2014-02-14,2017-02-14,0.05775782030790322,0.5076624916387299,0.21987466644201856,0.14090177667713055,0.9199800271368759,0.16099148511968947,-0.08314395636922733,False,3,SMA_N150_th2_bL1_sL0,20
2014-08-15,2017-08-15,0.06784398943943759,0.5992464368905747,0.21987466644201867,0.15178075867197283,0.9982726438263714,0.16099148511968941,-0.08393676923253524,False,3,SMA_N150_th2_bL1_sL0,20
2015-02-17,2018-02-14,0.07709976859268619,0.6584177605215692,0.21987466644201864,0.16176407874555898,1.0463360576337393,0.16099148511968944,-0.08466431015287279,False,3,SMA_N150_th2_bL1_sL0,20
2015-08-17,2018-08-15,0.09727961541727792,0.7737761904311539,0.20202202711175998,0.18353014149945834,1.1298576348904072,0.16099148511968941,-0.08625052608218042,False,3,SMA_N150_th2_bL1_sL0,20
2016-02-17,2019-02-15,0.09863310845225892,0.7824193442187302,0.15496250779645218,0.19989815086267715,1.2088513717514708,0.227917493700466,-0.10126504241041823,False,3,SMA_N150_th2_bL1_sL0,20
2016-08-16,2019-08-16,0.13535785775958264,0.9531349888561846,0.1761504983671005,0.1766731465458229,1.024038301056187,0.22791749370046593,-0.041315288786240245,False,3,SMA_N150_th2_bL1_sL0,20
2017-02-15,2020-02-18,0.18758337499680056,1.2677486368105593,0.1761504983671005,0.23079913270737062,1.2889502953917318,0.22791749370046593,-0.04321575771057007,False,3,SMA_N150_th2_bL1_sL0,20
2017-08-16,2020-08-17,0.16926034936942846,0.9740729655424827,0.21242070941405058,0.25102274887615894,1.0264328240586256,0.28559372098916475,-0.08176239950673048,False,3,SMA_N150_th2_bL1_sL0,20
2018-02-15,2021-02-17,0.1903566117728699,1.031219749509652,0.2124207094140506,0.27359420115981825,1.082701725449277,0.2855937209891648,-0.08323758938694836,False,3,SMA_N150_th2_bL1_sL0,20
2018-08-16,2021-08-17,0.19345212531154976,1.0157513637225735,0.2124207094140505,0.27690617343223045,1.0717849593969857,0.2855937209891647,-0.08345404812068069,False,3,SMA_N150_th2_bL1_sL0,20
2019-02-19,2022-02-15,0.24786784483266278,1.2092374065572222,0.2124207094140506,0.28286062701752757,1.1142230393194639,0.28559372098916475,-0.03499278218486479,False,3,SMA_N150_th2_bL1_sL0,20
2019-08-19,2022-08-17,0.20918153989336985,1.1317412648645344,0.21242070941405053,0.21156823783987866,0.8452604660236857,0.326543555123403,-0.002386697946508809,False,3,SMA_N150_th2_bL1_sL0,20
2020-02-19,2023-02-16,0.11349169326943453,0.6910061012148251,0.21242070941405056,0.09283960407449054,0.45721451375578376,0.35122525674827476,0.02065208919494399,True,3,SMA_N150_th2_bL1_sL0,20
2020-08-18,2023-08-18,0.15171557297629024,0.9626675850535878,0.1617469605596805,0.09492348441485876,0.5034759694315706,0.3512252567482747,0.056792088561431475,True,3,SMA_N150_th2_bL1_sL0,20
2021-02-18,2024-02-20,0.12862847544765788,0.8907102575955804,0.16174696055968046,0.09430077629917699,0.4934419499260951,0.35122525674827476,0.034327699148480884,True,3,SMA_N150_th2_bL1_sL0,20
2021-08-18,2024-08-20,0.11664549627928134,0.8124521602997166,0.16174696055968044,0.10592063137939833,0.530402272776276,0.3512252567482747,0.010724864899883002,True,3,SMA_N150_th2_bL1_sL0,20
2022-02-16,2025-02-21,0.14743089665878117,1.0107129883998769,0.1628934702456997,0.14685088353605757,0.7068096358087302,0.29566058149729774,0.0005800131227235994,True,3,SMA_N150_th2_bL1_sL0,20
2022-08-18,2025-08-22,0.16288045146171015,1.0587311919335296,0.16289347024569975,0.21025654887169765,0.9771148087420922,0.22770816026569357,-0.047376097409987494,False,3,SMA_N150_th2_bL1_sL0,20
2023-02-17,2026-02-24,0.19689214115504328,1.1780464814356955,0.16289347024569967,0.27169895432515045,1.312151629571798,0.22770816026569357,-0.07480681317010718,False,3,SMA_N150_th2_bL1_sL0,20
2010-02-12,2015-02-13,0.1181110647728918,0.9157195728664591,0.22786618802944927,0.20900221183679957,1.185686621041964,0.16092243186503496,-0.09089114706390777,False,5,SMA_N150_th2_bL1_sL0,20
2010-08-13,2015-08-14,0.12658290912558656,0.9346265556529522,0.22786618802944927,0.21215948774264515,1.249993424311084,0.16092243186503502,-0.08557657861705859,False,5,SMA_N150_th2_bL1_sL0,20
2011-02-11,2016-02-16,0.05561144484620839,0.46735749742623556,0.2278661880294493,0.12699655480062333,0.7796896836222569,0.16099148511968958,-0.07138510995441494,False,5,SMA_N150_th2_bL1_sL0,20
2011-08-12,2016-08-15,0.07854336569746168,0.632070586161295,0.21987466644201856,0.18474833768468146,1.1117975450740156,0.16099148511968944,-0.10620497198721979,False,5,SMA_N150_th2_bL1_sL0,20
2012-02-13,2017-02-14,0.09984118694808264,0.8065896338693193,0.2198746664420186,0.1672795389755033,1.1099425100864924,0.16099148511968944,-0.06743835202742066,False,5,SMA_N150_th2_bL1_sL0,20
2012-08-13,2017-08-15,0.11171484171897395,0.9174175980099729,0.21987466644201864,0.17988124405019645,1.2111935342747773,0.16099148511968947,-0.06816640233122251,False,5,SMA_N150_th2_bL1_sL0,20
2013-02-14,2018-02-14,0.15120825999175214,1.1611145054968477,0.21987466644201856,0.20464938513871078,1.3436612292929488,0.16099148511968944,-0.053441125146958646,False,5,SMA_N150_th2_bL1_sL0,20
2013-08-15,2018-08-15,0.14883604039426768,1.0698759069784303,0.2198746664420186,0.20216704290851872,1.261805089611185,0.16099148511968944,-0.05333100251425105,False,5,SMA_N150_th2_bL1_sL0,20
2014-02-14,2019-02-15,0.0803867101383493,0.6470667036706089,0.21987466644201856,0.15121064236823267,0.9206151242882608,0.22791749370046596,-0.07082393222988337,False,5,SMA_N150_th2_bL1_sL0,20
2014-08-15,2019-08-16,0.07456692505539331,0.5970854210732512,0.21987466644201867,0.1488124849422281,0.897405482362217,0.22791749370046596,-0.07424555988683479,False,5,SMA_N150_th2_bL1_sL0,20
2015-02-17,2020-02-18,0.10499151890246972,0.8001899286772016,0.21987466644201864,0.18133921961630683,1.0609295263496341,0.2279174937004659,-0.07634770071383712,False,5,SMA_N150_th2_bL1_sL0,20
2015-08-17,2020-08-17,0.1100591111297422,0.7583702002072578,0.21242070941405064,0.20963943477127112,0.9886256839623289,0.2855937209891647,-0.09958032364152891,False,5,SMA_N150_th2_bL1_sL0,20
2016-02-17,2021-02-17,0.1852122907805276,1.1000790949685462,0.21242070941405058,0.2778894061903683,1.255332061693388,0.2855937209891647,-0.0926771154098407,False,5,SMA_N150_th2_bL1_sL0,20
2016-08-16,2021-08-17,0.21611871235598912,1.203221328779025,0.21242070941405053,0.2664237179764837,1.1756250022769401,0.2855937209891647,-0.05030500562049456,False,5,SMA_N150_th2_bL1_sL0,20
2017-02-15,2022-02-15,0.19155294459851824,1.0756341027831073,0.21242070941405056,0.23411769184776166,1.0418036833780957,0.2855937209891647,-0.04256474724924342,False,5,SMA_N150_th2_bL1_sL0,20
2017-08-16,2022-08-17,0.16098728853557698,0.9395324375585977,0.21242070941405058,0.18754459355718023,0.8160629335710836,0.3265435551234029,-0.02655730502160325,False,5,SMA_N150_th2_bL1_sL0,20
2018-02-15,2023-02-16,0.1252352496987159,0.7913493671030742,0.2124207094140506,0.1367801711049752,0.6347106746407631,0.3512252567482747,-0.01154492140625929,False,5,SMA_N150_th2_bL1_sL0,20
2018-08-16,2023-08-18,0.1442032879227373,0.8747157598572997,0.2124207094140505,0.15594282153172112,0.6880363790988601,0.35122525674827476,-0.011739533608983832,False,5,SMA_N150_th2_bL1_sL0,20
2019-02-19,2024-02-20,0.203456855001932,1.1490200960396806,0.2124207094140506,0.20767132126109833,0.8749474409013982,0.35122525674827476,-0.004214466259166327,False,5,SMA_N150_th2_bL1_sL0,20
2019-08-19,2024-08-20,0.19794096189711063,1.1333717007093553,0.21242070941405053,0.21399272672920255,0.9026404397223952,0.3512252567482747,-0.01605176483209192,False,5,SMA_N150_th2_bL1_sL0,20
2020-02-19,2025-02-21,0.16500092722767556,0.9511694983197134,0.21242070941405056,0.18061131330497737,0.7826187584496881,0.35122525674827476,-0.015610386077301808,False,5,SMA_N150_th2_bL1_sL0,20
2020-08-18,2025-08-22,0.15552312068204643,0.9834750105615024,0.16289347024569967,0.16251335331711525,0.7712506591474291,0.3512252567482747,-0.006990232635068816,False,5,SMA_N150_th2_bL1_sL0,20
2021-02-18,2026-02-24,0.12832630601693795,0.8642701318810517,0.16289347024569972,0.1351520139808513,0.670213524455228,0.35122525674827476,-0.006825707963913352,False,5,SMA_N150_th2_bL1_sL0,20
2010-02-12,2017-02-14,0.079705330545917,0.6599735320452432,0.22786618802944927,0.1792807398818741,1.0513221219969282,0.16099148511968947,-0.0995754093359571,False,7,SMA_N150_th2_bL1_sL0,20
2010-08-13,2017-08-15,0.09817669604961843,0.7753019983424262,0.22786618802944927,0.19523141731841243,1.169320897924018,0.1609914851196894,-0.097054721268794,False,7,SMA_N150_th2_bL1_sL0,20
2011-02-11,2018-02-14,0.08626066084207529,0.6919251653733561,0.2278661880294493,0.17057065851856756,1.0522792467661675,0.16099148511968958,-0.08430999767649228,False,7,SMA_N150_th2_bL1_sL0,20
2011-08-12,2018-08-15,0.12381323929402321,0.9274348800731449,0.21987466644201856,0.2017722568632354,1.2397943067274484,0.16099148511968944,-0.0779590175692122,False,7,SMA_N150_th2_bL1_sL0,20
2012-02-13,2019-02-15,0.10420852748145149,0.8152447218272594,0.2198746664420186,0.16715044568480208,1.0456586560870498,0.22791749370046593,-0.0629419182033506,False,7,SMA_N150_th2_bL1_sL0,20
2012-08-13,2019-08-16,0.10392900581582531,0.8079479040173441,0.21987466644201864,0.16962140721513808,1.0541058589409626,0.22791749370046588,-0.06569240139931276,False,7,SMA_N150_th2_bL1_sL0,20
2013-02-14,2020-02-18,0.1503276955558086,1.1003967951444107,0.21987466644201856,0.20654175964817867,1.2464947402435391,0.227917493700466,-0.056214064092370064,False,7,SMA_N150_th2_bL1_sL0,20
2013-08-15,2020-08-17,0.14326957640682925,0.9509149968681775,0.2198746664420186,0.21560500430275176,1.0729111186146636,0.2855937209891647,-0.07233542789592251,False,7,SMA_N150_th2_bL1_sL0,20
2014-02-14,2021-02-17,0.14599902227211015,0.9364110559912061,0.21987466644201856,0.21850714402664528,1.0674763165268395,0.2855937209891647,-0.07250812175453514,False,7,SMA_N150_th2_bL1_sL0,20
2014-08-15,2021-08-17,0.14650895054449142,0.9223803871968007,0.21987466644201867,0.2190493358006016,1.0584773026967476,0.28559372098916475,-0.07254038525611017,False,7,SMA_N150_th2_bL1_sL0,20
2015-02-17,2022-02-15,0.13068930369784604,0.8288308525902048,0.21987466644201864,0.19757275075845704,0.9567650361274807,0.2855937209891647,-0.066883447060611,False,7,SMA_N150_th2_bL1_sL0,20
2015-08-17,2022-08-17,0.12097197347429534,0.7969153765419481,0.21242070941405064,0.17674476495963232,0.8341598085609537,0.32654355512340294,-0.05577279148533698,False,7,SMA_N150_th2_bL1_sL0,20
2016-02-17,2023-02-16,0.13994825331437744,0.9033760928915242,0.21242070941405058,0.17714506684693143,0.8328212872119863,0.3512252567482747,-0.037196813532553996,False,7,SMA_N150_th2_bL1_sL0,20
2016-08-16,2023-08-18,0.17373573821345922,1.0576577815566515,0.21242070941405053,0.1823230415935828,0.8315277762456018,0.3512252567482747,-0.00858730338012359,False,7,SMA_N150_th2_bL1_sL0,20
2017-02-15,2024-02-20,0.17654282183848347,1.0680579299779995,0.21242070941405056,0.19518151367133507,0.8793738401662692,0.35122525674827476,-0.018638691832851606,False,7,SMA_N150_th2_bL1_sL0,20
2017-08-16,2024-08-20,0.16675761752329876,0.993022028032186,0.21242070941405058,0.19606965364661444,0.8705854289518034,0.35122525674827465,-0.029312036123315677,False,7,SMA_N150_th2_bL1_sL0,20
2018-02-15,2025-02-21,0.15868572882764886,0.9569447843289245,0.2124207094140506,0.18779497776579723,0.8478150608953126,0.3512252567482747,-0.02910924893814837,False,7,SMA_N150_th2_bL1_sL0,20
2018-08-16,2025-08-22,0.14905096230072168,0.9125229482964192,0.2124207094140505,0.187901873111729,0.8211603798568582,0.35122525674827476,-0.03885091081100733,False,7,SMA_N150_th2_bL1_sL0,20
2019-02-19,2026-02-24,0.18134673101766063,1.0625019066977381,0.2124207094140506,0.20524887348105403,0.8961686685820285,0.35122525674827476,-0.023902142463393394,False,7,SMA_N150_th2_bL1_sL0,20
2010-02-12,2020-02-18,0.11158924024608674,0.8566189643398554,0.22786618802944927,0.19511790149629338,1.123574334078953,0.22791749370046596,-0.08352866125020664,False,10,SMA_N150_th2_bL1_sL0,20
2010-08-13,2020-08-17,0.11916869793030238,0.8393613422895961,0.22786618802944927,0.2118114635702144,1.0892805161550163,0.28559372098916475,-0.09264276563991203,False,10,SMA_N150_th2_bL1_sL0,20
2011-02-11,2021-02-17,0.11848665062689645,0.8085165236412052,0.2278661880294493,0.2026783263054459,1.0371535975669444,0.2855937209891647,-0.08419167567854946,False,10,SMA_N150_th2_bL1_sL0,20
2011-08-12,2021-08-17,0.14457118035521677,0.9467868162712617,0.21987466644201856,0.22412846436855705,1.1369894720561833,0.2855937209891648,-0.07955728401334028,False,10,SMA_N150_th2_bL1_sL0,20
2012-02-13,2022-02-15,0.14539292090544031,0.9504629771675759,0.2198746664420186,0.20085453600993253,1.047637943601768,0.28559372098916475,-0.05546161510449221,False,10,SMA_N150_th2_bL1_sL0,20
2012-08-13,2022-08-17,0.1362235446023934,0.9169868181860331,0.21987466644201864,0.18383283823846974,0.930375593384089,0.32654355512340294,-0.047609293636076355,False,10,SMA_N150_th2_bL1_sL0,20
2013-02-14,2023-02-16,0.14018534472450295,0.9388636755895926,0.21987466644201856,0.17230502501338285,0.8554162389184947,0.3512252567482747,-0.032119680288879904,False,10,SMA_N150_th2_bL1_sL0,20
2013-08-15,2023-08-18,0.14683208267740055,0.95386070046942,0.2198746664420186,0.17913900541681627,0.8697541463687982,0.35122525674827465,-0.03230692273941571,False,10,SMA_N150_th2_bL1_sL0,20
2014-02-14,2024-02-20,0.1402031833959938,0.9228020001278634,0.21987466644201856,0.17925899550463487,0.8760363207085489,0.35122525674827465,-0.039055812108641064,False,10,SMA_N150_th2_bL1_sL0,20
2014-08-15,2024-08-20,0.13631369766880552,0.8908097333735611,0.21987466644201867,0.18274060997194574,0.8842458378568583,0.35122525674827465,-0.04642691230314022,False,10,SMA_N150_th2_bL1_sL0,20
2015-02-17,2025-02-21,0.13562595637589747,0.8778217078271395,0.21987466644201864,0.18202476930405154,0.8764045545827229,0.35122525674827476,-0.046398812928154065,False,10,SMA_N150_th2_bL1_sL0,20
2015-08-17,2025-08-22,0.13359283602612382,0.8729641905145845,0.21242070941405064,0.18689892831349764,0.8760261431268401,0.3512252567482747,-0.05330609228737382,False,10,SMA_N150_th2_bL1_sL0,20
2016-02-17,2026-02-24,0.1558460716144141,0.9866148889266032,0.21242070941405058,0.20379132195264482,0.957331821411994,0.3512252567482747,-0.047945250338230716,False,10,SMA_N150_th2_bL1_sL0,20
